protocol,method,coverage,mean_delta_e00
mixed,ordinary_dispersion,0.003787878787878788,2.702303282997691
mixed,ordinary_dispersion,0.007575757575757576,3.2003099108326203
mixed,ordinary_dispersion,0.011363636363636364,3.0549797466812567
mixed,ordinary_dispersion,0.015151515151515152,2.7490872751599973
mixed,ordinary_dispersion,0.01893939393939394,2.8076006516765375
mixed,ordinary_dispersion,0.022727272727272728,2.7344536937295594
mixed,ordinary_dispersion,0.026515151515151516,2.646112272786927
mixed,ordinary_dispersion,0.030303030303030304,2.4760051346234255
mixed,ordinary_dispersion,0.03409090909090909,2.574185941784529
mixed,ordinary_dispersion,0.03787878787878788,2.6120054388199203
mixed,ordinary_dispersion,0.041666666666666664,2.7374025768947665
mixed,ordinary_dispersion,0.045454545454545456,2.757880674714105
mixed,ordinary_dispersion,0.04924242424242424,2.8060334858635354
mixed,ordinary_dispersion,0.05303030303030303,2.9784903472803443
mixed,ordinary_dispersion,0.056818181818181816,3.1179490140208266
mixed,ordinary_dispersion,0.06060606060606061,3.2192372284933537
mixed,ordinary_dispersion,0.06439393939393939,3.3989504896398812
mixed,ordinary_dispersion,0.06818181818181818,3.4407498688965057
mixed,ordinary_dispersion,0.07196969696969698,3.4709662152344976
mixed,ordinary_dispersion,0.07575757575757576,3.4939377025508462
mixed,ordinary_dispersion,0.07954545454545454,3.506250769555079
mixed,ordinary_dispersion,0.08333333333333333,3.453729380346413
mixed,ordinary_dispersion,0.08712121212121213,3.4231753252687263
mixed,ordinary_dispersion,0.09090909090909091,3.3718404607939143
mixed,ordinary_dispersion,0.0946969696969697,3.3342890145640407
mixed,ordinary_dispersion,0.09848484848484848,3.3095069080821404
mixed,ordinary_dispersion,0.10227272727272728,3.250156205491353
mixed,ordinary_dispersion,0.10606060606060606,3.2136213334546793
mixed,ordinary_dispersion,0.10984848484848485,3.2291044747035715
mixed,ordinary_dispersion,0.11363636363636363,3.2271572774045345
mixed,ordinary_dispersion,0.11742424242424243,3.2623288635008207
mixed,ordinary_dispersion,0.12121212121212122,3.317473133580998
mixed,ordinary_dispersion,0.125,3.3493269006682804
mixed,ordinary_dispersion,0.12878787878787878,3.3611007516113562
mixed,ordinary_dispersion,0.13257575757575757,3.4140365835180813
mixed,ordinary_dispersion,0.13636363636363635,3.463701916847373
mixed,ordinary_dispersion,0.14015151515151514,3.4155407380353293
mixed,ordinary_dispersion,0.14393939393939395,3.4465024844182324
mixed,ordinary_dispersion,0.14772727272727273,3.4138994215926126
mixed,ordinary_dispersion,0.15151515151515152,3.409273111421271
mixed,ordinary_dispersion,0.1553030303030303,3.353367812329924
mixed,ordinary_dispersion,0.1590909090909091,3.4069674884104995
mixed,ordinary_dispersion,0.16287878787878787,3.401486573958554
mixed,ordinary_dispersion,0.16666666666666666,3.4259998248925747
mixed,ordinary_dispersion,0.17045454545454544,3.404321007415703
mixed,ordinary_dispersion,0.17424242424242425,3.4033626798954444
mixed,ordinary_dispersion,0.17803030303030304,3.4217629365997637
mixed,ordinary_dispersion,0.18181818181818182,3.462833235378143
mixed,ordinary_dispersion,0.1856060606060606,3.4855828969817413
mixed,ordinary_dispersion,0.1893939393939394,3.467528071395279
mixed,ordinary_dispersion,0.19318181818181818,3.4455187897699076
mixed,ordinary_dispersion,0.19696969696969696,3.412778668242929
mixed,ordinary_dispersion,0.20075757575757575,3.3954106811816582
mixed,ordinary_dispersion,0.20454545454545456,3.3849871750028364
mixed,ordinary_dispersion,0.20833333333333334,3.4043227620941554
mixed,ordinary_dispersion,0.21212121212121213,3.437003615690718
mixed,ordinary_dispersion,0.2159090909090909,3.4137675815974524
mixed,ordinary_dispersion,0.2196969696969697,3.3959190286678513
mixed,ordinary_dispersion,0.22348484848484848,3.395518509980352
mixed,ordinary_dispersion,0.22727272727272727,3.402740359269331
mixed,ordinary_dispersion,0.23106060606060605,3.3918846470192783
mixed,ordinary_dispersion,0.23484848484848486,3.3994412988528726
mixed,ordinary_dispersion,0.23863636363636365,3.3847689063027784
mixed,ordinary_dispersion,0.24242424242424243,3.3898118253756775
mixed,ordinary_dispersion,0.24621212121212122,3.3734725853350866
mixed,ordinary_dispersion,0.25,3.395137914260603
mixed,ordinary_dispersion,0.2537878787878788,3.411100804182837
mixed,ordinary_dispersion,0.25757575757575757,3.420715972326182
mixed,ordinary_dispersion,0.26136363636363635,3.4242625595832585
mixed,ordinary_dispersion,0.26515151515151514,3.426338703793478
mixed,ordinary_dispersion,0.2689393939393939,3.4192149520425112
mixed,ordinary_dispersion,0.2727272727272727,3.418314631654841
mixed,ordinary_dispersion,0.2765151515151515,3.429002133469373
mixed,ordinary_dispersion,0.2803030303030303,3.4173954090447505
mixed,ordinary_dispersion,0.2840909090909091,3.4106673726841414
mixed,ordinary_dispersion,0.2878787878787879,3.4221903981665562
mixed,ordinary_dispersion,0.2916666666666667,3.446493344224572
mixed,ordinary_dispersion,0.29545454545454547,3.4196430173614645
mixed,ordinary_dispersion,0.29924242424242425,3.4114690101407255
mixed,ordinary_dispersion,0.30303030303030304,3.4276563407984235
mixed,ordinary_dispersion,0.3068181818181818,3.4167269038134105
mixed,ordinary_dispersion,0.3106060606060606,3.4226350999097552
mixed,ordinary_dispersion,0.3143939393939394,3.420120598307762
mixed,ordinary_dispersion,0.3181818181818182,3.429666735587279
mixed,ordinary_dispersion,0.32196969696969696,3.4277879595403076
mixed,ordinary_dispersion,0.32575757575757575,3.425201428323868
mixed,ordinary_dispersion,0.32954545454545453,3.4300712216456404
mixed,ordinary_dispersion,0.3333333333333333,3.4289897271981107
mixed,ordinary_dispersion,0.3371212121212121,3.411826550234947
mixed,ordinary_dispersion,0.3409090909090909,3.4093553476221516
mixed,ordinary_dispersion,0.3446969696969697,3.4191471299422784
mixed,ordinary_dispersion,0.3484848484848485,3.427558777810449
mixed,ordinary_dispersion,0.3522727272727273,3.419058694926926
mixed,ordinary_dispersion,0.3560606060606061,3.404313303822985
mixed,ordinary_dispersion,0.35984848484848486,3.3994405881815157
mixed,ordinary_dispersion,0.36363636363636365,3.38965398289921
mixed,ordinary_dispersion,0.36742424242424243,3.381671446876131
mixed,ordinary_dispersion,0.3712121212121212,3.3728513445328763
mixed,ordinary_dispersion,0.375,3.371222855502628
mixed,ordinary_dispersion,0.3787878787878788,3.364996114534211
mixed,ordinary_dispersion,0.38257575757575757,3.3639207612889996
mixed,ordinary_dispersion,0.38636363636363635,3.3611895741135993
mixed,ordinary_dispersion,0.39015151515151514,3.3533789803820415
mixed,ordinary_dispersion,0.3939393939393939,3.356560596972726
mixed,ordinary_dispersion,0.3977272727272727,3.3406626938123782
mixed,ordinary_dispersion,0.4015151515151515,3.358016698837608
mixed,ordinary_dispersion,0.4053030303030303,3.356024710929533
mixed,ordinary_dispersion,0.4090909090909091,3.3745587757243185
mixed,ordinary_dispersion,0.4128787878787879,3.3737189897853153
mixed,ordinary_dispersion,0.4166666666666667,3.3906833819618494
mixed,ordinary_dispersion,0.42045454545454547,3.399686808317488
mixed,ordinary_dispersion,0.42424242424242425,3.4033352039351605
mixed,ordinary_dispersion,0.42803030303030304,3.401010022145409
mixed,ordinary_dispersion,0.4318181818181818,3.4122941810199747
mixed,ordinary_dispersion,0.4356060606060606,3.433552951465885
mixed,ordinary_dispersion,0.4393939393939394,3.4286256691553962
mixed,ordinary_dispersion,0.4431818181818182,3.4423886542708195
mixed,ordinary_dispersion,0.44696969696969696,3.4561865814608876
mixed,ordinary_dispersion,0.45075757575757575,3.4683144927459932
mixed,ordinary_dispersion,0.45454545454545453,3.4626224081783614
mixed,ordinary_dispersion,0.4583333333333333,3.4530751375902735
mixed,ordinary_dispersion,0.4621212121212121,3.45853588603487
mixed,ordinary_dispersion,0.4659090909090909,3.449785045051138
mixed,ordinary_dispersion,0.4696969696969697,3.4402458071806774
mixed,ordinary_dispersion,0.4734848484848485,3.4522483974274443
mixed,ordinary_dispersion,0.4772727272727273,3.4618762043873654
mixed,ordinary_dispersion,0.4810606060606061,3.4528797305889225
mixed,ordinary_dispersion,0.48484848484848486,3.4556556201508957
mixed,ordinary_dispersion,0.48863636363636365,3.4442182178047673
mixed,ordinary_dispersion,0.49242424242424243,3.448587262253069
mixed,ordinary_dispersion,0.4962121212121212,3.44682955490269
mixed,ordinary_dispersion,0.5,3.431468189773613
mixed,ordinary_dispersion,0.5037878787878788,3.4261280437242605
mixed,ordinary_dispersion,0.5075757575757576,3.4156297358520544
mixed,ordinary_dispersion,0.5113636363636364,3.4175948762941926
mixed,ordinary_dispersion,0.5151515151515151,3.4191986109283525
mixed,ordinary_dispersion,0.5189393939393939,3.4089812314701624
mixed,ordinary_dispersion,0.5227272727272727,3.4003503538671342
mixed,ordinary_dispersion,0.5265151515151515,3.4081602145166623
mixed,ordinary_dispersion,0.5303030303030303,3.42775758664988
mixed,ordinary_dispersion,0.5340909090909091,3.4269404729618365
mixed,ordinary_dispersion,0.5378787878787878,3.4290117874811714
mixed,ordinary_dispersion,0.5416666666666666,3.4321424917709713
mixed,ordinary_dispersion,0.5454545454545454,3.435247813653834
mixed,ordinary_dispersion,0.5492424242424242,3.432220096703506
mixed,ordinary_dispersion,0.553030303030303,3.446250047229388
mixed,ordinary_dispersion,0.5568181818181818,3.4449797367092265
mixed,ordinary_dispersion,0.5606060606060606,3.4462248731372704
mixed,ordinary_dispersion,0.5643939393939394,3.44709675228347
mixed,ordinary_dispersion,0.5681818181818182,3.4562927197468167
mixed,ordinary_dispersion,0.571969696969697,3.4474538220623394
mixed,ordinary_dispersion,0.5757575757575758,3.452057342197565
mixed,ordinary_dispersion,0.5795454545454546,3.4431994137274677
mixed,ordinary_dispersion,0.5833333333333334,3.4540424791633106
mixed,ordinary_dispersion,0.5871212121212122,3.459681462650058
mixed,ordinary_dispersion,0.5909090909090909,3.449626983533847
mixed,ordinary_dispersion,0.5946969696969697,3.448356526268436
mixed,ordinary_dispersion,0.5984848484848485,3.4526592609267293
mixed,ordinary_dispersion,0.6022727272727273,3.444962928088254
mixed,ordinary_dispersion,0.6060606060606061,3.440608299156649
mixed,ordinary_dispersion,0.6098484848484849,3.441529700743675
mixed,ordinary_dispersion,0.6136363636363636,3.440259376385129
mixed,ordinary_dispersion,0.6174242424242424,3.4628108039286203
mixed,ordinary_dispersion,0.6212121212121212,3.4664201926892857
mixed,ordinary_dispersion,0.625,3.4673318836707185
mixed,ordinary_dispersion,0.6287878787878788,3.487934217882506
mixed,ordinary_dispersion,0.6325757575757576,3.4899155436855227
mixed,ordinary_dispersion,0.6363636363636364,3.485511317114242
mixed,ordinary_dispersion,0.6401515151515151,3.4842725319003844
mixed,ordinary_dispersion,0.6439393939393939,3.4772457765344704
mixed,ordinary_dispersion,0.6477272727272727,3.4739099416828005
mixed,ordinary_dispersion,0.6515151515151515,3.4694831174308782
mixed,ordinary_dispersion,0.6553030303030303,3.472626095257309
mixed,ordinary_dispersion,0.6590909090909091,3.466535458905738
mixed,ordinary_dispersion,0.6628787878787878,3.459324806608483
mixed,ordinary_dispersion,0.6666666666666666,3.459287470183941
mixed,ordinary_dispersion,0.6704545454545454,3.4533029657342826
mixed,ordinary_dispersion,0.6742424242424242,3.4531660416598324
mixed,ordinary_dispersion,0.678030303030303,3.460736398716586
mixed,ordinary_dispersion,0.6818181818181818,3.4597097817664744
mixed,ordinary_dispersion,0.6856060606060606,3.456443482318413
mixed,ordinary_dispersion,0.6893939393939394,3.4620874449576537
mixed,ordinary_dispersion,0.6931818181818182,3.454603527121559
mixed,ordinary_dispersion,0.696969696969697,3.4513426003894985
mixed,ordinary_dispersion,0.7007575757575758,3.442592410206146
mixed,ordinary_dispersion,0.7045454545454546,3.432690411090435
mixed,ordinary_dispersion,0.7083333333333334,3.432373896667718
mixed,ordinary_dispersion,0.7121212121212122,3.4347034849265783
mixed,ordinary_dispersion,0.7159090909090909,3.428237086251718
mixed,ordinary_dispersion,0.7196969696969697,3.4296262597536487
mixed,ordinary_dispersion,0.7234848484848485,3.437079354052424
mixed,ordinary_dispersion,0.7272727272727273,3.4339727508625892
mixed,ordinary_dispersion,0.7310606060606061,3.436729333256714
mixed,ordinary_dispersion,0.7348484848484849,3.4373119873301037
mixed,ordinary_dispersion,0.7386363636363636,3.433606136423633
mixed,ordinary_dispersion,0.7424242424242424,3.4470666203792852
mixed,ordinary_dispersion,0.7462121212121212,3.447390903262761
mixed,ordinary_dispersion,0.75,3.4595713444696297
mixed,ordinary_dispersion,0.7537878787878788,3.465100146038844
mixed,ordinary_dispersion,0.7575757575757576,3.4550267601874816
mixed,ordinary_dispersion,0.7613636363636364,3.445683191736881
mixed,ordinary_dispersion,0.7651515151515151,3.444904187462459
mixed,ordinary_dispersion,0.7689393939393939,3.448397572614438
mixed,ordinary_dispersion,0.7727272727272727,3.447288122400412
mixed,ordinary_dispersion,0.7765151515151515,3.445981061615005
mixed,ordinary_dispersion,0.7803030303030303,3.442673866860712
mixed,ordinary_dispersion,0.7840909090909091,3.4529836381531247
mixed,ordinary_dispersion,0.7878787878787878,3.4530608509342673
mixed,ordinary_dispersion,0.7916666666666666,3.4466774427997215
mixed,ordinary_dispersion,0.7954545454545454,3.4427541898957954
mixed,ordinary_dispersion,0.7992424242424242,3.444195630956825
mixed,ordinary_dispersion,0.803030303030303,3.440678354479308
mixed,ordinary_dispersion,0.8068181818181818,3.43233727153617
mixed,ordinary_dispersion,0.8106060606060606,3.426472793683171
mixed,ordinary_dispersion,0.8143939393939394,3.4310861072795316
mixed,ordinary_dispersion,0.8181818181818182,3.4265010687588835
mixed,ordinary_dispersion,0.821969696969697,3.416594261907759
mixed,ordinary_dispersion,0.8257575757575758,3.42693244773197
mixed,ordinary_dispersion,0.8295454545454546,3.427613808524278
mixed,ordinary_dispersion,0.8333333333333334,3.437270183335377
mixed,ordinary_dispersion,0.8371212121212122,3.4343676745622305
mixed,ordinary_dispersion,0.8409090909090909,3.4348497886690965
mixed,ordinary_dispersion,0.8446969696969697,3.435507483820787
mixed,ordinary_dispersion,0.8484848484848485,3.425431284601867
mixed,ordinary_dispersion,0.8522727272727273,3.4239209668808983
mixed,ordinary_dispersion,0.8560606060606061,3.4316405917815267
mixed,ordinary_dispersion,0.8598484848484849,3.431269829836881
mixed,ordinary_dispersion,0.8636363636363636,3.436209897648165
mixed,ordinary_dispersion,0.8674242424242424,3.436585630191034
mixed,ordinary_dispersion,0.8712121212121212,3.4326432354638556
mixed,ordinary_dispersion,0.875,3.4366525086130264
mixed,ordinary_dispersion,0.8787878787878788,3.4314786970134405
mixed,ordinary_dispersion,0.8825757575757576,3.4289758401701818
mixed,ordinary_dispersion,0.8863636363636364,3.433451851919967
mixed,ordinary_dispersion,0.8901515151515151,3.4338690842700585
mixed,ordinary_dispersion,0.8939393939393939,3.4291774612806107
mixed,ordinary_dispersion,0.8977272727272727,3.4235523368861327
mixed,ordinary_dispersion,0.9015151515151515,3.4208608191533934
mixed,ordinary_dispersion,0.9053030303030303,3.421719688097442
mixed,ordinary_dispersion,0.9090909090909091,3.417326018523735
mixed,ordinary_dispersion,0.9128787878787878,3.4155987553611618
mixed,ordinary_dispersion,0.9166666666666666,3.412179543324443
mixed,ordinary_dispersion,0.9204545454545454,3.410027634069094
mixed,ordinary_dispersion,0.9242424242424242,3.421710419245882
mixed,ordinary_dispersion,0.928030303030303,3.4257644347766267
mixed,ordinary_dispersion,0.9318181818181818,3.421309751586257
mixed,ordinary_dispersion,0.9356060606060606,3.423319384868161
mixed,ordinary_dispersion,0.9393939393939394,3.425365460995033
mixed,ordinary_dispersion,0.9431818181818182,3.4230176983685934
mixed,ordinary_dispersion,0.946969696969697,3.4211711427906892
mixed,ordinary_dispersion,0.9507575757575758,3.4150382413859757
mixed,ordinary_dispersion,0.9545454545454546,3.4273343075874947
mixed,ordinary_dispersion,0.9583333333333334,3.431268567778261
mixed,ordinary_dispersion,0.9621212121212122,3.436329591758666
mixed,ordinary_dispersion,0.9659090909090909,3.4336126189903955
mixed,ordinary_dispersion,0.9696969696969697,3.4302842958484026
mixed,ordinary_dispersion,0.9734848484848485,3.4305644641093243
mixed,ordinary_dispersion,0.9772727272727273,3.432441944521598
mixed,ordinary_dispersion,0.9810606060606061,3.434366351091523
mixed,ordinary_dispersion,0.9848484848484849,3.4329666300852
mixed,ordinary_dispersion,0.9886363636363636,3.4348787357368686
mixed,ordinary_dispersion,0.9924242424242424,3.439381152513466
mixed,ordinary_dispersion,0.9962121212121212,3.4416648935810734
mixed,ordinary_dispersion,1.0,3.4405959189021242
mixed,ordinary_gaussian_expected,0.003787878787878788,3.9786080205310257
mixed,ordinary_gaussian_expected,0.007575757575757576,3.2021297636895576
mixed,ordinary_gaussian_expected,0.011363636363636364,3.249270973560701
mixed,ordinary_gaussian_expected,0.015151515151515152,2.927314512273344
mixed,ordinary_gaussian_expected,0.01893939393939394,3.030652427734942
mixed,ordinary_gaussian_expected,0.022727272727272728,3.1213858870086515
mixed,ordinary_gaussian_expected,0.026515151515151516,2.92127104875917
mixed,ordinary_gaussian_expected,0.030303030303030304,3.0810555588347732
mixed,ordinary_gaussian_expected,0.03409090909090909,3.039361398371885
mixed,ordinary_gaussian_expected,0.03787878787878788,2.8336282884284074
mixed,ordinary_gaussian_expected,0.041666666666666664,2.8675869823187834
mixed,ordinary_gaussian_expected,0.045454545454545456,2.9485335287464896
mixed,ordinary_gaussian_expected,0.04924242424242424,2.9490811507787567
mixed,ordinary_gaussian_expected,0.05303030303030303,2.925767232691132
mixed,ordinary_gaussian_expected,0.056818181818181816,2.869232670003664
mixed,ordinary_gaussian_expected,0.06060606060606061,2.8185124267515786
mixed,ordinary_gaussian_expected,0.06439393939393939,2.8013849821322796
mixed,ordinary_gaussian_expected,0.06818181818181818,2.775137171705366
mixed,ordinary_gaussian_expected,0.07196969696969698,2.8057127516053466
mixed,ordinary_gaussian_expected,0.07575757575757576,2.7755967224594227
mixed,ordinary_gaussian_expected,0.07954545454545454,2.8042889622307015
mixed,ordinary_gaussian_expected,0.08333333333333333,2.7702694077902392
mixed,ordinary_gaussian_expected,0.08712121212121213,2.733895903703003
mixed,ordinary_gaussian_expected,0.09090909090909091,2.785049368442403
mixed,ordinary_gaussian_expected,0.0946969696969697,2.789053044043303
mixed,ordinary_gaussian_expected,0.09848484848484848,2.863160251383766
mixed,ordinary_gaussian_expected,0.10227272727272728,2.855781177557829
mixed,ordinary_gaussian_expected,0.10606060606060606,2.8400580553910295
mixed,ordinary_gaussian_expected,0.10984848484848485,2.8224916535466007
mixed,ordinary_gaussian_expected,0.11363636363636363,2.8192639313756094
mixed,ordinary_gaussian_expected,0.11742424242424243,2.849655801145744
mixed,ordinary_gaussian_expected,0.12121212121212122,2.8022220153116764
mixed,ordinary_gaussian_expected,0.125,2.8421516870430668
mixed,ordinary_gaussian_expected,0.12878787878787878,2.824192757368968
mixed,ordinary_gaussian_expected,0.13257575757575757,2.816980076050482
mixed,ordinary_gaussian_expected,0.13636363636363635,2.817052525289878
mixed,ordinary_gaussian_expected,0.14015151515151514,2.8038889924616135
mixed,ordinary_gaussian_expected,0.14393939393939395,2.80378629759052
mixed,ordinary_gaussian_expected,0.14772727272727273,2.800468105371898
mixed,ordinary_gaussian_expected,0.15151515151515152,2.813727133214288
mixed,ordinary_gaussian_expected,0.1553030303030303,2.8739566670113654
mixed,ordinary_gaussian_expected,0.1590909090909091,2.891518513705833
mixed,ordinary_gaussian_expected,0.16287878787878787,2.88225154546024
mixed,ordinary_gaussian_expected,0.16666666666666666,2.8601308410396697
mixed,ordinary_gaussian_expected,0.17045454545454544,2.8371186785137072
mixed,ordinary_gaussian_expected,0.17424242424242425,2.8306579023456457
mixed,ordinary_gaussian_expected,0.17803030303030304,2.8276138259252392
mixed,ordinary_gaussian_expected,0.18181818181818182,2.8369953326588675
mixed,ordinary_gaussian_expected,0.1856060606060606,2.832916427895672
mixed,ordinary_gaussian_expected,0.1893939393939394,2.8454349536034615
mixed,ordinary_gaussian_expected,0.19318181818181818,2.8601584274051732
mixed,ordinary_gaussian_expected,0.19696969696969696,2.870026821650248
mixed,ordinary_gaussian_expected,0.20075757575757575,2.8966598435648216
mixed,ordinary_gaussian_expected,0.20454545454545456,2.9067670760615987
mixed,ordinary_gaussian_expected,0.20833333333333334,2.9107964298601856
mixed,ordinary_gaussian_expected,0.21212121212121213,2.9473800105811634
mixed,ordinary_gaussian_expected,0.2159090909090909,2.9692457173268036
mixed,ordinary_gaussian_expected,0.2196969696969697,2.949014873549588
mixed,ordinary_gaussian_expected,0.22348484848484848,2.945233028345633
mixed,ordinary_gaussian_expected,0.22727272727272727,2.93215245547009
mixed,ordinary_gaussian_expected,0.23106060606060605,2.9409301216097816
mixed,ordinary_gaussian_expected,0.23484848484848486,2.9443673106483303
mixed,ordinary_gaussian_expected,0.23863636363636365,2.9493458230125476
mixed,ordinary_gaussian_expected,0.24242424242424243,2.943954947939306
mixed,ordinary_gaussian_expected,0.24621212121212122,2.9462807393363843
mixed,ordinary_gaussian_expected,0.25,2.9576490079342204
mixed,ordinary_gaussian_expected,0.2537878787878788,2.942581592786411
mixed,ordinary_gaussian_expected,0.25757575757575757,2.9385739443988665
mixed,ordinary_gaussian_expected,0.26136363636363635,2.965349549976219
mixed,ordinary_gaussian_expected,0.26515151515151514,2.945292270524611
mixed,ordinary_gaussian_expected,0.2689393939393939,2.938191729036122
mixed,ordinary_gaussian_expected,0.2727272727272727,2.9235155684182446
mixed,ordinary_gaussian_expected,0.2765151515151515,2.917944209254278
mixed,ordinary_gaussian_expected,0.2803030303030303,2.947836634586371
mixed,ordinary_gaussian_expected,0.2840909090909091,2.950614263275181
mixed,ordinary_gaussian_expected,0.2878787878787879,2.9549492833049205
mixed,ordinary_gaussian_expected,0.2916666666666667,2.952356330072997
mixed,ordinary_gaussian_expected,0.29545454545454547,2.9684773875003727
mixed,ordinary_gaussian_expected,0.29924242424242425,2.9601905540519673
mixed,ordinary_gaussian_expected,0.30303030303030304,2.9688588938089464
mixed,ordinary_gaussian_expected,0.3068181818181818,2.9637489186907136
mixed,ordinary_gaussian_expected,0.3106060606060606,2.9563239595536785
mixed,ordinary_gaussian_expected,0.3143939393939394,2.971461323318818
mixed,ordinary_gaussian_expected,0.3181818181818182,2.978760870682141
mixed,ordinary_gaussian_expected,0.32196969696969696,2.9698327774560824
mixed,ordinary_gaussian_expected,0.32575757575757575,2.9877971156182483
mixed,ordinary_gaussian_expected,0.32954545454545453,2.9971096255553893
mixed,ordinary_gaussian_expected,0.3333333333333333,2.994545957588734
mixed,ordinary_gaussian_expected,0.3371212121212121,2.993378231884986
mixed,ordinary_gaussian_expected,0.3409090909090909,2.97705812580582
mixed,ordinary_gaussian_expected,0.3446969696969697,2.9784684084663104
mixed,ordinary_gaussian_expected,0.3484848484848485,2.9890165395358217
mixed,ordinary_gaussian_expected,0.3522727272727273,2.983485593366422
mixed,ordinary_gaussian_expected,0.3560606060606061,2.9897927696069697
mixed,ordinary_gaussian_expected,0.35984848484848486,3.0004938181799226
mixed,ordinary_gaussian_expected,0.36363636363636365,2.984442006754295
mixed,ordinary_gaussian_expected,0.36742424242424243,2.9811425126494204
mixed,ordinary_gaussian_expected,0.3712121212121212,2.983308487289808
mixed,ordinary_gaussian_expected,0.375,3.013125674867794
mixed,ordinary_gaussian_expected,0.3787878787878788,3.0217866104441495
mixed,ordinary_gaussian_expected,0.38257575757575757,3.010147535151565
mixed,ordinary_gaussian_expected,0.38636363636363635,3.0111058340755226
mixed,ordinary_gaussian_expected,0.39015151515151514,3.010509570431722
mixed,ordinary_gaussian_expected,0.3939393939393939,3.0243159138452493
mixed,ordinary_gaussian_expected,0.3977272727272727,3.0208546825885527
mixed,ordinary_gaussian_expected,0.4015151515151515,3.020613069611919
mixed,ordinary_gaussian_expected,0.4053030303030303,3.0380500275325955
mixed,ordinary_gaussian_expected,0.4090909090909091,3.0449667817963366
mixed,ordinary_gaussian_expected,0.4128787878787879,3.0575460167525605
mixed,ordinary_gaussian_expected,0.4166666666666667,3.060048794964551
mixed,ordinary_gaussian_expected,0.42045454545454547,3.047255629198334
mixed,ordinary_gaussian_expected,0.42424242424242425,3.054778104407436
mixed,ordinary_gaussian_expected,0.42803030303030304,3.048278001571756
mixed,ordinary_gaussian_expected,0.4318181818181818,3.0558472788022635
mixed,ordinary_gaussian_expected,0.4356060606060606,3.062381880283887
mixed,ordinary_gaussian_expected,0.4393939393939394,3.055087324636013
mixed,ordinary_gaussian_expected,0.4431818181818182,3.056439113977042
mixed,ordinary_gaussian_expected,0.44696969696969696,3.07182743013626
mixed,ordinary_gaussian_expected,0.45075757575757575,3.076260762897993
mixed,ordinary_gaussian_expected,0.45454545454545453,3.0844107028946706
mixed,ordinary_gaussian_expected,0.4583333333333333,3.0824914183698375
mixed,ordinary_gaussian_expected,0.4621212121212121,3.0890558316831758
mixed,ordinary_gaussian_expected,0.4659090909090909,3.088146293109434
mixed,ordinary_gaussian_expected,0.4696969696969697,3.0923988984660915
mixed,ordinary_gaussian_expected,0.4734848484848485,3.0962961462202117
mixed,ordinary_gaussian_expected,0.4772727272727273,3.083099340234476
mixed,ordinary_gaussian_expected,0.4810606060606061,3.0952663521722283
mixed,ordinary_gaussian_expected,0.48484848484848486,3.101243883838315
mixed,ordinary_gaussian_expected,0.48863636363636365,3.0985347539312187
mixed,ordinary_gaussian_expected,0.49242424242424243,3.0937035294119397
mixed,ordinary_gaussian_expected,0.4962121212121212,3.0852033551524047
mixed,ordinary_gaussian_expected,0.5,3.086488183309818
mixed,ordinary_gaussian_expected,0.5037878787878788,3.089116242447931
mixed,ordinary_gaussian_expected,0.5075757575757576,3.083494823180137
mixed,ordinary_gaussian_expected,0.5113636363636364,3.0776135688699586
mixed,ordinary_gaussian_expected,0.5151515151515151,3.079913110119977
mixed,ordinary_gaussian_expected,0.5189393939393939,3.0801476304688893
mixed,ordinary_gaussian_expected,0.5227272727272727,3.0782159686615755
mixed,ordinary_gaussian_expected,0.5265151515151515,3.0767199313612363
mixed,ordinary_gaussian_expected,0.5303030303030303,3.073253997247757
mixed,ordinary_gaussian_expected,0.5340909090909091,3.0814776660742687
mixed,ordinary_gaussian_expected,0.5378787878787878,3.0818002545038
mixed,ordinary_gaussian_expected,0.5416666666666666,3.078510615333723
mixed,ordinary_gaussian_expected,0.5454545454545454,3.075518690644165
mixed,ordinary_gaussian_expected,0.5492424242424242,3.0825367646411035
mixed,ordinary_gaussian_expected,0.553030303030303,3.0829522170714143
mixed,ordinary_gaussian_expected,0.5568181818181818,3.075051939813818
mixed,ordinary_gaussian_expected,0.5606060606060606,3.0762723000013836
mixed,ordinary_gaussian_expected,0.5643939393939394,3.0839735567110993
mixed,ordinary_gaussian_expected,0.5681818181818182,3.0853486893974114
mixed,ordinary_gaussian_expected,0.571969696969697,3.0842475799066436
mixed,ordinary_gaussian_expected,0.5757575757575758,3.086399457553997
mixed,ordinary_gaussian_expected,0.5795454545454546,3.0808146521603423
mixed,ordinary_gaussian_expected,0.5833333333333334,3.0807688440084227
mixed,ordinary_gaussian_expected,0.5871212121212122,3.086634728969728
mixed,ordinary_gaussian_expected,0.5909090909090909,3.0961229126264818
mixed,ordinary_gaussian_expected,0.5946969696969697,3.0930919606703426
mixed,ordinary_gaussian_expected,0.5984848484848485,3.0903140094985972
mixed,ordinary_gaussian_expected,0.6022727272727273,3.087905993133372
mixed,ordinary_gaussian_expected,0.6060606060606061,3.0877813151420868
mixed,ordinary_gaussian_expected,0.6098484848484849,3.0835299683666357
mixed,ordinary_gaussian_expected,0.6136363636363636,3.0748963177465707
mixed,ordinary_gaussian_expected,0.6174242424242424,3.077044372631821
mixed,ordinary_gaussian_expected,0.6212121212121212,3.0832977884918304
mixed,ordinary_gaussian_expected,0.625,3.0815942933828993
mixed,ordinary_gaussian_expected,0.6287878787878788,3.0845896090257754
mixed,ordinary_gaussian_expected,0.6325757575757576,3.0859238324880347
mixed,ordinary_gaussian_expected,0.6363636363636364,3.0904180407836335
mixed,ordinary_gaussian_expected,0.6401515151515151,3.0944030045580972
mixed,ordinary_gaussian_expected,0.6439393939393939,3.0872812737579665
mixed,ordinary_gaussian_expected,0.6477272727272727,3.08417965098906
mixed,ordinary_gaussian_expected,0.6515151515151515,3.0857818347250334
mixed,ordinary_gaussian_expected,0.6553030303030303,3.0952797778139964
mixed,ordinary_gaussian_expected,0.6590909090909091,3.087189041220977
mixed,ordinary_gaussian_expected,0.6628787878787878,3.083391060011247
mixed,ordinary_gaussian_expected,0.6666666666666666,3.0802082588951407
mixed,ordinary_gaussian_expected,0.6704545454545454,3.0963986127974152
mixed,ordinary_gaussian_expected,0.6742424242424242,3.1004791188078222
mixed,ordinary_gaussian_expected,0.678030303030303,3.1098437839411406
mixed,ordinary_gaussian_expected,0.6818181818181818,3.1127013989883046
mixed,ordinary_gaussian_expected,0.6856060606060606,3.11355771416107
mixed,ordinary_gaussian_expected,0.6893939393939394,3.121352046554506
mixed,ordinary_gaussian_expected,0.6931818181818182,3.128860688433555
mixed,ordinary_gaussian_expected,0.696969696969697,3.128554154193791
mixed,ordinary_gaussian_expected,0.7007575757575758,3.1284434470407625
mixed,ordinary_gaussian_expected,0.7045454545454546,3.1236073553159964
mixed,ordinary_gaussian_expected,0.7083333333333334,3.1263861428138466
mixed,ordinary_gaussian_expected,0.7121212121212122,3.1292987036642668
mixed,ordinary_gaussian_expected,0.7159090909090909,3.135683265430972
mixed,ordinary_gaussian_expected,0.7196969696969697,3.1417797498956688
mixed,ordinary_gaussian_expected,0.7234848484848485,3.1570982189254537
mixed,ordinary_gaussian_expected,0.7272727272727273,3.1552502189764096
mixed,ordinary_gaussian_expected,0.7310606060606061,3.158589843031011
mixed,ordinary_gaussian_expected,0.7348484848484849,3.1558127304274346
mixed,ordinary_gaussian_expected,0.7386363636363636,3.1563297900988623
mixed,ordinary_gaussian_expected,0.7424242424242424,3.167038346228997
mixed,ordinary_gaussian_expected,0.7462121212121212,3.166682597483326
mixed,ordinary_gaussian_expected,0.75,3.1585590363141662
mixed,ordinary_gaussian_expected,0.7537878787878788,3.1594357524763073
mixed,ordinary_gaussian_expected,0.7575757575757576,3.158031611151618
mixed,ordinary_gaussian_expected,0.7613636363636364,3.1603467357766903
mixed,ordinary_gaussian_expected,0.7651515151515151,3.1654013745457927
mixed,ordinary_gaussian_expected,0.7689393939393939,3.1620061380483704
mixed,ordinary_gaussian_expected,0.7727272727272727,3.167140634760059
mixed,ordinary_gaussian_expected,0.7765151515151515,3.185913534309679
mixed,ordinary_gaussian_expected,0.7803030303030303,3.194931494036221
mixed,ordinary_gaussian_expected,0.7840909090909091,3.2106266273098885
mixed,ordinary_gaussian_expected,0.7878787878787878,3.2253186419651203
mixed,ordinary_gaussian_expected,0.7916666666666666,3.230238372804456
mixed,ordinary_gaussian_expected,0.7954545454545454,3.2399520240820565
mixed,ordinary_gaussian_expected,0.7992424242424242,3.252629574354149
mixed,ordinary_gaussian_expected,0.803030303030303,3.2621477767618963
mixed,ordinary_gaussian_expected,0.8068181818181818,3.2654432278320784
mixed,ordinary_gaussian_expected,0.8106060606060606,3.272315760555454
mixed,ordinary_gaussian_expected,0.8143939393939394,3.268063506042902
mixed,ordinary_gaussian_expected,0.8181818181818182,3.2763725080481314
mixed,ordinary_gaussian_expected,0.821969696969697,3.2716528656254824
mixed,ordinary_gaussian_expected,0.8257575757575758,3.278365927672466
mixed,ordinary_gaussian_expected,0.8295454545454546,3.2833447027120783
mixed,ordinary_gaussian_expected,0.8333333333333334,3.2934528481494225
mixed,ordinary_gaussian_expected,0.8371212121212122,3.302322762493884
mixed,ordinary_gaussian_expected,0.8409090909090909,3.3049470323435504
mixed,ordinary_gaussian_expected,0.8446969696969697,3.319464260404527
mixed,ordinary_gaussian_expected,0.8484848484848485,3.3267451339367446
mixed,ordinary_gaussian_expected,0.8522727272727273,3.343435381942046
mixed,ordinary_gaussian_expected,0.8560606060606061,3.3497588688816387
mixed,ordinary_gaussian_expected,0.8598484848484849,3.355181431036019
mixed,ordinary_gaussian_expected,0.8636363636363636,3.362238019686823
mixed,ordinary_gaussian_expected,0.8674242424242424,3.3675138893999965
mixed,ordinary_gaussian_expected,0.8712121212121212,3.3659080510447468
mixed,ordinary_gaussian_expected,0.875,3.3686583865342996
mixed,ordinary_gaussian_expected,0.8787878787878788,3.3634237348711227
mixed,ordinary_gaussian_expected,0.8825757575757576,3.363932205239637
mixed,ordinary_gaussian_expected,0.8863636363636364,3.3634981399317057
mixed,ordinary_gaussian_expected,0.8901515151515151,3.367704597187536
mixed,ordinary_gaussian_expected,0.8939393939393939,3.365456113440466
mixed,ordinary_gaussian_expected,0.8977272727272727,3.364170627259387
mixed,ordinary_gaussian_expected,0.9015151515151515,3.3653282144056686
mixed,ordinary_gaussian_expected,0.9053030303030303,3.359734745012528
mixed,ordinary_gaussian_expected,0.9090909090909091,3.3602291802918196
mixed,ordinary_gaussian_expected,0.9128787878787878,3.3666631980900465
mixed,ordinary_gaussian_expected,0.9166666666666666,3.37414327262591
mixed,ordinary_gaussian_expected,0.9204545454545454,3.377075217348885
mixed,ordinary_gaussian_expected,0.9242424242424242,3.3741882565908106
mixed,ordinary_gaussian_expected,0.928030303030303,3.3775209594471023
mixed,ordinary_gaussian_expected,0.9318181818181818,3.3847359500135745
mixed,ordinary_gaussian_expected,0.9356060606060606,3.3831063841278795
mixed,ordinary_gaussian_expected,0.9393939393939394,3.386373146481126
mixed,ordinary_gaussian_expected,0.9431818181818182,3.3890734883299287
mixed,ordinary_gaussian_expected,0.946969696969697,3.39857954601187
mixed,ordinary_gaussian_expected,0.9507575757575758,3.393210574544421
mixed,ordinary_gaussian_expected,0.9545454545454546,3.3959898315685337
mixed,ordinary_gaussian_expected,0.9583333333333334,3.394217727475963
mixed,ordinary_gaussian_expected,0.9621212121212122,3.412147141172787
mixed,ordinary_gaussian_expected,0.9659090909090909,3.4054976229591944
mixed,ordinary_gaussian_expected,0.9696969696969697,3.409660491067783
mixed,ordinary_gaussian_expected,0.9734848484848485,3.419905175980586
mixed,ordinary_gaussian_expected,0.9772727272727273,3.416682810578829
mixed,ordinary_gaussian_expected,0.9810606060606061,3.4265927771867855
mixed,ordinary_gaussian_expected,0.9848484848484849,3.4334845353397063
mixed,ordinary_gaussian_expected,0.9886363636363636,3.436610892593659
mixed,ordinary_gaussian_expected,0.9924242424242424,3.434790232667162
mixed,ordinary_gaussian_expected,0.9962121212121212,3.435659910987963
mixed,ordinary_gaussian_expected,1.0,3.4405959189021242
mixed,ordinary_gaussian_covariance,0.003787878787878788,2.849147881094167
mixed,ordinary_gaussian_covariance,0.007575757575757576,3.256611894392281
mixed,ordinary_gaussian_covariance,0.011363636363636364,3.236951094989808
mixed,ordinary_gaussian_covariance,0.015151515151515152,3.2337834814250095
mixed,ordinary_gaussian_covariance,0.01893939393939394,3.5120746916295182
mixed,ordinary_gaussian_covariance,0.022727272727272728,3.247309642376887
mixed,ordinary_gaussian_covariance,0.026515151515151516,3.2576513815649384
mixed,ordinary_gaussian_covariance,0.030303030303030304,3.2562516508969708
mixed,ordinary_gaussian_covariance,0.03409090909090909,3.3509465887728602
mixed,ordinary_gaussian_covariance,0.03787878787878788,3.4075954347371806
mixed,ordinary_gaussian_covariance,0.041666666666666664,3.308384569914003
mixed,ordinary_gaussian_covariance,0.045454545454545456,3.2476245813532967
mixed,ordinary_gaussian_covariance,0.04924242424242424,3.2997575931814276
mixed,ordinary_gaussian_covariance,0.05303030303030303,3.291757627447532
mixed,ordinary_gaussian_covariance,0.056818181818181816,3.276935325614751
mixed,ordinary_gaussian_covariance,0.06060606060606061,3.2631361141694484
mixed,ordinary_gaussian_covariance,0.06439393939393939,3.2449442796330374
mixed,ordinary_gaussian_covariance,0.06818181818181818,3.2234291816745118
mixed,ordinary_gaussian_covariance,0.07196969696969698,3.1373707838702387
mixed,ordinary_gaussian_covariance,0.07575757575757576,3.1041910049192616
mixed,ordinary_gaussian_covariance,0.07954545454545454,3.194888704863556
mixed,ordinary_gaussian_covariance,0.08333333333333333,3.133510255669593
mixed,ordinary_gaussian_covariance,0.08712121212121213,3.0916725063175137
mixed,ordinary_gaussian_covariance,0.09090909090909091,3.0922740818438332
mixed,ordinary_gaussian_covariance,0.0946969696969697,3.080185968677828
mixed,ordinary_gaussian_covariance,0.09848484848484848,3.0757130236696
mixed,ordinary_gaussian_covariance,0.10227272727272728,3.0967390275042654
mixed,ordinary_gaussian_covariance,0.10606060606060606,3.09835817107315
mixed,ordinary_gaussian_covariance,0.10984848484848485,3.073724977101134
mixed,ordinary_gaussian_covariance,0.11363636363636363,3.066893306442928
mixed,ordinary_gaussian_covariance,0.11742424242424243,3.036105969702263
mixed,ordinary_gaussian_covariance,0.12121212121212122,3.022226393968648
mixed,ordinary_gaussian_covariance,0.125,2.9849171612961314
mixed,ordinary_gaussian_covariance,0.12878787878787878,2.971729103614399
mixed,ordinary_gaussian_covariance,0.13257575757575757,2.951271358829089
mixed,ordinary_gaussian_covariance,0.13636363636363635,2.919084680548201
mixed,ordinary_gaussian_covariance,0.14015151515151514,2.8948257939206794
mixed,ordinary_gaussian_covariance,0.14393939393939395,2.8896555018925576
mixed,ordinary_gaussian_covariance,0.14772727272727273,2.9058576370135802
mixed,ordinary_gaussian_covariance,0.15151515151515152,2.9282838869800685
mixed,ordinary_gaussian_covariance,0.1553030303030303,2.917335359352235
mixed,ordinary_gaussian_covariance,0.1590909090909091,2.9058916267506594
mixed,ordinary_gaussian_covariance,0.16287878787878787,2.8846346783454933
mixed,ordinary_gaussian_covariance,0.16666666666666666,2.903893218202874
mixed,ordinary_gaussian_covariance,0.17045454545454544,2.9074405748585543
mixed,ordinary_gaussian_covariance,0.17424242424242425,2.926680763902239
mixed,ordinary_gaussian_covariance,0.17803030303030304,2.921691273440201
mixed,ordinary_gaussian_covariance,0.18181818181818182,2.916779622870163
mixed,ordinary_gaussian_covariance,0.1856060606060606,2.969396934984411
mixed,ordinary_gaussian_covariance,0.1893939393939394,2.9418995245950827
mixed,ordinary_gaussian_covariance,0.19318181818181818,2.918909160422503
mixed,ordinary_gaussian_covariance,0.19696969696969696,2.9183664863551613
mixed,ordinary_gaussian_covariance,0.20075757575757575,2.9415021955104295
mixed,ordinary_gaussian_covariance,0.20454545454545456,2.9416915981426706
mixed,ordinary_gaussian_covariance,0.20833333333333334,2.9373988525953876
mixed,ordinary_gaussian_covariance,0.21212121212121213,2.93876956690807
mixed,ordinary_gaussian_covariance,0.2159090909090909,2.9280388941315967
mixed,ordinary_gaussian_covariance,0.2196969696969697,2.9079052181193217
mixed,ordinary_gaussian_covariance,0.22348484848484848,2.9012706042517316
mixed,ordinary_gaussian_covariance,0.22727272727272727,2.916551351080749
mixed,ordinary_gaussian_covariance,0.23106060606060605,2.895873045740627
mixed,ordinary_gaussian_covariance,0.23484848484848486,2.9045299641056084
mixed,ordinary_gaussian_covariance,0.23863636363636365,2.8921326113318866
mixed,ordinary_gaussian_covariance,0.24242424242424243,2.918938376540696
mixed,ordinary_gaussian_covariance,0.24621212121212122,2.9127024371075527
mixed,ordinary_gaussian_covariance,0.25,2.926925376099437
mixed,ordinary_gaussian_covariance,0.2537878787878788,2.9462092639672712
mixed,ordinary_gaussian_covariance,0.25757575757575757,2.9486463174609656
mixed,ordinary_gaussian_covariance,0.26136363636363635,2.9529410575554658
mixed,ordinary_gaussian_covariance,0.26515151515151514,2.949773240874181
mixed,ordinary_gaussian_covariance,0.2689393939393939,2.9388354176004614
mixed,ordinary_gaussian_covariance,0.2727272727272727,2.9630961196852073
mixed,ordinary_gaussian_covariance,0.2765151515151515,2.984003373736757
mixed,ordinary_gaussian_covariance,0.2803030303030303,2.9880479700037434
mixed,ordinary_gaussian_covariance,0.2840909090909091,2.9704577381016306
mixed,ordinary_gaussian_covariance,0.2878787878787879,2.996641496285801
mixed,ordinary_gaussian_covariance,0.2916666666666667,2.994164572812192
mixed,ordinary_gaussian_covariance,0.29545454545454547,3.0058107707831883
mixed,ordinary_gaussian_covariance,0.29924242424242425,2.9889265993902536
mixed,ordinary_gaussian_covariance,0.30303030303030304,2.9750944100926318
mixed,ordinary_gaussian_covariance,0.3068181818181818,2.968197703224733
mixed,ordinary_gaussian_covariance,0.3106060606060606,2.962983604870999
mixed,ordinary_gaussian_covariance,0.3143939393939394,2.9512398217734366
mixed,ordinary_gaussian_covariance,0.3181818181818182,2.9532587752017565
mixed,ordinary_gaussian_covariance,0.32196969696969696,2.9584395691405647
mixed,ordinary_gaussian_covariance,0.32575757575757575,2.9449355556726142
mixed,ordinary_gaussian_covariance,0.32954545454545453,2.9363640219494584
mixed,ordinary_gaussian_covariance,0.3333333333333333,2.950420788165753
mixed,ordinary_gaussian_covariance,0.3371212121212121,2.9413992007274774
mixed,ordinary_gaussian_covariance,0.3409090909090909,2.937437954065745
mixed,ordinary_gaussian_covariance,0.3446969696969697,2.9440740798886864
mixed,ordinary_gaussian_covariance,0.3484848484848485,2.9428303499671977
mixed,ordinary_gaussian_covariance,0.3522727272727273,2.9702518224096774
mixed,ordinary_gaussian_covariance,0.3560606060606061,2.980903393704764
mixed,ordinary_gaussian_covariance,0.35984848484848486,2.9762024605888215
mixed,ordinary_gaussian_covariance,0.36363636363636365,2.9703536087730473
mixed,ordinary_gaussian_covariance,0.36742424242424243,2.9728825454099073
mixed,ordinary_gaussian_covariance,0.3712121212121212,2.96800716750381
mixed,ordinary_gaussian_covariance,0.375,2.995154443888748
mixed,ordinary_gaussian_covariance,0.3787878787878788,3.003838875779008
mixed,ordinary_gaussian_covariance,0.38257575757575757,2.995018557978309
mixed,ordinary_gaussian_covariance,0.38636363636363635,2.988965554590166
mixed,ordinary_gaussian_covariance,0.39015151515151514,2.9927600813463173
mixed,ordinary_gaussian_covariance,0.3939393939393939,2.9869385814546825
mixed,ordinary_gaussian_covariance,0.3977272727272727,2.9766521737987994
mixed,ordinary_gaussian_covariance,0.4015151515151515,2.995718526494548
mixed,ordinary_gaussian_covariance,0.4053030303030303,2.9898624560931224
mixed,ordinary_gaussian_covariance,0.4090909090909091,2.9846401955882125
mixed,ordinary_gaussian_covariance,0.4128787878787879,2.9907152773511307
mixed,ordinary_gaussian_covariance,0.4166666666666667,2.9907289707512574
mixed,ordinary_gaussian_covariance,0.42045454545454547,3.0043063323351675
mixed,ordinary_gaussian_covariance,0.42424242424242425,3.005685535735307
mixed,ordinary_gaussian_covariance,0.42803030303030304,3.0047330062505098
mixed,ordinary_gaussian_covariance,0.4318181818181818,3.008456076962318
mixed,ordinary_gaussian_covariance,0.4356060606060606,3.004855907709748
mixed,ordinary_gaussian_covariance,0.4393939393939394,3.0118816672145985
mixed,ordinary_gaussian_covariance,0.4431818181818182,3.0060921171792647
mixed,ordinary_gaussian_covariance,0.44696969696969696,3.0129707471706677
mixed,ordinary_gaussian_covariance,0.45075757575757575,3.0218904139422036
mixed,ordinary_gaussian_covariance,0.45454545454545453,3.022478274053498
mixed,ordinary_gaussian_covariance,0.4583333333333333,3.0145716392147417
mixed,ordinary_gaussian_covariance,0.4621212121212121,3.0201109136963673
mixed,ordinary_gaussian_covariance,0.4659090909090909,3.0213114205417866
mixed,ordinary_gaussian_covariance,0.4696969696969697,3.024648496799356
mixed,ordinary_gaussian_covariance,0.4734848484848485,3.0301421246221274
mixed,ordinary_gaussian_covariance,0.4772727272727273,3.0412731237866684
mixed,ordinary_gaussian_covariance,0.4810606060606061,3.0414739920060057
mixed,ordinary_gaussian_covariance,0.48484848484848486,3.0362530567747417
mixed,ordinary_gaussian_covariance,0.48863636363636365,3.0400259791198514
mixed,ordinary_gaussian_covariance,0.49242424242424243,3.045630208582393
mixed,ordinary_gaussian_covariance,0.4962121212121212,3.058500197216262
mixed,ordinary_gaussian_covariance,0.5,3.058428137448574
mixed,ordinary_gaussian_covariance,0.5037878787878788,3.058470084325984
mixed,ordinary_gaussian_covariance,0.5075757575757576,3.0697241828308144
mixed,ordinary_gaussian_covariance,0.5113636363636364,3.0808836275995373
mixed,ordinary_gaussian_covariance,0.5151515151515151,3.0764733031050877
mixed,ordinary_gaussian_covariance,0.5189393939393939,3.0695604656757527
mixed,ordinary_gaussian_covariance,0.5227272727272727,3.069287898288185
mixed,ordinary_gaussian_covariance,0.5265151515151515,3.066665828576608
mixed,ordinary_gaussian_covariance,0.5303030303030303,3.0640070952696132
mixed,ordinary_gaussian_covariance,0.5340909090909091,3.068441268746799
mixed,ordinary_gaussian_covariance,0.5378787878787878,3.072221210232945
mixed,ordinary_gaussian_covariance,0.5416666666666666,3.0786641729025432
mixed,ordinary_gaussian_covariance,0.5454545454545454,3.083263889420571
mixed,ordinary_gaussian_covariance,0.5492424242424242,3.0865999533037596
mixed,ordinary_gaussian_covariance,0.553030303030303,3.0885322393025842
mixed,ordinary_gaussian_covariance,0.5568181818181818,3.085919951953221
mixed,ordinary_gaussian_covariance,0.5606060606060606,3.079775970414026
mixed,ordinary_gaussian_covariance,0.5643939393939394,3.078635640089478
mixed,ordinary_gaussian_covariance,0.5681818181818182,3.085454084951594
mixed,ordinary_gaussian_covariance,0.571969696969697,3.0986136485261384
mixed,ordinary_gaussian_covariance,0.5757575757575758,3.1031322480270305
mixed,ordinary_gaussian_covariance,0.5795454545454546,3.1225271943113118
mixed,ordinary_gaussian_covariance,0.5833333333333334,3.115879074178245
mixed,ordinary_gaussian_covariance,0.5871212121212122,3.1118660744459707
mixed,ordinary_gaussian_covariance,0.5909090909090909,3.1125339813729966
mixed,ordinary_gaussian_covariance,0.5946969696969697,3.0998412819984913
mixed,ordinary_gaussian_covariance,0.5984848484848485,3.10930876276006
mixed,ordinary_gaussian_covariance,0.6022727272727273,3.1066282226998525
mixed,ordinary_gaussian_covariance,0.6060606060606061,3.1025330547745598
mixed,ordinary_gaussian_covariance,0.6098484848484849,3.114101319981682
mixed,ordinary_gaussian_covariance,0.6136363636363636,3.1162580509220628
mixed,ordinary_gaussian_covariance,0.6174242424242424,3.1233736874253246
mixed,ordinary_gaussian_covariance,0.6212121212121212,3.129829772874615
mixed,ordinary_gaussian_covariance,0.625,3.131916766253092
mixed,ordinary_gaussian_covariance,0.6287878787878788,3.1479156390047778
mixed,ordinary_gaussian_covariance,0.6325757575757576,3.158151356579692
mixed,ordinary_gaussian_covariance,0.6363636363636364,3.1594510902129493
mixed,ordinary_gaussian_covariance,0.6401515151515151,3.171140834041626
mixed,ordinary_gaussian_covariance,0.6439393939393939,3.173162092723872
mixed,ordinary_gaussian_covariance,0.6477272727272727,3.18256681901318
mixed,ordinary_gaussian_covariance,0.6515151515151515,3.188523829446577
mixed,ordinary_gaussian_covariance,0.6553030303030303,3.1921194181021257
mixed,ordinary_gaussian_covariance,0.6590909090909091,3.186870988493205
mixed,ordinary_gaussian_covariance,0.6628787878787878,3.1957097664299803
mixed,ordinary_gaussian_covariance,0.6666666666666666,3.1956515938245253
mixed,ordinary_gaussian_covariance,0.6704545454545454,3.192905404799662
mixed,ordinary_gaussian_covariance,0.6742424242424242,3.195206138020924
mixed,ordinary_gaussian_covariance,0.678030303030303,3.1965241786342244
mixed,ordinary_gaussian_covariance,0.6818181818181818,3.2022615265682823
mixed,ordinary_gaussian_covariance,0.6856060606060606,3.1969203421304386
mixed,ordinary_gaussian_covariance,0.6893939393939394,3.198900939886741
mixed,ordinary_gaussian_covariance,0.6931818181818182,3.194488748775018
mixed,ordinary_gaussian_covariance,0.696969696969697,3.189314324905967
mixed,ordinary_gaussian_covariance,0.7007575757575758,3.1894823626942146
mixed,ordinary_gaussian_covariance,0.7045454545454546,3.212558744853295
mixed,ordinary_gaussian_covariance,0.7083333333333334,3.210156113339671
mixed,ordinary_gaussian_covariance,0.7121212121212122,3.212970848703467
mixed,ordinary_gaussian_covariance,0.7159090909090909,3.215421054393584
mixed,ordinary_gaussian_covariance,0.7196969696969697,3.2122040979722413
mixed,ordinary_gaussian_covariance,0.7234848484848485,3.211420114460298
mixed,ordinary_gaussian_covariance,0.7272727272727273,3.2171086785688563
mixed,ordinary_gaussian_covariance,0.7310606060606061,3.214287360376353
mixed,ordinary_gaussian_covariance,0.7348484848484849,3.2200024941836816
mixed,ordinary_gaussian_covariance,0.7386363636363636,3.216031916561691
mixed,ordinary_gaussian_covariance,0.7424242424242424,3.228780175939953
mixed,ordinary_gaussian_covariance,0.7462121212121212,3.2239980073476553
mixed,ordinary_gaussian_covariance,0.75,3.224645071563389
mixed,ordinary_gaussian_covariance,0.7537878787878788,3.2187956311228993
mixed,ordinary_gaussian_covariance,0.7575757575757576,3.2171952392856853
mixed,ordinary_gaussian_covariance,0.7613636363636364,3.220214107288992
mixed,ordinary_gaussian_covariance,0.7651515151515151,3.2329726015761437
mixed,ordinary_gaussian_covariance,0.7689393939393939,3.2307617571234633
mixed,ordinary_gaussian_covariance,0.7727272727272727,3.2307848860382182
mixed,ordinary_gaussian_covariance,0.7765151515151515,3.2314318839044898
mixed,ordinary_gaussian_covariance,0.7803030303030303,3.2396088420974394
mixed,ordinary_gaussian_covariance,0.7840909090909091,3.2417009029350097
mixed,ordinary_gaussian_covariance,0.7878787878787878,3.2444911128668346
mixed,ordinary_gaussian_covariance,0.7916666666666666,3.2479484358009336
mixed,ordinary_gaussian_covariance,0.7954545454545454,3.251976593091184
mixed,ordinary_gaussian_covariance,0.7992424242424242,3.260911884361772
mixed,ordinary_gaussian_covariance,0.803030303030303,3.265861512521477
mixed,ordinary_gaussian_covariance,0.8068181818181818,3.2715286097172402
mixed,ordinary_gaussian_covariance,0.8106060606060606,3.2723889878940065
mixed,ordinary_gaussian_covariance,0.8143939393939394,3.266621146187308
mixed,ordinary_gaussian_covariance,0.8181818181818182,3.2720578701830534
mixed,ordinary_gaussian_covariance,0.821969696969697,3.2806003220783038
mixed,ordinary_gaussian_covariance,0.8257575757575758,3.280884034467645
mixed,ordinary_gaussian_covariance,0.8295454545454546,3.286108616690262
mixed,ordinary_gaussian_covariance,0.8333333333333334,3.2943931022355364
mixed,ordinary_gaussian_covariance,0.8371212121212122,3.292631268580148
mixed,ordinary_gaussian_covariance,0.8409090909090909,3.300551779749251
mixed,ordinary_gaussian_covariance,0.8446969696969697,3.2998928210525134
mixed,ordinary_gaussian_covariance,0.8484848484848485,3.311074098730936
mixed,ordinary_gaussian_covariance,0.8522727272727273,3.3179907284928967
mixed,ordinary_gaussian_covariance,0.8560606060606061,3.3233166667954728
mixed,ordinary_gaussian_covariance,0.8598484848484849,3.325540729890595
mixed,ordinary_gaussian_covariance,0.8636363636363636,3.3292182963363923
mixed,ordinary_gaussian_covariance,0.8674242424242424,3.3337128927455804
mixed,ordinary_gaussian_covariance,0.8712121212121212,3.3418603821433472
mixed,ordinary_gaussian_covariance,0.875,3.349367124027621
mixed,ordinary_gaussian_covariance,0.8787878787878788,3.346897765500005
mixed,ordinary_gaussian_covariance,0.8825757575757576,3.340636012796663
mixed,ordinary_gaussian_covariance,0.8863636363636364,3.344838841915754
mixed,ordinary_gaussian_covariance,0.8901515151515151,3.3480891076483097
mixed,ordinary_gaussian_covariance,0.8939393939393939,3.347117429818598
mixed,ordinary_gaussian_covariance,0.8977272727272727,3.348471606165603
mixed,ordinary_gaussian_covariance,0.9015151515151515,3.3510855554256693
mixed,ordinary_gaussian_covariance,0.9053030303030303,3.3577268998170147
mixed,ordinary_gaussian_covariance,0.9090909090909091,3.355995913776097
mixed,ordinary_gaussian_covariance,0.9128787878787878,3.3571293229791315
mixed,ordinary_gaussian_covariance,0.9166666666666666,3.3603254701254044
mixed,ordinary_gaussian_covariance,0.9204545454545454,3.364420280764031
mixed,ordinary_gaussian_covariance,0.9242424242424242,3.3738830750874236
mixed,ordinary_gaussian_covariance,0.928030303030303,3.3748705232599345
mixed,ordinary_gaussian_covariance,0.9318181818181818,3.3690524475250085
mixed,ordinary_gaussian_covariance,0.9356060606060606,3.373600262096112
mixed,ordinary_gaussian_covariance,0.9393939393939394,3.3777954805524804
mixed,ordinary_gaussian_covariance,0.9431818181818182,3.386850459976433
mixed,ordinary_gaussian_covariance,0.946969696969697,3.395696547002622
mixed,ordinary_gaussian_covariance,0.9507575757575758,3.4050857519861935
mixed,ordinary_gaussian_covariance,0.9545454545454546,3.404706571715735
mixed,ordinary_gaussian_covariance,0.9583333333333334,3.405389106065685
mixed,ordinary_gaussian_covariance,0.9621212121212122,3.410601326464007
mixed,ordinary_gaussian_covariance,0.9659090909090909,3.404319916438665
mixed,ordinary_gaussian_covariance,0.9696969696969697,3.4148338937620237
mixed,ordinary_gaussian_covariance,0.9734848484848485,3.419272920207723
mixed,ordinary_gaussian_covariance,0.9772727272727273,3.41676772997783
mixed,ordinary_gaussian_covariance,0.9810606060606061,3.4141416527230937
mixed,ordinary_gaussian_covariance,0.9848484848484849,3.415770244605612
mixed,ordinary_gaussian_covariance,0.9886363636363636,3.426674457953432
mixed,ordinary_gaussian_covariance,0.9924242424242424,3.433217497474215
mixed,ordinary_gaussian_covariance,0.9962121212121212,3.431168543618013
mixed,ordinary_gaussian_covariance,1.0,3.4405959189021247
mixed,ordinary_cross_disagreement,0.003787878787878788,2.848844389928715
mixed,ordinary_cross_disagreement,0.007575757575757576,2.093248046684491
mixed,ordinary_cross_disagreement,0.011363636363636364,2.551151983456722
mixed,ordinary_cross_disagreement,0.015151515151515152,2.8659389723273065
mixed,ordinary_cross_disagreement,0.01893939393939394,2.816679725608857
mixed,ordinary_cross_disagreement,0.022727272727272728,2.702694396802828
mixed,ordinary_cross_disagreement,0.026515151515151516,2.73082760286062
mixed,ordinary_cross_disagreement,0.030303030303030304,3.01058059030494
mixed,ordinary_cross_disagreement,0.03409090909090909,3.0041052494449203
mixed,ordinary_cross_disagreement,0.03787878787878788,3.016499164353792
mixed,ordinary_cross_disagreement,0.041666666666666664,2.935664711206521
mixed,ordinary_cross_disagreement,0.045454545454545456,2.9462624636496817
mixed,ordinary_cross_disagreement,0.04924242424242424,3.047627069536013
mixed,ordinary_cross_disagreement,0.05303030303030303,2.9795305951590283
mixed,ordinary_cross_disagreement,0.056818181818181816,2.957197656688283
mixed,ordinary_cross_disagreement,0.06060606060606061,2.991665784918633
mixed,ordinary_cross_disagreement,0.06439393939393939,2.982782807749768
mixed,ordinary_cross_disagreement,0.06818181818181818,3.0053294836798767
mixed,ordinary_cross_disagreement,0.07196969696969698,3.0462003611601944
mixed,ordinary_cross_disagreement,0.07575757575757576,3.1459112409012313
mixed,ordinary_cross_disagreement,0.07954545454545454,3.07142583329192
mixed,ordinary_cross_disagreement,0.08333333333333333,3.08238599503059
mixed,ordinary_cross_disagreement,0.08712121212121213,3.0695800396311532
mixed,ordinary_cross_disagreement,0.09090909090909091,3.0437166887321925
mixed,ordinary_cross_disagreement,0.0946969696969697,3.0350518686445453
mixed,ordinary_cross_disagreement,0.09848484848484848,2.9847413526241464
mixed,ordinary_cross_disagreement,0.10227272727272728,3.028922065098534
mixed,ordinary_cross_disagreement,0.10606060606060606,3.00846735548548
mixed,ordinary_cross_disagreement,0.10984848484848485,2.969940513403165
mixed,ordinary_cross_disagreement,0.11363636363636363,2.9367390014233976
mixed,ordinary_cross_disagreement,0.11742424242424243,2.920239956141232
mixed,ordinary_cross_disagreement,0.12121212121212122,2.9295289054609
mixed,ordinary_cross_disagreement,0.125,2.9741128356885334
mixed,ordinary_cross_disagreement,0.12878787878787878,2.9999809194933538
mixed,ordinary_cross_disagreement,0.13257575757575757,3.00158088458667
mixed,ordinary_cross_disagreement,0.13636363636363635,3.016527595212079
mixed,ordinary_cross_disagreement,0.14015151515151514,3.064925409553878
mixed,ordinary_cross_disagreement,0.14393939393939395,3.053538101880616
mixed,ordinary_cross_disagreement,0.14772727272727273,3.0803178602208234
mixed,ordinary_cross_disagreement,0.15151515151515152,3.098745032413493
mixed,ordinary_cross_disagreement,0.1553030303030303,3.091738881426021
mixed,ordinary_cross_disagreement,0.1590909090909091,3.1372425031956634
mixed,ordinary_cross_disagreement,0.16287878787878787,3.18888765605019
mixed,ordinary_cross_disagreement,0.16666666666666666,3.173999201693538
mixed,ordinary_cross_disagreement,0.17045454545454544,3.1972644179340697
mixed,ordinary_cross_disagreement,0.17424242424242425,3.1782929241831663
mixed,ordinary_cross_disagreement,0.17803030303030304,3.1693076154852604
mixed,ordinary_cross_disagreement,0.18181818181818182,3.1705963131388217
mixed,ordinary_cross_disagreement,0.1856060606060606,3.199457239519661
mixed,ordinary_cross_disagreement,0.1893939393939394,3.2023902265808375
mixed,ordinary_cross_disagreement,0.19318181818181818,3.244318516761954
mixed,ordinary_cross_disagreement,0.19696969696969696,3.2255495437249966
mixed,ordinary_cross_disagreement,0.20075757575757575,3.2108050844279483
mixed,ordinary_cross_disagreement,0.20454545454545456,3.204242973337653
mixed,ordinary_cross_disagreement,0.20833333333333334,3.2143573830966825
mixed,ordinary_cross_disagreement,0.21212121212121213,3.212260003368948
mixed,ordinary_cross_disagreement,0.2159090909090909,3.187788929002192
mixed,ordinary_cross_disagreement,0.2196969696969697,3.211931742690187
mixed,ordinary_cross_disagreement,0.22348484848484848,3.2098841462698346
mixed,ordinary_cross_disagreement,0.22727272727272727,3.18979431671617
mixed,ordinary_cross_disagreement,0.23106060606060605,3.171405967818293
mixed,ordinary_cross_disagreement,0.23484848484848486,3.1774966267592792
mixed,ordinary_cross_disagreement,0.23863636363636365,3.1883208020329508
mixed,ordinary_cross_disagreement,0.24242424242424243,3.2024386415138983
mixed,ordinary_cross_disagreement,0.24621212121212122,3.215907938647582
mixed,ordinary_cross_disagreement,0.25,3.2258872504713287
mixed,ordinary_cross_disagreement,0.2537878787878788,3.2331551777016325
mixed,ordinary_cross_disagreement,0.25757575757575757,3.236013483837469
mixed,ordinary_cross_disagreement,0.26136363636363635,3.2485534668739557
mixed,ordinary_cross_disagreement,0.26515151515151514,3.250583544460841
mixed,ordinary_cross_disagreement,0.2689393939393939,3.2226720607377133
mixed,ordinary_cross_disagreement,0.2727272727272727,3.2093482919658434
mixed,ordinary_cross_disagreement,0.2765151515151515,3.2242602030122325
mixed,ordinary_cross_disagreement,0.2803030303030303,3.2391947090564117
mixed,ordinary_cross_disagreement,0.2840909090909091,3.242174183093226
mixed,ordinary_cross_disagreement,0.2878787878787879,3.2573552374146204
mixed,ordinary_cross_disagreement,0.2916666666666667,3.2662957573432814
mixed,ordinary_cross_disagreement,0.29545454545454547,3.2693227985178837
mixed,ordinary_cross_disagreement,0.29924242424242425,3.255108350024104
mixed,ordinary_cross_disagreement,0.30303030303030304,3.2517956712033027
mixed,ordinary_cross_disagreement,0.3068181818181818,3.233940613682707
mixed,ordinary_cross_disagreement,0.3106060606060606,3.214868888164377
mixed,ordinary_cross_disagreement,0.3143939393939394,3.205230185243625
mixed,ordinary_cross_disagreement,0.3181818181818182,3.1880875783375893
mixed,ordinary_cross_disagreement,0.32196969696969696,3.1940390326141053
mixed,ordinary_cross_disagreement,0.32575757575757575,3.174258321900092
mixed,ordinary_cross_disagreement,0.32954545454545453,3.1670751248554865
mixed,ordinary_cross_disagreement,0.3333333333333333,3.1760603399370475
mixed,ordinary_cross_disagreement,0.3371212121212121,3.1705647896301854
mixed,ordinary_cross_disagreement,0.3409090909090909,3.1738367972970694
mixed,ordinary_cross_disagreement,0.3446969696969697,3.2007564480459663
mixed,ordinary_cross_disagreement,0.3484848484848485,3.221209342280078
mixed,ordinary_cross_disagreement,0.3522727272727273,3.2006865468338987
mixed,ordinary_cross_disagreement,0.3560606060606061,3.2084967345323974
mixed,ordinary_cross_disagreement,0.35984848484848486,3.228032583498294
mixed,ordinary_cross_disagreement,0.36363636363636365,3.2145064162323536
mixed,ordinary_cross_disagreement,0.36742424242424243,3.2146078057997944
mixed,ordinary_cross_disagreement,0.3712121212121212,3.228825448521109
mixed,ordinary_cross_disagreement,0.375,3.2180426967782716
mixed,ordinary_cross_disagreement,0.3787878787878788,3.2214964912308335
mixed,ordinary_cross_disagreement,0.38257575757575757,3.2246779318478427
mixed,ordinary_cross_disagreement,0.38636363636363635,3.22389855802424
mixed,ordinary_cross_disagreement,0.39015151515151514,3.237011230852778
mixed,ordinary_cross_disagreement,0.3939393939393939,3.233676278798935
mixed,ordinary_cross_disagreement,0.3977272727272727,3.229857927077095
mixed,ordinary_cross_disagreement,0.4015151515151515,3.230235938689733
mixed,ordinary_cross_disagreement,0.4053030303030303,3.2331335636469016
mixed,ordinary_cross_disagreement,0.4090909090909091,3.217910024623525
mixed,ordinary_cross_disagreement,0.4128787878787879,3.2154613585860736
mixed,ordinary_cross_disagreement,0.4166666666666667,3.229428568599865
mixed,ordinary_cross_disagreement,0.42045454545454547,3.2192954422714024
mixed,ordinary_cross_disagreement,0.42424242424242425,3.219559694648423
mixed,ordinary_cross_disagreement,0.42803030303030304,3.227659068828062
mixed,ordinary_cross_disagreement,0.4318181818181818,3.244854953342198
mixed,ordinary_cross_disagreement,0.4356060606060606,3.2442365694762807
mixed,ordinary_cross_disagreement,0.4393939393939394,3.2357080733429044
mixed,ordinary_cross_disagreement,0.4431818181818182,3.2222163927373706
mixed,ordinary_cross_disagreement,0.44696969696969696,3.215611536097731
mixed,ordinary_cross_disagreement,0.45075757575757575,3.2033548092661808
mixed,ordinary_cross_disagreement,0.45454545454545453,3.200210790733227
mixed,ordinary_cross_disagreement,0.4583333333333333,3.194329516392805
mixed,ordinary_cross_disagreement,0.4621212121212121,3.1860295880834824
mixed,ordinary_cross_disagreement,0.4659090909090909,3.18993018432758
mixed,ordinary_cross_disagreement,0.4696969696969697,3.1783336093614003
mixed,ordinary_cross_disagreement,0.4734848484848485,3.182255030107006
mixed,ordinary_cross_disagreement,0.4772727272727273,3.177391783997921
mixed,ordinary_cross_disagreement,0.4810606060606061,3.1957884719034895
mixed,ordinary_cross_disagreement,0.48484848484848486,3.190768389504191
mixed,ordinary_cross_disagreement,0.48863636363636365,3.1955034084868075
mixed,ordinary_cross_disagreement,0.49242424242424243,3.201176083099863
mixed,ordinary_cross_disagreement,0.4962121212121212,3.2060093157582554
mixed,ordinary_cross_disagreement,0.5,3.2147281000631533
mixed,ordinary_cross_disagreement,0.5037878787878788,3.2213152140681296
mixed,ordinary_cross_disagreement,0.5075757575757576,3.2353276244217817
mixed,ordinary_cross_disagreement,0.5113636363636364,3.239458725459921
mixed,ordinary_cross_disagreement,0.5151515151515151,3.232456529411094
mixed,ordinary_cross_disagreement,0.5189393939393939,3.249356224833088
mixed,ordinary_cross_disagreement,0.5227272727272727,3.242512960278803
mixed,ordinary_cross_disagreement,0.5265151515151515,3.2374997088550312
mixed,ordinary_cross_disagreement,0.5303030303030303,3.241701760322373
mixed,ordinary_cross_disagreement,0.5340909090909091,3.234225627751277
mixed,ordinary_cross_disagreement,0.5378787878787878,3.2313912461445153
mixed,ordinary_cross_disagreement,0.5416666666666666,3.2343839719249314
mixed,ordinary_cross_disagreement,0.5454545454545454,3.2333222279232836
mixed,ordinary_cross_disagreement,0.5492424242424242,3.229587283379877
mixed,ordinary_cross_disagreement,0.553030303030303,3.243691017506123
mixed,ordinary_cross_disagreement,0.5568181818181818,3.2435212360365173
mixed,ordinary_cross_disagreement,0.5606060606060606,3.246257693990202
mixed,ordinary_cross_disagreement,0.5643939393939394,3.241339054191626
mixed,ordinary_cross_disagreement,0.5681818181818182,3.2477896992405992
mixed,ordinary_cross_disagreement,0.571969696969697,3.2424394538034047
mixed,ordinary_cross_disagreement,0.5757575757575758,3.243567469634364
mixed,ordinary_cross_disagreement,0.5795454545454546,3.2633992127852545
mixed,ordinary_cross_disagreement,0.5833333333333334,3.2762123999918695
mixed,ordinary_cross_disagreement,0.5871212121212122,3.2740682543535757
mixed,ordinary_cross_disagreement,0.5909090909090909,3.2741120658074063
mixed,ordinary_cross_disagreement,0.5946969696969697,3.2715011365206217
mixed,ordinary_cross_disagreement,0.5984848484848485,3.284696028841522
mixed,ordinary_cross_disagreement,0.6022727272727273,3.2813703269313614
mixed,ordinary_cross_disagreement,0.6060606060606061,3.2874521142659083
mixed,ordinary_cross_disagreement,0.6098484848484849,3.2960773265649514
mixed,ordinary_cross_disagreement,0.6136363636363636,3.295675351263665
mixed,ordinary_cross_disagreement,0.6174242424242424,3.2969933178229134
mixed,ordinary_cross_disagreement,0.6212121212121212,3.2930971458373564
mixed,ordinary_cross_disagreement,0.625,3.28588888218248
mixed,ordinary_cross_disagreement,0.6287878787878788,3.287932685874092
mixed,ordinary_cross_disagreement,0.6325757575757576,3.2865234353412
mixed,ordinary_cross_disagreement,0.6363636363636364,3.2772199974879634
mixed,ordinary_cross_disagreement,0.6401515151515151,3.2763790651961204
mixed,ordinary_cross_disagreement,0.6439393939393939,3.2746874463041706
mixed,ordinary_cross_disagreement,0.6477272727272727,3.2690652600680568
mixed,ordinary_cross_disagreement,0.6515151515151515,3.2659787679100867
mixed,ordinary_cross_disagreement,0.6553030303030303,3.2719093410768125
mixed,ordinary_cross_disagreement,0.6590909090909091,3.2758677614785263
mixed,ordinary_cross_disagreement,0.6628787878787878,3.2745368470834215
mixed,ordinary_cross_disagreement,0.6666666666666666,3.271651788773699
mixed,ordinary_cross_disagreement,0.6704545454545454,3.2703449742866844
mixed,ordinary_cross_disagreement,0.6742424242424242,3.2630683692716502
mixed,ordinary_cross_disagreement,0.678030303030303,3.2708840604335236
mixed,ordinary_cross_disagreement,0.6818181818181818,3.2724041551455016
mixed,ordinary_cross_disagreement,0.6856060606060606,3.2643554010817866
mixed,ordinary_cross_disagreement,0.6893939393939394,3.274047641918212
mixed,ordinary_cross_disagreement,0.6931818181818182,3.2713318096427897
mixed,ordinary_cross_disagreement,0.696969696969697,3.261141242592718
mixed,ordinary_cross_disagreement,0.7007575757575758,3.2626903300033407
mixed,ordinary_cross_disagreement,0.7045454545454546,3.2628469891731164
mixed,ordinary_cross_disagreement,0.7083333333333334,3.254434654246429
mixed,ordinary_cross_disagreement,0.7121212121212122,3.255830844355472
mixed,ordinary_cross_disagreement,0.7159090909090909,3.253008987074066
mixed,ordinary_cross_disagreement,0.7196969696969697,3.2487277621212094
mixed,ordinary_cross_disagreement,0.7234848484848485,3.24823487646144
mixed,ordinary_cross_disagreement,0.7272727272727273,3.250294473501245
mixed,ordinary_cross_disagreement,0.7310606060606061,3.244221004898867
mixed,ordinary_cross_disagreement,0.7348484848484849,3.248757473882584
mixed,ordinary_cross_disagreement,0.7386363636363636,3.2520867138052183
mixed,ordinary_cross_disagreement,0.7424242424242424,3.2539485205811283
mixed,ordinary_cross_disagreement,0.7462121212121212,3.246174639638405
mixed,ordinary_cross_disagreement,0.75,3.256599280610528
mixed,ordinary_cross_disagreement,0.7537878787878788,3.2523246944162523
mixed,ordinary_cross_disagreement,0.7575757575757576,3.261163723181779
mixed,ordinary_cross_disagreement,0.7613636363636364,3.2686996012702108
mixed,ordinary_cross_disagreement,0.7651515151515151,3.2644675735801307
mixed,ordinary_cross_disagreement,0.7689393939393939,3.26563847343499
mixed,ordinary_cross_disagreement,0.7727272727272727,3.2678763707427514
mixed,ordinary_cross_disagreement,0.7765151515151515,3.27224614031532
mixed,ordinary_cross_disagreement,0.7803030303030303,3.2716455905537516
mixed,ordinary_cross_disagreement,0.7840909090909091,3.2778347990406727
mixed,ordinary_cross_disagreement,0.7878787878787878,3.273996435011451
mixed,ordinary_cross_disagreement,0.7916666666666666,3.2705983239421847
mixed,ordinary_cross_disagreement,0.7954545454545454,3.277277036912723
mixed,ordinary_cross_disagreement,0.7992424242424242,3.2829559413987845
mixed,ordinary_cross_disagreement,0.803030303030303,3.2874562643618646
mixed,ordinary_cross_disagreement,0.8068181818181818,3.28568523526561
mixed,ordinary_cross_disagreement,0.8106060606060606,3.288012077669153
mixed,ordinary_cross_disagreement,0.8143939393939394,3.295191811656371
mixed,ordinary_cross_disagreement,0.8181818181818182,3.2941462180931915
mixed,ordinary_cross_disagreement,0.821969696969697,3.3027147914113484
mixed,ordinary_cross_disagreement,0.8257575757575758,3.2969653481669607
mixed,ordinary_cross_disagreement,0.8295454545454546,3.309138527720975
mixed,ordinary_cross_disagreement,0.8333333333333334,3.3107052125582235
mixed,ordinary_cross_disagreement,0.8371212121212122,3.3129093891373085
mixed,ordinary_cross_disagreement,0.8409090909090909,3.307475079343501
mixed,ordinary_cross_disagreement,0.8446969696969697,3.313845446486606
mixed,ordinary_cross_disagreement,0.8484848484848485,3.3204387188544224
mixed,ordinary_cross_disagreement,0.8522727272727273,3.3203042523895427
mixed,ordinary_cross_disagreement,0.8560606060606061,3.3254579757313594
mixed,ordinary_cross_disagreement,0.8598484848484849,3.3304158197441267
mixed,ordinary_cross_disagreement,0.8636363636363636,3.337886052170598
mixed,ordinary_cross_disagreement,0.8674242424242424,3.3303921895430784
mixed,ordinary_cross_disagreement,0.8712121212121212,3.3421799968616974
mixed,ordinary_cross_disagreement,0.875,3.3402812784998663
mixed,ordinary_cross_disagreement,0.8787878787878788,3.342928378762927
mixed,ordinary_cross_disagreement,0.8825757575757576,3.3425413336694643
mixed,ordinary_cross_disagreement,0.8863636363636364,3.3491213450321777
mixed,ordinary_cross_disagreement,0.8901515151515151,3.3525805350208646
mixed,ordinary_cross_disagreement,0.8939393939393939,3.358528676250969
mixed,ordinary_cross_disagreement,0.8977272727272727,3.3609887853335034
mixed,ordinary_cross_disagreement,0.9015151515151515,3.366148347071326
mixed,ordinary_cross_disagreement,0.9053030303030303,3.3603146232941525
mixed,ordinary_cross_disagreement,0.9090909090909091,3.3566168579176257
mixed,ordinary_cross_disagreement,0.9128787878787878,3.356140853425553
mixed,ordinary_cross_disagreement,0.9166666666666666,3.361188116396839
mixed,ordinary_cross_disagreement,0.9204545454545454,3.3653146347542915
mixed,ordinary_cross_disagreement,0.9242424242424242,3.3687392832353713
mixed,ordinary_cross_disagreement,0.928030303030303,3.370707669140293
mixed,ordinary_cross_disagreement,0.9318181818181818,3.3786054140173136
mixed,ordinary_cross_disagreement,0.9356060606060606,3.3852942731343934
mixed,ordinary_cross_disagreement,0.9393939393939394,3.3864304387680306
mixed,ordinary_cross_disagreement,0.9431818181818182,3.3904574688193754
mixed,ordinary_cross_disagreement,0.946969696969697,3.390655246135799
mixed,ordinary_cross_disagreement,0.9507575757575758,3.3945869637063146
mixed,ordinary_cross_disagreement,0.9545454545454546,3.3929274709629578
mixed,ordinary_cross_disagreement,0.9583333333333334,3.3925255134123433
mixed,ordinary_cross_disagreement,0.9621212121212122,3.399512979468303
mixed,ordinary_cross_disagreement,0.9659090909090909,3.412643734118388
mixed,ordinary_cross_disagreement,0.9696969696969697,3.418328156283146
mixed,ordinary_cross_disagreement,0.9734848484848485,3.4182062155512973
mixed,ordinary_cross_disagreement,0.9772727272727273,3.4213053445146624
mixed,ordinary_cross_disagreement,0.9810606060606061,3.421795262911304
mixed,ordinary_cross_disagreement,0.9848484848484849,3.4341395737750062
mixed,ordinary_cross_disagreement,0.9886363636363636,3.4279390047341116
mixed,ordinary_cross_disagreement,0.9924242424242424,3.4307043939583894
mixed,ordinary_cross_disagreement,0.9962121212121212,3.4351273803608158
mixed,ordinary_cross_disagreement,1.0,3.440595918902124
mixed,ordinary_pair_disagreement,0.003787878787878788,4.063329830834227
mixed,ordinary_pair_disagreement,0.007575757575757576,3.234463099458946
mixed,ordinary_pair_disagreement,0.011363636363636364,3.2949446152574278
mixed,ordinary_pair_disagreement,0.015151515151515152,3.3607391742828607
mixed,ordinary_pair_disagreement,0.01893939393939394,3.607963137616405
mixed,ordinary_pair_disagreement,0.022727272727272728,3.5759369865554036
mixed,ordinary_pair_disagreement,0.026515151515151516,3.4239051560121148
mixed,ordinary_pair_disagreement,0.030303030303030304,3.741575236576716
mixed,ordinary_pair_disagreement,0.03409090909090909,3.598188178371947
mixed,ordinary_pair_disagreement,0.03787878787878788,3.577934612154284
mixed,ordinary_pair_disagreement,0.041666666666666664,3.666862087835026
mixed,ordinary_pair_disagreement,0.045454545454545456,3.650791283510472
mixed,ordinary_pair_disagreement,0.04924242424242424,3.7660080233181197
mixed,ordinary_pair_disagreement,0.05303030303030303,3.6229011649744733
mixed,ordinary_pair_disagreement,0.056818181818181816,3.616474247866814
mixed,ordinary_pair_disagreement,0.06060606060606061,3.7089440399501044
mixed,ordinary_pair_disagreement,0.06439393939393939,3.756726904019459
mixed,ordinary_pair_disagreement,0.06818181818181818,3.7686807983243646
mixed,ordinary_pair_disagreement,0.07196969696969698,3.7342794333071
mixed,ordinary_pair_disagreement,0.07575757575757576,3.757059222221511
mixed,ordinary_pair_disagreement,0.07954545454545454,3.7075916131745323
mixed,ordinary_pair_disagreement,0.08333333333333333,3.7414740986922443
mixed,ordinary_pair_disagreement,0.08712121212121213,3.703143521714517
mixed,ordinary_pair_disagreement,0.09090909090909091,3.6429126799087186
mixed,ordinary_pair_disagreement,0.0946969696969697,3.640192505384974
mixed,ordinary_pair_disagreement,0.09848484848484848,3.6186100767596074
mixed,ordinary_pair_disagreement,0.10227272727272728,3.5902394634243016
mixed,ordinary_pair_disagreement,0.10606060606060606,3.6246209053682605
mixed,ordinary_pair_disagreement,0.10984848484848485,3.5627770349552024
mixed,ordinary_pair_disagreement,0.11363636363636363,3.5688899879263905
mixed,ordinary_pair_disagreement,0.11742424242424243,3.5450152166320983
mixed,ordinary_pair_disagreement,0.12121212121212122,3.5179335937078022
mixed,ordinary_pair_disagreement,0.125,3.5559192027074915
mixed,ordinary_pair_disagreement,0.12878787878787878,3.5207610711929225
mixed,ordinary_pair_disagreement,0.13257575757575757,3.532363872242994
mixed,ordinary_pair_disagreement,0.13636363636363635,3.516226761614709
mixed,ordinary_pair_disagreement,0.14015151515151514,3.4972186215413146
mixed,ordinary_pair_disagreement,0.14393939393939395,3.4759020144847024
mixed,ordinary_pair_disagreement,0.14772727272727273,3.4903542153146447
mixed,ordinary_pair_disagreement,0.15151515151515152,3.5350704778493203
mixed,ordinary_pair_disagreement,0.1553030303030303,3.513359859922828
mixed,ordinary_pair_disagreement,0.1590909090909091,3.5400042518012342
mixed,ordinary_pair_disagreement,0.16287878787878787,3.4986264462877554
mixed,ordinary_pair_disagreement,0.16666666666666666,3.488578091218212
mixed,ordinary_pair_disagreement,0.17045454545454544,3.449382606294114
mixed,ordinary_pair_disagreement,0.17424242424242425,3.4810904121777853
mixed,ordinary_pair_disagreement,0.17803030303030304,3.5074730576446562
mixed,ordinary_pair_disagreement,0.18181818181818182,3.4999632075839675
mixed,ordinary_pair_disagreement,0.1856060606060606,3.5123962460915052
mixed,ordinary_pair_disagreement,0.1893939393939394,3.4941197984931933
mixed,ordinary_pair_disagreement,0.19318181818181818,3.479941268158805
mixed,ordinary_pair_disagreement,0.19696969696969696,3.51358245459711
mixed,ordinary_pair_disagreement,0.20075757575757575,3.523301733053566
mixed,ordinary_pair_disagreement,0.20454545454545456,3.5330133193808493
mixed,ordinary_pair_disagreement,0.20833333333333334,3.538800918076939
mixed,ordinary_pair_disagreement,0.21212121212121213,3.5375131785458382
mixed,ordinary_pair_disagreement,0.2159090909090909,3.5430590327087095
mixed,ordinary_pair_disagreement,0.2196969696969697,3.559662466243683
mixed,ordinary_pair_disagreement,0.22348484848484848,3.5505077010129242
mixed,ordinary_pair_disagreement,0.22727272727272727,3.5237932268908327
mixed,ordinary_pair_disagreement,0.23106060606060605,3.558886842718524
mixed,ordinary_pair_disagreement,0.23484848484848486,3.5627153962306486
mixed,ordinary_pair_disagreement,0.23863636363636365,3.55243955473856
mixed,ordinary_pair_disagreement,0.24242424242424243,3.5704021260465786
mixed,ordinary_pair_disagreement,0.24621212121212122,3.561121607953819
mixed,ordinary_pair_disagreement,0.25,3.5506482056447144
mixed,ordinary_pair_disagreement,0.2537878787878788,3.5401260516476736
mixed,ordinary_pair_disagreement,0.25757575757575757,3.5593769415715397
mixed,ordinary_pair_disagreement,0.26136363636363635,3.5884861832194894
mixed,ordinary_pair_disagreement,0.26515151515151514,3.5914054982721395
mixed,ordinary_pair_disagreement,0.2689393939393939,3.564274116779733
mixed,ordinary_pair_disagreement,0.2727272727272727,3.5672518848228734
mixed,ordinary_pair_disagreement,0.2765151515151515,3.5582833749306206
mixed,ordinary_pair_disagreement,0.2803030303030303,3.575853600870541
mixed,ordinary_pair_disagreement,0.2840909090909091,3.5668877358638844
mixed,ordinary_pair_disagreement,0.2878787878787879,3.576932257406661
mixed,ordinary_pair_disagreement,0.2916666666666667,3.5831084327865237
mixed,ordinary_pair_disagreement,0.29545454545454547,3.600787159114136
mixed,ordinary_pair_disagreement,0.29924242424242425,3.58394027380974
mixed,ordinary_pair_disagreement,0.30303030303030304,3.5812224917014723
mixed,ordinary_pair_disagreement,0.3068181818181818,3.583526371357068
mixed,ordinary_pair_disagreement,0.3106060606060606,3.579728630731068
mixed,ordinary_pair_disagreement,0.3143939393939394,3.5633338607978584
mixed,ordinary_pair_disagreement,0.3181818181818182,3.5748114169567895
mixed,ordinary_pair_disagreement,0.32196969696969696,3.5740029412536622
mixed,ordinary_pair_disagreement,0.32575757575757575,3.5603325746566536
mixed,ordinary_pair_disagreement,0.32954545454545453,3.5479850607361634
mixed,ordinary_pair_disagreement,0.3333333333333333,3.5426135715589067
mixed,ordinary_pair_disagreement,0.3371212121212121,3.520656201834884
mixed,ordinary_pair_disagreement,0.3409090909090909,3.5118529395967495
mixed,ordinary_pair_disagreement,0.3446969696969697,3.4997910130912726
mixed,ordinary_pair_disagreement,0.3484848484848485,3.5180667495159983
mixed,ordinary_pair_disagreement,0.3522727272727273,3.5123719009103396
mixed,ordinary_pair_disagreement,0.3560606060606061,3.519066661912641
mixed,ordinary_pair_disagreement,0.35984848484848486,3.5105932947217173
mixed,ordinary_pair_disagreement,0.36363636363636365,3.5083286131434033
mixed,ordinary_pair_disagreement,0.36742424242424243,3.500636625888982
mixed,ordinary_pair_disagreement,0.3712121212121212,3.4915896413303233
mixed,ordinary_pair_disagreement,0.375,3.507762069142165
mixed,ordinary_pair_disagreement,0.3787878787878788,3.497732489452934
mixed,ordinary_pair_disagreement,0.38257575757575757,3.4846458598855166
mixed,ordinary_pair_disagreement,0.38636363636363635,3.4882317565159418
mixed,ordinary_pair_disagreement,0.39015151515151514,3.4792592009757155
mixed,ordinary_pair_disagreement,0.3939393939393939,3.4718779635660213
mixed,ordinary_pair_disagreement,0.3977272727272727,3.4752970144342528
mixed,ordinary_pair_disagreement,0.4015151515151515,3.4936062681087314
mixed,ordinary_pair_disagreement,0.4053030303030303,3.4876470239476496
mixed,ordinary_pair_disagreement,0.4090909090909091,3.482896760996376
mixed,ordinary_pair_disagreement,0.4128787878787879,3.472909038035711
mixed,ordinary_pair_disagreement,0.4166666666666667,3.469724439637473
mixed,ordinary_pair_disagreement,0.42045454545454547,3.4556367445085434
mixed,ordinary_pair_disagreement,0.42424242424242425,3.455882528167163
mixed,ordinary_pair_disagreement,0.42803030303030304,3.4511417955329047
mixed,ordinary_pair_disagreement,0.4318181818181818,3.456550981472303
mixed,ordinary_pair_disagreement,0.4356060606060606,3.4644019118824665
mixed,ordinary_pair_disagreement,0.4393939393939394,3.469547960396104
mixed,ordinary_pair_disagreement,0.4431818181818182,3.4615907237759096
mixed,ordinary_pair_disagreement,0.44696969696969696,3.4621754480708624
mixed,ordinary_pair_disagreement,0.45075757575757575,3.4791564312205345
mixed,ordinary_pair_disagreement,0.45454545454545453,3.474552935399851
mixed,ordinary_pair_disagreement,0.4583333333333333,3.470509485815074
mixed,ordinary_pair_disagreement,0.4621212121212121,3.480498122507683
mixed,ordinary_pair_disagreement,0.4659090909090909,3.473645809829702
mixed,ordinary_pair_disagreement,0.4696969696969697,3.478001533164553
mixed,ordinary_pair_disagreement,0.4734848484848485,3.4690492324607294
mixed,ordinary_pair_disagreement,0.4772727272727273,3.4689478081493843
mixed,ordinary_pair_disagreement,0.4810606060606061,3.488440129720358
mixed,ordinary_pair_disagreement,0.48484848484848486,3.486826582835399
mixed,ordinary_pair_disagreement,0.48863636363636365,3.4741166420360696
mixed,ordinary_pair_disagreement,0.49242424242424243,3.468015678289049
mixed,ordinary_pair_disagreement,0.4962121212121212,3.465872331421124
mixed,ordinary_pair_disagreement,0.5,3.4679347505280784
mixed,ordinary_pair_disagreement,0.5037878787878788,3.4808032134259865
mixed,ordinary_pair_disagreement,0.5075757575757576,3.4825680929431404
mixed,ordinary_pair_disagreement,0.5113636363636364,3.4755359570872724
mixed,ordinary_pair_disagreement,0.5151515151515151,3.4737603590279016
mixed,ordinary_pair_disagreement,0.5189393939393939,3.488478517600932
mixed,ordinary_pair_disagreement,0.5227272727272727,3.487567804181923
mixed,ordinary_pair_disagreement,0.5265151515151515,3.4750379973519308
mixed,ordinary_pair_disagreement,0.5303030303030303,3.4738923621559246
mixed,ordinary_pair_disagreement,0.5340909090909091,3.472657917123666
mixed,ordinary_pair_disagreement,0.5378787878787878,3.4690305268598842
mixed,ordinary_pair_disagreement,0.5416666666666666,3.4712077428964556
mixed,ordinary_pair_disagreement,0.5454545454545454,3.4747332148234205
mixed,ordinary_pair_disagreement,0.5492424242424242,3.49110077267895
mixed,ordinary_pair_disagreement,0.553030303030303,3.4835440095662698
mixed,ordinary_pair_disagreement,0.5568181818181818,3.484245430174816
mixed,ordinary_pair_disagreement,0.5606060606060606,3.472650348275143
mixed,ordinary_pair_disagreement,0.5643939393939394,3.469043178087206
mixed,ordinary_pair_disagreement,0.5681818181818182,3.4630672183922404
mixed,ordinary_pair_disagreement,0.571969696969697,3.468036620554617
mixed,ordinary_pair_disagreement,0.5757575757575758,3.4653218524167144
mixed,ordinary_pair_disagreement,0.5795454545454546,3.4772038835576
mixed,ordinary_pair_disagreement,0.5833333333333334,3.484427415195665
mixed,ordinary_pair_disagreement,0.5871212121212122,3.4764153390773913
mixed,ordinary_pair_disagreement,0.5909090909090909,3.4728895927170775
mixed,ordinary_pair_disagreement,0.5946969696969697,3.4703695066423115
mixed,ordinary_pair_disagreement,0.5984848484848485,3.464048092037375
mixed,ordinary_pair_disagreement,0.6022727272727273,3.4601140491016817
mixed,ordinary_pair_disagreement,0.6060606060606061,3.463128088036086
mixed,ordinary_pair_disagreement,0.6098484848484849,3.461069147755229
mixed,ordinary_pair_disagreement,0.6136363636363636,3.4626813783325683
mixed,ordinary_pair_disagreement,0.6174242424242424,3.4642968536918755
mixed,ordinary_pair_disagreement,0.6212121212121212,3.46246990660041
mixed,ordinary_pair_disagreement,0.625,3.4551174005763605
mixed,ordinary_pair_disagreement,0.6287878787878788,3.4525910449757204
mixed,ordinary_pair_disagreement,0.6325757575757576,3.4438705791129025
mixed,ordinary_pair_disagreement,0.6363636363636364,3.448712256587122
mixed,ordinary_pair_disagreement,0.6401515151515151,3.453668362468258
mixed,ordinary_pair_disagreement,0.6439393939393939,3.45057061957827
mixed,ordinary_pair_disagreement,0.6477272727272727,3.4443633297792644
mixed,ordinary_pair_disagreement,0.6515151515151515,3.440174616347166
mixed,ordinary_pair_disagreement,0.6553030303030303,3.4448855082012595
mixed,ordinary_pair_disagreement,0.6590909090909091,3.451069830042974
mixed,ordinary_pair_disagreement,0.6628787878787878,3.4519935507605726
mixed,ordinary_pair_disagreement,0.6666666666666666,3.4422728893823327
mixed,ordinary_pair_disagreement,0.6704545454545454,3.4357901011851033
mixed,ordinary_pair_disagreement,0.6742424242424242,3.43742335524883
mixed,ordinary_pair_disagreement,0.678030303030303,3.4339470016581424
mixed,ordinary_pair_disagreement,0.6818181818181818,3.4286250724659983
mixed,ordinary_pair_disagreement,0.6856060606060606,3.41689875189209
mixed,ordinary_pair_disagreement,0.6893939393939394,3.4494785902044947
mixed,ordinary_pair_disagreement,0.6931818181818182,3.444666894432508
mixed,ordinary_pair_disagreement,0.696969696969697,3.453718349183807
mixed,ordinary_pair_disagreement,0.7007575757575758,3.44749498452325
mixed,ordinary_pair_disagreement,0.7045454545454546,3.444608159339649
mixed,ordinary_pair_disagreement,0.7083333333333334,3.436325566842355
mixed,ordinary_pair_disagreement,0.7121212121212122,3.4338207956928044
mixed,ordinary_pair_disagreement,0.7159090909090909,3.4368063943574296
mixed,ordinary_pair_disagreement,0.7196969696969697,3.4415810853374587
mixed,ordinary_pair_disagreement,0.7234848484848485,3.4336696557887847
mixed,ordinary_pair_disagreement,0.7272727272727273,3.431332292346749
mixed,ordinary_pair_disagreement,0.7310606060606061,3.427384928135144
mixed,ordinary_pair_disagreement,0.7348484848484849,3.4221428182802716
mixed,ordinary_pair_disagreement,0.7386363636363636,3.4358254047007932
mixed,ordinary_pair_disagreement,0.7424242424242424,3.4334372838955063
mixed,ordinary_pair_disagreement,0.7462121212121212,3.438851782855925
mixed,ordinary_pair_disagreement,0.75,3.4278746874737913
mixed,ordinary_pair_disagreement,0.7537878787878788,3.4224281453772356
mixed,ordinary_pair_disagreement,0.7575757575757576,3.4270989697507424
mixed,ordinary_pair_disagreement,0.7613636363636364,3.413596890676617
mixed,ordinary_pair_disagreement,0.7651515151515151,3.404002883237842
mixed,ordinary_pair_disagreement,0.7689393939393939,3.404985925886218
mixed,ordinary_pair_disagreement,0.7727272727272727,3.399742959100399
mixed,ordinary_pair_disagreement,0.7765151515151515,3.402435824601369
mixed,ordinary_pair_disagreement,0.7803030303030303,3.3999101453602614
mixed,ordinary_pair_disagreement,0.7840909090909091,3.3961541585107597
mixed,ordinary_pair_disagreement,0.7878787878787878,3.389550623280242
mixed,ordinary_pair_disagreement,0.7916666666666666,3.388950620084666
mixed,ordinary_pair_disagreement,0.7954545454545454,3.383864567678406
mixed,ordinary_pair_disagreement,0.7992424242424242,3.3963430598489652
mixed,ordinary_pair_disagreement,0.803030303030303,3.401802217483715
mixed,ordinary_pair_disagreement,0.8068181818181818,3.4104989769709895
mixed,ordinary_pair_disagreement,0.8106060606060606,3.4136311460541235
mixed,ordinary_pair_disagreement,0.8143939393939394,3.409560534175663
mixed,ordinary_pair_disagreement,0.8181818181818182,3.4058845205189137
mixed,ordinary_pair_disagreement,0.821969696969697,3.404287340841235
mixed,ordinary_pair_disagreement,0.8257575757575758,3.411306399109644
mixed,ordinary_pair_disagreement,0.8295454545454546,3.4071097785633833
mixed,ordinary_pair_disagreement,0.8333333333333334,3.410169457362628
mixed,ordinary_pair_disagreement,0.8371212121212122,3.402494496657624
mixed,ordinary_pair_disagreement,0.8409090909090909,3.398820240081456
mixed,ordinary_pair_disagreement,0.8446969696969697,3.3919873077676406
mixed,ordinary_pair_disagreement,0.8484848484848485,3.3890439338439697
mixed,ordinary_pair_disagreement,0.8522727272727273,3.3880068391489258
mixed,ordinary_pair_disagreement,0.8560606060606061,3.3916966388425394
mixed,ordinary_pair_disagreement,0.8598484848484849,3.3866463948739103
mixed,ordinary_pair_disagreement,0.8636363636363636,3.3806420799420613
mixed,ordinary_pair_disagreement,0.8674242424242424,3.380510383193988
mixed,ordinary_pair_disagreement,0.8712121212121212,3.378697548401707
mixed,ordinary_pair_disagreement,0.875,3.3819547083630934
mixed,ordinary_pair_disagreement,0.8787878787878788,3.3837284163760475
mixed,ordinary_pair_disagreement,0.8825757575757576,3.3791932273855445
mixed,ordinary_pair_disagreement,0.8863636363636364,3.376585203589753
mixed,ordinary_pair_disagreement,0.8901515151515151,3.378661317516338
mixed,ordinary_pair_disagreement,0.8939393939393939,3.3730973091276635
mixed,ordinary_pair_disagreement,0.8977272727272727,3.372008162669987
mixed,ordinary_pair_disagreement,0.9015151515151515,3.370811162031831
mixed,ordinary_pair_disagreement,0.9053030303030303,3.372221123622552
mixed,ordinary_pair_disagreement,0.9090909090909091,3.3701255320420884
mixed,ordinary_pair_disagreement,0.9128787878787878,3.375965391687807
mixed,ordinary_pair_disagreement,0.9166666666666666,3.3731074125296536
mixed,ordinary_pair_disagreement,0.9204545454545454,3.370778549681362
mixed,ordinary_pair_disagreement,0.9242424242424242,3.370611775125356
mixed,ordinary_pair_disagreement,0.928030303030303,3.365004819202731
mixed,ordinary_pair_disagreement,0.9318181818181818,3.3622700049168768
mixed,ordinary_pair_disagreement,0.9356060606060606,3.364381591399777
mixed,ordinary_pair_disagreement,0.9393939393939394,3.3623159074791125
mixed,ordinary_pair_disagreement,0.9431818181818182,3.3600706497235873
mixed,ordinary_pair_disagreement,0.946969696969697,3.359762159214126
mixed,ordinary_pair_disagreement,0.9507575757575758,3.353819624290708
mixed,ordinary_pair_disagreement,0.9545454545454546,3.353172057906409
mixed,ordinary_pair_disagreement,0.9583333333333334,3.3481255799375256
mixed,ordinary_pair_disagreement,0.9621212121212122,3.3507848947280383
mixed,ordinary_pair_disagreement,0.9659090909090909,3.344017330900698
mixed,ordinary_pair_disagreement,0.9696969696969697,3.3386823131654473
mixed,ordinary_pair_disagreement,0.9734848484848485,3.3449032313303597
mixed,ordinary_pair_disagreement,0.9772727272727273,3.3433273493837987
mixed,ordinary_pair_disagreement,0.9810606060606061,3.3467701293448946
mixed,ordinary_pair_disagreement,0.9848484848484849,3.355384014289569
mixed,ordinary_pair_disagreement,0.9886363636363636,3.3569993173824195
mixed,ordinary_pair_disagreement,0.9924242424242424,3.368996454247352
mixed,ordinary_pair_disagreement,0.9962121212121212,3.3698586037012723
mixed,ordinary_pair_disagreement,1.0,3.367981750132652
mixed,ordinary_pair_dispersion,0.003787878787878788,2.577909785120383
mixed,ordinary_pair_dispersion,0.007575757575757576,2.5653358594877855
mixed,ordinary_pair_dispersion,0.011363636363636364,2.402645679037221
mixed,ordinary_pair_dispersion,0.015151515151515152,2.2771652069612625
mixed,ordinary_pair_dispersion,0.01893939393939394,2.462358282778572
mixed,ordinary_pair_dispersion,0.022727272727272728,2.597751940068069
mixed,ordinary_pair_dispersion,0.026515151515151516,2.751470403948964
mixed,ordinary_pair_dispersion,0.030303030303030304,2.6935413722816683
mixed,ordinary_pair_dispersion,0.03409090909090909,2.6885462339712665
mixed,ordinary_pair_dispersion,0.03787878787878788,2.662774135762455
mixed,ordinary_pair_dispersion,0.041666666666666664,2.67369733876378
mixed,ordinary_pair_dispersion,0.045454545454545456,2.67707316416111
mixed,ordinary_pair_dispersion,0.04924242424242424,2.7367703708583275
mixed,ordinary_pair_dispersion,0.05303030303030303,2.8385565599132714
mixed,ordinary_pair_dispersion,0.056818181818181816,2.9634334449333486
mixed,ordinary_pair_dispersion,0.06060606060606061,3.0245953249473323
mixed,ordinary_pair_dispersion,0.06439393939393939,2.9987256163885267
mixed,ordinary_pair_dispersion,0.06818181818181818,3.0723625485230586
mixed,ordinary_pair_dispersion,0.07196969696969698,3.1461373630003227
mixed,ordinary_pair_dispersion,0.07575757575757576,3.0950171093977867
mixed,ordinary_pair_dispersion,0.07954545454545454,3.078588087153028
mixed,ordinary_pair_dispersion,0.08333333333333333,3.0336418413744908
mixed,ordinary_pair_dispersion,0.08712121212121213,3.0547948826774345
mixed,ordinary_pair_dispersion,0.09090909090909091,3.07364929123611
mixed,ordinary_pair_dispersion,0.0946969696969697,3.109728727361265
mixed,ordinary_pair_dispersion,0.09848484848484848,3.1606739572216944
mixed,ordinary_pair_dispersion,0.10227272727272728,3.1241785215401667
mixed,ordinary_pair_dispersion,0.10606060606060606,3.1195004957271535
mixed,ordinary_pair_dispersion,0.10984848484848485,3.1372837384370365
mixed,ordinary_pair_dispersion,0.11363636363636363,3.159696783497479
mixed,ordinary_pair_dispersion,0.11742424242424243,3.2132361459237093
mixed,ordinary_pair_dispersion,0.12121212121212122,3.1835986126640705
mixed,ordinary_pair_dispersion,0.125,3.2456426618042165
mixed,ordinary_pair_dispersion,0.12878787878787878,3.207251280176236
mixed,ordinary_pair_dispersion,0.13257575757575757,3.2726409005362203
mixed,ordinary_pair_dispersion,0.13636363636363635,3.3024896546513376
mixed,ordinary_pair_dispersion,0.14015151515151514,3.325718055445808
mixed,ordinary_pair_dispersion,0.14393939393939395,3.344630811991174
mixed,ordinary_pair_dispersion,0.14772727272727273,3.3396867941161705
mixed,ordinary_pair_dispersion,0.15151515151515152,3.3361367619738744
mixed,ordinary_pair_dispersion,0.1553030303030303,3.3520203578304333
mixed,ordinary_pair_dispersion,0.1590909090909091,3.3593170114882116
mixed,ordinary_pair_dispersion,0.16287878787878787,3.380861266978614
mixed,ordinary_pair_dispersion,0.16666666666666666,3.3762144420672313
mixed,ordinary_pair_dispersion,0.17045454545454544,3.3835166993693484
mixed,ordinary_pair_dispersion,0.17424242424242425,3.410559846610818
mixed,ordinary_pair_dispersion,0.17803030303030304,3.4000958718287997
mixed,ordinary_pair_dispersion,0.18181818181818182,3.3855832655155
mixed,ordinary_pair_dispersion,0.1856060606060606,3.397432752949731
mixed,ordinary_pair_dispersion,0.1893939393939394,3.4029951710003394
mixed,ordinary_pair_dispersion,0.19318181818181818,3.41490077307211
mixed,ordinary_pair_dispersion,0.19696969696969696,3.419416715638446
mixed,ordinary_pair_dispersion,0.20075757575757575,3.4497094457103414
mixed,ordinary_pair_dispersion,0.20454545454545456,3.450351488324495
mixed,ordinary_pair_dispersion,0.20833333333333334,3.4311320234197353
mixed,ordinary_pair_dispersion,0.21212121212121213,3.4532149055440464
mixed,ordinary_pair_dispersion,0.2159090909090909,3.4680506245097846
mixed,ordinary_pair_dispersion,0.2196969696969697,3.4846906412376626
mixed,ordinary_pair_dispersion,0.22348484848484848,3.514223240151587
mixed,ordinary_pair_dispersion,0.22727272727272727,3.5127448763985085
mixed,ordinary_pair_dispersion,0.23106060606060605,3.4852294978727794
mixed,ordinary_pair_dispersion,0.23484848484848486,3.4793910169259603
mixed,ordinary_pair_dispersion,0.23863636363636365,3.465069450240828
mixed,ordinary_pair_dispersion,0.24242424242424243,3.4486294469110788
mixed,ordinary_pair_dispersion,0.24621212121212122,3.450591746885872
mixed,ordinary_pair_dispersion,0.25,3.4753855353593024
mixed,ordinary_pair_dispersion,0.2537878787878788,3.4596497020403105
mixed,ordinary_pair_dispersion,0.25757575757575757,3.4378821169225287
mixed,ordinary_pair_dispersion,0.26136363636363635,3.4235964854815233
mixed,ordinary_pair_dispersion,0.26515151515151514,3.397863060303186
mixed,ordinary_pair_dispersion,0.2689393939393939,3.406157775777111
mixed,ordinary_pair_dispersion,0.2727272727272727,3.3935099940567253
mixed,ordinary_pair_dispersion,0.2765151515151515,3.412901573269257
mixed,ordinary_pair_dispersion,0.2803030303030303,3.394815288462326
mixed,ordinary_pair_dispersion,0.2840909090909091,3.3948443701214175
mixed,ordinary_pair_dispersion,0.2878787878787879,3.373697471917751
mixed,ordinary_pair_dispersion,0.2916666666666667,3.386740096067618
mixed,ordinary_pair_dispersion,0.29545454545454547,3.378131612986984
mixed,ordinary_pair_dispersion,0.29924242424242425,3.371813742169877
mixed,ordinary_pair_dispersion,0.30303030303030304,3.375309174716859
mixed,ordinary_pair_dispersion,0.3068181818181818,3.380223203795815
mixed,ordinary_pair_dispersion,0.3106060606060606,3.387316392056808
mixed,ordinary_pair_dispersion,0.3143939393939394,3.3956159166387994
mixed,ordinary_pair_dispersion,0.3181818181818182,3.3987960275267013
mixed,ordinary_pair_dispersion,0.32196969696969696,3.377259412423444
mixed,ordinary_pair_dispersion,0.32575757575757575,3.3825132658496453
mixed,ordinary_pair_dispersion,0.32954545454545453,3.3728989471119166
mixed,ordinary_pair_dispersion,0.3333333333333333,3.3931653971383717
mixed,ordinary_pair_dispersion,0.3371212121212121,3.393525863270989
mixed,ordinary_pair_dispersion,0.3409090909090909,3.3825562579584463
mixed,ordinary_pair_dispersion,0.3446969696969697,3.361400391545933
mixed,ordinary_pair_dispersion,0.3484848484848485,3.35226107725299
mixed,ordinary_pair_dispersion,0.3522727272727273,3.3696752143248037
mixed,ordinary_pair_dispersion,0.3560606060606061,3.369131424534332
mixed,ordinary_pair_dispersion,0.35984848484848486,3.361685880293272
mixed,ordinary_pair_dispersion,0.36363636363636365,3.3630404248863806
mixed,ordinary_pair_dispersion,0.36742424242424243,3.358789660715749
mixed,ordinary_pair_dispersion,0.3712121212121212,3.347865180429601
mixed,ordinary_pair_dispersion,0.375,3.3637206631847234
mixed,ordinary_pair_dispersion,0.3787878787878788,3.372971758771239
mixed,ordinary_pair_dispersion,0.38257575757575757,3.373090518201526
mixed,ordinary_pair_dispersion,0.38636363636363635,3.3812795654971946
mixed,ordinary_pair_dispersion,0.39015151515151514,3.3714311034063527
mixed,ordinary_pair_dispersion,0.3939393939393939,3.377843114043929
mixed,ordinary_pair_dispersion,0.3977272727272727,3.364471240439254
mixed,ordinary_pair_dispersion,0.4015151515151515,3.3697207689561233
mixed,ordinary_pair_dispersion,0.4053030303030303,3.3762788644285937
mixed,ordinary_pair_dispersion,0.4090909090909091,3.3985463963606666
mixed,ordinary_pair_dispersion,0.4128787878787879,3.399153505626185
mixed,ordinary_pair_dispersion,0.4166666666666667,3.396607801357996
mixed,ordinary_pair_dispersion,0.42045454545454547,3.386194280912893
mixed,ordinary_pair_dispersion,0.42424242424242425,3.3741953997304255
mixed,ordinary_pair_dispersion,0.42803030303030304,3.3976310575258175
mixed,ordinary_pair_dispersion,0.4318181818181818,3.3879152742522707
mixed,ordinary_pair_dispersion,0.4356060606060606,3.394615026734987
mixed,ordinary_pair_dispersion,0.4393939393939394,3.377666957177634
mixed,ordinary_pair_dispersion,0.4431818181818182,3.3892755610389322
mixed,ordinary_pair_dispersion,0.44696969696969696,3.408083001477628
mixed,ordinary_pair_dispersion,0.45075757575757575,3.4141962511543062
mixed,ordinary_pair_dispersion,0.45454545454545453,3.413794057400612
mixed,ordinary_pair_dispersion,0.4583333333333333,3.4117959934256885
mixed,ordinary_pair_dispersion,0.4621212121212121,3.3995843991883117
mixed,ordinary_pair_dispersion,0.4659090909090909,3.388289133353233
mixed,ordinary_pair_dispersion,0.4696969696969697,3.4005378250957587
mixed,ordinary_pair_dispersion,0.4734848484848485,3.407496142883208
mixed,ordinary_pair_dispersion,0.4772727272727273,3.39935178184242
mixed,ordinary_pair_dispersion,0.4810606060606061,3.4090686831695187
mixed,ordinary_pair_dispersion,0.48484848484848486,3.4120624504585138
mixed,ordinary_pair_dispersion,0.48863636363636365,3.41686864444101
mixed,ordinary_pair_dispersion,0.49242424242424243,3.4162937835726574
mixed,ordinary_pair_dispersion,0.4962121212121212,3.4126045764048096
mixed,ordinary_pair_dispersion,0.5,3.406429322143478
mixed,ordinary_pair_dispersion,0.5037878787878788,3.396763826323797
mixed,ordinary_pair_dispersion,0.5075757575757576,3.3972820603317437
mixed,ordinary_pair_dispersion,0.5113636363636364,3.3978015624932105
mixed,ordinary_pair_dispersion,0.5151515151515151,3.4001197627108595
mixed,ordinary_pair_dispersion,0.5189393939393939,3.411388308417998
mixed,ordinary_pair_dispersion,0.5227272727272727,3.4226764930165046
mixed,ordinary_pair_dispersion,0.5265151515151515,3.424722767173668
mixed,ordinary_pair_dispersion,0.5303030303030303,3.4233485408230604
mixed,ordinary_pair_dispersion,0.5340909090909091,3.4232354958391653
mixed,ordinary_pair_dispersion,0.5378787878787878,3.4378205284591163
mixed,ordinary_pair_dispersion,0.5416666666666666,3.4421509708551823
mixed,ordinary_pair_dispersion,0.5454545454545454,3.445915893508643
mixed,ordinary_pair_dispersion,0.5492424242424242,3.4401087346314694
mixed,ordinary_pair_dispersion,0.553030303030303,3.44198335809759
mixed,ordinary_pair_dispersion,0.5568181818181818,3.4439850873295725
mixed,ordinary_pair_dispersion,0.5606060606060606,3.4610774892957434
mixed,ordinary_pair_dispersion,0.5643939393939394,3.4527956789547134
mixed,ordinary_pair_dispersion,0.5681818181818182,3.468640487319312
mixed,ordinary_pair_dispersion,0.571969696969697,3.4612723595687704
mixed,ordinary_pair_dispersion,0.5757575757575758,3.4577449999176846
mixed,ordinary_pair_dispersion,0.5795454545454546,3.4624180034887253
mixed,ordinary_pair_dispersion,0.5833333333333334,3.465782494815583
mixed,ordinary_pair_dispersion,0.5871212121212122,3.4636182675648683
mixed,ordinary_pair_dispersion,0.5909090909090909,3.4589230239007502
mixed,ordinary_pair_dispersion,0.5946969696969697,3.4501908651686093
mixed,ordinary_pair_dispersion,0.5984848484848485,3.454383102915949
mixed,ordinary_pair_dispersion,0.6022727272727273,3.455954608890146
mixed,ordinary_pair_dispersion,0.6060606060606061,3.455327634190276
mixed,ordinary_pair_dispersion,0.6098484848484849,3.451594386576726
mixed,ordinary_pair_dispersion,0.6136363636363636,3.4574039333023965
mixed,ordinary_pair_dispersion,0.6174242424242424,3.4653058828893477
mixed,ordinary_pair_dispersion,0.6212121212121212,3.45618424285975
mixed,ordinary_pair_dispersion,0.625,3.4492434962414555
mixed,ordinary_pair_dispersion,0.6287878787878788,3.4472022395083943
mixed,ordinary_pair_dispersion,0.6325757575757576,3.445295911306104
mixed,ordinary_pair_dispersion,0.6363636363636364,3.442356280738539
mixed,ordinary_pair_dispersion,0.6401515151515151,3.4292847750272593
mixed,ordinary_pair_dispersion,0.6439393939393939,3.4273527249895284
mixed,ordinary_pair_dispersion,0.6477272727272727,3.4192156133860494
mixed,ordinary_pair_dispersion,0.6515151515151515,3.4173836494864673
mixed,ordinary_pair_dispersion,0.6553030303030303,3.436274435971273
mixed,ordinary_pair_dispersion,0.6590909090909091,3.427256860632808
mixed,ordinary_pair_dispersion,0.6628787878787878,3.424071678908741
mixed,ordinary_pair_dispersion,0.6666666666666666,3.4214723631071373
mixed,ordinary_pair_dispersion,0.6704545454545454,3.4203302003455764
mixed,ordinary_pair_dispersion,0.6742424242424242,3.4113478314486527
mixed,ordinary_pair_dispersion,0.678030303030303,3.4138398390684284
mixed,ordinary_pair_dispersion,0.6818181818181818,3.4091297935439857
mixed,ordinary_pair_dispersion,0.6856060606060606,3.401811460470359
mixed,ordinary_pair_dispersion,0.6893939393939394,3.3978059912033007
mixed,ordinary_pair_dispersion,0.6931818181818182,3.4107439912017337
mixed,ordinary_pair_dispersion,0.696969696969697,3.400327459580639
mixed,ordinary_pair_dispersion,0.7007575757575758,3.3971058882319176
mixed,ordinary_pair_dispersion,0.7045454545454546,3.390904590341222
mixed,ordinary_pair_dispersion,0.7083333333333334,3.3909954291544255
mixed,ordinary_pair_dispersion,0.7121212121212122,3.3885392542189288
mixed,ordinary_pair_dispersion,0.7159090909090909,3.3913529688863107
mixed,ordinary_pair_dispersion,0.7196969696969697,3.396697159016442
mixed,ordinary_pair_dispersion,0.7234848484848485,3.3959140025643246
mixed,ordinary_pair_dispersion,0.7272727272727273,3.3966209844454665
mixed,ordinary_pair_dispersion,0.7310606060606061,3.3863024231088303
mixed,ordinary_pair_dispersion,0.7348484848484849,3.3803384407833934
mixed,ordinary_pair_dispersion,0.7386363636363636,3.379683366250084
mixed,ordinary_pair_dispersion,0.7424242424242424,3.3832204925299614
mixed,ordinary_pair_dispersion,0.7462121212121212,3.3900338521742577
mixed,ordinary_pair_dispersion,0.75,3.3868448161187903
mixed,ordinary_pair_dispersion,0.7537878787878788,3.3882808868866436
mixed,ordinary_pair_dispersion,0.7575757575757576,3.384451535598997
mixed,ordinary_pair_dispersion,0.7613636363636364,3.3837591232276885
mixed,ordinary_pair_dispersion,0.7651515151515151,3.3793358953611783
mixed,ordinary_pair_dispersion,0.7689393939393939,3.37581711089017
mixed,ordinary_pair_dispersion,0.7727272727272727,3.3734381281150476
mixed,ordinary_pair_dispersion,0.7765151515151515,3.3713087349531627
mixed,ordinary_pair_dispersion,0.7803030303030303,3.3687914161062706
mixed,ordinary_pair_dispersion,0.7840909090909091,3.365365293605537
mixed,ordinary_pair_dispersion,0.7878787878787878,3.3663938829227305
mixed,ordinary_pair_dispersion,0.7916666666666666,3.365976249252569
mixed,ordinary_pair_dispersion,0.7954545454545454,3.3733500559002008
mixed,ordinary_pair_dispersion,0.7992424242424242,3.366161551682701
mixed,ordinary_pair_dispersion,0.803030303030303,3.362453112791983
mixed,ordinary_pair_dispersion,0.8068181818181818,3.3562040569322167
mixed,ordinary_pair_dispersion,0.8106060606060606,3.357060679851612
mixed,ordinary_pair_dispersion,0.8143939393939394,3.3609072223880907
mixed,ordinary_pair_dispersion,0.8181818181818182,3.3576916953210296
mixed,ordinary_pair_dispersion,0.821969696969697,3.3570753092098613
mixed,ordinary_pair_dispersion,0.8257575757575758,3.3452683847401574
mixed,ordinary_pair_dispersion,0.8295454545454546,3.3378736881417423
mixed,ordinary_pair_dispersion,0.8333333333333334,3.3465605686197013
mixed,ordinary_pair_dispersion,0.8371212121212122,3.3510434436285768
mixed,ordinary_pair_dispersion,0.8409090909090909,3.350367634188832
mixed,ordinary_pair_dispersion,0.8446969696969697,3.3497961428408876
mixed,ordinary_pair_dispersion,0.8484848484848485,3.3525702234811234
mixed,ordinary_pair_dispersion,0.8522727272727273,3.354786269046642
mixed,ordinary_pair_dispersion,0.8560606060606061,3.35635774110956
mixed,ordinary_pair_dispersion,0.8598484848484849,3.34984454662723
mixed,ordinary_pair_dispersion,0.8636363636363636,3.3509116709773146
mixed,ordinary_pair_dispersion,0.8674242424242424,3.34619472755016
mixed,ordinary_pair_dispersion,0.8712121212121212,3.3465109861077447
mixed,ordinary_pair_dispersion,0.875,3.349037642153931
mixed,ordinary_pair_dispersion,0.8787878787878788,3.358356958187908
mixed,ordinary_pair_dispersion,0.8825757575757576,3.362145485954596
mixed,ordinary_pair_dispersion,0.8863636363636364,3.3687623247235567
mixed,ordinary_pair_dispersion,0.8901515151515151,3.366274073890986
mixed,ordinary_pair_dispersion,0.8939393939393939,3.3705390856902215
mixed,ordinary_pair_dispersion,0.8977272727272727,3.369614454394204
mixed,ordinary_pair_dispersion,0.9015151515151515,3.3664850646954227
mixed,ordinary_pair_dispersion,0.9053030303030303,3.3698639749618082
mixed,ordinary_pair_dispersion,0.9090909090909091,3.3697491134165545
mixed,ordinary_pair_dispersion,0.9128787878787878,3.3684324907582557
mixed,ordinary_pair_dispersion,0.9166666666666666,3.36765481874887
mixed,ordinary_pair_dispersion,0.9204545454545454,3.3605164997413777
mixed,ordinary_pair_dispersion,0.9242424242424242,3.361335807633976
mixed,ordinary_pair_dispersion,0.928030303030303,3.356971851082786
mixed,ordinary_pair_dispersion,0.9318181818181818,3.3584472646624444
mixed,ordinary_pair_dispersion,0.9356060606060606,3.349970367603268
mixed,ordinary_pair_dispersion,0.9393939393939394,3.3618217790042393
mixed,ordinary_pair_dispersion,0.9431818181818182,3.366534886543384
mixed,ordinary_pair_dispersion,0.946969696969697,3.368063074427107
mixed,ordinary_pair_dispersion,0.9507575757575758,3.3734635015032937
mixed,ordinary_pair_dispersion,0.9545454545454546,3.3656336440557424
mixed,ordinary_pair_dispersion,0.9583333333333334,3.3663951470368754
mixed,ordinary_pair_dispersion,0.9621212121212122,3.358474422797659
mixed,ordinary_pair_dispersion,0.9659090909090909,3.356263439175566
mixed,ordinary_pair_dispersion,0.9696969696969697,3.3660250161705014
mixed,ordinary_pair_dispersion,0.9734848484848485,3.3661222457049296
mixed,ordinary_pair_dispersion,0.9772727272727273,3.3661360398630005
mixed,ordinary_pair_dispersion,0.9810606060606061,3.360892321030336
mixed,ordinary_pair_dispersion,0.9848484848484849,3.3621209823379288
mixed,ordinary_pair_dispersion,0.9886363636363636,3.362071255094562
mixed,ordinary_pair_dispersion,0.9924242424242424,3.3669632990310867
mixed,ordinary_pair_dispersion,0.9962121212121212,3.3682694940154376
mixed,ordinary_pair_dispersion,1.0,3.367981750132653
mixed,mixed_pair_expected,0.003787878787878788,3.0418530804299
mixed,mixed_pair_expected,0.007575757575757576,2.420482398896918
mixed,mixed_pair_expected,0.011363636363636364,2.779734721930597
mixed,mixed_pair_expected,0.015151515151515152,2.9573287669955595
mixed,mixed_pair_expected,0.01893939393939394,3.2819234618587987
mixed,mixed_pair_expected,0.022727272727272728,3.169981225115212
mixed,mixed_pair_expected,0.026515151515151516,3.322140994441707
mixed,mixed_pair_expected,0.030303030303030304,3.2979157938589907
mixed,mixed_pair_expected,0.03409090909090909,3.155997481137367
mixed,mixed_pair_expected,0.03787878787878788,3.277038062562275
mixed,mixed_pair_expected,0.041666666666666664,3.1701059204207955
mixed,mixed_pair_expected,0.045454545454545456,3.2666647855267836
mixed,mixed_pair_expected,0.04924242424242424,3.174349318055947
mixed,mixed_pair_expected,0.05303030303030303,3.0864374981862976
mixed,mixed_pair_expected,0.056818181818181816,3.073830839432334
mixed,mixed_pair_expected,0.06060606060606061,3.040944005549395
mixed,mixed_pair_expected,0.06439393939393939,3.0403619121470715
mixed,mixed_pair_expected,0.06818181818181818,2.9993881292000295
mixed,mixed_pair_expected,0.07196969696969698,2.9332067792327603
mixed,mixed_pair_expected,0.07575757575757576,2.942598863186167
mixed,mixed_pair_expected,0.07954545454545454,2.9483589420590106
mixed,mixed_pair_expected,0.08333333333333333,2.8986938285356594
mixed,mixed_pair_expected,0.08712121212121213,2.89154457840239
mixed,mixed_pair_expected,0.09090909090909091,2.9113956601958737
mixed,mixed_pair_expected,0.0946969696969697,2.903446590267651
mixed,mixed_pair_expected,0.09848484848484848,2.8305578223121377
mixed,mixed_pair_expected,0.10227272727272728,2.8759421395239753
mixed,mixed_pair_expected,0.10606060606060606,2.862543280216752
mixed,mixed_pair_expected,0.10984848484848485,2.8662615820870108
mixed,mixed_pair_expected,0.11363636363636363,2.8330589563364406
mixed,mixed_pair_expected,0.11742424242424243,2.8053096361456915
mixed,mixed_pair_expected,0.12121212121212122,2.8509388837994956
mixed,mixed_pair_expected,0.125,2.86301931322404
mixed,mixed_pair_expected,0.12878787878787878,2.8498531983967887
mixed,mixed_pair_expected,0.13257575757575757,2.828076486792165
mixed,mixed_pair_expected,0.13636363636363635,2.839117952887699
mixed,mixed_pair_expected,0.14015151515151514,2.8261682372064754
mixed,mixed_pair_expected,0.14393939393939395,2.8191036728109418
mixed,mixed_pair_expected,0.14772727272727273,2.852186498838973
mixed,mixed_pair_expected,0.15151515151515152,2.8642758521570317
mixed,mixed_pair_expected,0.1553030303030303,2.8489094301005076
mixed,mixed_pair_expected,0.1590909090909091,2.8614491265095556
mixed,mixed_pair_expected,0.16287878787878787,2.8451310864596286
mixed,mixed_pair_expected,0.16666666666666666,2.849499361679266
mixed,mixed_pair_expected,0.17045454545454544,2.8664687102902278
mixed,mixed_pair_expected,0.17424242424242425,2.856977777106335
mixed,mixed_pair_expected,0.17803030303030304,2.853460215904428
mixed,mixed_pair_expected,0.18181818181818182,2.8506623153627473
mixed,mixed_pair_expected,0.1856060606060606,2.8353753681889664
mixed,mixed_pair_expected,0.1893939393939394,2.8551038469767165
mixed,mixed_pair_expected,0.19318181818181818,2.8514681340766397
mixed,mixed_pair_expected,0.19696969696969696,2.840222954100778
mixed,mixed_pair_expected,0.20075757575757575,2.82839722817741
mixed,mixed_pair_expected,0.20454545454545456,2.8412883225116947
mixed,mixed_pair_expected,0.20833333333333334,2.8235113052001655
mixed,mixed_pair_expected,0.21212121212121213,2.827518643725537
mixed,mixed_pair_expected,0.2159090909090909,2.848571330254762
mixed,mixed_pair_expected,0.2196969696969697,2.822926700184052
mixed,mixed_pair_expected,0.22348484848484848,2.8156660500472293
mixed,mixed_pair_expected,0.22727272727272727,2.818457066934048
mixed,mixed_pair_expected,0.23106060606060605,2.798000467891295
mixed,mixed_pair_expected,0.23484848484848486,2.788578880055806
mixed,mixed_pair_expected,0.23863636363636365,2.774663898563924
mixed,mixed_pair_expected,0.24242424242424243,2.771555722857722
mixed,mixed_pair_expected,0.24621212121212122,2.768589221546971
mixed,mixed_pair_expected,0.25,2.8095067282278277
mixed,mixed_pair_expected,0.2537878787878788,2.82089078158846
mixed,mixed_pair_expected,0.25757575757575757,2.8333781838672683
mixed,mixed_pair_expected,0.26136363636363635,2.869472000894302
mixed,mixed_pair_expected,0.26515151515151514,2.8754978485235916
mixed,mixed_pair_expected,0.2689393939393939,2.891035341636232
mixed,mixed_pair_expected,0.2727272727272727,2.8731744873354086
mixed,mixed_pair_expected,0.2765151515151515,2.86787619618562
mixed,mixed_pair_expected,0.2803030303030303,2.8735245146854793
mixed,mixed_pair_expected,0.2840909090909091,2.861694204248467
mixed,mixed_pair_expected,0.2878787878787879,2.8506364630743106
mixed,mixed_pair_expected,0.2916666666666667,2.8417307644847285
mixed,mixed_pair_expected,0.29545454545454547,2.8275233016543866
mixed,mixed_pair_expected,0.29924242424242425,2.8274732198890438
mixed,mixed_pair_expected,0.30303030303030304,2.821374056696319
mixed,mixed_pair_expected,0.3068181818181818,2.820771997881126
mixed,mixed_pair_expected,0.3106060606060606,2.817037226623873
mixed,mixed_pair_expected,0.3143939393939394,2.8103010030159887
mixed,mixed_pair_expected,0.3181818181818182,2.804071931767457
mixed,mixed_pair_expected,0.32196969696969696,2.8098798807856276
mixed,mixed_pair_expected,0.32575757575757575,2.8272580750390586
mixed,mixed_pair_expected,0.32954545454545453,2.8298659565976805
mixed,mixed_pair_expected,0.3333333333333333,2.8410882500913637
mixed,mixed_pair_expected,0.3371212121212121,2.8303146392680376
mixed,mixed_pair_expected,0.3409090909090909,2.8247229564974474
mixed,mixed_pair_expected,0.3446969696969697,2.8237266961399086
mixed,mixed_pair_expected,0.3484848484848485,2.8199184501921786
mixed,mixed_pair_expected,0.3522727272727273,2.815898586092812
mixed,mixed_pair_expected,0.3560606060606061,2.8075796879553123
mixed,mixed_pair_expected,0.35984848484848486,2.8325252961153122
mixed,mixed_pair_expected,0.36363636363636365,2.818709407572386
mixed,mixed_pair_expected,0.36742424242424243,2.8447301794674367
mixed,mixed_pair_expected,0.3712121212121212,2.876624130760799
mixed,mixed_pair_expected,0.375,2.8801562186323384
mixed,mixed_pair_expected,0.3787878787878788,2.888460839705306
mixed,mixed_pair_expected,0.38257575757575757,2.884212645213166
mixed,mixed_pair_expected,0.38636363636363635,2.8777473292774527
mixed,mixed_pair_expected,0.39015151515151514,2.876038834442411
mixed,mixed_pair_expected,0.3939393939393939,2.895288034856607
mixed,mixed_pair_expected,0.3977272727272727,2.8958207875373048
mixed,mixed_pair_expected,0.4015151515151515,2.9021173860445835
mixed,mixed_pair_expected,0.4053030303030303,2.9040913423098975
mixed,mixed_pair_expected,0.4090909090909091,2.897519123301319
mixed,mixed_pair_expected,0.4128787878787879,2.897355021866158
mixed,mixed_pair_expected,0.4166666666666667,2.897206008402818
mixed,mixed_pair_expected,0.42045454545454547,2.911661353340101
mixed,mixed_pair_expected,0.42424242424242425,2.921568183041328
mixed,mixed_pair_expected,0.42803030303030304,2.9372270651736385
mixed,mixed_pair_expected,0.4318181818181818,2.940365931630548
mixed,mixed_pair_expected,0.4356060606060606,2.9451141753767893
mixed,mixed_pair_expected,0.4393939393939394,2.955189218982739
mixed,mixed_pair_expected,0.4431818181818182,2.945044654179645
mixed,mixed_pair_expected,0.44696969696969696,2.950321376610507
mixed,mixed_pair_expected,0.45075757575757575,2.950279201358226
mixed,mixed_pair_expected,0.45454545454545453,2.972562016297178
mixed,mixed_pair_expected,0.4583333333333333,2.987601576701412
mixed,mixed_pair_expected,0.4621212121212121,2.991208776436411
mixed,mixed_pair_expected,0.4659090909090909,2.9840890954039465
mixed,mixed_pair_expected,0.4696969696969697,2.974153815399204
mixed,mixed_pair_expected,0.4734848484848485,2.9757676668962865
mixed,mixed_pair_expected,0.4772727272727273,2.9954219878772625
mixed,mixed_pair_expected,0.4810606060606061,2.996757705308496
mixed,mixed_pair_expected,0.48484848484848486,3.009751742891892
mixed,mixed_pair_expected,0.48863636363636365,3.010029475626046
mixed,mixed_pair_expected,0.49242424242424243,3.0146877173547875
mixed,mixed_pair_expected,0.4962121212121212,3.0231757154399923
mixed,mixed_pair_expected,0.5,3.0350323820409364
mixed,mixed_pair_expected,0.5037878787878788,3.043043043748268
mixed,mixed_pair_expected,0.5075757575757576,3.0362822713310407
mixed,mixed_pair_expected,0.5113636363636364,3.036147554428702
mixed,mixed_pair_expected,0.5151515151515151,3.0311081353700815
mixed,mixed_pair_expected,0.5189393939393939,3.031155288507662
mixed,mixed_pair_expected,0.5227272727272727,3.0432665357494124
mixed,mixed_pair_expected,0.5265151515151515,3.041526824599341
mixed,mixed_pair_expected,0.5303030303030303,3.037462057509098
mixed,mixed_pair_expected,0.5340909090909091,3.0267137986246424
mixed,mixed_pair_expected,0.5378787878787878,3.02572657333335
mixed,mixed_pair_expected,0.5416666666666666,3.030490576924631
mixed,mixed_pair_expected,0.5454545454545454,3.028517575345966
mixed,mixed_pair_expected,0.5492424242424242,3.0251668966864833
mixed,mixed_pair_expected,0.553030303030303,3.0240656108289934
mixed,mixed_pair_expected,0.5568181818181818,3.020237226200839
mixed,mixed_pair_expected,0.5606060606060606,3.026448493724588
mixed,mixed_pair_expected,0.5643939393939394,3.022529703926828
mixed,mixed_pair_expected,0.5681818181818182,3.0303559932280373
mixed,mixed_pair_expected,0.571969696969697,3.02763100807752
mixed,mixed_pair_expected,0.5757575757575758,3.017706507628162
mixed,mixed_pair_expected,0.5795454545454546,3.030233936374995
mixed,mixed_pair_expected,0.5833333333333334,3.0226980272389152
mixed,mixed_pair_expected,0.5871212121212122,3.0208863715877476
mixed,mixed_pair_expected,0.5909090909090909,3.022681698284319
mixed,mixed_pair_expected,0.5946969696969697,3.0251725140935855
mixed,mixed_pair_expected,0.5984848484848485,3.0411427420591957
mixed,mixed_pair_expected,0.6022727272727273,3.0561505754008027
mixed,mixed_pair_expected,0.6060606060606061,3.0540961121778056
mixed,mixed_pair_expected,0.6098484848484849,3.0520381540352255
mixed,mixed_pair_expected,0.6136363636363636,3.053766225403873
mixed,mixed_pair_expected,0.6174242424242424,3.0605691962415045
mixed,mixed_pair_expected,0.6212121212121212,3.0649996568318643
mixed,mixed_pair_expected,0.625,3.073431248236009
mixed,mixed_pair_expected,0.6287878787878788,3.075267735415672
mixed,mixed_pair_expected,0.6325757575757576,3.074827323816427
mixed,mixed_pair_expected,0.6363636363636364,3.08637724137226
mixed,mixed_pair_expected,0.6401515151515151,3.088292328827539
mixed,mixed_pair_expected,0.6439393939393939,3.081637575032621
mixed,mixed_pair_expected,0.6477272727272727,3.078563832029468
mixed,mixed_pair_expected,0.6515151515151515,3.080333937287207
mixed,mixed_pair_expected,0.6553030303030303,3.079210650697455
mixed,mixed_pair_expected,0.6590909090909091,3.0845366805995282
mixed,mixed_pair_expected,0.6628787878787878,3.079794925235358
mixed,mixed_pair_expected,0.6666666666666666,3.076840166571717
mixed,mixed_pair_expected,0.6704545454545454,3.0892409635789058
mixed,mixed_pair_expected,0.6742424242424242,3.090100080979891
mixed,mixed_pair_expected,0.678030303030303,3.1034517052786765
mixed,mixed_pair_expected,0.6818181818181818,3.110531003965517
mixed,mixed_pair_expected,0.6856060606060606,3.11331797758853
mixed,mixed_pair_expected,0.6893939393939394,3.112226458799624
mixed,mixed_pair_expected,0.6931818181818182,3.117964828298786
mixed,mixed_pair_expected,0.696969696969697,3.1334345760169042
mixed,mixed_pair_expected,0.7007575757575758,3.1357759694459197
mixed,mixed_pair_expected,0.7045454545454546,3.128878528708608
mixed,mixed_pair_expected,0.7083333333333334,3.134208835877672
mixed,mixed_pair_expected,0.7121212121212122,3.1304811368172234
mixed,mixed_pair_expected,0.7159090909090909,3.1268444297595246
mixed,mixed_pair_expected,0.7196969696969697,3.1238360934606724
mixed,mixed_pair_expected,0.7234848484848485,3.142524548912736
mixed,mixed_pair_expected,0.7272727272727273,3.140818460143263
mixed,mixed_pair_expected,0.7310606060606061,3.1391353319084145
mixed,mixed_pair_expected,0.7348484848484849,3.159372833405159
mixed,mixed_pair_expected,0.7386363636363636,3.1674788516199732
mixed,mixed_pair_expected,0.7424242424242424,3.176689754109764
mixed,mixed_pair_expected,0.7462121212121212,3.176032569938758
mixed,mixed_pair_expected,0.75,3.1807334634421274
mixed,mixed_pair_expected,0.7537878787878788,3.192711235134689
mixed,mixed_pair_expected,0.7575757575757576,3.186980578542359
mixed,mixed_pair_expected,0.7613636363636364,3.1924536486445416
mixed,mixed_pair_expected,0.7651515151515151,3.1919269464864173
mixed,mixed_pair_expected,0.7689393939393939,3.1856469482871916
mixed,mixed_pair_expected,0.7727272727272727,3.1872414496271735
mixed,mixed_pair_expected,0.7765151515151515,3.1840757332338065
mixed,mixed_pair_expected,0.7803030303030303,3.191530546228943
mixed,mixed_pair_expected,0.7840909090909091,3.190938052516992
mixed,mixed_pair_expected,0.7878787878787878,3.1836841172033856
mixed,mixed_pair_expected,0.7916666666666666,3.179787191959709
mixed,mixed_pair_expected,0.7954545454545454,3.181634839290883
mixed,mixed_pair_expected,0.7992424242424242,3.1841817989779506
mixed,mixed_pair_expected,0.803030303030303,3.197663136519656
mixed,mixed_pair_expected,0.8068181818181818,3.2017479534033857
mixed,mixed_pair_expected,0.8106060606060606,3.211042069663018
mixed,mixed_pair_expected,0.8143939393939394,3.208777581912937
mixed,mixed_pair_expected,0.8181818181818182,3.2113380387389623
mixed,mixed_pair_expected,0.821969696969697,3.210448893287944
mixed,mixed_pair_expected,0.8257575757575758,3.2170283268519184
mixed,mixed_pair_expected,0.8295454545454546,3.218291006853296
mixed,mixed_pair_expected,0.8333333333333334,3.2179301275549754
mixed,mixed_pair_expected,0.8371212121212122,3.234341707304178
mixed,mixed_pair_expected,0.8409090909090909,3.240168665359576
mixed,mixed_pair_expected,0.8446969696969697,3.252311720304034
mixed,mixed_pair_expected,0.8484848484848485,3.257604944799706
mixed,mixed_pair_expected,0.8522727272727273,3.255801927230912
mixed,mixed_pair_expected,0.8560606060606061,3.258750289554321
mixed,mixed_pair_expected,0.8598484848484849,3.262704315001701
mixed,mixed_pair_expected,0.8636363636363636,3.268427453936914
mixed,mixed_pair_expected,0.8674242424242424,3.2647673010896305
mixed,mixed_pair_expected,0.8712121212121212,3.2663092432619005
mixed,mixed_pair_expected,0.875,3.2650038268812196
mixed,mixed_pair_expected,0.8787878787878788,3.272506381987189
mixed,mixed_pair_expected,0.8825757575757576,3.2659975177146165
mixed,mixed_pair_expected,0.8863636363636364,3.2704204282028315
mixed,mixed_pair_expected,0.8901515151515151,3.27330318643884
mixed,mixed_pair_expected,0.8939393939393939,3.275988077398831
mixed,mixed_pair_expected,0.8977272727272727,3.2761559656196155
mixed,mixed_pair_expected,0.9015151515151515,3.276718761728997
mixed,mixed_pair_expected,0.9053030303030303,3.2944433607651025
mixed,mixed_pair_expected,0.9090909090909091,3.298168065735927
mixed,mixed_pair_expected,0.9128787878787878,3.3001082973136975
mixed,mixed_pair_expected,0.9166666666666666,3.3058812390632437
mixed,mixed_pair_expected,0.9204545454545454,3.3082379491292415
mixed,mixed_pair_expected,0.9242424242424242,3.310657337284695
mixed,mixed_pair_expected,0.928030303030303,3.318533756435908
mixed,mixed_pair_expected,0.9318181818181818,3.3124564492839976
mixed,mixed_pair_expected,0.9356060606060606,3.315986122673959
mixed,mixed_pair_expected,0.9393939393939394,3.3251528717124788
mixed,mixed_pair_expected,0.9431818181818182,3.3349761604356396
mixed,mixed_pair_expected,0.946969696969697,3.3328262533500426
mixed,mixed_pair_expected,0.9507575757575758,3.344085591020472
mixed,mixed_pair_expected,0.9545454545454546,3.347223155103318
mixed,mixed_pair_expected,0.9583333333333334,3.3473428530579263
mixed,mixed_pair_expected,0.9621212121212122,3.3550569260485354
mixed,mixed_pair_expected,0.9659090909090909,3.3594335702327895
mixed,mixed_pair_expected,0.9696969696969697,3.3535251238446833
mixed,mixed_pair_expected,0.9734848484848485,3.361135933639646
mixed,mixed_pair_expected,0.9772727272727273,3.3624521250993653
mixed,mixed_pair_expected,0.9810606060606061,3.3603694877944768
mixed,mixed_pair_expected,0.9848484848484849,3.370900540639496
mixed,mixed_pair_expected,0.9886363636363636,3.3786381797763982
mixed,mixed_pair_expected,0.9924242424242424,3.384755115028046
mixed,mixed_pair_expected,0.9962121212121212,3.3798815022394333
mixed,mixed_pair_expected,1.0,3.378830995288189
mixed,mixed_pair_covariance,0.003787878787878788,2.5965183686217284
mixed,mixed_pair_covariance,0.007575757575757576,2.762800625736196
mixed,mixed_pair_covariance,0.011363636363636364,2.717349674577856
mixed,mixed_pair_covariance,0.015151515151515152,3.18151207088356
mixed,mixed_pair_covariance,0.01893939393939394,2.8989611819892454
mixed,mixed_pair_covariance,0.022727272727272728,3.0053195114250033
mixed,mixed_pair_covariance,0.026515151515151516,3.0302872146333653
mixed,mixed_pair_covariance,0.030303030303030304,3.1414782828410885
mixed,mixed_pair_covariance,0.03409090909090909,3.2414425435022562
mixed,mixed_pair_covariance,0.03787878787878788,3.1754155009743044
mixed,mixed_pair_covariance,0.041666666666666664,3.1375775992803256
mixed,mixed_pair_covariance,0.045454545454545456,3.1969301900882763
mixed,mixed_pair_covariance,0.04924242424242424,3.2123484533429
mixed,mixed_pair_covariance,0.05303030303030303,3.1692850881030594
mixed,mixed_pair_covariance,0.056818181818181816,3.1966871494223845
mixed,mixed_pair_covariance,0.06060606060606061,3.122978539362446
mixed,mixed_pair_covariance,0.06439393939393939,3.141195527828089
mixed,mixed_pair_covariance,0.06818181818181818,3.1127152023989932
mixed,mixed_pair_covariance,0.07196969696969698,3.0511665573850064
mixed,mixed_pair_covariance,0.07575757575757576,3.042472649088834
mixed,mixed_pair_covariance,0.07954545454545454,3.014096434426097
mixed,mixed_pair_covariance,0.08333333333333333,2.9714426917971317
mixed,mixed_pair_covariance,0.08712121212121213,2.9829729157385323
mixed,mixed_pair_covariance,0.09090909090909091,2.993141733525537
mixed,mixed_pair_covariance,0.0946969696969697,2.981892112373782
mixed,mixed_pair_covariance,0.09848484848484848,2.998478573244751
mixed,mixed_pair_covariance,0.10227272727272728,3.008737832221057
mixed,mixed_pair_covariance,0.10606060606060606,2.9597102644128364
mixed,mixed_pair_covariance,0.10984848484848485,2.9332770520614186
mixed,mixed_pair_covariance,0.11363636363636363,2.9069674925590423
mixed,mixed_pair_covariance,0.11742424242424243,2.8867408839565383
mixed,mixed_pair_covariance,0.12121212121212122,2.8837178160415338
mixed,mixed_pair_covariance,0.125,2.8532632975756975
mixed,mixed_pair_covariance,0.12878787878787878,2.85018404686414
mixed,mixed_pair_covariance,0.13257575757575757,2.806055914912634
mixed,mixed_pair_covariance,0.13636363636363635,2.7982469915983224
mixed,mixed_pair_covariance,0.14015151515151514,2.7709102529381404
mixed,mixed_pair_covariance,0.14393939393939395,2.778969005611574
mixed,mixed_pair_covariance,0.14772727272727273,2.783190281787215
mixed,mixed_pair_covariance,0.15151515151515152,2.766152117012505
mixed,mixed_pair_covariance,0.1553030303030303,2.8056427675974125
mixed,mixed_pair_covariance,0.1590909090909091,2.8581579458602584
mixed,mixed_pair_covariance,0.16287878787878787,2.851219127305828
mixed,mixed_pair_covariance,0.16666666666666666,2.8627697069763247
mixed,mixed_pair_covariance,0.17045454545454544,2.8416421704134547
mixed,mixed_pair_covariance,0.17424242424242425,2.8261425805522755
mixed,mixed_pair_covariance,0.17803030303030304,2.837907735020609
mixed,mixed_pair_covariance,0.18181818181818182,2.8166850734992064
mixed,mixed_pair_covariance,0.1856060606060606,2.8101476854772867
mixed,mixed_pair_covariance,0.1893939393939394,2.8287753182416746
mixed,mixed_pair_covariance,0.19318181818181818,2.8095572397580355
mixed,mixed_pair_covariance,0.19696969696969696,2.788249724914463
mixed,mixed_pair_covariance,0.20075757575757575,2.808611380813924
mixed,mixed_pair_covariance,0.20454545454545456,2.8118595821793044
mixed,mixed_pair_covariance,0.20833333333333334,2.8053607478233573
mixed,mixed_pair_covariance,0.21212121212121213,2.776016941008901
mixed,mixed_pair_covariance,0.2159090909090909,2.7777684053470697
mixed,mixed_pair_covariance,0.2196969696969697,2.7724367504075897
mixed,mixed_pair_covariance,0.22348484848484848,2.792953264996902
mixed,mixed_pair_covariance,0.22727272727272727,2.7870674836600173
mixed,mixed_pair_covariance,0.23106060606060605,2.7670472969168585
mixed,mixed_pair_covariance,0.23484848484848486,2.7891253417477038
mixed,mixed_pair_covariance,0.23863636363636365,2.802636817015241
mixed,mixed_pair_covariance,0.24242424242424243,2.788232870557256
mixed,mixed_pair_covariance,0.24621212121212122,2.7842667992175305
mixed,mixed_pair_covariance,0.25,2.845150398546538
mixed,mixed_pair_covariance,0.2537878787878788,2.8482083653894024
mixed,mixed_pair_covariance,0.25757575757575757,2.8485031101414116
mixed,mixed_pair_covariance,0.26136363636363635,2.8491266294361046
mixed,mixed_pair_covariance,0.26515151515151514,2.8446508189065827
mixed,mixed_pair_covariance,0.2689393939393939,2.8444639022509826
mixed,mixed_pair_covariance,0.2727272727272727,2.8792310376082475
mixed,mixed_pair_covariance,0.2765151515151515,2.8793824414552547
mixed,mixed_pair_covariance,0.2803030303030303,2.8823834277480564
mixed,mixed_pair_covariance,0.2840909090909091,2.8963475294663135
mixed,mixed_pair_covariance,0.2878787878787879,2.8911686901072717
mixed,mixed_pair_covariance,0.2916666666666667,2.88842279702407
mixed,mixed_pair_covariance,0.29545454545454547,2.887610273553443
mixed,mixed_pair_covariance,0.29924242424242425,2.889118476075011
mixed,mixed_pair_covariance,0.30303030303030304,2.885994130922511
mixed,mixed_pair_covariance,0.3068181818181818,2.899645386929467
mixed,mixed_pair_covariance,0.3106060606060606,2.8842449832164636
mixed,mixed_pair_covariance,0.3143939393939394,2.878841435870456
mixed,mixed_pair_covariance,0.3181818181818182,2.8762273683384225
mixed,mixed_pair_covariance,0.32196969696969696,2.8783903115163185
mixed,mixed_pair_covariance,0.32575757575757575,2.86062941258623
mixed,mixed_pair_covariance,0.32954545454545453,2.8542118292394485
mixed,mixed_pair_covariance,0.3333333333333333,2.84830101536986
mixed,mixed_pair_covariance,0.3371212121212121,2.8406309320668868
mixed,mixed_pair_covariance,0.3409090909090909,2.8464446118412847
mixed,mixed_pair_covariance,0.3446969696969697,2.8647285682264667
mixed,mixed_pair_covariance,0.3484848484848485,2.857267378924463
mixed,mixed_pair_covariance,0.3522727272727273,2.8720815154376864
mixed,mixed_pair_covariance,0.3560606060606061,2.865201682699528
mixed,mixed_pair_covariance,0.35984848484848486,2.8701793310401587
mixed,mixed_pair_covariance,0.36363636363636365,2.876204726081964
mixed,mixed_pair_covariance,0.36742424242424243,2.8675524148405303
mixed,mixed_pair_covariance,0.3712121212121212,2.8737890633954435
mixed,mixed_pair_covariance,0.375,2.8827593747820477
mixed,mixed_pair_covariance,0.3787878787878788,2.8927375884024253
mixed,mixed_pair_covariance,0.38257575757575757,2.899176204537282
mixed,mixed_pair_covariance,0.38636363636363635,2.906369485336228
mixed,mixed_pair_covariance,0.39015151515151514,2.908777403339178
mixed,mixed_pair_covariance,0.3939393939393939,2.9112369002036567
mixed,mixed_pair_covariance,0.3977272727272727,2.911175790614985
mixed,mixed_pair_covariance,0.4015151515151515,2.9113785074331933
mixed,mixed_pair_covariance,0.4053030303030303,2.9110942554095067
mixed,mixed_pair_covariance,0.4090909090909091,2.9148780469898505
mixed,mixed_pair_covariance,0.4128787878787879,2.9196962866861917
mixed,mixed_pair_covariance,0.4166666666666667,2.9223568770617105
mixed,mixed_pair_covariance,0.42045454545454547,2.9349671777147983
mixed,mixed_pair_covariance,0.42424242424242425,2.9355749774325695
mixed,mixed_pair_covariance,0.42803030303030304,2.9521134688139594
mixed,mixed_pair_covariance,0.4318181818181818,2.944039272714195
mixed,mixed_pair_covariance,0.4356060606060606,2.953844646280777
mixed,mixed_pair_covariance,0.4393939393939394,2.95400952520806
mixed,mixed_pair_covariance,0.4431818181818182,2.962051595266592
mixed,mixed_pair_covariance,0.44696969696969696,2.9676062585522787
mixed,mixed_pair_covariance,0.45075757575757575,2.957774596061116
mixed,mixed_pair_covariance,0.45454545454545453,2.9545688007026363
mixed,mixed_pair_covariance,0.4583333333333333,2.9570538029103637
mixed,mixed_pair_covariance,0.4621212121212121,2.965761994387565
mixed,mixed_pair_covariance,0.4659090909090909,2.9568814483753045
mixed,mixed_pair_covariance,0.4696969696969697,2.96341570232643
mixed,mixed_pair_covariance,0.4734848484848485,2.969442407403136
mixed,mixed_pair_covariance,0.4772727272727273,2.9573557044972687
mixed,mixed_pair_covariance,0.4810606060606061,2.9755504482572306
mixed,mixed_pair_covariance,0.48484848484848486,2.988347579013219
mixed,mixed_pair_covariance,0.48863636363636365,2.9935929074679186
mixed,mixed_pair_covariance,0.49242424242424243,3.0151279960199133
mixed,mixed_pair_covariance,0.4962121212121212,3.011233442121647
mixed,mixed_pair_covariance,0.5,3.022306924086527
mixed,mixed_pair_covariance,0.5037878787878788,3.0271631119982167
mixed,mixed_pair_covariance,0.5075757575757576,3.0314780694131933
mixed,mixed_pair_covariance,0.5113636363636364,3.0326519240221903
mixed,mixed_pair_covariance,0.5151515151515151,3.025189434810185
mixed,mixed_pair_covariance,0.5189393939393939,3.0263518452498985
mixed,mixed_pair_covariance,0.5227272727272727,3.023196845236009
mixed,mixed_pair_covariance,0.5265151515151515,3.0169098167513937
mixed,mixed_pair_covariance,0.5303030303030303,3.008800932035772
mixed,mixed_pair_covariance,0.5340909090909091,3.0137461876628495
mixed,mixed_pair_covariance,0.5378787878787878,3.012862251751914
mixed,mixed_pair_covariance,0.5416666666666666,3.020327135767653
mixed,mixed_pair_covariance,0.5454545454545454,3.0211459159005707
mixed,mixed_pair_covariance,0.5492424242424242,3.015214668360386
mixed,mixed_pair_covariance,0.553030303030303,3.016746195632081
mixed,mixed_pair_covariance,0.5568181818181818,3.0208429140198447
mixed,mixed_pair_covariance,0.5606060606060606,3.0245744521639963
mixed,mixed_pair_covariance,0.5643939393939394,3.0283720596483836
mixed,mixed_pair_covariance,0.5681818181818182,3.029504347473385
mixed,mixed_pair_covariance,0.571969696969697,3.038860814816012
mixed,mixed_pair_covariance,0.5757575757575758,3.0530734229954546
mixed,mixed_pair_covariance,0.5795454545454546,3.051250965976108
mixed,mixed_pair_covariance,0.5833333333333334,3.0473383320045486
mixed,mixed_pair_covariance,0.5871212121212122,3.0417955598121367
mixed,mixed_pair_covariance,0.5909090909090909,3.037242963543804
mixed,mixed_pair_covariance,0.5946969696969697,3.0350973847716105
mixed,mixed_pair_covariance,0.5984848484848485,3.0280010714272927
mixed,mixed_pair_covariance,0.6022727272727273,3.02027684660426
mixed,mixed_pair_covariance,0.6060606060606061,3.0376819123307324
mixed,mixed_pair_covariance,0.6098484848484849,3.0509638963086645
mixed,mixed_pair_covariance,0.6136363636363636,3.0560117540560676
mixed,mixed_pair_covariance,0.6174242424242424,3.0716142282516183
mixed,mixed_pair_covariance,0.6212121212121212,3.0788015691738466
mixed,mixed_pair_covariance,0.625,3.0786707178163204
mixed,mixed_pair_covariance,0.6287878787878788,3.095644845965128
mixed,mixed_pair_covariance,0.6325757575757576,3.0920538141874214
mixed,mixed_pair_covariance,0.6363636363636364,3.0840358587466183
mixed,mixed_pair_covariance,0.6401515151515151,3.11254357655478
mixed,mixed_pair_covariance,0.6439393939393939,3.117005238797667
mixed,mixed_pair_covariance,0.6477272727272727,3.122351085281066
mixed,mixed_pair_covariance,0.6515151515151515,3.124005937374472
mixed,mixed_pair_covariance,0.6553030303030303,3.1280768764604914
mixed,mixed_pair_covariance,0.6590909090909091,3.1259736636401385
mixed,mixed_pair_covariance,0.6628787878787878,3.1353264549351905
mixed,mixed_pair_covariance,0.6666666666666666,3.1364880197073894
mixed,mixed_pair_covariance,0.6704545454545454,3.1312046391658157
mixed,mixed_pair_covariance,0.6742424242424242,3.138502308703865
mixed,mixed_pair_covariance,0.678030303030303,3.1408210168514437
mixed,mixed_pair_covariance,0.6818181818181818,3.1387443250923748
mixed,mixed_pair_covariance,0.6856060606060606,3.135486135688554
mixed,mixed_pair_covariance,0.6893939393939394,3.1412555287676116
mixed,mixed_pair_covariance,0.6931818181818182,3.1434653266455808
mixed,mixed_pair_covariance,0.696969696969697,3.1363126802886203
mixed,mixed_pair_covariance,0.7007575757575758,3.135499837326997
mixed,mixed_pair_covariance,0.7045454545454546,3.1551864530474787
mixed,mixed_pair_covariance,0.7083333333333334,3.1486399564752077
mixed,mixed_pair_covariance,0.7121212121212122,3.148255411313109
mixed,mixed_pair_covariance,0.7159090909090909,3.1457696463117397
mixed,mixed_pair_covariance,0.7196969696969697,3.152181897053911
mixed,mixed_pair_covariance,0.7234848484848485,3.153185204325015
mixed,mixed_pair_covariance,0.7272727272727273,3.1641864596359492
mixed,mixed_pair_covariance,0.7310606060606061,3.1717197852722454
mixed,mixed_pair_covariance,0.7348484848484849,3.1645244277532867
mixed,mixed_pair_covariance,0.7386363636363636,3.1615582060460254
mixed,mixed_pair_covariance,0.7424242424242424,3.166713958366232
mixed,mixed_pair_covariance,0.7462121212121212,3.1820582052414124
mixed,mixed_pair_covariance,0.75,3.1749817446687616
mixed,mixed_pair_covariance,0.7537878787878788,3.171593466513548
mixed,mixed_pair_covariance,0.7575757575757576,3.167069667354776
mixed,mixed_pair_covariance,0.7613636363636364,3.1669863010788304
mixed,mixed_pair_covariance,0.7651515151515151,3.174945785416126
mixed,mixed_pair_covariance,0.7689393939393939,3.177373088143549
mixed,mixed_pair_covariance,0.7727272727272727,3.1739531168690758
mixed,mixed_pair_covariance,0.7765151515151515,3.168965073622465
mixed,mixed_pair_covariance,0.7803030303030303,3.184885042052293
mixed,mixed_pair_covariance,0.7840909090909091,3.1826261135350613
mixed,mixed_pair_covariance,0.7878787878787878,3.1811382371582497
mixed,mixed_pair_covariance,0.7916666666666666,3.181463649860658
mixed,mixed_pair_covariance,0.7954545454545454,3.1814655527278988
mixed,mixed_pair_covariance,0.7992424242424242,3.1805634187077643
mixed,mixed_pair_covariance,0.803030303030303,3.19536348215769
mixed,mixed_pair_covariance,0.8068181818181818,3.1993984021176765
mixed,mixed_pair_covariance,0.8106060606060606,3.205369684268368
mixed,mixed_pair_covariance,0.8143939393939394,3.2083352832517087
mixed,mixed_pair_covariance,0.8181818181818182,3.215882648258019
mixed,mixed_pair_covariance,0.821969696969697,3.216842903920355
mixed,mixed_pair_covariance,0.8257575757575758,3.223142842082305
mixed,mixed_pair_covariance,0.8295454545454546,3.2290117619387804
mixed,mixed_pair_covariance,0.8333333333333334,3.234055387162162
mixed,mixed_pair_covariance,0.8371212121212122,3.2319741296031785
mixed,mixed_pair_covariance,0.8409090909090909,3.2305969806500365
mixed,mixed_pair_covariance,0.8446969696969697,3.2406975109744685
mixed,mixed_pair_covariance,0.8484848484848485,3.250501082669908
mixed,mixed_pair_covariance,0.8522727272727273,3.256614410896981
mixed,mixed_pair_covariance,0.8560606060606061,3.2606147437543185
mixed,mixed_pair_covariance,0.8598484848484849,3.266145844111893
mixed,mixed_pair_covariance,0.8636363636363636,3.266155357831512
mixed,mixed_pair_covariance,0.8674242424242424,3.2787804861911893
mixed,mixed_pair_covariance,0.8712121212121212,3.282137238068144
mixed,mixed_pair_covariance,0.875,3.2759661678047443
mixed,mixed_pair_covariance,0.8787878787878788,3.270042665873181
mixed,mixed_pair_covariance,0.8825757575757576,3.266498173617297
mixed,mixed_pair_covariance,0.8863636363636364,3.2702066960574583
mixed,mixed_pair_covariance,0.8901515151515151,3.275497826221446
mixed,mixed_pair_covariance,0.8939393939393939,3.278189159864804
mixed,mixed_pair_covariance,0.8977272727272727,3.281417898316733
mixed,mixed_pair_covariance,0.9015151515151515,3.2827490180802665
mixed,mixed_pair_covariance,0.9053030303030303,3.282126234032468
mixed,mixed_pair_covariance,0.9090909090909091,3.28820907956158
mixed,mixed_pair_covariance,0.9128787878787878,3.290820821006321
mixed,mixed_pair_covariance,0.9166666666666666,3.2929034428357884
mixed,mixed_pair_covariance,0.9204545454545454,3.3042908812672795
mixed,mixed_pair_covariance,0.9242424242424242,3.3087130046975815
mixed,mixed_pair_covariance,0.928030303030303,3.3067325726970487
mixed,mixed_pair_covariance,0.9318181818181818,3.3118603299384843
mixed,mixed_pair_covariance,0.9356060606060606,3.314571231978142
mixed,mixed_pair_covariance,0.9393939393939394,3.3197341831423164
mixed,mixed_pair_covariance,0.9431818181818182,3.3293304004504485
mixed,mixed_pair_covariance,0.946969696969697,3.340153502083311
mixed,mixed_pair_covariance,0.9507575757575758,3.3486317173861515
mixed,mixed_pair_covariance,0.9545454545454546,3.3532177663428464
mixed,mixed_pair_covariance,0.9583333333333334,3.3553611960563487
mixed,mixed_pair_covariance,0.9621212121212122,3.3483852261118088
mixed,mixed_pair_covariance,0.9659090909090909,3.3547063037478395
mixed,mixed_pair_covariance,0.9696969696969697,3.360298843373838
mixed,mixed_pair_covariance,0.9734848484848485,3.3620512514614878
mixed,mixed_pair_covariance,0.9772727272727273,3.3600898235190484
mixed,mixed_pair_covariance,0.9810606060606061,3.3617058069800447
mixed,mixed_pair_covariance,0.9848484848484849,3.363537672927318
mixed,mixed_pair_covariance,0.9886363636363636,3.3659282690751127
mixed,mixed_pair_covariance,0.9924242424242424,3.3757864973411267
mixed,mixed_pair_covariance,0.9962121212121212,3.3785859697126597
mixed,mixed_pair_covariance,1.0,3.378830995288189
mixed,mixed_pair_disagreement,0.003787878787878788,2.818562516069987
mixed,mixed_pair_disagreement,0.007575757575757576,2.0747191149836803
mixed,mixed_pair_disagreement,0.011363636363636364,2.5256819410424622
mixed,mixed_pair_disagreement,0.015151515151515152,2.82838766525094
mixed,mixed_pair_disagreement,0.01893939393939394,2.7662996224182392
mixed,mixed_pair_disagreement,0.022727272727272728,2.660365032234463
mixed,mixed_pair_disagreement,0.026515151515151516,2.699105392126899
mixed,mixed_pair_disagreement,0.030303030303030304,2.963394295967101
mixed,mixed_pair_disagreement,0.03409090909090909,2.956269290705125
mixed,mixed_pair_disagreement,0.03787878787878788,2.9784254392247504
mixed,mixed_pair_disagreement,0.041666666666666664,2.9067008387862625
mixed,mixed_pair_disagreement,0.045454545454545456,2.917178104005813
mixed,mixed_pair_disagreement,0.04924242424242424,3.0113381832409036
mixed,mixed_pair_disagreement,0.05303030303030303,2.948803517191686
mixed,mixed_pair_disagreement,0.056818181818181816,2.921627216943548
mixed,mixed_pair_disagreement,0.06060606060606061,2.9577572434956347
mixed,mixed_pair_disagreement,0.06439393939393939,2.948731311231869
mixed,mixed_pair_disagreement,0.06818181818181818,2.979350099823399
mixed,mixed_pair_disagreement,0.07196969696969698,3.024593240584823
mixed,mixed_pair_disagreement,0.07575757575757576,3.1173992097848093
mixed,mixed_pair_disagreement,0.07954545454545454,3.040244782491691
mixed,mixed_pair_disagreement,0.08333333333333333,3.0495279503896318
mixed,mixed_pair_disagreement,0.08712121212121213,3.039710329579721
mixed,mixed_pair_disagreement,0.09090909090909091,3.012725184585848
mixed,mixed_pair_disagreement,0.0946969696969697,3.00240422907266
mixed,mixed_pair_disagreement,0.09848484848484848,2.9556484344633973
mixed,mixed_pair_disagreement,0.10227272727272728,3.0040786875058156
mixed,mixed_pair_disagreement,0.10606060606060606,2.9899612056780747
mixed,mixed_pair_disagreement,0.10984848484848485,2.9483494496351974
mixed,mixed_pair_disagreement,0.11363636363636363,2.9178723880175323
mixed,mixed_pair_disagreement,0.11742424242424243,2.895535900533089
mixed,mixed_pair_disagreement,0.12121212121212122,2.905402544369958
mixed,mixed_pair_disagreement,0.125,2.949510837374208
mixed,mixed_pair_disagreement,0.12878787878787878,2.9723971490995105
mixed,mixed_pair_disagreement,0.13257575757575757,2.9719499041456623
mixed,mixed_pair_disagreement,0.13636363636363635,2.990062714162517
mixed,mixed_pair_disagreement,0.14015151515151514,3.0388135960233775
mixed,mixed_pair_disagreement,0.14393939393939395,3.0281393407785866
mixed,mixed_pair_disagreement,0.14772727272727273,3.055638793423879
mixed,mixed_pair_disagreement,0.15151515151515152,3.069160117774518
mixed,mixed_pair_disagreement,0.1553030303030303,3.0647376372574353
mixed,mixed_pair_disagreement,0.1590909090909091,3.106615711888974
mixed,mixed_pair_disagreement,0.16287878787878787,3.1529600411485816
mixed,mixed_pair_disagreement,0.16666666666666666,3.1409415327485495
mixed,mixed_pair_disagreement,0.17045454545454544,3.165773653422374
mixed,mixed_pair_disagreement,0.17424242424242425,3.1502502965340864
mixed,mixed_pair_disagreement,0.17803030303030304,3.136336207791548
mixed,mixed_pair_disagreement,0.18181818181818182,3.1410271957389093
mixed,mixed_pair_disagreement,0.1856060606060606,3.170040760360506
mixed,mixed_pair_disagreement,0.1893939393939394,3.171508266853607
mixed,mixed_pair_disagreement,0.19318181818181818,3.2164730871751472
mixed,mixed_pair_disagreement,0.19696969696969696,3.197760060608401
mixed,mixed_pair_disagreement,0.20075757575757575,3.182725872690679
mixed,mixed_pair_disagreement,0.20454545454545456,3.1819822268947378
mixed,mixed_pair_disagreement,0.20833333333333334,3.192248747138113
mixed,mixed_pair_disagreement,0.21212121212121213,3.1905995608550772
mixed,mixed_pair_disagreement,0.2159090909090909,3.165525704060697
mixed,mixed_pair_disagreement,0.2196969696969697,3.1892802045945103
mixed,mixed_pair_disagreement,0.22348484848484848,3.1868380276103347
mixed,mixed_pair_disagreement,0.22727272727272727,3.1688526946570086
mixed,mixed_pair_disagreement,0.23106060606060605,3.153340440252865
mixed,mixed_pair_disagreement,0.23484848484848486,3.158860020040592
mixed,mixed_pair_disagreement,0.23863636363636365,3.168990382352769
mixed,mixed_pair_disagreement,0.24242424242424243,3.18343340351656
mixed,mixed_pair_disagreement,0.24621212121212122,3.1957148161836364
mixed,mixed_pair_disagreement,0.25,3.2061980017922873
mixed,mixed_pair_disagreement,0.2537878787878788,3.212545693074866
mixed,mixed_pair_disagreement,0.25757575757575757,3.212828151205377
mixed,mixed_pair_disagreement,0.26136363636363635,3.2223821089744473
mixed,mixed_pair_disagreement,0.26515151515151514,3.225628129589136
mixed,mixed_pair_disagreement,0.2689393939393939,3.1970454456995387
mixed,mixed_pair_disagreement,0.2727272727272727,3.184235827104446
mixed,mixed_pair_disagreement,0.2765151515151515,3.1999818969655003
mixed,mixed_pair_disagreement,0.2803030303030303,3.212136829909738
mixed,mixed_pair_disagreement,0.2840909090909091,3.2166890066656393
mixed,mixed_pair_disagreement,0.2878787878787879,3.23126077190229
mixed,mixed_pair_disagreement,0.2916666666666667,3.2419932816302706
mixed,mixed_pair_disagreement,0.29545454545454547,3.244751391632484
mixed,mixed_pair_disagreement,0.29924242424242425,3.231025883827637
mixed,mixed_pair_disagreement,0.30303030303030304,3.2275312419674336
mixed,mixed_pair_disagreement,0.3068181818181818,3.2090852375672054
mixed,mixed_pair_disagreement,0.3106060606060606,3.191622332808784
mixed,mixed_pair_disagreement,0.3143939393939394,3.1831267619291115
mixed,mixed_pair_disagreement,0.3181818181818182,3.162294764917281
mixed,mixed_pair_disagreement,0.32196969696969696,3.1677640373892832
mixed,mixed_pair_disagreement,0.32575757575757575,3.1489683452642443
mixed,mixed_pair_disagreement,0.32954545454545453,3.1404184276768548
mixed,mixed_pair_disagreement,0.3333333333333333,3.150540001986482
mixed,mixed_pair_disagreement,0.3371212121212121,3.1449592444958068
mixed,mixed_pair_disagreement,0.3409090909090909,3.144970502181847
mixed,mixed_pair_disagreement,0.3446969696969697,3.168841639338338
mixed,mixed_pair_disagreement,0.3484848484848485,3.189583569715047
mixed,mixed_pair_disagreement,0.3522727272727273,3.170449523680778
mixed,mixed_pair_disagreement,0.3560606060606061,3.177168462360528
mixed,mixed_pair_disagreement,0.35984848484848486,3.1949187277342834
mixed,mixed_pair_disagreement,0.36363636363636365,3.1823414910169667
mixed,mixed_pair_disagreement,0.36742424242424243,3.1792998805973256
mixed,mixed_pair_disagreement,0.3712121212121212,3.192294953613061
mixed,mixed_pair_disagreement,0.375,3.1845226754201508
mixed,mixed_pair_disagreement,0.3787878787878788,3.188036621484416
mixed,mixed_pair_disagreement,0.38257575757575757,3.1952601614451983
mixed,mixed_pair_disagreement,0.38636363636363635,3.193258029002679
mixed,mixed_pair_disagreement,0.39015151515151514,3.2085860836865296
mixed,mixed_pair_disagreement,0.3939393939393939,3.20670406763578
mixed,mixed_pair_disagreement,0.3977272727272727,3.2050285015396223
mixed,mixed_pair_disagreement,0.4015151515151515,3.205782117311609
mixed,mixed_pair_disagreement,0.4053030303030303,3.2069978099190757
mixed,mixed_pair_disagreement,0.4090909090909091,3.191411639023286
mixed,mixed_pair_disagreement,0.4128787878787879,3.192534265806829
mixed,mixed_pair_disagreement,0.4166666666666667,3.206752535260787
mixed,mixed_pair_disagreement,0.42045454545454547,3.1954773738392555
mixed,mixed_pair_disagreement,0.42424242424242425,3.1952398157507873
mixed,mixed_pair_disagreement,0.42803030303030304,3.199454347326794
mixed,mixed_pair_disagreement,0.4318181818181818,3.220324059999452
mixed,mixed_pair_disagreement,0.4356060606060606,3.222692016954135
mixed,mixed_pair_disagreement,0.4393939393939394,3.215489874318671
mixed,mixed_pair_disagreement,0.4431818181818182,3.202041466384737
mixed,mixed_pair_disagreement,0.44696969696969696,3.195021570937168
mixed,mixed_pair_disagreement,0.45075757575757575,3.1825529258791914
mixed,mixed_pair_disagreement,0.45454545454545453,3.178997517558892
mixed,mixed_pair_disagreement,0.4583333333333333,3.174167043999909
mixed,mixed_pair_disagreement,0.4621212121212121,3.1671894630139845
mixed,mixed_pair_disagreement,0.4659090909090909,3.1676341226725384
mixed,mixed_pair_disagreement,0.4696969696969697,3.154911107657225
mixed,mixed_pair_disagreement,0.4734848484848485,3.1596842134088
mixed,mixed_pair_disagreement,0.4772727272727273,3.1527471805914704
mixed,mixed_pair_disagreement,0.4810606060606061,3.1701150557217113
mixed,mixed_pair_disagreement,0.48484848484848486,3.166548712041834
mixed,mixed_pair_disagreement,0.48863636363636365,3.171231777812339
mixed,mixed_pair_disagreement,0.49242424242424243,3.1757245761632107
mixed,mixed_pair_disagreement,0.4962121212121212,3.1808116878476156
mixed,mixed_pair_disagreement,0.5,3.188151191438779
mixed,mixed_pair_disagreement,0.5037878787878788,3.1934542913131825
mixed,mixed_pair_disagreement,0.5075757575757576,3.2076444572383167
mixed,mixed_pair_disagreement,0.5113636363636364,3.2137043544302
mixed,mixed_pair_disagreement,0.5151515151515151,3.2056802925059897
mixed,mixed_pair_disagreement,0.5189393939393939,3.220283940444245
mixed,mixed_pair_disagreement,0.5227272727272727,3.2157028590344567
mixed,mixed_pair_disagreement,0.5265151515151515,3.206772608094161
mixed,mixed_pair_disagreement,0.5303030303030303,3.212251897279218
mixed,mixed_pair_disagreement,0.5340909090909091,3.2019588405201156
mixed,mixed_pair_disagreement,0.5378787878787878,3.1982753172955705
mixed,mixed_pair_disagreement,0.5416666666666666,3.199004304513368
mixed,mixed_pair_disagreement,0.5454545454545454,3.19473490533359
mixed,mixed_pair_disagreement,0.5492424242424242,3.193418964651624
mixed,mixed_pair_disagreement,0.553030303030303,3.2050676976189636
mixed,mixed_pair_disagreement,0.5568181818181818,3.201966680950667
mixed,mixed_pair_disagreement,0.5606060606060606,3.2021402735957682
mixed,mixed_pair_disagreement,0.5643939393939394,3.1958972564894164
mixed,mixed_pair_disagreement,0.5681818181818182,3.199306836672461
mixed,mixed_pair_disagreement,0.571969696969697,3.1936207828952887
mixed,mixed_pair_disagreement,0.5757575757575758,3.194491879561891
mixed,mixed_pair_disagreement,0.5795454545454546,3.2114975054687656
mixed,mixed_pair_disagreement,0.5833333333333334,3.2223348873087256
mixed,mixed_pair_disagreement,0.5871212121212122,3.220998533200433
mixed,mixed_pair_disagreement,0.5909090909090909,3.2235849240269174
mixed,mixed_pair_disagreement,0.5946969696969697,3.2210733868543353
mixed,mixed_pair_disagreement,0.5984848484848485,3.2326252291922515
mixed,mixed_pair_disagreement,0.6022727272727273,3.226247076697059
mixed,mixed_pair_disagreement,0.6060606060606061,3.23259952048666
mixed,mixed_pair_disagreement,0.6098484848484849,3.2450313925573315
mixed,mixed_pair_disagreement,0.6136363636363636,3.243199440080927
mixed,mixed_pair_disagreement,0.6174242424242424,3.242635923961999
mixed,mixed_pair_disagreement,0.6212121212121212,3.237932052788206
mixed,mixed_pair_disagreement,0.625,3.2298588012876084
mixed,mixed_pair_disagreement,0.6287878787878788,3.233736409586706
mixed,mixed_pair_disagreement,0.6325757575757576,3.2340040301901034
mixed,mixed_pair_disagreement,0.6363636363636364,3.22828096860781
mixed,mixed_pair_disagreement,0.6401515151515151,3.228889732561738
mixed,mixed_pair_disagreement,0.6439393939393939,3.2286970413324476
mixed,mixed_pair_disagreement,0.6477272727272727,3.2227863099927183
mixed,mixed_pair_disagreement,0.6515151515151515,3.2186402815296304
mixed,mixed_pair_disagreement,0.6553030303030303,3.2263975459512166
mixed,mixed_pair_disagreement,0.6590909090909091,3.228634211806515
mixed,mixed_pair_disagreement,0.6628787878787878,3.2258948431343413
mixed,mixed_pair_disagreement,0.6666666666666666,3.2244200471287168
mixed,mixed_pair_disagreement,0.6704545454545454,3.2237979889989146
mixed,mixed_pair_disagreement,0.6742424242424242,3.2167800539836295
mixed,mixed_pair_disagreement,0.678030303030303,3.2254228660564337
mixed,mixed_pair_disagreement,0.6818181818181818,3.2264923704650084
mixed,mixed_pair_disagreement,0.6856060606060606,3.2191831957594217
mixed,mixed_pair_disagreement,0.6893939393939394,3.227622576067381
mixed,mixed_pair_disagreement,0.6931818181818182,3.227290781507607
mixed,mixed_pair_disagreement,0.696969696969697,3.2179805788481564
mixed,mixed_pair_disagreement,0.7007575757575758,3.222143659775048
mixed,mixed_pair_disagreement,0.7045454545454546,3.2222334882852013
mixed,mixed_pair_disagreement,0.7083333333333334,3.2131475557369646
mixed,mixed_pair_disagreement,0.7121212121212122,3.2122335445255388
mixed,mixed_pair_disagreement,0.7159090909090909,3.20916031276719
mixed,mixed_pair_disagreement,0.7196969696969697,3.2055445399271654
mixed,mixed_pair_disagreement,0.7234848484848485,3.2027021316412867
mixed,mixed_pair_disagreement,0.7272727272727273,3.203291651113158
mixed,mixed_pair_disagreement,0.7310606060606061,3.1995916836310676
mixed,mixed_pair_disagreement,0.7348484848484849,3.20605497397298
mixed,mixed_pair_disagreement,0.7386363636363636,3.2086065197266556
mixed,mixed_pair_disagreement,0.7424242424242424,3.2140041716062164
mixed,mixed_pair_disagreement,0.7462121212121212,3.206424089111222
mixed,mixed_pair_disagreement,0.75,3.218966013135244
mixed,mixed_pair_disagreement,0.7537878787878788,3.2123693805538855
mixed,mixed_pair_disagreement,0.7575757575757576,3.2193797411435505
mixed,mixed_pair_disagreement,0.7613636363636364,3.2283725274127075
mixed,mixed_pair_disagreement,0.7651515151515151,3.2233547170388963
mixed,mixed_pair_disagreement,0.7689393939393939,3.2216807823641087
mixed,mixed_pair_disagreement,0.7727272727272727,3.2223332990804607
mixed,mixed_pair_disagreement,0.7765151515151515,3.2262366714574777
mixed,mixed_pair_disagreement,0.7803030303030303,3.2256884403262873
mixed,mixed_pair_disagreement,0.7840909090909091,3.230647303309071
mixed,mixed_pair_disagreement,0.7878787878787878,3.2302998659565723
mixed,mixed_pair_disagreement,0.7916666666666666,3.2254628209109555
mixed,mixed_pair_disagreement,0.7954545454545454,3.23132684467736
mixed,mixed_pair_disagreement,0.7992424242424242,3.235699098418792
mixed,mixed_pair_disagreement,0.803030303030303,3.2428879817449476
mixed,mixed_pair_disagreement,0.8068181818181818,3.2402568538157475
mixed,mixed_pair_disagreement,0.8106060606060606,3.2423284171822293
mixed,mixed_pair_disagreement,0.8143939393939394,3.2521900480947323
mixed,mixed_pair_disagreement,0.8181818181818182,3.2514359037773013
mixed,mixed_pair_disagreement,0.821969696969697,3.2595674356876305
mixed,mixed_pair_disagreement,0.8257575757575758,3.2566734856788364
mixed,mixed_pair_disagreement,0.8295454545454546,3.2712109566977525
mixed,mixed_pair_disagreement,0.8333333333333334,3.27326070733533
mixed,mixed_pair_disagreement,0.8371212121212122,3.273132436273277
mixed,mixed_pair_disagreement,0.8409090909090909,3.267751730479804
mixed,mixed_pair_disagreement,0.8446969696969697,3.272333800265398
mixed,mixed_pair_disagreement,0.8484848484848485,3.278333993764834
mixed,mixed_pair_disagreement,0.8522727272727273,3.275911543966197
mixed,mixed_pair_disagreement,0.8560606060606061,3.2816287268859425
mixed,mixed_pair_disagreement,0.8598484848484849,3.28524569057396
mixed,mixed_pair_disagreement,0.8636363636363636,3.293334612645071
mixed,mixed_pair_disagreement,0.8674242424242424,3.2859347996820887
mixed,mixed_pair_disagreement,0.8712121212121212,3.297276897561453
mixed,mixed_pair_disagreement,0.875,3.2928476458247293
mixed,mixed_pair_disagreement,0.8787878787878788,3.2998484924511065
mixed,mixed_pair_disagreement,0.8825757575757576,3.2987197678946614
mixed,mixed_pair_disagreement,0.8863636363636364,3.3036044578506885
mixed,mixed_pair_disagreement,0.8901515151515151,3.306691901262408
mixed,mixed_pair_disagreement,0.8939393939393939,3.3142154139585664
mixed,mixed_pair_disagreement,0.8977272727272727,3.317439446079598
mixed,mixed_pair_disagreement,0.9015151515151515,3.3200720814227402
mixed,mixed_pair_disagreement,0.9053030303030303,3.3117602815013325
mixed,mixed_pair_disagreement,0.9090909090909091,3.306712947942676
mixed,mixed_pair_disagreement,0.9128787878787878,3.302438535770559
mixed,mixed_pair_disagreement,0.9166666666666666,3.30808409048586
mixed,mixed_pair_disagreement,0.9204545454545454,3.315144856408042
mixed,mixed_pair_disagreement,0.9242424242424242,3.3159204754045746
mixed,mixed_pair_disagreement,0.928030303030303,3.3136141801046435
mixed,mixed_pair_disagreement,0.9318181818181818,3.318110503936431
mixed,mixed_pair_disagreement,0.9356060606060606,3.3253754637202966
mixed,mixed_pair_disagreement,0.9393939393939394,3.3278369847129814
mixed,mixed_pair_disagreement,0.9431818181818182,3.3327756523048158
mixed,mixed_pair_disagreement,0.946969696969697,3.3336633893811243
mixed,mixed_pair_disagreement,0.9507575757575758,3.3400072378212076
mixed,mixed_pair_disagreement,0.9545454545454546,3.340047141934145
mixed,mixed_pair_disagreement,0.9583333333333334,3.342179008281508
mixed,mixed_pair_disagreement,0.9621212121212122,3.347633206473993
mixed,mixed_pair_disagreement,0.9659090909090909,3.3605164413187123
mixed,mixed_pair_disagreement,0.9696969696969697,3.3645137196921873
mixed,mixed_pair_disagreement,0.9734848484848485,3.359527668351049
mixed,mixed_pair_disagreement,0.9772727272727273,3.364329771676168
mixed,mixed_pair_disagreement,0.9810606060606061,3.3638715627798157
mixed,mixed_pair_disagreement,0.9848484848484849,3.3788085649483866
mixed,mixed_pair_disagreement,0.9886363636363636,3.3764065744290073
mixed,mixed_pair_disagreement,0.9924242424242424,3.3784130736675686
mixed,mixed_pair_disagreement,0.9962121212121212,3.3804158149921517
mixed,mixed_pair_disagreement,1.0,3.378830995288188
mixed,gaussian_expected,0.003787878787878788,2.5718309269531585
mixed,gaussian_expected,0.007575757575757576,2.4904999661339335
mixed,gaussian_expected,0.011363636363636364,2.38020045373966
mixed,gaussian_expected,0.015151515151515152,2.9338057853336976
mixed,gaussian_expected,0.01893939393939394,2.765810597853719
mixed,gaussian_expected,0.022727272727272728,2.866738012049756
mixed,gaussian_expected,0.026515151515151516,2.949164315314171
mixed,gaussian_expected,0.030303030303030304,3.1094695915277692
mixed,gaussian_expected,0.03409090909090909,3.3258689428897874
mixed,gaussian_expected,0.03787878787878788,3.2055048742170675
mixed,gaussian_expected,0.041666666666666664,3.235946230510083
mixed,gaussian_expected,0.045454545454545456,3.278914133028701
mixed,gaussian_expected,0.04924242424242424,3.2412472427566548
mixed,gaussian_expected,0.05303030303030303,3.187195107416068
mixed,gaussian_expected,0.056818181818181816,3.1616761688705957
mixed,gaussian_expected,0.06060606060606061,3.1553028578467104
mixed,gaussian_expected,0.06439393939393939,3.0854453541488382
mixed,gaussian_expected,0.06818181818181818,3.0593581523552213
mixed,gaussian_expected,0.07196969696969698,3.070031312021532
mixed,gaussian_expected,0.07575757575757576,3.076806373560166
mixed,gaussian_expected,0.07954545454545454,3.048300483586423
mixed,gaussian_expected,0.08333333333333333,3.000095079572977
mixed,gaussian_expected,0.08712121212121213,2.9899836962112203
mixed,gaussian_expected,0.09090909090909091,2.9820238321655292
mixed,gaussian_expected,0.0946969696969697,2.960979920880488
mixed,gaussian_expected,0.09848484848484848,3.013276254271991
mixed,gaussian_expected,0.10227272727272728,2.9892454090182845
mixed,gaussian_expected,0.10606060606060606,2.9566634386657333
mixed,gaussian_expected,0.10984848484848485,2.9294937139402712
mixed,gaussian_expected,0.11363636363636363,2.9247030852935265
mixed,gaussian_expected,0.11742424242424243,2.869987440182196
mixed,gaussian_expected,0.12121212121212122,2.8548836123442585
mixed,gaussian_expected,0.125,2.8884888445493497
mixed,gaussian_expected,0.12878787878787878,2.8975572405630428
mixed,gaussian_expected,0.13257575757575757,2.8855018249456754
mixed,gaussian_expected,0.13636363636363635,2.9309136146662014
mixed,gaussian_expected,0.14015151515151514,2.9134768848753345
mixed,gaussian_expected,0.14393939393939395,2.9035668016049043
mixed,gaussian_expected,0.14772727272727273,2.8895409289021767
mixed,gaussian_expected,0.15151515151515152,2.8641775927621644
mixed,gaussian_expected,0.1553030303030303,2.84502203688974
mixed,gaussian_expected,0.1590909090909091,2.8484837056630923
mixed,gaussian_expected,0.16287878787878787,2.8569763088367512
mixed,gaussian_expected,0.16666666666666666,2.8462873780065507
mixed,gaussian_expected,0.17045454545454544,2.83948780713296
mixed,gaussian_expected,0.17424242424242425,2.8132496343495306
mixed,gaussian_expected,0.17803030303030304,2.8207960706098842
mixed,gaussian_expected,0.18181818181818182,2.819034842734357
mixed,gaussian_expected,0.1856060606060606,2.83790246167845
mixed,gaussian_expected,0.1893939393939394,2.838770380364366
mixed,gaussian_expected,0.19318181818181818,2.8268451992053314
mixed,gaussian_expected,0.19696969696969696,2.8041793759471187
mixed,gaussian_expected,0.20075757575757575,2.803795427172137
mixed,gaussian_expected,0.20454545454545456,2.8086486684798313
mixed,gaussian_expected,0.20833333333333334,2.8127680941852318
mixed,gaussian_expected,0.21212121212121213,2.8115771313281734
mixed,gaussian_expected,0.2159090909090909,2.792546703892518
mixed,gaussian_expected,0.2196969696969697,2.841927617782186
mixed,gaussian_expected,0.22348484848484848,2.872617153051477
mixed,gaussian_expected,0.22727272727272727,2.8720198029787056
mixed,gaussian_expected,0.23106060606060605,2.866803178795644
mixed,gaussian_expected,0.23484848484848486,2.89378877351414
mixed,gaussian_expected,0.23863636363636365,2.8696893702507222
mixed,gaussian_expected,0.24242424242424243,2.904101423246976
mixed,gaussian_expected,0.24621212121212122,2.907273290310506
mixed,gaussian_expected,0.25,2.897897389725633
mixed,gaussian_expected,0.2537878787878788,2.909911940630081
mixed,gaussian_expected,0.25757575757575757,2.899811943585897
mixed,gaussian_expected,0.26136363636363635,2.9098747962073523
mixed,gaussian_expected,0.26515151515151514,2.9072936707036696
mixed,gaussian_expected,0.2689393939393939,2.90030874876685
mixed,gaussian_expected,0.2727272727272727,2.92339528346891
mixed,gaussian_expected,0.2765151515151515,2.919816228038735
mixed,gaussian_expected,0.2803030303030303,2.9257514036910615
mixed,gaussian_expected,0.2840909090909091,2.9451644869421174
mixed,gaussian_expected,0.2878787878787879,2.9509817909617038
mixed,gaussian_expected,0.2916666666666667,2.942412453618184
mixed,gaussian_expected,0.29545454545454547,2.9522263613447017
mixed,gaussian_expected,0.29924242424242425,2.943240210781262
mixed,gaussian_expected,0.30303030303030304,2.969442241759969
mixed,gaussian_expected,0.3068181818181818,2.9677403711917774
mixed,gaussian_expected,0.3106060606060606,2.9761143624418573
mixed,gaussian_expected,0.3143939393939394,2.9591344461365554
mixed,gaussian_expected,0.3181818181818182,2.941664293831764
mixed,gaussian_expected,0.32196969696969696,2.93811599972925
mixed,gaussian_expected,0.32575757575757575,2.9298882864284113
mixed,gaussian_expected,0.32954545454545453,2.9211098309693155
mixed,gaussian_expected,0.3333333333333333,2.905908631473633
mixed,gaussian_expected,0.3371212121212121,2.8959685221128044
mixed,gaussian_expected,0.3409090909090909,2.8906449200162445
mixed,gaussian_expected,0.3446969696969697,2.900912785655812
mixed,gaussian_expected,0.3484848484848485,2.8960563836502025
mixed,gaussian_expected,0.3522727272727273,2.900318361818582
mixed,gaussian_expected,0.3560606060606061,2.910353062917323
mixed,gaussian_expected,0.35984848484848486,2.9056287100687856
mixed,gaussian_expected,0.36363636363636365,2.911899178675671
mixed,gaussian_expected,0.36742424242424243,2.913745375933782
mixed,gaussian_expected,0.3712121212121212,2.9102023989512227
mixed,gaussian_expected,0.375,2.9080346131482955
mixed,gaussian_expected,0.3787878787878788,2.9258413408552406
mixed,gaussian_expected,0.38257575757575757,2.947558557614739
mixed,gaussian_expected,0.38636363636363635,2.958748194471496
mixed,gaussian_expected,0.39015151515151514,2.961218132982659
mixed,gaussian_expected,0.3939393939393939,2.972704051907232
mixed,gaussian_expected,0.3977272727272727,2.9683837543051936
mixed,gaussian_expected,0.4015151515151515,2.9652651555073866
mixed,gaussian_expected,0.4053030303030303,2.974556180908866
mixed,gaussian_expected,0.4090909090909091,2.9691475696867786
mixed,gaussian_expected,0.4128787878787879,2.9705873002181478
mixed,gaussian_expected,0.4166666666666667,2.988019243652253
mixed,gaussian_expected,0.42045454545454547,2.986890161586644
mixed,gaussian_expected,0.42424242424242425,2.992282822553456
mixed,gaussian_expected,0.42803030303030304,2.9948717493307364
mixed,gaussian_expected,0.4318181818181818,3.0017928216478738
mixed,gaussian_expected,0.4356060606060606,3.014070284707618
mixed,gaussian_expected,0.4393939393939394,3.0175220489471983
mixed,gaussian_expected,0.4431818181818182,3.0348664203680733
mixed,gaussian_expected,0.44696969696969696,3.0359508410026828
mixed,gaussian_expected,0.45075757575757575,3.0314337957876685
mixed,gaussian_expected,0.45454545454545453,3.0239448067848307
mixed,gaussian_expected,0.4583333333333333,3.035825928749015
mixed,gaussian_expected,0.4621212121212121,3.0290231475108684
mixed,gaussian_expected,0.4659090909090909,3.0290792120030225
mixed,gaussian_expected,0.4696969696969697,3.0398075392137947
mixed,gaussian_expected,0.4734848484848485,3.056477909026879
mixed,gaussian_expected,0.4772727272727273,3.0680138192990296
mixed,gaussian_expected,0.4810606060606061,3.075014754530583
mixed,gaussian_expected,0.48484848484848486,3.0905963898816857
mixed,gaussian_expected,0.48863636363636365,3.093293259862357
mixed,gaussian_expected,0.49242424242424243,3.0891965090239304
mixed,gaussian_expected,0.4962121212121212,3.087354809196619
mixed,gaussian_expected,0.5,3.088778782431827
mixed,gaussian_expected,0.5037878787878788,3.0918694474791386
mixed,gaussian_expected,0.5075757575757576,3.086029893086509
mixed,gaussian_expected,0.5113636363636364,3.0946145121060993
mixed,gaussian_expected,0.5151515151515151,3.090273938858687
mixed,gaussian_expected,0.5189393939393939,3.0885326171622522
mixed,gaussian_expected,0.5227272727272727,3.0925218251879367
mixed,gaussian_expected,0.5265151515151515,3.096092497164134
mixed,gaussian_expected,0.5303030303030303,3.0836882576030233
mixed,gaussian_expected,0.5340909090909091,3.093764984637955
mixed,gaussian_expected,0.5378787878787878,3.0938384507551073
mixed,gaussian_expected,0.5416666666666666,3.092946629489474
mixed,gaussian_expected,0.5454545454545454,3.090100434099918
mixed,gaussian_expected,0.5492424242424242,3.090815347246055
mixed,gaussian_expected,0.553030303030303,3.0931550750275996
mixed,gaussian_expected,0.5568181818181818,3.099852389021803
mixed,gaussian_expected,0.5606060606060606,3.10818279706957
mixed,gaussian_expected,0.5643939393939394,3.102409147342707
mixed,gaussian_expected,0.5681818181818182,3.102174182648741
mixed,gaussian_expected,0.571969696969697,3.1097941668277205
mixed,gaussian_expected,0.5757575757575758,3.106956596561252
mixed,gaussian_expected,0.5795454545454546,3.111664342080889
mixed,gaussian_expected,0.5833333333333334,3.114663398396964
mixed,gaussian_expected,0.5871212121212122,3.110867424576522
mixed,gaussian_expected,0.5909090909090909,3.107323614699259
mixed,gaussian_expected,0.5946969696969697,3.106324878659226
mixed,gaussian_expected,0.5984848484848485,3.09964174343825
mixed,gaussian_expected,0.6022727272727273,3.102327794535009
mixed,gaussian_expected,0.6060606060606061,3.1055944656059595
mixed,gaussian_expected,0.6098484848484849,3.121485949641991
mixed,gaussian_expected,0.6136363636363636,3.1322843759088372
mixed,gaussian_expected,0.6174242424242424,3.1455319979305734
mixed,gaussian_expected,0.6212121212121212,3.1525613295396826
mixed,gaussian_expected,0.625,3.1608400512373707
mixed,gaussian_expected,0.6287878787878788,3.154557882941185
mixed,gaussian_expected,0.6325757575757576,3.1549872976760702
mixed,gaussian_expected,0.6363636363636364,3.172330745110965
mixed,gaussian_expected,0.6401515151515151,3.1764809669713077
mixed,gaussian_expected,0.6439393939393939,3.1946948159539565
mixed,gaussian_expected,0.6477272727272727,3.19649433147923
mixed,gaussian_expected,0.6515151515151515,3.2011583239685177
mixed,gaussian_expected,0.6553030303030303,3.197874008032647
mixed,gaussian_expected,0.6590909090909091,3.198481858230584
mixed,gaussian_expected,0.6628787878787878,3.210278842838106
mixed,gaussian_expected,0.6666666666666666,3.207399246469649
mixed,gaussian_expected,0.6704545454545454,3.2213059890228095
mixed,gaussian_expected,0.6742424242424242,3.2192126725145958
mixed,gaussian_expected,0.678030303030303,3.219720277782136
mixed,gaussian_expected,0.6818181818181818,3.2154704589823617
mixed,gaussian_expected,0.6856060606060606,3.2112352286897337
mixed,gaussian_expected,0.6893939393939394,3.2100202513887646
mixed,gaussian_expected,0.6931818181818182,3.2030054800018157
mixed,gaussian_expected,0.696969696969697,3.220490778514906
mixed,gaussian_expected,0.7007575757575758,3.220958981491402
mixed,gaussian_expected,0.7045454545454546,3.237184488519638
mixed,gaussian_expected,0.7083333333333334,3.2522880985590192
mixed,gaussian_expected,0.7121212121212122,3.2464918474999993
mixed,gaussian_expected,0.7159090909090909,3.2470804886202576
mixed,gaussian_expected,0.7196969696969697,3.2381536337860717
mixed,gaussian_expected,0.7234848484848485,3.230115624738992
mixed,gaussian_expected,0.7272727272727273,3.2432717592672504
mixed,gaussian_expected,0.7310606060606061,3.2538806473901283
mixed,gaussian_expected,0.7348484848484849,3.2559615065671665
mixed,gaussian_expected,0.7386363636363636,3.259432663500981
mixed,gaussian_expected,0.7424242424242424,3.2562725680973537
mixed,gaussian_expected,0.7462121212121212,3.2529540401467814
mixed,gaussian_expected,0.75,3.24949292779838
mixed,gaussian_expected,0.7537878787878788,3.2459364068167367
mixed,gaussian_expected,0.7575757575757576,3.2443672218805015
mixed,gaussian_expected,0.7613636363636364,3.2374927979231853
mixed,gaussian_expected,0.7651515151515151,3.2434940070787643
mixed,gaussian_expected,0.7689393939393939,3.2545553161950256
mixed,gaussian_expected,0.7727272727272727,3.24926163821425
mixed,gaussian_expected,0.7765151515151515,3.257993286480488
mixed,gaussian_expected,0.7803030303030303,3.256751865098829
mixed,gaussian_expected,0.7840909090909091,3.2596098675163137
mixed,gaussian_expected,0.7878787878787878,3.257441533162558
mixed,gaussian_expected,0.7916666666666666,3.2542160645373257
mixed,gaussian_expected,0.7954545454545454,3.2552693181188395
mixed,gaussian_expected,0.7992424242424242,3.264666212204508
mixed,gaussian_expected,0.803030303030303,3.2593126037415003
mixed,gaussian_expected,0.8068181818181818,3.2657466029765936
mixed,gaussian_expected,0.8106060606060606,3.273391916764473
mixed,gaussian_expected,0.8143939393939394,3.281687013125147
mixed,gaussian_expected,0.8181818181818182,3.2924665582377304
mixed,gaussian_expected,0.821969696969697,3.3066672774975423
mixed,gaussian_expected,0.8257575757575758,3.3049215479055243
mixed,gaussian_expected,0.8295454545454546,3.30662851010169
mixed,gaussian_expected,0.8333333333333334,3.3031958295908184
mixed,gaussian_expected,0.8371212121212122,3.3045984651054052
mixed,gaussian_expected,0.8409090909090909,3.314038528193779
mixed,gaussian_expected,0.8446969696969697,3.3252848157642423
mixed,gaussian_expected,0.8484848484848485,3.3259599002498454
mixed,gaussian_expected,0.8522727272727273,3.3294666717845707
mixed,gaussian_expected,0.8560606060606061,3.3286075103462487
mixed,gaussian_expected,0.8598484848484849,3.3337971782920395
mixed,gaussian_expected,0.8636363636363636,3.3380944382089415
mixed,gaussian_expected,0.8674242424242424,3.3363020332278324
mixed,gaussian_expected,0.8712121212121212,3.3444837071230875
mixed,gaussian_expected,0.875,3.3385294461904937
mixed,gaussian_expected,0.8787878787878788,3.3361136576297645
mixed,gaussian_expected,0.8825757575757576,3.336932801396484
mixed,gaussian_expected,0.8863636363636364,3.333604929488214
mixed,gaussian_expected,0.8901515151515151,3.3358386004076057
mixed,gaussian_expected,0.8939393939393939,3.3404297160681797
mixed,gaussian_expected,0.8977272727272727,3.3401287455558113
mixed,gaussian_expected,0.9015151515151515,3.336351724329281
mixed,gaussian_expected,0.9053030303030303,3.34311269148953
mixed,gaussian_expected,0.9090909090909091,3.3511470518822057
mixed,gaussian_expected,0.9128787878787878,3.35965997918999
mixed,gaussian_expected,0.9166666666666666,3.3647656615896118
mixed,gaussian_expected,0.9204545454545454,3.3699805220791887
mixed,gaussian_expected,0.9242424242424242,3.375879128132569
mixed,gaussian_expected,0.928030303030303,3.3817858416465114
mixed,gaussian_expected,0.9318181818181818,3.3906063268689324
mixed,gaussian_expected,0.9356060606060606,3.4022592637467537
mixed,gaussian_expected,0.9393939393939394,3.4064347790380047
mixed,gaussian_expected,0.9431818181818182,3.4108185951351975
mixed,gaussian_expected,0.946969696969697,3.422646973461019
mixed,gaussian_expected,0.9507575757575758,3.4285864495700977
mixed,gaussian_expected,0.9545454545454546,3.4333839597444573
mixed,gaussian_expected,0.9583333333333334,3.434041733822969
mixed,gaussian_expected,0.9621212121212122,3.438566897490037
mixed,gaussian_expected,0.9659090909090909,3.4353209872553396
mixed,gaussian_expected,0.9696969696969697,3.437998574313539
mixed,gaussian_expected,0.9734848484848485,3.4425381439156513
mixed,gaussian_expected,0.9772727272727273,3.443368684890066
mixed,gaussian_expected,0.9810606060606061,3.4518008567674614
mixed,gaussian_expected,0.9848484848484849,3.4461538686616984
mixed,gaussian_expected,0.9886363636363636,3.4461430778894897
mixed,gaussian_expected,0.9924242424242424,3.456181585185804
mixed,gaussian_expected,0.9962121212121212,3.462427359322176
mixed,gaussian_expected,1.0,3.4604983968295833
from_SLR,ordinary_dispersion,0.007575757575757576,5.756834296263666
from_SLR,ordinary_dispersion,0.015151515151515152,5.554904349564244
from_SLR,ordinary_dispersion,0.022727272727272728,5.925916783088205
from_SLR,ordinary_dispersion,0.030303030303030304,5.934106769450126
from_SLR,ordinary_dispersion,0.03787878787878788,5.653695586308101
from_SLR,ordinary_dispersion,0.045454545454545456,5.190914527526249
from_SLR,ordinary_dispersion,0.05303030303030303,5.016034378559429
from_SLR,ordinary_dispersion,0.06060606060606061,5.177620682258022
from_SLR,ordinary_dispersion,0.06818181818181818,5.399466265770719
from_SLR,ordinary_dispersion,0.07575757575757576,5.581463514947619
from_SLR,ordinary_dispersion,0.08333333333333333,5.48120432565256
from_SLR,ordinary_dispersion,0.09090909090909091,5.3511510601326
from_SLR,ordinary_dispersion,0.09848484848484848,5.41959544612558
from_SLR,ordinary_dispersion,0.10606060606060606,5.307001832936734
from_SLR,ordinary_dispersion,0.11363636363636363,5.43468885775781
from_SLR,ordinary_dispersion,0.12121212121212122,5.506299486567461
from_SLR,ordinary_dispersion,0.12878787878787878,5.61757854538168
from_SLR,ordinary_dispersion,0.13636363636363635,5.718191241028822
from_SLR,ordinary_dispersion,0.14393939393939395,5.594976878057749
from_SLR,ordinary_dispersion,0.15151515151515152,5.557233425461569
from_SLR,ordinary_dispersion,0.1590909090909091,5.506032430896803
from_SLR,ordinary_dispersion,0.16666666666666666,5.444885303804863
from_SLR,ordinary_dispersion,0.17424242424242425,5.489339288245406
from_SLR,ordinary_dispersion,0.18181818181818182,5.401664003004229
from_SLR,ordinary_dispersion,0.1893939393939394,5.340231533566725
from_SLR,ordinary_dispersion,0.19696969696969696,5.341939797659626
from_SLR,ordinary_dispersion,0.20454545454545456,5.246553767682911
from_SLR,ordinary_dispersion,0.21212121212121213,5.219713546821475
from_SLR,ordinary_dispersion,0.2196969696969697,5.255041365121637
from_SLR,ordinary_dispersion,0.22727272727272727,5.25589405625399
from_SLR,ordinary_dispersion,0.23484848484848486,5.308772490613941
from_SLR,ordinary_dispersion,0.24242424242424243,5.300643043806223
from_SLR,ordinary_dispersion,0.25,5.2458453799816205
from_SLR,ordinary_dispersion,0.25757575757575757,5.252774122230796
from_SLR,ordinary_dispersion,0.26515151515151514,5.26686356131592
from_SLR,ordinary_dispersion,0.2727272727272727,5.301056317390005
from_SLR,ordinary_dispersion,0.2803030303030303,5.287326292323459
from_SLR,ordinary_dispersion,0.2878787878787879,5.290077455285609
from_SLR,ordinary_dispersion,0.29545454545454547,5.386500121824807
from_SLR,ordinary_dispersion,0.30303030303030304,5.354875202964922
from_SLR,ordinary_dispersion,0.3106060606060606,5.415031812327658
from_SLR,ordinary_dispersion,0.3181818181818182,5.381995788763615
from_SLR,ordinary_dispersion,0.32575757575757575,5.421538012268621
from_SLR,ordinary_dispersion,0.3333333333333333,5.474442177763643
from_SLR,ordinary_dispersion,0.3409090909090909,5.498408901616191
from_SLR,ordinary_dispersion,0.3484848484848485,5.5203159205714725
from_SLR,ordinary_dispersion,0.3560606060606061,5.5600777343942624
from_SLR,ordinary_dispersion,0.36363636363636365,5.584615511912933
from_SLR,ordinary_dispersion,0.3712121212121212,5.545194853707962
from_SLR,ordinary_dispersion,0.3787878787878788,5.568426378072033
from_SLR,ordinary_dispersion,0.38636363636363635,5.5133464860274115
from_SLR,ordinary_dispersion,0.3939393939393939,5.532249307930606
from_SLR,ordinary_dispersion,0.4015151515151515,5.480291221075366
from_SLR,ordinary_dispersion,0.4090909090909091,5.456995573465014
from_SLR,ordinary_dispersion,0.4166666666666667,5.438510293076902
from_SLR,ordinary_dispersion,0.42424242424242425,5.455030395456466
from_SLR,ordinary_dispersion,0.4318181818181818,5.468973944713873
from_SLR,ordinary_dispersion,0.4393939393939394,5.445926881632815
from_SLR,ordinary_dispersion,0.44696969696969696,5.449914121696114
from_SLR,ordinary_dispersion,0.45454545454545453,5.4752563316072695
from_SLR,ordinary_dispersion,0.4621212121212121,5.538831030147853
from_SLR,ordinary_dispersion,0.4696969696969697,5.539782984997682
from_SLR,ordinary_dispersion,0.4772727272727273,5.555616396556478
from_SLR,ordinary_dispersion,0.48484848484848486,5.546704856376279
from_SLR,ordinary_dispersion,0.49242424242424243,5.552307619998284
from_SLR,ordinary_dispersion,0.5,5.516232406185131
from_SLR,ordinary_dispersion,0.5075757575757576,5.511879069501592
from_SLR,ordinary_dispersion,0.5151515151515151,5.49218429502908
from_SLR,ordinary_dispersion,0.5227272727272727,5.4624349419734095
from_SLR,ordinary_dispersion,0.5303030303030303,5.467077047687003
from_SLR,ordinary_dispersion,0.5378787878787878,5.429129095171437
from_SLR,ordinary_dispersion,0.5454545454545454,5.443228116226092
from_SLR,ordinary_dispersion,0.553030303030303,5.4552473355062086
from_SLR,ordinary_dispersion,0.5606060606060606,5.460363210685717
from_SLR,ordinary_dispersion,0.5681818181818182,5.44640416531599
from_SLR,ordinary_dispersion,0.5757575757575758,5.469563379787437
from_SLR,ordinary_dispersion,0.5833333333333334,5.481368875706129
from_SLR,ordinary_dispersion,0.5909090909090909,5.419412577833942
from_SLR,ordinary_dispersion,0.5984848484848485,5.423016931424297
from_SLR,ordinary_dispersion,0.6060606060606061,5.418850978243573
from_SLR,ordinary_dispersion,0.6136363636363636,5.390443220841661
from_SLR,ordinary_dispersion,0.6212121212121212,5.384432493477611
from_SLR,ordinary_dispersion,0.6287878787878788,5.380983648188679
from_SLR,ordinary_dispersion,0.6363636363636364,5.344707119554093
from_SLR,ordinary_dispersion,0.6439393939393939,5.364686119117138
from_SLR,ordinary_dispersion,0.6515151515151515,5.347964134487114
from_SLR,ordinary_dispersion,0.6590909090909091,5.31624667464379
from_SLR,ordinary_dispersion,0.6666666666666666,5.316547589605411
from_SLR,ordinary_dispersion,0.6742424242424242,5.271193078506895
from_SLR,ordinary_dispersion,0.6818181818181818,5.287527820644668
from_SLR,ordinary_dispersion,0.6893939393939394,5.276165823435863
from_SLR,ordinary_dispersion,0.696969696969697,5.259429410225198
from_SLR,ordinary_dispersion,0.7045454545454546,5.26210859008697
from_SLR,ordinary_dispersion,0.7121212121212122,5.26221052180339
from_SLR,ordinary_dispersion,0.7196969696969697,5.249657860473989
from_SLR,ordinary_dispersion,0.7272727272727273,5.235697734972262
from_SLR,ordinary_dispersion,0.7348484848484849,5.207214736472793
from_SLR,ordinary_dispersion,0.7424242424242424,5.212082491939214
from_SLR,ordinary_dispersion,0.75,5.192537336379027
from_SLR,ordinary_dispersion,0.7575757575757576,5.198498945868089
from_SLR,ordinary_dispersion,0.7651515151515151,5.184408827138219
from_SLR,ordinary_dispersion,0.7727272727272727,5.154816443950885
from_SLR,ordinary_dispersion,0.7803030303030303,5.144212368590195
from_SLR,ordinary_dispersion,0.7878787878787878,5.144939791371542
from_SLR,ordinary_dispersion,0.7954545454545454,5.1174105294156265
from_SLR,ordinary_dispersion,0.803030303030303,5.108705250607511
from_SLR,ordinary_dispersion,0.8106060606060606,5.089568395121342
from_SLR,ordinary_dispersion,0.8181818181818182,5.077819996178725
from_SLR,ordinary_dispersion,0.8257575757575758,5.066029863346066
from_SLR,ordinary_dispersion,0.8333333333333334,5.045371054752832
from_SLR,ordinary_dispersion,0.8409090909090909,5.030970352601204
from_SLR,ordinary_dispersion,0.8484848484848485,5.049183370526218
from_SLR,ordinary_dispersion,0.8560606060606061,5.0289267444376975
from_SLR,ordinary_dispersion,0.8636363636363636,5.007008925682901
from_SLR,ordinary_dispersion,0.8712121212121212,5.002845110617542
from_SLR,ordinary_dispersion,0.8787878787878788,5.00302307322769
from_SLR,ordinary_dispersion,0.8863636363636364,4.991085401808713
from_SLR,ordinary_dispersion,0.8939393939393939,4.979201751529289
from_SLR,ordinary_dispersion,0.9015151515151515,4.96784851241086
from_SLR,ordinary_dispersion,0.9090909090909091,4.954306316461583
from_SLR,ordinary_dispersion,0.9166666666666666,4.955004701679081
from_SLR,ordinary_dispersion,0.9242424242424242,4.97339036484797
from_SLR,ordinary_dispersion,0.9318181818181818,4.9542956384222805
from_SLR,ordinary_dispersion,0.9393939393939394,4.965125318089922
from_SLR,ordinary_dispersion,0.946969696969697,4.971587920195511
from_SLR,ordinary_dispersion,0.9545454545454546,4.971412523520488
from_SLR,ordinary_dispersion,0.9621212121212122,4.980971512989096
from_SLR,ordinary_dispersion,0.9696969696969697,4.983649459962262
from_SLR,ordinary_dispersion,0.9772727272727273,4.985157470308863
from_SLR,ordinary_dispersion,0.9848484848484849,4.994782478171762
from_SLR,ordinary_dispersion,0.9924242424242424,5.004871757114292
from_SLR,ordinary_dispersion,1.0,5.019303015363469
from_SLR,ordinary_gaussian_expected,0.007575757575757576,3.2876975699008093
from_SLR,ordinary_gaussian_expected,0.015151515151515152,3.023933801655873
from_SLR,ordinary_gaussian_expected,0.022727272727272728,3.2027317104137563
from_SLR,ordinary_gaussian_expected,0.030303030303030304,2.9078483349676305
from_SLR,ordinary_gaussian_expected,0.03787878787878788,3.009408720056655
from_SLR,ordinary_gaussian_expected,0.045454545454545456,2.9351756514582275
from_SLR,ordinary_gaussian_expected,0.05303030303030303,3.081088193035217
from_SLR,ordinary_gaussian_expected,0.06060606060606061,2.9914950412253325
from_SLR,ordinary_gaussian_expected,0.06818181818181818,2.954165827158272
from_SLR,ordinary_gaussian_expected,0.07575757575757576,2.9968937809357006
from_SLR,ordinary_gaussian_expected,0.08333333333333333,3.0919588702758554
from_SLR,ordinary_gaussian_expected,0.09090909090909091,3.2386591636368958
from_SLR,ordinary_gaussian_expected,0.09848484848484848,3.2562337293185855
from_SLR,ordinary_gaussian_expected,0.10606060606060606,3.4618904786661155
from_SLR,ordinary_gaussian_expected,0.11363636363636363,3.6621146632310695
from_SLR,ordinary_gaussian_expected,0.12121212121212122,3.617882527420868
from_SLR,ordinary_gaussian_expected,0.12878787878787878,3.8159909850794143
from_SLR,ordinary_gaussian_expected,0.13636363636363635,3.9383948778768136
from_SLR,ordinary_gaussian_expected,0.14393939393939395,3.9124025478503834
from_SLR,ordinary_gaussian_expected,0.15151515151515152,4.047089036793188
from_SLR,ordinary_gaussian_expected,0.1590909090909091,4.061252862816784
from_SLR,ordinary_gaussian_expected,0.16666666666666666,4.102794542573901
from_SLR,ordinary_gaussian_expected,0.17424242424242425,4.213231127779417
from_SLR,ordinary_gaussian_expected,0.18181818181818182,4.133367570262502
from_SLR,ordinary_gaussian_expected,0.1893939393939394,4.078981433384278
from_SLR,ordinary_gaussian_expected,0.19696969696969696,4.208201973493737
from_SLR,ordinary_gaussian_expected,0.20454545454545456,4.192344751981385
from_SLR,ordinary_gaussian_expected,0.21212121212121213,4.184595602151227
from_SLR,ordinary_gaussian_expected,0.2196969696969697,4.2692560790913765
from_SLR,ordinary_gaussian_expected,0.22727272727272727,4.21877445602376
from_SLR,ordinary_gaussian_expected,0.23484848484848486,4.245149617522235
from_SLR,ordinary_gaussian_expected,0.24242424242424243,4.318249132195467
from_SLR,ordinary_gaussian_expected,0.25,4.386118836732429
from_SLR,ordinary_gaussian_expected,0.25757575757575757,4.455704882535551
from_SLR,ordinary_gaussian_expected,0.26515151515151514,4.414442440866345
from_SLR,ordinary_gaussian_expected,0.2727272727272727,4.503619613104583
from_SLR,ordinary_gaussian_expected,0.2803030303030303,4.495228824598114
from_SLR,ordinary_gaussian_expected,0.2878787878787879,4.5165007073613195
from_SLR,ordinary_gaussian_expected,0.29545454545454547,4.471808187211959
from_SLR,ordinary_gaussian_expected,0.30303030303030304,4.448060256096759
from_SLR,ordinary_gaussian_expected,0.3106060606060606,4.4746477065120445
from_SLR,ordinary_gaussian_expected,0.3181818181818182,4.460025214244226
from_SLR,ordinary_gaussian_expected,0.32575757575757575,4.5241762903684855
from_SLR,ordinary_gaussian_expected,0.3333333333333333,4.527806458056037
from_SLR,ordinary_gaussian_expected,0.3409090909090909,4.605130558401656
from_SLR,ordinary_gaussian_expected,0.3484848484848485,4.644146238481788
from_SLR,ordinary_gaussian_expected,0.3560606060606061,4.6824193813072235
from_SLR,ordinary_gaussian_expected,0.36363636363636365,4.679261160240064
from_SLR,ordinary_gaussian_expected,0.3712121212121212,4.680874648237125
from_SLR,ordinary_gaussian_expected,0.3787878787878788,4.631210277275134
from_SLR,ordinary_gaussian_expected,0.38636363636363635,4.647289196745767
from_SLR,ordinary_gaussian_expected,0.3939393939393939,4.659655384496195
from_SLR,ordinary_gaussian_expected,0.4015151515151515,4.631278295715959
from_SLR,ordinary_gaussian_expected,0.4090909090909091,4.632605195561914
from_SLR,ordinary_gaussian_expected,0.4166666666666667,4.645701675042679
from_SLR,ordinary_gaussian_expected,0.42424242424242425,4.651016243634682
from_SLR,ordinary_gaussian_expected,0.4318181818181818,4.625026393162897
from_SLR,ordinary_gaussian_expected,0.4393939393939394,4.671116191456948
from_SLR,ordinary_gaussian_expected,0.44696969696969696,4.669138692208026
from_SLR,ordinary_gaussian_expected,0.45454545454545453,4.676467208227854
from_SLR,ordinary_gaussian_expected,0.4621212121212121,4.705558630455218
from_SLR,ordinary_gaussian_expected,0.4696969696969697,4.722190687885253
from_SLR,ordinary_gaussian_expected,0.4772727272727273,4.698787149474207
from_SLR,ordinary_gaussian_expected,0.48484848484848486,4.694597733297997
from_SLR,ordinary_gaussian_expected,0.49242424242424243,4.74298341995735
from_SLR,ordinary_gaussian_expected,0.5,4.743601141207621
from_SLR,ordinary_gaussian_expected,0.5075757575757576,4.81045271694681
from_SLR,ordinary_gaussian_expected,0.5151515151515151,4.807238772803044
from_SLR,ordinary_gaussian_expected,0.5227272727272727,4.855219535856369
from_SLR,ordinary_gaussian_expected,0.5303030303030303,4.840880263612344
from_SLR,ordinary_gaussian_expected,0.5378787878787878,4.814288754551796
from_SLR,ordinary_gaussian_expected,0.5454545454545454,4.8437138208445205
from_SLR,ordinary_gaussian_expected,0.553030303030303,4.815721615017712
from_SLR,ordinary_gaussian_expected,0.5606060606060606,4.815839439843875
from_SLR,ordinary_gaussian_expected,0.5681818181818182,4.827802302417848
from_SLR,ordinary_gaussian_expected,0.5757575757575758,4.858954123432048
from_SLR,ordinary_gaussian_expected,0.5833333333333334,4.865851823750846
from_SLR,ordinary_gaussian_expected,0.5909090909090909,4.882085575418638
from_SLR,ordinary_gaussian_expected,0.5984848484848485,4.877106928275222
from_SLR,ordinary_gaussian_expected,0.6060606060606061,4.858755555009314
from_SLR,ordinary_gaussian_expected,0.6136363636363636,4.860652134582209
from_SLR,ordinary_gaussian_expected,0.6212121212121212,4.870136150957326
from_SLR,ordinary_gaussian_expected,0.6287878787878788,4.873340040006117
from_SLR,ordinary_gaussian_expected,0.6363636363636364,4.870569087565457
from_SLR,ordinary_gaussian_expected,0.6439393939393939,4.881721897690525
from_SLR,ordinary_gaussian_expected,0.6515151515151515,4.875991421844282
from_SLR,ordinary_gaussian_expected,0.6590909090909091,4.858441962793114
from_SLR,ordinary_gaussian_expected,0.6666666666666666,4.870050076728842
from_SLR,ordinary_gaussian_expected,0.6742424242424242,4.8635512010298205
from_SLR,ordinary_gaussian_expected,0.6818181818181818,4.850692731304226
from_SLR,ordinary_gaussian_expected,0.6893939393939394,4.855694252831195
from_SLR,ordinary_gaussian_expected,0.696969696969697,4.865139347135602
from_SLR,ordinary_gaussian_expected,0.7045454545454546,4.8713166028786
from_SLR,ordinary_gaussian_expected,0.7121212121212122,4.89174172637536
from_SLR,ordinary_gaussian_expected,0.7196969696969697,4.88030041248081
from_SLR,ordinary_gaussian_expected,0.7272727272727273,4.922206091130501
from_SLR,ordinary_gaussian_expected,0.7348484848484849,4.911920331483791
from_SLR,ordinary_gaussian_expected,0.7424242424242424,4.9169274839806985
from_SLR,ordinary_gaussian_expected,0.75,4.90199722422522
from_SLR,ordinary_gaussian_expected,0.7575757575757576,4.8847299347913395
from_SLR,ordinary_gaussian_expected,0.7651515151515151,4.905558158180701
from_SLR,ordinary_gaussian_expected,0.7727272727272727,4.924551938191226
from_SLR,ordinary_gaussian_expected,0.7803030303030303,4.9216698725189625
from_SLR,ordinary_gaussian_expected,0.7878787878787878,4.908746197827822
from_SLR,ordinary_gaussian_expected,0.7954545454545454,4.9264314964359635
from_SLR,ordinary_gaussian_expected,0.803030303030303,4.929256809897802
from_SLR,ordinary_gaussian_expected,0.8106060606060606,4.93861704426503
from_SLR,ordinary_gaussian_expected,0.8181818181818182,4.966009778328171
from_SLR,ordinary_gaussian_expected,0.8257575757575758,4.967198379789998
from_SLR,ordinary_gaussian_expected,0.8333333333333334,4.97965041335603
from_SLR,ordinary_gaussian_expected,0.8409090909090909,5.000078576540215
from_SLR,ordinary_gaussian_expected,0.8484848484848485,4.98548713299077
from_SLR,ordinary_gaussian_expected,0.8560606060606061,4.983389528615172
from_SLR,ordinary_gaussian_expected,0.8636363636363636,4.969050450377843
from_SLR,ordinary_gaussian_expected,0.8712121212121212,4.97343103896965
from_SLR,ordinary_gaussian_expected,0.8787878787878788,4.989606779729236
from_SLR,ordinary_gaussian_expected,0.8863636363636364,5.000392661189014
from_SLR,ordinary_gaussian_expected,0.8939393939393939,5.001341553237334
from_SLR,ordinary_gaussian_expected,0.9015151515151515,4.995377007523543
from_SLR,ordinary_gaussian_expected,0.9090909090909091,4.9963640919111265
from_SLR,ordinary_gaussian_expected,0.9166666666666666,4.992481260393187
from_SLR,ordinary_gaussian_expected,0.9242424242424242,4.987800974380757
from_SLR,ordinary_gaussian_expected,0.9318181818181818,4.991296558692454
from_SLR,ordinary_gaussian_expected,0.9393939393939394,4.984202267848075
from_SLR,ordinary_gaussian_expected,0.946969696969697,4.988725734616291
from_SLR,ordinary_gaussian_expected,0.9545454545454546,5.003278391045619
from_SLR,ordinary_gaussian_expected,0.9621212121212122,5.004975790102672
from_SLR,ordinary_gaussian_expected,0.9696969696969697,4.999683532642224
from_SLR,ordinary_gaussian_expected,0.9772727272727273,5.0171953393001125
from_SLR,ordinary_gaussian_expected,0.9848484848484849,4.998855454595527
from_SLR,ordinary_gaussian_expected,0.9924242424242424,4.993613241738989
from_SLR,ordinary_gaussian_expected,1.0,5.019303015363467
from_SLR,ordinary_gaussian_covariance,0.007575757575757576,7.631604368655828
from_SLR,ordinary_gaussian_covariance,0.015151515151515152,6.591729379256567
from_SLR,ordinary_gaussian_covariance,0.022727272727272728,5.40301222252457
from_SLR,ordinary_gaussian_covariance,0.030303030303030304,5.50749418624024
from_SLR,ordinary_gaussian_covariance,0.03787878787878788,5.163285907380501
from_SLR,ordinary_gaussian_covariance,0.045454545454545456,5.398108266190273
from_SLR,ordinary_gaussian_covariance,0.05303030303030303,5.184119055574023
from_SLR,ordinary_gaussian_covariance,0.06060606060606061,5.138495581293884
from_SLR,ordinary_gaussian_covariance,0.06818181818181818,4.956161057806599
from_SLR,ordinary_gaussian_covariance,0.07575757575757576,4.8025141485051615
from_SLR,ordinary_gaussian_covariance,0.08333333333333333,4.782518350792562
from_SLR,ordinary_gaussian_covariance,0.09090909090909091,4.878514245717049
from_SLR,ordinary_gaussian_covariance,0.09848484848484848,4.8782117351762215
from_SLR,ordinary_gaussian_covariance,0.10606060606060606,4.883758384682516
from_SLR,ordinary_gaussian_covariance,0.11363636363636363,4.926106000295995
from_SLR,ordinary_gaussian_covariance,0.12121212121212122,4.912758746903674
from_SLR,ordinary_gaussian_covariance,0.12878787878787878,4.985203356674115
from_SLR,ordinary_gaussian_covariance,0.13636363636363635,4.879834259565854
from_SLR,ordinary_gaussian_covariance,0.14393939393939395,4.898296466467186
from_SLR,ordinary_gaussian_covariance,0.15151515151515152,4.76936304809368
from_SLR,ordinary_gaussian_covariance,0.1590909090909091,4.756725001659332
from_SLR,ordinary_gaussian_covariance,0.16666666666666666,4.688566244881656
from_SLR,ordinary_gaussian_covariance,0.17424242424242425,4.7073147945662805
from_SLR,ordinary_gaussian_covariance,0.18181818181818182,4.6284167351092975
from_SLR,ordinary_gaussian_covariance,0.1893939393939394,4.579616033385777
from_SLR,ordinary_gaussian_covariance,0.19696969696969696,4.521961934759871
from_SLR,ordinary_gaussian_covariance,0.20454545454545456,4.4877321105678805
from_SLR,ordinary_gaussian_covariance,0.21212121212121213,4.433432812494338
from_SLR,ordinary_gaussian_covariance,0.2196969696969697,4.345481666973478
from_SLR,ordinary_gaussian_covariance,0.22727272727272727,4.240065943268391
from_SLR,ordinary_gaussian_covariance,0.23484848484848486,4.211376511619719
from_SLR,ordinary_gaussian_covariance,0.24242424242424243,4.305852008098206
from_SLR,ordinary_gaussian_covariance,0.25,4.220144396768034
from_SLR,ordinary_gaussian_covariance,0.25757575757575757,4.205256747882554
from_SLR,ordinary_gaussian_covariance,0.26515151515151514,4.170334988149553
from_SLR,ordinary_gaussian_covariance,0.2727272727272727,4.172022266468354
from_SLR,ordinary_gaussian_covariance,0.2803030303030303,4.094241457066755
from_SLR,ordinary_gaussian_covariance,0.2878787878787879,4.158308109257459
from_SLR,ordinary_gaussian_covariance,0.29545454545454547,4.167275356652341
from_SLR,ordinary_gaussian_covariance,0.30303030303030304,4.196103127623947
from_SLR,ordinary_gaussian_covariance,0.3106060606060606,4.197832140331313
from_SLR,ordinary_gaussian_covariance,0.3181818181818182,4.173776531796917
from_SLR,ordinary_gaussian_covariance,0.32575757575757575,4.166546804241869
from_SLR,ordinary_gaussian_covariance,0.3333333333333333,4.196639564781535
from_SLR,ordinary_gaussian_covariance,0.3409090909090909,4.145215870013232
from_SLR,ordinary_gaussian_covariance,0.3484848484848485,4.131015374416784
from_SLR,ordinary_gaussian_covariance,0.3560606060606061,4.140956054390848
from_SLR,ordinary_gaussian_covariance,0.36363636363636365,4.122862564908242
from_SLR,ordinary_gaussian_covariance,0.3712121212121212,4.148238770570436
from_SLR,ordinary_gaussian_covariance,0.3787878787878788,4.172818767139403
from_SLR,ordinary_gaussian_covariance,0.38636363636363635,4.198856436034483
from_SLR,ordinary_gaussian_covariance,0.3939393939393939,4.2146376876592795
from_SLR,ordinary_gaussian_covariance,0.4015151515151515,4.261037927674513
from_SLR,ordinary_gaussian_covariance,0.4090909090909091,4.260542432640606
from_SLR,ordinary_gaussian_covariance,0.4166666666666667,4.307363139754695
from_SLR,ordinary_gaussian_covariance,0.42424242424242425,4.3358074844117676
from_SLR,ordinary_gaussian_covariance,0.4318181818181818,4.405287326733064
from_SLR,ordinary_gaussian_covariance,0.4393939393939394,4.430228035256709
from_SLR,ordinary_gaussian_covariance,0.44696969696969696,4.432456897703968
from_SLR,ordinary_gaussian_covariance,0.45454545454545453,4.447343435398218
from_SLR,ordinary_gaussian_covariance,0.4621212121212121,4.488176039620369
from_SLR,ordinary_gaussian_covariance,0.4696969696969697,4.521906074493394
from_SLR,ordinary_gaussian_covariance,0.4772727272727273,4.497968538592544
from_SLR,ordinary_gaussian_covariance,0.48484848484848486,4.517476301586153
from_SLR,ordinary_gaussian_covariance,0.49242424242424243,4.481005344430328
from_SLR,ordinary_gaussian_covariance,0.5,4.484099588395222
from_SLR,ordinary_gaussian_covariance,0.5075757575757576,4.503975949658407
from_SLR,ordinary_gaussian_covariance,0.5151515151515151,4.50768136840967
from_SLR,ordinary_gaussian_covariance,0.5227272727272727,4.537042977626446
from_SLR,ordinary_gaussian_covariance,0.5303030303030303,4.562598085894456
from_SLR,ordinary_gaussian_covariance,0.5378787878787878,4.599924776793256
from_SLR,ordinary_gaussian_covariance,0.5454545454545454,4.607163826289938
from_SLR,ordinary_gaussian_covariance,0.553030303030303,4.632471028865679
from_SLR,ordinary_gaussian_covariance,0.5606060606060606,4.627524434137538
from_SLR,ordinary_gaussian_covariance,0.5681818181818182,4.6450072247192296
from_SLR,ordinary_gaussian_covariance,0.5757575757575758,4.646019769374
from_SLR,ordinary_gaussian_covariance,0.5833333333333334,4.659335164889573
from_SLR,ordinary_gaussian_covariance,0.5909090909090909,4.657488515570754
from_SLR,ordinary_gaussian_covariance,0.5984848484848485,4.6548872273427016
from_SLR,ordinary_gaussian_covariance,0.6060606060606061,4.642200885529456
from_SLR,ordinary_gaussian_covariance,0.6136363636363636,4.64956281614274
from_SLR,ordinary_gaussian_covariance,0.6212121212121212,4.668601696023198
from_SLR,ordinary_gaussian_covariance,0.6287878787878788,4.688296893807349
from_SLR,ordinary_gaussian_covariance,0.6363636363636364,4.689198241464296
from_SLR,ordinary_gaussian_covariance,0.6439393939393939,4.698087984295358
from_SLR,ordinary_gaussian_covariance,0.6515151515151515,4.683822221894328
from_SLR,ordinary_gaussian_covariance,0.6590909090909091,4.653388260407476
from_SLR,ordinary_gaussian_covariance,0.6666666666666666,4.6751013471978675
from_SLR,ordinary_gaussian_covariance,0.6742424242424242,4.669380287749827
from_SLR,ordinary_gaussian_covariance,0.6818181818181818,4.701566554480041
from_SLR,ordinary_gaussian_covariance,0.6893939393939394,4.751841261735369
from_SLR,ordinary_gaussian_covariance,0.696969696969697,4.762405053345803
from_SLR,ordinary_gaussian_covariance,0.7045454545454546,4.774808169367788
from_SLR,ordinary_gaussian_covariance,0.7121212121212122,4.7762247627960805
from_SLR,ordinary_gaussian_covariance,0.7196969696969697,4.793649397429267
from_SLR,ordinary_gaussian_covariance,0.7272727272727273,4.833712774766486
from_SLR,ordinary_gaussian_covariance,0.7348484848484849,4.901081693664491
from_SLR,ordinary_gaussian_covariance,0.7424242424242424,4.914914183685167
from_SLR,ordinary_gaussian_covariance,0.75,4.9357328159869835
from_SLR,ordinary_gaussian_covariance,0.7575757575757576,4.941198999365092
from_SLR,ordinary_gaussian_covariance,0.7651515151515151,4.932427574050675
from_SLR,ordinary_gaussian_covariance,0.7727272727272727,4.94359326421734
from_SLR,ordinary_gaussian_covariance,0.7803030303030303,4.9445795890928865
from_SLR,ordinary_gaussian_covariance,0.7878787878787878,4.9536106804531395
from_SLR,ordinary_gaussian_covariance,0.7954545454545454,4.950920559811338
from_SLR,ordinary_gaussian_covariance,0.803030303030303,4.963862225526032
from_SLR,ordinary_gaussian_covariance,0.8106060606060606,4.950697718243142
from_SLR,ordinary_gaussian_covariance,0.8181818181818182,4.958534011857478
from_SLR,ordinary_gaussian_covariance,0.8257575757575758,4.957261655437115
from_SLR,ordinary_gaussian_covariance,0.8333333333333334,4.957765800575491
from_SLR,ordinary_gaussian_covariance,0.8409090909090909,4.966632661972345
from_SLR,ordinary_gaussian_covariance,0.8484848484848485,4.944796402769195
from_SLR,ordinary_gaussian_covariance,0.8560606060606061,4.943717470931904
from_SLR,ordinary_gaussian_covariance,0.8636363636363636,4.945471262431834
from_SLR,ordinary_gaussian_covariance,0.8712121212121212,4.94489624547804
from_SLR,ordinary_gaussian_covariance,0.8787878787878788,4.95870473278087
from_SLR,ordinary_gaussian_covariance,0.8863636363636364,4.970983717870654
from_SLR,ordinary_gaussian_covariance,0.8939393939393939,4.964625498104285
from_SLR,ordinary_gaussian_covariance,0.9015151515151515,4.966714879641589
from_SLR,ordinary_gaussian_covariance,0.9090909090909091,4.957779999022673
from_SLR,ordinary_gaussian_covariance,0.9166666666666666,4.943070368436223
from_SLR,ordinary_gaussian_covariance,0.9242424242424242,4.95270404858029
from_SLR,ordinary_gaussian_covariance,0.9318181818181818,4.972335560026413
from_SLR,ordinary_gaussian_covariance,0.9393939393939394,4.990381107709423
from_SLR,ordinary_gaussian_covariance,0.946969696969697,4.998935354959682
from_SLR,ordinary_gaussian_covariance,0.9545454545454546,4.9991293686760665
from_SLR,ordinary_gaussian_covariance,0.9621212121212122,5.013606793556839
from_SLR,ordinary_gaussian_covariance,0.9696969696969697,4.998644613508444
from_SLR,ordinary_gaussian_covariance,0.9772727272727273,4.991490407279946
from_SLR,ordinary_gaussian_covariance,0.9848484848484849,5.005336756668631
from_SLR,ordinary_gaussian_covariance,0.9924242424242424,5.012465092855262
from_SLR,ordinary_gaussian_covariance,1.0,5.019303015363468
from_SLR,ordinary_cross_disagreement,0.007575757575757576,3.7989258721041828
from_SLR,ordinary_cross_disagreement,0.015151515151515152,4.0623237093264075
from_SLR,ordinary_cross_disagreement,0.022727272727272728,4.578143474183439
from_SLR,ordinary_cross_disagreement,0.030303030303030304,4.985167447319621
from_SLR,ordinary_cross_disagreement,0.03787878787878788,5.491718115524509
from_SLR,ordinary_cross_disagreement,0.045454545454545456,5.754798049060956
from_SLR,ordinary_cross_disagreement,0.05303030303030303,6.080179767905144
from_SLR,ordinary_cross_disagreement,0.06060606060606061,6.206283579529529
from_SLR,ordinary_cross_disagreement,0.06818181818181818,5.90644797105037
from_SLR,ordinary_cross_disagreement,0.07575757575757576,5.848708722537157
from_SLR,ordinary_cross_disagreement,0.08333333333333333,5.766552911935979
from_SLR,ordinary_cross_disagreement,0.09090909090909091,5.829421357183537
from_SLR,ordinary_cross_disagreement,0.09848484848484848,5.756691322578774
from_SLR,ordinary_cross_disagreement,0.10606060606060606,5.531398840590845
from_SLR,ordinary_cross_disagreement,0.11363636363636363,5.766539685489893
from_SLR,ordinary_cross_disagreement,0.12121212121212122,5.822550772965934
from_SLR,ordinary_cross_disagreement,0.12878787878787878,5.6987478718240085
from_SLR,ordinary_cross_disagreement,0.13636363636363635,5.737081879655201
from_SLR,ordinary_cross_disagreement,0.14393939393939395,5.638479252706921
from_SLR,ordinary_cross_disagreement,0.15151515151515152,5.559100410621613
from_SLR,ordinary_cross_disagreement,0.1590909090909091,5.542412353340062
from_SLR,ordinary_cross_disagreement,0.16666666666666666,5.5130635899528855
from_SLR,ordinary_cross_disagreement,0.17424242424242425,5.543724754931048
from_SLR,ordinary_cross_disagreement,0.18181818181818182,5.508402289094268
from_SLR,ordinary_cross_disagreement,0.1893939393939394,5.483870429686518
from_SLR,ordinary_cross_disagreement,0.19696969696969696,5.471621947694294
from_SLR,ordinary_cross_disagreement,0.20454545454545456,5.3629502138333605
from_SLR,ordinary_cross_disagreement,0.21212121212121213,5.333278185148205
from_SLR,ordinary_cross_disagreement,0.2196969696969697,5.378032613362447
from_SLR,ordinary_cross_disagreement,0.22727272727272727,5.398498111362201
from_SLR,ordinary_cross_disagreement,0.23484848484848486,5.333705225891751
from_SLR,ordinary_cross_disagreement,0.24242424242424243,5.241600683370804
from_SLR,ordinary_cross_disagreement,0.25,5.267552527599943
from_SLR,ordinary_cross_disagreement,0.25757575757575757,5.260461158607414
from_SLR,ordinary_cross_disagreement,0.26515151515151514,5.3467762830553385
from_SLR,ordinary_cross_disagreement,0.2727272727272727,5.311779154814208
from_SLR,ordinary_cross_disagreement,0.2803030303030303,5.253279819282672
from_SLR,ordinary_cross_disagreement,0.2878787878787879,5.228633001408059
from_SLR,ordinary_cross_disagreement,0.29545454545454547,5.179846220933303
from_SLR,ordinary_cross_disagreement,0.30303030303030304,5.231722510121862
from_SLR,ordinary_cross_disagreement,0.3106060606060606,5.222321405804262
from_SLR,ordinary_cross_disagreement,0.3181818181818182,5.205633958583978
from_SLR,ordinary_cross_disagreement,0.32575757575757575,5.240171625489446
from_SLR,ordinary_cross_disagreement,0.3333333333333333,5.252809817207601
from_SLR,ordinary_cross_disagreement,0.3409090909090909,5.251879161487877
from_SLR,ordinary_cross_disagreement,0.3484848484848485,5.212549733155734
from_SLR,ordinary_cross_disagreement,0.3560606060606061,5.308486145311911
from_SLR,ordinary_cross_disagreement,0.36363636363636365,5.319775987651957
from_SLR,ordinary_cross_disagreement,0.3712121212121212,5.309250470426324
from_SLR,ordinary_cross_disagreement,0.3787878787878788,5.270109939416976
from_SLR,ordinary_cross_disagreement,0.38636363636363635,5.247351649610183
from_SLR,ordinary_cross_disagreement,0.3939393939393939,5.2534713544013885
from_SLR,ordinary_cross_disagreement,0.4015151515151515,5.207760336861361
from_SLR,ordinary_cross_disagreement,0.4090909090909091,5.214875240976414
from_SLR,ordinary_cross_disagreement,0.4166666666666667,5.208331525211891
from_SLR,ordinary_cross_disagreement,0.42424242424242425,5.266517160249362
from_SLR,ordinary_cross_disagreement,0.4318181818181818,5.209892208486483
from_SLR,ordinary_cross_disagreement,0.4393939393939394,5.210876220058066
from_SLR,ordinary_cross_disagreement,0.44696969696969696,5.204023964820802
from_SLR,ordinary_cross_disagreement,0.45454545454545453,5.2019285818209235
from_SLR,ordinary_cross_disagreement,0.4621212121212121,5.201811414796047
from_SLR,ordinary_cross_disagreement,0.4696969696969697,5.221618256445131
from_SLR,ordinary_cross_disagreement,0.4772727272727273,5.2200656718411045
from_SLR,ordinary_cross_disagreement,0.48484848484848486,5.197770440473865
from_SLR,ordinary_cross_disagreement,0.49242424242424243,5.228427133768331
from_SLR,ordinary_cross_disagreement,0.5,5.22247227975534
from_SLR,ordinary_cross_disagreement,0.5075757575757576,5.228378424822805
from_SLR,ordinary_cross_disagreement,0.5151515151515151,5.207815306231372
from_SLR,ordinary_cross_disagreement,0.5227272727272727,5.196627302757583
from_SLR,ordinary_cross_disagreement,0.5303030303030303,5.201449733136337
from_SLR,ordinary_cross_disagreement,0.5378787878787878,5.204036387918229
from_SLR,ordinary_cross_disagreement,0.5454545454545454,5.185338230396932
from_SLR,ordinary_cross_disagreement,0.553030303030303,5.22840624453834
from_SLR,ordinary_cross_disagreement,0.5606060606060606,5.213788668385949
from_SLR,ordinary_cross_disagreement,0.5681818181818182,5.236246730584381
from_SLR,ordinary_cross_disagreement,0.5757575757575758,5.195135100059601
from_SLR,ordinary_cross_disagreement,0.5833333333333334,5.176559851055007
from_SLR,ordinary_cross_disagreement,0.5909090909090909,5.1740949773558
from_SLR,ordinary_cross_disagreement,0.5984848484848485,5.182547628605338
from_SLR,ordinary_cross_disagreement,0.6060606060606061,5.184556506975407
from_SLR,ordinary_cross_disagreement,0.6136363636363636,5.155881204160452
from_SLR,ordinary_cross_disagreement,0.6212121212121212,5.168139235405225
from_SLR,ordinary_cross_disagreement,0.6287878787878788,5.116706446392775
from_SLR,ordinary_cross_disagreement,0.6363636363636364,5.105506468662935
from_SLR,ordinary_cross_disagreement,0.6439393939393939,5.118847084055466
from_SLR,ordinary_cross_disagreement,0.6515151515151515,5.136127909466151
from_SLR,ordinary_cross_disagreement,0.6590909090909091,5.135196510381138
from_SLR,ordinary_cross_disagreement,0.6666666666666666,5.114666325948446
from_SLR,ordinary_cross_disagreement,0.6742424242424242,5.102529731364938
from_SLR,ordinary_cross_disagreement,0.6818181818181818,5.099336719095896
from_SLR,ordinary_cross_disagreement,0.6893939393939394,5.0928421833846205
from_SLR,ordinary_cross_disagreement,0.696969696969697,5.0750104039043
from_SLR,ordinary_cross_disagreement,0.7045454545454546,5.063736507092113
from_SLR,ordinary_cross_disagreement,0.7121212121212122,5.084395601593463
from_SLR,ordinary_cross_disagreement,0.7196969696969697,5.092941019801447
from_SLR,ordinary_cross_disagreement,0.7272727272727273,5.080615221850516
from_SLR,ordinary_cross_disagreement,0.7348484848484849,5.100927701812504
from_SLR,ordinary_cross_disagreement,0.7424242424242424,5.090364103212614
from_SLR,ordinary_cross_disagreement,0.75,5.102901558851872
from_SLR,ordinary_cross_disagreement,0.7575757575757576,5.097332877812583
from_SLR,ordinary_cross_disagreement,0.7651515151515151,5.083246672093149
from_SLR,ordinary_cross_disagreement,0.7727272727272727,5.090209451972904
from_SLR,ordinary_cross_disagreement,0.7803030303030303,5.066021068290149
from_SLR,ordinary_cross_disagreement,0.7878787878787878,5.061457983401989
from_SLR,ordinary_cross_disagreement,0.7954545454545454,5.0390333595462815
from_SLR,ordinary_cross_disagreement,0.803030303030303,5.040940653523708
from_SLR,ordinary_cross_disagreement,0.8106060606060606,5.033096404822449
from_SLR,ordinary_cross_disagreement,0.8181818181818182,5.048844254611416
from_SLR,ordinary_cross_disagreement,0.8257575757575758,5.0557497698488225
from_SLR,ordinary_cross_disagreement,0.8333333333333334,5.052970537906614
from_SLR,ordinary_cross_disagreement,0.8409090909090909,5.061295972871249
from_SLR,ordinary_cross_disagreement,0.8484848484848485,5.052599820950257
from_SLR,ordinary_cross_disagreement,0.8560606060606061,5.053124890737721
from_SLR,ordinary_cross_disagreement,0.8636363636363636,5.034157728936866
from_SLR,ordinary_cross_disagreement,0.8712121212121212,5.033167779130252
from_SLR,ordinary_cross_disagreement,0.8787878787878788,5.033445481602718
from_SLR,ordinary_cross_disagreement,0.8863636363636364,5.048118485206028
from_SLR,ordinary_cross_disagreement,0.8939393939393939,5.045893426919859
from_SLR,ordinary_cross_disagreement,0.9015151515151515,5.041629972570246
from_SLR,ordinary_cross_disagreement,0.9090909090909091,5.032312362384025
from_SLR,ordinary_cross_disagreement,0.9166666666666666,5.019757128898384
from_SLR,ordinary_cross_disagreement,0.9242424242424242,5.030636841689275
from_SLR,ordinary_cross_disagreement,0.9318181818181818,5.016619692042547
from_SLR,ordinary_cross_disagreement,0.9393939393939394,5.016591940077386
from_SLR,ordinary_cross_disagreement,0.946969696969697,5.003677476659028
from_SLR,ordinary_cross_disagreement,0.9545454545454546,5.000097050937103
from_SLR,ordinary_cross_disagreement,0.9621212121212122,4.989374176719944
from_SLR,ordinary_cross_disagreement,0.9696969696969697,4.984862610221643
from_SLR,ordinary_cross_disagreement,0.9772727272727273,4.993417584487527
from_SLR,ordinary_cross_disagreement,0.9848484848484849,4.998722969806534
from_SLR,ordinary_cross_disagreement,0.9924242424242424,4.9936132417389905
from_SLR,ordinary_cross_disagreement,1.0,5.019303015363469
from_SLR,ordinary_pair_disagreement,0.007575757575757576,6.780022564261922
from_SLR,ordinary_pair_disagreement,0.015151515151515152,5.119501298476506
from_SLR,ordinary_pair_disagreement,0.022727272727272728,4.757810816860137
from_SLR,ordinary_pair_disagreement,0.030303030303030304,4.644924422435705
from_SLR,ordinary_pair_disagreement,0.03787878787878788,4.552608142277631
from_SLR,ordinary_pair_disagreement,0.045454545454545456,4.330423325328556
from_SLR,ordinary_pair_disagreement,0.05303030303030303,4.4637401872933244
from_SLR,ordinary_pair_disagreement,0.06060606060606061,4.4370534982497825
from_SLR,ordinary_pair_disagreement,0.06818181818181818,4.550427950757404
from_SLR,ordinary_pair_disagreement,0.07575757575757576,4.661650015579338
from_SLR,ordinary_pair_disagreement,0.08333333333333333,4.633976423165751
from_SLR,ordinary_pair_disagreement,0.09090909090909091,4.772735408441199
from_SLR,ordinary_pair_disagreement,0.09848484848484848,4.828255608314323
from_SLR,ordinary_pair_disagreement,0.10606060606060606,4.848723549354052
from_SLR,ordinary_pair_disagreement,0.11363636363636363,4.693075721102101
from_SLR,ordinary_pair_disagreement,0.12121212121212122,4.623039502550895
from_SLR,ordinary_pair_disagreement,0.12878787878787878,4.506998138968197
from_SLR,ordinary_pair_disagreement,0.13636363636363635,4.465535190246099
from_SLR,ordinary_pair_disagreement,0.14393939393939395,4.4447648746792305
from_SLR,ordinary_pair_disagreement,0.15151515151515152,4.520423383786718
from_SLR,ordinary_pair_disagreement,0.1590909090909091,4.436778266078714
from_SLR,ordinary_pair_disagreement,0.16666666666666666,4.5522991218328945
from_SLR,ordinary_pair_disagreement,0.17424242424242425,4.538561209341798
from_SLR,ordinary_pair_disagreement,0.18181818181818182,4.544258818630509
from_SLR,ordinary_pair_disagreement,0.1893939393939394,4.551257729652957
from_SLR,ordinary_pair_disagreement,0.19696969696969696,4.559873689159584
from_SLR,ordinary_pair_disagreement,0.20454545454545456,4.477246487758408
from_SLR,ordinary_pair_disagreement,0.21212121212121213,4.424147807561716
from_SLR,ordinary_pair_disagreement,0.2196969696969697,4.370183614787938
from_SLR,ordinary_pair_disagreement,0.22727272727272727,4.444833390457549
from_SLR,ordinary_pair_disagreement,0.23484848484848486,4.501556610932309
from_SLR,ordinary_pair_disagreement,0.24242424242424243,4.5502215625075815
from_SLR,ordinary_pair_disagreement,0.25,4.563545931908787
from_SLR,ordinary_pair_disagreement,0.25757575757575757,4.583649552560132
from_SLR,ordinary_pair_disagreement,0.26515151515151514,4.624612144435724
from_SLR,ordinary_pair_disagreement,0.2727272727272727,4.5923294195669735
from_SLR,ordinary_pair_disagreement,0.2803030303030303,4.596821217606771
from_SLR,ordinary_pair_disagreement,0.2878787878787879,4.602733728487498
from_SLR,ordinary_pair_disagreement,0.29545454545454547,4.655811129220964
from_SLR,ordinary_pair_disagreement,0.30303030303030304,4.634694483304515
from_SLR,ordinary_pair_disagreement,0.3106060606060606,4.709733027706395
from_SLR,ordinary_pair_disagreement,0.3181818181818182,4.728226721184831
from_SLR,ordinary_pair_disagreement,0.32575757575757575,4.706152028279343
from_SLR,ordinary_pair_disagreement,0.3333333333333333,4.687910756649024
from_SLR,ordinary_pair_disagreement,0.3409090909090909,4.747224070960878
from_SLR,ordinary_pair_disagreement,0.3484848484848485,4.699598520376173
from_SLR,ordinary_pair_disagreement,0.3560606060606061,4.70684855752559
from_SLR,ordinary_pair_disagreement,0.36363636363636365,4.719739650048642
from_SLR,ordinary_pair_disagreement,0.3712121212121212,4.708407069956784
from_SLR,ordinary_pair_disagreement,0.3787878787878788,4.687253480649008
from_SLR,ordinary_pair_disagreement,0.38636363636363635,4.698573413845831
from_SLR,ordinary_pair_disagreement,0.3939393939393939,4.722771655891928
from_SLR,ordinary_pair_disagreement,0.4015151515151515,4.667766574720663
from_SLR,ordinary_pair_disagreement,0.4090909090909091,4.6135216908777315
from_SLR,ordinary_pair_disagreement,0.4166666666666667,4.616773149138869
from_SLR,ordinary_pair_disagreement,0.42424242424242425,4.639924101410717
from_SLR,ordinary_pair_disagreement,0.4318181818181818,4.6227597607054
from_SLR,ordinary_pair_disagreement,0.4393939393939394,4.681536833463628
from_SLR,ordinary_pair_disagreement,0.44696969696969696,4.694621415306328
from_SLR,ordinary_pair_disagreement,0.45454545454545453,4.708420895123226
from_SLR,ordinary_pair_disagreement,0.4621212121212121,4.7015440867085205
from_SLR,ordinary_pair_disagreement,0.4696969696969697,4.716281287956126
from_SLR,ordinary_pair_disagreement,0.4772727272727273,4.7313008779963255
from_SLR,ordinary_pair_disagreement,0.48484848484848486,4.8026043437035115
from_SLR,ordinary_pair_disagreement,0.49242424242424243,4.871292479990266
from_SLR,ordinary_pair_disagreement,0.5,4.882033435190166
from_SLR,ordinary_pair_disagreement,0.5075757575757576,4.873229531643397
from_SLR,ordinary_pair_disagreement,0.5151515151515151,4.8877619789179265
from_SLR,ordinary_pair_disagreement,0.5227272727272727,4.881843848148482
from_SLR,ordinary_pair_disagreement,0.5303030303030303,4.869526173830149
from_SLR,ordinary_pair_disagreement,0.5378787878787878,4.885898572899702
from_SLR,ordinary_pair_disagreement,0.5454545454545454,4.887406704337508
from_SLR,ordinary_pair_disagreement,0.553030303030303,4.876074758497296
from_SLR,ordinary_pair_disagreement,0.5606060606060606,4.827257086500953
from_SLR,ordinary_pair_disagreement,0.5681818181818182,4.812995139017033
from_SLR,ordinary_pair_disagreement,0.5757575757575758,4.849128476539215
from_SLR,ordinary_pair_disagreement,0.5833333333333334,4.865463177240011
from_SLR,ordinary_pair_disagreement,0.5909090909090909,4.878916125288449
from_SLR,ordinary_pair_disagreement,0.5984848484848485,4.875452778462381
from_SLR,ordinary_pair_disagreement,0.6060606060606061,4.883062768788517
from_SLR,ordinary_pair_disagreement,0.6136363636363636,4.923831029034019
from_SLR,ordinary_pair_disagreement,0.6212121212121212,4.898793254483759
from_SLR,ordinary_pair_disagreement,0.6287878787878788,4.874639179360502
from_SLR,ordinary_pair_disagreement,0.6363636363636364,4.864483386871148
from_SLR,ordinary_pair_disagreement,0.6439393939393939,4.8935596736320965
from_SLR,ordinary_pair_disagreement,0.6515151515151515,4.896408798656487
from_SLR,ordinary_pair_disagreement,0.6590909090909091,4.877778813757003
from_SLR,ordinary_pair_disagreement,0.6666666666666666,4.885048841128529
from_SLR,ordinary_pair_disagreement,0.6742424242424242,4.880801197939206
from_SLR,ordinary_pair_disagreement,0.6818181818181818,4.8663228138280346
from_SLR,ordinary_pair_disagreement,0.6893939393939394,4.885969175536291
from_SLR,ordinary_pair_disagreement,0.696969696969697,4.86699101744991
from_SLR,ordinary_pair_disagreement,0.7045454545454546,4.86183187074759
from_SLR,ordinary_pair_disagreement,0.7121212121212122,4.891457803693725
from_SLR,ordinary_pair_disagreement,0.7196969696969697,4.891607466427346
from_SLR,ordinary_pair_disagreement,0.7272727272727273,4.912113096553672
from_SLR,ordinary_pair_disagreement,0.7348484848484849,4.910426719986967
from_SLR,ordinary_pair_disagreement,0.7424242424242424,4.902728053489707
from_SLR,ordinary_pair_disagreement,0.75,4.892823876165684
from_SLR,ordinary_pair_disagreement,0.7575757575757576,4.897805579371734
from_SLR,ordinary_pair_disagreement,0.7651515151515151,4.873461464729679
from_SLR,ordinary_pair_disagreement,0.7727272727272727,4.892663150021131
from_SLR,ordinary_pair_disagreement,0.7803030303030303,4.894255758251302
from_SLR,ordinary_pair_disagreement,0.7878787878787878,4.864283936827533
from_SLR,ordinary_pair_disagreement,0.7954545454545454,4.872603186780565
from_SLR,ordinary_pair_disagreement,0.803030303030303,4.854669107487659
from_SLR,ordinary_pair_disagreement,0.8106060606060606,4.853280181657952
from_SLR,ordinary_pair_disagreement,0.8181818181818182,4.84209281583033
from_SLR,ordinary_pair_disagreement,0.8257575757575758,4.8361432131263555
from_SLR,ordinary_pair_disagreement,0.8333333333333334,4.833053941037963
from_SLR,ordinary_pair_disagreement,0.8409090909090909,4.839277584496568
from_SLR,ordinary_pair_disagreement,0.8484848484848485,4.854908357612413
from_SLR,ordinary_pair_disagreement,0.8560606060606061,4.854612040171218
from_SLR,ordinary_pair_disagreement,0.8636363636363636,4.858585200444261
from_SLR,ordinary_pair_disagreement,0.8712121212121212,4.858849826241351
from_SLR,ordinary_pair_disagreement,0.8787878787878788,4.864721516046803
from_SLR,ordinary_pair_disagreement,0.8863636363636364,4.870283639553509
from_SLR,ordinary_pair_disagreement,0.8939393939393939,4.864718391827366
from_SLR,ordinary_pair_disagreement,0.9015151515151515,4.866200093039888
from_SLR,ordinary_pair_disagreement,0.9090909090909091,4.88622993282732
from_SLR,ordinary_pair_disagreement,0.9166666666666666,4.873402995237481
from_SLR,ordinary_pair_disagreement,0.9242424242424242,4.854248001726851
from_SLR,ordinary_pair_disagreement,0.9318181818181818,4.852242156985663
from_SLR,ordinary_pair_disagreement,0.9393939393939394,4.859745169318454
from_SLR,ordinary_pair_disagreement,0.946969696969697,4.862121467070488
from_SLR,ordinary_pair_disagreement,0.9545454545454546,4.839164388404029
from_SLR,ordinary_pair_disagreement,0.9621212121212122,4.836950491791378
from_SLR,ordinary_pair_disagreement,0.9696969696969697,4.86370907979122
from_SLR,ordinary_pair_disagreement,0.9772727272727273,4.853169918457053
from_SLR,ordinary_pair_disagreement,0.9848484848484849,4.858450390132988
from_SLR,ordinary_pair_disagreement,0.9924242424242424,4.866885837750143
from_SLR,ordinary_pair_disagreement,1.0,4.874694758627604
from_SLR,ordinary_pair_dispersion,0.007575757575757576,6.3279920198799395
from_SLR,ordinary_pair_dispersion,0.015151515151515152,5.266586883285525
from_SLR,ordinary_pair_dispersion,0.022727272727272728,5.714212949743945
from_SLR,ordinary_pair_dispersion,0.030303030303030304,5.384420201407688
from_SLR,ordinary_pair_dispersion,0.03787878787878788,4.8248557381793225
from_SLR,ordinary_pair_dispersion,0.045454545454545456,5.316059609928717
from_SLR,ordinary_pair_dispersion,0.05303030303030303,4.747085846517984
from_SLR,ordinary_pair_dispersion,0.06060606060606061,5.014325132987071
from_SLR,ordinary_pair_dispersion,0.06818181818181818,5.10728106829006
from_SLR,ordinary_pair_dispersion,0.07575757575757576,5.409811930429186
from_SLR,ordinary_pair_dispersion,0.08333333333333333,5.312908789615535
from_SLR,ordinary_pair_dispersion,0.09090909090909091,5.569252812678914
from_SLR,ordinary_pair_dispersion,0.09848484848484848,5.699283994520457
from_SLR,ordinary_pair_dispersion,0.10606060606060606,5.7221994688693725
from_SLR,ordinary_pair_dispersion,0.11363636363636363,5.517069694502138
from_SLR,ordinary_pair_dispersion,0.12121212121212122,5.654270746016587
from_SLR,ordinary_pair_dispersion,0.12878787878787878,5.641506416483492
from_SLR,ordinary_pair_dispersion,0.13636363636363635,5.613098299497421
from_SLR,ordinary_pair_dispersion,0.14393939393939395,5.629447544328959
from_SLR,ordinary_pair_dispersion,0.15151515151515152,5.683581803398051
from_SLR,ordinary_pair_dispersion,0.1590909090909091,5.739682517857861
from_SLR,ordinary_pair_dispersion,0.16666666666666666,5.671964444772889
from_SLR,ordinary_pair_dispersion,0.17424242424242425,5.618028042060804
from_SLR,ordinary_pair_dispersion,0.18181818181818182,5.560423913610292
from_SLR,ordinary_pair_dispersion,0.1893939393939394,5.5225817065349405
from_SLR,ordinary_pair_dispersion,0.19696969696969696,5.494066565116571
from_SLR,ordinary_pair_dispersion,0.20454545454545456,5.463680384195096
from_SLR,ordinary_pair_dispersion,0.21212121212121213,5.473526014687121
from_SLR,ordinary_pair_dispersion,0.2196969696969697,5.4265706270324054
from_SLR,ordinary_pair_dispersion,0.22727272727272727,5.465104446946923
from_SLR,ordinary_pair_dispersion,0.23484848484848486,5.421844605198373
from_SLR,ordinary_pair_dispersion,0.24242424242424243,5.4201711672689905
from_SLR,ordinary_pair_dispersion,0.25,5.332198207137165
from_SLR,ordinary_pair_dispersion,0.25757575757575757,5.345698643010042
from_SLR,ordinary_pair_dispersion,0.26515151515151514,5.377021896626455
from_SLR,ordinary_pair_dispersion,0.2727272727272727,5.34139409937143
from_SLR,ordinary_pair_dispersion,0.2803030303030303,5.495309016464378
from_SLR,ordinary_pair_dispersion,0.2878787878787879,5.491634129996204
from_SLR,ordinary_pair_dispersion,0.29545454545454547,5.418369685466679
from_SLR,ordinary_pair_dispersion,0.30303030303030304,5.406727023506999
from_SLR,ordinary_pair_dispersion,0.3106060606060606,5.371837501382193
from_SLR,ordinary_pair_dispersion,0.3181818181818182,5.3224677039966
from_SLR,ordinary_pair_dispersion,0.32575757575757575,5.380873196076155
from_SLR,ordinary_pair_dispersion,0.3333333333333333,5.327554287460784
from_SLR,ordinary_pair_dispersion,0.3409090909090909,5.42092610277241
from_SLR,ordinary_pair_dispersion,0.3484848484848485,5.415577643799437
from_SLR,ordinary_pair_dispersion,0.3560606060606061,5.393321970423116
from_SLR,ordinary_pair_dispersion,0.36363636363636365,5.395781809404645
from_SLR,ordinary_pair_dispersion,0.3712121212121212,5.358136483412366
from_SLR,ordinary_pair_dispersion,0.3787878787878788,5.3472821262052825
from_SLR,ordinary_pair_dispersion,0.38636363636363635,5.34564559463589
from_SLR,ordinary_pair_dispersion,0.3939393939393939,5.3254211842584604
from_SLR,ordinary_pair_dispersion,0.4015151515151515,5.331808971348139
from_SLR,ordinary_pair_dispersion,0.4090909090909091,5.366223931132045
from_SLR,ordinary_pair_dispersion,0.4166666666666667,5.40892795054915
from_SLR,ordinary_pair_dispersion,0.42424242424242425,5.434504510303332
from_SLR,ordinary_pair_dispersion,0.4318181818181818,5.458115938649214
from_SLR,ordinary_pair_dispersion,0.4393939393939394,5.457018170896959
from_SLR,ordinary_pair_dispersion,0.44696969696969696,5.470843383611889
from_SLR,ordinary_pair_dispersion,0.45454545454545453,5.472906254567526
from_SLR,ordinary_pair_dispersion,0.4621212121212121,5.4176239497755025
from_SLR,ordinary_pair_dispersion,0.4696969696969697,5.4545638475966856
from_SLR,ordinary_pair_dispersion,0.4772727272727273,5.456220829909827
from_SLR,ordinary_pair_dispersion,0.48484848484848486,5.447419262711835
from_SLR,ordinary_pair_dispersion,0.49242424242424243,5.426513653218859
from_SLR,ordinary_pair_dispersion,0.5,5.471453951128793
from_SLR,ordinary_pair_dispersion,0.5075757575757576,5.440706737908287
from_SLR,ordinary_pair_dispersion,0.5151515151515151,5.409125534577954
from_SLR,ordinary_pair_dispersion,0.5227272727272727,5.433216116154749
from_SLR,ordinary_pair_dispersion,0.5303030303030303,5.423777517644804
from_SLR,ordinary_pair_dispersion,0.5378787878787878,5.42569689281921
from_SLR,ordinary_pair_dispersion,0.5454545454545454,5.430848256202353
from_SLR,ordinary_pair_dispersion,0.553030303030303,5.422484835932482
from_SLR,ordinary_pair_dispersion,0.5606060606060606,5.405951650912492
from_SLR,ordinary_pair_dispersion,0.5681818181818182,5.409086292418078
from_SLR,ordinary_pair_dispersion,0.5757575757575758,5.397521867831244
from_SLR,ordinary_pair_dispersion,0.5833333333333334,5.388500012909986
from_SLR,ordinary_pair_dispersion,0.5909090909090909,5.384701776643131
from_SLR,ordinary_pair_dispersion,0.5984848484848485,5.367331894930032
from_SLR,ordinary_pair_dispersion,0.6060606060606061,5.36157807550336
from_SLR,ordinary_pair_dispersion,0.6136363636363636,5.3954873418808384
from_SLR,ordinary_pair_dispersion,0.6212121212121212,5.362088051637407
from_SLR,ordinary_pair_dispersion,0.6287878787878788,5.312504325941293
from_SLR,ordinary_pair_dispersion,0.6363636363636364,5.283001587192061
from_SLR,ordinary_pair_dispersion,0.6439393939393939,5.267845692820911
from_SLR,ordinary_pair_dispersion,0.6515151515151515,5.274375871652659
from_SLR,ordinary_pair_dispersion,0.6590909090909091,5.258053646684291
from_SLR,ordinary_pair_dispersion,0.6666666666666666,5.260323421040679
from_SLR,ordinary_pair_dispersion,0.6742424242424242,5.239020046381891
from_SLR,ordinary_pair_dispersion,0.6818181818181818,5.223075443195165
from_SLR,ordinary_pair_dispersion,0.6893939393939394,5.209686244283446
from_SLR,ordinary_pair_dispersion,0.696969696969697,5.224829406693341
from_SLR,ordinary_pair_dispersion,0.7045454545454546,5.228445357021262
from_SLR,ordinary_pair_dispersion,0.7121212121212122,5.208289817264806
from_SLR,ordinary_pair_dispersion,0.7196969696969697,5.175691961555473
from_SLR,ordinary_pair_dispersion,0.7272727272727273,5.174449101024243
from_SLR,ordinary_pair_dispersion,0.7348484848484849,5.1825916704924
from_SLR,ordinary_pair_dispersion,0.7424242424242424,5.186338480301231
from_SLR,ordinary_pair_dispersion,0.75,5.185972807335734
from_SLR,ordinary_pair_dispersion,0.7575757575757576,5.162932997845622
from_SLR,ordinary_pair_dispersion,0.7651515151515151,5.132668356552933
from_SLR,ordinary_pair_dispersion,0.7727272727272727,5.105506772317955
from_SLR,ordinary_pair_dispersion,0.7803030303030303,5.087235385678725
from_SLR,ordinary_pair_dispersion,0.7878787878787878,5.076207189639071
from_SLR,ordinary_pair_dispersion,0.7954545454545454,5.055087520439302
from_SLR,ordinary_pair_dispersion,0.803030303030303,5.033874874696118
from_SLR,ordinary_pair_dispersion,0.8106060606060606,5.033908077012487
from_SLR,ordinary_pair_dispersion,0.8181818181818182,5.040485268123967
from_SLR,ordinary_pair_dispersion,0.8257575757575758,5.009682366304509
from_SLR,ordinary_pair_dispersion,0.8333333333333334,4.985299606005494
from_SLR,ordinary_pair_dispersion,0.8409090909090909,4.971959414338077
from_SLR,ordinary_pair_dispersion,0.8484848484848485,4.947841139824628
from_SLR,ordinary_pair_dispersion,0.8560606060606061,4.958211796842483
from_SLR,ordinary_pair_dispersion,0.8636363636363636,4.954932014048565
from_SLR,ordinary_pair_dispersion,0.8712121212121212,4.9337847734386955
from_SLR,ordinary_pair_dispersion,0.8787878787878788,4.913020732930789
from_SLR,ordinary_pair_dispersion,0.8863636363636364,4.898888048058924
from_SLR,ordinary_pair_dispersion,0.8939393939393939,4.900517773889838
from_SLR,ordinary_pair_dispersion,0.9015151515151515,4.873513868692157
from_SLR,ordinary_pair_dispersion,0.9090909090909091,4.857659073162167
from_SLR,ordinary_pair_dispersion,0.9166666666666666,4.859343710073182
from_SLR,ordinary_pair_dispersion,0.9242424242424242,4.862662065970775
from_SLR,ordinary_pair_dispersion,0.9318181818181818,4.85923115584377
from_SLR,ordinary_pair_dispersion,0.9393939393939394,4.857199605685289
from_SLR,ordinary_pair_dispersion,0.946969696969697,4.855342329485423
from_SLR,ordinary_pair_dispersion,0.9545454545454546,4.852769246543795
from_SLR,ordinary_pair_dispersion,0.9621212121212122,4.861073175967701
from_SLR,ordinary_pair_dispersion,0.9696969696969697,4.856745609629175
from_SLR,ordinary_pair_dispersion,0.9772727272727273,4.858409452835366
from_SLR,ordinary_pair_dispersion,0.9848484848484849,4.867195945225416
from_SLR,ordinary_pair_dispersion,0.9924242424242424,4.863846626784286
from_SLR,ordinary_pair_dispersion,1.0,4.874694758627602
from_SLR,mixed_pair_expected,0.007575757575757576,3.338803788215705
from_SLR,mixed_pair_expected,0.015151515151515152,3.405264660014872
from_SLR,mixed_pair_expected,0.022727272727272728,3.243300687817989
from_SLR,mixed_pair_expected,0.030303030303030304,3.3234438148712084
from_SLR,mixed_pair_expected,0.03787878787878788,3.2432654989241594
from_SLR,mixed_pair_expected,0.045454545454545456,3.1275543073347776
from_SLR,mixed_pair_expected,0.05303030303030303,3.265441530346223
from_SLR,mixed_pair_expected,0.06060606060606061,3.227972317622317
from_SLR,mixed_pair_expected,0.06818181818181818,3.0298088889303187
from_SLR,mixed_pair_expected,0.07575757575757576,3.012011123009996
from_SLR,mixed_pair_expected,0.08333333333333333,3.154391594907908
from_SLR,mixed_pair_expected,0.09090909090909091,3.2394369176914886
from_SLR,mixed_pair_expected,0.09848484848484848,3.423524763086096
from_SLR,mixed_pair_expected,0.10606060606060606,3.507778861582173
from_SLR,mixed_pair_expected,0.11363636363636363,3.4549430422692975
from_SLR,mixed_pair_expected,0.12121212121212122,3.400565131313005
from_SLR,mixed_pair_expected,0.12878787878787878,3.42704739239946
from_SLR,mixed_pair_expected,0.13636363636363635,3.469146441901783
from_SLR,mixed_pair_expected,0.14393939393939395,3.514770848317097
from_SLR,mixed_pair_expected,0.15151515151515152,3.566505594201009
from_SLR,mixed_pair_expected,0.1590909090909091,3.4860338583587165
from_SLR,mixed_pair_expected,0.16666666666666666,3.4696023335222512
from_SLR,mixed_pair_expected,0.17424242424242425,3.5330302819666954
from_SLR,mixed_pair_expected,0.18181818181818182,3.695085990975428
from_SLR,mixed_pair_expected,0.1893939393939394,3.8061311705962346
from_SLR,mixed_pair_expected,0.19696969696969696,3.9039411432097424
from_SLR,mixed_pair_expected,0.20454545454545456,3.873897382657221
from_SLR,mixed_pair_expected,0.21212121212121213,3.9485578875482923
from_SLR,mixed_pair_expected,0.2196969696969697,3.9404246024678726
from_SLR,mixed_pair_expected,0.22727272727272727,3.9529964540269034
from_SLR,mixed_pair_expected,0.23484848484848486,4.00068284092145
from_SLR,mixed_pair_expected,0.24242424242424243,4.010239524971553
from_SLR,mixed_pair_expected,0.25,3.9719519602979396
from_SLR,mixed_pair_expected,0.25757575757575757,3.9479861835800247
from_SLR,mixed_pair_expected,0.26515151515151514,3.991154493283256
from_SLR,mixed_pair_expected,0.2727272727272727,4.087575158682022
from_SLR,mixed_pair_expected,0.2803030303030303,4.089165561173528
from_SLR,mixed_pair_expected,0.2878787878787879,4.085798034037425
from_SLR,mixed_pair_expected,0.29545454545454547,4.046598371462472
from_SLR,mixed_pair_expected,0.30303030303030304,4.114276775673681
from_SLR,mixed_pair_expected,0.3106060606060606,4.084493503184031
from_SLR,mixed_pair_expected,0.3181818181818182,4.058876377580774
from_SLR,mixed_pair_expected,0.32575757575757575,4.021651821886201
from_SLR,mixed_pair_expected,0.3333333333333333,3.9854872385178606
from_SLR,mixed_pair_expected,0.3409090909090909,3.9640924607675743
from_SLR,mixed_pair_expected,0.3484848484848485,3.956030568206885
from_SLR,mixed_pair_expected,0.3560606060606061,4.025862463861837
from_SLR,mixed_pair_expected,0.36363636363636365,4.003291317938652
from_SLR,mixed_pair_expected,0.3712121212121212,4.051701192991817
from_SLR,mixed_pair_expected,0.3787878787878788,4.051462662583224
from_SLR,mixed_pair_expected,0.38636363636363635,4.0428996140055915
from_SLR,mixed_pair_expected,0.3939393939393939,4.055280041194403
from_SLR,mixed_pair_expected,0.4015151515151515,4.163069403733456
from_SLR,mixed_pair_expected,0.4090909090909091,4.200850218450548
from_SLR,mixed_pair_expected,0.4166666666666667,4.211920544574839
from_SLR,mixed_pair_expected,0.42424242424242425,4.263362474502898
from_SLR,mixed_pair_expected,0.4318181818181818,4.249269332968289
from_SLR,mixed_pair_expected,0.4393939393939394,4.276056628357515
from_SLR,mixed_pair_expected,0.44696969696969696,4.265462268256146
from_SLR,mixed_pair_expected,0.45454545454545453,4.272123441253259
from_SLR,mixed_pair_expected,0.4621212121212121,4.300853649920191
from_SLR,mixed_pair_expected,0.4696969696969697,4.349467472475816
from_SLR,mixed_pair_expected,0.4772727272727273,4.358317541629074
from_SLR,mixed_pair_expected,0.48484848484848486,4.346067399832918
from_SLR,mixed_pair_expected,0.49242424242424243,4.360884660064033
from_SLR,mixed_pair_expected,0.5,4.38092459744387
from_SLR,mixed_pair_expected,0.5075757575757576,4.396247225322848
from_SLR,mixed_pair_expected,0.5151515151515151,4.432084014572514
from_SLR,mixed_pair_expected,0.5227272727272727,4.449472086736985
from_SLR,mixed_pair_expected,0.5303030303030303,4.450217622942465
from_SLR,mixed_pair_expected,0.5378787878787878,4.468476091919126
from_SLR,mixed_pair_expected,0.5454545454545454,4.500264178692068
from_SLR,mixed_pair_expected,0.553030303030303,4.522561785815305
from_SLR,mixed_pair_expected,0.5606060606060606,4.5333195322093935
from_SLR,mixed_pair_expected,0.5681818181818182,4.533711369029174
from_SLR,mixed_pair_expected,0.5757575757575758,4.537437881648361
from_SLR,mixed_pair_expected,0.5833333333333334,4.510314579257449
from_SLR,mixed_pair_expected,0.5909090909090909,4.552402908146352
from_SLR,mixed_pair_expected,0.5984848484848485,4.561667339625974
from_SLR,mixed_pair_expected,0.6060606060606061,4.594969177638279
from_SLR,mixed_pair_expected,0.6136363636363636,4.612272849331254
from_SLR,mixed_pair_expected,0.6212121212121212,4.6202289865520365
from_SLR,mixed_pair_expected,0.6287878787878788,4.64093092555944
from_SLR,mixed_pair_expected,0.6363636363636364,4.650945124217383
from_SLR,mixed_pair_expected,0.6439393939393939,4.670900579518395
from_SLR,mixed_pair_expected,0.6515151515151515,4.661130491062778
from_SLR,mixed_pair_expected,0.6590909090909091,4.728155566541769
from_SLR,mixed_pair_expected,0.6666666666666666,4.768919281969263
from_SLR,mixed_pair_expected,0.6742424242424242,4.793828765084604
from_SLR,mixed_pair_expected,0.6818181818181818,4.804608517248259
from_SLR,mixed_pair_expected,0.6893939393939394,4.803627322933639
from_SLR,mixed_pair_expected,0.696969696969697,4.848695757102491
from_SLR,mixed_pair_expected,0.7045454545454546,4.848886900243449
from_SLR,mixed_pair_expected,0.7121212121212122,4.860480780858987
from_SLR,mixed_pair_expected,0.7196969696969697,4.857103473382234
from_SLR,mixed_pair_expected,0.7272727272727273,4.854787675046581
from_SLR,mixed_pair_expected,0.7348484848484849,4.868044589817206
from_SLR,mixed_pair_expected,0.7424242424242424,4.912724596190973
from_SLR,mixed_pair_expected,0.75,4.906289576818111
from_SLR,mixed_pair_expected,0.7575757575757576,4.917289946182589
from_SLR,mixed_pair_expected,0.7651515151515151,4.934221077294061
from_SLR,mixed_pair_expected,0.7727272727272727,4.938388035698836
from_SLR,mixed_pair_expected,0.7803030303030303,4.979292310310487
from_SLR,mixed_pair_expected,0.7878787878787878,4.987016424010885
from_SLR,mixed_pair_expected,0.7954545454545454,4.998778662425094
from_SLR,mixed_pair_expected,0.803030303030303,5.026180881332459
from_SLR,mixed_pair_expected,0.8106060606060606,5.022922509238505
from_SLR,mixed_pair_expected,0.8181818181818182,5.022078965361511
from_SLR,mixed_pair_expected,0.8257575757575758,5.018667603850327
from_SLR,mixed_pair_expected,0.8333333333333334,5.02959619778471
from_SLR,mixed_pair_expected,0.8409090909090909,5.026792474537282
from_SLR,mixed_pair_expected,0.8484848484848485,5.024442945318339
from_SLR,mixed_pair_expected,0.8560606060606061,5.036413802055926
from_SLR,mixed_pair_expected,0.8636363636363636,5.029595720410142
from_SLR,mixed_pair_expected,0.8712121212121212,5.033255615096222
from_SLR,mixed_pair_expected,0.8787878787878788,5.06498495588789
from_SLR,mixed_pair_expected,0.8863636363636364,5.067350127138254
from_SLR,mixed_pair_expected,0.8939393939393939,5.062647475927642
from_SLR,mixed_pair_expected,0.9015151515151515,5.064259217929845
from_SLR,mixed_pair_expected,0.9090909090909091,5.054595256602069
from_SLR,mixed_pair_expected,0.9166666666666666,5.065160006429719
from_SLR,mixed_pair_expected,0.9242424242424242,5.069538282359214
from_SLR,mixed_pair_expected,0.9318181818181818,5.093221170910206
from_SLR,mixed_pair_expected,0.9393939393939394,5.090319532649822
from_SLR,mixed_pair_expected,0.946969696969697,5.087385514760245
from_SLR,mixed_pair_expected,0.9545454545454546,5.107871263043729
from_SLR,mixed_pair_expected,0.9621212121212122,5.1176267898549845
from_SLR,mixed_pair_expected,0.9696969696969697,5.115781886786634
from_SLR,mixed_pair_expected,0.9772727272727273,5.121699877518601
from_SLR,mixed_pair_expected,0.9848484848484849,5.110174891854693
from_SLR,mixed_pair_expected,0.9924242424242424,5.106379405578874
from_SLR,mixed_pair_expected,1.0,5.126273437061992
from_SLR,mixed_pair_covariance,0.007575757575757576,5.5710216780672965
from_SLR,mixed_pair_covariance,0.015151515151515152,5.1796089649303
from_SLR,mixed_pair_covariance,0.022727272727272728,4.473816484117119
from_SLR,mixed_pair_covariance,0.030303030303030304,4.300964473273878
from_SLR,mixed_pair_covariance,0.03787878787878788,4.124686439569587
from_SLR,mixed_pair_covariance,0.045454545454545456,4.237412274803906
from_SLR,mixed_pair_covariance,0.05303030303030303,4.339233367486862
from_SLR,mixed_pair_covariance,0.06060606060606061,4.160735543510668
from_SLR,mixed_pair_covariance,0.06818181818181818,4.227977841456255
from_SLR,mixed_pair_covariance,0.07575757575757576,4.069433567433932
from_SLR,mixed_pair_covariance,0.08333333333333333,4.075555709329176
from_SLR,mixed_pair_covariance,0.09090909090909091,4.261999504619268
from_SLR,mixed_pair_covariance,0.09848484848484848,4.333015960706785
from_SLR,mixed_pair_covariance,0.10606060606060606,4.3614675842479285
from_SLR,mixed_pair_covariance,0.11363636363636363,4.349123006501449
from_SLR,mixed_pair_covariance,0.12121212121212122,4.388870180690405
from_SLR,mixed_pair_covariance,0.12878787878787878,4.416299567010516
from_SLR,mixed_pair_covariance,0.13636363636363635,4.2714654334956945
from_SLR,mixed_pair_covariance,0.14393939393939395,4.214500713217231
from_SLR,mixed_pair_covariance,0.15151515151515152,4.130775370307589
from_SLR,mixed_pair_covariance,0.1590909090909091,4.119968578020338
from_SLR,mixed_pair_covariance,0.16666666666666666,4.012803466321546
from_SLR,mixed_pair_covariance,0.17424242424242425,4.04681059375897
from_SLR,mixed_pair_covariance,0.18181818181818182,4.026061819990102
from_SLR,mixed_pair_covariance,0.1893939393939394,3.956808139254715
from_SLR,mixed_pair_covariance,0.19696969696969696,3.8952189631249037
from_SLR,mixed_pair_covariance,0.20454545454545456,3.8464530136405326
from_SLR,mixed_pair_covariance,0.21212121212121213,3.7886934383353164
from_SLR,mixed_pair_covariance,0.2196969696969697,3.7290919754732594
from_SLR,mixed_pair_covariance,0.22727272727272727,3.687254294182432
from_SLR,mixed_pair_covariance,0.23484848484848486,3.6475759240822487
from_SLR,mixed_pair_covariance,0.24242424242424243,3.5749560617544236
from_SLR,mixed_pair_covariance,0.25,3.7206316516685596
from_SLR,mixed_pair_covariance,0.25757575757575757,3.6693706044244094
from_SLR,mixed_pair_covariance,0.26515151515151514,3.638297888865121
from_SLR,mixed_pair_covariance,0.2727272727272727,3.6400175925674154
from_SLR,mixed_pair_covariance,0.2803030303030303,3.679322939052485
from_SLR,mixed_pair_covariance,0.2878787878787879,3.683624879416197
from_SLR,mixed_pair_covariance,0.29545454545454547,3.753651832718807
from_SLR,mixed_pair_covariance,0.30303030303030304,3.7301925908176727
from_SLR,mixed_pair_covariance,0.3106060606060606,3.7545892881947283
from_SLR,mixed_pair_covariance,0.3181818181818182,3.728985048435689
from_SLR,mixed_pair_covariance,0.32575757575757575,3.7385600111767605
from_SLR,mixed_pair_covariance,0.3333333333333333,3.7718454787928652
from_SLR,mixed_pair_covariance,0.3409090909090909,3.740146699598826
from_SLR,mixed_pair_covariance,0.3484848484848485,3.731979991814754
from_SLR,mixed_pair_covariance,0.3560606060606061,3.7496968932285992
from_SLR,mixed_pair_covariance,0.36363636363636365,3.760388230529559
from_SLR,mixed_pair_covariance,0.3712121212121212,3.745802963389805
from_SLR,mixed_pair_covariance,0.3787878787878788,3.747741287885322
from_SLR,mixed_pair_covariance,0.38636363636363635,3.76087287397903
from_SLR,mixed_pair_covariance,0.3939393939393939,3.8063028558835263
from_SLR,mixed_pair_covariance,0.4015151515151515,3.8712986968378402
from_SLR,mixed_pair_covariance,0.4090909090909091,3.875760506630042
from_SLR,mixed_pair_covariance,0.4166666666666667,3.933287275028046
from_SLR,mixed_pair_covariance,0.42424242424242425,3.9631477079327015
from_SLR,mixed_pair_covariance,0.4318181818181818,4.004914367959853
from_SLR,mixed_pair_covariance,0.4393939393939394,4.030527036735159
from_SLR,mixed_pair_covariance,0.44696969696969696,4.0370643255212455
from_SLR,mixed_pair_covariance,0.45454545454545453,4.067533658101367
from_SLR,mixed_pair_covariance,0.4621212121212121,4.1255289303873495
from_SLR,mixed_pair_covariance,0.4696969696969697,4.177366864017384
from_SLR,mixed_pair_covariance,0.4772727272727273,4.197804064735994
from_SLR,mixed_pair_covariance,0.48484848484848486,4.185000297694843
from_SLR,mixed_pair_covariance,0.49242424242424243,4.193148666844126
from_SLR,mixed_pair_covariance,0.5,4.178725098067493
from_SLR,mixed_pair_covariance,0.5075757575757576,4.20830925238177
from_SLR,mixed_pair_covariance,0.5151515151515151,4.227673981837362
from_SLR,mixed_pair_covariance,0.5227272727272727,4.246399510171861
from_SLR,mixed_pair_covariance,0.5303030303030303,4.289063412986479
from_SLR,mixed_pair_covariance,0.5378787878787878,4.306336768420611
from_SLR,mixed_pair_covariance,0.5454545454545454,4.352800050791783
from_SLR,mixed_pair_covariance,0.553030303030303,4.364448458744188
from_SLR,mixed_pair_covariance,0.5606060606060606,4.3985218573212395
from_SLR,mixed_pair_covariance,0.5681818181818182,4.425641290929616
from_SLR,mixed_pair_covariance,0.5757575757575758,4.443838638137316
from_SLR,mixed_pair_covariance,0.5833333333333334,4.468760077022334
from_SLR,mixed_pair_covariance,0.5909090909090909,4.481358267412769
from_SLR,mixed_pair_covariance,0.5984848484848485,4.491878447581155
from_SLR,mixed_pair_covariance,0.6060606060606061,4.482328238030618
from_SLR,mixed_pair_covariance,0.6136363636363636,4.479380071055307
from_SLR,mixed_pair_covariance,0.6212121212121212,4.50472609929998
from_SLR,mixed_pair_covariance,0.6287878787878788,4.5333421025894864
from_SLR,mixed_pair_covariance,0.6363636363636364,4.541112867307713
from_SLR,mixed_pair_covariance,0.6439393939393939,4.562910560123
from_SLR,mixed_pair_covariance,0.6515151515151515,4.562075429127854
from_SLR,mixed_pair_covariance,0.6590909090909091,4.583961444524318
from_SLR,mixed_pair_covariance,0.6666666666666666,4.5759905539764745
from_SLR,mixed_pair_covariance,0.6742424242424242,4.607958871361559
from_SLR,mixed_pair_covariance,0.6818181818181818,4.64950606528365
from_SLR,mixed_pair_covariance,0.6893939393939394,4.678619821759937
from_SLR,mixed_pair_covariance,0.696969696969697,4.698567351680988
from_SLR,mixed_pair_covariance,0.7045454545454546,4.719973330279781
from_SLR,mixed_pair_covariance,0.7121212121212122,4.731549035093174
from_SLR,mixed_pair_covariance,0.7196969696969697,4.797743327680924
from_SLR,mixed_pair_covariance,0.7272727272727273,4.847015136262209
from_SLR,mixed_pair_covariance,0.7348484848484849,4.884135972638034
from_SLR,mixed_pair_covariance,0.7424242424242424,4.906758416681996
from_SLR,mixed_pair_covariance,0.75,4.937663683660064
from_SLR,mixed_pair_covariance,0.7575757575757576,4.948979102846986
from_SLR,mixed_pair_covariance,0.7651515151515151,4.9505611388108015
from_SLR,mixed_pair_covariance,0.7727272727272727,4.971733951602732
from_SLR,mixed_pair_covariance,0.7803030303030303,4.995388638970312
from_SLR,mixed_pair_covariance,0.7878787878787878,5.0016592023211075
from_SLR,mixed_pair_covariance,0.7954545454545454,5.016746825496923
from_SLR,mixed_pair_covariance,0.803030303030303,5.02495727456548
from_SLR,mixed_pair_covariance,0.8106060606060606,5.029605742369059
from_SLR,mixed_pair_covariance,0.8181818181818182,5.024185551835956
from_SLR,mixed_pair_covariance,0.8257575757575758,5.028167330469462
from_SLR,mixed_pair_covariance,0.8333333333333334,5.0244760022055175
from_SLR,mixed_pair_covariance,0.8409090909090909,5.037084917056756
from_SLR,mixed_pair_covariance,0.8484848484848485,5.035258668346895
from_SLR,mixed_pair_covariance,0.8560606060606061,5.016622860473043
from_SLR,mixed_pair_covariance,0.8636363636363636,5.026201699111189
from_SLR,mixed_pair_covariance,0.8712121212121212,5.0214588049594475
from_SLR,mixed_pair_covariance,0.8787878787878788,5.031186708206582
from_SLR,mixed_pair_covariance,0.8863636363636364,5.044047044529557
from_SLR,mixed_pair_covariance,0.8939393939393939,5.03791268079058
from_SLR,mixed_pair_covariance,0.9015151515151515,5.042749177817671
from_SLR,mixed_pair_covariance,0.9090909090909091,5.033853609275372
from_SLR,mixed_pair_covariance,0.9166666666666666,5.0270486824032075
from_SLR,mixed_pair_covariance,0.9242424242424242,5.034717918698271
from_SLR,mixed_pair_covariance,0.9318181818181818,5.054234836776625
from_SLR,mixed_pair_covariance,0.9393939393939394,5.07249194502657
from_SLR,mixed_pair_covariance,0.946969696969697,5.080690886583364
from_SLR,mixed_pair_covariance,0.9545454545454546,5.08560191192922
from_SLR,mixed_pair_covariance,0.9621212121212122,5.10567778058725
from_SLR,mixed_pair_covariance,0.9696969696969697,5.095747189997583
from_SLR,mixed_pair_covariance,0.9772727272727273,5.08544653779409
from_SLR,mixed_pair_covariance,0.9848484848484849,5.099052864699706
from_SLR,mixed_pair_covariance,0.9924242424242424,5.1130403936078785
from_SLR,mixed_pair_covariance,1.0,5.1262734370619905
from_SLR,mixed_pair_disagreement,0.007575757575757576,3.8862705256413186
from_SLR,mixed_pair_disagreement,0.015151515151515152,4.162227031924721
from_SLR,mixed_pair_disagreement,0.022727272727272728,4.685320335167561
from_SLR,mixed_pair_disagreement,0.030303030303030304,5.09611629074167
from_SLR,mixed_pair_disagreement,0.03787878787878788,5.635615464052347
from_SLR,mixed_pair_disagreement,0.045454545454545456,5.878651763835705
from_SLR,mixed_pair_disagreement,0.05303030303030303,6.204060068023221
from_SLR,mixed_pair_disagreement,0.06060606060606061,6.329801609325856
from_SLR,mixed_pair_disagreement,0.06818181818181818,6.0368639291382
from_SLR,mixed_pair_disagreement,0.07575757575757576,5.966810535130921
from_SLR,mixed_pair_disagreement,0.08333333333333333,5.8664611687743635
from_SLR,mixed_pair_disagreement,0.09090909090909091,5.939879288752397
from_SLR,mixed_pair_disagreement,0.09848484848484848,5.846411021975377
from_SLR,mixed_pair_disagreement,0.10606060606060606,5.6260338015368845
from_SLR,mixed_pair_disagreement,0.11363636363636363,5.874731430147914
from_SLR,mixed_pair_disagreement,0.12121212121212122,5.946966899198408
from_SLR,mixed_pair_disagreement,0.12878787878787878,5.8295259911905655
from_SLR,mixed_pair_disagreement,0.13636363636363635,5.847768953940669
from_SLR,mixed_pair_disagreement,0.14393939393939395,5.755824841109198
from_SLR,mixed_pair_disagreement,0.15151515151515152,5.685195712749885
from_SLR,mixed_pair_disagreement,0.1590909090909091,5.660173314172442
from_SLR,mixed_pair_disagreement,0.16666666666666666,5.608823943908582
from_SLR,mixed_pair_disagreement,0.17424242424242425,5.630694929953438
from_SLR,mixed_pair_disagreement,0.18181818181818182,5.58815128137734
from_SLR,mixed_pair_disagreement,0.1893939393939394,5.569919280371974
from_SLR,mixed_pair_disagreement,0.19696969696969696,5.55876634345568
from_SLR,mixed_pair_disagreement,0.20454545454545456,5.456115877622754
from_SLR,mixed_pair_disagreement,0.21212121212121213,5.416306071944665
from_SLR,mixed_pair_disagreement,0.2196969696969697,5.448580310341644
from_SLR,mixed_pair_disagreement,0.22727272727272727,5.473388636467367
from_SLR,mixed_pair_disagreement,0.23484848484848486,5.411032893392807
from_SLR,mixed_pair_disagreement,0.24242424242424243,5.334716440958765
from_SLR,mixed_pair_disagreement,0.25,5.37417770960722
from_SLR,mixed_pair_disagreement,0.25757575757575757,5.371641057212853
from_SLR,mixed_pair_disagreement,0.26515151515151514,5.459968126640574
from_SLR,mixed_pair_disagreement,0.2727272727272727,5.424267386447178
from_SLR,mixed_pair_disagreement,0.2803030303030303,5.365236854752022
from_SLR,mixed_pair_disagreement,0.2878787878787879,5.351455091350831
from_SLR,mixed_pair_disagreement,0.29545454545454547,5.315987813007699
from_SLR,mixed_pair_disagreement,0.30303030303030304,5.375940910369503
from_SLR,mixed_pair_disagreement,0.3106060606060606,5.359562847336321
from_SLR,mixed_pair_disagreement,0.3181818181818182,5.336047084960724
from_SLR,mixed_pair_disagreement,0.32575757575757575,5.3645881821363295
from_SLR,mixed_pair_disagreement,0.3333333333333333,5.3853334816989715
from_SLR,mixed_pair_disagreement,0.3409090909090909,5.387400024687032
from_SLR,mixed_pair_disagreement,0.3484848484848485,5.338149229229562
from_SLR,mixed_pair_disagreement,0.3560606060606061,5.444135419582651
from_SLR,mixed_pair_disagreement,0.36363636363636365,5.453143983645899
from_SLR,mixed_pair_disagreement,0.3712121212121212,5.445349722647907
from_SLR,mixed_pair_disagreement,0.3787878787878788,5.417471574541455
from_SLR,mixed_pair_disagreement,0.38636363636363635,5.392712890328276
from_SLR,mixed_pair_disagreement,0.3939393939393939,5.401767953337017
from_SLR,mixed_pair_disagreement,0.4015151515151515,5.349313227012324
from_SLR,mixed_pair_disagreement,0.4090909090909091,5.369692313201196
from_SLR,mixed_pair_disagreement,0.4166666666666667,5.363603796642802
from_SLR,mixed_pair_disagreement,0.42424242424242425,5.422820044657919
from_SLR,mixed_pair_disagreement,0.4318181818181818,5.362823819101718
from_SLR,mixed_pair_disagreement,0.4393939393939394,5.366377472878221
from_SLR,mixed_pair_disagreement,0.44696969696969696,5.366217372859254
from_SLR,mixed_pair_disagreement,0.45454545454545453,5.364871401399476
from_SLR,mixed_pair_disagreement,0.4621212121212121,5.377921800168484
from_SLR,mixed_pair_disagreement,0.4696969696969697,5.399000184683513
from_SLR,mixed_pair_disagreement,0.4772727272727273,5.389821611692966
from_SLR,mixed_pair_disagreement,0.48484848484848486,5.363361893104446
from_SLR,mixed_pair_disagreement,0.49242424242424243,5.386823999456319
from_SLR,mixed_pair_disagreement,0.5,5.388427235822732
from_SLR,mixed_pair_disagreement,0.5075757575757576,5.398902072490962
from_SLR,mixed_pair_disagreement,0.5151515151515151,5.379201477800382
from_SLR,mixed_pair_disagreement,0.5227272727272727,5.363285214848584
from_SLR,mixed_pair_disagreement,0.5303030303030303,5.37794317751775
from_SLR,mixed_pair_disagreement,0.5378787878787878,5.384773608958845
from_SLR,mixed_pair_disagreement,0.5454545454545454,5.377533528330319
from_SLR,mixed_pair_disagreement,0.553030303030303,5.435317860558186
from_SLR,mixed_pair_disagreement,0.5606060606060606,5.431964965809505
from_SLR,mixed_pair_disagreement,0.5681818181818182,5.465408086591235
from_SLR,mixed_pair_disagreement,0.5757575757575758,5.418139433998231
from_SLR,mixed_pair_disagreement,0.5833333333333334,5.399226025470667
from_SLR,mixed_pair_disagreement,0.5909090909090909,5.406694633656138
from_SLR,mixed_pair_disagreement,0.5984848484848485,5.423203450972781
from_SLR,mixed_pair_disagreement,0.6060606060606061,5.431777464879647
from_SLR,mixed_pair_disagreement,0.6136363636363636,5.413821078960723
from_SLR,mixed_pair_disagreement,0.6212121212121212,5.423795634397549
from_SLR,mixed_pair_disagreement,0.6287878787878788,5.382519589593265
from_SLR,mixed_pair_disagreement,0.6363636363636364,5.361040757612122
from_SLR,mixed_pair_disagreement,0.6439393939393939,5.35488155553935
from_SLR,mixed_pair_disagreement,0.6515151515151515,5.363060810360364
from_SLR,mixed_pair_disagreement,0.6590909090909091,5.349979791445779
from_SLR,mixed_pair_disagreement,0.6666666666666666,5.338488600948867
from_SLR,mixed_pair_disagreement,0.6742424242424242,5.31981744229057
from_SLR,mixed_pair_disagreement,0.6818181818181818,5.3251210081609415
from_SLR,mixed_pair_disagreement,0.6893939393939394,5.3234261841395
from_SLR,mixed_pair_disagreement,0.696969696969697,5.301431309579182
from_SLR,mixed_pair_disagreement,0.7045454545454546,5.2898113485325
from_SLR,mixed_pair_disagreement,0.7121212121212122,5.297470331856425
from_SLR,mixed_pair_disagreement,0.7196969696969697,5.316159676984873
from_SLR,mixed_pair_disagreement,0.7272727272727273,5.306269203495654
from_SLR,mixed_pair_disagreement,0.7348484848484849,5.339650255560163
from_SLR,mixed_pair_disagreement,0.7424242424242424,5.314032003824447
from_SLR,mixed_pair_disagreement,0.75,5.331860988523471
from_SLR,mixed_pair_disagreement,0.7575757575757576,5.335022421956515
from_SLR,mixed_pair_disagreement,0.7651515151515151,5.3185002902062255
from_SLR,mixed_pair_disagreement,0.7727272727272727,5.3249774575329125
from_SLR,mixed_pair_disagreement,0.7803030303030303,5.309827448735241
from_SLR,mixed_pair_disagreement,0.7878787878787878,5.312801988679844
from_SLR,mixed_pair_disagreement,0.7954545454545454,5.285032494689671
from_SLR,mixed_pair_disagreement,0.803030303030303,5.290964619152141
from_SLR,mixed_pair_disagreement,0.8106060606060606,5.286526887287686
from_SLR,mixed_pair_disagreement,0.8181818181818182,5.29144512826995
from_SLR,mixed_pair_disagreement,0.8257575757575758,5.3080994332483025
from_SLR,mixed_pair_disagreement,0.8333333333333334,5.288828170073107
from_SLR,mixed_pair_disagreement,0.8409090909090909,5.294556023136856
from_SLR,mixed_pair_disagreement,0.8484848484848485,5.28506849499895
from_SLR,mixed_pair_disagreement,0.8560606060606061,5.286241185128019
from_SLR,mixed_pair_disagreement,0.8636363636363636,5.271852821511944
from_SLR,mixed_pair_disagreement,0.8712121212121212,5.250751810696601
from_SLR,mixed_pair_disagreement,0.8787878787878788,5.242212159902477
from_SLR,mixed_pair_disagreement,0.8863636363636364,5.244914704309099
from_SLR,mixed_pair_disagreement,0.8939393939393939,5.244699399292572
from_SLR,mixed_pair_disagreement,0.9015151515151515,5.244150767620593
from_SLR,mixed_pair_disagreement,0.9090909090909091,5.235567252595012
from_SLR,mixed_pair_disagreement,0.9166666666666666,5.228334803391333
from_SLR,mixed_pair_disagreement,0.9242424242424242,5.222886783547399
from_SLR,mixed_pair_disagreement,0.9318181818181818,5.214692910430838
from_SLR,mixed_pair_disagreement,0.9393939393939394,5.202026637372406
from_SLR,mixed_pair_disagreement,0.946969696969697,5.1852302374191375
from_SLR,mixed_pair_disagreement,0.9545454545454546,5.173902084957628
from_SLR,mixed_pair_disagreement,0.9621212121212122,5.155957825756047
from_SLR,mixed_pair_disagreement,0.9696969696969697,5.148556834351367
from_SLR,mixed_pair_disagreement,0.9772727272727273,5.146447563231038
from_SLR,mixed_pair_disagreement,0.9848484848484849,5.142979618400214
from_SLR,mixed_pair_disagreement,0.9924242424242424,5.124877854401736
from_SLR,mixed_pair_disagreement,1.0,5.1262734370619905
from_SLR,gaussian_expected,0.007575757575757576,5.041831038854753
from_SLR,gaussian_expected,0.015151515151515152,4.6964277779727395
from_SLR,gaussian_expected,0.022727272727272728,4.9728962847231015
from_SLR,gaussian_expected,0.030303030303030304,4.698401913356246
from_SLR,gaussian_expected,0.03787878787878788,4.672152851995027
from_SLR,gaussian_expected,0.045454545454545456,4.614656682121253
from_SLR,gaussian_expected,0.05303030303030303,4.622521973133484
from_SLR,gaussian_expected,0.06060606060606061,4.567538620898407
from_SLR,gaussian_expected,0.06818181818181818,4.631164809737796
from_SLR,gaussian_expected,0.07575757575757576,4.591669993704179
from_SLR,gaussian_expected,0.08333333333333333,4.546903863038096
from_SLR,gaussian_expected,0.09090909090909091,4.631381826378086
from_SLR,gaussian_expected,0.09848484848484848,4.614421110640175
from_SLR,gaussian_expected,0.10606060606060606,4.748048456175202
from_SLR,gaussian_expected,0.11363636363636363,4.599374202934404
from_SLR,gaussian_expected,0.12121212121212122,4.611285932134394
from_SLR,gaussian_expected,0.12878787878787878,4.6312700515881895
from_SLR,gaussian_expected,0.13636363636363635,4.558734362131085
from_SLR,gaussian_expected,0.14393939393939395,4.431554627280058
from_SLR,gaussian_expected,0.15151515151515152,4.420510798396721
from_SLR,gaussian_expected,0.1590909090909091,4.424415974790179
from_SLR,gaussian_expected,0.16666666666666666,4.369361863563076
from_SLR,gaussian_expected,0.17424242424242425,4.26446954936793
from_SLR,gaussian_expected,0.18181818181818182,4.321550815363897
from_SLR,gaussian_expected,0.1893939393939394,4.236227103713734
from_SLR,gaussian_expected,0.19696969696969696,4.112733568143104
from_SLR,gaussian_expected,0.20454545454545456,4.02076484549232
from_SLR,gaussian_expected,0.21212121212121213,3.992105802233283
from_SLR,gaussian_expected,0.2196969696969697,3.915799349049127
from_SLR,gaussian_expected,0.22727272727272727,3.8924609064853595
from_SLR,gaussian_expected,0.23484848484848486,3.9295844874872574
from_SLR,gaussian_expected,0.24242424242424243,3.9023964586057716
from_SLR,gaussian_expected,0.25,3.8428098570309497
from_SLR,gaussian_expected,0.25757575757575757,3.8875859118296154
from_SLR,gaussian_expected,0.26515151515151514,3.8434368652648523
from_SLR,gaussian_expected,0.2727272727272727,3.874129030643161
from_SLR,gaussian_expected,0.2803030303030303,3.8670635627621093
from_SLR,gaussian_expected,0.2878787878787879,3.9148670243384545
from_SLR,gaussian_expected,0.29545454545454547,3.9492943503166646
from_SLR,gaussian_expected,0.30303030303030304,3.9440852753338285
from_SLR,gaussian_expected,0.3106060606060606,3.898198449510062
from_SLR,gaussian_expected,0.3181818181818182,3.9113129209139443
from_SLR,gaussian_expected,0.32575757575757575,3.922376134433461
from_SLR,gaussian_expected,0.3333333333333333,3.9679947254981176
from_SLR,gaussian_expected,0.3409090909090909,3.961708728784385
from_SLR,gaussian_expected,0.3484848484848485,3.94904516300646
from_SLR,gaussian_expected,0.3560606060606061,3.9508093887631204
from_SLR,gaussian_expected,0.36363636363636365,3.9556378782109136
from_SLR,gaussian_expected,0.3712121212121212,3.9377971658906348
from_SLR,gaussian_expected,0.3787878787878788,3.942127700613747
from_SLR,gaussian_expected,0.38636363636363635,3.9298590940139704
from_SLR,gaussian_expected,0.3939393939393939,3.9669761104520256
from_SLR,gaussian_expected,0.4015151515151515,4.042908548384001
from_SLR,gaussian_expected,0.4090909090909091,4.0524929801605785
from_SLR,gaussian_expected,0.4166666666666667,4.114809653486199
from_SLR,gaussian_expected,0.42424242424242425,4.170965685383369
from_SLR,gaussian_expected,0.4318181818181818,4.176394398771941
from_SLR,gaussian_expected,0.4393939393939394,4.193476704464266
from_SLR,gaussian_expected,0.44696969696969696,4.198933153844202
from_SLR,gaussian_expected,0.45454545454545453,4.233559368644931
from_SLR,gaussian_expected,0.4621212121212121,4.300390893462037
from_SLR,gaussian_expected,0.4696969696969697,4.362948078867524
from_SLR,gaussian_expected,0.4772727272727273,4.388369325841944
from_SLR,gaussian_expected,0.48484848484848486,4.4068006670643145
from_SLR,gaussian_expected,0.49242424242424243,4.384595344510725
from_SLR,gaussian_expected,0.5,4.377188160769005
from_SLR,gaussian_expected,0.5075757575757576,4.444282187755665
from_SLR,gaussian_expected,0.5151515151515151,4.465635736405607
from_SLR,gaussian_expected,0.5227272727272727,4.508282959605154
from_SLR,gaussian_expected,0.5303030303030303,4.536686335757428
from_SLR,gaussian_expected,0.5378787878787878,4.576069307485642
from_SLR,gaussian_expected,0.5454545454545454,4.6305185910929625
from_SLR,gaussian_expected,0.553030303030303,4.629622189154271
from_SLR,gaussian_expected,0.5606060606060606,4.665785235355936
from_SLR,gaussian_expected,0.5681818181818182,4.715566554957648
from_SLR,gaussian_expected,0.5757575757575758,4.737659157883736
from_SLR,gaussian_expected,0.5833333333333334,4.768583447228949
from_SLR,gaussian_expected,0.5909090909090909,4.775626778884521
from_SLR,gaussian_expected,0.5984848484848485,4.779415900174816
from_SLR,gaussian_expected,0.6060606060606061,4.78880217541953
from_SLR,gaussian_expected,0.6136363636363636,4.789778137303244
from_SLR,gaussian_expected,0.6212121212121212,4.807802079143218
from_SLR,gaussian_expected,0.6287878787878788,4.854541391675007
from_SLR,gaussian_expected,0.6363636363636364,4.864445164991752
from_SLR,gaussian_expected,0.6439393939393939,4.888893919923389
from_SLR,gaussian_expected,0.6515151515151515,4.897605321312164
from_SLR,gaussian_expected,0.6590909090909091,4.930169625689006
from_SLR,gaussian_expected,0.6666666666666666,4.940172966215331
from_SLR,gaussian_expected,0.6742424242424242,4.981001379075373
from_SLR,gaussian_expected,0.6818181818181818,5.032944430929479
from_SLR,gaussian_expected,0.6893939393939394,5.058084000617716
from_SLR,gaussian_expected,0.696969696969697,5.083358770567632
from_SLR,gaussian_expected,0.7045454545454546,5.111660589692543
from_SLR,gaussian_expected,0.7121212121212122,5.13023127492128
from_SLR,gaussian_expected,0.7196969696969697,5.198115033673485
from_SLR,gaussian_expected,0.7272727272727273,5.252790126600001
from_SLR,gaussian_expected,0.7348484848484849,5.299271896153488
from_SLR,gaussian_expected,0.7424242424242424,5.328251648432231
from_SLR,gaussian_expected,0.75,5.335273883097682
from_SLR,gaussian_expected,0.7575757575757576,5.379581028012393
from_SLR,gaussian_expected,0.7651515151515151,5.389750905898413
from_SLR,gaussian_expected,0.7727272727272727,5.392646385442273
from_SLR,gaussian_expected,0.7803030303030303,5.447218756663268
from_SLR,gaussian_expected,0.7878787878787878,5.469044776647102
from_SLR,gaussian_expected,0.7954545454545454,5.492385697084902
from_SLR,gaussian_expected,0.803030303030303,5.495495724072776
from_SLR,gaussian_expected,0.8106060606060606,5.5238462915851185
from_SLR,gaussian_expected,0.8181818181818182,5.526515404749293
from_SLR,gaussian_expected,0.8257575757575758,5.534916515987825
from_SLR,gaussian_expected,0.8333333333333334,5.5188166603930995
from_SLR,gaussian_expected,0.8409090909090909,5.498308550197666
from_SLR,gaussian_expected,0.8484848484848485,5.492402840595328
from_SLR,gaussian_expected,0.8560606060606061,5.528166790561705
from_SLR,gaussian_expected,0.8636363636363636,5.528490574652842
from_SLR,gaussian_expected,0.8712121212121212,5.52618020692035
from_SLR,gaussian_expected,0.8787878787878788,5.527925442910894
from_SLR,gaussian_expected,0.8863636363636364,5.545133649061749
from_SLR,gaussian_expected,0.8939393939393939,5.537073775694654
from_SLR,gaussian_expected,0.9015151515151515,5.539316391860993
from_SLR,gaussian_expected,0.9090909090909091,5.540681744394081
from_SLR,gaussian_expected,0.9166666666666666,5.534786163195801
from_SLR,gaussian_expected,0.9242424242424242,5.553454841430912
from_SLR,gaussian_expected,0.9318181818181818,5.569495359292001
from_SLR,gaussian_expected,0.9393939393939394,5.590666718471163
from_SLR,gaussian_expected,0.946969696969697,5.596043395734583
from_SLR,gaussian_expected,0.9545454545454546,5.603160378462668
from_SLR,gaussian_expected,0.9621212121212122,5.62583865929237
from_SLR,gaussian_expected,0.9696969696969697,5.616886807787258
from_SLR,gaussian_expected,0.9772727272727273,5.610671581914596
from_SLR,gaussian_expected,0.9848484848484849,5.6244791660934235
from_SLR,gaussian_expected,0.9924242424242424,5.640236867549082
from_SLR,gaussian_expected,1.0,5.65712841788208
from_ipod,ordinary_dispersion,0.007575757575757576,2.834182627037206
from_ipod,ordinary_dispersion,0.015151515151515152,3.7509017075491204
from_ipod,ordinary_dispersion,0.022727272727272728,4.100813187801729
from_ipod,ordinary_dispersion,0.030303030303030304,4.079548039108192
from_ipod,ordinary_dispersion,0.03787878787878788,4.490007741757905
from_ipod,ordinary_dispersion,0.045454545454545456,4.635214519201985
from_ipod,ordinary_dispersion,0.05303030303030303,4.886073183092173
from_ipod,ordinary_dispersion,0.06060606060606061,4.812594486437215
from_ipod,ordinary_dispersion,0.06818181818181818,4.7329930544167125
from_ipod,ordinary_dispersion,0.07575757575757576,4.870176565952511
from_ipod,ordinary_dispersion,0.08333333333333333,4.985502155172815
from_ipod,ordinary_dispersion,0.09090909090909091,5.0025575109606635
from_ipod,ordinary_dispersion,0.09848484848484848,4.969275452618746
from_ipod,ordinary_dispersion,0.10606060606060606,5.128520816914068
from_ipod,ordinary_dispersion,0.11363636363636363,5.113801306301346
from_ipod,ordinary_dispersion,0.12121212121212122,5.182736433335838
from_ipod,ordinary_dispersion,0.12878787878787878,5.170568572383114
from_ipod,ordinary_dispersion,0.13636363636363635,5.2032379101900075
from_ipod,ordinary_dispersion,0.14393939393939395,5.218009905060572
from_ipod,ordinary_dispersion,0.15151515151515152,5.300458167563781
from_ipod,ordinary_dispersion,0.1590909090909091,5.359257089390094
from_ipod,ordinary_dispersion,0.16666666666666666,5.345869634288849
from_ipod,ordinary_dispersion,0.17424242424242425,5.297726349602676
from_ipod,ordinary_dispersion,0.18181818181818182,5.290968893485215
from_ipod,ordinary_dispersion,0.1893939393939394,5.282184561906919
from_ipod,ordinary_dispersion,0.19696969696969696,5.275256021624581
from_ipod,ordinary_dispersion,0.20454545454545456,5.328261576900665
from_ipod,ordinary_dispersion,0.21212121212121213,5.3424794230915085
from_ipod,ordinary_dispersion,0.2196969696969697,5.347954443581675
from_ipod,ordinary_dispersion,0.22727272727272727,5.316785692872149
from_ipod,ordinary_dispersion,0.23484848484848486,5.388350556660552
from_ipod,ordinary_dispersion,0.24242424242424243,5.365114306437303
from_ipod,ordinary_dispersion,0.25,5.362864177951138
from_ipod,ordinary_dispersion,0.25757575757575757,5.366039290436444
from_ipod,ordinary_dispersion,0.26515151515151514,5.450087044752127
from_ipod,ordinary_dispersion,0.2727272727272727,5.493943889156672
from_ipod,ordinary_dispersion,0.2803030303030303,5.454792765517233
from_ipod,ordinary_dispersion,0.2878787878787879,5.420540293144785
from_ipod,ordinary_dispersion,0.29545454545454547,5.382198488457804
from_ipod,ordinary_dispersion,0.30303030303030304,5.387295828333467
from_ipod,ordinary_dispersion,0.3106060606060606,5.391761959745499
from_ipod,ordinary_dispersion,0.3181818181818182,5.378229895661254
from_ipod,ordinary_dispersion,0.32575757575757575,5.446896150354881
from_ipod,ordinary_dispersion,0.3333333333333333,5.457453310096653
from_ipod,ordinary_dispersion,0.3409090909090909,5.523864847146034
from_ipod,ordinary_dispersion,0.3484848484848485,5.5308075594616986
from_ipod,ordinary_dispersion,0.3560606060606061,5.516271249477548
from_ipod,ordinary_dispersion,0.36363636363636365,5.5574311703725465
from_ipod,ordinary_dispersion,0.3712121212121212,5.5967172383117045
from_ipod,ordinary_dispersion,0.3787878787878788,5.666377069343824
from_ipod,ordinary_dispersion,0.38636363636363635,5.703412999851374
from_ipod,ordinary_dispersion,0.3939393939393939,5.719362218680604
from_ipod,ordinary_dispersion,0.4015151515151515,5.676080710963096
from_ipod,ordinary_dispersion,0.4090909090909091,5.6432760711175485
from_ipod,ordinary_dispersion,0.4166666666666667,5.645708235007636
from_ipod,ordinary_dispersion,0.42424242424242425,5.671382682315868
from_ipod,ordinary_dispersion,0.4318181818181818,5.655891040447741
from_ipod,ordinary_dispersion,0.4393939393939394,5.708017670019146
from_ipod,ordinary_dispersion,0.44696969696969696,5.68831523780385
from_ipod,ordinary_dispersion,0.45454545454545453,5.680931214586189
from_ipod,ordinary_dispersion,0.4621212121212121,5.707356463027402
from_ipod,ordinary_dispersion,0.4696969696969697,5.733619895889137
from_ipod,ordinary_dispersion,0.4772727272727273,5.726679878922018
from_ipod,ordinary_dispersion,0.48484848484848486,5.739527061791148
from_ipod,ordinary_dispersion,0.49242424242424243,5.748483671502835
from_ipod,ordinary_dispersion,0.5,5.748432631023522
from_ipod,ordinary_dispersion,0.5075757575757576,5.733499641677604
from_ipod,ordinary_dispersion,0.5151515151515151,5.695918246096561
from_ipod,ordinary_dispersion,0.5227272727272727,5.695252074637768
from_ipod,ordinary_dispersion,0.5303030303030303,5.695630193667255
from_ipod,ordinary_dispersion,0.5378787878787878,5.698517548013368
from_ipod,ordinary_dispersion,0.5454545454545454,5.699402281931467
from_ipod,ordinary_dispersion,0.553030303030303,5.687960670699199
from_ipod,ordinary_dispersion,0.5606060606060606,5.678629946747582
from_ipod,ordinary_dispersion,0.5681818181818182,5.682303002208182
from_ipod,ordinary_dispersion,0.5757575757575758,5.661316605046846
from_ipod,ordinary_dispersion,0.5833333333333334,5.663611168361182
from_ipod,ordinary_dispersion,0.5909090909090909,5.706432838528362
from_ipod,ordinary_dispersion,0.5984848484848485,5.691946222635103
from_ipod,ordinary_dispersion,0.6060606060606061,5.668861010933964
from_ipod,ordinary_dispersion,0.6136363636363636,5.672899097413947
from_ipod,ordinary_dispersion,0.6212121212121212,5.6744456847049385
from_ipod,ordinary_dispersion,0.6287878787878788,5.665075953505954
from_ipod,ordinary_dispersion,0.6363636363636364,5.669740646130978
from_ipod,ordinary_dispersion,0.6439393939393939,5.666391087431294
from_ipod,ordinary_dispersion,0.6515151515151515,5.706099285718465
from_ipod,ordinary_dispersion,0.6590909090909091,5.7244381745070605
from_ipod,ordinary_dispersion,0.6666666666666666,5.7260186903604335
from_ipod,ordinary_dispersion,0.6742424242424242,5.743106706346317
from_ipod,ordinary_dispersion,0.6818181818181818,5.755444938170875
from_ipod,ordinary_dispersion,0.6893939393939394,5.756978070190915
from_ipod,ordinary_dispersion,0.696969696969697,5.765706864634993
from_ipod,ordinary_dispersion,0.7045454545454546,5.789299693626375
from_ipod,ordinary_dispersion,0.7121212121212122,5.788504163437924
from_ipod,ordinary_dispersion,0.7196969696969697,5.789006405383357
from_ipod,ordinary_dispersion,0.7272727272727273,5.788391938703529
from_ipod,ordinary_dispersion,0.7348484848484849,5.7963236192495105
from_ipod,ordinary_dispersion,0.7424242424242424,5.805169032054645
from_ipod,ordinary_dispersion,0.75,5.785196863259498
from_ipod,ordinary_dispersion,0.7575757575757576,5.786341162109461
from_ipod,ordinary_dispersion,0.7651515151515151,5.800976231385704
from_ipod,ordinary_dispersion,0.7727272727272727,5.790066212665888
from_ipod,ordinary_dispersion,0.7803030303030303,5.785230087968965
from_ipod,ordinary_dispersion,0.7878787878787878,5.794456085472494
from_ipod,ordinary_dispersion,0.7954545454545454,5.792320437909098
from_ipod,ordinary_dispersion,0.803030303030303,5.791425070409616
from_ipod,ordinary_dispersion,0.8106060606060606,5.785058030227987
from_ipod,ordinary_dispersion,0.8181818181818182,5.76485697649803
from_ipod,ordinary_dispersion,0.8257575757575758,5.755258402328092
from_ipod,ordinary_dispersion,0.8333333333333334,5.759209561598831
from_ipod,ordinary_dispersion,0.8409090909090909,5.788548364054325
from_ipod,ordinary_dispersion,0.8484848484848485,5.769584809321903
from_ipod,ordinary_dispersion,0.8560606060606061,5.759534514424096
from_ipod,ordinary_dispersion,0.8636363636363636,5.761983993075018
from_ipod,ordinary_dispersion,0.8712121212121212,5.766235793263764
from_ipod,ordinary_dispersion,0.8787878787878788,5.76878058434234
from_ipod,ordinary_dispersion,0.8863636363636364,5.794370787360832
from_ipod,ordinary_dispersion,0.8939393939393939,5.784213866792139
from_ipod,ordinary_dispersion,0.9015151515151515,5.796502402658447
from_ipod,ordinary_dispersion,0.9090909090909091,5.808417567238579
from_ipod,ordinary_dispersion,0.9166666666666666,5.819299268568983
from_ipod,ordinary_dispersion,0.9242424242424242,5.847794017310936
from_ipod,ordinary_dispersion,0.9318181818181818,5.857330567205421
from_ipod,ordinary_dispersion,0.9393939393939394,5.872155689723891
from_ipod,ordinary_dispersion,0.946969696969697,5.893013298584702
from_ipod,ordinary_dispersion,0.9545454545454546,5.936288997907204
from_ipod,ordinary_dispersion,0.9621212121212122,5.946977424084625
from_ipod,ordinary_dispersion,0.9696969696969697,5.9625954967159345
from_ipod,ordinary_dispersion,0.9772727272727273,5.962128333896786
from_ipod,ordinary_dispersion,0.9848484848484849,5.96404814814823
from_ipod,ordinary_dispersion,0.9924242424242424,5.963537689715831
from_ipod,ordinary_dispersion,1.0,5.963468417734144
from_ipod,ordinary_gaussian_expected,0.007575757575757576,7.3727886054828575
from_ipod,ordinary_gaussian_expected,0.015151515151515152,8.016946042096555
from_ipod,ordinary_gaussian_expected,0.022727272727272728,8.168032698591917
from_ipod,ordinary_gaussian_expected,0.030303030303030304,7.462819777429446
from_ipod,ordinary_gaussian_expected,0.03787878787878788,6.693759170406423
from_ipod,ordinary_gaussian_expected,0.045454545454545456,6.653902388452018
from_ipod,ordinary_gaussian_expected,0.05303030303030303,6.405590739945531
from_ipod,ordinary_gaussian_expected,0.06060606060606061,6.1177987688928965
from_ipod,ordinary_gaussian_expected,0.06818181818181818,6.087057968444998
from_ipod,ordinary_gaussian_expected,0.07575757575757576,5.934519914982161
from_ipod,ordinary_gaussian_expected,0.08333333333333333,6.051672098482098
from_ipod,ordinary_gaussian_expected,0.09090909090909091,6.105571547169255
from_ipod,ordinary_gaussian_expected,0.09848484848484848,6.034199764755267
from_ipod,ordinary_gaussian_expected,0.10606060606060606,5.95320042363869
from_ipod,ordinary_gaussian_expected,0.11363636363636363,5.968059165078853
from_ipod,ordinary_gaussian_expected,0.12121212121212122,6.056447924995521
from_ipod,ordinary_gaussian_expected,0.12878787878787878,6.139698790830575
from_ipod,ordinary_gaussian_expected,0.13636363636363635,6.2263081729532965
from_ipod,ordinary_gaussian_expected,0.14393939393939395,6.368429101345963
from_ipod,ordinary_gaussian_expected,0.15151515151515152,6.359646808597081
from_ipod,ordinary_gaussian_expected,0.1590909090909091,6.391197495937766
from_ipod,ordinary_gaussian_expected,0.16666666666666666,6.35149322760794
from_ipod,ordinary_gaussian_expected,0.17424242424242425,6.424289356457486
from_ipod,ordinary_gaussian_expected,0.18181818181818182,6.397125442461512
from_ipod,ordinary_gaussian_expected,0.1893939393939394,6.371244700025908
from_ipod,ordinary_gaussian_expected,0.19696969696969696,6.391959405351998
from_ipod,ordinary_gaussian_expected,0.20454545454545456,6.535805696724911
from_ipod,ordinary_gaussian_expected,0.21212121212121213,6.600452635979388
from_ipod,ordinary_gaussian_expected,0.2196969696969697,6.734411550350302
from_ipod,ordinary_gaussian_expected,0.22727272727272727,6.73909151392638
from_ipod,ordinary_gaussian_expected,0.23484848484848486,6.645840288406099
from_ipod,ordinary_gaussian_expected,0.24242424242424243,6.690621963454679
from_ipod,ordinary_gaussian_expected,0.25,6.682324483157571
from_ipod,ordinary_gaussian_expected,0.25757575757575757,6.7183334807643496
from_ipod,ordinary_gaussian_expected,0.26515151515151514,6.631139893625448
from_ipod,ordinary_gaussian_expected,0.2727272727272727,6.640517583222561
from_ipod,ordinary_gaussian_expected,0.2803030303030303,6.700958525880992
from_ipod,ordinary_gaussian_expected,0.2878787878787879,6.70321334315917
from_ipod,ordinary_gaussian_expected,0.29545454545454547,6.664910704860613
from_ipod,ordinary_gaussian_expected,0.30303030303030304,6.637102890135487
from_ipod,ordinary_gaussian_expected,0.3106060606060606,6.594576163545
from_ipod,ordinary_gaussian_expected,0.3181818181818182,6.6043831115221785
from_ipod,ordinary_gaussian_expected,0.32575757575757575,6.5749846989696294
from_ipod,ordinary_gaussian_expected,0.3333333333333333,6.612509683292509
from_ipod,ordinary_gaussian_expected,0.3409090909090909,6.606065764889724
from_ipod,ordinary_gaussian_expected,0.3484848484848485,6.652940020043531
from_ipod,ordinary_gaussian_expected,0.3560606060606061,6.64500368328742
from_ipod,ordinary_gaussian_expected,0.36363636363636365,6.6319099565082285
from_ipod,ordinary_gaussian_expected,0.3712121212121212,6.587001976647913
from_ipod,ordinary_gaussian_expected,0.3787878787878788,6.591527506012864
from_ipod,ordinary_gaussian_expected,0.38636363636363635,6.555321716421605
from_ipod,ordinary_gaussian_expected,0.3939393939393939,6.55595879173219
from_ipod,ordinary_gaussian_expected,0.4015151515151515,6.486295882994334
from_ipod,ordinary_gaussian_expected,0.4090909090909091,6.472916063443965
from_ipod,ordinary_gaussian_expected,0.4166666666666667,6.461538556588306
from_ipod,ordinary_gaussian_expected,0.42424242424242425,6.44371175215957
from_ipod,ordinary_gaussian_expected,0.4318181818181818,6.4177206414036645
from_ipod,ordinary_gaussian_expected,0.4393939393939394,6.418904467161909
from_ipod,ordinary_gaussian_expected,0.44696969696969696,6.426019815369241
from_ipod,ordinary_gaussian_expected,0.45454545454545453,6.4241153515458
from_ipod,ordinary_gaussian_expected,0.4621212121212121,6.418238223914706
from_ipod,ordinary_gaussian_expected,0.4696969696969697,6.410823195898495
from_ipod,ordinary_gaussian_expected,0.4772727272727273,6.390834232793728
from_ipod,ordinary_gaussian_expected,0.48484848484848486,6.37643914568649
from_ipod,ordinary_gaussian_expected,0.49242424242424243,6.404910210709212
from_ipod,ordinary_gaussian_expected,0.5,6.374282128099701
from_ipod,ordinary_gaussian_expected,0.5075757575757576,6.398259622895516
from_ipod,ordinary_gaussian_expected,0.5151515151515151,6.430767594170359
from_ipod,ordinary_gaussian_expected,0.5227272727272727,6.447541644604759
from_ipod,ordinary_gaussian_expected,0.5303030303030303,6.4136902063962715
from_ipod,ordinary_gaussian_expected,0.5378787878787878,6.3932107634851905
from_ipod,ordinary_gaussian_expected,0.5454545454545454,6.387715717611871
from_ipod,ordinary_gaussian_expected,0.553030303030303,6.381167810530084
from_ipod,ordinary_gaussian_expected,0.5606060606060606,6.395128391915134
from_ipod,ordinary_gaussian_expected,0.5681818181818182,6.377210441083091
from_ipod,ordinary_gaussian_expected,0.5757575757575758,6.358790004825628
from_ipod,ordinary_gaussian_expected,0.5833333333333334,6.325252623850176
from_ipod,ordinary_gaussian_expected,0.5909090909090909,6.338076900049508
from_ipod,ordinary_gaussian_expected,0.5984848484848485,6.368643627949066
from_ipod,ordinary_gaussian_expected,0.6060606060606061,6.380117247191077
from_ipod,ordinary_gaussian_expected,0.6136363636363636,6.373081529974822
from_ipod,ordinary_gaussian_expected,0.6212121212121212,6.368677328024554
from_ipod,ordinary_gaussian_expected,0.6287878787878788,6.398232892432698
from_ipod,ordinary_gaussian_expected,0.6363636363636364,6.377372269849424
from_ipod,ordinary_gaussian_expected,0.6439393939393939,6.3498088660689085
from_ipod,ordinary_gaussian_expected,0.6515151515151515,6.3331149119586
from_ipod,ordinary_gaussian_expected,0.6590909090909091,6.339384915498868
from_ipod,ordinary_gaussian_expected,0.6666666666666666,6.34342993139067
from_ipod,ordinary_gaussian_expected,0.6742424242424242,6.348626985990557
from_ipod,ordinary_gaussian_expected,0.6818181818181818,6.3258646307318145
from_ipod,ordinary_gaussian_expected,0.6893939393939394,6.316453910960838
from_ipod,ordinary_gaussian_expected,0.696969696969697,6.319695478659098
from_ipod,ordinary_gaussian_expected,0.7045454545454546,6.292644660227903
from_ipod,ordinary_gaussian_expected,0.7121212121212122,6.280213204514187
from_ipod,ordinary_gaussian_expected,0.7196969696969697,6.274827078538358
from_ipod,ordinary_gaussian_expected,0.7272727272727273,6.254027412561975
from_ipod,ordinary_gaussian_expected,0.7348484848484849,6.26371292776134
from_ipod,ordinary_gaussian_expected,0.7424242424242424,6.243922162491089
from_ipod,ordinary_gaussian_expected,0.75,6.228786164734909
from_ipod,ordinary_gaussian_expected,0.7575757575757576,6.234474498789505
from_ipod,ordinary_gaussian_expected,0.7651515151515151,6.217491531709217
from_ipod,ordinary_gaussian_expected,0.7727272727272727,6.2244160209564905
from_ipod,ordinary_gaussian_expected,0.7803030303030303,6.221633412257322
from_ipod,ordinary_gaussian_expected,0.7878787878787878,6.217253379091438
from_ipod,ordinary_gaussian_expected,0.7954545454545454,6.193312020844812
from_ipod,ordinary_gaussian_expected,0.803030303030303,6.1736592507632695
from_ipod,ordinary_gaussian_expected,0.8106060606060606,6.185786152444486
from_ipod,ordinary_gaussian_expected,0.8181818181818182,6.172795385598296
from_ipod,ordinary_gaussian_expected,0.8257575757575758,6.167414160162989
from_ipod,ordinary_gaussian_expected,0.8333333333333334,6.148218507796579
from_ipod,ordinary_gaussian_expected,0.8409090909090909,6.13968188731657
from_ipod,ordinary_gaussian_expected,0.8484848484848485,6.1405241995235365
from_ipod,ordinary_gaussian_expected,0.8560606060606061,6.147536588047418
from_ipod,ordinary_gaussian_expected,0.8636363636363636,6.138594012886105
from_ipod,ordinary_gaussian_expected,0.8712121212121212,6.1274548369513875
from_ipod,ordinary_gaussian_expected,0.8787878787878788,6.110455233210833
from_ipod,ordinary_gaussian_expected,0.8863636363636364,6.099524652640189
from_ipod,ordinary_gaussian_expected,0.8939393939393939,6.087333472712497
from_ipod,ordinary_gaussian_expected,0.9015151515151515,6.072121646954147
from_ipod,ordinary_gaussian_expected,0.9090909090909091,6.071653733513589
from_ipod,ordinary_gaussian_expected,0.9166666666666666,6.071872969839533
from_ipod,ordinary_gaussian_expected,0.9242424242424242,6.052788221013334
from_ipod,ordinary_gaussian_expected,0.9318181818181818,6.074806529411755
from_ipod,ordinary_gaussian_expected,0.9393939393939394,6.074968657209481
from_ipod,ordinary_gaussian_expected,0.946969696969697,6.062259353284996
from_ipod,ordinary_gaussian_expected,0.9545454545454546,6.045774958440615
from_ipod,ordinary_gaussian_expected,0.9621212121212122,6.0343586285636235
from_ipod,ordinary_gaussian_expected,0.9696969696969697,6.011769151414529
from_ipod,ordinary_gaussian_expected,0.9772727272727273,6.003306904145383
from_ipod,ordinary_gaussian_expected,0.9848484848484849,5.990431386478792
from_ipod,ordinary_gaussian_expected,0.9924242424242424,5.97757031041841
from_ipod,ordinary_gaussian_expected,1.0,5.963468417734144
from_ipod,ordinary_gaussian_covariance,0.007575757575757576,7.903793098990992
from_ipod,ordinary_gaussian_covariance,0.015151515151515152,7.351054999815214
from_ipod,ordinary_gaussian_covariance,0.022727272727272728,7.457150508358718
from_ipod,ordinary_gaussian_covariance,0.030303030303030304,7.257960799978943
from_ipod,ordinary_gaussian_covariance,0.03787878787878788,7.623279743278637
from_ipod,ordinary_gaussian_covariance,0.045454545454545456,8.153719035391811
from_ipod,ordinary_gaussian_covariance,0.05303030303030303,7.9556474730005915
from_ipod,ordinary_gaussian_covariance,0.06060606060606061,8.057339203213727
from_ipod,ordinary_gaussian_covariance,0.06818181818181818,8.102016496869544
from_ipod,ordinary_gaussian_covariance,0.07575757575757576,8.102512703286886
from_ipod,ordinary_gaussian_covariance,0.08333333333333333,8.199876630909367
from_ipod,ordinary_gaussian_covariance,0.09090909090909091,8.177942142072078
from_ipod,ordinary_gaussian_covariance,0.09848484848484848,8.265398614283322
from_ipod,ordinary_gaussian_covariance,0.10606060606060606,8.169654364783971
from_ipod,ordinary_gaussian_covariance,0.11363636363636363,8.072735799622652
from_ipod,ordinary_gaussian_covariance,0.12121212121212122,8.3046382315932
from_ipod,ordinary_gaussian_covariance,0.12878787878787878,8.097513549681098
from_ipod,ordinary_gaussian_covariance,0.13636363636363635,8.116765343814677
from_ipod,ordinary_gaussian_covariance,0.14393939393939395,8.106367392765966
from_ipod,ordinary_gaussian_covariance,0.15151515151515152,7.9827521229748895
from_ipod,ordinary_gaussian_covariance,0.1590909090909091,7.866939724312211
from_ipod,ordinary_gaussian_covariance,0.16666666666666666,7.841257457013792
from_ipod,ordinary_gaussian_covariance,0.17424242424242425,7.72076871905493
from_ipod,ordinary_gaussian_covariance,0.18181818181818182,7.745567781956311
from_ipod,ordinary_gaussian_covariance,0.1893939393939394,7.677951691697452
from_ipod,ordinary_gaussian_covariance,0.19696969696969696,7.720683181390612
from_ipod,ordinary_gaussian_covariance,0.20454545454545456,7.6632053154001865
from_ipod,ordinary_gaussian_covariance,0.21212121212121213,7.6648769626209345
from_ipod,ordinary_gaussian_covariance,0.2196969696969697,7.6056041384972914
from_ipod,ordinary_gaussian_covariance,0.22727272727272727,7.5257048657492405
from_ipod,ordinary_gaussian_covariance,0.23484848484848486,7.496828322617092
from_ipod,ordinary_gaussian_covariance,0.24242424242424243,7.469703993633921
from_ipod,ordinary_gaussian_covariance,0.25,7.485511037629788
from_ipod,ordinary_gaussian_covariance,0.25757575757575757,7.428144367653221
from_ipod,ordinary_gaussian_covariance,0.26515151515151514,7.415705542812668
from_ipod,ordinary_gaussian_covariance,0.2727272727272727,7.3533983025198255
from_ipod,ordinary_gaussian_covariance,0.2803030303030303,7.3510625801103195
from_ipod,ordinary_gaussian_covariance,0.2878787878787879,7.339265064612802
from_ipod,ordinary_gaussian_covariance,0.29545454545454547,7.271099681650067
from_ipod,ordinary_gaussian_covariance,0.30303030303030304,7.206258704740381
from_ipod,ordinary_gaussian_covariance,0.3106060606060606,7.166156553443973
from_ipod,ordinary_gaussian_covariance,0.3181818181818182,7.13575847785351
from_ipod,ordinary_gaussian_covariance,0.32575757575757575,7.100520282014158
from_ipod,ordinary_gaussian_covariance,0.3333333333333333,7.097355557702078
from_ipod,ordinary_gaussian_covariance,0.3409090909090909,7.013943327233027
from_ipod,ordinary_gaussian_covariance,0.3484848484848485,6.9564731043346635
from_ipod,ordinary_gaussian_covariance,0.3560606060606061,6.920119559896677
from_ipod,ordinary_gaussian_covariance,0.36363636363636365,6.888504696190633
from_ipod,ordinary_gaussian_covariance,0.3712121212121212,6.850728003931984
from_ipod,ordinary_gaussian_covariance,0.3787878787878788,6.831706154218594
from_ipod,ordinary_gaussian_covariance,0.38636363636363635,6.803600129946542
from_ipod,ordinary_gaussian_covariance,0.3939393939393939,6.746221003835985
from_ipod,ordinary_gaussian_covariance,0.4015151515151515,6.700375761268248
from_ipod,ordinary_gaussian_covariance,0.4090909090909091,6.69342792835197
from_ipod,ordinary_gaussian_covariance,0.4166666666666667,6.664487069991201
from_ipod,ordinary_gaussian_covariance,0.42424242424242425,6.618259496110363
from_ipod,ordinary_gaussian_covariance,0.4318181818181818,6.597114064822406
from_ipod,ordinary_gaussian_covariance,0.4393939393939394,6.603190962929342
from_ipod,ordinary_gaussian_covariance,0.44696969696969696,6.592815437480894
from_ipod,ordinary_gaussian_covariance,0.45454545454545453,6.597421604115078
from_ipod,ordinary_gaussian_covariance,0.4621212121212121,6.5819230672053495
from_ipod,ordinary_gaussian_covariance,0.4696969696969697,6.584972011667804
from_ipod,ordinary_gaussian_covariance,0.4772727272727273,6.572153013281689
from_ipod,ordinary_gaussian_covariance,0.48484848484848486,6.555819281234089
from_ipod,ordinary_gaussian_covariance,0.49242424242424243,6.549683836058868
from_ipod,ordinary_gaussian_covariance,0.5,6.517695380013753
from_ipod,ordinary_gaussian_covariance,0.5075757575757576,6.526275444557823
from_ipod,ordinary_gaussian_covariance,0.5151515151515151,6.508259304583382
from_ipod,ordinary_gaussian_covariance,0.5227272727272727,6.474055510946908
from_ipod,ordinary_gaussian_covariance,0.5303030303030303,6.460854677941557
from_ipod,ordinary_gaussian_covariance,0.5378787878787878,6.479619739515576
from_ipod,ordinary_gaussian_covariance,0.5454545454545454,6.452088975443761
from_ipod,ordinary_gaussian_covariance,0.553030303030303,6.437275207000305
from_ipod,ordinary_gaussian_covariance,0.5606060606060606,6.427993426305869
from_ipod,ordinary_gaussian_covariance,0.5681818181818182,6.411584665906723
from_ipod,ordinary_gaussian_covariance,0.5757575757575758,6.4096442624585634
from_ipod,ordinary_gaussian_covariance,0.5833333333333334,6.396248367299599
from_ipod,ordinary_gaussian_covariance,0.5909090909090909,6.374070167689045
from_ipod,ordinary_gaussian_covariance,0.5984848484848485,6.351602193003782
from_ipod,ordinary_gaussian_covariance,0.6060606060606061,6.319791631251738
from_ipod,ordinary_gaussian_covariance,0.6136363636363636,6.300213689267802
from_ipod,ordinary_gaussian_covariance,0.6212121212121212,6.29511251259859
from_ipod,ordinary_gaussian_covariance,0.6287878787878788,6.2744401120394455
from_ipod,ordinary_gaussian_covariance,0.6363636363636364,6.273883826064238
from_ipod,ordinary_gaussian_covariance,0.6439393939393939,6.284993891348866
from_ipod,ordinary_gaussian_covariance,0.6515151515151515,6.294300320791094
from_ipod,ordinary_gaussian_covariance,0.6590909090909091,6.285210272013295
from_ipod,ordinary_gaussian_covariance,0.6666666666666666,6.279535682654637
from_ipod,ordinary_gaussian_covariance,0.6742424242424242,6.283959723473257
from_ipod,ordinary_gaussian_covariance,0.6818181818181818,6.265459625468158
from_ipod,ordinary_gaussian_covariance,0.6893939393939394,6.268472582448832
from_ipod,ordinary_gaussian_covariance,0.696969696969697,6.275212310185366
from_ipod,ordinary_gaussian_covariance,0.7045454545454546,6.268784787031919
from_ipod,ordinary_gaussian_covariance,0.7121212121212122,6.2490808926564005
from_ipod,ordinary_gaussian_covariance,0.7196969696969697,6.225030841887063
from_ipod,ordinary_gaussian_covariance,0.7272727272727273,6.200740059896323
from_ipod,ordinary_gaussian_covariance,0.7348484848484849,6.201304588021564
from_ipod,ordinary_gaussian_covariance,0.7424242424242424,6.18595588254185
from_ipod,ordinary_gaussian_covariance,0.75,6.1804179793486895
from_ipod,ordinary_gaussian_covariance,0.7575757575757576,6.166288153900648
from_ipod,ordinary_gaussian_covariance,0.7651515151515151,6.19265117123152
from_ipod,ordinary_gaussian_covariance,0.7727272727272727,6.181792531930264
from_ipod,ordinary_gaussian_covariance,0.7803030303030303,6.172352437768429
from_ipod,ordinary_gaussian_covariance,0.7878787878787878,6.1673978826698495
from_ipod,ordinary_gaussian_covariance,0.7954545454545454,6.145994274546567
from_ipod,ordinary_gaussian_covariance,0.803030303030303,6.128244405337526
from_ipod,ordinary_gaussian_covariance,0.8106060606060606,6.122645289340448
from_ipod,ordinary_gaussian_covariance,0.8181818181818182,6.113495275636395
from_ipod,ordinary_gaussian_covariance,0.8257575757575758,6.095328594770201
from_ipod,ordinary_gaussian_covariance,0.8333333333333334,6.104255809045071
from_ipod,ordinary_gaussian_covariance,0.8409090909090909,6.084556511028492
from_ipod,ordinary_gaussian_covariance,0.8484848484848485,6.065928408100866
from_ipod,ordinary_gaussian_covariance,0.8560606060606061,6.0687719304005725
from_ipod,ordinary_gaussian_covariance,0.8636363636363636,6.0528203798838005
from_ipod,ordinary_gaussian_covariance,0.8712121212121212,6.045779262803766
from_ipod,ordinary_gaussian_covariance,0.8787878787878788,6.048456463692175
from_ipod,ordinary_gaussian_covariance,0.8863636363636364,6.032335575918374
from_ipod,ordinary_gaussian_covariance,0.8939393939393939,6.037929594277716
from_ipod,ordinary_gaussian_covariance,0.9015151515151515,6.045554757387702
from_ipod,ordinary_gaussian_covariance,0.9090909090909091,6.041618725866581
from_ipod,ordinary_gaussian_covariance,0.9166666666666666,6.037940773579476
from_ipod,ordinary_gaussian_covariance,0.9242424242424242,6.0178802413175925
from_ipod,ordinary_gaussian_covariance,0.9318181818181818,6.0125493212036565
from_ipod,ordinary_gaussian_covariance,0.9393939393939394,6.035834435686468
from_ipod,ordinary_gaussian_covariance,0.946969696969697,6.012228126768051
from_ipod,ordinary_gaussian_covariance,0.9545454545454546,6.004566395338796
from_ipod,ordinary_gaussian_covariance,0.9621212121212122,5.992441428951754
from_ipod,ordinary_gaussian_covariance,0.9696969696969697,5.978464688795698
from_ipod,ordinary_gaussian_covariance,0.9772727272727273,5.96847461581132
from_ipod,ordinary_gaussian_covariance,0.9848484848484849,5.95712697737889
from_ipod,ordinary_gaussian_covariance,0.9924242424242424,5.9575655194580674
from_ipod,ordinary_gaussian_covariance,1.0,5.963468417734145
from_ipod,ordinary_cross_disagreement,0.007575757575757576,7.746759590228019
from_ipod,ordinary_cross_disagreement,0.015151515151515152,6.7412944046185785
from_ipod,ordinary_cross_disagreement,0.022727272727272728,6.709972498867644
from_ipod,ordinary_cross_disagreement,0.030303030303030304,6.54177948974504
from_ipod,ordinary_cross_disagreement,0.03787878787878788,6.370326177431366
from_ipod,ordinary_cross_disagreement,0.045454545454545456,6.281566376061927
from_ipod,ordinary_cross_disagreement,0.05303030303030303,6.199837709729131
from_ipod,ordinary_cross_disagreement,0.06060606060606061,6.298131455081877
from_ipod,ordinary_cross_disagreement,0.06818181818181818,6.042484821040759
from_ipod,ordinary_cross_disagreement,0.07575757575757576,6.043093341742818
from_ipod,ordinary_cross_disagreement,0.08333333333333333,6.041194006487764
from_ipod,ordinary_cross_disagreement,0.09090909090909091,5.942891991704372
from_ipod,ordinary_cross_disagreement,0.09848484848484848,5.898588150089449
from_ipod,ordinary_cross_disagreement,0.10606060606060606,5.965123147066499
from_ipod,ordinary_cross_disagreement,0.11363636363636363,5.9378587388299735
from_ipod,ordinary_cross_disagreement,0.12121212121212122,5.873215697596456
from_ipod,ordinary_cross_disagreement,0.12878787878787878,5.8555760102383525
from_ipod,ordinary_cross_disagreement,0.13636363636363635,5.810618975192146
from_ipod,ordinary_cross_disagreement,0.14393939393939395,5.782031322964507
from_ipod,ordinary_cross_disagreement,0.15151515151515152,5.794356406743411
from_ipod,ordinary_cross_disagreement,0.1590909090909091,5.803059780348767
from_ipod,ordinary_cross_disagreement,0.16666666666666666,5.79432081510879
from_ipod,ordinary_cross_disagreement,0.17424242424242425,5.738982947852901
from_ipod,ordinary_cross_disagreement,0.18181818181818182,5.696938038609452
from_ipod,ordinary_cross_disagreement,0.1893939393939394,5.708770125086718
from_ipod,ordinary_cross_disagreement,0.19696969696969696,5.780437088746287
from_ipod,ordinary_cross_disagreement,0.20454545454545456,5.843737366848504
from_ipod,ordinary_cross_disagreement,0.21212121212121213,5.832357102099451
from_ipod,ordinary_cross_disagreement,0.2196969696969697,5.848977502009053
from_ipod,ordinary_cross_disagreement,0.22727272727272727,5.777014563576979
from_ipod,ordinary_cross_disagreement,0.23484848484848486,5.810847578684583
from_ipod,ordinary_cross_disagreement,0.24242424242424243,5.8346279894117385
from_ipod,ordinary_cross_disagreement,0.25,5.824870222751994
from_ipod,ordinary_cross_disagreement,0.25757575757575757,5.8407141674790894
from_ipod,ordinary_cross_disagreement,0.26515151515151514,5.941805585102894
from_ipod,ordinary_cross_disagreement,0.2727272727272727,5.930506853643794
from_ipod,ordinary_cross_disagreement,0.2803030303030303,5.947898812595199
from_ipod,ordinary_cross_disagreement,0.2878787878787879,5.85059940521468
from_ipod,ordinary_cross_disagreement,0.29545454545454547,5.86170899145394
from_ipod,ordinary_cross_disagreement,0.30303030303030304,5.88520941304494
from_ipod,ordinary_cross_disagreement,0.3106060606060606,5.87551709342715
from_ipod,ordinary_cross_disagreement,0.3181818181818182,5.880102664335993
from_ipod,ordinary_cross_disagreement,0.32575757575757575,5.940083651061019
from_ipod,ordinary_cross_disagreement,0.3333333333333333,5.971712905685209
from_ipod,ordinary_cross_disagreement,0.3409090909090909,6.023893351357542
from_ipod,ordinary_cross_disagreement,0.3484848484848485,6.036989845401762
from_ipod,ordinary_cross_disagreement,0.3560606060606061,6.036828715513194
from_ipod,ordinary_cross_disagreement,0.36363636363636365,6.100536171338162
from_ipod,ordinary_cross_disagreement,0.3712121212121212,6.082096242233431
from_ipod,ordinary_cross_disagreement,0.3787878787878788,6.0815382060054475
from_ipod,ordinary_cross_disagreement,0.38636363636363635,6.105355439823167
from_ipod,ordinary_cross_disagreement,0.3939393939393939,6.121311964511816
from_ipod,ordinary_cross_disagreement,0.4015151515151515,6.121587606166318
from_ipod,ordinary_cross_disagreement,0.4090909090909091,6.088444858455284
from_ipod,ordinary_cross_disagreement,0.4166666666666667,6.127771683674244
from_ipod,ordinary_cross_disagreement,0.42424242424242425,6.106880232523799
from_ipod,ordinary_cross_disagreement,0.4318181818181818,6.156923711842382
from_ipod,ordinary_cross_disagreement,0.4393939393939394,6.15489062575129
from_ipod,ordinary_cross_disagreement,0.44696969696969696,6.158489386230034
from_ipod,ordinary_cross_disagreement,0.45454545454545453,6.203678531162925
from_ipod,ordinary_cross_disagreement,0.4621212121212121,6.219399803937893
from_ipod,ordinary_cross_disagreement,0.4696969696969697,6.208977230535546
from_ipod,ordinary_cross_disagreement,0.4772727272727273,6.224475122376455
from_ipod,ordinary_cross_disagreement,0.48484848484848486,6.247747562327959
from_ipod,ordinary_cross_disagreement,0.49242424242424243,6.257416378339975
from_ipod,ordinary_cross_disagreement,0.5,6.251447896792205
from_ipod,ordinary_cross_disagreement,0.5075757575757576,6.258643720308537
from_ipod,ordinary_cross_disagreement,0.5151515151515151,6.266302035961684
from_ipod,ordinary_cross_disagreement,0.5227272727272727,6.258600849737507
from_ipod,ordinary_cross_disagreement,0.5303030303030303,6.267456423530921
from_ipod,ordinary_cross_disagreement,0.5378787878787878,6.2502820733357725
from_ipod,ordinary_cross_disagreement,0.5454545454545454,6.238594384058263
from_ipod,ordinary_cross_disagreement,0.553030303030303,6.238853879945252
from_ipod,ordinary_cross_disagreement,0.5606060606060606,6.242508389671804
from_ipod,ordinary_cross_disagreement,0.5681818181818182,6.242045452992173
from_ipod,ordinary_cross_disagreement,0.5757575757575758,6.259200433332676
from_ipod,ordinary_cross_disagreement,0.5833333333333334,6.265162233135039
from_ipod,ordinary_cross_disagreement,0.5909090909090909,6.256816193628754
from_ipod,ordinary_cross_disagreement,0.5984848484848485,6.221881891073173
from_ipod,ordinary_cross_disagreement,0.6060606060606061,6.179881809595597
from_ipod,ordinary_cross_disagreement,0.6136363636363636,6.154794531121077
from_ipod,ordinary_cross_disagreement,0.6212121212121212,6.138993038847175
from_ipod,ordinary_cross_disagreement,0.6287878787878788,6.1327363184982735
from_ipod,ordinary_cross_disagreement,0.6363636363636364,6.138873373949797
from_ipod,ordinary_cross_disagreement,0.6439393939393939,6.121771191851813
from_ipod,ordinary_cross_disagreement,0.6515151515151515,6.102767183350278
from_ipod,ordinary_cross_disagreement,0.6590909090909091,6.096325875345877
from_ipod,ordinary_cross_disagreement,0.6666666666666666,6.120647314325133
from_ipod,ordinary_cross_disagreement,0.6742424242424242,6.120993125988303
from_ipod,ordinary_cross_disagreement,0.6818181818181818,6.114147242053934
from_ipod,ordinary_cross_disagreement,0.6893939393939394,6.09076080085902
from_ipod,ordinary_cross_disagreement,0.696969696969697,6.07674869079688
from_ipod,ordinary_cross_disagreement,0.7045454545454546,6.0647749546305745
from_ipod,ordinary_cross_disagreement,0.7121212121212122,6.098086592874869
from_ipod,ordinary_cross_disagreement,0.7196969696969697,6.0788525853848165
from_ipod,ordinary_cross_disagreement,0.7272727272727273,6.078337149007982
from_ipod,ordinary_cross_disagreement,0.7348484848484849,6.0508326433799935
from_ipod,ordinary_cross_disagreement,0.7424242424242424,6.050394685164897
from_ipod,ordinary_cross_disagreement,0.75,6.0275744689697985
from_ipod,ordinary_cross_disagreement,0.7575757575757576,6.041103715884024
from_ipod,ordinary_cross_disagreement,0.7651515151515151,6.035937854422047
from_ipod,ordinary_cross_disagreement,0.7727272727272727,6.073430142008877
from_ipod,ordinary_cross_disagreement,0.7803030303030303,6.057632625631128
from_ipod,ordinary_cross_disagreement,0.7878787878787878,6.049778193925047
from_ipod,ordinary_cross_disagreement,0.7954545454545454,6.025465993129683
from_ipod,ordinary_cross_disagreement,0.803030303030303,6.023533934339416
from_ipod,ordinary_cross_disagreement,0.8106060606060606,6.03119762428199
from_ipod,ordinary_cross_disagreement,0.8181818181818182,6.035395789525107
from_ipod,ordinary_cross_disagreement,0.8257575757575758,6.023222238571548
from_ipod,ordinary_cross_disagreement,0.8333333333333334,6.017197028198257
from_ipod,ordinary_cross_disagreement,0.8409090909090909,5.997300958331965
from_ipod,ordinary_cross_disagreement,0.8484848484848485,5.997042979371027
from_ipod,ordinary_cross_disagreement,0.8560606060606061,5.982323933644428
from_ipod,ordinary_cross_disagreement,0.8636363636363636,5.968089943840096
from_ipod,ordinary_cross_disagreement,0.8712121212121212,5.947143283091723
from_ipod,ordinary_cross_disagreement,0.8787878787878788,5.952314859654791
from_ipod,ordinary_cross_disagreement,0.8863636363636364,5.958183038028763
from_ipod,ordinary_cross_disagreement,0.8939393939393939,5.94452212817145
from_ipod,ordinary_cross_disagreement,0.9015151515151515,5.939505405661983
from_ipod,ordinary_cross_disagreement,0.9090909090909091,5.9620283357902695
from_ipod,ordinary_cross_disagreement,0.9166666666666666,5.979416238638534
from_ipod,ordinary_cross_disagreement,0.9242424242424242,5.992652605246858
from_ipod,ordinary_cross_disagreement,0.9318181818181818,5.99519385096761
from_ipod,ordinary_cross_disagreement,0.9393939393939394,6.008997811722465
from_ipod,ordinary_cross_disagreement,0.946969696969697,6.005343496185436
from_ipod,ordinary_cross_disagreement,0.9545454545454546,6.035659972205301
from_ipod,ordinary_cross_disagreement,0.9621212121212122,6.031004648540961
from_ipod,ordinary_cross_disagreement,0.9696969696969697,6.009480522540039
from_ipod,ordinary_cross_disagreement,0.9772727272727273,5.992523863857535
from_ipod,ordinary_cross_disagreement,0.9848484848484849,5.990431386478792
from_ipod,ordinary_cross_disagreement,0.9924242424242424,5.976562303366329
from_ipod,ordinary_cross_disagreement,1.0,5.963468417734144
from_ipod,ordinary_pair_disagreement,0.007575757575757576,6.301452224382939
from_ipod,ordinary_pair_disagreement,0.015151515151515152,5.259624145728143
from_ipod,ordinary_pair_disagreement,0.022727272727272728,5.212128238452486
from_ipod,ordinary_pair_disagreement,0.030303030303030304,5.995023490876093
from_ipod,ordinary_pair_disagreement,0.03787878787878788,5.930181380543535
from_ipod,ordinary_pair_disagreement,0.045454545454545456,5.540923298458289
from_ipod,ordinary_pair_disagreement,0.05303030303030303,5.416153367480462
from_ipod,ordinary_pair_disagreement,0.06060606060606061,5.535905107254102
from_ipod,ordinary_pair_disagreement,0.06818181818181818,5.353269955767778
from_ipod,ordinary_pair_disagreement,0.07575757575757576,5.647670314633558
from_ipod,ordinary_pair_disagreement,0.08333333333333333,5.630520118899601
from_ipod,ordinary_pair_disagreement,0.09090909090909091,5.7177209835781895
from_ipod,ordinary_pair_disagreement,0.09848484848484848,5.850036231428448
from_ipod,ordinary_pair_disagreement,0.10606060606060606,5.925071977950011
from_ipod,ordinary_pair_disagreement,0.11363636363636363,6.06304246663921
from_ipod,ordinary_pair_disagreement,0.12121212121212122,6.065135173719636
from_ipod,ordinary_pair_disagreement,0.12878787878787878,6.215812359668647
from_ipod,ordinary_pair_disagreement,0.13636363636363635,6.345876025121733
from_ipod,ordinary_pair_disagreement,0.14393939393939395,6.355048629833642
from_ipod,ordinary_pair_disagreement,0.15151515151515152,6.207471452389865
from_ipod,ordinary_pair_disagreement,0.1590909090909091,6.118452972901461
from_ipod,ordinary_pair_disagreement,0.16666666666666666,6.177566817135852
from_ipod,ordinary_pair_disagreement,0.17424242424242425,6.158561232803301
from_ipod,ordinary_pair_disagreement,0.18181818181818182,6.1190643225075965
from_ipod,ordinary_pair_disagreement,0.1893939393939394,6.057770728796716
from_ipod,ordinary_pair_disagreement,0.19696969696969696,6.021110848400227
from_ipod,ordinary_pair_disagreement,0.20454545454545456,5.9753615247585685
from_ipod,ordinary_pair_disagreement,0.21212121212121213,5.961119062891086
from_ipod,ordinary_pair_disagreement,0.2196969696969697,5.918124078473191
from_ipod,ordinary_pair_disagreement,0.22727272727272727,5.963945787608895
from_ipod,ordinary_pair_disagreement,0.23484848484848486,6.036487549044007
from_ipod,ordinary_pair_disagreement,0.24242424242424243,6.05879079005816
from_ipod,ordinary_pair_disagreement,0.25,6.069314330733538
from_ipod,ordinary_pair_disagreement,0.25757575757575757,6.051214610351503
from_ipod,ordinary_pair_disagreement,0.26515151515151514,6.06004954644418
from_ipod,ordinary_pair_disagreement,0.2727272727272727,6.105525960617739
from_ipod,ordinary_pair_disagreement,0.2803030303030303,6.051122485952509
from_ipod,ordinary_pair_disagreement,0.2878787878787879,6.1065331154896905
from_ipod,ordinary_pair_disagreement,0.29545454545454547,6.147628765075619
from_ipod,ordinary_pair_disagreement,0.30303030303030304,6.168224023169556
from_ipod,ordinary_pair_disagreement,0.3106060606060606,6.147092000271616
from_ipod,ordinary_pair_disagreement,0.3181818181818182,6.143887241247131
from_ipod,ordinary_pair_disagreement,0.32575757575757575,6.1279357620042765
from_ipod,ordinary_pair_disagreement,0.3333333333333333,6.166489426243127
from_ipod,ordinary_pair_disagreement,0.3409090909090909,6.148963524089825
from_ipod,ordinary_pair_disagreement,0.3484848484848485,6.113672540267367
from_ipod,ordinary_pair_disagreement,0.3560606060606061,6.08042215345781
from_ipod,ordinary_pair_disagreement,0.36363636363636365,6.068811248816796
from_ipod,ordinary_pair_disagreement,0.3712121212121212,6.054845167323464
from_ipod,ordinary_pair_disagreement,0.3787878787878788,6.040893756908279
from_ipod,ordinary_pair_disagreement,0.38636363636363635,6.035471044867095
from_ipod,ordinary_pair_disagreement,0.3939393939393939,6.031507052591658
from_ipod,ordinary_pair_disagreement,0.4015151515151515,6.048785587815398
from_ipod,ordinary_pair_disagreement,0.4090909090909091,6.033487706615598
from_ipod,ordinary_pair_disagreement,0.4166666666666667,6.038853966472217
from_ipod,ordinary_pair_disagreement,0.42424242424242425,6.0181581647475335
from_ipod,ordinary_pair_disagreement,0.4318181818181818,6.030291979114838
from_ipod,ordinary_pair_disagreement,0.4393939393939394,5.9907089955493715
from_ipod,ordinary_pair_disagreement,0.44696969696969696,5.975600366092629
from_ipod,ordinary_pair_disagreement,0.45454545454545453,5.997034661957142
from_ipod,ordinary_pair_disagreement,0.4621212121212121,5.977289626638501
from_ipod,ordinary_pair_disagreement,0.4696969696969697,5.982947990945032
from_ipod,ordinary_pair_disagreement,0.4772727272727273,5.980488837313565
from_ipod,ordinary_pair_disagreement,0.48484848484848486,5.997791062595087
from_ipod,ordinary_pair_disagreement,0.49242424242424243,5.983581219596727
from_ipod,ordinary_pair_disagreement,0.5,6.020876255004713
from_ipod,ordinary_pair_disagreement,0.5075757575757576,6.080733962145043
from_ipod,ordinary_pair_disagreement,0.5151515151515151,6.110921803723488
from_ipod,ordinary_pair_disagreement,0.5227272727272727,6.136368685779948
from_ipod,ordinary_pair_disagreement,0.5303030303030303,6.12128667243018
from_ipod,ordinary_pair_disagreement,0.5378787878787878,6.0935308019380345
from_ipod,ordinary_pair_disagreement,0.5454545454545454,6.058680972878519
from_ipod,ordinary_pair_disagreement,0.553030303030303,6.044723706668511
from_ipod,ordinary_pair_disagreement,0.5606060606060606,6.046202827441564
from_ipod,ordinary_pair_disagreement,0.5681818181818182,6.039520038636325
from_ipod,ordinary_pair_disagreement,0.5757575757575758,6.064996682040825
from_ipod,ordinary_pair_disagreement,0.5833333333333334,6.041116957262699
from_ipod,ordinary_pair_disagreement,0.5909090909090909,6.0294571181801615
from_ipod,ordinary_pair_disagreement,0.5984848484848485,6.019569161182107
from_ipod,ordinary_pair_disagreement,0.6060606060606061,6.015998348431094
from_ipod,ordinary_pair_disagreement,0.6136363636363636,6.009683083013606
from_ipod,ordinary_pair_disagreement,0.6212121212121212,6.010112350800654
from_ipod,ordinary_pair_disagreement,0.6287878787878788,6.012967507052029
from_ipod,ordinary_pair_disagreement,0.6363636363636364,5.98451422123199
from_ipod,ordinary_pair_disagreement,0.6439393939393939,5.987744734002931
from_ipod,ordinary_pair_disagreement,0.6515151515151515,5.97444817699068
from_ipod,ordinary_pair_disagreement,0.6590909090909091,5.94402549713458
from_ipod,ordinary_pair_disagreement,0.6666666666666666,5.948113894375318
from_ipod,ordinary_pair_disagreement,0.6742424242424242,5.936849865927177
from_ipod,ordinary_pair_disagreement,0.6818181818181818,5.91761378058182
from_ipod,ordinary_pair_disagreement,0.6893939393939394,5.921321777286427
from_ipod,ordinary_pair_disagreement,0.696969696969697,5.924845927975615
from_ipod,ordinary_pair_disagreement,0.7045454545454546,5.895480171403278
from_ipod,ordinary_pair_disagreement,0.7121212121212122,5.90001711935431
from_ipod,ordinary_pair_disagreement,0.7196969696969697,5.895103902398631
from_ipod,ordinary_pair_disagreement,0.7272727272727273,5.910398062819726
from_ipod,ordinary_pair_disagreement,0.7348484848484849,5.889843402169119
from_ipod,ordinary_pair_disagreement,0.7424242424242424,5.863417272519809
from_ipod,ordinary_pair_disagreement,0.75,5.852273505088282
from_ipod,ordinary_pair_disagreement,0.7575757575757576,5.854716153890959
from_ipod,ordinary_pair_disagreement,0.7651515151515151,5.844912553138781
from_ipod,ordinary_pair_disagreement,0.7727272727272727,5.8395685717668115
from_ipod,ordinary_pair_disagreement,0.7803030303030303,5.838186715082148
from_ipod,ordinary_pair_disagreement,0.7878787878787878,5.827469401758273
from_ipod,ordinary_pair_disagreement,0.7954545454545454,5.824091990129229
from_ipod,ordinary_pair_disagreement,0.803030303030303,5.833338353892093
from_ipod,ordinary_pair_disagreement,0.8106060606060606,5.8304712194386825
from_ipod,ordinary_pair_disagreement,0.8181818181818182,5.835012407914221
from_ipod,ordinary_pair_disagreement,0.8257575757575758,5.8300378742165355
from_ipod,ordinary_pair_disagreement,0.8333333333333334,5.808273440920103
from_ipod,ordinary_pair_disagreement,0.8409090909090909,5.809577146228746
from_ipod,ordinary_pair_disagreement,0.8484848484848485,5.798237196405622
from_ipod,ordinary_pair_disagreement,0.8560606060606061,5.793832980468335
from_ipod,ordinary_pair_disagreement,0.8636363636363636,5.789848017577165
from_ipod,ordinary_pair_disagreement,0.8712121212121212,5.783513827883843
from_ipod,ordinary_pair_disagreement,0.8787878787878788,5.783195364326347
from_ipod,ordinary_pair_disagreement,0.8863636363636364,5.779414667364903
from_ipod,ordinary_pair_disagreement,0.8939393939393939,5.78230521233981
from_ipod,ordinary_pair_disagreement,0.9015151515151515,5.771790118612139
from_ipod,ordinary_pair_disagreement,0.9090909090909091,5.781531218880275
from_ipod,ordinary_pair_disagreement,0.9166666666666666,5.775456340919099
from_ipod,ordinary_pair_disagreement,0.9242424242424242,5.7827153723929605
from_ipod,ordinary_pair_disagreement,0.9318181818181818,5.803898728125123
from_ipod,ordinary_pair_disagreement,0.9393939393939394,5.8186145631223285
from_ipod,ordinary_pair_disagreement,0.946969696969697,5.83103215350748
from_ipod,ordinary_pair_disagreement,0.9545454545454546,5.853993546090684
from_ipod,ordinary_pair_disagreement,0.9621212121212122,5.873836874502139
from_ipod,ordinary_pair_disagreement,0.9696969696969697,5.8928836197498145
from_ipod,ordinary_pair_disagreement,0.9772727272727273,5.912345418657805
from_ipod,ordinary_pair_disagreement,0.9848484848484849,5.923239205337598
from_ipod,ordinary_pair_disagreement,0.9924242424242424,5.914124056159571
from_ipod,ordinary_pair_disagreement,1.0,5.902494927350431
from_ipod,ordinary_pair_dispersion,0.007575757575757576,2.7126191312194017
from_ipod,ordinary_pair_dispersion,0.015151515151515152,4.207236773964428
from_ipod,ordinary_pair_dispersion,0.022727272727272728,3.9495848946644165
from_ipod,ordinary_pair_dispersion,0.030303030303030304,4.569462354329526
from_ipod,ordinary_pair_dispersion,0.03787878787878788,4.88820830343559
from_ipod,ordinary_pair_dispersion,0.045454545454545456,5.185555049278574
from_ipod,ordinary_pair_dispersion,0.05303030303030303,5.189954989845695
from_ipod,ordinary_pair_dispersion,0.06060606060606061,5.287981325462588
from_ipod,ordinary_pair_dispersion,0.06818181818181818,5.221178555747141
from_ipod,ordinary_pair_dispersion,0.07575757575757576,5.250527604251334
from_ipod,ordinary_pair_dispersion,0.08333333333333333,5.26446041472139
from_ipod,ordinary_pair_dispersion,0.09090909090909091,5.286418891302237
from_ipod,ordinary_pair_dispersion,0.09848484848484848,5.306561580077134
from_ipod,ordinary_pair_dispersion,0.10606060606060606,5.275570329517457
from_ipod,ordinary_pair_dispersion,0.11363636363636363,5.232333495012299
from_ipod,ordinary_pair_dispersion,0.12121212121212122,5.25414678862049
from_ipod,ordinary_pair_dispersion,0.12878787878787878,5.205737536485751
from_ipod,ordinary_pair_dispersion,0.13636363636363635,5.226853564340946
from_ipod,ordinary_pair_dispersion,0.14393939393939395,5.364205754993301
from_ipod,ordinary_pair_dispersion,0.15151515151515152,5.4058562728140584
from_ipod,ordinary_pair_dispersion,0.1590909090909091,5.352770398868018
from_ipod,ordinary_pair_dispersion,0.16666666666666666,5.363403869059735
from_ipod,ordinary_pair_dispersion,0.17424242424242425,5.33682985916796
from_ipod,ordinary_pair_dispersion,0.18181818181818182,5.300579474316485
from_ipod,ordinary_pair_dispersion,0.1893939393939394,5.3267636476530775
from_ipod,ordinary_pair_dispersion,0.19696969696969696,5.351493576728523
from_ipod,ordinary_pair_dispersion,0.20454545454545456,5.352240942351693
from_ipod,ordinary_pair_dispersion,0.21212121212121213,5.286930916055387
from_ipod,ordinary_pair_dispersion,0.2196969696969697,5.302198783295245
from_ipod,ordinary_pair_dispersion,0.22727272727272727,5.371284113883179
from_ipod,ordinary_pair_dispersion,0.23484848484848486,5.3757638849171485
from_ipod,ordinary_pair_dispersion,0.24242424242424243,5.36545775132329
from_ipod,ordinary_pair_dispersion,0.25,5.389576648680354
from_ipod,ordinary_pair_dispersion,0.25757575757575757,5.4276392951510966
from_ipod,ordinary_pair_dispersion,0.26515151515151514,5.435439878128084
from_ipod,ordinary_pair_dispersion,0.2727272727272727,5.464997013181871
from_ipod,ordinary_pair_dispersion,0.2803030303030303,5.448476460071039
from_ipod,ordinary_pair_dispersion,0.2878787878787879,5.505191982191527
from_ipod,ordinary_pair_dispersion,0.29545454545454547,5.5035715312270765
from_ipod,ordinary_pair_dispersion,0.30303030303030304,5.493210123509155
from_ipod,ordinary_pair_dispersion,0.3106060606060606,5.51994308062071
from_ipod,ordinary_pair_dispersion,0.3181818181818182,5.5666273531897055
from_ipod,ordinary_pair_dispersion,0.32575757575757575,5.535004096179992
from_ipod,ordinary_pair_dispersion,0.3333333333333333,5.53858004465723
from_ipod,ordinary_pair_dispersion,0.3409090909090909,5.517704481564405
from_ipod,ordinary_pair_dispersion,0.3484848484848485,5.525938008669743
from_ipod,ordinary_pair_dispersion,0.3560606060606061,5.537930657461236
from_ipod,ordinary_pair_dispersion,0.36363636363636365,5.533615426717495
from_ipod,ordinary_pair_dispersion,0.3712121212121212,5.5895459213059935
from_ipod,ordinary_pair_dispersion,0.3787878787878788,5.568750258584796
from_ipod,ordinary_pair_dispersion,0.38636363636363635,5.553404240496209
from_ipod,ordinary_pair_dispersion,0.3939393939393939,5.519670580058002
from_ipod,ordinary_pair_dispersion,0.4015151515151515,5.534251941209857
from_ipod,ordinary_pair_dispersion,0.4090909090909091,5.563708532986418
from_ipod,ordinary_pair_dispersion,0.4166666666666667,5.566214382672789
from_ipod,ordinary_pair_dispersion,0.42424242424242425,5.561928609661382
from_ipod,ordinary_pair_dispersion,0.4318181818181818,5.5872638125598
from_ipod,ordinary_pair_dispersion,0.4393939393939394,5.558936203596102
from_ipod,ordinary_pair_dispersion,0.44696969696969696,5.536643762632955
from_ipod,ordinary_pair_dispersion,0.45454545454545453,5.52697463710465
from_ipod,ordinary_pair_dispersion,0.4621212121212121,5.517191730637354
from_ipod,ordinary_pair_dispersion,0.4696969696969697,5.5143824381354944
from_ipod,ordinary_pair_dispersion,0.4772727272727273,5.52178010728355
from_ipod,ordinary_pair_dispersion,0.48484848484848486,5.527099260156095
from_ipod,ordinary_pair_dispersion,0.49242424242424243,5.516530363042921
from_ipod,ordinary_pair_dispersion,0.5,5.496190921947705
from_ipod,ordinary_pair_dispersion,0.5075757575757576,5.493857033927267
from_ipod,ordinary_pair_dispersion,0.5151515151515151,5.497224608284328
from_ipod,ordinary_pair_dispersion,0.5227272727272727,5.568313013806118
from_ipod,ordinary_pair_dispersion,0.5303030303030303,5.568619892965249
from_ipod,ordinary_pair_dispersion,0.5378787878787878,5.588144093599294
from_ipod,ordinary_pair_dispersion,0.5454545454545454,5.589907245699046
from_ipod,ordinary_pair_dispersion,0.553030303030303,5.573183550676194
from_ipod,ordinary_pair_dispersion,0.5606060606060606,5.576619358345474
from_ipod,ordinary_pair_dispersion,0.5681818181818182,5.5818150045136745
from_ipod,ordinary_pair_dispersion,0.5757575757575758,5.582591488094555
from_ipod,ordinary_pair_dispersion,0.5833333333333334,5.588961909054962
from_ipod,ordinary_pair_dispersion,0.5909090909090909,5.567881830399057
from_ipod,ordinary_pair_dispersion,0.5984848484848485,5.548319396162628
from_ipod,ordinary_pair_dispersion,0.6060606060606061,5.56927651339836
from_ipod,ordinary_pair_dispersion,0.6136363636363636,5.574939118221871
from_ipod,ordinary_pair_dispersion,0.6212121212121212,5.58023897306349
from_ipod,ordinary_pair_dispersion,0.6287878787878788,5.581183501674556
from_ipod,ordinary_pair_dispersion,0.6363636363636364,5.593643062730524
from_ipod,ordinary_pair_dispersion,0.6439393939393939,5.623765057895963
from_ipod,ordinary_pair_dispersion,0.6515151515151515,5.631572801375985
from_ipod,ordinary_pair_dispersion,0.6590909090909091,5.617108348320187
from_ipod,ordinary_pair_dispersion,0.6666666666666666,5.6115439400231795
from_ipod,ordinary_pair_dispersion,0.6742424242424242,5.5873715236462616
from_ipod,ordinary_pair_dispersion,0.6818181818181818,5.587646707705079
from_ipod,ordinary_pair_dispersion,0.6893939393939394,5.595675051546344
from_ipod,ordinary_pair_dispersion,0.696969696969697,5.613805622076375
from_ipod,ordinary_pair_dispersion,0.7045454545454546,5.617245999286681
from_ipod,ordinary_pair_dispersion,0.7121212121212122,5.621757803737111
from_ipod,ordinary_pair_dispersion,0.7196969696969697,5.629013932455822
from_ipod,ordinary_pair_dispersion,0.7272727272727273,5.618620329466594
from_ipod,ordinary_pair_dispersion,0.7348484848484849,5.617834970247174
from_ipod,ordinary_pair_dispersion,0.7424242424242424,5.643373719617363
from_ipod,ordinary_pair_dispersion,0.75,5.644000826584029
from_ipod,ordinary_pair_dispersion,0.7575757575757576,5.631325944839791
from_ipod,ordinary_pair_dispersion,0.7651515151515151,5.626555040649837
from_ipod,ordinary_pair_dispersion,0.7727272727272727,5.638741303966252
from_ipod,ordinary_pair_dispersion,0.7803030303030303,5.634231405877675
from_ipod,ordinary_pair_dispersion,0.7878787878787878,5.632508730549618
from_ipod,ordinary_pair_dispersion,0.7954545454545454,5.640141425571232
from_ipod,ordinary_pair_dispersion,0.803030303030303,5.658801538021162
from_ipod,ordinary_pair_dispersion,0.8106060606060606,5.645213357958741
from_ipod,ordinary_pair_dispersion,0.8181818181818182,5.625319258023976
from_ipod,ordinary_pair_dispersion,0.8257575757575758,5.604799128685734
from_ipod,ordinary_pair_dispersion,0.8333333333333334,5.627187321176911
from_ipod,ordinary_pair_dispersion,0.8409090909090909,5.6343299293257525
from_ipod,ordinary_pair_dispersion,0.8484848484848485,5.665575181152122
from_ipod,ordinary_pair_dispersion,0.8560606060606061,5.664966551290218
from_ipod,ordinary_pair_dispersion,0.8636363636363636,5.665042099252704
from_ipod,ordinary_pair_dispersion,0.8712121212121212,5.669729964884866
from_ipod,ordinary_pair_dispersion,0.8787878787878788,5.652127331837371
from_ipod,ordinary_pair_dispersion,0.8863636363636364,5.6525703458674315
from_ipod,ordinary_pair_dispersion,0.8939393939393939,5.674853693016331
from_ipod,ordinary_pair_dispersion,0.9015151515151515,5.6786624983849086
from_ipod,ordinary_pair_dispersion,0.9090909090909091,5.700221101705203
from_ipod,ordinary_pair_dispersion,0.9166666666666666,5.684011790955741
from_ipod,ordinary_pair_dispersion,0.9242424242424242,5.7153505443919705
from_ipod,ordinary_pair_dispersion,0.9318181818181818,5.747297052671996
from_ipod,ordinary_pair_dispersion,0.9393939393939394,5.779721681990765
from_ipod,ordinary_pair_dispersion,0.946969696969697,5.798315672033404
from_ipod,ordinary_pair_dispersion,0.9545454545454546,5.841165756833983
from_ipod,ordinary_pair_dispersion,0.9621212121212122,5.8740081909647515
from_ipod,ordinary_pair_dispersion,0.9696969696969697,5.908749981102294
from_ipod,ordinary_pair_dispersion,0.9772727272727273,5.900692922308026
from_ipod,ordinary_pair_dispersion,0.9848484848484849,5.901121466723943
from_ipod,ordinary_pair_dispersion,0.9924242424242424,5.898136209594656
from_ipod,ordinary_pair_dispersion,1.0,5.902494927350432
from_ipod,mixed_pair_expected,0.007575757575757576,7.455385207282242
from_ipod,mixed_pair_expected,0.015151515151515152,7.865042090542644
from_ipod,mixed_pair_expected,0.022727272727272728,8.232308922587137
from_ipod,mixed_pair_expected,0.030303030303030304,7.47906035726199
from_ipod,mixed_pair_expected,0.03787878787878788,7.188801849119902
from_ipod,mixed_pair_expected,0.045454545454545456,7.056233233192537
from_ipod,mixed_pair_expected,0.05303030303030303,6.779012080109561
from_ipod,mixed_pair_expected,0.06060606060606061,7.004297388158796
from_ipod,mixed_pair_expected,0.06818181818181818,6.538070146166084
from_ipod,mixed_pair_expected,0.07575757575757576,6.62960948685684
from_ipod,mixed_pair_expected,0.08333333333333333,6.781699371338291
from_ipod,mixed_pair_expected,0.09090909090909091,6.866413295136009
from_ipod,mixed_pair_expected,0.09848484848484848,6.713583427547118
from_ipod,mixed_pair_expected,0.10606060606060606,6.599182985045428
from_ipod,mixed_pair_expected,0.11363636363636363,6.702573814615737
from_ipod,mixed_pair_expected,0.12121212121212122,6.66349658256416
from_ipod,mixed_pair_expected,0.12878787878787878,6.768624949553548
from_ipod,mixed_pair_expected,0.13636363636363635,6.841614628742718
from_ipod,mixed_pair_expected,0.14393939393939395,6.826668239612913
from_ipod,mixed_pair_expected,0.15151515151515152,6.893899001407834
from_ipod,mixed_pair_expected,0.1590909090909091,6.886795034705713
from_ipod,mixed_pair_expected,0.16666666666666666,6.874091094408205
from_ipod,mixed_pair_expected,0.17424242424242425,6.781133126299956
from_ipod,mixed_pair_expected,0.18181818181818182,6.871508807444982
from_ipod,mixed_pair_expected,0.1893939393939394,6.956407854563229
from_ipod,mixed_pair_expected,0.19696969696969696,6.9972343847728125
from_ipod,mixed_pair_expected,0.20454545454545456,6.988600603847786
from_ipod,mixed_pair_expected,0.21212121212121213,6.951197454336248
from_ipod,mixed_pair_expected,0.2196969696969697,6.961213072181315
from_ipod,mixed_pair_expected,0.22727272727272727,6.937104318822776
from_ipod,mixed_pair_expected,0.23484848484848486,6.893130051864204
from_ipod,mixed_pair_expected,0.24242424242424243,6.896805124353917
from_ipod,mixed_pair_expected,0.25,6.912670687727933
from_ipod,mixed_pair_expected,0.25757575757575757,6.965142248958678
from_ipod,mixed_pair_expected,0.26515151515151514,6.949084093579537
from_ipod,mixed_pair_expected,0.2727272727272727,7.025027188201331
from_ipod,mixed_pair_expected,0.2803030303030303,7.017239196758315
from_ipod,mixed_pair_expected,0.2878787878787879,6.93691505439931
from_ipod,mixed_pair_expected,0.29545454545454547,6.904895459169084
from_ipod,mixed_pair_expected,0.30303030303030304,6.889324817590205
from_ipod,mixed_pair_expected,0.3106060606060606,6.869610768051771
from_ipod,mixed_pair_expected,0.3181818181818182,6.8324245184508925
from_ipod,mixed_pair_expected,0.32575757575757575,6.809115712824383
from_ipod,mixed_pair_expected,0.3333333333333333,6.791642857560436
from_ipod,mixed_pair_expected,0.3409090909090909,6.795813322655476
from_ipod,mixed_pair_expected,0.3484848484848485,6.7352357161130305
from_ipod,mixed_pair_expected,0.3560606060606061,6.721184998704861
from_ipod,mixed_pair_expected,0.36363636363636365,6.648574274293473
from_ipod,mixed_pair_expected,0.3712121212121212,6.631565233894452
from_ipod,mixed_pair_expected,0.3787878787878788,6.593031416841637
from_ipod,mixed_pair_expected,0.38636363636363635,6.559637076729595
from_ipod,mixed_pair_expected,0.3939393939393939,6.549490979342082
from_ipod,mixed_pair_expected,0.4015151515151515,6.51897689183702
from_ipod,mixed_pair_expected,0.4090909090909091,6.5018633730547295
from_ipod,mixed_pair_expected,0.4166666666666667,6.512665593786795
from_ipod,mixed_pair_expected,0.42424242424242425,6.474873180321661
from_ipod,mixed_pair_expected,0.4318181818181818,6.432636341910268
from_ipod,mixed_pair_expected,0.4393939393939394,6.418727291565322
from_ipod,mixed_pair_expected,0.44696969696969696,6.401967404804494
from_ipod,mixed_pair_expected,0.45454545454545453,6.3845211557441885
from_ipod,mixed_pair_expected,0.4621212121212121,6.3770616720954765
from_ipod,mixed_pair_expected,0.4696969696969697,6.365106751878287
from_ipod,mixed_pair_expected,0.4772727272727273,6.322239708323791
from_ipod,mixed_pair_expected,0.48484848484848486,6.31741153991855
from_ipod,mixed_pair_expected,0.49242424242424243,6.319300230567809
from_ipod,mixed_pair_expected,0.5,6.304326785873372
from_ipod,mixed_pair_expected,0.5075757575757576,6.276226561873049
from_ipod,mixed_pair_expected,0.5151515151515151,6.281573766564481
from_ipod,mixed_pair_expected,0.5227272727272727,6.2813635323561385
from_ipod,mixed_pair_expected,0.5303030303030303,6.283096473434786
from_ipod,mixed_pair_expected,0.5378787878787878,6.258964605516876
from_ipod,mixed_pair_expected,0.5454545454545454,6.243778884661656
from_ipod,mixed_pair_expected,0.553030303030303,6.217018611291148
from_ipod,mixed_pair_expected,0.5606060606060606,6.220353396143335
from_ipod,mixed_pair_expected,0.5681818181818182,6.203812688480279
from_ipod,mixed_pair_expected,0.5757575757575758,6.192254474405629
from_ipod,mixed_pair_expected,0.5833333333333334,6.196591758306077
from_ipod,mixed_pair_expected,0.5909090909090909,6.194429741428334
from_ipod,mixed_pair_expected,0.5984848484848485,6.168784032288282
from_ipod,mixed_pair_expected,0.6060606060606061,6.145404276116449
from_ipod,mixed_pair_expected,0.6136363636363636,6.130055424385906
from_ipod,mixed_pair_expected,0.6212121212121212,6.1037624946284295
from_ipod,mixed_pair_expected,0.6287878787878788,6.092429645025153
from_ipod,mixed_pair_expected,0.6363636363636364,6.086155197711851
from_ipod,mixed_pair_expected,0.6439393939393939,6.097922291142815
from_ipod,mixed_pair_expected,0.6515151515151515,6.080899554325722
from_ipod,mixed_pair_expected,0.6590909090909091,6.066974001165193
from_ipod,mixed_pair_expected,0.6666666666666666,6.061682901749692
from_ipod,mixed_pair_expected,0.6742424242424242,6.042317739723436
from_ipod,mixed_pair_expected,0.6818181818181818,6.020151319491659
from_ipod,mixed_pair_expected,0.6893939393939394,6.025091220502102
from_ipod,mixed_pair_expected,0.696969696969697,6.014360409686027
from_ipod,mixed_pair_expected,0.7045454545454546,6.004305550127775
from_ipod,mixed_pair_expected,0.7121212121212122,6.039852675872172
from_ipod,mixed_pair_expected,0.7196969696969697,6.036468272499417
from_ipod,mixed_pair_expected,0.7272727272727273,6.015057327094008
from_ipod,mixed_pair_expected,0.7348484848484849,5.98662765891284
from_ipod,mixed_pair_expected,0.7424242424242424,5.998527707264308
from_ipod,mixed_pair_expected,0.75,6.007036731703297
from_ipod,mixed_pair_expected,0.7575757575757576,5.990746939173548
from_ipod,mixed_pair_expected,0.7651515151515151,5.976963218900721
from_ipod,mixed_pair_expected,0.7727272727272727,5.968319470420987
from_ipod,mixed_pair_expected,0.7803030303030303,5.982445809573654
from_ipod,mixed_pair_expected,0.7878787878787878,5.972006850928655
from_ipod,mixed_pair_expected,0.7954545454545454,5.958272761300491
from_ipod,mixed_pair_expected,0.803030303030303,5.9450982610376455
from_ipod,mixed_pair_expected,0.8106060606060606,5.932959925732956
from_ipod,mixed_pair_expected,0.8181818181818182,5.922182376654689
from_ipod,mixed_pair_expected,0.8257575757575758,5.92733124626508
from_ipod,mixed_pair_expected,0.8333333333333334,5.934003228799746
from_ipod,mixed_pair_expected,0.8409090909090909,5.912814713539171
from_ipod,mixed_pair_expected,0.8484848484848485,5.906550599073541
from_ipod,mixed_pair_expected,0.8560606060606061,5.889620803010668
from_ipod,mixed_pair_expected,0.8636363636363636,5.883670153560565
from_ipod,mixed_pair_expected,0.8712121212121212,5.883329544001978
from_ipod,mixed_pair_expected,0.8787878787878788,5.898872396361362
from_ipod,mixed_pair_expected,0.8863636363636364,5.916016255588244
from_ipod,mixed_pair_expected,0.8939393939393939,5.908723631576408
from_ipod,mixed_pair_expected,0.9015151515151515,5.900948598554433
from_ipod,mixed_pair_expected,0.9090909090909091,5.870711410424877
from_ipod,mixed_pair_expected,0.9166666666666666,5.85943784646474
from_ipod,mixed_pair_expected,0.9242424242424242,5.853131328330542
from_ipod,mixed_pair_expected,0.9318181818181818,5.855982979399893
from_ipod,mixed_pair_expected,0.9393939393939394,5.845916531526751
from_ipod,mixed_pair_expected,0.946969696969697,5.825271813344965
from_ipod,mixed_pair_expected,0.9545454545454546,5.8041631685912565
from_ipod,mixed_pair_expected,0.9621212121212122,5.790924905907077
from_ipod,mixed_pair_expected,0.9696969696969697,5.7681170318678125
from_ipod,mixed_pair_expected,0.9772727272727273,5.764842334445468
from_ipod,mixed_pair_expected,0.9848484848484849,5.745667131191208
from_ipod,mixed_pair_expected,0.9924242424242424,5.737439709415821
from_ipod,mixed_pair_expected,1.0,5.713421983074276
from_ipod,mixed_pair_covariance,0.007575757575757576,6.798511106269403
from_ipod,mixed_pair_covariance,0.015151515151515152,7.1517159791124705
from_ipod,mixed_pair_covariance,0.022727272727272728,7.003114491919582
from_ipod,mixed_pair_covariance,0.030303030303030304,7.070980329386411
from_ipod,mixed_pair_covariance,0.03787878787878788,7.324234978397537
from_ipod,mixed_pair_covariance,0.045454545454545456,7.222196372883732
from_ipod,mixed_pair_covariance,0.05303030303030303,7.2086234934527305
from_ipod,mixed_pair_covariance,0.06060606060606061,7.260105827054819
from_ipod,mixed_pair_covariance,0.06818181818181818,7.351268549092585
from_ipod,mixed_pair_covariance,0.07575757575757576,7.424131170942611
from_ipod,mixed_pair_covariance,0.08333333333333333,7.406318561258909
from_ipod,mixed_pair_covariance,0.09090909090909091,7.362652380831579
from_ipod,mixed_pair_covariance,0.09848484848484848,7.556812151656781
from_ipod,mixed_pair_covariance,0.10606060606060606,7.457418354115114
from_ipod,mixed_pair_covariance,0.11363636363636363,7.332104834229551
from_ipod,mixed_pair_covariance,0.12121212121212122,7.359286330380655
from_ipod,mixed_pair_covariance,0.12878787878787878,7.469027670164574
from_ipod,mixed_pair_covariance,0.13636363636363635,7.406118476645872
from_ipod,mixed_pair_covariance,0.14393939393939395,7.402032162848957
from_ipod,mixed_pair_covariance,0.15151515151515152,7.400910688076344
from_ipod,mixed_pair_covariance,0.1590909090909091,7.314536039151129
from_ipod,mixed_pair_covariance,0.16666666666666666,7.247586414792394
from_ipod,mixed_pair_covariance,0.17424242424242425,7.253980329366219
from_ipod,mixed_pair_covariance,0.18181818181818182,7.1261310056838765
from_ipod,mixed_pair_covariance,0.1893939393939394,7.1842666374052655
from_ipod,mixed_pair_covariance,0.19696969696969696,7.112352294590347
from_ipod,mixed_pair_covariance,0.20454545454545456,7.148815250088954
from_ipod,mixed_pair_covariance,0.21212121212121213,7.1226271339851905
from_ipod,mixed_pair_covariance,0.2196969696969697,7.126529781680639
from_ipod,mixed_pair_covariance,0.22727272727272727,7.094402733832083
from_ipod,mixed_pair_covariance,0.23484848484848486,7.062738016841394
from_ipod,mixed_pair_covariance,0.24242424242424243,7.01489162358046
from_ipod,mixed_pair_covariance,0.25,7.02745749573462
from_ipod,mixed_pair_covariance,0.25757575757575757,7.032047179808729
from_ipod,mixed_pair_covariance,0.26515151515151514,6.989783277294799
from_ipod,mixed_pair_covariance,0.2727272727272727,7.00869612377257
from_ipod,mixed_pair_covariance,0.2803030303030303,7.014925972572524
from_ipod,mixed_pair_covariance,0.2878787878787879,6.9853713725744875
from_ipod,mixed_pair_covariance,0.29545454545454547,6.9674228955686734
from_ipod,mixed_pair_covariance,0.30303030303030304,6.928188073634728
from_ipod,mixed_pair_covariance,0.3106060606060606,6.876014234562331
from_ipod,mixed_pair_covariance,0.3181818181818182,6.808544344395689
from_ipod,mixed_pair_covariance,0.32575757575757575,6.7800182660096135
from_ipod,mixed_pair_covariance,0.3333333333333333,6.690831844540091
from_ipod,mixed_pair_covariance,0.3409090909090909,6.671597283621943
from_ipod,mixed_pair_covariance,0.3484848484848485,6.639074383127334
from_ipod,mixed_pair_covariance,0.3560606060606061,6.600880129001834
from_ipod,mixed_pair_covariance,0.36363636363636365,6.616915336332003
from_ipod,mixed_pair_covariance,0.3712121212121212,6.597479901027898
from_ipod,mixed_pair_covariance,0.3787878787878788,6.571023963025845
from_ipod,mixed_pair_covariance,0.38636363636363635,6.524933134795321
from_ipod,mixed_pair_covariance,0.3939393939393939,6.482586330052681
from_ipod,mixed_pair_covariance,0.4015151515151515,6.4452996888352
from_ipod,mixed_pair_covariance,0.4090909090909091,6.391899612916968
from_ipod,mixed_pair_covariance,0.4166666666666667,6.380216270458611
from_ipod,mixed_pair_covariance,0.42424242424242425,6.376957726480711
from_ipod,mixed_pair_covariance,0.4318181818181818,6.367616813104125
from_ipod,mixed_pair_covariance,0.4393939393939394,6.339339879224338
from_ipod,mixed_pair_covariance,0.44696969696969696,6.290158190343578
from_ipod,mixed_pair_covariance,0.45454545454545453,6.295878733557526
from_ipod,mixed_pair_covariance,0.4621212121212121,6.3126401320815075
from_ipod,mixed_pair_covariance,0.4696969696969697,6.2989488492065915
from_ipod,mixed_pair_covariance,0.4772727272727273,6.28817668265702
from_ipod,mixed_pair_covariance,0.48484848484848486,6.292168503721679
from_ipod,mixed_pair_covariance,0.49242424242424243,6.288513127374876
from_ipod,mixed_pair_covariance,0.5,6.24686129996698
from_ipod,mixed_pair_covariance,0.5075757575757576,6.259636882444538
from_ipod,mixed_pair_covariance,0.5151515151515151,6.2323950029221935
from_ipod,mixed_pair_covariance,0.5227272727272727,6.211915394022704
from_ipod,mixed_pair_covariance,0.5303030303030303,6.2132900518076895
from_ipod,mixed_pair_covariance,0.5378787878787878,6.2161177531657374
from_ipod,mixed_pair_covariance,0.5454545454545454,6.1893649645728495
from_ipod,mixed_pair_covariance,0.553030303030303,6.182898412452729
from_ipod,mixed_pair_covariance,0.5606060606060606,6.168307890723924
from_ipod,mixed_pair_covariance,0.5681818181818182,6.157527666433686
from_ipod,mixed_pair_covariance,0.5757575757575758,6.144437609764263
from_ipod,mixed_pair_covariance,0.5833333333333334,6.12532752487085
from_ipod,mixed_pair_covariance,0.5909090909090909,6.104203784553086
from_ipod,mixed_pair_covariance,0.5984848484848485,6.087468516509756
from_ipod,mixed_pair_covariance,0.6060606060606061,6.051655096516562
from_ipod,mixed_pair_covariance,0.6136363636363636,6.0328024136259595
from_ipod,mixed_pair_covariance,0.6212121212121212,6.063250105945774
from_ipod,mixed_pair_covariance,0.6287878787878788,6.06994612701996
from_ipod,mixed_pair_covariance,0.6363636363636364,6.079023409644261
from_ipod,mixed_pair_covariance,0.6439393939393939,6.078306721249954
from_ipod,mixed_pair_covariance,0.6515151515151515,6.07465244352382
from_ipod,mixed_pair_covariance,0.6590909090909091,6.070957197467962
from_ipod,mixed_pair_covariance,0.6666666666666666,6.053571573300455
from_ipod,mixed_pair_covariance,0.6742424242424242,6.044519954856938
from_ipod,mixed_pair_covariance,0.6818181818181818,6.030773126953199
from_ipod,mixed_pair_covariance,0.6893939393939394,6.034132163414497
from_ipod,mixed_pair_covariance,0.696969696969697,6.0361467918467
from_ipod,mixed_pair_covariance,0.7045454545454546,6.02181347582833
from_ipod,mixed_pair_covariance,0.7121212121212122,5.9913404638963215
from_ipod,mixed_pair_covariance,0.7196969696969697,6.001440392682572
from_ipod,mixed_pair_covariance,0.7272727272727273,5.989956806462778
from_ipod,mixed_pair_covariance,0.7348484848484849,5.986347648227632
from_ipod,mixed_pair_covariance,0.7424242424242424,6.00043018202161
from_ipod,mixed_pair_covariance,0.75,5.989802659071237
from_ipod,mixed_pair_covariance,0.7575757575757576,5.969422431320344
from_ipod,mixed_pair_covariance,0.7651515151515151,5.96559382053401
from_ipod,mixed_pair_covariance,0.7727272727272727,5.96947588168904
from_ipod,mixed_pair_covariance,0.7803030303030303,5.95040061372825
from_ipod,mixed_pair_covariance,0.7878787878787878,5.953258534719566
from_ipod,mixed_pair_covariance,0.7954545454545454,5.951275708645284
from_ipod,mixed_pair_covariance,0.803030303030303,5.936848379785343
from_ipod,mixed_pair_covariance,0.8106060606060606,5.933092872948175
from_ipod,mixed_pair_covariance,0.8181818181818182,5.91062546485112
from_ipod,mixed_pair_covariance,0.8257575757575758,5.903293517515302
from_ipod,mixed_pair_covariance,0.8333333333333334,5.916084390971933
from_ipod,mixed_pair_covariance,0.8409090909090909,5.901726992783537
from_ipod,mixed_pair_covariance,0.8484848484848485,5.896448913732205
from_ipod,mixed_pair_covariance,0.8560606060606061,5.887946661508621
from_ipod,mixed_pair_covariance,0.8636363636363636,5.888424512942493
from_ipod,mixed_pair_covariance,0.8712121212121212,5.872432076046224
from_ipod,mixed_pair_covariance,0.8787878787878788,5.851008922932384
from_ipod,mixed_pair_covariance,0.8863636363636364,5.854778076238233
from_ipod,mixed_pair_covariance,0.8939393939393939,5.861125718193866
from_ipod,mixed_pair_covariance,0.9015151515151515,5.862645229479427
from_ipod,mixed_pair_covariance,0.9090909090909091,5.8654550689144465
from_ipod,mixed_pair_covariance,0.9166666666666666,5.861857191162282
from_ipod,mixed_pair_covariance,0.9242424242424242,5.839474866200383
from_ipod,mixed_pair_covariance,0.9318181818181818,5.825234798090464
from_ipod,mixed_pair_covariance,0.9393939393939394,5.83993848385024
from_ipod,mixed_pair_covariance,0.946969696969697,5.826862369137921
from_ipod,mixed_pair_covariance,0.9545454545454546,5.8035600467755435
from_ipod,mixed_pair_covariance,0.9621212121212122,5.7858341867885095
from_ipod,mixed_pair_covariance,0.9696969696969697,5.762920500477308
from_ipod,mixed_pair_covariance,0.9772727272727273,5.749027362235561
from_ipod,mixed_pair_covariance,0.9848484848484849,5.726215893221621
from_ipod,mixed_pair_covariance,0.9924242424242424,5.71809591117189
from_ipod,mixed_pair_covariance,1.0,5.7134219830742765
from_ipod,mixed_pair_disagreement,0.007575757575757576,7.706377523561606
from_ipod,mixed_pair_disagreement,0.015151515151515152,6.749538886359452
from_ipod,mixed_pair_disagreement,0.022727272727272728,6.69519692313603
from_ipod,mixed_pair_disagreement,0.030303030303030304,6.541849463161568
from_ipod,mixed_pair_disagreement,0.03787878787878788,6.347719348041004
from_ipod,mixed_pair_disagreement,0.045454545454545456,6.257519765317778
from_ipod,mixed_pair_disagreement,0.05303030303030303,6.195337008984413
from_ipod,mixed_pair_disagreement,0.06060606060606061,6.313182120580777
from_ipod,mixed_pair_disagreement,0.06818181818181818,6.05725419235011
from_ipod,mixed_pair_disagreement,0.07575757575757576,6.051241664964842
from_ipod,mixed_pair_disagreement,0.08333333333333333,6.038496069363458
from_ipod,mixed_pair_disagreement,0.09090909090909091,5.942245552784795
from_ipod,mixed_pair_disagreement,0.09848484848484848,5.899788762358834
from_ipod,mixed_pair_disagreement,0.10606060606060606,5.962206277295928
from_ipod,mixed_pair_disagreement,0.11363636363636363,5.9261916699753785
from_ipod,mixed_pair_disagreement,0.12121212121212122,5.874745883567613
from_ipod,mixed_pair_disagreement,0.12878787878787878,5.862190865992492
from_ipod,mixed_pair_disagreement,0.13636363636363635,5.82857932917696
from_ipod,mixed_pair_disagreement,0.14393939393939395,5.81183886867296
from_ipod,mixed_pair_disagreement,0.15151515151515152,5.826226253966229
from_ipod,mixed_pair_disagreement,0.1590909090909091,5.835185078115528
from_ipod,mixed_pair_disagreement,0.16666666666666666,5.816374471243826
from_ipod,mixed_pair_disagreement,0.17424242424242425,5.762300338459942
from_ipod,mixed_pair_disagreement,0.18181818181818182,5.727710937681979
from_ipod,mixed_pair_disagreement,0.1893939393939394,5.7352856565233745
from_ipod,mixed_pair_disagreement,0.19696969696969696,5.792647738488039
from_ipod,mixed_pair_disagreement,0.20454545454545456,5.848322222892264
from_ipod,mixed_pair_disagreement,0.21212121212121213,5.835938763809295
from_ipod,mixed_pair_disagreement,0.2196969696969697,5.846841996461447
from_ipod,mixed_pair_disagreement,0.22727272727272727,5.780173270160447
from_ipod,mixed_pair_disagreement,0.23484848484848486,5.811984960350514
from_ipod,mixed_pair_disagreement,0.24242424242424243,5.832015976565681
from_ipod,mixed_pair_disagreement,0.25,5.813767269211056
from_ipod,mixed_pair_disagreement,0.25757575757575757,5.830440551897286
from_ipod,mixed_pair_disagreement,0.26515151515151514,5.929277070544181
from_ipod,mixed_pair_disagreement,0.2727272727272727,5.912766993062881
from_ipod,mixed_pair_disagreement,0.2803030303030303,5.924103001285821
from_ipod,mixed_pair_disagreement,0.2878787878787879,5.836398718452611
from_ipod,mixed_pair_disagreement,0.29545454545454547,5.850921340501649
from_ipod,mixed_pair_disagreement,0.30303030303030304,5.874748415093758
from_ipod,mixed_pair_disagreement,0.3106060606060606,5.864486632510677
from_ipod,mixed_pair_disagreement,0.3181818181818182,5.86585719158485
from_ipod,mixed_pair_disagreement,0.32575757575757575,5.92609772351356
from_ipod,mixed_pair_disagreement,0.3333333333333333,5.950748887953968
from_ipod,mixed_pair_disagreement,0.3409090909090909,5.994079239934963
from_ipod,mixed_pair_disagreement,0.3484848484848485,6.014284030175161
from_ipod,mixed_pair_disagreement,0.3560606060606061,6.025232599658291
from_ipod,mixed_pair_disagreement,0.36363636363636365,6.080814976379684
from_ipod,mixed_pair_disagreement,0.3712121212121212,6.067877722808998
from_ipod,mixed_pair_disagreement,0.3787878787878788,6.062970612003174
from_ipod,mixed_pair_disagreement,0.38636363636363635,6.075901211351609
from_ipod,mixed_pair_disagreement,0.3939393939393939,6.098198460231099
from_ipod,mixed_pair_disagreement,0.4015151515151515,6.104706789058287
from_ipod,mixed_pair_disagreement,0.4090909090909091,6.080410768750103
from_ipod,mixed_pair_disagreement,0.4166666666666667,6.118449701288912
from_ipod,mixed_pair_disagreement,0.42424242424242425,6.091016727296517
from_ipod,mixed_pair_disagreement,0.4318181818181818,6.131465708891791
from_ipod,mixed_pair_disagreement,0.4393939393939394,6.125717518347932
from_ipod,mixed_pair_disagreement,0.44696969696969696,6.131538679782438
from_ipod,mixed_pair_disagreement,0.45454545454545453,6.1790073533829455
from_ipod,mixed_pair_disagreement,0.4621212121212121,6.188069230540214
from_ipod,mixed_pair_disagreement,0.4696969696969697,6.1665217079691885
from_ipod,mixed_pair_disagreement,0.4772727272727273,6.181911972520535
from_ipod,mixed_pair_disagreement,0.48484848484848486,6.202135608977177
from_ipod,mixed_pair_disagreement,0.49242424242424243,6.207734761049271
from_ipod,mixed_pair_disagreement,0.5,6.20103933817402
from_ipod,mixed_pair_disagreement,0.5075757575757576,6.2115206151020965
from_ipod,mixed_pair_disagreement,0.5151515151515151,6.2166848449510015
from_ipod,mixed_pair_disagreement,0.5227272727272727,6.200623456326554
from_ipod,mixed_pair_disagreement,0.5303030303030303,6.200867477723726
from_ipod,mixed_pair_disagreement,0.5378787878787878,6.1769773379444075
from_ipod,mixed_pair_disagreement,0.5454545454545454,6.154741297143706
from_ipod,mixed_pair_disagreement,0.553030303030303,6.146009164714933
from_ipod,mixed_pair_disagreement,0.5606060606060606,6.141323880008744
from_ipod,mixed_pair_disagreement,0.5681818181818182,6.134659369146147
from_ipod,mixed_pair_disagreement,0.5757575757575758,6.144947873555403
from_ipod,mixed_pair_disagreement,0.5833333333333334,6.140194544687543
from_ipod,mixed_pair_disagreement,0.5909090909090909,6.134422652060578
from_ipod,mixed_pair_disagreement,0.5984848484848485,6.098882605296673
from_ipod,mixed_pair_disagreement,0.6060606060606061,6.053314735508297
from_ipod,mixed_pair_disagreement,0.6136363636363636,6.022012808474584
from_ipod,mixed_pair_disagreement,0.6212121212121212,5.997730489323099
from_ipod,mixed_pair_disagreement,0.6287878787878788,5.985507351593114
from_ipod,mixed_pair_disagreement,0.6363636363636364,5.980751807279494
from_ipod,mixed_pair_disagreement,0.6439393939393939,5.95728522156303
from_ipod,mixed_pair_disagreement,0.6515151515151515,5.9407348976913665
from_ipod,mixed_pair_disagreement,0.6590909090909091,5.923523087534857
from_ipod,mixed_pair_disagreement,0.6666666666666666,5.939146151237174
from_ipod,mixed_pair_disagreement,0.6742424242424242,5.929852235716386
from_ipod,mixed_pair_disagreement,0.6818181818181818,5.922237573395872
from_ipod,mixed_pair_disagreement,0.6893939393939394,5.8903885876205075
from_ipod,mixed_pair_disagreement,0.696969696969697,5.876553488345325
from_ipod,mixed_pair_disagreement,0.7045454545454546,5.863112911677447
from_ipod,mixed_pair_disagreement,0.7121212121212122,5.894122493183278
from_ipod,mixed_pair_disagreement,0.7196969696969697,5.865680473711709
from_ipod,mixed_pair_disagreement,0.7272727272727273,5.87203737571942
from_ipod,mixed_pair_disagreement,0.7348484848484849,5.8396238126214834
from_ipod,mixed_pair_disagreement,0.7424242424242424,5.8372172610966855
from_ipod,mixed_pair_disagreement,0.75,5.811007165758923
from_ipod,mixed_pair_disagreement,0.7575757575757576,5.8201554436987095
from_ipod,mixed_pair_disagreement,0.7651515151515151,5.809148129561945
from_ipod,mixed_pair_disagreement,0.7727272727272727,5.851465457113225
from_ipod,mixed_pair_disagreement,0.7803030303030303,5.828825906523082
from_ipod,mixed_pair_disagreement,0.7878787878787878,5.81949703697589
from_ipod,mixed_pair_disagreement,0.7954545454545454,5.803482599176104
from_ipod,mixed_pair_disagreement,0.803030303030303,5.800915224456435
from_ipod,mixed_pair_disagreement,0.8106060606060606,5.825187616132248
from_ipod,mixed_pair_disagreement,0.8181818181818182,5.830568005835469
from_ipod,mixed_pair_disagreement,0.8257575757575758,5.805731939632068
from_ipod,mixed_pair_disagreement,0.8333333333333334,5.799226955828139
from_ipod,mixed_pair_disagreement,0.8409090909090909,5.770946087991469
from_ipod,mixed_pair_disagreement,0.8484848484848485,5.765004593498477
from_ipod,mixed_pair_disagreement,0.8560606060606061,5.739409043202884
from_ipod,mixed_pair_disagreement,0.8636363636363636,5.725747271664107
from_ipod,mixed_pair_disagreement,0.8712121212121212,5.7179001572289785
from_ipod,mixed_pair_disagreement,0.8787878787878788,5.731607853839365
from_ipod,mixed_pair_disagreement,0.8863636363636364,5.735187654025072
from_ipod,mixed_pair_disagreement,0.8939393939393939,5.73839521181533
from_ipod,mixed_pair_disagreement,0.9015151515151515,5.738765491911491
from_ipod,mixed_pair_disagreement,0.9090909090909091,5.748961789879875
from_ipod,mixed_pair_disagreement,0.9166666666666666,5.76256503368435
from_ipod,mixed_pair_disagreement,0.9242424242424242,5.770873643075024
from_ipod,mixed_pair_disagreement,0.9318181818181818,5.762889378034548
from_ipod,mixed_pair_disagreement,0.9393939393939394,5.776445765114798
from_ipod,mixed_pair_disagreement,0.946969696969697,5.777630066072411
from_ipod,mixed_pair_disagreement,0.9545454545454546,5.805693907775615
from_ipod,mixed_pair_disagreement,0.9621212121212122,5.796344139154793
from_ipod,mixed_pair_disagreement,0.9696969696969697,5.7777971467301805
from_ipod,mixed_pair_disagreement,0.9772727272727273,5.767576948993859
from_ipod,mixed_pair_disagreement,0.9848484848484849,5.7456017070047105
from_ipod,mixed_pair_disagreement,0.9924242424242424,5.727999566178005
from_ipod,mixed_pair_disagreement,1.0,5.713421983074276
from_ipod,gaussian_expected,0.007575757575757576,5.907075699468518
from_ipod,gaussian_expected,0.015151515151515152,6.152165836121994
from_ipod,gaussian_expected,0.022727272727272728,6.058177720809422
from_ipod,gaussian_expected,0.030303030303030304,6.5788018241763275
from_ipod,gaussian_expected,0.03787878787878788,6.6297009344564515
from_ipod,gaussian_expected,0.045454545454545456,6.656729227881239
from_ipod,gaussian_expected,0.05303030303030303,6.6205299514179545
from_ipod,gaussian_expected,0.06060606060606061,6.7962168305860144
from_ipod,gaussian_expected,0.06818181818181818,6.7877120094625525
from_ipod,gaussian_expected,0.07575757575757576,6.8472843966683925
from_ipod,gaussian_expected,0.08333333333333333,6.821282364137399
from_ipod,gaussian_expected,0.09090909090909091,6.871621453984333
from_ipod,gaussian_expected,0.09848484848484848,7.008058917308689
from_ipod,gaussian_expected,0.10606060606060606,6.838664444158947
from_ipod,gaussian_expected,0.11363636363636363,6.820216277403763
from_ipod,gaussian_expected,0.12121212121212122,6.6790503959960645
from_ipod,gaussian_expected,0.12878787878787878,6.813568186722859
from_ipod,gaussian_expected,0.13636363636363635,6.717459232560588
from_ipod,gaussian_expected,0.14393939393939395,6.7937163760409005
from_ipod,gaussian_expected,0.15151515151515152,6.729536390247223
from_ipod,gaussian_expected,0.1590909090909091,6.757413305335345
from_ipod,gaussian_expected,0.16666666666666666,6.651210320307314
from_ipod,gaussian_expected,0.17424242424242425,6.686628328577009
from_ipod,gaussian_expected,0.18181818181818182,6.7226223454384595
from_ipod,gaussian_expected,0.1893939393939394,6.8375547934744
from_ipod,gaussian_expected,0.19696969696969696,6.83384642752527
from_ipod,gaussian_expected,0.20454545454545456,6.78226994231319
from_ipod,gaussian_expected,0.21212121212121213,6.749619503100015
from_ipod,gaussian_expected,0.2196969696969697,6.729731910984714
from_ipod,gaussian_expected,0.22727272727272727,6.678511298189094
from_ipod,gaussian_expected,0.23484848484848486,6.661264258751689
from_ipod,gaussian_expected,0.24242424242424243,6.682248000247938
from_ipod,gaussian_expected,0.25,6.681161049173217
from_ipod,gaussian_expected,0.25757575757575757,6.7006042831615
from_ipod,gaussian_expected,0.26515151515151514,6.73515072288524
from_ipod,gaussian_expected,0.2727272727272727,6.698827116847375
from_ipod,gaussian_expected,0.2803030303030303,6.730575383206272
from_ipod,gaussian_expected,0.2878787878787879,6.707226386613222
from_ipod,gaussian_expected,0.29545454545454547,6.680857508594898
from_ipod,gaussian_expected,0.30303030303030304,6.628083265034687
from_ipod,gaussian_expected,0.3106060606060606,6.6150340209490075
from_ipod,gaussian_expected,0.3181818181818182,6.542414821684772
from_ipod,gaussian_expected,0.32575757575757575,6.4843231009948985
from_ipod,gaussian_expected,0.3333333333333333,6.450982655084555
from_ipod,gaussian_expected,0.3409090909090909,6.416609168330683
from_ipod,gaussian_expected,0.3484848484848485,6.398856519260669
from_ipod,gaussian_expected,0.3560606060606061,6.383519877117773
from_ipod,gaussian_expected,0.36363636363636365,6.390059765338144
from_ipod,gaussian_expected,0.3712121212121212,6.409319352967983
from_ipod,gaussian_expected,0.3787878787878788,6.362237001702774
from_ipod,gaussian_expected,0.38636363636363635,6.338461262083279
from_ipod,gaussian_expected,0.3939393939393939,6.326013126201212
from_ipod,gaussian_expected,0.4015151515151515,6.2609522656151775
from_ipod,gaussian_expected,0.4090909090909091,6.237453463622444
from_ipod,gaussian_expected,0.4166666666666667,6.202442712410808
from_ipod,gaussian_expected,0.42424242424242425,6.162173761419958
from_ipod,gaussian_expected,0.4318181818181818,6.180938131902444
from_ipod,gaussian_expected,0.4393939393939394,6.158687598416162
from_ipod,gaussian_expected,0.44696969696969696,6.127951476806287
from_ipod,gaussian_expected,0.45454545454545453,6.1358384341208
from_ipod,gaussian_expected,0.4621212121212121,6.120326762260181
from_ipod,gaussian_expected,0.4696969696969697,6.087925115646755
from_ipod,gaussian_expected,0.4772727272727273,6.102656958600914
from_ipod,gaussian_expected,0.48484848484848486,6.109621208615771
from_ipod,gaussian_expected,0.49242424242424243,6.105846149926351
from_ipod,gaussian_expected,0.5,6.107127275098072
from_ipod,gaussian_expected,0.5075757575757576,6.066534467697383
from_ipod,gaussian_expected,0.5151515151515151,6.024771020030575
from_ipod,gaussian_expected,0.5227272727272727,6.056710146080866
from_ipod,gaussian_expected,0.5303030303030303,6.052499986601006
from_ipod,gaussian_expected,0.5378787878787878,6.055875368125609
from_ipod,gaussian_expected,0.5454545454545454,6.028092989641691
from_ipod,gaussian_expected,0.553030303030303,6.015425647640764
from_ipod,gaussian_expected,0.5606060606060606,6.0051093820876815
from_ipod,gaussian_expected,0.5681818181818182,6.001114557999711
from_ipod,gaussian_expected,0.5757575757575758,6.002644672131389
from_ipod,gaussian_expected,0.5833333333333334,5.983132934475717
from_ipod,gaussian_expected,0.5909090909090909,6.021458647558643
from_ipod,gaussian_expected,0.5984848484848485,5.992987220956294
from_ipod,gaussian_expected,0.6060606060606061,5.954825827872104
from_ipod,gaussian_expected,0.6136363636363636,5.940407618961909
from_ipod,gaussian_expected,0.6212121212121212,5.993035119848776
from_ipod,gaussian_expected,0.6287878787878788,6.006087858152746
from_ipod,gaussian_expected,0.6363636363636364,6.0234431274986475
from_ipod,gaussian_expected,0.6439393939393939,6.008026483578593
from_ipod,gaussian_expected,0.6515151515151515,6.015608667385212
from_ipod,gaussian_expected,0.6590909090909091,6.021805003414799
from_ipod,gaussian_expected,0.6666666666666666,6.014443734060591
from_ipod,gaussian_expected,0.6742424242424242,5.972692070447562
from_ipod,gaussian_expected,0.6818181818181818,5.9690047355482285
from_ipod,gaussian_expected,0.6893939393939394,5.979651958899488
from_ipod,gaussian_expected,0.696969696969697,6.0023905619889435
from_ipod,gaussian_expected,0.7045454545454546,6.000652427123875
from_ipod,gaussian_expected,0.7121212121212122,5.998355855304758
from_ipod,gaussian_expected,0.7196969696969697,5.961983114315513
from_ipod,gaussian_expected,0.7272727272727273,5.958563634803763
from_ipod,gaussian_expected,0.7348484848484849,5.954932341084832
from_ipod,gaussian_expected,0.7424242424242424,5.925713997297465
from_ipod,gaussian_expected,0.75,5.89686392849524
from_ipod,gaussian_expected,0.7575757575757576,5.9143822124865055
from_ipod,gaussian_expected,0.7651515151515151,5.911317984308979
from_ipod,gaussian_expected,0.7727272727272727,5.912066885636963
from_ipod,gaussian_expected,0.7803030303030303,5.900012908425797
from_ipod,gaussian_expected,0.7878787878787878,5.90005622429288
from_ipod,gaussian_expected,0.7954545454545454,5.918140187160493
from_ipod,gaussian_expected,0.803030303030303,5.934706446775629
from_ipod,gaussian_expected,0.8106060606060606,5.918141025687454
from_ipod,gaussian_expected,0.8181818181818182,5.894150261807403
from_ipod,gaussian_expected,0.8257575757575758,5.902666313376119
from_ipod,gaussian_expected,0.8333333333333334,5.913461216343612
from_ipod,gaussian_expected,0.8409090909090909,5.908877738987769
from_ipod,gaussian_expected,0.8484848484848485,5.91328884140331
from_ipod,gaussian_expected,0.8560606060606061,5.922542535562019
from_ipod,gaussian_expected,0.8636363636363636,5.903987834504394
from_ipod,gaussian_expected,0.8712121212121212,5.904247472526497
from_ipod,gaussian_expected,0.8787878787878788,5.898236553594825
from_ipod,gaussian_expected,0.8863636363636364,5.886991669642632
from_ipod,gaussian_expected,0.8939393939393939,5.8756788797679285
from_ipod,gaussian_expected,0.9015151515151515,5.891861529268181
from_ipod,gaussian_expected,0.9090909090909091,5.873692948214902
from_ipod,gaussian_expected,0.9166666666666666,5.868204630998228
from_ipod,gaussian_expected,0.9242424242424242,5.863085632934227
from_ipod,gaussian_expected,0.9318181818181818,5.874244286331204
from_ipod,gaussian_expected,0.9393939393939394,5.86933936785903
from_ipod,gaussian_expected,0.946969696969697,5.844035318630947
from_ipod,gaussian_expected,0.9545454545454546,5.827692284030071
from_ipod,gaussian_expected,0.9621212121212122,5.803166188790123
from_ipod,gaussian_expected,0.9696969696969697,5.778016557630072
from_ipod,gaussian_expected,0.9772727272727273,5.76671984517908
from_ipod,gaussian_expected,0.9848484848484849,5.743378612720169
from_ipod,gaussian_expected,0.9924242424242424,5.747112039592049
from_ipod,gaussian_expected,1.0,5.747379910930232
