role,stage,fold,method,parameter,seed,group,n_fit_rows,parameter_count,training_parameter_state_bytes,epoch,examples_seen,order_sha256,block_elapsed_seconds,floored_variance_updates,negative_variance_updates,minimum_pre_floor_variance,minimum_variance,maximum_abs_mean
mixed,inner,0,adam,0.0003,17,raw36,506,2563,61512,1,506,8142b0cb8295424224cbacd99fe7918bc51a63206291815b187b6fcb2fd27026,0.06530080002266914,0,0,,,0.5210233540466778
mixed,inner,0,adam,0.0003,17,raw36,506,2563,61512,4,2024,9e7626c99c7a1584a56f6479b3e6c50fce88cf38383fcb8f7099c46fa9e045d0,0.2589211000013165,0,0,,,0.5491882565366016
mixed,inner,0,adam,0.0003,17,raw36,506,2563,61512,16,8096,c84b6b2f60c87683fabffe0bb0c7c68c423dbd0d1a137bd61fcb5958fe89e68a,1.034757899993565,0,0,,,0.5641706905191876
mixed,inner,0,adam,0.0003,17,raw36,506,2563,61512,64,32384,488ca38299af7df371a43d9a5cbeec07754de489280cde8ffb8ad1a109b60d44,4.243423100037035,0,0,,,0.5921001227482932
mixed,inner,0,adam,0.001,17,raw36,506,2563,61512,1,506,8142b0cb8295424224cbacd99fe7918bc51a63206291815b187b6fcb2fd27026,0.06530080002266914,0,0,,,0.5378515049199165
mixed,inner,0,adam,0.001,17,raw36,506,2563,61512,4,2024,9e7626c99c7a1584a56f6479b3e6c50fce88cf38383fcb8f7099c46fa9e045d0,0.2589211000013165,0,0,,,0.5647215225326965
mixed,inner,0,adam,0.001,17,raw36,506,2563,61512,16,8096,c84b6b2f60c87683fabffe0bb0c7c68c423dbd0d1a137bd61fcb5958fe89e68a,1.034757899993565,0,0,,,0.542500852290356
mixed,inner,0,adam,0.001,17,raw36,506,2563,61512,64,32384,488ca38299af7df371a43d9a5cbeec07754de489280cde8ffb8ad1a109b60d44,4.243423100037035,0,0,,,0.9527749714516989
mixed,inner,0,adam,0.003,17,raw36,506,2563,61512,1,506,8142b0cb8295424224cbacd99fe7918bc51a63206291815b187b6fcb2fd27026,0.06530080002266914,0,0,,,0.5612238026532067
mixed,inner,0,adam,0.003,17,raw36,506,2563,61512,4,2024,9e7626c99c7a1584a56f6479b3e6c50fce88cf38383fcb8f7099c46fa9e045d0,0.2589211000013165,0,0,,,0.5987792087117548
mixed,inner,0,adam,0.003,17,raw36,506,2563,61512,16,8096,c84b6b2f60c87683fabffe0bb0c7c68c423dbd0d1a137bd61fcb5958fe89e68a,1.034757899993565,0,0,,,0.8490287188392668
mixed,inner,0,adam,0.003,17,raw36,506,2563,61512,64,32384,488ca38299af7df371a43d9a5cbeec07754de489280cde8ffb8ad1a109b60d44,4.243423100037035,0,0,,,2.1088018455936823
mixed,inner,0,adam,0.0003,29,raw36,506,2563,61512,1,506,9e36ce462cfed31135127069addb2daa54855e3ad3fedc9e0f0bd9ffd3765456,0.06530080002266914,0,0,,,0.48564994558832936
mixed,inner,0,adam,0.0003,29,raw36,506,2563,61512,4,2024,0ce2a57c5d0d4e0ef76a688e7bf7ef7015d30abe4e04f431d7e87abda0aa99ac,0.2589211000013165,0,0,,,0.48130806283617833
mixed,inner,0,adam,0.0003,29,raw36,506,2563,61512,16,8096,0161bd3be4c78cd67c3cb73440349cc7472809141ddecb820712c8c47829e360,1.034757899993565,0,0,,,0.4883554211504536
mixed,inner,0,adam,0.0003,29,raw36,506,2563,61512,64,32384,c1080d59f5d4fd28fd6185b28714a797502aefdb0d5d949d3d01151e5449f6bb,4.243423100037035,0,0,,,0.5682451421335174
mixed,inner,0,adam,0.001,29,raw36,506,2563,61512,1,506,9e36ce462cfed31135127069addb2daa54855e3ad3fedc9e0f0bd9ffd3765456,0.06530080002266914,0,0,,,0.4843315623704079
mixed,inner,0,adam,0.001,29,raw36,506,2563,61512,4,2024,0ce2a57c5d0d4e0ef76a688e7bf7ef7015d30abe4e04f431d7e87abda0aa99ac,0.2589211000013165,0,0,,,0.49041320129725635
mixed,inner,0,adam,0.001,29,raw36,506,2563,61512,16,8096,0161bd3be4c78cd67c3cb73440349cc7472809141ddecb820712c8c47829e360,1.034757899993565,0,0,,,0.5214276265084006
mixed,inner,0,adam,0.001,29,raw36,506,2563,61512,64,32384,c1080d59f5d4fd28fd6185b28714a797502aefdb0d5d949d3d01151e5449f6bb,4.243423100037035,0,0,,,0.9589668462636056
mixed,inner,0,adam,0.003,29,raw36,506,2563,61512,1,506,9e36ce462cfed31135127069addb2daa54855e3ad3fedc9e0f0bd9ffd3765456,0.06530080002266914,0,0,,,0.4852315103586276
mixed,inner,0,adam,0.003,29,raw36,506,2563,61512,4,2024,0ce2a57c5d0d4e0ef76a688e7bf7ef7015d30abe4e04f431d7e87abda0aa99ac,0.2589211000013165,0,0,,,0.5103841603506244
mixed,inner,0,adam,0.003,29,raw36,506,2563,61512,16,8096,0161bd3be4c78cd67c3cb73440349cc7472809141ddecb820712c8c47829e360,1.034757899993565,0,0,,,1.0481690487434114
mixed,inner,0,adam,0.003,29,raw36,506,2563,61512,64,32384,c1080d59f5d4fd28fd6185b28714a797502aefdb0d5d949d3d01151e5449f6bb,4.243423100037035,0,0,,,2.4923579489070913
mixed,inner,0,adam,0.0003,43,raw36,506,2563,61512,1,506,c3064f88b363ccb48e55a23aeee9c20eb9dd5b3400cecfbdd42a7e96f450bfe6,0.06530080002266914,0,0,,,0.49222715519723736
mixed,inner,0,adam,0.0003,43,raw36,506,2563,61512,4,2024,8162740d6a5fb9ba50e8422fa6ea42b6df9451e3be11126e5f7774f4d5e8d3af,0.2589211000013165,0,0,,,0.5057696615578202
mixed,inner,0,adam,0.0003,43,raw36,506,2563,61512,16,8096,a6592c83c78690a07759ca847117ad014acf636e8d2efbb06035e74ddd1d7d05,1.034757899993565,0,0,,,0.5048726009499142
mixed,inner,0,adam,0.0003,43,raw36,506,2563,61512,64,32384,792a392c9f9500d05cb67a563b8a4cf52f1e7fc5b89f36884d1d90cdb51ba93f,4.243423100037035,0,0,,,0.554419700941582
mixed,inner,0,adam,0.001,43,raw36,506,2563,61512,1,506,c3064f88b363ccb48e55a23aeee9c20eb9dd5b3400cecfbdd42a7e96f450bfe6,0.06530080002266914,0,0,,,0.5123863307289221
mixed,inner,0,adam,0.001,43,raw36,506,2563,61512,4,2024,8162740d6a5fb9ba50e8422fa6ea42b6df9451e3be11126e5f7774f4d5e8d3af,0.2589211000013165,0,0,,,0.508368752816159
mixed,inner,0,adam,0.001,43,raw36,506,2563,61512,16,8096,a6592c83c78690a07759ca847117ad014acf636e8d2efbb06035e74ddd1d7d05,1.034757899993565,0,0,,,0.5332835262611056
mixed,inner,0,adam,0.001,43,raw36,506,2563,61512,64,32384,792a392c9f9500d05cb67a563b8a4cf52f1e7fc5b89f36884d1d90cdb51ba93f,4.243423100037035,0,0,,,0.9401471434129015
mixed,inner,0,adam,0.003,43,raw36,506,2563,61512,1,506,c3064f88b363ccb48e55a23aeee9c20eb9dd5b3400cecfbdd42a7e96f450bfe6,0.06530080002266914,0,0,,,0.5381929271184612
mixed,inner,0,adam,0.003,43,raw36,506,2563,61512,4,2024,8162740d6a5fb9ba50e8422fa6ea42b6df9451e3be11126e5f7774f4d5e8d3af,0.2589211000013165,0,0,,,0.5244341958061042
mixed,inner,0,adam,0.003,43,raw36,506,2563,61512,16,8096,a6592c83c78690a07759ca847117ad014acf636e8d2efbb06035e74ddd1d7d05,1.034757899993565,0,0,,,1.0894216501332956
mixed,inner,0,adam,0.003,43,raw36,506,2563,61512,64,32384,792a392c9f9500d05cb67a563b8a4cf52f1e7fc5b89f36884d1d90cdb51ba93f,4.243423100037035,0,0,,,2.4177064293246673
mixed,inner,0,adam,0.0003,17,mean3,506,451,10824,1,506,8142b0cb8295424224cbacd99fe7918bc51a63206291815b187b6fcb2fd27026,0.034935399948153645,0,0,,,0.5863555427226863
mixed,inner,0,adam,0.0003,17,mean3,506,451,10824,4,2024,9e7626c99c7a1584a56f6479b3e6c50fce88cf38383fcb8f7099c46fa9e045d0,0.1344260999467224,0,0,,,0.6775237687928138
mixed,inner,0,adam,0.0003,17,mean3,506,451,10824,16,8096,c84b6b2f60c87683fabffe0bb0c7c68c423dbd0d1a137bd61fcb5958fe89e68a,0.5349551999825053,0,0,,,0.7729426428063105
mixed,inner,0,adam,0.0003,17,mean3,506,451,10824,64,32384,488ca38299af7df371a43d9a5cbeec07754de489280cde8ffb8ad1a109b60d44,2.156872299965471,0,0,,,0.7382694409204391
mixed,inner,0,adam,0.001,17,mean3,506,451,10824,1,506,8142b0cb8295424224cbacd99fe7918bc51a63206291815b187b6fcb2fd27026,0.034935399948153645,0,0,,,0.6475338692303508
mixed,inner,0,adam,0.001,17,mean3,506,451,10824,4,2024,9e7626c99c7a1584a56f6479b3e6c50fce88cf38383fcb8f7099c46fa9e045d0,0.1344260999467224,0,0,,,0.7630054849231517
mixed,inner,0,adam,0.001,17,mean3,506,451,10824,16,8096,c84b6b2f60c87683fabffe0bb0c7c68c423dbd0d1a137bd61fcb5958fe89e68a,0.5349551999825053,0,0,,,0.7276601886289885
mixed,inner,0,adam,0.001,17,mean3,506,451,10824,64,32384,488ca38299af7df371a43d9a5cbeec07754de489280cde8ffb8ad1a109b60d44,2.156872299965471,0,0,,,1.059408492122471
mixed,inner,0,adam,0.003,17,mean3,506,451,10824,1,506,8142b0cb8295424224cbacd99fe7918bc51a63206291815b187b6fcb2fd27026,0.034935399948153645,0,0,,,0.7537887526117654
mixed,inner,0,adam,0.003,17,mean3,506,451,10824,4,2024,9e7626c99c7a1584a56f6479b3e6c50fce88cf38383fcb8f7099c46fa9e045d0,0.1344260999467224,0,0,,,0.7119121037667843
mixed,inner,0,adam,0.003,17,mean3,506,451,10824,16,8096,c84b6b2f60c87683fabffe0bb0c7c68c423dbd0d1a137bd61fcb5958fe89e68a,0.5349551999825053,0,0,,,0.8586361226473943
mixed,inner,0,adam,0.003,17,mean3,506,451,10824,64,32384,488ca38299af7df371a43d9a5cbeec07754de489280cde8ffb8ad1a109b60d44,2.156872299965471,0,0,,,1.010981013921837
mixed,inner,0,adam,0.0003,29,mean3,506,451,10824,1,506,9e36ce462cfed31135127069addb2daa54855e3ad3fedc9e0f0bd9ffd3765456,0.034935399948153645,0,0,,,0.5025169776462443
mixed,inner,0,adam,0.0003,29,mean3,506,451,10824,4,2024,0ce2a57c5d0d4e0ef76a688e7bf7ef7015d30abe4e04f431d7e87abda0aa99ac,0.1344260999467224,0,0,,,0.5336216817191255
mixed,inner,0,adam,0.0003,29,mean3,506,451,10824,16,8096,0161bd3be4c78cd67c3cb73440349cc7472809141ddecb820712c8c47829e360,0.5349551999825053,0,0,,,0.7182638601304212
mixed,inner,0,adam,0.0003,29,mean3,506,451,10824,64,32384,c1080d59f5d4fd28fd6185b28714a797502aefdb0d5d949d3d01151e5449f6bb,2.156872299965471,0,0,,,1.17678634477512
mixed,inner,0,adam,0.001,29,mean3,506,451,10824,1,506,9e36ce462cfed31135127069addb2daa54855e3ad3fedc9e0f0bd9ffd3765456,0.034935399948153645,0,0,,,0.520253943445884
mixed,inner,0,adam,0.001,29,mean3,506,451,10824,4,2024,0ce2a57c5d0d4e0ef76a688e7bf7ef7015d30abe4e04f431d7e87abda0aa99ac,0.1344260999467224,0,0,,,0.6946697532384709
mixed,inner,0,adam,0.001,29,mean3,506,451,10824,16,8096,0161bd3be4c78cd67c3cb73440349cc7472809141ddecb820712c8c47829e360,0.5349551999825053,0,0,,,0.7483733707500683
mixed,inner,0,adam,0.001,29,mean3,506,451,10824,64,32384,c1080d59f5d4fd28fd6185b28714a797502aefdb0d5d949d3d01151e5449f6bb,2.156872299965471,0,0,,,1.2192793029540376
mixed,inner,0,adam,0.003,29,mean3,506,451,10824,1,506,9e36ce462cfed31135127069addb2daa54855e3ad3fedc9e0f0bd9ffd3765456,0.034935399948153645,0,0,,,0.5587986646474324
mixed,inner,0,adam,0.003,29,mean3,506,451,10824,4,2024,0ce2a57c5d0d4e0ef76a688e7bf7ef7015d30abe4e04f431d7e87abda0aa99ac,0.1344260999467224,0,0,,,0.7116143057215082
mixed,inner,0,adam,0.003,29,mean3,506,451,10824,16,8096,0161bd3be4c78cd67c3cb73440349cc7472809141ddecb820712c8c47829e360,0.5349551999825053,0,0,,,0.7717641841820991
mixed,inner,0,adam,0.003,29,mean3,506,451,10824,64,32384,c1080d59f5d4fd28fd6185b28714a797502aefdb0d5d949d3d01151e5449f6bb,2.156872299965471,0,0,,,1.2337639334669621
mixed,inner,0,adam,0.0003,43,mean3,506,451,10824,1,506,c3064f88b363ccb48e55a23aeee9c20eb9dd5b3400cecfbdd42a7e96f450bfe6,0.034935399948153645,0,0,,,0.5200276071075347
mixed,inner,0,adam,0.0003,43,mean3,506,451,10824,4,2024,8162740d6a5fb9ba50e8422fa6ea42b6df9451e3be11126e5f7774f4d5e8d3af,0.1344260999467224,0,0,,,0.5732370161997014
mixed,inner,0,adam,0.0003,43,mean3,506,451,10824,16,8096,a6592c83c78690a07759ca847117ad014acf636e8d2efbb06035e74ddd1d7d05,0.5349551999825053,0,0,,,0.6814142437166381
mixed,inner,0,adam,0.0003,43,mean3,506,451,10824,64,32384,792a392c9f9500d05cb67a563b8a4cf52f1e7fc5b89f36884d1d90cdb51ba93f,2.156872299965471,0,0,,,0.702052576109541
mixed,inner,0,adam,0.001,43,mean3,506,451,10824,1,506,c3064f88b363ccb48e55a23aeee9c20eb9dd5b3400cecfbdd42a7e96f450bfe6,0.034935399948153645,0,0,,,0.5494272320331703
mixed,inner,0,adam,0.001,43,mean3,506,451,10824,4,2024,8162740d6a5fb9ba50e8422fa6ea42b6df9451e3be11126e5f7774f4d5e8d3af,0.1344260999467224,0,0,,,0.6862203687736367
mixed,inner,0,adam,0.001,43,mean3,506,451,10824,16,8096,a6592c83c78690a07759ca847117ad014acf636e8d2efbb06035e74ddd1d7d05,0.5349551999825053,0,0,,,0.7087392216330706
mixed,inner,0,adam,0.001,43,mean3,506,451,10824,64,32384,792a392c9f9500d05cb67a563b8a4cf52f1e7fc5b89f36884d1d90cdb51ba93f,2.156872299965471,0,0,,,1.0540140760444765
mixed,inner,0,adam,0.003,43,mean3,506,451,10824,1,506,c3064f88b363ccb48e55a23aeee9c20eb9dd5b3400cecfbdd42a7e96f450bfe6,0.034935399948153645,0,0,,,0.6294392314393892
mixed,inner,0,adam,0.003,43,mean3,506,451,10824,4,2024,8162740d6a5fb9ba50e8422fa6ea42b6df9451e3be11126e5f7774f4d5e8d3af,0.1344260999467224,0,0,,,0.6865171403647347
mixed,inner,0,adam,0.003,43,mean3,506,451,10824,16,8096,a6592c83c78690a07759ca847117ad014acf636e8d2efbb06035e74ddd1d7d05,0.5349551999825053,0,0,,,0.7408512068243307
mixed,inner,0,adam,0.003,43,mean3,506,451,10824,64,32384,792a392c9f9500d05cb67a563b8a4cf52f1e7fc5b89f36884d1d90cdb51ba93f,2.156872299965471,0,0,,,1.2931364145253825
mixed,inner,0,tagi_diag,0.1,17,raw36,506,2563,41008,1,506,8142b0cb8295424224cbacd99fe7918bc51a63206291815b187b6fcb2fd27026,0.07922750001307577,0,0,0.0004440322118491833,0.0004440322118491833,0.5414155478229614
mixed,inner,0,tagi_diag,0.1,17,raw36,506,2563,41008,4,2024,9e7626c99c7a1584a56f6479b3e6c50fce88cf38383fcb8f7099c46fa9e045d0,0.31992090004496276,0,0,1.3558302716317888e-05,1.3558302716317888e-05,0.8833922733729261
mixed,inner,0,tagi_diag,0.1,17,raw36,506,2563,41008,16,8096,c84b6b2f60c87683fabffe0bb0c7c68c423dbd0d1a137bd61fcb5958fe89e68a,1.2813004000345245,0,0,4.882118117138242e-07,4.882118117138242e-07,1.1301522961333965
mixed,inner,0,tagi_diag,0.1,17,raw36,506,2563,41008,64,32384,488ca38299af7df371a43d9a5cbeec07754de489280cde8ffb8ad1a109b60d44,5.1533165000146255,0,0,3.6030554659294166e-08,3.6030554659294166e-08,2.176012290295637
mixed,inner,0,tagi_diag,0.3,17,raw36,506,2563,41008,1,506,8142b0cb8295424224cbacd99fe7918bc51a63206291815b187b6fcb2fd27026,0.07922750001307577,0,0,0.0007961629012940883,0.0007961629012940883,0.5115143230395809
mixed,inner,0,tagi_diag,0.3,17,raw36,506,2563,41008,4,2024,9e7626c99c7a1584a56f6479b3e6c50fce88cf38383fcb8f7099c46fa9e045d0,0.31992090004496276,0,0,0.0001098324065851829,0.0001098324065851829,0.6414272939952702
mixed,inner,0,tagi_diag,0.3,17,raw36,506,2563,41008,16,8096,c84b6b2f60c87683fabffe0bb0c7c68c423dbd0d1a137bd61fcb5958fe89e68a,1.2813004000345245,0,0,1.3998487456519014e-05,1.3998487456519014e-05,0.8871463184676792
mixed,inner,0,tagi_diag,0.3,17,raw36,506,2563,41008,64,32384,488ca38299af7df371a43d9a5cbeec07754de489280cde8ffb8ad1a109b60d44,5.1533165000146255,0,0,9.226144083176455e-07,9.226144083176455e-07,1.0832512099084601
mixed,inner,0,tagi_diag,1.0,17,raw36,506,2563,41008,1,506,8142b0cb8295424224cbacd99fe7918bc51a63206291815b187b6fcb2fd27026,0.07922750001307577,0,0,0.0025523483497143303,0.0025523483497143303,0.5277192104195695
mixed,inner,0,tagi_diag,1.0,17,raw36,506,2563,41008,4,2024,9e7626c99c7a1584a56f6479b3e6c50fce88cf38383fcb8f7099c46fa9e045d0,0.31992090004496276,0,0,0.0006764190331575518,0.0006764190331575518,0.5365201425539617
mixed,inner,0,tagi_diag,1.0,17,raw36,506,2563,41008,16,8096,c84b6b2f60c87683fabffe0bb0c7c68c423dbd0d1a137bd61fcb5958fe89e68a,1.2813004000345245,0,0,0.00014996955427840807,0.00014996955427840807,0.5613335614695999
mixed,inner,0,tagi_diag,1.0,17,raw36,506,2563,41008,64,32384,488ca38299af7df371a43d9a5cbeec07754de489280cde8ffb8ad1a109b60d44,5.1533165000146255,0,0,2.020586555063786e-05,2.020586555063786e-05,0.5887195670859338
mixed,inner,0,tagi_diag,0.1,29,raw36,506,2563,41008,1,506,9e36ce462cfed31135127069addb2daa54855e3ad3fedc9e0f0bd9ffd3765456,0.07922750001307577,0,0,0.00044131355782050716,0.00044131355782050716,0.532478093254888
mixed,inner,0,tagi_diag,0.1,29,raw36,506,2563,41008,4,2024,0ce2a57c5d0d4e0ef76a688e7bf7ef7015d30abe4e04f431d7e87abda0aa99ac,0.31992090004496276,0,0,1.1574631940322045e-05,1.1574631940322045e-05,0.9418767726507203
mixed,inner,0,tagi_diag,0.1,29,raw36,506,2563,41008,16,8096,0161bd3be4c78cd67c3cb73440349cc7472809141ddecb820712c8c47829e360,1.2813004000345245,0,0,7.196777092550682e-07,7.196777092550682e-07,1.4722014407236517
mixed,inner,0,tagi_diag,0.1,29,raw36,506,2563,41008,64,32384,c1080d59f5d4fd28fd6185b28714a797502aefdb0d5d949d3d01151e5449f6bb,5.1533165000146255,0,0,2.4940464582722774e-08,2.4940464582722774e-08,2.549632111121786
mixed,inner,0,tagi_diag,0.3,29,raw36,506,2563,41008,1,506,9e36ce462cfed31135127069addb2daa54855e3ad3fedc9e0f0bd9ffd3765456,0.07922750001307577,0,0,0.0008204274364271001,0.0008204274364271001,0.4825286226286836
mixed,inner,0,tagi_diag,0.3,29,raw36,506,2563,41008,4,2024,0ce2a57c5d0d4e0ef76a688e7bf7ef7015d30abe4e04f431d7e87abda0aa99ac,0.31992090004496276,0,0,0.0001117207812174065,0.0001117207812174065,0.5130734675024666
mixed,inner,0,tagi_diag,0.3,29,raw36,506,2563,41008,16,8096,0161bd3be4c78cd67c3cb73440349cc7472809141ddecb820712c8c47829e360,1.2813004000345245,0,0,1.6174270859102726e-05,1.6174270859102726e-05,0.7169865790048456
mixed,inner,0,tagi_diag,0.3,29,raw36,506,2563,41008,64,32384,c1080d59f5d4fd28fd6185b28714a797502aefdb0d5d949d3d01151e5449f6bb,5.1533165000146255,0,0,1.3000377530895543e-06,1.3000377530895543e-06,0.7651342683683153
mixed,inner,0,tagi_diag,1.0,29,raw36,506,2563,41008,1,506,9e36ce462cfed31135127069addb2daa54855e3ad3fedc9e0f0bd9ffd3765456,0.07922750001307577,0,0,0.0025501570137844883,0.0025501570137844883,0.4862204741915783
mixed,inner,0,tagi_diag,1.0,29,raw36,506,2563,41008,4,2024,0ce2a57c5d0d4e0ef76a688e7bf7ef7015d30abe4e04f431d7e87abda0aa99ac,0.31992090004496276,0,0,0.0006835889581452261,0.0006835889581452261,0.49484098537836824
mixed,inner,0,tagi_diag,1.0,29,raw36,506,2563,41008,16,8096,0161bd3be4c78cd67c3cb73440349cc7472809141ddecb820712c8c47829e360,1.2813004000345245,0,0,0.0001515852365025144,0.0001515852365025144,0.5231334452918439
mixed,inner,0,tagi_diag,1.0,29,raw36,506,2563,41008,64,32384,c1080d59f5d4fd28fd6185b28714a797502aefdb0d5d949d3d01151e5449f6bb,5.1533165000146255,0,0,3.106184668641327e-05,3.106184668641327e-05,0.551698198331739
mixed,inner,0,tagi_diag,0.1,43,raw36,506,2563,41008,1,506,c3064f88b363ccb48e55a23aeee9c20eb9dd5b3400cecfbdd42a7e96f450bfe6,0.07922750001307577,0,0,0.00046542350239281444,0.00046542350239281444,0.5211812801369324
mixed,inner,0,tagi_diag,0.1,43,raw36,506,2563,41008,4,2024,8162740d6a5fb9ba50e8422fa6ea42b6df9451e3be11126e5f7774f4d5e8d3af,0.31992090004496276,0,0,1.1449922099430325e-05,1.1449922099430325e-05,1.0509755561781156
mixed,inner,0,tagi_diag,0.1,43,raw36,506,2563,41008,16,8096,a6592c83c78690a07759ca847117ad014acf636e8d2efbb06035e74ddd1d7d05,1.2813004000345245,0,0,5.158954699489134e-07,5.158954699489134e-07,1.4964736549731013
mixed,inner,0,tagi_diag,0.1,43,raw36,506,2563,41008,64,32384,792a392c9f9500d05cb67a563b8a4cf52f1e7fc5b89f36884d1d90cdb51ba93f,5.1533165000146255,0,0,4.431516283106913e-08,4.431516283106913e-08,2.3605302032897413
mixed,inner,0,tagi_diag,0.3,43,raw36,506,2563,41008,1,506,c3064f88b363ccb48e55a23aeee9c20eb9dd5b3400cecfbdd42a7e96f450bfe6,0.07922750001307577,0,0,0.0008218127141608616,0.0008218127141608616,0.5801841082652066
mixed,inner,0,tagi_diag,0.3,43,raw36,506,2563,41008,4,2024,8162740d6a5fb9ba50e8422fa6ea42b6df9451e3be11126e5f7774f4d5e8d3af,0.31992090004496276,0,0,0.00011330912496588616,0.00011330912496588616,0.5818757472999109
mixed,inner,0,tagi_diag,0.3,43,raw36,506,2563,41008,16,8096,a6592c83c78690a07759ca847117ad014acf636e8d2efbb06035e74ddd1d7d05,1.2813004000345245,0,0,1.655980006984656e-05,1.655980006984656e-05,0.7131287501817462
mixed,inner,0,tagi_diag,0.3,43,raw36,506,2563,41008,64,32384,792a392c9f9500d05cb67a563b8a4cf52f1e7fc5b89f36884d1d90cdb51ba93f,5.1533165000146255,0,0,1.5764424353854959e-06,1.5764424353854959e-06,1.0346883242232954
mixed,inner,0,tagi_diag,1.0,43,raw36,506,2563,41008,1,506,c3064f88b363ccb48e55a23aeee9c20eb9dd5b3400cecfbdd42a7e96f450bfe6,0.07922750001307577,0,0,0.0022281086223734712,0.0022281086223734712,0.5168129018428369
mixed,inner,0,tagi_diag,1.0,43,raw36,506,2563,41008,4,2024,8162740d6a5fb9ba50e8422fa6ea42b6df9451e3be11126e5f7774f4d5e8d3af,0.31992090004496276,0,0,0.0005941124416331741,0.0005941124416331741,0.49545168148231006
mixed,inner,0,tagi_diag,1.0,43,raw36,506,2563,41008,16,8096,a6592c83c78690a07759ca847117ad014acf636e8d2efbb06035e74ddd1d7d05,1.2813004000345245,0,0,0.00011671846669485707,0.00011671846669485707,0.5266928250287113
mixed,inner,0,tagi_diag,1.0,43,raw36,506,2563,41008,64,32384,792a392c9f9500d05cb67a563b8a4cf52f1e7fc5b89f36884d1d90cdb51ba93f,5.1533165000146255,0,0,2.473037843955394e-05,2.473037843955394e-05,0.6181901320647357
mixed,inner,0,tagi_diag,0.1,17,mean3,506,451,7216,1,506,8142b0cb8295424224cbacd99fe7918bc51a63206291815b187b6fcb2fd27026,0.05095040000742301,0,0,4.7529243674800605e-05,4.7529243674800605e-05,1.067123707974582
mixed,inner,0,tagi_diag,0.1,17,mean3,506,451,7216,4,2024,9e7626c99c7a1584a56f6479b3e6c50fce88cf38383fcb8f7099c46fa9e045d0,0.2014269000501372,0,0,6.354002203615499e-06,6.354002203615499e-06,1.0909681781940155
mixed,inner,0,tagi_diag,0.1,17,mean3,506,451,7216,16,8096,c84b6b2f60c87683fabffe0bb0c7c68c423dbd0d1a137bd61fcb5958fe89e68a,0.8038221000460908,0,0,1.3302182592754086e-06,1.3302182592754086e-06,1.0817783775603371
mixed,inner,0,tagi_diag,0.1,17,mean3,506,451,7216,64,32384,488ca38299af7df371a43d9a5cbeec07754de489280cde8ffb8ad1a109b60d44,3.2461517000338063,0,0,3.1544965056946616e-07,3.1544965056946616e-07,1.234244775449771
mixed,inner,0,tagi_diag,0.3,17,mean3,506,451,7216,1,506,8142b0cb8295424224cbacd99fe7918bc51a63206291815b187b6fcb2fd27026,0.05095040000742301,0,0,0.0002912827916721995,0.0002912827916721995,0.7920283744507803
mixed,inner,0,tagi_diag,0.3,17,mean3,506,451,7216,4,2024,9e7626c99c7a1584a56f6479b3e6c50fce88cf38383fcb8f7099c46fa9e045d0,0.2014269000501372,0,0,5.599864873588943e-05,5.599864873588943e-05,0.8106739625177075
mixed,inner,0,tagi_diag,0.3,17,mean3,506,451,7216,16,8096,c84b6b2f60c87683fabffe0bb0c7c68c423dbd0d1a137bd61fcb5958fe89e68a,0.8038221000460908,0,0,1.216165006859863e-05,1.216165006859863e-05,0.8396141942664906
mixed,inner,0,tagi_diag,0.3,17,mean3,506,451,7216,64,32384,488ca38299af7df371a43d9a5cbeec07754de489280cde8ffb8ad1a109b60d44,3.2461517000338063,0,0,2.862751870750242e-06,2.862751870750242e-06,1.1367615476242452
mixed,inner,0,tagi_diag,1.0,17,mean3,506,451,7216,1,506,8142b0cb8295424224cbacd99fe7918bc51a63206291815b187b6fcb2fd27026,0.05095040000742301,0,0,0.0018541030132454984,0.0018541030132454984,0.7843946282201807
mixed,inner,0,tagi_diag,1.0,17,mean3,506,451,7216,4,2024,9e7626c99c7a1584a56f6479b3e6c50fce88cf38383fcb8f7099c46fa9e045d0,0.2014269000501372,0,0,0.000517524923168252,0.000517524923168252,0.7984176806229031
mixed,inner,0,tagi_diag,1.0,17,mean3,506,451,7216,16,8096,c84b6b2f60c87683fabffe0bb0c7c68c423dbd0d1a137bd61fcb5958fe89e68a,0.8038221000460908,0,0,0.00012793622602676446,0.00012793622602676446,0.8087312307604149
mixed,inner,0,tagi_diag,1.0,17,mean3,506,451,7216,64,32384,488ca38299af7df371a43d9a5cbeec07754de489280cde8ffb8ad1a109b60d44,3.2461517000338063,0,0,3.134507120124899e-05,3.134507120124899e-05,0.8101837175632532
mixed,inner,0,tagi_diag,0.1,29,mean3,506,451,7216,1,506,9e36ce462cfed31135127069addb2daa54855e3ad3fedc9e0f0bd9ffd3765456,0.05095040000742301,0,0,4.7078632942496286e-05,4.7078632942496286e-05,1.0266264622327834
mixed,inner,0,tagi_diag,0.1,29,mean3,506,451,7216,4,2024,0ce2a57c5d0d4e0ef76a688e7bf7ef7015d30abe4e04f431d7e87abda0aa99ac,0.2014269000501372,0,0,6.380945294922367e-06,6.380945294922367e-06,1.0639768265571896
mixed,inner,0,tagi_diag,0.1,29,mean3,506,451,7216,16,8096,0161bd3be4c78cd67c3cb73440349cc7472809141ddecb820712c8c47829e360,0.8038221000460908,0,0,1.3331573855884108e-06,1.3331573855884108e-06,1.0663754828047012
mixed,inner,0,tagi_diag,0.1,29,mean3,506,451,7216,64,32384,c1080d59f5d4fd28fd6185b28714a797502aefdb0d5d949d3d01151e5449f6bb,3.2461517000338063,0,0,3.156603414300031e-07,3.156603414300031e-07,1.1041640007686058
mixed,inner,0,tagi_diag,0.3,29,mean3,506,451,7216,1,506,9e36ce462cfed31135127069addb2daa54855e3ad3fedc9e0f0bd9ffd3765456,0.05095040000742301,0,0,0.0002858429938322256,0.0002858429938322256,0.7084850201672892
mixed,inner,0,tagi_diag,0.3,29,mean3,506,451,7216,4,2024,0ce2a57c5d0d4e0ef76a688e7bf7ef7015d30abe4e04f431d7e87abda0aa99ac,0.2014269000501372,0,0,5.598852450242648e-05,5.598852450242648e-05,0.7593428312520185
mixed,inner,0,tagi_diag,0.3,29,mean3,506,451,7216,16,8096,0161bd3be4c78cd67c3cb73440349cc7472809141ddecb820712c8c47829e360,0.8038221000460908,0,0,1.2130062002059237e-05,1.2130062002059237e-05,0.8814562525269604
mixed,inner,0,tagi_diag,0.3,29,mean3,506,451,7216,64,32384,c1080d59f5d4fd28fd6185b28714a797502aefdb0d5d949d3d01151e5449f6bb,3.2461517000338063,0,0,2.8570658525677276e-06,2.8570658525677276e-06,1.1980278597533622
mixed,inner,0,tagi_diag,1.0,29,mean3,506,451,7216,1,506,9e36ce462cfed31135127069addb2daa54855e3ad3fedc9e0f0bd9ffd3765456,0.05095040000742301,0,0,0.0018689244756939464,0.0018689244756939464,0.6396940861477854
mixed,inner,0,tagi_diag,1.0,29,mean3,506,451,7216,4,2024,0ce2a57c5d0d4e0ef76a688e7bf7ef7015d30abe4e04f431d7e87abda0aa99ac,0.2014269000501372,0,0,0.0005191562388523482,0.0005191562388523482,0.6604148945829916
mixed,inner,0,tagi_diag,1.0,29,mean3,506,451,7216,16,8096,0161bd3be4c78cd67c3cb73440349cc7472809141ddecb820712c8c47829e360,0.8038221000460908,0,0,0.0001280465934250984,0.0001280465934250984,0.7360230111772942
mixed,inner,0,tagi_diag,1.0,29,mean3,506,451,7216,64,32384,c1080d59f5d4fd28fd6185b28714a797502aefdb0d5d949d3d01151e5449f6bb,3.2461517000338063,0,0,3.1367694453173704e-05,3.1367694453173704e-05,0.7654467594985446
mixed,inner,0,tagi_diag,0.1,43,mean3,506,451,7216,1,506,c3064f88b363ccb48e55a23aeee9c20eb9dd5b3400cecfbdd42a7e96f450bfe6,0.05095040000742301,0,0,4.5026487272432045e-05,4.5026487272432045e-05,1.0018798367587687
mixed,inner,0,tagi_diag,0.1,43,mean3,506,451,7216,4,2024,8162740d6a5fb9ba50e8422fa6ea42b6df9451e3be11126e5f7774f4d5e8d3af,0.2014269000501372,0,0,6.338825777433546e-06,6.338825777433546e-06,1.0739154267934374
mixed,inner,0,tagi_diag,0.1,43,mean3,506,451,7216,16,8096,a6592c83c78690a07759ca847117ad014acf636e8d2efbb06035e74ddd1d7d05,0.8038221000460908,0,0,1.331452399156042e-06,1.331452399156042e-06,1.0870316138824714
mixed,inner,0,tagi_diag,0.1,43,mean3,506,451,7216,64,32384,792a392c9f9500d05cb67a563b8a4cf52f1e7fc5b89f36884d1d90cdb51ba93f,3.2461517000338063,0,0,3.1564371419415934e-07,3.1564371419415934e-07,1.0953912553533893
mixed,inner,0,tagi_diag,0.3,43,mean3,506,451,7216,1,506,c3064f88b363ccb48e55a23aeee9c20eb9dd5b3400cecfbdd42a7e96f450bfe6,0.05095040000742301,0,0,0.0002884887136450635,0.0002884887136450635,0.7241819234386664
mixed,inner,0,tagi_diag,0.3,43,mean3,506,451,7216,4,2024,8162740d6a5fb9ba50e8422fa6ea42b6df9451e3be11126e5f7774f4d5e8d3af,0.2014269000501372,0,0,5.523479909491066e-05,5.523479909491066e-05,0.83231774125738
mixed,inner,0,tagi_diag,0.3,43,mean3,506,451,7216,16,8096,a6592c83c78690a07759ca847117ad014acf636e8d2efbb06035e74ddd1d7d05,0.8038221000460908,0,0,1.205871042819253e-05,1.205871042819253e-05,0.8686381776227655
mixed,inner,0,tagi_diag,0.3,43,mean3,506,451,7216,64,32384,792a392c9f9500d05cb67a563b8a4cf52f1e7fc5b89f36884d1d90cdb51ba93f,3.2461517000338063,0,0,2.8549684939814835e-06,2.8549684939814835e-06,0.978456946142696
mixed,inner,0,tagi_diag,1.0,43,mean3,506,451,7216,1,506,c3064f88b363ccb48e55a23aeee9c20eb9dd5b3400cecfbdd42a7e96f450bfe6,0.05095040000742301,0,0,0.001868266970194941,0.001868266970194941,0.6001444862159135
mixed,inner,0,tagi_diag,1.0,43,mean3,506,451,7216,4,2024,8162740d6a5fb9ba50e8422fa6ea42b6df9451e3be11126e5f7774f4d5e8d3af,0.2014269000501372,0,0,0.0005217442881756445,0.0005217442881756445,0.7172231448517592
mixed,inner,0,tagi_diag,1.0,43,mean3,506,451,7216,16,8096,a6592c83c78690a07759ca847117ad014acf636e8d2efbb06035e74ddd1d7d05,0.8038221000460908,0,0,0.00012840329596989597,0.00012840329596989597,0.7421805875182855
mixed,inner,0,tagi_diag,1.0,43,mean3,506,451,7216,64,32384,792a392c9f9500d05cb67a563b8a4cf52f1e7fc5b89f36884d1d90cdb51ba93f,3.2461517000338063,0,0,3.1400877944686085e-05,3.1400877944686085e-05,0.8182254945600365
mixed,inner,0,tagi_full3,0.1,17,raw36,506,2563,41008,1,506,8142b0cb8295424224cbacd99fe7918bc51a63206291815b187b6fcb2fd27026,0.09348660003161058,0,0,0.00044852118674205445,0.00044852118674205445,0.5237588524513839
mixed,inner,0,tagi_full3,0.1,17,raw36,506,2563,41008,4,2024,9e7626c99c7a1584a56f6479b3e6c50fce88cf38383fcb8f7099c46fa9e045d0,0.37267190002603456,0,0,1.738155241610459e-05,1.738155241610459e-05,0.8685644321181953
mixed,inner,0,tagi_full3,0.1,17,raw36,506,2563,41008,16,8096,c84b6b2f60c87683fabffe0bb0c7c68c423dbd0d1a137bd61fcb5958fe89e68a,1.4904086000169627,0,0,5.095222308570736e-07,5.095222308570736e-07,1.5316867196841435
mixed,inner,0,tagi_full3,0.1,17,raw36,506,2563,41008,64,32384,488ca38299af7df371a43d9a5cbeec07754de489280cde8ffb8ad1a109b60d44,5.938630499993451,0,0,4.5796021315876697e-08,4.5796021315876697e-08,2.563995630834409
mixed,inner,0,tagi_full3,0.3,17,raw36,506,2563,41008,1,506,8142b0cb8295424224cbacd99fe7918bc51a63206291815b187b6fcb2fd27026,0.09348660003161058,0,0,0.0007951925507356447,0.0007951925507356447,0.5126707332773688
mixed,inner,0,tagi_full3,0.3,17,raw36,506,2563,41008,4,2024,9e7626c99c7a1584a56f6479b3e6c50fce88cf38383fcb8f7099c46fa9e045d0,0.37267190002603456,0,0,0.0001104132158094045,0.0001104132158094045,0.6511032552270717
mixed,inner,0,tagi_full3,0.3,17,raw36,506,2563,41008,16,8096,c84b6b2f60c87683fabffe0bb0c7c68c423dbd0d1a137bd61fcb5958fe89e68a,1.4904086000169627,0,0,1.5429597237288763e-05,1.5429597237288763e-05,0.8869281425402314
mixed,inner,0,tagi_full3,0.3,17,raw36,506,2563,41008,64,32384,488ca38299af7df371a43d9a5cbeec07754de489280cde8ffb8ad1a109b60d44,5.938630499993451,0,0,1.3430457089404964e-06,1.3430457089404964e-06,1.0019516644028046
mixed,inner,0,tagi_full3,1.0,17,raw36,506,2563,41008,1,506,8142b0cb8295424224cbacd99fe7918bc51a63206291815b187b6fcb2fd27026,0.09348660003161058,0,0,0.0025499895167138582,0.0025499895167138582,0.5286685637549964
mixed,inner,0,tagi_full3,1.0,17,raw36,506,2563,41008,4,2024,9e7626c99c7a1584a56f6479b3e6c50fce88cf38383fcb8f7099c46fa9e045d0,0.37267190002603456,0,0,0.0006754045867960218,0.0006754045867960218,0.5387773522058226
mixed,inner,0,tagi_full3,1.0,17,raw36,506,2563,41008,16,8096,c84b6b2f60c87683fabffe0bb0c7c68c423dbd0d1a137bd61fcb5958fe89e68a,1.4904086000169627,0,0,0.00014976179515098316,0.00014976179515098316,0.5688625226939784
mixed,inner,0,tagi_full3,1.0,17,raw36,506,2563,41008,64,32384,488ca38299af7df371a43d9a5cbeec07754de489280cde8ffb8ad1a109b60d44,5.938630499993451,0,0,2.1033145639307465e-05,2.1033145639307465e-05,0.605084818912732
mixed,inner,0,tagi_full3,0.1,29,raw36,506,2563,41008,1,506,9e36ce462cfed31135127069addb2daa54855e3ad3fedc9e0f0bd9ffd3765456,0.09348660003161058,0,0,0.0004370034204559277,0.0004370034204559277,0.5264510415956242
mixed,inner,0,tagi_full3,0.1,29,raw36,506,2563,41008,4,2024,0ce2a57c5d0d4e0ef76a688e7bf7ef7015d30abe4e04f431d7e87abda0aa99ac,0.37267190002603456,0,0,7.042045404269844e-06,7.042045404269844e-06,1.1380733445886684
mixed,inner,0,tagi_full3,0.1,29,raw36,506,2563,41008,16,8096,0161bd3be4c78cd67c3cb73440349cc7472809141ddecb820712c8c47829e360,1.4904086000169627,0,0,6.862536077939324e-07,6.862536077939324e-07,1.3282379833475053
mixed,inner,0,tagi_full3,0.1,29,raw36,506,2563,41008,64,32384,c1080d59f5d4fd28fd6185b28714a797502aefdb0d5d949d3d01151e5449f6bb,5.938630499993451,0,0,4.366011556237187e-08,4.366011556237187e-08,2.177172535715017
mixed,inner,0,tagi_full3,0.3,29,raw36,506,2563,41008,1,506,9e36ce462cfed31135127069addb2daa54855e3ad3fedc9e0f0bd9ffd3765456,0.09348660003161058,0,0,0.0008233338381414974,0.0008233338381414974,0.47957259358070675
mixed,inner,0,tagi_full3,0.3,29,raw36,506,2563,41008,4,2024,0ce2a57c5d0d4e0ef76a688e7bf7ef7015d30abe4e04f431d7e87abda0aa99ac,0.37267190002603456,0,0,0.0001107435770750004,0.0001107435770750004,0.5317154710966788
mixed,inner,0,tagi_full3,0.3,29,raw36,506,2563,41008,16,8096,0161bd3be4c78cd67c3cb73440349cc7472809141ddecb820712c8c47829e360,1.4904086000169627,0,0,1.603154571961784e-05,1.603154571961784e-05,0.7014567040882052
mixed,inner,0,tagi_full3,0.3,29,raw36,506,2563,41008,64,32384,c1080d59f5d4fd28fd6185b28714a797502aefdb0d5d949d3d01151e5449f6bb,5.938630499993451,0,0,1.3873182090006623e-06,1.3873182090006623e-06,0.9356970273149194
mixed,inner,0,tagi_full3,1.0,29,raw36,506,2563,41008,1,506,9e36ce462cfed31135127069addb2daa54855e3ad3fedc9e0f0bd9ffd3765456,0.09348660003161058,0,0,0.0025495201166289895,0.0025495201166289895,0.48591885045051536
mixed,inner,0,tagi_full3,1.0,29,raw36,506,2563,41008,4,2024,0ce2a57c5d0d4e0ef76a688e7bf7ef7015d30abe4e04f431d7e87abda0aa99ac,0.37267190002603456,0,0,0.0006827876319922286,0.0006827876319922286,0.49487055975992006
mixed,inner,0,tagi_full3,1.0,29,raw36,506,2563,41008,16,8096,0161bd3be4c78cd67c3cb73440349cc7472809141ddecb820712c8c47829e360,1.4904086000169627,0,0,0.00015144855510597,0.00015144855510597,0.5197137879018877
mixed,inner,0,tagi_full3,1.0,29,raw36,506,2563,41008,64,32384,c1080d59f5d4fd28fd6185b28714a797502aefdb0d5d949d3d01151e5449f6bb,5.938630499993451,0,0,2.9706397483141473e-05,2.9706397483141473e-05,0.541688358081245
mixed,inner,0,tagi_full3,0.1,43,raw36,506,2563,41008,1,506,c3064f88b363ccb48e55a23aeee9c20eb9dd5b3400cecfbdd42a7e96f450bfe6,0.09348660003161058,0,0,0.00045528418132827,0.00045528418132827,0.5919931684866302
mixed,inner,0,tagi_full3,0.1,43,raw36,506,2563,41008,4,2024,8162740d6a5fb9ba50e8422fa6ea42b6df9451e3be11126e5f7774f4d5e8d3af,0.37267190002603456,0,0,1.4431274182450139e-05,1.4431274182450139e-05,0.9459730075696334
mixed,inner,0,tagi_full3,0.1,43,raw36,506,2563,41008,16,8096,a6592c83c78690a07759ca847117ad014acf636e8d2efbb06035e74ddd1d7d05,1.4904086000169627,0,0,8.53788644508381e-07,8.53788644508381e-07,1.4234882541003535
mixed,inner,0,tagi_full3,0.1,43,raw36,506,2563,41008,64,32384,792a392c9f9500d05cb67a563b8a4cf52f1e7fc5b89f36884d1d90cdb51ba93f,5.938630499993451,0,0,6.854810800203205e-08,6.854810800203205e-08,2.5960159857131915
mixed,inner,0,tagi_full3,0.3,43,raw36,506,2563,41008,1,506,c3064f88b363ccb48e55a23aeee9c20eb9dd5b3400cecfbdd42a7e96f450bfe6,0.09348660003161058,0,0,0.0008192451882676657,0.0008192451882676657,0.570637701073788
mixed,inner,0,tagi_full3,0.3,43,raw36,506,2563,41008,4,2024,8162740d6a5fb9ba50e8422fa6ea42b6df9451e3be11126e5f7774f4d5e8d3af,0.37267190002603456,0,0,0.00011454146592531162,0.00011454146592531162,0.5530996173404129
mixed,inner,0,tagi_full3,0.3,43,raw36,506,2563,41008,16,8096,a6592c83c78690a07759ca847117ad014acf636e8d2efbb06035e74ddd1d7d05,1.4904086000169627,0,0,1.652497085428645e-05,1.652497085428645e-05,0.6743241280923022
mixed,inner,0,tagi_full3,0.3,43,raw36,506,2563,41008,64,32384,792a392c9f9500d05cb67a563b8a4cf52f1e7fc5b89f36884d1d90cdb51ba93f,5.938630499993451,0,0,1.934450206709011e-06,1.934450206709011e-06,0.8749408218908546
mixed,inner,0,tagi_full3,1.0,43,raw36,506,2563,41008,1,506,c3064f88b363ccb48e55a23aeee9c20eb9dd5b3400cecfbdd42a7e96f450bfe6,0.09348660003161058,0,0,0.0022483735971403664,0.0022483735971403664,0.5159443661403317
mixed,inner,0,tagi_full3,1.0,43,raw36,506,2563,41008,4,2024,8162740d6a5fb9ba50e8422fa6ea42b6df9451e3be11126e5f7774f4d5e8d3af,0.37267190002603456,0,0,0.0005851638067895955,0.0005851638067895955,0.49977471045168137
mixed,inner,0,tagi_full3,1.0,43,raw36,506,2563,41008,16,8096,a6592c83c78690a07759ca847117ad014acf636e8d2efbb06035e74ddd1d7d05,1.4904086000169627,0,0,0.0001210817965639419,0.0001210817965639419,0.5298951062672957
mixed,inner,0,tagi_full3,1.0,43,raw36,506,2563,41008,64,32384,792a392c9f9500d05cb67a563b8a4cf52f1e7fc5b89f36884d1d90cdb51ba93f,5.938630499993451,0,0,2.6796972018117192e-05,2.6796972018117192e-05,0.5594090126007234
mixed,inner,0,tagi_full3,0.1,17,mean3,506,451,7216,1,506,8142b0cb8295424224cbacd99fe7918bc51a63206291815b187b6fcb2fd27026,0.06341310002608225,0,0,4.978288960563848e-05,4.978288960563848e-05,1.0942347018893641
mixed,inner,0,tagi_full3,0.1,17,mean3,506,451,7216,4,2024,9e7626c99c7a1584a56f6479b3e6c50fce88cf38383fcb8f7099c46fa9e045d0,0.24978850001934916,0,0,6.484935255812668e-06,6.484935255812668e-06,1.0075852652441681
mixed,inner,0,tagi_full3,0.1,17,mean3,506,451,7216,16,8096,c84b6b2f60c87683fabffe0bb0c7c68c423dbd0d1a137bd61fcb5958fe89e68a,0.997908900026232,0,0,1.3359503613645636e-06,1.3359503613645636e-06,1.0149234510029557
mixed,inner,0,tagi_full3,0.1,17,mean3,506,451,7216,64,32384,488ca38299af7df371a43d9a5cbeec07754de489280cde8ffb8ad1a109b60d44,4.056010200001765,0,0,3.158451920598499e-07,3.158451920598499e-07,1.0943511013411371
mixed,inner,0,tagi_full3,0.3,17,mean3,506,451,7216,1,506,8142b0cb8295424224cbacd99fe7918bc51a63206291815b187b6fcb2fd27026,0.06341310002608225,0,0,0.0002903213676700497,0.0002903213676700497,0.8161114825468893
mixed,inner,0,tagi_full3,0.3,17,mean3,506,451,7216,4,2024,9e7626c99c7a1584a56f6479b3e6c50fce88cf38383fcb8f7099c46fa9e045d0,0.24978850001934916,0,0,5.610693812238306e-05,5.610693812238306e-05,0.8100552254955237
mixed,inner,0,tagi_full3,0.3,17,mean3,506,451,7216,16,8096,c84b6b2f60c87683fabffe0bb0c7c68c423dbd0d1a137bd61fcb5958fe89e68a,0.997908900026232,0,0,1.2151586031626688e-05,1.2151586031626688e-05,0.8307901315568049
mixed,inner,0,tagi_full3,0.3,17,mean3,506,451,7216,64,32384,488ca38299af7df371a43d9a5cbeec07754de489280cde8ffb8ad1a109b60d44,4.056010200001765,0,0,2.8600520343484632e-06,2.8600520343484632e-06,1.0207075169494395
mixed,inner,0,tagi_full3,1.0,17,mean3,506,451,7216,1,506,8142b0cb8295424224cbacd99fe7918bc51a63206291815b187b6fcb2fd27026,0.06341310002608225,0,0,0.0018535498108880155,0.0018535498108880155,0.7841314843741581
mixed,inner,0,tagi_full3,1.0,17,mean3,506,451,7216,4,2024,9e7626c99c7a1584a56f6479b3e6c50fce88cf38383fcb8f7099c46fa9e045d0,0.24978850001934916,0,0,0.0005172941043682913,0.0005172941043682913,0.7920670761160395
mixed,inner,0,tagi_full3,1.0,17,mean3,506,451,7216,16,8096,c84b6b2f60c87683fabffe0bb0c7c68c423dbd0d1a137bd61fcb5958fe89e68a,0.997908900026232,0,0,0.00012790466952070252,0.00012790466952070252,0.8002225014885357
mixed,inner,0,tagi_full3,1.0,17,mean3,506,451,7216,64,32384,488ca38299af7df371a43d9a5cbeec07754de489280cde8ffb8ad1a109b60d44,4.056010200001765,0,0,3.1342051492793596e-05,3.1342051492793596e-05,0.7997163955642865
mixed,inner,0,tagi_full3,0.1,29,mean3,506,451,7216,1,506,9e36ce462cfed31135127069addb2daa54855e3ad3fedc9e0f0bd9ffd3765456,0.06341310002608225,0,0,4.502404853343335e-05,4.502404853343335e-05,0.9778668710091744
mixed,inner,0,tagi_full3,0.1,29,mean3,506,451,7216,4,2024,0ce2a57c5d0d4e0ef76a688e7bf7ef7015d30abe4e04f431d7e87abda0aa99ac,0.24978850001934916,0,0,6.297262276945222e-06,6.297262276945222e-06,1.0352046816441192
mixed,inner,0,tagi_full3,0.1,29,mean3,506,451,7216,16,8096,0161bd3be4c78cd67c3cb73440349cc7472809141ddecb820712c8c47829e360,0.997908900026232,0,0,1.3231892679643894e-06,1.3231892679643894e-06,1.0497820899155574
mixed,inner,0,tagi_full3,0.1,29,mean3,506,451,7216,64,32384,c1080d59f5d4fd28fd6185b28714a797502aefdb0d5d949d3d01151e5449f6bb,4.056010200001765,0,0,3.1502036198169177e-07,3.1502036198169177e-07,1.3540800581510863
mixed,inner,0,tagi_full3,0.3,29,mean3,506,451,7216,1,506,9e36ce462cfed31135127069addb2daa54855e3ad3fedc9e0f0bd9ffd3765456,0.06341310002608225,0,0,0.00028342199164422584,0.00028342199164422584,0.7008830424089177
mixed,inner,0,tagi_full3,0.3,29,mean3,506,451,7216,4,2024,0ce2a57c5d0d4e0ef76a688e7bf7ef7015d30abe4e04f431d7e87abda0aa99ac,0.24978850001934916,0,0,5.553543215305673e-05,5.553543215305673e-05,0.7350689313637436
mixed,inner,0,tagi_full3,0.3,29,mean3,506,451,7216,16,8096,0161bd3be4c78cd67c3cb73440349cc7472809141ddecb820712c8c47829e360,0.997908900026232,0,0,1.2103234872145225e-05,1.2103234872145225e-05,0.7740862100987045
mixed,inner,0,tagi_full3,0.3,29,mean3,506,451,7216,64,32384,c1080d59f5d4fd28fd6185b28714a797502aefdb0d5d949d3d01151e5449f6bb,4.056010200001765,0,0,2.8548777211911816e-06,2.8548777211911816e-06,1.2017699300856648
mixed,inner,0,tagi_full3,1.0,29,mean3,506,451,7216,1,506,9e36ce462cfed31135127069addb2daa54855e3ad3fedc9e0f0bd9ffd3765456,0.06341310002608225,0,0,0.0018685018441228617,0.0018685018441228617,0.6402848261079238
mixed,inner,0,tagi_full3,1.0,29,mean3,506,451,7216,4,2024,0ce2a57c5d0d4e0ef76a688e7bf7ef7015d30abe4e04f431d7e87abda0aa99ac,0.24978850001934916,0,0,0.0005189702485415246,0.0005189702485415246,0.6583530202499289
mixed,inner,0,tagi_full3,1.0,29,mean3,506,451,7216,16,8096,0161bd3be4c78cd67c3cb73440349cc7472809141ddecb820712c8c47829e360,0.997908900026232,0,0,0.00012802900865404676,0.00012802900865404676,0.7349231757258263
mixed,inner,0,tagi_full3,1.0,29,mean3,506,451,7216,64,32384,c1080d59f5d4fd28fd6185b28714a797502aefdb0d5d949d3d01151e5449f6bb,4.056010200001765,0,0,3.136459870109189e-05,3.136459870109189e-05,0.7748227911376345
mixed,inner,0,tagi_full3,0.1,43,mean3,506,451,7216,1,506,c3064f88b363ccb48e55a23aeee9c20eb9dd5b3400cecfbdd42a7e96f450bfe6,0.06341310002608225,0,0,4.3149735080131973e-05,4.3149735080131973e-05,0.9221500647823838
mixed,inner,0,tagi_full3,0.1,43,mean3,506,451,7216,4,2024,8162740d6a5fb9ba50e8422fa6ea42b6df9451e3be11126e5f7774f4d5e8d3af,0.24978850001934916,0,0,6.341795243922736e-06,6.341795243922736e-06,0.9945185066341945
mixed,inner,0,tagi_full3,0.1,43,mean3,506,451,7216,16,8096,a6592c83c78690a07759ca847117ad014acf636e8d2efbb06035e74ddd1d7d05,0.997908900026232,0,0,1.3320537018742718e-06,1.3320537018742718e-06,1.0157772444359066
mixed,inner,0,tagi_full3,0.1,43,mean3,506,451,7216,64,32384,792a392c9f9500d05cb67a563b8a4cf52f1e7fc5b89f36884d1d90cdb51ba93f,4.056010200001765,0,0,3.1583325662777836e-07,3.1583325662777836e-07,1.1280320729146565
mixed,inner,0,tagi_full3,0.3,43,mean3,506,451,7216,1,506,c3064f88b363ccb48e55a23aeee9c20eb9dd5b3400cecfbdd42a7e96f450bfe6,0.06341310002608225,0,0,0.0002879096830393824,0.0002879096830393824,0.7747610143736126
mixed,inner,0,tagi_full3,0.3,43,mean3,506,451,7216,4,2024,8162740d6a5fb9ba50e8422fa6ea42b6df9451e3be11126e5f7774f4d5e8d3af,0.24978850001934916,0,0,5.549325037841876e-05,5.549325037841876e-05,0.8876221676696239
mixed,inner,0,tagi_full3,0.3,43,mean3,506,451,7216,16,8096,a6592c83c78690a07759ca847117ad014acf636e8d2efbb06035e74ddd1d7d05,0.997908900026232,0,0,1.209617495039903e-05,1.209617495039903e-05,0.9256723076199604
mixed,inner,0,tagi_full3,0.3,43,mean3,506,451,7216,64,32384,792a392c9f9500d05cb67a563b8a4cf52f1e7fc5b89f36884d1d90cdb51ba93f,4.056010200001765,0,0,2.8583001314085693e-06,2.8583001314085693e-06,1.2695396131273324
mixed,inner,0,tagi_full3,1.0,43,mean3,506,451,7216,1,506,c3064f88b363ccb48e55a23aeee9c20eb9dd5b3400cecfbdd42a7e96f450bfe6,0.06341310002608225,0,0,0.0018677165604792298,0.0018677165604792298,0.6018193490774252
mixed,inner,0,tagi_full3,1.0,43,mean3,506,451,7216,4,2024,8162740d6a5fb9ba50e8422fa6ea42b6df9451e3be11126e5f7774f4d5e8d3af,0.24978850001934916,0,0,0.0005217007582420287,0.0005217007582420287,0.7162853604932832
mixed,inner,0,tagi_full3,1.0,43,mean3,506,451,7216,16,8096,a6592c83c78690a07759ca847117ad014acf636e8d2efbb06035e74ddd1d7d05,0.997908900026232,0,0,0.00012838701293971746,0.00012838701293971746,0.7399845578548417
mixed,inner,0,tagi_full3,1.0,43,mean3,506,451,7216,64,32384,792a392c9f9500d05cb67a563b8a4cf52f1e7fc5b89f36884d1d90cdb51ba93f,4.056010200001765,0,0,3.139786873570619e-05,3.139786873570619e-05,0.8184486612674347
mixed,inner,1,adam,0.0003,17,raw36,470,2563,61512,1,470,5f08aac2083cb94b1be8878f21330bdd5f379cb58234c5cd06fa35b7df9b4a1c,0.06361299997661263,0,0,,,0.5246262132127437
mixed,inner,1,adam,0.0003,17,raw36,470,2563,61512,4,1880,b5045fb62bdf0f82ce1e77d11c278a8e1eda8825d8124ea5697e87332886a2c8,0.2540718999807723,0,0,,,0.5460289251757262
mixed,inner,1,adam,0.0003,17,raw36,470,2563,61512,16,7520,e723e17f6358f961cf8d2844462e4d65f307cb4c251de55ab6cad883c34a834e,1.0120569999562576,0,0,,,0.5597637498122328
mixed,inner,1,adam,0.0003,17,raw36,470,2563,61512,64,30080,33eb62d05dde86c8014cbfd9217b0673b9ca61c0013d4b9f580f2508005762b4,4.188722099992447,0,0,,,0.6163351830782183
mixed,inner,1,adam,0.001,17,raw36,470,2563,61512,1,470,5f08aac2083cb94b1be8878f21330bdd5f379cb58234c5cd06fa35b7df9b4a1c,0.06361299997661263,0,0,,,0.5373384400683183
mixed,inner,1,adam,0.001,17,raw36,470,2563,61512,4,1880,b5045fb62bdf0f82ce1e77d11c278a8e1eda8825d8124ea5697e87332886a2c8,0.2540718999807723,0,0,,,0.5524545309147578
mixed,inner,1,adam,0.001,17,raw36,470,2563,61512,16,7520,e723e17f6358f961cf8d2844462e4d65f307cb4c251de55ab6cad883c34a834e,1.0120569999562576,0,0,,,0.5384341153016362
mixed,inner,1,adam,0.001,17,raw36,470,2563,61512,64,30080,33eb62d05dde86c8014cbfd9217b0673b9ca61c0013d4b9f580f2508005762b4,4.188722099992447,0,0,,,0.7728784454519252
mixed,inner,1,adam,0.003,17,raw36,470,2563,61512,1,470,5f08aac2083cb94b1be8878f21330bdd5f379cb58234c5cd06fa35b7df9b4a1c,0.06361299997661263,0,0,,,0.5312630099441829
mixed,inner,1,adam,0.003,17,raw36,470,2563,61512,4,1880,b5045fb62bdf0f82ce1e77d11c278a8e1eda8825d8124ea5697e87332886a2c8,0.2540718999807723,0,0,,,0.53681251515065
mixed,inner,1,adam,0.003,17,raw36,470,2563,61512,16,7520,e723e17f6358f961cf8d2844462e4d65f307cb4c251de55ab6cad883c34a834e,1.0120569999562576,0,0,,,1.0231648495871402
mixed,inner,1,adam,0.003,17,raw36,470,2563,61512,64,30080,33eb62d05dde86c8014cbfd9217b0673b9ca61c0013d4b9f580f2508005762b4,4.188722099992447,0,0,,,2.376994067863284
mixed,inner,1,adam,0.0003,29,raw36,470,2563,61512,1,470,105d0b7beb8d498983bd5691794b1426fe86a61444ebc1c9495b785964163166,0.06361299997661263,0,0,,,0.4858166268080099
mixed,inner,1,adam,0.0003,29,raw36,470,2563,61512,4,1880,f2fef60d1ca47b8ffeaadd23a666daa281e9952f84a9563cf00a0d894fe58558,0.2540718999807723,0,0,,,0.4984874082430964
mixed,inner,1,adam,0.0003,29,raw36,470,2563,61512,16,7520,be075fecbd3a960539251c45d94b363ba8139d5bc70ea6ecb51e5eda39e59099,1.0120569999562576,0,0,,,0.5104456477176323
mixed,inner,1,adam,0.0003,29,raw36,470,2563,61512,64,30080,96dbb21f2174bc4c00eac57d29db4e50dcee467f4f8e434e0465e5cad5997fe9,4.188722099992447,0,0,,,0.6446233028408775
mixed,inner,1,adam,0.001,29,raw36,470,2563,61512,1,470,105d0b7beb8d498983bd5691794b1426fe86a61444ebc1c9495b785964163166,0.06361299997661263,0,0,,,0.4940346818592225
mixed,inner,1,adam,0.001,29,raw36,470,2563,61512,4,1880,f2fef60d1ca47b8ffeaadd23a666daa281e9952f84a9563cf00a0d894fe58558,0.2540718999807723,0,0,,,0.5146275352103264
mixed,inner,1,adam,0.001,29,raw36,470,2563,61512,16,7520,be075fecbd3a960539251c45d94b363ba8139d5bc70ea6ecb51e5eda39e59099,1.0120569999562576,0,0,,,0.5870970611264513
mixed,inner,1,adam,0.001,29,raw36,470,2563,61512,64,30080,96dbb21f2174bc4c00eac57d29db4e50dcee467f4f8e434e0465e5cad5997fe9,4.188722099992447,0,0,,,0.8592292057562848
mixed,inner,1,adam,0.003,29,raw36,470,2563,61512,1,470,105d0b7beb8d498983bd5691794b1426fe86a61444ebc1c9495b785964163166,0.06361299997661263,0,0,,,0.497942421560335
mixed,inner,1,adam,0.003,29,raw36,470,2563,61512,4,1880,f2fef60d1ca47b8ffeaadd23a666daa281e9952f84a9563cf00a0d894fe58558,0.2540718999807723,0,0,,,0.5036645501964241
mixed,inner,1,adam,0.003,29,raw36,470,2563,61512,16,7520,be075fecbd3a960539251c45d94b363ba8139d5bc70ea6ecb51e5eda39e59099,1.0120569999562576,0,0,,,0.9714044244415011
mixed,inner,1,adam,0.003,29,raw36,470,2563,61512,64,30080,96dbb21f2174bc4c00eac57d29db4e50dcee467f4f8e434e0465e5cad5997fe9,4.188722099992447,0,0,,,2.2814037281084123
mixed,inner,1,adam,0.0003,43,raw36,470,2563,61512,1,470,397bfab050c6e59835cb6162d730da60f30d06be2a47279addb69f2cf3d57fcf,0.06361299997661263,0,0,,,0.4979266662453507
mixed,inner,1,adam,0.0003,43,raw36,470,2563,61512,4,1880,6697fc33886da834ca3a866edca48ee7318b872c00fdaa3492bc175c0a6b5d91,0.2540718999807723,0,0,,,0.502238131138057
mixed,inner,1,adam,0.0003,43,raw36,470,2563,61512,16,7520,33d8f8223cefb751defb531b6d91e2d7b7169df30c9dd6c9d1657d82ed91bb34,1.0120569999562576,0,0,,,0.49295321480333776
mixed,inner,1,adam,0.0003,43,raw36,470,2563,61512,64,30080,79fd83cfc977dcd90364e12cd45789b6d192756ec5e3aadfd9dc2d2860f4d01f,4.188722099992447,0,0,,,0.5285530191599189
mixed,inner,1,adam,0.001,43,raw36,470,2563,61512,1,470,397bfab050c6e59835cb6162d730da60f30d06be2a47279addb69f2cf3d57fcf,0.06361299997661263,0,0,,,0.49964617084425617
mixed,inner,1,adam,0.001,43,raw36,470,2563,61512,4,1880,6697fc33886da834ca3a866edca48ee7318b872c00fdaa3492bc175c0a6b5d91,0.2540718999807723,0,0,,,0.4911589932793943
mixed,inner,1,adam,0.001,43,raw36,470,2563,61512,16,7520,33d8f8223cefb751defb531b6d91e2d7b7169df30c9dd6c9d1657d82ed91bb34,1.0120569999562576,0,0,,,0.5340329908857532
mixed,inner,1,adam,0.001,43,raw36,470,2563,61512,64,30080,79fd83cfc977dcd90364e12cd45789b6d192756ec5e3aadfd9dc2d2860f4d01f,4.188722099992447,0,0,,,0.8280781367075309
mixed,inner,1,adam,0.003,43,raw36,470,2563,61512,1,470,397bfab050c6e59835cb6162d730da60f30d06be2a47279addb69f2cf3d57fcf,0.06361299997661263,0,0,,,0.4800644465991117
mixed,inner,1,adam,0.003,43,raw36,470,2563,61512,4,1880,6697fc33886da834ca3a866edca48ee7318b872c00fdaa3492bc175c0a6b5d91,0.2540718999807723,0,0,,,0.5279627598536532
mixed,inner,1,adam,0.003,43,raw36,470,2563,61512,16,7520,33d8f8223cefb751defb531b6d91e2d7b7169df30c9dd6c9d1657d82ed91bb34,1.0120569999562576,0,0,,,0.8727432250968072
mixed,inner,1,adam,0.003,43,raw36,470,2563,61512,64,30080,79fd83cfc977dcd90364e12cd45789b6d192756ec5e3aadfd9dc2d2860f4d01f,4.188722099992447,0,0,,,2.1709679253615115
mixed,inner,1,adam,0.0003,17,mean3,470,451,10824,1,470,5f08aac2083cb94b1be8878f21330bdd5f379cb58234c5cd06fa35b7df9b4a1c,0.03178000001935288,0,0,,,0.5942360450158723
mixed,inner,1,adam,0.0003,17,mean3,470,451,10824,4,1880,b5045fb62bdf0f82ce1e77d11c278a8e1eda8825d8124ea5697e87332886a2c8,0.12625110003864393,0,0,,,0.6746442277534879
mixed,inner,1,adam,0.0003,17,mean3,470,451,10824,16,7520,e723e17f6358f961cf8d2844462e4d65f307cb4c251de55ab6cad883c34a834e,0.5045092000509612,0,0,,,0.761698519127605
mixed,inner,1,adam,0.0003,17,mean3,470,451,10824,64,30080,33eb62d05dde86c8014cbfd9217b0673b9ca61c0013d4b9f580f2508005762b4,2.041082000010647,0,0,,,0.9562436214964091
mixed,inner,1,adam,0.001,17,mean3,470,451,10824,1,470,5f08aac2083cb94b1be8878f21330bdd5f379cb58234c5cd06fa35b7df9b4a1c,0.03178000001935288,0,0,,,0.6576347340251002
mixed,inner,1,adam,0.001,17,mean3,470,451,10824,4,1880,b5045fb62bdf0f82ce1e77d11c278a8e1eda8825d8124ea5697e87332886a2c8,0.12625110003864393,0,0,,,0.7468310827228163
mixed,inner,1,adam,0.001,17,mean3,470,451,10824,16,7520,e723e17f6358f961cf8d2844462e4d65f307cb4c251de55ab6cad883c34a834e,0.5045092000509612,0,0,,,0.8356499278633036
mixed,inner,1,adam,0.001,17,mean3,470,451,10824,64,30080,33eb62d05dde86c8014cbfd9217b0673b9ca61c0013d4b9f580f2508005762b4,2.041082000010647,0,0,,,1.3931518429374437
mixed,inner,1,adam,0.003,17,mean3,470,451,10824,1,470,5f08aac2083cb94b1be8878f21330bdd5f379cb58234c5cd06fa35b7df9b4a1c,0.03178000001935288,0,0,,,0.68524458227773
mixed,inner,1,adam,0.003,17,mean3,470,451,10824,4,1880,b5045fb62bdf0f82ce1e77d11c278a8e1eda8825d8124ea5697e87332886a2c8,0.12625110003864393,0,0,,,0.7854803676376351
mixed,inner,1,adam,0.003,17,mean3,470,451,10824,16,7520,e723e17f6358f961cf8d2844462e4d65f307cb4c251de55ab6cad883c34a834e,0.5045092000509612,0,0,,,0.7952061649387309
mixed,inner,1,adam,0.003,17,mean3,470,451,10824,64,30080,33eb62d05dde86c8014cbfd9217b0673b9ca61c0013d4b9f580f2508005762b4,2.041082000010647,0,0,,,1.1078881837085213
mixed,inner,1,adam,0.0003,29,mean3,470,451,10824,1,470,105d0b7beb8d498983bd5691794b1426fe86a61444ebc1c9495b785964163166,0.03178000001935288,0,0,,,0.504095221761073
mixed,inner,1,adam,0.0003,29,mean3,470,451,10824,4,1880,f2fef60d1ca47b8ffeaadd23a666daa281e9952f84a9563cf00a0d894fe58558,0.12625110003864393,0,0,,,0.5290396413007927
mixed,inner,1,adam,0.0003,29,mean3,470,451,10824,16,7520,be075fecbd3a960539251c45d94b363ba8139d5bc70ea6ecb51e5eda39e59099,0.5045092000509612,0,0,,,0.6223851080639513
mixed,inner,1,adam,0.0003,29,mean3,470,451,10824,64,30080,96dbb21f2174bc4c00eac57d29db4e50dcee467f4f8e434e0465e5cad5997fe9,2.041082000010647,0,0,,,0.9480635579151194
mixed,inner,1,adam,0.001,29,mean3,470,451,10824,1,470,105d0b7beb8d498983bd5691794b1426fe86a61444ebc1c9495b785964163166,0.03178000001935288,0,0,,,0.5261417447246227
mixed,inner,1,adam,0.001,29,mean3,470,451,10824,4,1880,f2fef60d1ca47b8ffeaadd23a666daa281e9952f84a9563cf00a0d894fe58558,0.12625110003864393,0,0,,,0.6020615725846137
mixed,inner,1,adam,0.001,29,mean3,470,451,10824,16,7520,be075fecbd3a960539251c45d94b363ba8139d5bc70ea6ecb51e5eda39e59099,0.5045092000509612,0,0,,,0.7235741573144255
mixed,inner,1,adam,0.001,29,mean3,470,451,10824,64,30080,96dbb21f2174bc4c00eac57d29db4e50dcee467f4f8e434e0465e5cad5997fe9,2.041082000010647,0,0,,,1.3533524510725046
mixed,inner,1,adam,0.003,29,mean3,470,451,10824,1,470,105d0b7beb8d498983bd5691794b1426fe86a61444ebc1c9495b785964163166,0.03178000001935288,0,0,,,0.5552811638422732
mixed,inner,1,adam,0.003,29,mean3,470,451,10824,4,1880,f2fef60d1ca47b8ffeaadd23a666daa281e9952f84a9563cf00a0d894fe58558,0.12625110003864393,0,0,,,0.6977369752359993
mixed,inner,1,adam,0.003,29,mean3,470,451,10824,16,7520,be075fecbd3a960539251c45d94b363ba8139d5bc70ea6ecb51e5eda39e59099,0.5045092000509612,0,0,,,1.0452614595692356
mixed,inner,1,adam,0.003,29,mean3,470,451,10824,64,30080,96dbb21f2174bc4c00eac57d29db4e50dcee467f4f8e434e0465e5cad5997fe9,2.041082000010647,0,0,,,1.5581603508585717
mixed,inner,1,adam,0.0003,43,mean3,470,451,10824,1,470,397bfab050c6e59835cb6162d730da60f30d06be2a47279addb69f2cf3d57fcf,0.03178000001935288,0,0,,,0.5360118864984642
mixed,inner,1,adam,0.0003,43,mean3,470,451,10824,4,1880,6697fc33886da834ca3a866edca48ee7318b872c00fdaa3492bc175c0a6b5d91,0.12625110003864393,0,0,,,0.5429727135586822
mixed,inner,1,adam,0.0003,43,mean3,470,451,10824,16,7520,33d8f8223cefb751defb531b6d91e2d7b7169df30c9dd6c9d1657d82ed91bb34,0.5045092000509612,0,0,,,0.6114011737074899
mixed,inner,1,adam,0.0003,43,mean3,470,451,10824,64,30080,79fd83cfc977dcd90364e12cd45789b6d192756ec5e3aadfd9dc2d2860f4d01f,2.041082000010647,0,0,,,0.7858139075169623
mixed,inner,1,adam,0.001,43,mean3,470,451,10824,1,470,397bfab050c6e59835cb6162d730da60f30d06be2a47279addb69f2cf3d57fcf,0.03178000001935288,0,0,,,0.5507676044207307
mixed,inner,1,adam,0.001,43,mean3,470,451,10824,4,1880,6697fc33886da834ca3a866edca48ee7318b872c00fdaa3492bc175c0a6b5d91,0.12625110003864393,0,0,,,0.5920254992704149
mixed,inner,1,adam,0.001,43,mean3,470,451,10824,16,7520,33d8f8223cefb751defb531b6d91e2d7b7169df30c9dd6c9d1657d82ed91bb34,0.5045092000509612,0,0,,,0.7065518243078436
mixed,inner,1,adam,0.001,43,mean3,470,451,10824,64,30080,79fd83cfc977dcd90364e12cd45789b6d192756ec5e3aadfd9dc2d2860f4d01f,2.041082000010647,0,0,,,1.1838064628647547
mixed,inner,1,adam,0.003,43,mean3,470,451,10824,1,470,397bfab050c6e59835cb6162d730da60f30d06be2a47279addb69f2cf3d57fcf,0.03178000001935288,0,0,,,0.5625843830905717
mixed,inner,1,adam,0.003,43,mean3,470,451,10824,4,1880,6697fc33886da834ca3a866edca48ee7318b872c00fdaa3492bc175c0a6b5d91,0.12625110003864393,0,0,,,0.6742342899692567
mixed,inner,1,adam,0.003,43,mean3,470,451,10824,16,7520,33d8f8223cefb751defb531b6d91e2d7b7169df30c9dd6c9d1657d82ed91bb34,0.5045092000509612,0,0,,,0.8434929953640026
mixed,inner,1,adam,0.003,43,mean3,470,451,10824,64,30080,79fd83cfc977dcd90364e12cd45789b6d192756ec5e3aadfd9dc2d2860f4d01f,2.041082000010647,0,0,,,1.3827228115121244
mixed,inner,1,tagi_diag,0.1,17,raw36,470,2563,41008,1,470,5f08aac2083cb94b1be8878f21330bdd5f379cb58234c5cd06fa35b7df9b4a1c,0.07901779998792335,0,0,0.0006684999578950461,0.0006684999578950461,0.5691232068422716
mixed,inner,1,tagi_diag,0.1,17,raw36,470,2563,41008,4,1880,b5045fb62bdf0f82ce1e77d11c278a8e1eda8825d8124ea5697e87332886a2c8,0.30089710000902414,0,0,4.248531075505341e-06,4.248531075505341e-06,0.8955611263372809
mixed,inner,1,tagi_diag,0.1,17,raw36,470,2563,41008,16,7520,e723e17f6358f961cf8d2844462e4d65f307cb4c251de55ab6cad883c34a834e,1.1994082999881357,0,0,3.3641911770560784e-07,3.3641911770560784e-07,1.5530149580418642
mixed,inner,1,tagi_diag,0.1,17,raw36,470,2563,41008,64,30080,33eb62d05dde86c8014cbfd9217b0673b9ca61c0013d4b9f580f2508005762b4,4.791519899968989,0,0,4.717629653641733e-08,4.717629653641733e-08,2.148669193037014
mixed,inner,1,tagi_diag,0.3,17,raw36,470,2563,41008,1,470,5f08aac2083cb94b1be8878f21330bdd5f379cb58234c5cd06fa35b7df9b4a1c,0.07901779998792335,0,0,0.001095510376476636,0.001095510376476636,0.5377267222876161
mixed,inner,1,tagi_diag,0.3,17,raw36,470,2563,41008,4,1880,b5045fb62bdf0f82ce1e77d11c278a8e1eda8825d8124ea5697e87332886a2c8,0.30089710000902414,0,0,0.00014074439533543818,0.00014074439533543818,0.6030143159163499
mixed,inner,1,tagi_diag,0.3,17,raw36,470,2563,41008,16,7520,e723e17f6358f961cf8d2844462e4d65f307cb4c251de55ab6cad883c34a834e,1.1994082999881357,0,0,1.3138665634794384e-05,1.3138665634794384e-05,0.6197172876653934
mixed,inner,1,tagi_diag,0.3,17,raw36,470,2563,41008,64,30080,33eb62d05dde86c8014cbfd9217b0673b9ca61c0013d4b9f580f2508005762b4,4.791519899968989,0,0,1.360501119026079e-06,1.360501119026079e-06,0.8202387886193169
mixed,inner,1,tagi_diag,1.0,17,raw36,470,2563,41008,1,470,5f08aac2083cb94b1be8878f21330bdd5f379cb58234c5cd06fa35b7df9b4a1c,0.07901779998792335,0,0,0.0029284768919627274,0.0029284768919627274,0.5297040836498007
mixed,inner,1,tagi_diag,1.0,17,raw36,470,2563,41008,4,1880,b5045fb62bdf0f82ce1e77d11c278a8e1eda8825d8124ea5697e87332886a2c8,0.30089710000902414,0,0,0.0007796757487574542,0.0007796757487574542,0.5470288885130541
mixed,inner,1,tagi_diag,1.0,17,raw36,470,2563,41008,16,7520,e723e17f6358f961cf8d2844462e4d65f307cb4c251de55ab6cad883c34a834e,1.1994082999881357,0,0,0.00014783896509061223,0.00014783896509061223,0.5655375447748717
mixed,inner,1,tagi_diag,1.0,17,raw36,470,2563,41008,64,30080,33eb62d05dde86c8014cbfd9217b0673b9ca61c0013d4b9f580f2508005762b4,4.791519899968989,0,0,2.427327112602932e-05,2.427327112602932e-05,0.6066217818121789
mixed,inner,1,tagi_diag,0.1,29,raw36,470,2563,41008,1,470,105d0b7beb8d498983bd5691794b1426fe86a61444ebc1c9495b785964163166,0.07901779998792335,0,0,0.0007785053042681686,0.0007785053042681686,0.517571773530341
mixed,inner,1,tagi_diag,0.1,29,raw36,470,2563,41008,4,1880,f2fef60d1ca47b8ffeaadd23a666daa281e9952f84a9563cf00a0d894fe58558,0.30089710000902414,0,0,9.54994783610288e-06,9.54994783610288e-06,0.7481305258020639
mixed,inner,1,tagi_diag,0.1,29,raw36,470,2563,41008,16,7520,be075fecbd3a960539251c45d94b363ba8139d5bc70ea6ecb51e5eda39e59099,1.1994082999881357,0,0,2.870195388880207e-07,2.870195388880207e-07,1.3990553138233695
mixed,inner,1,tagi_diag,0.1,29,raw36,470,2563,41008,64,30080,96dbb21f2174bc4c00eac57d29db4e50dcee467f4f8e434e0465e5cad5997fe9,4.791519899968989,0,0,3.131940203524368e-08,3.131940203524368e-08,2.1566494502627798
mixed,inner,1,tagi_diag,0.3,29,raw36,470,2563,41008,1,470,105d0b7beb8d498983bd5691794b1426fe86a61444ebc1c9495b785964163166,0.07901779998792335,0,0,0.001175790411813657,0.001175790411813657,0.4877097799296531
mixed,inner,1,tagi_diag,0.3,29,raw36,470,2563,41008,4,1880,f2fef60d1ca47b8ffeaadd23a666daa281e9952f84a9563cf00a0d894fe58558,0.30089710000902414,0,0,0.00012182244036544267,0.00012182244036544267,0.514296471285512
mixed,inner,1,tagi_diag,0.3,29,raw36,470,2563,41008,16,7520,be075fecbd3a960539251c45d94b363ba8139d5bc70ea6ecb51e5eda39e59099,1.1994082999881357,0,0,1.0344976028437042e-05,1.0344976028437042e-05,0.6493840735613574
mixed,inner,1,tagi_diag,0.3,29,raw36,470,2563,41008,64,30080,96dbb21f2174bc4c00eac57d29db4e50dcee467f4f8e434e0465e5cad5997fe9,4.791519899968989,0,0,1.8595201271780158e-06,1.8595201271780158e-06,0.8520836887699411
mixed,inner,1,tagi_diag,1.0,29,raw36,470,2563,41008,1,470,105d0b7beb8d498983bd5691794b1426fe86a61444ebc1c9495b785964163166,0.07901779998792335,0,0,0.0027028841480469293,0.0027028841480469293,0.4897783103998558
mixed,inner,1,tagi_diag,1.0,29,raw36,470,2563,41008,4,1880,f2fef60d1ca47b8ffeaadd23a666daa281e9952f84a9563cf00a0d894fe58558,0.30089710000902414,0,0,0.0006679998644292564,0.0006679998644292564,0.5014610964129682
mixed,inner,1,tagi_diag,1.0,29,raw36,470,2563,41008,16,7520,be075fecbd3a960539251c45d94b363ba8139d5bc70ea6ecb51e5eda39e59099,1.1994082999881357,0,0,0.0001349385929097556,0.0001349385929097556,0.5088845340199146
mixed,inner,1,tagi_diag,1.0,29,raw36,470,2563,41008,64,30080,96dbb21f2174bc4c00eac57d29db4e50dcee467f4f8e434e0465e5cad5997fe9,4.791519899968989,0,0,2.705067250166519e-05,2.705067250166519e-05,0.6064805057672913
mixed,inner,1,tagi_diag,0.1,43,raw36,470,2563,41008,1,470,397bfab050c6e59835cb6162d730da60f30d06be2a47279addb69f2cf3d57fcf,0.07901779998792335,0,0,0.000602377558390391,0.000602377558390391,0.5941100401597487
mixed,inner,1,tagi_diag,0.1,43,raw36,470,2563,41008,4,1880,6697fc33886da834ca3a866edca48ee7318b872c00fdaa3492bc175c0a6b5d91,0.30089710000902414,0,0,8.309329739788166e-06,8.309329739788166e-06,0.743569389117307
mixed,inner,1,tagi_diag,0.1,43,raw36,470,2563,41008,16,7520,33d8f8223cefb751defb531b6d91e2d7b7169df30c9dd6c9d1657d82ed91bb34,1.1994082999881357,0,0,3.945789343754393e-07,3.945789343754393e-07,0.9944329159636811
mixed,inner,1,tagi_diag,0.1,43,raw36,470,2563,41008,64,30080,79fd83cfc977dcd90364e12cd45789b6d192756ec5e3aadfd9dc2d2860f4d01f,4.791519899968989,0,0,3.963359249046698e-08,3.963359249046698e-08,1.7009982237165395
mixed,inner,1,tagi_diag,0.3,43,raw36,470,2563,41008,1,470,397bfab050c6e59835cb6162d730da60f30d06be2a47279addb69f2cf3d57fcf,0.07901779998792335,0,0,0.0008315294792231212,0.0008315294792231212,0.4916885140564283
mixed,inner,1,tagi_diag,0.3,43,raw36,470,2563,41008,4,1880,6697fc33886da834ca3a866edca48ee7318b872c00fdaa3492bc175c0a6b5d91,0.30089710000902414,0,0,0.00010225304472100297,0.00010225304472100297,0.6156041327582653
mixed,inner,1,tagi_diag,0.3,43,raw36,470,2563,41008,16,7520,33d8f8223cefb751defb531b6d91e2d7b7169df30c9dd6c9d1657d82ed91bb34,1.1994082999881357,0,0,7.943866492345001e-06,7.943866492345001e-06,0.6972377506419518
mixed,inner,1,tagi_diag,0.3,43,raw36,470,2563,41008,64,30080,79fd83cfc977dcd90364e12cd45789b6d192756ec5e3aadfd9dc2d2860f4d01f,4.791519899968989,0,0,1.0156306523098886e-06,1.0156306523098886e-06,0.7958627336664296
mixed,inner,1,tagi_diag,1.0,43,raw36,470,2563,41008,1,470,397bfab050c6e59835cb6162d730da60f30d06be2a47279addb69f2cf3d57fcf,0.07901779998792335,0,0,0.0018495733440202365,0.0018495733440202365,0.4776480645244804
mixed,inner,1,tagi_diag,1.0,43,raw36,470,2563,41008,4,1880,6697fc33886da834ca3a866edca48ee7318b872c00fdaa3492bc175c0a6b5d91,0.30089710000902414,0,0,0.00037456127107645803,0.00037456127107645803,0.4786149979110353
mixed,inner,1,tagi_diag,1.0,43,raw36,470,2563,41008,16,7520,33d8f8223cefb751defb531b6d91e2d7b7169df30c9dd6c9d1657d82ed91bb34,1.1994082999881357,0,0,6.020433638307634e-05,6.020433638307634e-05,0.49768960975112875
mixed,inner,1,tagi_diag,1.0,43,raw36,470,2563,41008,64,30080,79fd83cfc977dcd90364e12cd45789b6d192756ec5e3aadfd9dc2d2860f4d01f,4.791519899968989,0,0,1.0955319901987009e-05,1.0955319901987009e-05,0.4984732393705001
mixed,inner,1,tagi_diag,0.1,17,mean3,470,451,7216,1,470,5f08aac2083cb94b1be8878f21330bdd5f379cb58234c5cd06fa35b7df9b4a1c,0.0475635000038892,0,0,5.699852078819992e-05,5.699852078819992e-05,1.018061798659747
mixed,inner,1,tagi_diag,0.1,17,mean3,470,451,7216,4,1880,b5045fb62bdf0f82ce1e77d11c278a8e1eda8825d8124ea5697e87332886a2c8,0.1925628000171855,0,0,7.068865367777437e-06,7.068865367777437e-06,1.0650416373565044
mixed,inner,1,tagi_diag,0.1,17,mean3,470,451,7216,16,7520,e723e17f6358f961cf8d2844462e4d65f307cb4c251de55ab6cad883c34a834e,0.7566602000151761,0,0,1.4441935237231908e-06,1.4441935237231908e-06,1.111103969305145
mixed,inner,1,tagi_diag,0.1,17,mean3,470,451,7216,64,30080,33eb62d05dde86c8014cbfd9217b0673b9ca61c0013d4b9f580f2508005762b4,3.0106440000236034,0,0,3.4067689941357467e-07,3.4067689941357467e-07,1.2690172554072667
mixed,inner,1,tagi_diag,0.3,17,mean3,470,451,7216,1,470,5f08aac2083cb94b1be8878f21330bdd5f379cb58234c5cd06fa35b7df9b4a1c,0.0475635000038892,0,0,0.0003359067867401574,0.0003359067867401574,0.7841404843143662
mixed,inner,1,tagi_diag,0.3,17,mean3,470,451,7216,4,1880,b5045fb62bdf0f82ce1e77d11c278a8e1eda8825d8124ea5697e87332886a2c8,0.1925628000171855,0,0,6.184825616885396e-05,6.184825616885396e-05,0.8399787855424339
mixed,inner,1,tagi_diag,0.3,17,mean3,470,451,7216,16,7520,e723e17f6358f961cf8d2844462e4d65f307cb4c251de55ab6cad883c34a834e,0.7566602000151761,0,0,1.3102912438593856e-05,1.3102912438593856e-05,1.1697945696693488
mixed,inner,1,tagi_diag,0.3,17,mean3,470,451,7216,64,30080,33eb62d05dde86c8014cbfd9217b0673b9ca61c0013d4b9f580f2508005762b4,3.0106440000236034,0,0,3.0841375105917696e-06,3.0841375105917696e-06,1.3940211526659925
mixed,inner,1,tagi_diag,1.0,17,mean3,470,451,7216,1,470,5f08aac2083cb94b1be8878f21330bdd5f379cb58234c5cd06fa35b7df9b4a1c,0.0475635000038892,0,0,0.0019978526064204313,0.0019978526064204313,0.7369365499388918
mixed,inner,1,tagi_diag,1.0,17,mean3,470,451,7216,4,1880,b5045fb62bdf0f82ce1e77d11c278a8e1eda8825d8124ea5697e87332886a2c8,0.1925628000171855,0,0,0.0005606994237667772,0.0005606994237667772,0.7919592292699867
mixed,inner,1,tagi_diag,1.0,17,mean3,470,451,7216,16,7520,e723e17f6358f961cf8d2844462e4d65f307cb4c251de55ab6cad883c34a834e,0.7566602000151761,0,0,0.0001382424799055348,0.0001382424799055348,0.8109896052970527
mixed,inner,1,tagi_diag,1.0,17,mean3,470,451,7216,64,30080,33eb62d05dde86c8014cbfd9217b0673b9ca61c0013d4b9f580f2508005762b4,3.0106440000236034,0,0,3.379348531702585e-05,3.379348531702585e-05,1.1799389821029491
mixed,inner,1,tagi_diag,0.1,29,mean3,470,451,7216,1,470,105d0b7beb8d498983bd5691794b1426fe86a61444ebc1c9495b785964163166,0.0475635000038892,0,0,5.335115488699029e-05,5.335115488699029e-05,1.089071236596385
mixed,inner,1,tagi_diag,0.1,29,mean3,470,451,7216,4,1880,f2fef60d1ca47b8ffeaadd23a666daa281e9952f84a9563cf00a0d894fe58558,0.1925628000171855,0,0,7.250485816463726e-06,7.250485816463726e-06,1.1753983614869612
mixed,inner,1,tagi_diag,0.1,29,mean3,470,451,7216,16,7520,be075fecbd3a960539251c45d94b363ba8139d5bc70ea6ecb51e5eda39e59099,0.7566602000151761,0,0,1.462825136336492e-06,1.462825136336492e-06,1.4631389776510977
mixed,inner,1,tagi_diag,0.1,29,mean3,470,451,7216,64,30080,96dbb21f2174bc4c00eac57d29db4e50dcee467f4f8e434e0465e5cad5997fe9,3.0106440000236034,0,0,2.5497437912574994e-07,2.5497437912574994e-07,1.6846117359889723
mixed,inner,1,tagi_diag,0.3,29,mean3,470,451,7216,1,470,105d0b7beb8d498983bd5691794b1426fe86a61444ebc1c9495b785964163166,0.0475635000038892,0,0,0.0003307038366518388,0.0003307038366518388,0.7238681486018786
mixed,inner,1,tagi_diag,0.3,29,mean3,470,451,7216,4,1880,f2fef60d1ca47b8ffeaadd23a666daa281e9952f84a9563cf00a0d894fe58558,0.1925628000171855,0,0,6.169004935709259e-05,6.169004935709259e-05,0.7659294654832977
mixed,inner,1,tagi_diag,0.3,29,mean3,470,451,7216,16,7520,be075fecbd3a960539251c45d94b363ba8139d5bc70ea6ecb51e5eda39e59099,0.7566602000151761,0,0,1.3170924733564314e-05,1.3170924733564314e-05,0.841556040711659
mixed,inner,1,tagi_diag,0.3,29,mean3,470,451,7216,64,30080,96dbb21f2174bc4c00eac57d29db4e50dcee467f4f8e434e0465e5cad5997fe9,3.0106440000236034,0,0,3.0903753918974105e-06,3.0903753918974105e-06,1.2091951656809312
mixed,inner,1,tagi_diag,1.0,29,mean3,470,451,7216,1,470,105d0b7beb8d498983bd5691794b1426fe86a61444ebc1c9495b785964163166,0.0475635000038892,0,0,0.002013193622222714,0.002013193622222714,0.6139089500946555
mixed,inner,1,tagi_diag,1.0,29,mean3,470,451,7216,4,1880,f2fef60d1ca47b8ffeaadd23a666daa281e9952f84a9563cf00a0d894fe58558,0.1925628000171855,0,0,0.0005616519799795464,0.0005616519799795464,0.6747839351195433
mixed,inner,1,tagi_diag,1.0,29,mean3,470,451,7216,16,7520,be075fecbd3a960539251c45d94b363ba8139d5bc70ea6ecb51e5eda39e59099,0.7566602000151761,0,0,0.0001382269085481064,0.0001382269085481064,0.7370619028774387
mixed,inner,1,tagi_diag,1.0,29,mean3,470,451,7216,64,30080,96dbb21f2174bc4c00eac57d29db4e50dcee467f4f8e434e0465e5cad5997fe9,3.0106440000236034,0,0,3.3800162757096376e-05,3.3800162757096376e-05,1.0612619367779628
mixed,inner,1,tagi_diag,0.1,43,mean3,470,451,7216,1,470,397bfab050c6e59835cb6162d730da60f30d06be2a47279addb69f2cf3d57fcf,0.0475635000038892,0,0,4.676405083227653e-05,4.676405083227653e-05,1.1167873944520954
mixed,inner,1,tagi_diag,0.1,43,mean3,470,451,7216,4,1880,6697fc33886da834ca3a866edca48ee7318b872c00fdaa3492bc175c0a6b5d91,0.1925628000171855,0,0,5.682586196956698e-06,5.682586196956698e-06,1.1008418596444074
mixed,inner,1,tagi_diag,0.1,43,mean3,470,451,7216,16,7520,33d8f8223cefb751defb531b6d91e2d7b7169df30c9dd6c9d1657d82ed91bb34,0.7566602000151761,0,0,1.1957042569587894e-06,1.1957042569587894e-06,1.221877747636777
mixed,inner,1,tagi_diag,0.1,43,mean3,470,451,7216,64,30080,79fd83cfc977dcd90364e12cd45789b6d192756ec5e3aadfd9dc2d2860f4d01f,3.0106440000236034,0,0,2.85940004997601e-07,2.85940004997601e-07,1.3209516735079185
mixed,inner,1,tagi_diag,0.3,43,mean3,470,451,7216,1,470,397bfab050c6e59835cb6162d730da60f30d06be2a47279addb69f2cf3d57fcf,0.0475635000038892,0,0,0.00033597085743634485,0.00033597085743634485,0.7737007486115764
mixed,inner,1,tagi_diag,0.3,43,mean3,470,451,7216,4,1880,6697fc33886da834ca3a866edca48ee7318b872c00fdaa3492bc175c0a6b5d91,0.1925628000171855,0,0,6.205782410974195e-05,6.205782410974195e-05,0.8655354859066612
mixed,inner,1,tagi_diag,0.3,43,mean3,470,451,7216,16,7520,33d8f8223cefb751defb531b6d91e2d7b7169df30c9dd6c9d1657d82ed91bb34,0.7566602000151761,0,0,1.3168421058774108e-05,1.3168421058774108e-05,0.8798120474254476
mixed,inner,1,tagi_diag,0.3,43,mean3,470,451,7216,64,30080,79fd83cfc977dcd90364e12cd45789b6d192756ec5e3aadfd9dc2d2860f4d01f,3.0106440000236034,0,0,3.0650224704859727e-06,3.0650224704859727e-06,1.2764158997079036
mixed,inner,1,tagi_diag,1.0,43,mean3,470,451,7216,1,470,397bfab050c6e59835cb6162d730da60f30d06be2a47279addb69f2cf3d57fcf,0.0475635000038892,0,0,0.002002591382374934,0.002002591382374934,0.6335202117929335
mixed,inner,1,tagi_diag,1.0,43,mean3,470,451,7216,4,1880,6697fc33886da834ca3a866edca48ee7318b872c00fdaa3492bc175c0a6b5d91,0.1925628000171855,0,0,0.0005647381462907191,0.0005647381462907191,0.7615148442277376
mixed,inner,1,tagi_diag,1.0,43,mean3,470,451,7216,16,7520,33d8f8223cefb751defb531b6d91e2d7b7169df30c9dd6c9d1657d82ed91bb34,0.7566602000151761,0,0,0.00013864386989140935,0.00013864386989140935,0.7923879815499086
mixed,inner,1,tagi_diag,1.0,43,mean3,470,451,7216,64,30080,79fd83cfc977dcd90364e12cd45789b6d192756ec5e3aadfd9dc2d2860f4d01f,3.0106440000236034,0,0,3.384301097501548e-05,3.384301097501548e-05,1.0661098022997475
mixed,inner,1,tagi_full3,0.1,17,raw36,470,2563,41008,1,470,5f08aac2083cb94b1be8878f21330bdd5f379cb58234c5cd06fa35b7df9b4a1c,0.08846529998118058,0,0,0.0006650923848590672,0.0006650923848590672,0.5812558194610125
mixed,inner,1,tagi_full3,0.1,17,raw36,470,2563,41008,4,1880,b5045fb62bdf0f82ce1e77d11c278a8e1eda8825d8124ea5697e87332886a2c8,0.351050800003577,0,0,9.364970748516799e-06,9.364970748516799e-06,0.7445216927277993
mixed,inner,1,tagi_full3,0.1,17,raw36,470,2563,41008,16,7520,e723e17f6358f961cf8d2844462e4d65f307cb4c251de55ab6cad883c34a834e,1.3951562999864109,0,0,4.578588615402407e-07,4.578588615402407e-07,1.3286855558704027
mixed,inner,1,tagi_full3,0.1,17,raw36,470,2563,41008,64,30080,33eb62d05dde86c8014cbfd9217b0673b9ca61c0013d4b9f580f2508005762b4,5.569475399970543,0,0,7.078176675388746e-08,7.078176675388746e-08,2.3409475567470475
mixed,inner,1,tagi_full3,0.3,17,raw36,470,2563,41008,1,470,5f08aac2083cb94b1be8878f21330bdd5f379cb58234c5cd06fa35b7df9b4a1c,0.08846529998118058,0,0,0.0011030571536601323,0.0011030571536601323,0.5428879187655063
mixed,inner,1,tagi_full3,0.3,17,raw36,470,2563,41008,4,1880,b5045fb62bdf0f82ce1e77d11c278a8e1eda8825d8124ea5697e87332886a2c8,0.351050800003577,0,0,0.00013713836169768984,0.00013713836169768984,0.6135632108181203
mixed,inner,1,tagi_full3,0.3,17,raw36,470,2563,41008,16,7520,e723e17f6358f961cf8d2844462e4d65f307cb4c251de55ab6cad883c34a834e,1.3951562999864109,0,0,1.1990329087752998e-05,1.1990329087752998e-05,0.6405085946518567
mixed,inner,1,tagi_full3,0.3,17,raw36,470,2563,41008,64,30080,33eb62d05dde86c8014cbfd9217b0673b9ca61c0013d4b9f580f2508005762b4,5.569475399970543,0,0,1.0777808565893635e-06,1.0777808565893635e-06,0.8098358964063044
mixed,inner,1,tagi_full3,1.0,17,raw36,470,2563,41008,1,470,5f08aac2083cb94b1be8878f21330bdd5f379cb58234c5cd06fa35b7df9b4a1c,0.08846529998118058,0,0,0.002923254679869676,0.002923254679869676,0.5297138411339258
mixed,inner,1,tagi_full3,1.0,17,raw36,470,2563,41008,4,1880,b5045fb62bdf0f82ce1e77d11c278a8e1eda8825d8124ea5697e87332886a2c8,0.351050800003577,0,0,0.0007788985773529146,0.0007788985773529146,0.5433681331159956
mixed,inner,1,tagi_full3,1.0,17,raw36,470,2563,41008,16,7520,e723e17f6358f961cf8d2844462e4d65f307cb4c251de55ab6cad883c34a834e,1.3951562999864109,0,0,0.00015205734342871633,0.00015205734342871633,0.579715034468846
mixed,inner,1,tagi_full3,1.0,17,raw36,470,2563,41008,64,30080,33eb62d05dde86c8014cbfd9217b0673b9ca61c0013d4b9f580f2508005762b4,5.569475399970543,0,0,2.463662203985658e-05,2.463662203985658e-05,0.6179260391459802
mixed,inner,1,tagi_full3,0.1,29,raw36,470,2563,41008,1,470,105d0b7beb8d498983bd5691794b1426fe86a61444ebc1c9495b785964163166,0.08846529998118058,0,0,0.0007592226848956956,0.0007592226848956956,0.5265643871973941
mixed,inner,1,tagi_full3,0.1,29,raw36,470,2563,41008,4,1880,f2fef60d1ca47b8ffeaadd23a666daa281e9952f84a9563cf00a0d894fe58558,0.351050800003577,0,0,1.5827441190782664e-05,1.5827441190782664e-05,0.7559984551029738
mixed,inner,1,tagi_full3,0.1,29,raw36,470,2563,41008,16,7520,be075fecbd3a960539251c45d94b363ba8139d5bc70ea6ecb51e5eda39e59099,1.3951562999864109,0,0,2.7305988137112704e-07,2.7305988137112704e-07,1.4721138742160889
mixed,inner,1,tagi_full3,0.1,29,raw36,470,2563,41008,64,30080,96dbb21f2174bc4c00eac57d29db4e50dcee467f4f8e434e0465e5cad5997fe9,5.569475399970543,0,0,2.8822576299752896e-08,2.8822576299752896e-08,1.8073102638216838
mixed,inner,1,tagi_full3,0.3,29,raw36,470,2563,41008,1,470,105d0b7beb8d498983bd5691794b1426fe86a61444ebc1c9495b785964163166,0.08846529998118058,0,0,0.001185171433893991,0.001185171433893991,0.49534483664345186
mixed,inner,1,tagi_full3,0.3,29,raw36,470,2563,41008,4,1880,f2fef60d1ca47b8ffeaadd23a666daa281e9952f84a9563cf00a0d894fe58558,0.351050800003577,0,0,0.00013929451718141338,0.00013929451718141338,0.5100940845628277
mixed,inner,1,tagi_full3,0.3,29,raw36,470,2563,41008,16,7520,be075fecbd3a960539251c45d94b363ba8139d5bc70ea6ecb51e5eda39e59099,1.3951562999864109,0,0,1.3561950325369888e-05,1.3561950325369888e-05,0.6529877845732396
mixed,inner,1,tagi_full3,0.3,29,raw36,470,2563,41008,64,30080,96dbb21f2174bc4c00eac57d29db4e50dcee467f4f8e434e0465e5cad5997fe9,5.569475399970543,0,0,1.474071624141497e-06,1.474071624141497e-06,0.9377281957048864
mixed,inner,1,tagi_full3,1.0,29,raw36,470,2563,41008,1,470,105d0b7beb8d498983bd5691794b1426fe86a61444ebc1c9495b785964163166,0.08846529998118058,0,0,0.0026991888946980448,0.0026991888946980448,0.4898126100942896
mixed,inner,1,tagi_full3,1.0,29,raw36,470,2563,41008,4,1880,f2fef60d1ca47b8ffeaadd23a666daa281e9952f84a9563cf00a0d894fe58558,0.351050800003577,0,0,0.0006716560197977204,0.0006716560197977204,0.5046889085030545
mixed,inner,1,tagi_full3,1.0,29,raw36,470,2563,41008,16,7520,be075fecbd3a960539251c45d94b363ba8139d5bc70ea6ecb51e5eda39e59099,1.3951562999864109,0,0,0.000136524924499193,0.000136524924499193,0.50946706980584
mixed,inner,1,tagi_full3,1.0,29,raw36,470,2563,41008,64,30080,96dbb21f2174bc4c00eac57d29db4e50dcee467f4f8e434e0465e5cad5997fe9,5.569475399970543,0,0,2.7762314425867324e-05,2.7762314425867324e-05,0.5945867791381804
mixed,inner,1,tagi_full3,0.1,43,raw36,470,2563,41008,1,470,397bfab050c6e59835cb6162d730da60f30d06be2a47279addb69f2cf3d57fcf,0.08846529998118058,0,0,0.0004949156552101618,0.0004949156552101618,0.5456776174821222
mixed,inner,1,tagi_full3,0.1,43,raw36,470,2563,41008,4,1880,6697fc33886da834ca3a866edca48ee7318b872c00fdaa3492bc175c0a6b5d91,0.351050800003577,0,0,8.89812489884111e-06,8.89812489884111e-06,0.8060613165870912
mixed,inner,1,tagi_full3,0.1,43,raw36,470,2563,41008,16,7520,33d8f8223cefb751defb531b6d91e2d7b7169df30c9dd6c9d1657d82ed91bb34,1.3951562999864109,0,0,5.617090218492958e-07,5.617090218492958e-07,1.0744884046603551
mixed,inner,1,tagi_full3,0.1,43,raw36,470,2563,41008,64,30080,79fd83cfc977dcd90364e12cd45789b6d192756ec5e3aadfd9dc2d2860f4d01f,5.569475399970543,0,0,2.962781897790739e-08,2.962781897790739e-08,1.949100027188582
mixed,inner,1,tagi_full3,0.3,43,raw36,470,2563,41008,1,470,397bfab050c6e59835cb6162d730da60f30d06be2a47279addb69f2cf3d57fcf,0.08846529998118058,0,0,0.0008856770847422004,0.0008856770847422004,0.5004084182878156
mixed,inner,1,tagi_full3,0.3,43,raw36,470,2563,41008,4,1880,6697fc33886da834ca3a866edca48ee7318b872c00fdaa3492bc175c0a6b5d91,0.351050800003577,0,0,0.00011987549062690858,0.00011987549062690858,0.6059714467418829
mixed,inner,1,tagi_full3,0.3,43,raw36,470,2563,41008,16,7520,33d8f8223cefb751defb531b6d91e2d7b7169df30c9dd6c9d1657d82ed91bb34,1.3951562999864109,0,0,1.0599275159053779e-05,1.0599275159053779e-05,0.681507769861719
mixed,inner,1,tagi_full3,0.3,43,raw36,470,2563,41008,64,30080,79fd83cfc977dcd90364e12cd45789b6d192756ec5e3aadfd9dc2d2860f4d01f,5.569475399970543,0,0,1.287023727679873e-06,1.287023727679873e-06,0.7540459185634805
mixed,inner,1,tagi_full3,1.0,43,raw36,470,2563,41008,1,470,397bfab050c6e59835cb6162d730da60f30d06be2a47279addb69f2cf3d57fcf,0.08846529998118058,0,0,0.0019213052885052608,0.0019213052885052608,0.4774953147485495
mixed,inner,1,tagi_full3,1.0,43,raw36,470,2563,41008,4,1880,6697fc33886da834ca3a866edca48ee7318b872c00fdaa3492bc175c0a6b5d91,0.351050800003577,0,0,0.0003737974532401511,0.0003737974532401511,0.4843929009040063
mixed,inner,1,tagi_full3,1.0,43,raw36,470,2563,41008,16,7520,33d8f8223cefb751defb531b6d91e2d7b7169df30c9dd6c9d1657d82ed91bb34,1.3951562999864109,0,0,6.0527824125932047e-05,6.0527824125932047e-05,0.4970948794568407
mixed,inner,1,tagi_full3,1.0,43,raw36,470,2563,41008,64,30080,79fd83cfc977dcd90364e12cd45789b6d192756ec5e3aadfd9dc2d2860f4d01f,5.569475399970543,0,0,1.1907051673182358e-05,1.1907051673182358e-05,0.5053700800988794
mixed,inner,1,tagi_full3,0.1,17,mean3,470,451,7216,1,470,5f08aac2083cb94b1be8878f21330bdd5f379cb58234c5cd06fa35b7df9b4a1c,0.05900589999509975,0,0,5.832298945166948e-05,5.832298945166948e-05,1.071156801043293
mixed,inner,1,tagi_full3,0.1,17,mean3,470,451,7216,4,1880,b5045fb62bdf0f82ce1e77d11c278a8e1eda8825d8124ea5697e87332886a2c8,0.23236759996507317,0,0,6.984733603025865e-06,6.984733603025865e-06,1.0553150752541949
mixed,inner,1,tagi_full3,0.1,17,mean3,470,451,7216,16,7520,e723e17f6358f961cf8d2844462e4d65f307cb4c251de55ab6cad883c34a834e,0.9286277000210248,0,0,1.437059078712473e-06,1.437059078712473e-06,1.0584613379075474
mixed,inner,1,tagi_full3,0.1,17,mean3,470,451,7216,64,30080,33eb62d05dde86c8014cbfd9217b0673b9ca61c0013d4b9f580f2508005762b4,3.7085076000075787,0,0,3.2677681998924265e-07,3.2677681998924265e-07,1.0624784072336275
mixed,inner,1,tagi_full3,0.3,17,mean3,470,451,7216,1,470,5f08aac2083cb94b1be8878f21330bdd5f379cb58234c5cd06fa35b7df9b4a1c,0.05900589999509975,0,0,0.0003352161822882627,0.0003352161822882627,0.7593419068171786
mixed,inner,1,tagi_full3,0.3,17,mean3,470,451,7216,4,1880,b5045fb62bdf0f82ce1e77d11c278a8e1eda8825d8124ea5697e87332886a2c8,0.23236759996507317,0,0,6.180687949010246e-05,6.180687949010246e-05,0.8924549833376815
mixed,inner,1,tagi_full3,0.3,17,mean3,470,451,7216,16,7520,e723e17f6358f961cf8d2844462e4d65f307cb4c251de55ab6cad883c34a834e,0.9286277000210248,0,0,1.3134075010147e-05,1.3134075010147e-05,1.206297953100699
mixed,inner,1,tagi_full3,0.3,17,mean3,470,451,7216,64,30080,33eb62d05dde86c8014cbfd9217b0673b9ca61c0013d4b9f580f2508005762b4,3.7085076000075787,0,0,3.0880199660998823e-06,3.0880199660998823e-06,1.2973983502437543
mixed,inner,1,tagi_full3,1.0,17,mean3,470,451,7216,1,470,5f08aac2083cb94b1be8878f21330bdd5f379cb58234c5cd06fa35b7df9b4a1c,0.05900589999509975,0,0,0.0019975319457767407,0.0019975319457767407,0.7439848677026191
mixed,inner,1,tagi_full3,1.0,17,mean3,470,451,7216,4,1880,b5045fb62bdf0f82ce1e77d11c278a8e1eda8825d8124ea5697e87332886a2c8,0.23236759996507317,0,0,0.0005605360233858489,0.0005605360233858489,0.8038539299824018
mixed,inner,1,tagi_full3,1.0,17,mean3,470,451,7216,16,7520,e723e17f6358f961cf8d2844462e4d65f307cb4c251de55ab6cad883c34a834e,0.9286277000210248,0,0,0.00013826423845089299,0.00013826423845089299,0.8228562100668652
mixed,inner,1,tagi_full3,1.0,17,mean3,470,451,7216,64,30080,33eb62d05dde86c8014cbfd9217b0673b9ca61c0013d4b9f580f2508005762b4,3.7085076000075787,0,0,3.3800530667915957e-05,3.3800530667915957e-05,1.1775454281578175
mixed,inner,1,tagi_full3,0.1,29,mean3,470,451,7216,1,470,105d0b7beb8d498983bd5691794b1426fe86a61444ebc1c9495b785964163166,0.05900589999509975,0,0,5.046314275061834e-05,5.046314275061834e-05,1.1465228575736768
mixed,inner,1,tagi_full3,0.1,29,mean3,470,451,7216,4,1880,f2fef60d1ca47b8ffeaadd23a666daa281e9952f84a9563cf00a0d894fe58558,0.23236759996507317,0,0,5.123148034553483e-06,5.123148034553483e-06,1.2195570811372243
mixed,inner,1,tagi_full3,0.1,29,mean3,470,451,7216,16,7520,be075fecbd3a960539251c45d94b363ba8139d5bc70ea6ecb51e5eda39e59099,0.9286277000210248,0,0,9.94595908157025e-07,9.94595908157025e-07,1.2238777504970317
mixed,inner,1,tagi_full3,0.1,29,mean3,470,451,7216,64,30080,96dbb21f2174bc4c00eac57d29db4e50dcee467f4f8e434e0465e5cad5997fe9,3.7085076000075787,0,0,2.3100822239207883e-07,2.3100822239207883e-07,1.2227536549091396
mixed,inner,1,tagi_full3,0.3,29,mean3,470,451,7216,1,470,105d0b7beb8d498983bd5691794b1426fe86a61444ebc1c9495b785964163166,0.05900589999509975,0,0,0.00033053481060344445,0.00033053481060344445,0.7665654669609168
mixed,inner,1,tagi_full3,0.3,29,mean3,470,451,7216,4,1880,f2fef60d1ca47b8ffeaadd23a666daa281e9952f84a9563cf00a0d894fe58558,0.23236759996507317,0,0,6.186678497955284e-05,6.186678497955284e-05,0.76192951071762
mixed,inner,1,tagi_full3,0.3,29,mean3,470,451,7216,16,7520,be075fecbd3a960539251c45d94b363ba8139d5bc70ea6ecb51e5eda39e59099,0.9286277000210248,0,0,1.3174265730237595e-05,1.3174265730237595e-05,0.8784821106748362
mixed,inner,1,tagi_full3,0.3,29,mean3,470,451,7216,64,30080,96dbb21f2174bc4c00eac57d29db4e50dcee467f4f8e434e0465e5cad5997fe9,3.7085076000075787,0,0,3.090128706123435e-06,3.090128706123435e-06,1.0937993979643537
mixed,inner,1,tagi_full3,1.0,29,mean3,470,451,7216,1,470,105d0b7beb8d498983bd5691794b1426fe86a61444ebc1c9495b785964163166,0.05900589999509975,0,0,0.0020126801110582054,0.0020126801110582054,0.6143773944181425
mixed,inner,1,tagi_full3,1.0,29,mean3,470,451,7216,4,1880,f2fef60d1ca47b8ffeaadd23a666daa281e9952f84a9563cf00a0d894fe58558,0.23236759996507317,0,0,0.0005613134895006034,0.0005613134895006034,0.673182094124389
mixed,inner,1,tagi_full3,1.0,29,mean3,470,451,7216,16,7520,be075fecbd3a960539251c45d94b363ba8139d5bc70ea6ecb51e5eda39e59099,0.9286277000210248,0,0,0.00013819026020771185,0.00013819026020771185,0.7449505200571747
mixed,inner,1,tagi_full3,1.0,29,mean3,470,451,7216,64,30080,96dbb21f2174bc4c00eac57d29db4e50dcee467f4f8e434e0465e5cad5997fe9,3.7085076000075787,0,0,3.379771625913781e-05,3.379771625913781e-05,1.101561829904149
mixed,inner,1,tagi_full3,0.1,43,mean3,470,451,7216,1,470,397bfab050c6e59835cb6162d730da60f30d06be2a47279addb69f2cf3d57fcf,0.05900589999509975,0,0,5.700752357429143e-05,5.700752357429143e-05,1.122062101808359
mixed,inner,1,tagi_full3,0.1,43,mean3,470,451,7216,4,1880,6697fc33886da834ca3a866edca48ee7318b872c00fdaa3492bc175c0a6b5d91,0.23236759996507317,0,0,6.946472267880388e-06,6.946472267880388e-06,1.300466069788141
mixed,inner,1,tagi_full3,0.1,43,mean3,470,451,7216,16,7520,33d8f8223cefb751defb531b6d91e2d7b7169df30c9dd6c9d1657d82ed91bb34,0.9286277000210248,0,0,1.2474891965980166e-06,1.2474891965980166e-06,1.6038548705447306
mixed,inner,1,tagi_full3,0.1,43,mean3,470,451,7216,64,30080,79fd83cfc977dcd90364e12cd45789b6d192756ec5e3aadfd9dc2d2860f4d01f,3.7085076000075787,0,0,2.2233327852688098e-07,2.2233327852688098e-07,1.8065511007590325
mixed,inner,1,tagi_full3,0.3,43,mean3,470,451,7216,1,470,397bfab050c6e59835cb6162d730da60f30d06be2a47279addb69f2cf3d57fcf,0.05900589999509975,0,0,0.0003371838843548089,0.0003371838843548089,0.7426848589963158
mixed,inner,1,tagi_full3,0.3,43,mean3,470,451,7216,4,1880,6697fc33886da834ca3a866edca48ee7318b872c00fdaa3492bc175c0a6b5d91,0.23236759996507317,0,0,6.217749858221926e-05,6.217749858221926e-05,0.819776586138747
mixed,inner,1,tagi_full3,0.3,43,mean3,470,451,7216,16,7520,33d8f8223cefb751defb531b6d91e2d7b7169df30c9dd6c9d1657d82ed91bb34,0.9286277000210248,0,0,1.3184752441848828e-05,1.3184752441848828e-05,0.9307337630363332
mixed,inner,1,tagi_full3,0.3,43,mean3,470,451,7216,64,30080,79fd83cfc977dcd90364e12cd45789b6d192756ec5e3aadfd9dc2d2860f4d01f,3.7085076000075787,0,0,3.087992348037992e-06,3.087992348037992e-06,1.2555196909893134
mixed,inner,1,tagi_full3,1.0,43,mean3,470,451,7216,1,470,397bfab050c6e59835cb6162d730da60f30d06be2a47279addb69f2cf3d57fcf,0.05900589999509975,0,0,0.002002845529251869,0.002002845529251869,0.6343981006429898
mixed,inner,1,tagi_full3,1.0,43,mean3,470,451,7216,4,1880,6697fc33886da834ca3a866edca48ee7318b872c00fdaa3492bc175c0a6b5d91,0.23236759996507317,0,0,0.0005650116327750236,0.0005650116327750236,0.7628858781904723
mixed,inner,1,tagi_full3,1.0,43,mean3,470,451,7216,16,7520,33d8f8223cefb751defb531b6d91e2d7b7169df30c9dd6c9d1657d82ed91bb34,0.9286277000210248,0,0,0.00013873661022976218,0.00013873661022976218,0.7935826617474073
mixed,inner,1,tagi_full3,1.0,43,mean3,470,451,7216,64,30080,79fd83cfc977dcd90364e12cd45789b6d192756ec5e3aadfd9dc2d2860f4d01f,3.7085076000075787,0,0,3.3857552033528574e-05,3.3857552033528574e-05,1.063305612406805
mixed,inner,2,adam,0.0003,17,raw36,492,2563,61512,1,492,da765415efd5b355280f3868d55b1ae0693b0d99c769695a71e6096f25b471b8,0.06632949999766424,0,0,,,0.5183341644282239
mixed,inner,2,adam,0.0003,17,raw36,492,2563,61512,4,1968,e5ce3f133c577456cad296740fb365cfdf59af18a1720662e3aaf0b30608a5f5,0.2619485000032,0,0,,,0.546670513520843
mixed,inner,2,adam,0.0003,17,raw36,492,2563,61512,16,7872,0ce325060309e3732ebadbde0bbd3adeac9b70e1f9e68a96a9d8a0bab13f0041,1.0544256000430323,0,0,,,0.5599741021417066
mixed,inner,2,adam,0.0003,17,raw36,492,2563,61512,64,31488,251b06325596e2a7c32fe276a8ef4bb87f06ee3055d44f0fda43387358f2a069,4.282448400044814,0,0,,,0.5991878734798064
mixed,inner,2,adam,0.001,17,raw36,492,2563,61512,1,492,da765415efd5b355280f3868d55b1ae0693b0d99c769695a71e6096f25b471b8,0.06632949999766424,0,0,,,0.5395087475549347
mixed,inner,2,adam,0.001,17,raw36,492,2563,61512,4,1968,e5ce3f133c577456cad296740fb365cfdf59af18a1720662e3aaf0b30608a5f5,0.2619485000032,0,0,,,0.569105838810163
mixed,inner,2,adam,0.001,17,raw36,492,2563,61512,16,7872,0ce325060309e3732ebadbde0bbd3adeac9b70e1f9e68a96a9d8a0bab13f0041,1.0544256000430323,0,0,,,0.6612990853507305
mixed,inner,2,adam,0.001,17,raw36,492,2563,61512,64,31488,251b06325596e2a7c32fe276a8ef4bb87f06ee3055d44f0fda43387358f2a069,4.282448400044814,0,0,,,1.1210299489048006
mixed,inner,2,adam,0.003,17,raw36,492,2563,61512,1,492,da765415efd5b355280f3868d55b1ae0693b0d99c769695a71e6096f25b471b8,0.06632949999766424,0,0,,,0.5513887462092251
mixed,inner,2,adam,0.003,17,raw36,492,2563,61512,4,1968,e5ce3f133c577456cad296740fb365cfdf59af18a1720662e3aaf0b30608a5f5,0.2619485000032,0,0,,,0.5807079188240083
mixed,inner,2,adam,0.003,17,raw36,492,2563,61512,16,7872,0ce325060309e3732ebadbde0bbd3adeac9b70e1f9e68a96a9d8a0bab13f0041,1.0544256000430323,0,0,,,0.908916600741246
mixed,inner,2,adam,0.003,17,raw36,492,2563,61512,64,31488,251b06325596e2a7c32fe276a8ef4bb87f06ee3055d44f0fda43387358f2a069,4.282448400044814,0,0,,,2.057911614005133
mixed,inner,2,adam,0.0003,29,raw36,492,2563,61512,1,492,c4905a81dd00806ffdfddbdc69a1297f0be88e7074e434fba441d884b3dab637,0.06632949999766424,0,0,,,0.4904908406807282
mixed,inner,2,adam,0.0003,29,raw36,492,2563,61512,4,1968,4e8a78a86a8b6e1d54515bc17c4e01e9f8fe52bd3a237c5640e76eb91c64e235,0.2619485000032,0,0,,,0.4827863384044362
mixed,inner,2,adam,0.0003,29,raw36,492,2563,61512,16,7872,c9e7ea1d84539facd7cfd5a7e1738bd18e3a2a69cb09cbe35d6c51d57cf1527a,1.0544256000430323,0,0,,,0.4832351461788127
mixed,inner,2,adam,0.0003,29,raw36,492,2563,61512,64,31488,0a7f7d5846c6cfde7f84d5324333cb4dade76128a096d9babf95d5e2e3d541cc,4.282448400044814,0,0,,,0.55516924122098
mixed,inner,2,adam,0.001,29,raw36,492,2563,61512,1,492,c4905a81dd00806ffdfddbdc69a1297f0be88e7074e434fba441d884b3dab637,0.06632949999766424,0,0,,,0.47841300998658925
mixed,inner,2,adam,0.001,29,raw36,492,2563,61512,4,1968,4e8a78a86a8b6e1d54515bc17c4e01e9f8fe52bd3a237c5640e76eb91c64e235,0.2619485000032,0,0,,,0.48458837275410993
mixed,inner,2,adam,0.001,29,raw36,492,2563,61512,16,7872,c9e7ea1d84539facd7cfd5a7e1738bd18e3a2a69cb09cbe35d6c51d57cf1527a,1.0544256000430323,0,0,,,0.47365639982470387
mixed,inner,2,adam,0.001,29,raw36,492,2563,61512,64,31488,0a7f7d5846c6cfde7f84d5324333cb4dade76128a096d9babf95d5e2e3d541cc,4.282448400044814,0,0,,,0.9326123711008778
mixed,inner,2,adam,0.003,29,raw36,492,2563,61512,1,492,c4905a81dd00806ffdfddbdc69a1297f0be88e7074e434fba441d884b3dab637,0.06632949999766424,0,0,,,0.4665829183678949
mixed,inner,2,adam,0.003,29,raw36,492,2563,61512,4,1968,4e8a78a86a8b6e1d54515bc17c4e01e9f8fe52bd3a237c5640e76eb91c64e235,0.2619485000032,0,0,,,0.49060789868676874
mixed,inner,2,adam,0.003,29,raw36,492,2563,61512,16,7872,c9e7ea1d84539facd7cfd5a7e1738bd18e3a2a69cb09cbe35d6c51d57cf1527a,1.0544256000430323,0,0,,,0.996307938979313
mixed,inner,2,adam,0.003,29,raw36,492,2563,61512,64,31488,0a7f7d5846c6cfde7f84d5324333cb4dade76128a096d9babf95d5e2e3d541cc,4.282448400044814,0,0,,,1.899365444944561
mixed,inner,2,adam,0.0003,43,raw36,492,2563,61512,1,492,f9898c7a3ba7b8a90391b27b2916637293cf905927729c062f3985b194f4fbd3,0.06632949999766424,0,0,,,0.4878900446294246
mixed,inner,2,adam,0.0003,43,raw36,492,2563,61512,4,1968,1277dbba54e14c6d453848ca2c42f96944c4ce958fb9d5c6c7e5cc309defb76d,0.2619485000032,0,0,,,0.5021031795962536
mixed,inner,2,adam,0.0003,43,raw36,492,2563,61512,16,7872,3c60db19fcf7d3f85837322b47c5d1ab03a876e2d3f775438765eba029d0d93e,1.0544256000430323,0,0,,,0.4969457956109539
mixed,inner,2,adam,0.0003,43,raw36,492,2563,61512,64,31488,bef314cc7768d4eeefe07aa48ad0df4372459485a779969fd3a60cec28eaea91,4.282448400044814,0,0,,,0.529221411249221
mixed,inner,2,adam,0.001,43,raw36,492,2563,61512,1,492,f9898c7a3ba7b8a90391b27b2916637293cf905927729c062f3985b194f4fbd3,0.06632949999766424,0,0,,,0.5045973831963537
mixed,inner,2,adam,0.001,43,raw36,492,2563,61512,4,1968,1277dbba54e14c6d453848ca2c42f96944c4ce958fb9d5c6c7e5cc309defb76d,0.2619485000032,0,0,,,0.4916528944548372
mixed,inner,2,adam,0.001,43,raw36,492,2563,61512,16,7872,3c60db19fcf7d3f85837322b47c5d1ab03a876e2d3f775438765eba029d0d93e,1.0544256000430323,0,0,,,0.5324729355712553
mixed,inner,2,adam,0.001,43,raw36,492,2563,61512,64,31488,bef314cc7768d4eeefe07aa48ad0df4372459485a779969fd3a60cec28eaea91,4.282448400044814,0,0,,,0.9004085682735036
mixed,inner,2,adam,0.003,43,raw36,492,2563,61512,1,492,f9898c7a3ba7b8a90391b27b2916637293cf905927729c062f3985b194f4fbd3,0.06632949999766424,0,0,,,0.5355121802930657
mixed,inner,2,adam,0.003,43,raw36,492,2563,61512,4,1968,1277dbba54e14c6d453848ca2c42f96944c4ce958fb9d5c6c7e5cc309defb76d,0.2619485000032,0,0,,,0.5261563932653184
mixed,inner,2,adam,0.003,43,raw36,492,2563,61512,16,7872,3c60db19fcf7d3f85837322b47c5d1ab03a876e2d3f775438765eba029d0d93e,1.0544256000430323,0,0,,,1.0650852265704085
mixed,inner,2,adam,0.003,43,raw36,492,2563,61512,64,31488,bef314cc7768d4eeefe07aa48ad0df4372459485a779969fd3a60cec28eaea91,4.282448400044814,0,0,,,2.107239715356664
mixed,inner,2,adam,0.0003,17,mean3,492,451,10824,1,492,da765415efd5b355280f3868d55b1ae0693b0d99c769695a71e6096f25b471b8,0.03320820000953972,0,0,,,0.5847899896793894
mixed,inner,2,adam,0.0003,17,mean3,492,451,10824,4,1968,e5ce3f133c577456cad296740fb365cfdf59af18a1720662e3aaf0b30608a5f5,0.13116329995682463,0,0,,,0.6584022806963706
mixed,inner,2,adam,0.0003,17,mean3,492,451,10824,16,7872,0ce325060309e3732ebadbde0bbd3adeac9b70e1f9e68a96a9d8a0bab13f0041,0.5348524999571964,0,0,,,0.7736782137410839
mixed,inner,2,adam,0.0003,17,mean3,492,451,10824,64,31488,251b06325596e2a7c32fe276a8ef4bb87f06ee3055d44f0fda43387358f2a069,2.147799899976235,0,0,,,0.8290758838656836
mixed,inner,2,adam,0.001,17,mean3,492,451,10824,1,492,da765415efd5b355280f3868d55b1ae0693b0d99c769695a71e6096f25b471b8,0.03320820000953972,0,0,,,0.6322624588869425
mixed,inner,2,adam,0.001,17,mean3,492,451,10824,4,1968,e5ce3f133c577456cad296740fb365cfdf59af18a1720662e3aaf0b30608a5f5,0.13116329995682463,0,0,,,0.747881240480074
mixed,inner,2,adam,0.001,17,mean3,492,451,10824,16,7872,0ce325060309e3732ebadbde0bbd3adeac9b70e1f9e68a96a9d8a0bab13f0041,0.5348524999571964,0,0,,,0.8038842667979561
mixed,inner,2,adam,0.001,17,mean3,492,451,10824,64,31488,251b06325596e2a7c32fe276a8ef4bb87f06ee3055d44f0fda43387358f2a069,2.147799899976235,0,0,,,1.1679244535902844
mixed,inner,2,adam,0.003,17,mean3,492,451,10824,1,492,da765415efd5b355280f3868d55b1ae0693b0d99c769695a71e6096f25b471b8,0.03320820000953972,0,0,,,0.6797237507595854
mixed,inner,2,adam,0.003,17,mean3,492,451,10824,4,1968,e5ce3f133c577456cad296740fb365cfdf59af18a1720662e3aaf0b30608a5f5,0.13116329995682463,0,0,,,0.719651257180855
mixed,inner,2,adam,0.003,17,mean3,492,451,10824,16,7872,0ce325060309e3732ebadbde0bbd3adeac9b70e1f9e68a96a9d8a0bab13f0041,0.5348524999571964,0,0,,,0.8948779893912334
mixed,inner,2,adam,0.003,17,mean3,492,451,10824,64,31488,251b06325596e2a7c32fe276a8ef4bb87f06ee3055d44f0fda43387358f2a069,2.147799899976235,0,0,,,1.412534847924341
mixed,inner,2,adam,0.0003,29,mean3,492,451,10824,1,492,c4905a81dd00806ffdfddbdc69a1297f0be88e7074e434fba441d884b3dab637,0.03320820000953972,0,0,,,0.5032977351929849
mixed,inner,2,adam,0.0003,29,mean3,492,451,10824,4,1968,4e8a78a86a8b6e1d54515bc17c4e01e9f8fe52bd3a237c5640e76eb91c64e235,0.13116329995682463,0,0,,,0.5382275337202233
mixed,inner,2,adam,0.0003,29,mean3,492,451,10824,16,7872,c9e7ea1d84539facd7cfd5a7e1738bd18e3a2a69cb09cbe35d6c51d57cf1527a,0.5348524999571964,0,0,,,0.6320276262797793
mixed,inner,2,adam,0.0003,29,mean3,492,451,10824,64,31488,0a7f7d5846c6cfde7f84d5324333cb4dade76128a096d9babf95d5e2e3d541cc,2.147799899976235,0,0,,,0.9941902148971667
mixed,inner,2,adam,0.001,29,mean3,492,451,10824,1,492,c4905a81dd00806ffdfddbdc69a1297f0be88e7074e434fba441d884b3dab637,0.03320820000953972,0,0,,,0.5352165076405536
mixed,inner,2,adam,0.001,29,mean3,492,451,10824,4,1968,4e8a78a86a8b6e1d54515bc17c4e01e9f8fe52bd3a237c5640e76eb91c64e235,0.13116329995682463,0,0,,,0.6188223898677485
mixed,inner,2,adam,0.001,29,mean3,492,451,10824,16,7872,c9e7ea1d84539facd7cfd5a7e1738bd18e3a2a69cb09cbe35d6c51d57cf1527a,0.5348524999571964,0,0,,,0.9103954710637576
mixed,inner,2,adam,0.001,29,mean3,492,451,10824,64,31488,0a7f7d5846c6cfde7f84d5324333cb4dade76128a096d9babf95d5e2e3d541cc,2.147799899976235,0,0,,,1.2071917401179264
mixed,inner,2,adam,0.003,29,mean3,492,451,10824,1,492,c4905a81dd00806ffdfddbdc69a1297f0be88e7074e434fba441d884b3dab637,0.03320820000953972,0,0,,,0.5980279906074872
mixed,inner,2,adam,0.003,29,mean3,492,451,10824,4,1968,4e8a78a86a8b6e1d54515bc17c4e01e9f8fe52bd3a237c5640e76eb91c64e235,0.13116329995682463,0,0,,,0.7845059672419988
mixed,inner,2,adam,0.003,29,mean3,492,451,10824,16,7872,c9e7ea1d84539facd7cfd5a7e1738bd18e3a2a69cb09cbe35d6c51d57cf1527a,0.5348524999571964,0,0,,,1.0064349536006822
mixed,inner,2,adam,0.003,29,mean3,492,451,10824,64,31488,0a7f7d5846c6cfde7f84d5324333cb4dade76128a096d9babf95d5e2e3d541cc,2.147799899976235,0,0,,,1.689101953155424
mixed,inner,2,adam,0.0003,43,mean3,492,451,10824,1,492,f9898c7a3ba7b8a90391b27b2916637293cf905927729c062f3985b194f4fbd3,0.03320820000953972,0,0,,,0.5266606308209483
mixed,inner,2,adam,0.0003,43,mean3,492,451,10824,4,1968,1277dbba54e14c6d453848ca2c42f96944c4ce958fb9d5c6c7e5cc309defb76d,0.13116329995682463,0,0,,,0.5447371656259544
mixed,inner,2,adam,0.0003,43,mean3,492,451,10824,16,7872,3c60db19fcf7d3f85837322b47c5d1ab03a876e2d3f775438765eba029d0d93e,0.5348524999571964,0,0,,,0.6420934635509167
mixed,inner,2,adam,0.0003,43,mean3,492,451,10824,64,31488,bef314cc7768d4eeefe07aa48ad0df4372459485a779969fd3a60cec28eaea91,2.147799899976235,0,0,,,0.9218327859115896
mixed,inner,2,adam,0.001,43,mean3,492,451,10824,1,492,f9898c7a3ba7b8a90391b27b2916637293cf905927729c062f3985b194f4fbd3,0.03320820000953972,0,0,,,0.5396722414066364
mixed,inner,2,adam,0.001,43,mean3,492,451,10824,4,1968,1277dbba54e14c6d453848ca2c42f96944c4ce958fb9d5c6c7e5cc309defb76d,0.13116329995682463,0,0,,,0.6225678075681917
mixed,inner,2,adam,0.001,43,mean3,492,451,10824,16,7872,3c60db19fcf7d3f85837322b47c5d1ab03a876e2d3f775438765eba029d0d93e,0.5348524999571964,0,0,,,0.8518220038718913
mixed,inner,2,adam,0.001,43,mean3,492,451,10824,64,31488,bef314cc7768d4eeefe07aa48ad0df4372459485a779969fd3a60cec28eaea91,2.147799899976235,0,0,,,1.0158428350218758
mixed,inner,2,adam,0.003,43,mean3,492,451,10824,1,492,f9898c7a3ba7b8a90391b27b2916637293cf905927729c062f3985b194f4fbd3,0.03320820000953972,0,0,,,0.6047007672321306
mixed,inner,2,adam,0.003,43,mean3,492,451,10824,4,1968,1277dbba54e14c6d453848ca2c42f96944c4ce958fb9d5c6c7e5cc309defb76d,0.13116329995682463,0,0,,,0.7725088086292623
mixed,inner,2,adam,0.003,43,mean3,492,451,10824,16,7872,3c60db19fcf7d3f85837322b47c5d1ab03a876e2d3f775438765eba029d0d93e,0.5348524999571964,0,0,,,0.7839090855559373
mixed,inner,2,adam,0.003,43,mean3,492,451,10824,64,31488,bef314cc7768d4eeefe07aa48ad0df4372459485a779969fd3a60cec28eaea91,2.147799899976235,0,0,,,1.0954610647042275
mixed,inner,2,tagi_diag,0.1,17,raw36,492,2563,41008,1,492,da765415efd5b355280f3868d55b1ae0693b0d99c769695a71e6096f25b471b8,0.07849119999445975,0,0,0.0004847368547704001,0.0004847368547704001,0.5203537055766939
mixed,inner,2,tagi_diag,0.1,17,raw36,492,2563,41008,4,1968,e5ce3f133c577456cad296740fb365cfdf59af18a1720662e3aaf0b30608a5f5,0.3132200000109151,0,0,6.4258353903427496e-06,6.4258353903427496e-06,0.8806931060677532
mixed,inner,2,tagi_diag,0.1,17,raw36,492,2563,41008,16,7872,0ce325060309e3732ebadbde0bbd3adeac9b70e1f9e68a96a9d8a0bab13f0041,1.2503752000047825,0,0,2.9184265502094426e-07,2.9184265502094426e-07,1.7408209434479547
mixed,inner,2,tagi_diag,0.1,17,raw36,492,2563,41008,64,31488,251b06325596e2a7c32fe276a8ef4bb87f06ee3055d44f0fda43387358f2a069,5.028190299984999,0,0,2.6453269126114512e-08,2.6453269126114512e-08,2.084951141242958
mixed,inner,2,tagi_diag,0.3,17,raw36,492,2563,41008,1,492,da765415efd5b355280f3868d55b1ae0693b0d99c769695a71e6096f25b471b8,0.07849119999445975,0,0,0.0008897345166569906,0.0008897345166569906,0.49460934923007
mixed,inner,2,tagi_diag,0.3,17,raw36,492,2563,41008,4,1968,e5ce3f133c577456cad296740fb365cfdf59af18a1720662e3aaf0b30608a5f5,0.3132200000109151,0,0,0.0001170048525791532,0.0001170048525791532,0.5351840713702717
mixed,inner,2,tagi_diag,0.3,17,raw36,492,2563,41008,16,7872,0ce325060309e3732ebadbde0bbd3adeac9b70e1f9e68a96a9d8a0bab13f0041,1.2503752000047825,0,0,1.0534401039268945e-05,1.0534401039268945e-05,0.8371397549291315
mixed,inner,2,tagi_diag,0.3,17,raw36,492,2563,41008,64,31488,251b06325596e2a7c32fe276a8ef4bb87f06ee3055d44f0fda43387358f2a069,5.028190299984999,0,0,1.1074750967472102e-06,1.1074750967472102e-06,0.994242998222827
mixed,inner,2,tagi_diag,1.0,17,raw36,492,2563,41008,1,492,da765415efd5b355280f3868d55b1ae0693b0d99c769695a71e6096f25b471b8,0.07849119999445975,0,0,0.002673225970605321,0.002673225970605321,0.5691103082403629
mixed,inner,2,tagi_diag,1.0,17,raw36,492,2563,41008,4,1968,e5ce3f133c577456cad296740fb365cfdf59af18a1720662e3aaf0b30608a5f5,0.3132200000109151,0,0,0.000712852966960262,0.000712852966960262,0.6045368635488334
mixed,inner,2,tagi_diag,1.0,17,raw36,492,2563,41008,16,7872,0ce325060309e3732ebadbde0bbd3adeac9b70e1f9e68a96a9d8a0bab13f0041,1.2503752000047825,0,0,0.00014039879373634972,0.00014039879373634972,0.5998853427442858
mixed,inner,2,tagi_diag,1.0,17,raw36,492,2563,41008,64,31488,251b06325596e2a7c32fe276a8ef4bb87f06ee3055d44f0fda43387358f2a069,5.028190299984999,0,0,2.2404858781112264e-05,2.2404858781112264e-05,0.6004906539890058
mixed,inner,2,tagi_diag,0.1,29,raw36,492,2563,41008,1,492,c4905a81dd00806ffdfddbdc69a1297f0be88e7074e434fba441d884b3dab637,0.07849119999445975,0,0,0.0005483543256790497,0.0005483543256790497,0.49487088397542667
mixed,inner,2,tagi_diag,0.1,29,raw36,492,2563,41008,4,1968,4e8a78a86a8b6e1d54515bc17c4e01e9f8fe52bd3a237c5640e76eb91c64e235,0.3132200000109151,0,0,1.1056859768884712e-05,1.1056859768884712e-05,0.8469997328571737
mixed,inner,2,tagi_diag,0.1,29,raw36,492,2563,41008,16,7872,c9e7ea1d84539facd7cfd5a7e1738bd18e3a2a69cb09cbe35d6c51d57cf1527a,1.2503752000047825,0,0,6.236714605232502e-07,6.236714605232502e-07,1.467081320102962
mixed,inner,2,tagi_diag,0.1,29,raw36,492,2563,41008,64,31488,0a7f7d5846c6cfde7f84d5324333cb4dade76128a096d9babf95d5e2e3d541cc,5.028190299984999,0,0,2.433531833926423e-08,2.433531833926423e-08,2.2211243251637995
mixed,inner,2,tagi_diag,0.3,29,raw36,492,2563,41008,1,492,c4905a81dd00806ffdfddbdc69a1297f0be88e7074e434fba441d884b3dab637,0.07849119999445975,0,0,0.0009260841069007087,0.0009260841069007087,0.4705312501766028
mixed,inner,2,tagi_diag,0.3,29,raw36,492,2563,41008,4,1968,4e8a78a86a8b6e1d54515bc17c4e01e9f8fe52bd3a237c5640e76eb91c64e235,0.3132200000109151,0,0,0.00012350153518615075,0.00012350153518615075,0.5130028850346908
mixed,inner,2,tagi_diag,0.3,29,raw36,492,2563,41008,16,7872,c9e7ea1d84539facd7cfd5a7e1738bd18e3a2a69cb09cbe35d6c51d57cf1527a,1.2503752000047825,0,0,1.3307915963179629e-05,1.3307915963179629e-05,0.7864261237261198
mixed,inner,2,tagi_diag,0.3,29,raw36,492,2563,41008,64,31488,0a7f7d5846c6cfde7f84d5324333cb4dade76128a096d9babf95d5e2e3d541cc,5.028190299984999,0,0,1.2850089035649962e-06,1.2850089035649962e-06,1.0699579417000153
mixed,inner,2,tagi_diag,1.0,29,raw36,492,2563,41008,1,492,c4905a81dd00806ffdfddbdc69a1297f0be88e7074e434fba441d884b3dab637,0.07849119999445975,0,0,0.0026803889856718333,0.0026803889856718333,0.5188332515006614
mixed,inner,2,tagi_diag,1.0,29,raw36,492,2563,41008,4,1968,4e8a78a86a8b6e1d54515bc17c4e01e9f8fe52bd3a237c5640e76eb91c64e235,0.3132200000109151,0,0,0.0007239618704033047,0.0007239618704033047,0.5394411789189164
mixed,inner,2,tagi_diag,1.0,29,raw36,492,2563,41008,16,7872,c9e7ea1d84539facd7cfd5a7e1738bd18e3a2a69cb09cbe35d6c51d57cf1527a,1.2503752000047825,0,0,0.00014468344258742222,0.00014468344258742222,0.5448257338496117
mixed,inner,2,tagi_diag,1.0,29,raw36,492,2563,41008,64,31488,0a7f7d5846c6cfde7f84d5324333cb4dade76128a096d9babf95d5e2e3d541cc,5.028190299984999,0,0,2.4934773028168938e-05,2.4934773028168938e-05,0.5548514386872183
mixed,inner,2,tagi_diag,0.1,43,raw36,492,2563,41008,1,492,f9898c7a3ba7b8a90391b27b2916637293cf905927729c062f3985b194f4fbd3,0.07849119999445975,0,0,0.0005901005451285659,0.0005901005451285659,0.528722118784417
mixed,inner,2,tagi_diag,0.1,43,raw36,492,2563,41008,4,1968,1277dbba54e14c6d453848ca2c42f96944c4ce958fb9d5c6c7e5cc309defb76d,0.3132200000109151,0,0,1.6182961318986934e-05,1.6182961318986934e-05,0.817034007504728
mixed,inner,2,tagi_diag,0.1,43,raw36,492,2563,41008,16,7872,3c60db19fcf7d3f85837322b47c5d1ab03a876e2d3f775438765eba029d0d93e,1.2503752000047825,0,0,3.6626045504883384e-07,3.6626045504883384e-07,1.5375610711222643
mixed,inner,2,tagi_diag,0.1,43,raw36,492,2563,41008,64,31488,bef314cc7768d4eeefe07aa48ad0df4372459485a779969fd3a60cec28eaea91,5.028190299984999,0,0,2.6409731859208526e-08,2.6409731859208526e-08,2.3671154694610856
mixed,inner,2,tagi_diag,0.3,43,raw36,492,2563,41008,1,492,f9898c7a3ba7b8a90391b27b2916637293cf905927729c062f3985b194f4fbd3,0.07849119999445975,0,0,0.0009313053124670848,0.0009313053124670848,0.4767296405600174
mixed,inner,2,tagi_diag,0.3,43,raw36,492,2563,41008,4,1968,1277dbba54e14c6d453848ca2c42f96944c4ce958fb9d5c6c7e5cc309defb76d,0.3132200000109151,0,0,0.00012845205599755917,0.00012845205599755917,0.5553531214835102
mixed,inner,2,tagi_diag,0.3,43,raw36,492,2563,41008,16,7872,3c60db19fcf7d3f85837322b47c5d1ab03a876e2d3f775438765eba029d0d93e,1.2503752000047825,0,0,9.63734691763906e-06,9.63734691763906e-06,0.8515261963430983
mixed,inner,2,tagi_diag,0.3,43,raw36,492,2563,41008,64,31488,bef314cc7768d4eeefe07aa48ad0df4372459485a779969fd3a60cec28eaea91,5.028190299984999,0,0,1.0953499778464543e-06,1.0953499778464543e-06,0.9934674734170882
mixed,inner,2,tagi_diag,1.0,43,raw36,492,2563,41008,1,492,f9898c7a3ba7b8a90391b27b2916637293cf905927729c062f3985b194f4fbd3,0.07849119999445975,0,0,0.002205709715510113,0.002205709715510113,0.49523297495262725
mixed,inner,2,tagi_diag,1.0,43,raw36,492,2563,41008,4,1968,1277dbba54e14c6d453848ca2c42f96944c4ce958fb9d5c6c7e5cc309defb76d,0.3132200000109151,0,0,0.0004808807717644252,0.0004808807717644252,0.5338780305881249
mixed,inner,2,tagi_diag,1.0,43,raw36,492,2563,41008,16,7872,3c60db19fcf7d3f85837322b47c5d1ab03a876e2d3f775438765eba029d0d93e,1.2503752000047825,0,0,6.661658743971212e-05,6.661658743971212e-05,0.5467654362943658
mixed,inner,2,tagi_diag,1.0,43,raw36,492,2563,41008,64,31488,bef314cc7768d4eeefe07aa48ad0df4372459485a779969fd3a60cec28eaea91,5.028190299984999,0,0,1.032682862452559e-05,1.032682862452559e-05,0.561120633843781
mixed,inner,2,tagi_diag,0.1,17,mean3,492,451,7216,1,492,da765415efd5b355280f3868d55b1ae0693b0d99c769695a71e6096f25b471b8,0.050088100018911064,0,0,4.683888954343117e-05,4.683888954343117e-05,1.1093155664098464
mixed,inner,2,tagi_diag,0.1,17,mean3,492,451,7216,4,1968,e5ce3f133c577456cad296740fb365cfdf59af18a1720662e3aaf0b30608a5f5,0.20347520004725084,279,2,-0.002685301014619855,1e-12,1.1044184978267144
mixed,inner,2,tagi_diag,0.1,17,mean3,492,451,7216,16,7872,0ce325060309e3732ebadbde0bbd3adeac9b70e1f9e68a96a9d8a0bab13f0041,0.7961125000147149,1579,2,-0.002685301014619855,1e-12,1.1196666646099178
mixed,inner,2,tagi_diag,0.1,17,mean3,492,451,7216,64,31488,251b06325596e2a7c32fe276a8ef4bb87f06ee3055d44f0fda43387358f2a069,3.1552362000220455,6881,2,-0.002685301014619855,1e-12,1.3117251688226395
mixed,inner,2,tagi_diag,0.3,17,mean3,492,451,7216,1,492,da765415efd5b355280f3868d55b1ae0693b0d99c769695a71e6096f25b471b8,0.050088100018911064,0,0,0.0003007720494787943,0.0003007720494787943,0.8081186772387453
mixed,inner,2,tagi_diag,0.3,17,mean3,492,451,7216,4,1968,e5ce3f133c577456cad296740fb365cfdf59af18a1720662e3aaf0b30608a5f5,0.20347520004725084,0,0,5.828892403945511e-05,5.828892403945511e-05,0.8355730998247467
mixed,inner,2,tagi_diag,0.3,17,mean3,492,451,7216,16,7872,0ce325060309e3732ebadbde0bbd3adeac9b70e1f9e68a96a9d8a0bab13f0041,0.7961125000147149,0,0,1.254349353361156e-05,1.254349353361156e-05,1.063933250029476
mixed,inner,2,tagi_diag,0.3,17,mean3,492,451,7216,64,31488,251b06325596e2a7c32fe276a8ef4bb87f06ee3055d44f0fda43387358f2a069,3.1552362000220455,0,0,2.946390391604473e-06,2.946390391604473e-06,1.3322222720959784
mixed,inner,2,tagi_diag,1.0,17,mean3,492,451,7216,1,492,da765415efd5b355280f3868d55b1ae0693b0d99c769695a71e6096f25b471b8,0.050088100018911064,0,0,0.0019092964081085357,0.0019092964081085357,0.7252174556422024
mixed,inner,2,tagi_diag,1.0,17,mean3,492,451,7216,4,1968,e5ce3f133c577456cad296740fb365cfdf59af18a1720662e3aaf0b30608a5f5,0.20347520004725084,0,0,0.0005332534027954875,0.0005332534027954875,0.8258384731509798
mixed,inner,2,tagi_diag,1.0,17,mean3,492,451,7216,16,7872,0ce325060309e3732ebadbde0bbd3adeac9b70e1f9e68a96a9d8a0bab13f0041,0.7961125000147149,0,0,0.00013165792828349345,0.00013165792828349345,0.8731132118335179
mixed,inner,2,tagi_diag,1.0,17,mean3,492,451,7216,64,31488,251b06325596e2a7c32fe276a8ef4bb87f06ee3055d44f0fda43387358f2a069,3.1552362000220455,0,0,3.2253269905809695e-05,3.2253269905809695e-05,0.9310935941160181
mixed,inner,2,tagi_diag,0.1,29,mean3,492,451,7216,1,492,c4905a81dd00806ffdfddbdc69a1297f0be88e7074e434fba441d884b3dab637,0.050088100018911064,0,0,5.226612442083675e-05,5.226612442083675e-05,0.9440519106558312
mixed,inner,2,tagi_diag,0.1,29,mean3,492,451,7216,4,1968,4e8a78a86a8b6e1d54515bc17c4e01e9f8fe52bd3a237c5640e76eb91c64e235,0.20347520004725084,0,0,6.8065036506349e-06,6.8065036506349e-06,1.0293220869125492
mixed,inner,2,tagi_diag,0.1,29,mean3,492,451,7216,16,7872,c9e7ea1d84539facd7cfd5a7e1738bd18e3a2a69cb09cbe35d6c51d57cf1527a,0.7961125000147149,0,0,1.3806077058379266e-06,1.3806077058379266e-06,1.0571175390595717
mixed,inner,2,tagi_diag,0.1,29,mean3,492,451,7216,64,31488,0a7f7d5846c6cfde7f84d5324333cb4dade76128a096d9babf95d5e2e3d541cc,3.1552362000220455,0,0,3.02432221620562e-07,3.02432221620562e-07,1.2864028556782368
mixed,inner,2,tagi_diag,0.3,29,mean3,492,451,7216,1,492,c4905a81dd00806ffdfddbdc69a1297f0be88e7074e434fba441d884b3dab637,0.050088100018911064,0,0,0.0003043747940175161,0.0003043747940175161,0.7189462746259625
mixed,inner,2,tagi_diag,0.3,29,mean3,492,451,7216,4,1968,4e8a78a86a8b6e1d54515bc17c4e01e9f8fe52bd3a237c5640e76eb91c64e235,0.20347520004725084,0,0,5.8173039096572476e-05,5.8173039096572476e-05,0.844960205658483
mixed,inner,2,tagi_diag,0.3,29,mean3,492,451,7216,16,7872,c9e7ea1d84539facd7cfd5a7e1738bd18e3a2a69cb09cbe35d6c51d57cf1527a,0.7961125000147149,0,0,1.2499117827539223e-05,1.2499117827539223e-05,0.8488271267133062
mixed,inner,2,tagi_diag,0.3,29,mean3,492,451,7216,64,31488,0a7f7d5846c6cfde7f84d5324333cb4dade76128a096d9babf95d5e2e3d541cc,3.1552362000220455,0,0,2.945938828707306e-06,2.945938828707306e-06,1.0657130835767896
mixed,inner,2,tagi_diag,1.0,29,mean3,492,451,7216,1,492,c4905a81dd00806ffdfddbdc69a1297f0be88e7074e434fba441d884b3dab637,0.050088100018911064,0,0,0.0019295897847900335,0.0019295897847900335,0.6560195232696566
mixed,inner,2,tagi_diag,1.0,29,mean3,492,451,7216,4,1968,4e8a78a86a8b6e1d54515bc17c4e01e9f8fe52bd3a237c5640e76eb91c64e235,0.20347520004725084,0,0,0.0005363322029194702,0.0005363322029194702,0.7826341888070553
mixed,inner,2,tagi_diag,1.0,29,mean3,492,451,7216,16,7872,c9e7ea1d84539facd7cfd5a7e1738bd18e3a2a69cb09cbe35d6c51d57cf1527a,0.7961125000147149,0,0,0.00013195600025604464,0.00013195600025604464,0.9168493216246438
mixed,inner,2,tagi_diag,1.0,29,mean3,492,451,7216,64,31488,0a7f7d5846c6cfde7f84d5324333cb4dade76128a096d9babf95d5e2e3d541cc,3.1552362000220455,0,0,3.227238509518224e-05,3.227238509518224e-05,0.9654754410092834
mixed,inner,2,tagi_diag,0.1,43,mean3,492,451,7216,1,492,f9898c7a3ba7b8a90391b27b2916637293cf905927729c062f3985b194f4fbd3,0.050088100018911064,0,0,5.128384129763191e-05,5.128384129763191e-05,0.9502572153050864
mixed,inner,2,tagi_diag,0.1,43,mean3,492,451,7216,4,1968,1277dbba54e14c6d453848ca2c42f96944c4ce958fb9d5c6c7e5cc309defb76d,0.20347520004725084,0,0,6.808241514770645e-06,6.808241514770645e-06,1.0224504794301534
mixed,inner,2,tagi_diag,0.1,43,mean3,492,451,7216,16,7872,3c60db19fcf7d3f85837322b47c5d1ab03a876e2d3f775438765eba029d0d93e,0.7961125000147149,0,0,1.3828955779346696e-06,1.3828955779346696e-06,1.0311813789566908
mixed,inner,2,tagi_diag,0.1,43,mean3,492,451,7216,64,31488,bef314cc7768d4eeefe07aa48ad0df4372459485a779969fd3a60cec28eaea91,3.1552362000220455,0,0,3.254835978009273e-07,3.254835978009273e-07,1.1782857182408042
mixed,inner,2,tagi_diag,0.3,43,mean3,492,451,7216,1,492,f9898c7a3ba7b8a90391b27b2916637293cf905927729c062f3985b194f4fbd3,0.050088100018911064,0,0,0.00030978990247855856,0.00030978990247855856,0.7825234659599989
mixed,inner,2,tagi_diag,0.3,43,mean3,492,451,7216,4,1968,1277dbba54e14c6d453848ca2c42f96944c4ce958fb9d5c6c7e5cc309defb76d,0.20347520004725084,0,0,5.8175680921916336e-05,5.8175680921916336e-05,0.9165397055881689
mixed,inner,2,tagi_diag,0.3,43,mean3,492,451,7216,16,7872,3c60db19fcf7d3f85837322b47c5d1ab03a876e2d3f775438765eba029d0d93e,0.7961125000147149,0,0,1.2503041788514127e-05,1.2503041788514127e-05,0.9150522729844657
mixed,inner,2,tagi_diag,0.3,43,mean3,492,451,7216,64,31488,bef314cc7768d4eeefe07aa48ad0df4372459485a779969fd3a60cec28eaea91,3.1552362000220455,0,0,2.9457042994164607e-06,2.9457042994164607e-06,1.3239563551418871
mixed,inner,2,tagi_diag,1.0,43,mean3,492,451,7216,1,492,f9898c7a3ba7b8a90391b27b2916637293cf905927729c062f3985b194f4fbd3,0.050088100018911064,0,0,0.001921098717178836,0.001921098717178836,0.5540173497059208
mixed,inner,2,tagi_diag,1.0,43,mean3,492,451,7216,4,1968,1277dbba54e14c6d453848ca2c42f96944c4ce958fb9d5c6c7e5cc309defb76d,0.20347520004725084,0,0,0.0005385515557254563,0.0005385515557254563,0.8454068228995288
mixed,inner,2,tagi_diag,1.0,43,mean3,492,451,7216,16,7872,3c60db19fcf7d3f85837322b47c5d1ab03a876e2d3f775438765eba029d0d93e,0.7961125000147149,0,0,0.00013231273572761147,0.00013231273572761147,0.9291296391788463
mixed,inner,2,tagi_diag,1.0,43,mean3,492,451,7216,64,31488,bef314cc7768d4eeefe07aa48ad0df4372459485a779969fd3a60cec28eaea91,3.1552362000220455,0,0,3.232213132918072e-05,3.232213132918072e-05,0.9587621665312498
mixed,inner,2,tagi_full3,0.1,17,raw36,492,2563,41008,1,492,da765415efd5b355280f3868d55b1ae0693b0d99c769695a71e6096f25b471b8,0.09123290004208684,0,0,0.0005068211435895701,0.0005068211435895701,0.5404295233637036
mixed,inner,2,tagi_full3,0.1,17,raw36,492,2563,41008,4,1968,e5ce3f133c577456cad296740fb365cfdf59af18a1720662e3aaf0b30608a5f5,0.3659289000206627,0,0,1.0639211158701255e-05,1.0639211158701255e-05,0.8481437767584196
mixed,inner,2,tagi_full3,0.1,17,raw36,492,2563,41008,16,7872,0ce325060309e3732ebadbde0bbd3adeac9b70e1f9e68a96a9d8a0bab13f0041,1.4919823000091128,0,0,4.623927815070977e-07,4.623927815070977e-07,1.482090904743788
mixed,inner,2,tagi_full3,0.1,17,raw36,492,2563,41008,64,31488,251b06325596e2a7c32fe276a8ef4bb87f06ee3055d44f0fda43387358f2a069,5.873662300000433,0,0,5.2748849700521076e-08,5.2748849700521076e-08,2.2684952486657934
mixed,inner,2,tagi_full3,0.3,17,raw36,492,2563,41008,1,492,da765415efd5b355280f3868d55b1ae0693b0d99c769695a71e6096f25b471b8,0.09123290004208684,0,0,0.0008862902039975136,0.0008862902039975136,0.4968745441405246
mixed,inner,2,tagi_full3,0.3,17,raw36,492,2563,41008,4,1968,e5ce3f133c577456cad296740fb365cfdf59af18a1720662e3aaf0b30608a5f5,0.3659289000206627,0,0,0.00011596866060021953,0.00011596866060021953,0.57727147638218
mixed,inner,2,tagi_full3,0.3,17,raw36,492,2563,41008,16,7872,0ce325060309e3732ebadbde0bbd3adeac9b70e1f9e68a96a9d8a0bab13f0041,1.4919823000091128,0,0,1.4200845064039046e-05,1.4200845064039046e-05,0.8098230912973358
mixed,inner,2,tagi_full3,0.3,17,raw36,492,2563,41008,64,31488,251b06325596e2a7c32fe276a8ef4bb87f06ee3055d44f0fda43387358f2a069,5.873662300000433,0,0,1.212163211305561e-06,1.212163211305561e-06,0.9962584520930285
mixed,inner,2,tagi_full3,1.0,17,raw36,492,2563,41008,1,492,da765415efd5b355280f3868d55b1ae0693b0d99c769695a71e6096f25b471b8,0.09123290004208684,0,0,0.0026719158835433556,0.0026719158835433556,0.5727498618475192
mixed,inner,2,tagi_full3,1.0,17,raw36,492,2563,41008,4,1968,e5ce3f133c577456cad296740fb365cfdf59af18a1720662e3aaf0b30608a5f5,0.3659289000206627,0,0,0.000712285002726077,0.000712285002726077,0.6108364345456881
mixed,inner,2,tagi_full3,1.0,17,raw36,492,2563,41008,16,7872,0ce325060309e3732ebadbde0bbd3adeac9b70e1f9e68a96a9d8a0bab13f0041,1.4919823000091128,0,0,0.00014019574494754858,0.00014019574494754858,0.6081294902847157
mixed,inner,2,tagi_full3,1.0,17,raw36,492,2563,41008,64,31488,251b06325596e2a7c32fe276a8ef4bb87f06ee3055d44f0fda43387358f2a069,5.873662300000433,0,0,2.2335481411178637e-05,2.2335481411178637e-05,0.6092679607173349
mixed,inner,2,tagi_full3,0.1,29,raw36,492,2563,41008,1,492,c4905a81dd00806ffdfddbdc69a1297f0be88e7074e434fba441d884b3dab637,0.09123290004208684,0,0,0.0005742837112108014,0.0005742837112108014,0.48957050478318814
mixed,inner,2,tagi_full3,0.1,29,raw36,492,2563,41008,4,1968,4e8a78a86a8b6e1d54515bc17c4e01e9f8fe52bd3a237c5640e76eb91c64e235,0.3659289000206627,0,0,2.027086733917848e-05,2.027086733917848e-05,0.8470768857687986
mixed,inner,2,tagi_full3,0.1,29,raw36,492,2563,41008,16,7872,c9e7ea1d84539facd7cfd5a7e1738bd18e3a2a69cb09cbe35d6c51d57cf1527a,1.4919823000091128,0,0,2.738977169485803e-07,2.738977169485803e-07,1.4412235682150996
mixed,inner,2,tagi_full3,0.1,29,raw36,492,2563,41008,64,31488,0a7f7d5846c6cfde7f84d5324333cb4dade76128a096d9babf95d5e2e3d541cc,5.873662300000433,0,0,2.1732274481668737e-08,2.1732274481668737e-08,2.0353703535602317
mixed,inner,2,tagi_full3,0.3,29,raw36,492,2563,41008,1,492,c4905a81dd00806ffdfddbdc69a1297f0be88e7074e434fba441d884b3dab637,0.09123290004208684,0,0,0.0009316264249584707,0.0009316264249584707,0.48246911448521884
mixed,inner,2,tagi_full3,0.3,29,raw36,492,2563,41008,4,1968,4e8a78a86a8b6e1d54515bc17c4e01e9f8fe52bd3a237c5640e76eb91c64e235,0.3659289000206627,0,0,0.00012522507572055788,0.00012522507572055788,0.5008541551273546
mixed,inner,2,tagi_full3,0.3,29,raw36,492,2563,41008,16,7872,c9e7ea1d84539facd7cfd5a7e1738bd18e3a2a69cb09cbe35d6c51d57cf1527a,1.4919823000091128,0,0,1.4535701888946966e-05,1.4535701888946966e-05,0.9265446747983632
mixed,inner,2,tagi_full3,0.3,29,raw36,492,2563,41008,64,31488,0a7f7d5846c6cfde7f84d5324333cb4dade76128a096d9babf95d5e2e3d541cc,5.873662300000433,0,0,1.5132500043147715e-06,1.5132500043147715e-06,1.3069676626423075
mixed,inner,2,tagi_full3,1.0,29,raw36,492,2563,41008,1,492,c4905a81dd00806ffdfddbdc69a1297f0be88e7074e434fba441d884b3dab637,0.09123290004208684,0,0,0.0026794449564698157,0.0026794449564698157,0.5195310853879523
mixed,inner,2,tagi_full3,1.0,29,raw36,492,2563,41008,4,1968,4e8a78a86a8b6e1d54515bc17c4e01e9f8fe52bd3a237c5640e76eb91c64e235,0.3659289000206627,0,0,0.0007235855240417023,0.0007235855240417023,0.5371367392309192
mixed,inner,2,tagi_full3,1.0,29,raw36,492,2563,41008,16,7872,c9e7ea1d84539facd7cfd5a7e1738bd18e3a2a69cb09cbe35d6c51d57cf1527a,1.4919823000091128,0,0,0.00013845697624710257,0.00013845697624710257,0.541440270949111
mixed,inner,2,tagi_full3,1.0,29,raw36,492,2563,41008,64,31488,0a7f7d5846c6cfde7f84d5324333cb4dade76128a096d9babf95d5e2e3d541cc,5.873662300000433,0,0,2.3304580460574998e-05,2.3304580460574998e-05,0.5509545168028934
mixed,inner,2,tagi_full3,0.1,43,raw36,492,2563,41008,1,492,f9898c7a3ba7b8a90391b27b2916637293cf905927729c062f3985b194f4fbd3,0.09123290004208684,0,0,0.0005804647116557654,0.0005804647116557654,0.5298339736694072
mixed,inner,2,tagi_full3,0.1,43,raw36,492,2563,41008,4,1968,1277dbba54e14c6d453848ca2c42f96944c4ce958fb9d5c6c7e5cc309defb76d,0.3659289000206627,0,0,1.3156678047812213e-05,1.3156678047812213e-05,0.7587757176041037
mixed,inner,2,tagi_full3,0.1,43,raw36,492,2563,41008,16,7872,3c60db19fcf7d3f85837322b47c5d1ab03a876e2d3f775438765eba029d0d93e,1.4919823000091128,0,0,4.836473050476638e-07,4.836473050476638e-07,1.54221509105013
mixed,inner,2,tagi_full3,0.1,43,raw36,492,2563,41008,64,31488,bef314cc7768d4eeefe07aa48ad0df4372459485a779969fd3a60cec28eaea91,5.873662300000433,0,0,3.9117980836055606e-08,3.9117980836055606e-08,2.3604260864909037
mixed,inner,2,tagi_full3,0.3,43,raw36,492,2563,41008,1,492,f9898c7a3ba7b8a90391b27b2916637293cf905927729c062f3985b194f4fbd3,0.09123290004208684,0,0,0.000935664267315033,0.000935664267315033,0.4804651225508438
mixed,inner,2,tagi_full3,0.3,43,raw36,492,2563,41008,4,1968,1277dbba54e14c6d453848ca2c42f96944c4ce958fb9d5c6c7e5cc309defb76d,0.3659289000206627,0,0,0.00012974309420253505,0.00012974309420253505,0.5354493310726581
mixed,inner,2,tagi_full3,0.3,43,raw36,492,2563,41008,16,7872,3c60db19fcf7d3f85837322b47c5d1ab03a876e2d3f775438765eba029d0d93e,1.4919823000091128,0,0,1.2077581062906339e-05,1.2077581062906339e-05,0.7632080947413594
mixed,inner,2,tagi_full3,0.3,43,raw36,492,2563,41008,64,31488,bef314cc7768d4eeefe07aa48ad0df4372459485a779969fd3a60cec28eaea91,5.873662300000433,0,0,1.2610504713026473e-06,1.2610504713026473e-06,0.9657769720208289
mixed,inner,2,tagi_full3,1.0,43,raw36,492,2563,41008,1,492,f9898c7a3ba7b8a90391b27b2916637293cf905927729c062f3985b194f4fbd3,0.09123290004208684,0,0,0.002192262489754714,0.002192262489754714,0.504415970657087
mixed,inner,2,tagi_full3,1.0,43,raw36,492,2563,41008,4,1968,1277dbba54e14c6d453848ca2c42f96944c4ce958fb9d5c6c7e5cc309defb76d,0.3659289000206627,0,0,0.0004666795853483808,0.0004666795853483808,0.5383333295455783
mixed,inner,2,tagi_full3,1.0,43,raw36,492,2563,41008,16,7872,3c60db19fcf7d3f85837322b47c5d1ab03a876e2d3f775438765eba029d0d93e,1.4919823000091128,0,0,6.372589754554279e-05,6.372589754554279e-05,0.5475676692682389
mixed,inner,2,tagi_full3,1.0,43,raw36,492,2563,41008,64,31488,bef314cc7768d4eeefe07aa48ad0df4372459485a779969fd3a60cec28eaea91,5.873662300000433,0,0,9.449950303994217e-06,9.449950303994217e-06,0.5582880231832099
mixed,inner,2,tagi_full3,0.1,17,mean3,492,451,7216,1,492,da765415efd5b355280f3868d55b1ae0693b0d99c769695a71e6096f25b471b8,0.06174600002123043,0,0,4.8550192253248756e-05,4.8550192253248756e-05,1.0624588205643237
mixed,inner,2,tagi_full3,0.1,17,mean3,492,451,7216,4,1968,e5ce3f133c577456cad296740fb365cfdf59af18a1720662e3aaf0b30608a5f5,0.2428688000072725,0,0,6.5759590939838745e-06,6.5759590939838745e-06,1.0472915874854882
mixed,inner,2,tagi_full3,0.1,17,mean3,492,451,7216,16,7872,0ce325060309e3732ebadbde0bbd3adeac9b70e1f9e68a96a9d8a0bab13f0041,0.969310000014957,0,0,1.3687316014648585e-06,1.3687316014648585e-06,1.061281474189786
mixed,inner,2,tagi_full3,0.1,17,mean3,492,451,7216,64,31488,251b06325596e2a7c32fe276a8ef4bb87f06ee3055d44f0fda43387358f2a069,3.8867981000221334,0,0,3.2479551014605655e-07,3.2479551014605655e-07,1.0626943429779894
mixed,inner,2,tagi_full3,0.3,17,mean3,492,451,7216,1,492,da765415efd5b355280f3868d55b1ae0693b0d99c769695a71e6096f25b471b8,0.06174600002123043,0,0,0.000299559202289749,0.000299559202289749,0.78781788712228
mixed,inner,2,tagi_full3,0.3,17,mean3,492,451,7216,4,1968,e5ce3f133c577456cad296740fb365cfdf59af18a1720662e3aaf0b30608a5f5,0.2428688000072725,0,0,5.799389626647677e-05,5.799389626647677e-05,0.8725376508107399
mixed,inner,2,tagi_full3,0.3,17,mean3,492,451,7216,16,7872,0ce325060309e3732ebadbde0bbd3adeac9b70e1f9e68a96a9d8a0bab13f0041,0.969310000014957,0,0,1.2503982852949354e-05,1.2503982852949354e-05,0.9770551765057902
mixed,inner,2,tagi_full3,0.3,17,mean3,492,451,7216,64,31488,251b06325596e2a7c32fe276a8ef4bb87f06ee3055d44f0fda43387358f2a069,3.8867981000221334,0,0,2.9474057328780263e-06,2.9474057328780263e-06,1.1343383933602882
mixed,inner,2,tagi_full3,1.0,17,mean3,492,451,7216,1,492,da765415efd5b355280f3868d55b1ae0693b0d99c769695a71e6096f25b471b8,0.06174600002123043,0,0,0.001909323722461367,0.001909323722461367,0.7255861063384695
mixed,inner,2,tagi_full3,1.0,17,mean3,492,451,7216,4,1968,e5ce3f133c577456cad296740fb365cfdf59af18a1720662e3aaf0b30608a5f5,0.2428688000072725,0,0,0.000533274347753022,0.000533274347753022,0.826770449888785
mixed,inner,2,tagi_full3,1.0,17,mean3,492,451,7216,16,7872,0ce325060309e3732ebadbde0bbd3adeac9b70e1f9e68a96a9d8a0bab13f0041,0.969310000014957,0,0,0.00013165871706486858,0.00013165871706486858,0.8691113940437434
mixed,inner,2,tagi_full3,1.0,17,mean3,492,451,7216,64,31488,251b06325596e2a7c32fe276a8ef4bb87f06ee3055d44f0fda43387358f2a069,3.8867981000221334,0,0,3.224903619791223e-05,3.224903619791223e-05,0.9176807761151659
mixed,inner,2,tagi_full3,0.1,29,mean3,492,451,7216,1,492,c4905a81dd00806ffdfddbdc69a1297f0be88e7074e434fba441d884b3dab637,0.06174600002123043,0,0,5.069493745692556e-05,5.069493745692556e-05,0.8893279409407288
mixed,inner,2,tagi_full3,0.1,29,mean3,492,451,7216,4,1968,4e8a78a86a8b6e1d54515bc17c4e01e9f8fe52bd3a237c5640e76eb91c64e235,0.2428688000072725,0,0,6.724383540675445e-06,6.724383540675445e-06,1.036243597728012
mixed,inner,2,tagi_full3,0.1,29,mean3,492,451,7216,16,7872,c9e7ea1d84539facd7cfd5a7e1738bd18e3a2a69cb09cbe35d6c51d57cf1527a,0.969310000014957,0,0,1.376490043078318e-06,1.376490043078318e-06,1.0628335263165973
mixed,inner,2,tagi_full3,0.1,29,mean3,492,451,7216,64,31488,0a7f7d5846c6cfde7f84d5324333cb4dade76128a096d9babf95d5e2e3d541cc,3.8867981000221334,0,0,3.2498981824501956e-07,3.2498981824501956e-07,1.2343758124821105
mixed,inner,2,tagi_full3,0.3,29,mean3,492,451,7216,1,492,c4905a81dd00806ffdfddbdc69a1297f0be88e7074e434fba441d884b3dab637,0.06174600002123043,0,0,0.000304321783094296,0.000304321783094296,0.6975026643938537
mixed,inner,2,tagi_full3,0.3,29,mean3,492,451,7216,4,1968,4e8a78a86a8b6e1d54515bc17c4e01e9f8fe52bd3a237c5640e76eb91c64e235,0.2428688000072725,0,0,5.817414811752446e-05,5.817414811752446e-05,0.8116573647934162
mixed,inner,2,tagi_full3,0.3,29,mean3,492,451,7216,16,7872,c9e7ea1d84539facd7cfd5a7e1738bd18e3a2a69cb09cbe35d6c51d57cf1527a,0.969310000014957,0,0,1.2478028557386707e-05,1.2478028557386707e-05,0.9318850858732595
mixed,inner,2,tagi_full3,0.3,29,mean3,492,451,7216,64,31488,0a7f7d5846c6cfde7f84d5324333cb4dade76128a096d9babf95d5e2e3d541cc,3.8867981000221334,0,0,2.900184200859571e-06,2.900184200859571e-06,1.2066029388085746
mixed,inner,2,tagi_full3,1.0,29,mean3,492,451,7216,1,492,c4905a81dd00806ffdfddbdc69a1297f0be88e7074e434fba441d884b3dab637,0.06174600002123043,0,0,0.001928756424133909,0.001928756424133909,0.6676256469092414
mixed,inner,2,tagi_full3,1.0,29,mean3,492,451,7216,4,1968,4e8a78a86a8b6e1d54515bc17c4e01e9f8fe52bd3a237c5640e76eb91c64e235,0.2428688000072725,0,0,0.0005362021209162787,0.0005362021209162787,0.7885207876646854
mixed,inner,2,tagi_full3,1.0,29,mean3,492,451,7216,16,7872,c9e7ea1d84539facd7cfd5a7e1738bd18e3a2a69cb09cbe35d6c51d57cf1527a,0.969310000014957,0,0,0.00013193166359480322,0.00013193166359480322,0.9221390321768698
mixed,inner,2,tagi_full3,1.0,29,mean3,492,451,7216,64,31488,0a7f7d5846c6cfde7f84d5324333cb4dade76128a096d9babf95d5e2e3d541cc,3.8867981000221334,0,0,3.227105610478386e-05,3.227105610478386e-05,0.9507877327524938
mixed,inner,2,tagi_full3,0.1,43,mean3,492,451,7216,1,492,f9898c7a3ba7b8a90391b27b2916637293cf905927729c062f3985b194f4fbd3,0.06174600002123043,0,0,4.809973467818916e-05,4.809973467818916e-05,0.8556862774635638
mixed,inner,2,tagi_full3,0.1,43,mean3,492,451,7216,4,1968,1277dbba54e14c6d453848ca2c42f96944c4ce958fb9d5c6c7e5cc309defb76d,0.2428688000072725,0,0,6.618579412902933e-06,6.618579412902933e-06,1.1688062959743704
mixed,inner,2,tagi_full3,0.1,43,mean3,492,451,7216,16,7872,3c60db19fcf7d3f85837322b47c5d1ab03a876e2d3f775438765eba029d0d93e,0.969310000014957,0,0,1.3784372077381763e-06,1.3784372077381763e-06,1.2874523321939446
mixed,inner,2,tagi_full3,0.1,43,mean3,492,451,7216,64,31488,bef314cc7768d4eeefe07aa48ad0df4372459485a779969fd3a60cec28eaea91,3.8867981000221334,0,0,3.2516213763345947e-07,3.2516213763345947e-07,1.379565480148555
mixed,inner,2,tagi_full3,0.3,43,mean3,492,451,7216,1,492,f9898c7a3ba7b8a90391b27b2916637293cf905927729c062f3985b194f4fbd3,0.06174600002123043,0,0,0.0003100729147926549,0.0003100729147926549,0.7819629972660002
mixed,inner,2,tagi_full3,0.3,43,mean3,492,451,7216,4,1968,1277dbba54e14c6d453848ca2c42f96944c4ce958fb9d5c6c7e5cc309defb76d,0.2428688000072725,0,0,5.805275593731981e-05,5.805275593731981e-05,0.9558937958506679
mixed,inner,2,tagi_full3,0.3,43,mean3,492,451,7216,16,7872,3c60db19fcf7d3f85837322b47c5d1ab03a876e2d3f775438765eba029d0d93e,0.969310000014957,0,0,1.25160041589039e-05,1.25160041589039e-05,0.9505444712545068
mixed,inner,2,tagi_full3,0.3,43,mean3,492,451,7216,64,31488,bef314cc7768d4eeefe07aa48ad0df4372459485a779969fd3a60cec28eaea91,3.8867981000221334,0,0,2.9460709018090124e-06,2.9460709018090124e-06,1.2412211523901198
mixed,inner,2,tagi_full3,1.0,43,mean3,492,451,7216,1,492,f9898c7a3ba7b8a90391b27b2916637293cf905927729c062f3985b194f4fbd3,0.06174600002123043,0,0,0.001920427527249649,0.001920427527249649,0.5552905407458039
mixed,inner,2,tagi_full3,1.0,43,mean3,492,451,7216,4,1968,1277dbba54e14c6d453848ca2c42f96944c4ce958fb9d5c6c7e5cc309defb76d,0.2428688000072725,0,0,0.0005386924322411795,0.0005386924322411795,0.8504075558658323
mixed,inner,2,tagi_full3,1.0,43,mean3,492,451,7216,16,7872,3c60db19fcf7d3f85837322b47c5d1ab03a876e2d3f775438765eba029d0d93e,0.969310000014957,0,0,0.00013233377375017238,0.00013233377375017238,0.9353832467682388
mixed,inner,2,tagi_full3,1.0,43,mean3,492,451,7216,64,31488,bef314cc7768d4eeefe07aa48ad0df4372459485a779969fd3a60cec28eaea91,3.8867981000221334,0,0,3.232294472240202e-05,3.232294472240202e-05,0.9658956174431281
mixed,final,,adam,0.0003,17,raw36,734,2563,61512,1,734,8961d5995ed84f2e6ba8c4e90c4d8d19d8af91f4084a92f319031d69369621ca,0.05456650000996888,0,0,,,0.5330408577361408
mixed,final,,adam,0.0003,17,raw36,734,2563,61512,4,2936,330524fee3af7a4400643f2503c17ce915df5dd3d7f61a715fcddd99b87042ee,0.22273629996925592,0,0,,,0.5625480007089054
mixed,final,,adam,0.0003,17,raw36,734,2563,61512,16,11744,1ddfdfc86e99804131e2a0d1708ae9f4b3b8e7c3f56e5547e20cfa0718763bf6,0.9280154000152834,0,0,,,0.5662023584235586
mixed,final,,adam,0.0003,17,raw36,734,2563,61512,64,46976,225380cf08393ceb402f5ccb23a6200d189ec4b364c510766f991dfe3a579a9f,3.5341752999811433,0,0,,,0.7033708013381118
mixed,final,,adam,0.0003,29,raw36,734,2563,61512,1,734,39dafe3513b375ed6ab5248b96ffd8af2076ed05ad0efb7cc438a61cd958240a,0.05456650000996888,0,0,,,0.4855873030055921
mixed,final,,adam,0.0003,29,raw36,734,2563,61512,4,2936,7cd837601cf8fd9b4aa249e23eae86cd5f6456840407b27638a7719549305260,0.22273629996925592,0,0,,,0.491684225527829
mixed,final,,adam,0.0003,29,raw36,734,2563,61512,16,11744,346658d17289cac51cc4cbfba31d63a17b4a338a04f68b1e91e35fd96c73935e,0.9280154000152834,0,0,,,0.5164269637087572
mixed,final,,adam,0.0003,29,raw36,734,2563,61512,64,46976,914829a4e479760c7a0caa0d756644f6106dca2c423a591a523bac971569b8f5,3.5341752999811433,0,0,,,0.5532025063327871
mixed,final,,adam,0.0003,43,raw36,734,2563,61512,1,734,199ca70a768851863540f6cf1d0b5feb02e549906afd4bc5a2941a0df17aa42d,0.05456650000996888,0,0,,,0.4914618960456308
mixed,final,,adam,0.0003,43,raw36,734,2563,61512,4,2936,d7451d137807bf43f53a03b57f24c6ca6e2b4a387d58f95bf8c8d6dc9d53e1b6,0.22273629996925592,0,0,,,0.495910677762763
mixed,final,,adam,0.0003,43,raw36,734,2563,61512,16,11744,e67fccb20277fe6721710367a12c3fd9bbe749ad297c975d21e0ac5753075714,0.9280154000152834,0,0,,,0.5084008223169687
mixed,final,,adam,0.0003,43,raw36,734,2563,61512,64,46976,4656509fc14455b884e05d69f76d199759fe40fcb7d52cc22a1baf3a9c00a124,3.5341752999811433,0,0,,,0.562853612571058
mixed,final,,adam,0.001,17,mean3,734,451,10824,1,734,8961d5995ed84f2e6ba8c4e90c4d8d19d8af91f4084a92f319031d69369621ca,0.03776639996794984,0,0,,,0.6928223873078528
mixed,final,,adam,0.001,17,mean3,734,451,10824,4,2936,330524fee3af7a4400643f2503c17ce915df5dd3d7f61a715fcddd99b87042ee,0.15018219995545223,0,0,,,0.7638899868465829
mixed,final,,adam,0.001,17,mean3,734,451,10824,16,11744,1ddfdfc86e99804131e2a0d1708ae9f4b3b8e7c3f56e5547e20cfa0718763bf6,0.603334299987182,0,0,,,0.8013834868533353
mixed,final,,adam,0.001,17,mean3,734,451,10824,64,46976,225380cf08393ceb402f5ccb23a6200d189ec4b364c510766f991dfe3a579a9f,2.4156732999836095,0,0,,,1.2350915134359408
mixed,final,,adam,0.001,29,mean3,734,451,10824,1,734,39dafe3513b375ed6ab5248b96ffd8af2076ed05ad0efb7cc438a61cd958240a,0.03776639996794984,0,0,,,0.5469469070136426
mixed,final,,adam,0.001,29,mean3,734,451,10824,4,2936,7cd837601cf8fd9b4aa249e23eae86cd5f6456840407b27638a7719549305260,0.15018219995545223,0,0,,,0.6300417157293055
mixed,final,,adam,0.001,29,mean3,734,451,10824,16,11744,346658d17289cac51cc4cbfba31d63a17b4a338a04f68b1e91e35fd96c73935e,0.603334299987182,0,0,,,0.867198144805114
mixed,final,,adam,0.001,29,mean3,734,451,10824,64,46976,914829a4e479760c7a0caa0d756644f6106dca2c423a591a523bac971569b8f5,2.4156732999836095,0,0,,,1.2904452838093345
mixed,final,,adam,0.001,43,mean3,734,451,10824,1,734,199ca70a768851863540f6cf1d0b5feb02e549906afd4bc5a2941a0df17aa42d,0.03776639996794984,0,0,,,0.5709705319219248
mixed,final,,adam,0.001,43,mean3,734,451,10824,4,2936,d7451d137807bf43f53a03b57f24c6ca6e2b4a387d58f95bf8c8d6dc9d53e1b6,0.15018219995545223,0,0,,,0.6801765341240305
mixed,final,,adam,0.001,43,mean3,734,451,10824,16,11744,e67fccb20277fe6721710367a12c3fd9bbe749ad297c975d21e0ac5753075714,0.603334299987182,0,0,,,0.753410458569034
mixed,final,,adam,0.001,43,mean3,734,451,10824,64,46976,4656509fc14455b884e05d69f76d199759fe40fcb7d52cc22a1baf3a9c00a124,2.4156732999836095,0,0,,,1.1445913597664363
mixed,final,,tagi_diag,1.0,17,raw36,734,2563,41008,1,734,8961d5995ed84f2e6ba8c4e90c4d8d19d8af91f4084a92f319031d69369621ca,0.07597180001903325,0,0,0.0019227896480203878,0.0019227896480203878,0.5478509768901358
mixed,final,,tagi_diag,1.0,17,raw36,734,2563,41008,4,2936,330524fee3af7a4400643f2503c17ce915df5dd3d7f61a715fcddd99b87042ee,0.30126139998901635,0,0,0.0004626586827505784,0.0004626586827505784,0.5597066887601485
mixed,final,,tagi_diag,1.0,17,raw36,734,2563,41008,16,11744,1ddfdfc86e99804131e2a0d1708ae9f4b3b8e7c3f56e5547e20cfa0718763bf6,1.2053318999824114,0,0,9.992100422605799e-05,9.992100422605799e-05,0.5844523040452149
mixed,final,,tagi_diag,1.0,17,raw36,734,2563,41008,64,46976,225380cf08393ceb402f5ccb23a6200d189ec4b364c510766f991dfe3a579a9f,4.798770800000057,0,0,1.4723208349619515e-05,1.4723208349619515e-05,0.6029779454799364
mixed,final,,tagi_diag,1.0,29,raw36,734,2563,41008,1,734,39dafe3513b375ed6ab5248b96ffd8af2076ed05ad0efb7cc438a61cd958240a,0.07597180001903325,0,0,0.0019151884950059414,0.0019151884950059414,0.4881301076074834
mixed,final,,tagi_diag,1.0,29,raw36,734,2563,41008,4,2936,7cd837601cf8fd9b4aa249e23eae86cd5f6456840407b27638a7719549305260,0.30126139998901635,0,0,0.0004692831044874474,0.0004692831044874474,0.49972577422691694
mixed,final,,tagi_diag,1.0,29,raw36,734,2563,41008,16,11744,346658d17289cac51cc4cbfba31d63a17b4a338a04f68b1e91e35fd96c73935e,1.2053318999824114,0,0,9.587153670414185e-05,9.587153670414185e-05,0.49916712596956886
mixed,final,,tagi_diag,1.0,29,raw36,734,2563,41008,64,46976,914829a4e479760c7a0caa0d756644f6106dca2c423a591a523bac971569b8f5,4.798770800000057,0,0,1.9797424815040777e-05,1.9797424815040777e-05,0.548824759946203
mixed,final,,tagi_diag,1.0,43,raw36,734,2563,41008,1,734,199ca70a768851863540f6cf1d0b5feb02e549906afd4bc5a2941a0df17aa42d,0.07597180001903325,0,0,0.0015235425441927927,0.0015235425441927927,0.4993676483641748
mixed,final,,tagi_diag,1.0,43,raw36,734,2563,41008,4,2936,d7451d137807bf43f53a03b57f24c6ca6e2b4a387d58f95bf8c8d6dc9d53e1b6,0.30126139998901635,0,0,0.00029754972000123613,0.00029754972000123613,0.5393693421197928
mixed,final,,tagi_diag,1.0,43,raw36,734,2563,41008,16,11744,e67fccb20277fe6721710367a12c3fd9bbe749ad297c975d21e0ac5753075714,1.2053318999824114,0,0,5.993974932236867e-05,5.993974932236867e-05,0.5591042525745091
mixed,final,,tagi_diag,1.0,43,raw36,734,2563,41008,64,46976,4656509fc14455b884e05d69f76d199759fe40fcb7d52cc22a1baf3a9c00a124,4.798770800000057,0,0,1.2727502080461733e-05,1.2727502080461733e-05,0.5733876617336789
mixed,final,,tagi_diag,1.0,17,mean3,734,451,7216,1,734,8961d5995ed84f2e6ba8c4e90c4d8d19d8af91f4084a92f319031d69369621ca,0.06052449997514486,0,0,0.0013558253480395771,0.0013558253480395771,0.7829757177683796
mixed,final,,tagi_diag,1.0,17,mean3,734,451,7216,4,2936,330524fee3af7a4400643f2503c17ce915df5dd3d7f61a715fcddd99b87042ee,0.23926199995912611,0,0,0.0003585524498741267,0.0003585524498741267,0.8305821406169333
mixed,final,,tagi_diag,1.0,17,mean3,734,451,7216,16,11744,1ddfdfc86e99804131e2a0d1708ae9f4b3b8e7c3f56e5547e20cfa0718763bf6,0.9574430999928154,0,0,8.771778597432194e-05,8.771778597432194e-05,0.8472501174790422
mixed,final,,tagi_diag,1.0,17,mean3,734,451,7216,64,46976,225380cf08393ceb402f5ccb23a6200d189ec4b364c510766f991dfe3a579a9f,3.8277481999830343,0,0,2.1536955457102906e-05,2.1536955457102906e-05,1.0464074903405933
mixed,final,,tagi_diag,1.0,29,mean3,734,451,7216,1,734,39dafe3513b375ed6ab5248b96ffd8af2076ed05ad0efb7cc438a61cd958240a,0.06052449997514486,0,0,0.0013655404029674471,0.0013655404029674471,0.6758122624883172
mixed,final,,tagi_diag,1.0,29,mean3,734,451,7216,4,2936,7cd837601cf8fd9b4aa249e23eae86cd5f6456840407b27638a7719549305260,0.23926199995912611,0,0,0.0003597406856646503,0.0003597406856646503,0.7774706521104747
mixed,final,,tagi_diag,1.0,29,mean3,734,451,7216,16,11744,346658d17289cac51cc4cbfba31d63a17b4a338a04f68b1e91e35fd96c73935e,0.9574430999928154,0,0,8.783106286798322e-05,8.783106286798322e-05,0.8524347637181036
mixed,final,,tagi_diag,1.0,29,mean3,734,451,7216,64,46976,914829a4e479760c7a0caa0d756644f6106dca2c423a591a523bac971569b8f5,3.8277481999830343,0,0,2.155298744491453e-05,2.155298744491453e-05,0.9869076235541681
mixed,final,,tagi_diag,1.0,43,mean3,734,451,7216,1,734,199ca70a768851863540f6cf1d0b5feb02e549906afd4bc5a2941a0df17aa42d,0.06052449997514486,0,0,0.0013648887937307529,0.0013648887937307529,0.6193728508574391
mixed,final,,tagi_diag,1.0,43,mean3,734,451,7216,4,2936,d7451d137807bf43f53a03b57f24c6ca6e2b4a387d58f95bf8c8d6dc9d53e1b6,0.23926199995912611,0,0,0.0003609571339047954,0.0003609571339047954,0.8031977458680811
mixed,final,,tagi_diag,1.0,43,mean3,734,451,7216,16,11744,e67fccb20277fe6721710367a12c3fd9bbe749ad297c975d21e0ac5753075714,0.9574430999928154,0,0,8.799044414468124e-05,8.799044414468124e-05,0.8309745787099098
mixed,final,,tagi_diag,1.0,43,mean3,734,451,7216,64,46976,4656509fc14455b884e05d69f76d199759fe40fcb7d52cc22a1baf3a9c00a124,3.8277481999830343,0,0,2.156852915410986e-05,2.156852915410986e-05,0.8636756367443135
mixed,final,,tagi_full3,1.0,17,raw36,734,2563,41008,1,734,8961d5995ed84f2e6ba8c4e90c4d8d19d8af91f4084a92f319031d69369621ca,0.1231197000015527,0,0,0.0019201890572763402,0.0019201890572763402,0.5508499408119495
mixed,final,,tagi_full3,1.0,17,raw36,734,2563,41008,4,2936,330524fee3af7a4400643f2503c17ce915df5dd3d7f61a715fcddd99b87042ee,0.381781600008253,0,0,0.00046211076440812843,0.00046211076440812843,0.5702823527225713
mixed,final,,tagi_full3,1.0,17,raw36,734,2563,41008,16,11744,1ddfdfc86e99804131e2a0d1708ae9f4b3b8e7c3f56e5547e20cfa0718763bf6,1.4241007000091486,0,0,9.995480196423216e-05,9.995480196423216e-05,0.6024477934721314
mixed,final,,tagi_full3,1.0,17,raw36,734,2563,41008,64,46976,225380cf08393ceb402f5ccb23a6200d189ec4b364c510766f991dfe3a579a9f,5.609438900020905,0,0,1.7292171489890424e-05,1.7292171489890424e-05,0.6193728585920552
mixed,final,,tagi_full3,1.0,29,raw36,734,2563,41008,1,734,39dafe3513b375ed6ab5248b96ffd8af2076ed05ad0efb7cc438a61cd958240a,0.1231197000015527,0,0,0.001913783567175854,0.001913783567175854,0.4882600723868961
mixed,final,,tagi_full3,1.0,29,raw36,734,2563,41008,4,2936,7cd837601cf8fd9b4aa249e23eae86cd5f6456840407b27638a7719549305260,0.381781600008253,0,0,0.0004683394982527963,0.0004683394982527963,0.5017823316717568
mixed,final,,tagi_full3,1.0,29,raw36,734,2563,41008,16,11744,346658d17289cac51cc4cbfba31d63a17b4a338a04f68b1e91e35fd96c73935e,1.4241007000091486,0,0,9.636259008573239e-05,9.636259008573239e-05,0.5001325221256939
mixed,final,,tagi_full3,1.0,29,raw36,734,2563,41008,64,46976,914829a4e479760c7a0caa0d756644f6106dca2c423a591a523bac971569b8f5,5.609438900020905,0,0,1.9846131250610382e-05,1.9846131250610382e-05,0.5309372395786892
mixed,final,,tagi_full3,1.0,43,raw36,734,2563,41008,1,734,199ca70a768851863540f6cf1d0b5feb02e549906afd4bc5a2941a0df17aa42d,0.1231197000015527,0,0,0.0015174866737871309,0.0015174866737871309,0.49622401126377413
mixed,final,,tagi_full3,1.0,43,raw36,734,2563,41008,4,2936,d7451d137807bf43f53a03b57f24c6ca6e2b4a387d58f95bf8c8d6dc9d53e1b6,0.381781600008253,0,0,0.00029921595254950805,0.00029921595254950805,0.5331650288778607
mixed,final,,tagi_full3,1.0,43,raw36,734,2563,41008,16,11744,e67fccb20277fe6721710367a12c3fd9bbe749ad297c975d21e0ac5753075714,1.4241007000091486,0,0,6.224331466378424e-05,6.224331466378424e-05,0.5604852198933161
mixed,final,,tagi_full3,1.0,43,raw36,734,2563,41008,64,46976,4656509fc14455b884e05d69f76d199759fe40fcb7d52cc22a1baf3a9c00a124,5.609438900020905,0,0,1.3343731416664379e-05,1.3343731416664379e-05,0.5787366901693742
mixed,final,,tagi_full3,1.0,17,mean3,734,451,7216,1,734,8961d5995ed84f2e6ba8c4e90c4d8d19d8af91f4084a92f319031d69369621ca,0.07670129998587072,0,0,0.0013561802652822359,0.0013561802652822359,0.7847545999167109
mixed,final,,tagi_full3,1.0,17,mean3,734,451,7216,4,2936,330524fee3af7a4400643f2503c17ce915df5dd3d7f61a715fcddd99b87042ee,0.28767440002411604,0,0,0.0003585062637022504,0.0003585062637022504,0.8308922667700683
mixed,final,,tagi_full3,1.0,17,mean3,734,451,7216,16,11744,1ddfdfc86e99804131e2a0d1708ae9f4b3b8e7c3f56e5547e20cfa0718763bf6,1.1422115999739617,0,0,8.770239538607891e-05,8.770239538607891e-05,0.8475755772343743
mixed,final,,tagi_full3,1.0,17,mean3,734,451,7216,64,46976,225380cf08393ceb402f5ccb23a6200d189ec4b364c510766f991dfe3a579a9f,4.651724900002591,0,0,2.153525024923568e-05,2.153525024923568e-05,0.8993346782140851
mixed,final,,tagi_full3,1.0,29,mean3,734,451,7216,1,734,39dafe3513b375ed6ab5248b96ffd8af2076ed05ad0efb7cc438a61cd958240a,0.07670129998587072,0,0,0.0013631905655064683,0.0013631905655064683,0.6652076224391664
mixed,final,,tagi_full3,1.0,29,mean3,734,451,7216,4,2936,7cd837601cf8fd9b4aa249e23eae86cd5f6456840407b27638a7719549305260,0.28767440002411604,0,0,0.00035903393770848543,0.00035903393770848543,0.7632568342837165
mixed,final,,tagi_full3,1.0,29,mean3,734,451,7216,16,11744,346658d17289cac51cc4cbfba31d63a17b4a338a04f68b1e91e35fd96c73935e,1.1422115999739617,0,0,8.775409891381178e-05,8.775409891381178e-05,0.8272107785268381
mixed,final,,tagi_full3,1.0,29,mean3,734,451,7216,64,46976,914829a4e479760c7a0caa0d756644f6106dca2c423a591a523bac971569b8f5,4.651724900002591,0,0,2.154715350539577e-05,2.154715350539577e-05,0.9418700261603856
mixed,final,,tagi_full3,1.0,43,mean3,734,451,7216,1,734,199ca70a768851863540f6cf1d0b5feb02e549906afd4bc5a2941a0df17aa42d,0.07670129998587072,0,0,0.0013650840618615288,0.0013650840618615288,0.617369150540474
mixed,final,,tagi_full3,1.0,43,mean3,734,451,7216,4,2936,d7451d137807bf43f53a03b57f24c6ca6e2b4a387d58f95bf8c8d6dc9d53e1b6,0.28767440002411604,0,0,0.00036115725460852195,0.00036115725460852195,0.8008673613028328
mixed,final,,tagi_full3,1.0,43,mean3,734,451,7216,16,11744,e67fccb20277fe6721710367a12c3fd9bbe749ad297c975d21e0ac5753075714,1.1422115999739617,0,0,8.803019629942392e-05,8.803019629942392e-05,0.8358194400644138
mixed,final,,tagi_full3,1.0,43,mean3,734,451,7216,64,46976,4656509fc14455b884e05d69f76d199759fe40fcb7d52cc22a1baf3a9c00a124,4.651724900002591,0,0,2.1573541936271387e-05,2.1573541936271387e-05,0.8668486049467089
slr_to_ipod,inner,0,adam,0.0003,17,raw36,199,2563,61512,1,199,44ba8b1128d603e944abd09088592c9d795cf38e2d2d5e965d31a04ba54413ca,0.027624199981801212,0,0,,,0.5045645815403296
slr_to_ipod,inner,0,adam,0.0003,17,raw36,199,2563,61512,4,796,1e715f09fdb7e015209534618237b84824369c04f175594cb184223d5eef4ecc,0.10924670001259074,0,0,,,0.5181499746571228
slr_to_ipod,inner,0,adam,0.0003,17,raw36,199,2563,61512,16,3184,d1d9e67a67a7a972cfa2e3afc979e7e7e38af643020b5193e6eaebe29eb8fe69,0.43509500002255663,0,0,,,0.5456618871493197
slr_to_ipod,inner,0,adam,0.0003,17,raw36,199,2563,61512,64,12736,88b3ad32464d7cb13736f6d4f8fb5a01c74247003dc8b59406b9c5d753402ef4,1.7318924000137486,0,0,,,0.6279622318932909
slr_to_ipod,inner,0,adam,0.001,17,raw36,199,2563,61512,1,199,44ba8b1128d603e944abd09088592c9d795cf38e2d2d5e965d31a04ba54413ca,0.027624199981801212,0,0,,,0.5166830721174579
slr_to_ipod,inner,0,adam,0.001,17,raw36,199,2563,61512,4,796,1e715f09fdb7e015209534618237b84824369c04f175594cb184223d5eef4ecc,0.10924670001259074,0,0,,,0.5410207461062793
slr_to_ipod,inner,0,adam,0.001,17,raw36,199,2563,61512,16,3184,d1d9e67a67a7a972cfa2e3afc979e7e7e38af643020b5193e6eaebe29eb8fe69,0.43509500002255663,0,0,,,0.5662497252719492
slr_to_ipod,inner,0,adam,0.001,17,raw36,199,2563,61512,64,12736,88b3ad32464d7cb13736f6d4f8fb5a01c74247003dc8b59406b9c5d753402ef4,1.7318924000137486,0,0,,,0.7366689140968878
slr_to_ipod,inner,0,adam,0.003,17,raw36,199,2563,61512,1,199,44ba8b1128d603e944abd09088592c9d795cf38e2d2d5e965d31a04ba54413ca,0.027624199981801212,0,0,,,0.5292313294530543
slr_to_ipod,inner,0,adam,0.003,17,raw36,199,2563,61512,4,796,1e715f09fdb7e015209534618237b84824369c04f175594cb184223d5eef4ecc,0.10924670001259074,0,0,,,0.5598409859922485
slr_to_ipod,inner,0,adam,0.003,17,raw36,199,2563,61512,16,3184,d1d9e67a67a7a972cfa2e3afc979e7e7e38af643020b5193e6eaebe29eb8fe69,0.43509500002255663,0,0,,,0.9136072153215339
slr_to_ipod,inner,0,adam,0.003,17,raw36,199,2563,61512,64,12736,88b3ad32464d7cb13736f6d4f8fb5a01c74247003dc8b59406b9c5d753402ef4,1.7318924000137486,0,0,,,1.7985111453343876
slr_to_ipod,inner,0,adam,0.0003,29,raw36,199,2563,61512,1,199,e7537ec22c78b81886bccd64560150d0ee1504efc081b5ae2fee423e753f14d4,0.027624199981801212,0,0,,,0.49100863267265077
slr_to_ipod,inner,0,adam,0.0003,29,raw36,199,2563,61512,4,796,bb8f4a4a3e94819b846688749d30a445eac69811cdd1d3b0e0c8913928a51ffd,0.10924670001259074,0,0,,,0.4849337900581395
slr_to_ipod,inner,0,adam,0.0003,29,raw36,199,2563,61512,16,3184,9a01c984e883874e848c78ad745b0d727c38e0073636edd71efb5af5f474373b,0.43509500002255663,0,0,,,0.48789443780417374
slr_to_ipod,inner,0,adam,0.0003,29,raw36,199,2563,61512,64,12736,99d52ebc24e4b61f7a1ae4dfc5da6f23e582e4fccdacc07276d27957bb4d2701,1.7318924000137486,0,0,,,0.5993899402418017
slr_to_ipod,inner,0,adam,0.001,29,raw36,199,2563,61512,1,199,e7537ec22c78b81886bccd64560150d0ee1504efc081b5ae2fee423e753f14d4,0.027624199981801212,0,0,,,0.485951902939785
slr_to_ipod,inner,0,adam,0.001,29,raw36,199,2563,61512,4,796,bb8f4a4a3e94819b846688749d30a445eac69811cdd1d3b0e0c8913928a51ffd,0.10924670001259074,0,0,,,0.47473243660111347
slr_to_ipod,inner,0,adam,0.001,29,raw36,199,2563,61512,16,3184,9a01c984e883874e848c78ad745b0d727c38e0073636edd71efb5af5f474373b,0.43509500002255663,0,0,,,0.501833578897804
slr_to_ipod,inner,0,adam,0.001,29,raw36,199,2563,61512,64,12736,99d52ebc24e4b61f7a1ae4dfc5da6f23e582e4fccdacc07276d27957bb4d2701,1.7318924000137486,0,0,,,0.6824900668537133
slr_to_ipod,inner,0,adam,0.003,29,raw36,199,2563,61512,1,199,e7537ec22c78b81886bccd64560150d0ee1504efc081b5ae2fee423e753f14d4,0.027624199981801212,0,0,,,0.4834454053817347
slr_to_ipod,inner,0,adam,0.003,29,raw36,199,2563,61512,4,796,bb8f4a4a3e94819b846688749d30a445eac69811cdd1d3b0e0c8913928a51ffd,0.10924670001259074,0,0,,,0.5262577763339252
slr_to_ipod,inner,0,adam,0.003,29,raw36,199,2563,61512,16,3184,9a01c984e883874e848c78ad745b0d727c38e0073636edd71efb5af5f474373b,0.43509500002255663,0,0,,,0.7337967158087053
slr_to_ipod,inner,0,adam,0.003,29,raw36,199,2563,61512,64,12736,99d52ebc24e4b61f7a1ae4dfc5da6f23e582e4fccdacc07276d27957bb4d2701,1.7318924000137486,0,0,,,1.5490139826230147
slr_to_ipod,inner,0,adam,0.0003,43,raw36,199,2563,61512,1,199,88c3d8f66f1ccc24462130e8c83ac5f33ff9cab37cb2c22ca83ad73b5928e8dd,0.027624199981801212,0,0,,,0.4907696265861269
slr_to_ipod,inner,0,adam,0.0003,43,raw36,199,2563,61512,4,796,2bd22f8770fd8b12e3e49b9ec0928896cbe033a6cee114241217442c21b5d9f9,0.10924670001259074,0,0,,,0.5056814133897973
slr_to_ipod,inner,0,adam,0.0003,43,raw36,199,2563,61512,16,3184,be741ca0c09e907072c68e31203ac75b436eae42d9c9372815000549d2786d96,0.43509500002255663,0,0,,,0.5475726454706853
slr_to_ipod,inner,0,adam,0.0003,43,raw36,199,2563,61512,64,12736,4a41b265b46f660d29698ba1ba0bee9596344e775bf44e83ae521036bca92a60,1.7318924000137486,0,0,,,0.5855944863519938
slr_to_ipod,inner,0,adam,0.001,43,raw36,199,2563,61512,1,199,88c3d8f66f1ccc24462130e8c83ac5f33ff9cab37cb2c22ca83ad73b5928e8dd,0.027624199981801212,0,0,,,0.5037979136690613
slr_to_ipod,inner,0,adam,0.001,43,raw36,199,2563,61512,4,796,2bd22f8770fd8b12e3e49b9ec0928896cbe033a6cee114241217442c21b5d9f9,0.10924670001259074,0,0,,,0.5369967414354124
slr_to_ipod,inner,0,adam,0.001,43,raw36,199,2563,61512,16,3184,be741ca0c09e907072c68e31203ac75b436eae42d9c9372815000549d2786d96,0.43509500002255663,0,0,,,0.5541339600992214
slr_to_ipod,inner,0,adam,0.001,43,raw36,199,2563,61512,64,12736,4a41b265b46f660d29698ba1ba0bee9596344e775bf44e83ae521036bca92a60,1.7318924000137486,0,0,,,0.7129466038872676
slr_to_ipod,inner,0,adam,0.003,43,raw36,199,2563,61512,1,199,88c3d8f66f1ccc24462130e8c83ac5f33ff9cab37cb2c22ca83ad73b5928e8dd,0.027624199981801212,0,0,,,0.5220075694822862
slr_to_ipod,inner,0,adam,0.003,43,raw36,199,2563,61512,4,796,2bd22f8770fd8b12e3e49b9ec0928896cbe033a6cee114241217442c21b5d9f9,0.10924670001259074,0,0,,,0.5546001422938908
slr_to_ipod,inner,0,adam,0.003,43,raw36,199,2563,61512,16,3184,be741ca0c09e907072c68e31203ac75b436eae42d9c9372815000549d2786d96,0.43509500002255663,0,0,,,0.7997619227599451
slr_to_ipod,inner,0,adam,0.003,43,raw36,199,2563,61512,64,12736,4a41b265b46f660d29698ba1ba0bee9596344e775bf44e83ae521036bca92a60,1.7318924000137486,0,0,,,1.6065543861218397
slr_to_ipod,inner,0,adam,0.0003,17,mean3,199,451,10824,1,199,44ba8b1128d603e944abd09088592c9d795cf38e2d2d5e965d31a04ba54413ca,0.014129800023511052,0,0,,,0.5857460633920288
slr_to_ipod,inner,0,adam,0.0003,17,mean3,199,451,10824,4,796,1e715f09fdb7e015209534618237b84824369c04f175594cb184223d5eef4ecc,0.05387430003611371,0,0,,,0.5755435621065916
slr_to_ipod,inner,0,adam,0.0003,17,mean3,199,451,10824,16,3184,d1d9e67a67a7a972cfa2e3afc979e7e7e38af643020b5193e6eaebe29eb8fe69,0.21212740003829822,0,0,,,0.6550978330516878
slr_to_ipod,inner,0,adam,0.0003,17,mean3,199,451,10824,64,12736,88b3ad32464d7cb13736f6d4f8fb5a01c74247003dc8b59406b9c5d753402ef4,0.8612758000381291,0,0,,,0.8091387084104767
slr_to_ipod,inner,0,adam,0.001,17,mean3,199,451,10824,1,199,44ba8b1128d603e944abd09088592c9d795cf38e2d2d5e965d31a04ba54413ca,0.014129800023511052,0,0,,,0.57542791193907
slr_to_ipod,inner,0,adam,0.001,17,mean3,199,451,10824,4,796,1e715f09fdb7e015209534618237b84824369c04f175594cb184223d5eef4ecc,0.05387430003611371,0,0,,,0.6263093202269805
slr_to_ipod,inner,0,adam,0.001,17,mean3,199,451,10824,16,3184,d1d9e67a67a7a972cfa2e3afc979e7e7e38af643020b5193e6eaebe29eb8fe69,0.21212740003829822,0,0,,,0.7710281280439182
slr_to_ipod,inner,0,adam,0.001,17,mean3,199,451,10824,64,12736,88b3ad32464d7cb13736f6d4f8fb5a01c74247003dc8b59406b9c5d753402ef4,0.8612758000381291,0,0,,,1.5522050919452777
slr_to_ipod,inner,0,adam,0.003,17,mean3,199,451,10824,1,199,44ba8b1128d603e944abd09088592c9d795cf38e2d2d5e965d31a04ba54413ca,0.014129800023511052,0,0,,,0.5858337713014633
slr_to_ipod,inner,0,adam,0.003,17,mean3,199,451,10824,4,796,1e715f09fdb7e015209534618237b84824369c04f175594cb184223d5eef4ecc,0.05387430003611371,0,0,,,0.6775985516181635
slr_to_ipod,inner,0,adam,0.003,17,mean3,199,451,10824,16,3184,d1d9e67a67a7a972cfa2e3afc979e7e7e38af643020b5193e6eaebe29eb8fe69,0.21212740003829822,0,0,,,1.1029479162563303
slr_to_ipod,inner,0,adam,0.003,17,mean3,199,451,10824,64,12736,88b3ad32464d7cb13736f6d4f8fb5a01c74247003dc8b59406b9c5d753402ef4,0.8612758000381291,0,0,,,1.4885240644152167
slr_to_ipod,inner,0,adam,0.0003,29,mean3,199,451,10824,1,199,e7537ec22c78b81886bccd64560150d0ee1504efc081b5ae2fee423e753f14d4,0.014129800023511052,0,0,,,0.5029351488294972
slr_to_ipod,inner,0,adam,0.0003,29,mean3,199,451,10824,4,796,bb8f4a4a3e94819b846688749d30a445eac69811cdd1d3b0e0c8913928a51ffd,0.05387430003611371,0,0,,,0.5040412830503868
slr_to_ipod,inner,0,adam,0.0003,29,mean3,199,451,10824,16,3184,9a01c984e883874e848c78ad745b0d727c38e0073636edd71efb5af5f474373b,0.21212740003829822,0,0,,,0.554395020197384
slr_to_ipod,inner,0,adam,0.0003,29,mean3,199,451,10824,64,12736,99d52ebc24e4b61f7a1ae4dfc5da6f23e582e4fccdacc07276d27957bb4d2701,0.8612758000381291,0,0,,,0.7845988185926119
slr_to_ipod,inner,0,adam,0.001,29,mean3,199,451,10824,1,199,e7537ec22c78b81886bccd64560150d0ee1504efc081b5ae2fee423e753f14d4,0.014129800023511052,0,0,,,0.5000300486610192
slr_to_ipod,inner,0,adam,0.001,29,mean3,199,451,10824,4,796,bb8f4a4a3e94819b846688749d30a445eac69811cdd1d3b0e0c8913928a51ffd,0.05387430003611371,0,0,,,0.5319180465623509
slr_to_ipod,inner,0,adam,0.001,29,mean3,199,451,10824,16,3184,9a01c984e883874e848c78ad745b0d727c38e0073636edd71efb5af5f474373b,0.21212740003829822,0,0,,,0.6659015806265604
slr_to_ipod,inner,0,adam,0.001,29,mean3,199,451,10824,64,12736,99d52ebc24e4b61f7a1ae4dfc5da6f23e582e4fccdacc07276d27957bb4d2701,0.8612758000381291,0,0,,,1.6851046056550216
slr_to_ipod,inner,0,adam,0.003,29,mean3,199,451,10824,1,199,e7537ec22c78b81886bccd64560150d0ee1504efc081b5ae2fee423e753f14d4,0.014129800023511052,0,0,,,0.5134681858604985
slr_to_ipod,inner,0,adam,0.003,29,mean3,199,451,10824,4,796,bb8f4a4a3e94819b846688749d30a445eac69811cdd1d3b0e0c8913928a51ffd,0.05387430003611371,0,0,,,0.5847888759963887
slr_to_ipod,inner,0,adam,0.003,29,mean3,199,451,10824,16,3184,9a01c984e883874e848c78ad745b0d727c38e0073636edd71efb5af5f474373b,0.21212740003829822,0,0,,,1.2046868426341841
slr_to_ipod,inner,0,adam,0.003,29,mean3,199,451,10824,64,12736,99d52ebc24e4b61f7a1ae4dfc5da6f23e582e4fccdacc07276d27957bb4d2701,0.8612758000381291,0,0,,,1.7851189970664436
slr_to_ipod,inner,0,adam,0.0003,43,mean3,199,451,10824,1,199,88c3d8f66f1ccc24462130e8c83ac5f33ff9cab37cb2c22ca83ad73b5928e8dd,0.014129800023511052,0,0,,,0.5100072376183317
slr_to_ipod,inner,0,adam,0.0003,43,mean3,199,451,10824,4,796,2bd22f8770fd8b12e3e49b9ec0928896cbe033a6cee114241217442c21b5d9f9,0.05387430003611371,0,0,,,0.5502947178715204
slr_to_ipod,inner,0,adam,0.0003,43,mean3,199,451,10824,16,3184,be741ca0c09e907072c68e31203ac75b436eae42d9c9372815000549d2786d96,0.21212740003829822,0,0,,,0.6195166753138134
slr_to_ipod,inner,0,adam,0.0003,43,mean3,199,451,10824,64,12736,4a41b265b46f660d29698ba1ba0bee9596344e775bf44e83ae521036bca92a60,0.8612758000381291,0,0,,,0.6819416039452434
slr_to_ipod,inner,0,adam,0.001,43,mean3,199,451,10824,1,199,88c3d8f66f1ccc24462130e8c83ac5f33ff9cab37cb2c22ca83ad73b5928e8dd,0.014129800023511052,0,0,,,0.5474175903766316
slr_to_ipod,inner,0,adam,0.001,43,mean3,199,451,10824,4,796,2bd22f8770fd8b12e3e49b9ec0928896cbe033a6cee114241217442c21b5d9f9,0.05387430003611371,0,0,,,0.6010578400549219
slr_to_ipod,inner,0,adam,0.001,43,mean3,199,451,10824,16,3184,be741ca0c09e907072c68e31203ac75b436eae42d9c9372815000549d2786d96,0.21212740003829822,0,0,,,0.6461003558415065
slr_to_ipod,inner,0,adam,0.001,43,mean3,199,451,10824,64,12736,4a41b265b46f660d29698ba1ba0bee9596344e775bf44e83ae521036bca92a60,0.8612758000381291,0,0,,,1.5029246369849112
slr_to_ipod,inner,0,adam,0.003,43,mean3,199,451,10824,1,199,88c3d8f66f1ccc24462130e8c83ac5f33ff9cab37cb2c22ca83ad73b5928e8dd,0.014129800023511052,0,0,,,0.5656198645641582
slr_to_ipod,inner,0,adam,0.003,43,mean3,199,451,10824,4,796,2bd22f8770fd8b12e3e49b9ec0928896cbe033a6cee114241217442c21b5d9f9,0.05387430003611371,0,0,,,0.6133695467144158
slr_to_ipod,inner,0,adam,0.003,43,mean3,199,451,10824,16,3184,be741ca0c09e907072c68e31203ac75b436eae42d9c9372815000549d2786d96,0.21212740003829822,0,0,,,0.9155756106784095
slr_to_ipod,inner,0,adam,0.003,43,mean3,199,451,10824,64,12736,4a41b265b46f660d29698ba1ba0bee9596344e775bf44e83ae521036bca92a60,0.8612758000381291,0,0,,,1.2170733167784045
slr_to_ipod,inner,0,tagi_diag,0.1,17,raw36,199,2563,41008,1,199,44ba8b1128d603e944abd09088592c9d795cf38e2d2d5e965d31a04ba54413ca,0.03234380000503734,0,0,0.0022199810064247507,0.0022199810064247507,0.5206782649458463
slr_to_ipod,inner,0,tagi_diag,0.1,17,raw36,199,2563,41008,4,796,1e715f09fdb7e015209534618237b84824369c04f175594cb184223d5eef4ecc,0.12744700000621378,0,0,0.0002608818418676305,0.0002608818418676305,0.5395875471494348
slr_to_ipod,inner,0,tagi_diag,0.1,17,raw36,199,2563,41008,16,3184,d1d9e67a67a7a972cfa2e3afc979e7e7e38af643020b5193e6eaebe29eb8fe69,0.5642262999899685,0,0,1.4766386025579809e-06,1.4766386025579809e-06,1.479453735600162
slr_to_ipod,inner,0,tagi_diag,0.1,17,raw36,199,2563,41008,64,12736,88b3ad32464d7cb13736f6d4f8fb5a01c74247003dc8b59406b9c5d753402ef4,2.079853799950797,0,0,1.0768979919969248e-07,1.0768979919969248e-07,2.435242947930029
slr_to_ipod,inner,0,tagi_diag,0.3,17,raw36,199,2563,41008,1,199,44ba8b1128d603e944abd09088592c9d795cf38e2d2d5e965d31a04ba54413ca,0.03234380000503734,0,0,0.002722109047393304,0.002722109047393304,0.5211628047910871
slr_to_ipod,inner,0,tagi_diag,0.3,17,raw36,199,2563,41008,4,796,1e715f09fdb7e015209534618237b84824369c04f175594cb184223d5eef4ecc,0.12744700000621378,0,0,0.0005380608674522819,0.0005380608674522819,0.5467471722183032
slr_to_ipod,inner,0,tagi_diag,0.3,17,raw36,199,2563,41008,16,3184,d1d9e67a67a7a972cfa2e3afc979e7e7e38af643020b5193e6eaebe29eb8fe69,0.5642262999899685,0,0,3.892676367007815e-05,3.892676367007815e-05,0.9131612830384253
slr_to_ipod,inner,0,tagi_diag,0.3,17,raw36,199,2563,41008,64,12736,88b3ad32464d7cb13736f6d4f8fb5a01c74247003dc8b59406b9c5d753402ef4,2.079853799950797,0,0,3.743699509075642e-06,3.743699509075642e-06,1.0555819168772516
slr_to_ipod,inner,0,tagi_diag,1.0,17,raw36,199,2563,41008,1,199,44ba8b1128d603e944abd09088592c9d795cf38e2d2d5e965d31a04ba54413ca,0.03234380000503734,0,0,0.005088715600944432,0.005088715600944432,0.5254010747893418
slr_to_ipod,inner,0,tagi_diag,1.0,17,raw36,199,2563,41008,4,796,1e715f09fdb7e015209534618237b84824369c04f175594cb184223d5eef4ecc,0.12744700000621378,0,0,0.0018408829362390568,0.0018408829362390568,0.539162745183291
slr_to_ipod,inner,0,tagi_diag,1.0,17,raw36,199,2563,41008,16,3184,d1d9e67a67a7a972cfa2e3afc979e7e7e38af643020b5193e6eaebe29eb8fe69,0.5642262999899685,0,0,0.00042964810165130644,0.00042964810165130644,0.5797448607362305
slr_to_ipod,inner,0,tagi_diag,1.0,17,raw36,199,2563,41008,64,12736,88b3ad32464d7cb13736f6d4f8fb5a01c74247003dc8b59406b9c5d753402ef4,2.079853799950797,0,0,6.924958297800548e-05,6.924958297800548e-05,0.7018894825109785
slr_to_ipod,inner,0,tagi_diag,0.1,29,raw36,199,2563,41008,1,199,e7537ec22c78b81886bccd64560150d0ee1504efc081b5ae2fee423e753f14d4,0.03234380000503734,0,0,0.002175145955902121,0.002175145955902121,0.4815432150634991
slr_to_ipod,inner,0,tagi_diag,0.1,29,raw36,199,2563,41008,4,796,bb8f4a4a3e94819b846688749d30a445eac69811cdd1d3b0e0c8913928a51ffd,0.12744700000621378,0,0,0.0002936689069553818,0.0002936689069553818,0.5714252542460698
slr_to_ipod,inner,0,tagi_diag,0.1,29,raw36,199,2563,41008,16,3184,9a01c984e883874e848c78ad745b0d727c38e0073636edd71efb5af5f474373b,0.5642262999899685,0,0,1.7173410523121184e-06,1.7173410523121184e-06,1.0887470721415042
slr_to_ipod,inner,0,tagi_diag,0.1,29,raw36,199,2563,41008,64,12736,99d52ebc24e4b61f7a1ae4dfc5da6f23e582e4fccdacc07276d27957bb4d2701,2.079853799950797,0,0,6.658720694744062e-08,6.658720694744062e-08,2.7066294030971587
slr_to_ipod,inner,0,tagi_diag,0.3,29,raw36,199,2563,41008,1,199,e7537ec22c78b81886bccd64560150d0ee1504efc081b5ae2fee423e753f14d4,0.03234380000503734,0,0,0.0026722828097821344,0.0026722828097821344,0.48009766385364616
slr_to_ipod,inner,0,tagi_diag,0.3,29,raw36,199,2563,41008,4,796,bb8f4a4a3e94819b846688749d30a445eac69811cdd1d3b0e0c8913928a51ffd,0.12744700000621378,0,0,0.0005549188422685213,0.0005549188422685213,0.5300122047349043
slr_to_ipod,inner,0,tagi_diag,0.3,29,raw36,199,2563,41008,16,3184,9a01c984e883874e848c78ad745b0d727c38e0073636edd71efb5af5f474373b,0.5642262999899685,0,0,4.038644659597579e-05,4.038644659597579e-05,0.6396828767270664
slr_to_ipod,inner,0,tagi_diag,0.3,29,raw36,199,2563,41008,64,12736,99d52ebc24e4b61f7a1ae4dfc5da6f23e582e4fccdacc07276d27957bb4d2701,2.079853799950797,0,0,2.7866029529136286e-06,2.7866029529136286e-06,0.954534719473849
slr_to_ipod,inner,0,tagi_diag,1.0,29,raw36,199,2563,41008,1,199,e7537ec22c78b81886bccd64560150d0ee1504efc081b5ae2fee423e753f14d4,0.03234380000503734,0,0,0.005064081132152006,0.005064081132152006,0.4850678039891355
slr_to_ipod,inner,0,tagi_diag,1.0,29,raw36,199,2563,41008,4,796,bb8f4a4a3e94819b846688749d30a445eac69811cdd1d3b0e0c8913928a51ffd,0.12744700000621378,0,0,0.001573108870601805,0.001573108870601805,0.49051736558705
slr_to_ipod,inner,0,tagi_diag,1.0,29,raw36,199,2563,41008,16,3184,9a01c984e883874e848c78ad745b0d727c38e0073636edd71efb5af5f474373b,0.5642262999899685,0,0,0.0003248121123096994,0.0003248121123096994,0.5309529967937973
slr_to_ipod,inner,0,tagi_diag,1.0,29,raw36,199,2563,41008,64,12736,99d52ebc24e4b61f7a1ae4dfc5da6f23e582e4fccdacc07276d27957bb4d2701,2.079853799950797,0,0,4.958096849846556e-05,4.958096849846556e-05,0.6254121597567496
slr_to_ipod,inner,0,tagi_diag,0.1,43,raw36,199,2563,41008,1,199,88c3d8f66f1ccc24462130e8c83ac5f33ff9cab37cb2c22ca83ad73b5928e8dd,0.03234380000503734,0,0,0.0021950631783132497,0.0021950631783132497,0.6808486119078005
slr_to_ipod,inner,0,tagi_diag,0.1,43,raw36,199,2563,41008,4,796,2bd22f8770fd8b12e3e49b9ec0928896cbe033a6cee114241217442c21b5d9f9,0.12744700000621378,0,0,0.00025741358421088085,0.00025741358421088085,0.760628513289458
slr_to_ipod,inner,0,tagi_diag,0.1,43,raw36,199,2563,41008,16,3184,be741ca0c09e907072c68e31203ac75b436eae42d9c9372815000549d2786d96,0.5642262999899685,0,0,2.708933344822802e-06,2.708933344822802e-06,1.5640776362368591
slr_to_ipod,inner,0,tagi_diag,0.1,43,raw36,199,2563,41008,64,12736,4a41b265b46f660d29698ba1ba0bee9596344e775bf44e83ae521036bca92a60,2.079853799950797,0,0,1.2319296440510482e-07,1.2319296440510482e-07,2.2853746471339598
slr_to_ipod,inner,0,tagi_diag,0.3,43,raw36,199,2563,41008,1,199,88c3d8f66f1ccc24462130e8c83ac5f33ff9cab37cb2c22ca83ad73b5928e8dd,0.03234380000503734,0,0,0.0026968739847303544,0.0026968739847303544,0.6309593226654717
slr_to_ipod,inner,0,tagi_diag,0.3,43,raw36,199,2563,41008,4,796,2bd22f8770fd8b12e3e49b9ec0928896cbe033a6cee114241217442c21b5d9f9,0.12744700000621378,0,0,0.0005910926156634843,0.0005910926156634843,0.6755539573888425
slr_to_ipod,inner,0,tagi_diag,0.3,43,raw36,199,2563,41008,16,3184,be741ca0c09e907072c68e31203ac75b436eae42d9c9372815000549d2786d96,0.5642262999899685,0,0,4.918133486597442e-05,4.918133486597442e-05,0.6805085301284306
slr_to_ipod,inner,0,tagi_diag,0.3,43,raw36,199,2563,41008,64,12736,4a41b265b46f660d29698ba1ba0bee9596344e775bf44e83ae521036bca92a60,2.079853799950797,0,0,3.8308379043267185e-06,3.8308379043267185e-06,1.0489480091847259
slr_to_ipod,inner,0,tagi_diag,1.0,43,raw36,199,2563,41008,1,199,88c3d8f66f1ccc24462130e8c83ac5f33ff9cab37cb2c22ca83ad73b5928e8dd,0.03234380000503734,0,0,0.004004815677660967,0.004004815677660967,0.539970409711051
slr_to_ipod,inner,0,tagi_diag,1.0,43,raw36,199,2563,41008,4,796,2bd22f8770fd8b12e3e49b9ec0928896cbe033a6cee114241217442c21b5d9f9,0.12744700000621378,0,0,0.0013049777979259086,0.0013049777979259086,0.5648651073509678
slr_to_ipod,inner,0,tagi_diag,1.0,43,raw36,199,2563,41008,16,3184,be741ca0c09e907072c68e31203ac75b436eae42d9c9372815000549d2786d96,0.5642262999899685,0,0,0.00024187060122071152,0.00024187060122071152,0.5312562050374233
slr_to_ipod,inner,0,tagi_diag,1.0,43,raw36,199,2563,41008,64,12736,4a41b265b46f660d29698ba1ba0bee9596344e775bf44e83ae521036bca92a60,2.079853799950797,0,0,3.6598810338165544e-05,3.6598810338165544e-05,0.5470086373893636
slr_to_ipod,inner,0,tagi_diag,0.1,17,mean3,199,451,7216,1,199,44ba8b1128d603e944abd09088592c9d795cf38e2d2d5e965d31a04ba54413ca,0.020372800005134195,0,0,0.0002240686459884191,0.0002240686459884191,1.060250599171077
slr_to_ipod,inner,0,tagi_diag,0.1,17,mean3,199,451,7216,4,796,1e715f09fdb7e015209534618237b84824369c04f175594cb184223d5eef4ecc,0.08396270003868267,0,0,2.1946271055595947e-05,2.1946271055595947e-05,2.0084388867744676
slr_to_ipod,inner,0,tagi_diag,0.1,17,mean3,199,451,7216,16,3184,d1d9e67a67a7a972cfa2e3afc979e7e7e38af643020b5193e6eaebe29eb8fe69,0.32174400001531467,0,0,1.8102852802190133e-06,1.8102852802190133e-06,2.4907269334322057
slr_to_ipod,inner,0,tagi_diag,0.1,17,mean3,199,451,7216,64,12736,88b3ad32464d7cb13736f6d4f8fb5a01c74247003dc8b59406b9c5d753402ef4,1.2752591000171378,0,0,3.14699165343076e-07,3.14699165343076e-07,2.512664282782194
slr_to_ipod,inner,0,tagi_diag,0.3,17,mean3,199,451,7216,1,199,44ba8b1128d603e944abd09088592c9d795cf38e2d2d5e965d31a04ba54413ca,0.020372800005134195,0,0,0.0008130043699576471,0.0008130043699576471,0.7640529042702107
slr_to_ipod,inner,0,tagi_diag,0.3,17,mean3,199,451,7216,4,796,1e715f09fdb7e015209534618237b84824369c04f175594cb184223d5eef4ecc,0.08396270003868267,0,0,0.0001693138975085521,0.0001693138975085521,0.8861266572990827
slr_to_ipod,inner,0,tagi_diag,0.3,17,mean3,199,451,7216,16,3184,d1d9e67a67a7a972cfa2e3afc979e7e7e38af643020b5193e6eaebe29eb8fe69,0.32174400001531467,0,0,3.3259510901858045e-05,3.3259510901858045e-05,1.672180758617262
slr_to_ipod,inner,0,tagi_diag,0.3,17,mean3,199,451,7216,64,12736,88b3ad32464d7cb13736f6d4f8fb5a01c74247003dc8b59406b9c5d753402ef4,1.2752591000171378,0,0,5.85799771038539e-06,5.85799771038539e-06,1.7831739541863278
slr_to_ipod,inner,0,tagi_diag,1.0,17,mean3,199,451,7216,1,199,44ba8b1128d603e944abd09088592c9d795cf38e2d2d5e965d31a04ba54413ca,0.020372800005134195,0,0,0.003707642981926191,0.003707642981926191,0.6650735827010738
slr_to_ipod,inner,0,tagi_diag,1.0,17,mean3,199,451,7216,4,796,1e715f09fdb7e015209534618237b84824369c04f175594cb184223d5eef4ecc,0.08396270003868267,0,0,0.0012569038105710894,0.0012569038105710894,0.7571760875261703
slr_to_ipod,inner,0,tagi_diag,1.0,17,mean3,199,451,7216,16,3184,d1d9e67a67a7a972cfa2e3afc979e7e7e38af643020b5193e6eaebe29eb8fe69,0.32174400001531467,0,0,0.00033032752035714604,0.00033032752035714604,1.0687572078713523
slr_to_ipod,inner,0,tagi_diag,1.0,17,mean3,199,451,7216,64,12736,88b3ad32464d7cb13736f6d4f8fb5a01c74247003dc8b59406b9c5d753402ef4,1.2752591000171378,0,0,5.704478925554678e-05,5.704478925554678e-05,1.9703776561076554
slr_to_ipod,inner,0,tagi_diag,0.1,29,mean3,199,451,7216,1,199,e7537ec22c78b81886bccd64560150d0ee1504efc081b5ae2fee423e753f14d4,0.020372800005134195,0,0,0.00021635761014786182,0.00021635761014786182,0.808265634110155
slr_to_ipod,inner,0,tagi_diag,0.1,29,mean3,199,451,7216,4,796,bb8f4a4a3e94819b846688749d30a445eac69811cdd1d3b0e0c8913928a51ffd,0.08396270003868267,0,0,2.0843538052452917e-05,2.0843538052452917e-05,1.5641133954800042
slr_to_ipod,inner,0,tagi_diag,0.1,29,mean3,199,451,7216,16,3184,9a01c984e883874e848c78ad745b0d727c38e0073636edd71efb5af5f474373b,0.32174400001531467,0,0,3.2775243272475376e-06,3.2775243272475376e-06,2.1279886650753377
slr_to_ipod,inner,0,tagi_diag,0.1,29,mean3,199,451,7216,64,12736,99d52ebc24e4b61f7a1ae4dfc5da6f23e582e4fccdacc07276d27957bb4d2701,1.2752591000171378,0,0,4.883746719696169e-07,4.883746719696169e-07,2.2771674867710994
slr_to_ipod,inner,0,tagi_diag,0.3,29,mean3,199,451,7216,1,199,e7537ec22c78b81886bccd64560150d0ee1504efc081b5ae2fee423e753f14d4,0.020372800005134195,0,0,0.0008514556371477188,0.0008514556371477188,0.6672862186185462
slr_to_ipod,inner,0,tagi_diag,0.3,29,mean3,199,451,7216,4,796,bb8f4a4a3e94819b846688749d30a445eac69811cdd1d3b0e0c8913928a51ffd,0.08396270003868267,0,0,0.00017266025839489643,0.00017266025839489643,1.0690817177145766
slr_to_ipod,inner,0,tagi_diag,0.3,29,mean3,199,451,7216,16,3184,9a01c984e883874e848c78ad745b0d727c38e0073636edd71efb5af5f474373b,0.32174400001531467,0,0,2.8516488586751182e-05,2.8516488586751182e-05,1.7018442034888488
slr_to_ipod,inner,0,tagi_diag,0.3,29,mean3,199,451,7216,64,12736,99d52ebc24e4b61f7a1ae4dfc5da6f23e582e4fccdacc07276d27957bb4d2701,1.2752591000171378,0,0,3.928381052650423e-06,3.928381052650423e-06,1.8364451338030776
slr_to_ipod,inner,0,tagi_diag,1.0,29,mean3,199,451,7216,1,199,e7537ec22c78b81886bccd64560150d0ee1504efc081b5ae2fee423e753f14d4,0.020372800005134195,0,0,0.003769855855052321,0.003769855855052321,0.6331357016016054
slr_to_ipod,inner,0,tagi_diag,1.0,29,mean3,199,451,7216,4,796,bb8f4a4a3e94819b846688749d30a445eac69811cdd1d3b0e0c8913928a51ffd,0.08396270003868267,0,0,0.0012747280859895425,0.0012747280859895425,0.7046787286189538
slr_to_ipod,inner,0,tagi_diag,1.0,29,mean3,199,451,7216,16,3184,9a01c984e883874e848c78ad745b0d727c38e0073636edd71efb5af5f474373b,0.32174400001531467,0,0,0.00033190291511965656,0.00033190291511965656,1.191618566647231
slr_to_ipod,inner,0,tagi_diag,1.0,29,mean3,199,451,7216,64,12736,99d52ebc24e4b61f7a1ae4dfc5da6f23e582e4fccdacc07276d27957bb4d2701,1.2752591000171378,0,0,4.8909948905685e-05,4.8909948905685e-05,2.10104593976143
slr_to_ipod,inner,0,tagi_diag,0.1,43,mean3,199,451,7216,1,199,88c3d8f66f1ccc24462130e8c83ac5f33ff9cab37cb2c22ca83ad73b5928e8dd,0.020372800005134195,0,0,0.00023189845669459243,0.00023189845669459243,1.2349253337307593
slr_to_ipod,inner,0,tagi_diag,0.1,43,mean3,199,451,7216,4,796,2bd22f8770fd8b12e3e49b9ec0928896cbe033a6cee114241217442c21b5d9f9,0.08396270003868267,0,0,2.041667580041981e-05,2.041667580041981e-05,1.6884987414892583
slr_to_ipod,inner,0,tagi_diag,0.1,43,mean3,199,451,7216,16,3184,be741ca0c09e907072c68e31203ac75b436eae42d9c9372815000549d2786d96,0.32174400001531467,0,0,2.911210451442044e-06,2.911210451442044e-06,2.1012075714302143
slr_to_ipod,inner,0,tagi_diag,0.1,43,mean3,199,451,7216,64,12736,4a41b265b46f660d29698ba1ba0bee9596344e775bf44e83ae521036bca92a60,1.2752591000171378,0,0,5.443914462990231e-07,5.443914462990231e-07,2.0783307775757245
slr_to_ipod,inner,0,tagi_diag,0.3,43,mean3,199,451,7216,1,199,88c3d8f66f1ccc24462130e8c83ac5f33ff9cab37cb2c22ca83ad73b5928e8dd,0.020372800005134195,0,0,0.0008493333193212922,0.0008493333193212922,0.6072687371565955
slr_to_ipod,inner,0,tagi_diag,0.3,43,mean3,199,451,7216,4,796,2bd22f8770fd8b12e3e49b9ec0928896cbe033a6cee114241217442c21b5d9f9,0.08396270003868267,0,0,0.00017686520668660157,0.00017686520668660157,0.9353271705751339
slr_to_ipod,inner,0,tagi_diag,0.3,43,mean3,199,451,7216,16,3184,be741ca0c09e907072c68e31203ac75b436eae42d9c9372815000549d2786d96,0.32174400001531467,0,0,3.372939026125118e-05,3.372939026125118e-05,1.4859224964011999
slr_to_ipod,inner,0,tagi_diag,0.3,43,mean3,199,451,7216,64,12736,4a41b265b46f660d29698ba1ba0bee9596344e775bf44e83ae521036bca92a60,1.2752591000171378,0,0,5.303989172411988e-06,5.303989172411988e-06,1.6973282624267072
slr_to_ipod,inner,0,tagi_diag,1.0,43,mean3,199,451,7216,1,199,88c3d8f66f1ccc24462130e8c83ac5f33ff9cab37cb2c22ca83ad73b5928e8dd,0.020372800005134195,0,0,0.003723131520025436,0.003723131520025436,0.6027015247682259
slr_to_ipod,inner,0,tagi_diag,1.0,43,mean3,199,451,7216,4,796,2bd22f8770fd8b12e3e49b9ec0928896cbe033a6cee114241217442c21b5d9f9,0.08396270003868267,0,0,0.0012605897494476826,0.0012605897494476826,0.6755139327659687
slr_to_ipod,inner,0,tagi_diag,1.0,43,mean3,199,451,7216,16,3184,be741ca0c09e907072c68e31203ac75b436eae42d9c9372815000549d2786d96,0.32174400001531467,0,0,0.00033306145463913114,0.00033306145463913114,0.9121751245482671
slr_to_ipod,inner,0,tagi_diag,1.0,43,mean3,199,451,7216,64,12736,4a41b265b46f660d29698ba1ba0bee9596344e775bf44e83ae521036bca92a60,1.2752591000171378,0,0,6.938622211334272e-05,6.938622211334272e-05,1.5916684300135613
slr_to_ipod,inner,0,tagi_full3,0.1,17,raw36,199,2563,41008,1,199,44ba8b1128d603e944abd09088592c9d795cf38e2d2d5e965d31a04ba54413ca,0.0374916999717243,0,0,0.002195136406615719,0.002195136406615719,0.5134816494009032
slr_to_ipod,inner,0,tagi_full3,0.1,17,raw36,199,2563,41008,4,796,1e715f09fdb7e015209534618237b84824369c04f175594cb184223d5eef4ecc,0.146104599989485,0,0,0.00027935592021564404,0.00027935592021564404,0.6280231979672013
slr_to_ipod,inner,0,tagi_full3,0.1,17,raw36,199,2563,41008,16,3184,d1d9e67a67a7a972cfa2e3afc979e7e7e38af643020b5193e6eaebe29eb8fe69,0.607333899999503,0,0,2.665742713159987e-06,2.665742713159987e-06,1.9386687980919297
slr_to_ipod,inner,0,tagi_full3,0.1,17,raw36,199,2563,41008,64,12736,88b3ad32464d7cb13736f6d4f8fb5a01c74247003dc8b59406b9c5d753402ef4,2.3677986999973655,0,0,1.8470712721310068e-07,1.8470712721310068e-07,2.203944951331457
slr_to_ipod,inner,0,tagi_full3,0.3,17,raw36,199,2563,41008,1,199,44ba8b1128d603e944abd09088592c9d795cf38e2d2d5e965d31a04ba54413ca,0.0374916999717243,0,0,0.0027093356219164582,0.0027093356219164582,0.5199602024150249
slr_to_ipod,inner,0,tagi_full3,0.3,17,raw36,199,2563,41008,4,796,1e715f09fdb7e015209534618237b84824369c04f175594cb184223d5eef4ecc,0.146104599989485,0,0,0.0005344340576833209,0.0005344340576833209,0.5450488257425038
slr_to_ipod,inner,0,tagi_full3,0.3,17,raw36,199,2563,41008,16,3184,d1d9e67a67a7a972cfa2e3afc979e7e7e38af643020b5193e6eaebe29eb8fe69,0.607333899999503,0,0,4.4089165170578126e-05,4.4089165170578126e-05,0.9256037073677196
slr_to_ipod,inner,0,tagi_full3,0.3,17,raw36,199,2563,41008,64,12736,88b3ad32464d7cb13736f6d4f8fb5a01c74247003dc8b59406b9c5d753402ef4,2.3677986999973655,0,0,3.790108371456251e-06,3.790108371456251e-06,1.0938009806645355
slr_to_ipod,inner,0,tagi_full3,1.0,17,raw36,199,2563,41008,1,199,44ba8b1128d603e944abd09088592c9d795cf38e2d2d5e965d31a04ba54413ca,0.0374916999717243,0,0,0.005083391602400987,0.005083391602400987,0.5252186276418979
slr_to_ipod,inner,0,tagi_full3,1.0,17,raw36,199,2563,41008,4,796,1e715f09fdb7e015209534618237b84824369c04f175594cb184223d5eef4ecc,0.146104599989485,0,0,0.0018387234650451088,0.0018387234650451088,0.5389247429037017
slr_to_ipod,inner,0,tagi_full3,1.0,17,raw36,199,2563,41008,16,3184,d1d9e67a67a7a972cfa2e3afc979e7e7e38af643020b5193e6eaebe29eb8fe69,0.607333899999503,0,0,0.000435845658931921,0.000435845658931921,0.5792217658283669
slr_to_ipod,inner,0,tagi_full3,1.0,17,raw36,199,2563,41008,64,12736,88b3ad32464d7cb13736f6d4f8fb5a01c74247003dc8b59406b9c5d753402ef4,2.3677986999973655,0,0,6.890613291492224e-05,6.890613291492224e-05,0.7109007811962041
slr_to_ipod,inner,0,tagi_full3,0.1,29,raw36,199,2563,41008,1,199,e7537ec22c78b81886bccd64560150d0ee1504efc081b5ae2fee423e753f14d4,0.0374916999717243,0,0,0.002129333036872822,0.002129333036872822,0.48307961806186667
slr_to_ipod,inner,0,tagi_full3,0.1,29,raw36,199,2563,41008,4,796,bb8f4a4a3e94819b846688749d30a445eac69811cdd1d3b0e0c8913928a51ffd,0.146104599989485,0,0,0.00029793684871009987,0.00029793684871009987,0.5112307393970665
slr_to_ipod,inner,0,tagi_full3,0.1,29,raw36,199,2563,41008,16,3184,9a01c984e883874e848c78ad745b0d727c38e0073636edd71efb5af5f474373b,0.607333899999503,0,0,1.9377743429660277e-06,1.9377743429660277e-06,1.1847569958479858
slr_to_ipod,inner,0,tagi_full3,0.1,29,raw36,199,2563,41008,64,12736,99d52ebc24e4b61f7a1ae4dfc5da6f23e582e4fccdacc07276d27957bb4d2701,2.3677986999973655,0,0,6.476160859419271e-08,6.476160859419271e-08,1.5949938071936363
slr_to_ipod,inner,0,tagi_full3,0.3,29,raw36,199,2563,41008,1,199,e7537ec22c78b81886bccd64560150d0ee1504efc081b5ae2fee423e753f14d4,0.0374916999717243,0,0,0.0026789071106370454,0.0026789071106370454,0.4796552053149366
slr_to_ipod,inner,0,tagi_full3,0.3,29,raw36,199,2563,41008,4,796,bb8f4a4a3e94819b846688749d30a445eac69811cdd1d3b0e0c8913928a51ffd,0.146104599989485,0,0,0.0005543498777743301,0.0005543498777743301,0.5227504574470129
slr_to_ipod,inner,0,tagi_full3,0.3,29,raw36,199,2563,41008,16,3184,9a01c984e883874e848c78ad745b0d727c38e0073636edd71efb5af5f474373b,0.607333899999503,0,0,4.183560564250294e-05,4.183560564250294e-05,0.6330374733098187
slr_to_ipod,inner,0,tagi_full3,0.3,29,raw36,199,2563,41008,64,12736,99d52ebc24e4b61f7a1ae4dfc5da6f23e582e4fccdacc07276d27957bb4d2701,2.3677986999973655,0,0,2.943525686775074e-06,2.943525686775074e-06,0.9106473333819525
slr_to_ipod,inner,0,tagi_full3,1.0,29,raw36,199,2563,41008,1,199,e7537ec22c78b81886bccd64560150d0ee1504efc081b5ae2fee423e753f14d4,0.0374916999717243,0,0,0.0050517104963503775,0.0050517104963503775,0.48530221488710334
slr_to_ipod,inner,0,tagi_full3,1.0,29,raw36,199,2563,41008,4,796,bb8f4a4a3e94819b846688749d30a445eac69811cdd1d3b0e0c8913928a51ffd,0.146104599989485,0,0,0.0016219644756850936,0.0016219644756850936,0.4880805198382295
slr_to_ipod,inner,0,tagi_full3,1.0,29,raw36,199,2563,41008,16,3184,9a01c984e883874e848c78ad745b0d727c38e0073636edd71efb5af5f474373b,0.607333899999503,0,0,0.00033256800189907377,0.00033256800189907377,0.531841388739185
slr_to_ipod,inner,0,tagi_full3,1.0,29,raw36,199,2563,41008,64,12736,99d52ebc24e4b61f7a1ae4dfc5da6f23e582e4fccdacc07276d27957bb4d2701,2.3677986999973655,0,0,4.868716977566302e-05,4.868716977566302e-05,0.5990557043092
slr_to_ipod,inner,0,tagi_full3,0.1,43,raw36,199,2563,41008,1,199,88c3d8f66f1ccc24462130e8c83ac5f33ff9cab37cb2c22ca83ad73b5928e8dd,0.0374916999717243,0,0,0.002183472328604246,0.002183472328604246,0.665588388952474
slr_to_ipod,inner,0,tagi_full3,0.1,43,raw36,199,2563,41008,4,796,2bd22f8770fd8b12e3e49b9ec0928896cbe033a6cee114241217442c21b5d9f9,0.146104599989485,0,0,0.00024398443464376056,0.00024398443464376056,0.7148444970063839
slr_to_ipod,inner,0,tagi_full3,0.1,43,raw36,199,2563,41008,16,3184,be741ca0c09e907072c68e31203ac75b436eae42d9c9372815000549d2786d96,0.607333899999503,0,0,3.2729526786445717e-06,3.2729526786445717e-06,1.2118461179528908
slr_to_ipod,inner,0,tagi_full3,0.1,43,raw36,199,2563,41008,64,12736,4a41b265b46f660d29698ba1ba0bee9596344e775bf44e83ae521036bca92a60,2.3677986999973655,0,0,1.6022710306606163e-07,1.6022710306606163e-07,1.7369552948491547
slr_to_ipod,inner,0,tagi_full3,0.3,43,raw36,199,2563,41008,1,199,88c3d8f66f1ccc24462130e8c83ac5f33ff9cab37cb2c22ca83ad73b5928e8dd,0.0374916999717243,0,0,0.0026147793559174997,0.0026147793559174997,0.6300310414627854
slr_to_ipod,inner,0,tagi_full3,0.3,43,raw36,199,2563,41008,4,796,2bd22f8770fd8b12e3e49b9ec0928896cbe033a6cee114241217442c21b5d9f9,0.146104599989485,0,0,0.0005961310235136449,0.0005961310235136449,0.6518579217202809
slr_to_ipod,inner,0,tagi_full3,0.3,43,raw36,199,2563,41008,16,3184,be741ca0c09e907072c68e31203ac75b436eae42d9c9372815000549d2786d96,0.607333899999503,0,0,4.657247375328226e-05,4.657247375328226e-05,0.6727018778886088
slr_to_ipod,inner,0,tagi_full3,0.3,43,raw36,199,2563,41008,64,12736,4a41b265b46f660d29698ba1ba0bee9596344e775bf44e83ae521036bca92a60,2.3677986999973655,0,0,4.301034331294768e-06,4.301034331294768e-06,1.032603500188499
slr_to_ipod,inner,0,tagi_full3,1.0,43,raw36,199,2563,41008,1,199,88c3d8f66f1ccc24462130e8c83ac5f33ff9cab37cb2c22ca83ad73b5928e8dd,0.0374916999717243,0,0,0.004015527315604085,0.004015527315604085,0.5381972968837491
slr_to_ipod,inner,0,tagi_full3,1.0,43,raw36,199,2563,41008,4,796,2bd22f8770fd8b12e3e49b9ec0928896cbe033a6cee114241217442c21b5d9f9,0.146104599989485,0,0,0.0012843173873963306,0.0012843173873963306,0.5721800029642924
slr_to_ipod,inner,0,tagi_full3,1.0,43,raw36,199,2563,41008,16,3184,be741ca0c09e907072c68e31203ac75b436eae42d9c9372815000549d2786d96,0.607333899999503,0,0,0.00023450146649793292,0.00023450146649793292,0.5301119429211519
slr_to_ipod,inner,0,tagi_full3,1.0,43,raw36,199,2563,41008,64,12736,4a41b265b46f660d29698ba1ba0bee9596344e775bf44e83ae521036bca92a60,2.3677986999973655,0,0,3.8689188812356146e-05,3.8689188812356146e-05,0.5450012224981436
slr_to_ipod,inner,0,tagi_full3,0.1,17,mean3,199,451,7216,1,199,44ba8b1128d603e944abd09088592c9d795cf38e2d2d5e965d31a04ba54413ca,0.025978999969083816,0,0,0.00022141679091079844,0.00022141679091079844,1.1553120589744847
slr_to_ipod,inner,0,tagi_full3,0.1,17,mean3,199,451,7216,4,796,1e715f09fdb7e015209534618237b84824369c04f175594cb184223d5eef4ecc,0.09917559998575598,0,0,2.1242697857620416e-05,2.1242697857620416e-05,1.5170891032992282
slr_to_ipod,inner,0,tagi_full3,0.1,17,mean3,199,451,7216,16,3184,d1d9e67a67a7a972cfa2e3afc979e7e7e38af643020b5193e6eaebe29eb8fe69,0.4300914999912493,0,0,3.4158905084766467e-06,3.4158905084766467e-06,2.1083875863237815
slr_to_ipod,inner,0,tagi_full3,0.1,17,mean3,199,451,7216,64,12736,88b3ad32464d7cb13736f6d4f8fb5a01c74247003dc8b59406b9c5d753402ef4,1.688026899995748,0,0,4.663922218489114e-07,4.663922218489114e-07,2.271108071570771
slr_to_ipod,inner,0,tagi_full3,0.3,17,mean3,199,451,7216,1,199,44ba8b1128d603e944abd09088592c9d795cf38e2d2d5e965d31a04ba54413ca,0.025978999969083816,0,0,0.0008084616331285849,0.0008084616331285849,0.7746219316536963
slr_to_ipod,inner,0,tagi_full3,0.3,17,mean3,199,451,7216,4,796,1e715f09fdb7e015209534618237b84824369c04f175594cb184223d5eef4ecc,0.09917559998575598,0,0,0.00016804055199354508,0.00016804055199354508,0.9822692461407907
slr_to_ipod,inner,0,tagi_full3,0.3,17,mean3,199,451,7216,16,3184,d1d9e67a67a7a972cfa2e3afc979e7e7e38af643020b5193e6eaebe29eb8fe69,0.4300914999912493,0,0,3.316925178375859e-05,3.316925178375859e-05,1.6495867756821903
slr_to_ipod,inner,0,tagi_full3,0.3,17,mean3,199,451,7216,64,12736,88b3ad32464d7cb13736f6d4f8fb5a01c74247003dc8b59406b9c5d753402ef4,1.688026899995748,0,0,5.62665396522726e-06,5.62665396522726e-06,1.8429657097481178
slr_to_ipod,inner,0,tagi_full3,1.0,17,mean3,199,451,7216,1,199,44ba8b1128d603e944abd09088592c9d795cf38e2d2d5e965d31a04ba54413ca,0.025978999969083816,0,0,0.003706956113357343,0.003706956113357343,0.66540390661921
slr_to_ipod,inner,0,tagi_full3,1.0,17,mean3,199,451,7216,4,796,1e715f09fdb7e015209534618237b84824369c04f175594cb184223d5eef4ecc,0.09917559998575598,0,0,0.0012570583212622335,0.0012570583212622335,0.7582969948934819
slr_to_ipod,inner,0,tagi_full3,1.0,17,mean3,199,451,7216,16,3184,d1d9e67a67a7a972cfa2e3afc979e7e7e38af643020b5193e6eaebe29eb8fe69,0.4300914999912493,0,0,0.0003302546320016823,0.0003302546320016823,1.088499553651491
slr_to_ipod,inner,0,tagi_full3,1.0,17,mean3,199,451,7216,64,12736,88b3ad32464d7cb13736f6d4f8fb5a01c74247003dc8b59406b9c5d753402ef4,1.688026899995748,0,0,5.5114720301300974e-05,5.5114720301300974e-05,2.011654999933021
slr_to_ipod,inner,0,tagi_full3,0.1,29,mean3,199,451,7216,1,199,e7537ec22c78b81886bccd64560150d0ee1504efc081b5ae2fee423e753f14d4,0.025978999969083816,0,0,0.00020834670526409144,0.00020834670526409144,0.9133443654373492
slr_to_ipod,inner,0,tagi_full3,0.1,29,mean3,199,451,7216,4,796,bb8f4a4a3e94819b846688749d30a445eac69811cdd1d3b0e0c8913928a51ffd,0.09917559998575598,0,0,1.9795091894537033e-05,1.9795091894537033e-05,1.8670196402481658
slr_to_ipod,inner,0,tagi_full3,0.1,29,mean3,199,451,7216,16,3184,9a01c984e883874e848c78ad745b0d727c38e0073636edd71efb5af5f474373b,0.4300914999912493,0,0,2.0657251571750623e-06,2.0657251571750623e-06,2.6947342556914915
slr_to_ipod,inner,0,tagi_full3,0.1,29,mean3,199,451,7216,64,12736,99d52ebc24e4b61f7a1ae4dfc5da6f23e582e4fccdacc07276d27957bb4d2701,1.688026899995748,0,0,3.1762445572525917e-07,3.1762445572525917e-07,2.829238497586322
slr_to_ipod,inner,0,tagi_full3,0.3,29,mean3,199,451,7216,1,199,e7537ec22c78b81886bccd64560150d0ee1504efc081b5ae2fee423e753f14d4,0.025978999969083816,0,0,0.0008495929001666678,0.0008495929001666678,0.6687110740825041
slr_to_ipod,inner,0,tagi_full3,0.3,29,mean3,199,451,7216,4,796,bb8f4a4a3e94819b846688749d30a445eac69811cdd1d3b0e0c8913928a51ffd,0.09917559998575598,0,0,0.00017088236630731873,0.00017088236630731873,1.0170475714735212
slr_to_ipod,inner,0,tagi_full3,0.3,29,mean3,199,451,7216,16,3184,9a01c984e883874e848c78ad745b0d727c38e0073636edd71efb5af5f474373b,0.4300914999912493,0,0,3.0804804411298374e-05,3.0804804411298374e-05,1.6661503385523124
slr_to_ipod,inner,0,tagi_full3,0.3,29,mean3,199,451,7216,64,12736,99d52ebc24e4b61f7a1ae4dfc5da6f23e582e4fccdacc07276d27957bb4d2701,1.688026899995748,0,0,4.330192325727919e-06,4.330192325727919e-06,1.7575667052314037
slr_to_ipod,inner,0,tagi_full3,1.0,29,mean3,199,451,7216,1,199,e7537ec22c78b81886bccd64560150d0ee1504efc081b5ae2fee423e753f14d4,0.025978999969083816,0,0,0.0037685181495789406,0.0037685181495789406,0.632476817270537
slr_to_ipod,inner,0,tagi_full3,1.0,29,mean3,199,451,7216,4,796,bb8f4a4a3e94819b846688749d30a445eac69811cdd1d3b0e0c8913928a51ffd,0.09917559998575598,0,0,0.0012743940043569732,0.0012743940043569732,0.7047452461031936
slr_to_ipod,inner,0,tagi_full3,1.0,29,mean3,199,451,7216,16,3184,9a01c984e883874e848c78ad745b0d727c38e0073636edd71efb5af5f474373b,0.4300914999912493,0,0,0.00033173875470815213,0.00033173875470815213,1.1887967638310595
slr_to_ipod,inner,0,tagi_full3,1.0,29,mean3,199,451,7216,64,12736,99d52ebc24e4b61f7a1ae4dfc5da6f23e582e4fccdacc07276d27957bb4d2701,1.688026899995748,0,0,4.959120418049052e-05,4.959120418049052e-05,2.0941157245086
slr_to_ipod,inner,0,tagi_full3,0.1,43,mean3,199,451,7216,1,199,88c3d8f66f1ccc24462130e8c83ac5f33ff9cab37cb2c22ca83ad73b5928e8dd,0.025978999969083816,0,0,0.00022585671505380648,0.00022585671505380648,1.01295497331421
slr_to_ipod,inner,0,tagi_full3,0.1,43,mean3,199,451,7216,4,796,2bd22f8770fd8b12e3e49b9ec0928896cbe033a6cee114241217442c21b5d9f9,0.09917559998575598,0,0,2.1377090276953277e-05,2.1377090276953277e-05,1.2899611146696914
slr_to_ipod,inner,0,tagi_full3,0.1,43,mean3,199,451,7216,16,3184,be741ca0c09e907072c68e31203ac75b436eae42d9c9372815000549d2786d96,0.4300914999912493,0,0,2.877120461894399e-06,2.877120461894399e-06,1.8254097786587353
slr_to_ipod,inner,0,tagi_full3,0.1,43,mean3,199,451,7216,64,12736,4a41b265b46f660d29698ba1ba0bee9596344e775bf44e83ae521036bca92a60,1.688026899995748,0,0,4.185734868446351e-07,4.185734868446351e-07,1.9700949514377262
slr_to_ipod,inner,0,tagi_full3,0.3,43,mean3,199,451,7216,1,199,88c3d8f66f1ccc24462130e8c83ac5f33ff9cab37cb2c22ca83ad73b5928e8dd,0.025978999969083816,0,0,0.0008517928043937259,0.0008517928043937259,0.6230050140256912
slr_to_ipod,inner,0,tagi_full3,0.3,43,mean3,199,451,7216,4,796,2bd22f8770fd8b12e3e49b9ec0928896cbe033a6cee114241217442c21b5d9f9,0.09917559998575598,0,0,0.00017641610118184268,0.00017641610118184268,0.9409349175556836
slr_to_ipod,inner,0,tagi_full3,0.3,43,mean3,199,451,7216,16,3184,be741ca0c09e907072c68e31203ac75b436eae42d9c9372815000549d2786d96,0.4300914999912493,0,0,3.3752113961937677e-05,3.3752113961937677e-05,1.3930149028945151
slr_to_ipod,inner,0,tagi_full3,0.3,43,mean3,199,451,7216,64,12736,4a41b265b46f660d29698ba1ba0bee9596344e775bf44e83ae521036bca92a60,1.688026899995748,0,0,5.275112853719577e-06,5.275112853719577e-06,1.5923812861335782
slr_to_ipod,inner,0,tagi_full3,1.0,43,mean3,199,451,7216,1,199,88c3d8f66f1ccc24462130e8c83ac5f33ff9cab37cb2c22ca83ad73b5928e8dd,0.025978999969083816,0,0,0.0037227821118155824,0.0037227821118155824,0.5995470763077959
slr_to_ipod,inner,0,tagi_full3,1.0,43,mean3,199,451,7216,4,796,2bd22f8770fd8b12e3e49b9ec0928896cbe033a6cee114241217442c21b5d9f9,0.09917559998575598,0,0,0.001260566128428288,0.001260566128428288,0.6767031303414158
slr_to_ipod,inner,0,tagi_full3,1.0,43,mean3,199,451,7216,16,3184,be741ca0c09e907072c68e31203ac75b436eae42d9c9372815000549d2786d96,0.4300914999912493,0,0,0.00033302485735064134,0.00033302485735064134,0.9102100288118471
slr_to_ipod,inner,0,tagi_full3,1.0,43,mean3,199,451,7216,64,12736,4a41b265b46f660d29698ba1ba0bee9596344e775bf44e83ae521036bca92a60,1.688026899995748,0,0,6.97077419529093e-05,6.97077419529093e-05,1.601832119270173
slr_to_ipod,inner,1,adam,0.0003,17,raw36,212,2563,61512,1,212,8ed842815fbac8cd2184af12178f0f6f0bd39f80c45a6f71ccd45498299f7503,0.030664100020658225,0,0,,,0.5050700120740896
slr_to_ipod,inner,1,adam,0.0003,17,raw36,212,2563,61512,4,848,163d211104f32bb73286eb806b61a4fa06b70564dbef73f745d31eb46efed148,0.11972730001434684,0,0,,,0.5098148410076419
slr_to_ipod,inner,1,adam,0.0003,17,raw36,212,2563,61512,16,3392,023755118188695efe469d11d85c9588b1966c26204f70b3143d65d6f6542c97,0.47223770001437515,0,0,,,0.525948065920697
slr_to_ipod,inner,1,adam,0.0003,17,raw36,212,2563,61512,64,13568,cfda9e69810cf919cb4066b5e5ebaa1a25665aeaf3b6d597bec16c8cd30f5c42,1.9066904000355862,0,0,,,0.583412023564125
slr_to_ipod,inner,1,adam,0.001,17,raw36,212,2563,61512,1,212,8ed842815fbac8cd2184af12178f0f6f0bd39f80c45a6f71ccd45498299f7503,0.030664100020658225,0,0,,,0.5081075299700567
slr_to_ipod,inner,1,adam,0.001,17,raw36,212,2563,61512,4,848,163d211104f32bb73286eb806b61a4fa06b70564dbef73f745d31eb46efed148,0.11972730001434684,0,0,,,0.514637013933252
slr_to_ipod,inner,1,adam,0.001,17,raw36,212,2563,61512,16,3392,023755118188695efe469d11d85c9588b1966c26204f70b3143d65d6f6542c97,0.47223770001437515,0,0,,,0.5253600522247376
slr_to_ipod,inner,1,adam,0.001,17,raw36,212,2563,61512,64,13568,cfda9e69810cf919cb4066b5e5ebaa1a25665aeaf3b6d597bec16c8cd30f5c42,1.9066904000355862,0,0,,,0.7697338832676721
slr_to_ipod,inner,1,adam,0.003,17,raw36,212,2563,61512,1,212,8ed842815fbac8cd2184af12178f0f6f0bd39f80c45a6f71ccd45498299f7503,0.030664100020658225,0,0,,,0.5062585233948566
slr_to_ipod,inner,1,adam,0.003,17,raw36,212,2563,61512,4,848,163d211104f32bb73286eb806b61a4fa06b70564dbef73f745d31eb46efed148,0.11972730001434684,0,0,,,0.5110092846645337
slr_to_ipod,inner,1,adam,0.003,17,raw36,212,2563,61512,16,3392,023755118188695efe469d11d85c9588b1966c26204f70b3143d65d6f6542c97,0.47223770001437515,0,0,,,0.6690438114859225
slr_to_ipod,inner,1,adam,0.003,17,raw36,212,2563,61512,64,13568,cfda9e69810cf919cb4066b5e5ebaa1a25665aeaf3b6d597bec16c8cd30f5c42,1.9066904000355862,0,0,,,1.4653930860435052
slr_to_ipod,inner,1,adam,0.0003,29,raw36,212,2563,61512,1,212,787a17ca2155842cc08225c5d0a080f2a98495fc076c93202197a07e2a689699,0.030664100020658225,0,0,,,0.491821830856557
slr_to_ipod,inner,1,adam,0.0003,29,raw36,212,2563,61512,4,848,3e1652d4aa767fc427bd1573edd9fa41ae6b1570a530cc9f9e665dd1e9d59bd2,0.11972730001434684,0,0,,,0.476911049255662
slr_to_ipod,inner,1,adam,0.0003,29,raw36,212,2563,61512,16,3392,294a1cda3b99a4524c0fe0a1fcac99da9b5093fda33690bd1e6ef677674a571e,0.47223770001437515,0,0,,,0.5538381978602871
slr_to_ipod,inner,1,adam,0.0003,29,raw36,212,2563,61512,64,13568,8e9f6d5c0a041837dd55188c1b43c941f6828533cd03753c625580b1123ee35f,1.9066904000355862,0,0,,,0.6664618565491286
slr_to_ipod,inner,1,adam,0.001,29,raw36,212,2563,61512,1,212,787a17ca2155842cc08225c5d0a080f2a98495fc076c93202197a07e2a689699,0.030664100020658225,0,0,,,0.47995939850179553
slr_to_ipod,inner,1,adam,0.001,29,raw36,212,2563,61512,4,848,3e1652d4aa767fc427bd1573edd9fa41ae6b1570a530cc9f9e665dd1e9d59bd2,0.11972730001434684,0,0,,,0.5246134491082731
slr_to_ipod,inner,1,adam,0.001,29,raw36,212,2563,61512,16,3392,294a1cda3b99a4524c0fe0a1fcac99da9b5093fda33690bd1e6ef677674a571e,0.47223770001437515,0,0,,,0.6692460640534039
slr_to_ipod,inner,1,adam,0.001,29,raw36,212,2563,61512,64,13568,8e9f6d5c0a041837dd55188c1b43c941f6828533cd03753c625580b1123ee35f,1.9066904000355862,0,0,,,0.8309473678158855
slr_to_ipod,inner,1,adam,0.003,29,raw36,212,2563,61512,1,212,787a17ca2155842cc08225c5d0a080f2a98495fc076c93202197a07e2a689699,0.030664100020658225,0,0,,,0.5088929486527162
slr_to_ipod,inner,1,adam,0.003,29,raw36,212,2563,61512,4,848,3e1652d4aa767fc427bd1573edd9fa41ae6b1570a530cc9f9e665dd1e9d59bd2,0.11972730001434684,0,0,,,0.627383306761564
slr_to_ipod,inner,1,adam,0.003,29,raw36,212,2563,61512,16,3392,294a1cda3b99a4524c0fe0a1fcac99da9b5093fda33690bd1e6ef677674a571e,0.47223770001437515,0,0,,,0.8079396351750752
slr_to_ipod,inner,1,adam,0.003,29,raw36,212,2563,61512,64,13568,8e9f6d5c0a041837dd55188c1b43c941f6828533cd03753c625580b1123ee35f,1.9066904000355862,0,0,,,1.4125839137698661
slr_to_ipod,inner,1,adam,0.0003,43,raw36,212,2563,61512,1,212,8259347c6db43c11242e4950ae762b600aa7adbe676bdf2f951ca8796207057c,0.030664100020658225,0,0,,,0.4913321534224565
slr_to_ipod,inner,1,adam,0.0003,43,raw36,212,2563,61512,4,848,b8d6e5f69cc254c3a4b79e167ac1bf9163a0b89943b837254e9b1883f0772311,0.11972730001434684,0,0,,,0.4951222382231106
slr_to_ipod,inner,1,adam,0.0003,43,raw36,212,2563,61512,16,3392,b4e7fdff3bdc48ceb2e3a8cb034c1a93b2230c3bbb515f16ffa300c77e969777,0.47223770001437515,0,0,,,0.4982960630897892
slr_to_ipod,inner,1,adam,0.0003,43,raw36,212,2563,61512,64,13568,b542de36364ea1ffb09ca3b859e59d878e6c514f2805b709a2d16b83aae8d22e,1.9066904000355862,0,0,,,0.5788263654764633
slr_to_ipod,inner,1,adam,0.001,43,raw36,212,2563,61512,1,212,8259347c6db43c11242e4950ae762b600aa7adbe676bdf2f951ca8796207057c,0.030664100020658225,0,0,,,0.4882030010099412
slr_to_ipod,inner,1,adam,0.001,43,raw36,212,2563,61512,4,848,b8d6e5f69cc254c3a4b79e167ac1bf9163a0b89943b837254e9b1883f0772311,0.11972730001434684,0,0,,,0.48698877841523563
slr_to_ipod,inner,1,adam,0.001,43,raw36,212,2563,61512,16,3392,b4e7fdff3bdc48ceb2e3a8cb034c1a93b2230c3bbb515f16ffa300c77e969777,0.47223770001437515,0,0,,,0.5298173717030398
slr_to_ipod,inner,1,adam,0.001,43,raw36,212,2563,61512,64,13568,b542de36364ea1ffb09ca3b859e59d878e6c514f2805b709a2d16b83aae8d22e,1.9066904000355862,0,0,,,0.8098631220353982
slr_to_ipod,inner,1,adam,0.003,43,raw36,212,2563,61512,1,212,8259347c6db43c11242e4950ae762b600aa7adbe676bdf2f951ca8796207057c,0.030664100020658225,0,0,,,0.47314136172556126
slr_to_ipod,inner,1,adam,0.003,43,raw36,212,2563,61512,4,848,b8d6e5f69cc254c3a4b79e167ac1bf9163a0b89943b837254e9b1883f0772311,0.11972730001434684,0,0,,,0.5001907743021246
slr_to_ipod,inner,1,adam,0.003,43,raw36,212,2563,61512,16,3392,b4e7fdff3bdc48ceb2e3a8cb034c1a93b2230c3bbb515f16ffa300c77e969777,0.47223770001437515,0,0,,,0.7348887627999926
slr_to_ipod,inner,1,adam,0.003,43,raw36,212,2563,61512,64,13568,b542de36364ea1ffb09ca3b859e59d878e6c514f2805b709a2d16b83aae8d22e,1.9066904000355862,0,0,,,1.3908571085271384
slr_to_ipod,inner,1,adam,0.0003,17,mean3,212,451,10824,1,212,8ed842815fbac8cd2184af12178f0f6f0bd39f80c45a6f71ccd45498299f7503,0.015212800004519522,0,0,,,0.5907358640793577
slr_to_ipod,inner,1,adam,0.0003,17,mean3,212,451,10824,4,848,163d211104f32bb73286eb806b61a4fa06b70564dbef73f745d31eb46efed148,0.05984689999604598,0,0,,,0.5889180425178276
slr_to_ipod,inner,1,adam,0.0003,17,mean3,212,451,10824,16,3392,023755118188695efe469d11d85c9588b1966c26204f70b3143d65d6f6542c97,0.2398745000245981,0,0,,,0.6243681643099844
slr_to_ipod,inner,1,adam,0.0003,17,mean3,212,451,10824,64,13568,cfda9e69810cf919cb4066b5e5ebaa1a25665aeaf3b6d597bec16c8cd30f5c42,0.9627225000294857,0,0,,,0.6772247436057086
slr_to_ipod,inner,1,adam,0.001,17,mean3,212,451,10824,1,212,8ed842815fbac8cd2184af12178f0f6f0bd39f80c45a6f71ccd45498299f7503,0.015212800004519522,0,0,,,0.5847899849365777
slr_to_ipod,inner,1,adam,0.001,17,mean3,212,451,10824,4,848,163d211104f32bb73286eb806b61a4fa06b70564dbef73f745d31eb46efed148,0.05984689999604598,0,0,,,0.6045789203152806
slr_to_ipod,inner,1,adam,0.001,17,mean3,212,451,10824,16,3392,023755118188695efe469d11d85c9588b1966c26204f70b3143d65d6f6542c97,0.2398745000245981,0,0,,,0.6531326213340031
slr_to_ipod,inner,1,adam,0.001,17,mean3,212,451,10824,64,13568,cfda9e69810cf919cb4066b5e5ebaa1a25665aeaf3b6d597bec16c8cd30f5c42,0.9627225000294857,0,0,,,0.8765661982076061
slr_to_ipod,inner,1,adam,0.003,17,mean3,212,451,10824,1,212,8ed842815fbac8cd2184af12178f0f6f0bd39f80c45a6f71ccd45498299f7503,0.015212800004519522,0,0,,,0.5722516091313058
slr_to_ipod,inner,1,adam,0.003,17,mean3,212,451,10824,4,848,163d211104f32bb73286eb806b61a4fa06b70564dbef73f745d31eb46efed148,0.05984689999604598,0,0,,,0.6278292869614903
slr_to_ipod,inner,1,adam,0.003,17,mean3,212,451,10824,16,3392,023755118188695efe469d11d85c9588b1966c26204f70b3143d65d6f6542c97,0.2398745000245981,0,0,,,0.7498750087542229
slr_to_ipod,inner,1,adam,0.003,17,mean3,212,451,10824,64,13568,cfda9e69810cf919cb4066b5e5ebaa1a25665aeaf3b6d597bec16c8cd30f5c42,0.9627225000294857,0,0,,,2.577967527516281
slr_to_ipod,inner,1,adam,0.0003,29,mean3,212,451,10824,1,212,787a17ca2155842cc08225c5d0a080f2a98495fc076c93202197a07e2a689699,0.015212800004519522,0,0,,,0.5036920440180277
slr_to_ipod,inner,1,adam,0.0003,29,mean3,212,451,10824,4,848,3e1652d4aa767fc427bd1573edd9fa41ae6b1570a530cc9f9e665dd1e9d59bd2,0.05984689999604598,0,0,,,0.49872241670393896
slr_to_ipod,inner,1,adam,0.0003,29,mean3,212,451,10824,16,3392,294a1cda3b99a4524c0fe0a1fcac99da9b5093fda33690bd1e6ef677674a571e,0.2398745000245981,0,0,,,0.6044681962889592
slr_to_ipod,inner,1,adam,0.0003,29,mean3,212,451,10824,64,13568,8e9f6d5c0a041837dd55188c1b43c941f6828533cd03753c625580b1123ee35f,0.9627225000294857,0,0,,,0.894593860969048
slr_to_ipod,inner,1,adam,0.001,29,mean3,212,451,10824,1,212,787a17ca2155842cc08225c5d0a080f2a98495fc076c93202197a07e2a689699,0.015212800004519522,0,0,,,0.49898795504217547
slr_to_ipod,inner,1,adam,0.001,29,mean3,212,451,10824,4,848,3e1652d4aa767fc427bd1573edd9fa41ae6b1570a530cc9f9e665dd1e9d59bd2,0.05984689999604598,0,0,,,0.5048535964895815
slr_to_ipod,inner,1,adam,0.001,29,mean3,212,451,10824,16,3392,294a1cda3b99a4524c0fe0a1fcac99da9b5093fda33690bd1e6ef677674a571e,0.2398745000245981,0,0,,,0.7626096614304743
slr_to_ipod,inner,1,adam,0.001,29,mean3,212,451,10824,64,13568,8e9f6d5c0a041837dd55188c1b43c941f6828533cd03753c625580b1123ee35f,0.9627225000294857,0,0,,,1.5217735974247932
slr_to_ipod,inner,1,adam,0.003,29,mean3,212,451,10824,1,212,787a17ca2155842cc08225c5d0a080f2a98495fc076c93202197a07e2a689699,0.015212800004519522,0,0,,,0.5105703883021493
slr_to_ipod,inner,1,adam,0.003,29,mean3,212,451,10824,4,848,3e1652d4aa767fc427bd1573edd9fa41ae6b1570a530cc9f9e665dd1e9d59bd2,0.05984689999604598,0,0,,,0.6095075874835911
slr_to_ipod,inner,1,adam,0.003,29,mean3,212,451,10824,16,3392,294a1cda3b99a4524c0fe0a1fcac99da9b5093fda33690bd1e6ef677674a571e,0.2398745000245981,0,0,,,0.8803523529551806
slr_to_ipod,inner,1,adam,0.003,29,mean3,212,451,10824,64,13568,8e9f6d5c0a041837dd55188c1b43c941f6828533cd03753c625580b1123ee35f,0.9627225000294857,0,0,,,2.028017507072001
slr_to_ipod,inner,1,adam,0.0003,43,mean3,212,451,10824,1,212,8259347c6db43c11242e4950ae762b600aa7adbe676bdf2f951ca8796207057c,0.015212800004519522,0,0,,,0.5014918226553737
slr_to_ipod,inner,1,adam,0.0003,43,mean3,212,451,10824,4,848,b8d6e5f69cc254c3a4b79e167ac1bf9163a0b89943b837254e9b1883f0772311,0.05984689999604598,0,0,,,0.5474668844650455
slr_to_ipod,inner,1,adam,0.0003,43,mean3,212,451,10824,16,3392,b4e7fdff3bdc48ceb2e3a8cb034c1a93b2230c3bbb515f16ffa300c77e969777,0.2398745000245981,0,0,,,0.6448738713555502
slr_to_ipod,inner,1,adam,0.0003,43,mean3,212,451,10824,64,13568,b542de36364ea1ffb09ca3b859e59d878e6c514f2805b709a2d16b83aae8d22e,0.9627225000294857,0,0,,,0.7244534686032039
slr_to_ipod,inner,1,adam,0.001,43,mean3,212,451,10824,1,212,8259347c6db43c11242e4950ae762b600aa7adbe676bdf2f951ca8796207057c,0.015212800004519522,0,0,,,0.5298559773187359
slr_to_ipod,inner,1,adam,0.001,43,mean3,212,451,10824,4,848,b8d6e5f69cc254c3a4b79e167ac1bf9163a0b89943b837254e9b1883f0772311,0.05984689999604598,0,0,,,0.6350592571353434
slr_to_ipod,inner,1,adam,0.001,43,mean3,212,451,10824,16,3392,b4e7fdff3bdc48ceb2e3a8cb034c1a93b2230c3bbb515f16ffa300c77e969777,0.2398745000245981,0,0,,,0.7258066250077067
slr_to_ipod,inner,1,adam,0.001,43,mean3,212,451,10824,64,13568,b542de36364ea1ffb09ca3b859e59d878e6c514f2805b709a2d16b83aae8d22e,0.9627225000294857,0,0,,,1.1672776121964215
slr_to_ipod,inner,1,adam,0.003,43,mean3,212,451,10824,1,212,8259347c6db43c11242e4950ae762b600aa7adbe676bdf2f951ca8796207057c,0.015212800004519522,0,0,,,0.5968585382911034
slr_to_ipod,inner,1,adam,0.003,43,mean3,212,451,10824,4,848,b8d6e5f69cc254c3a4b79e167ac1bf9163a0b89943b837254e9b1883f0772311,0.05984689999604598,0,0,,,0.6758883023412248
slr_to_ipod,inner,1,adam,0.003,43,mean3,212,451,10824,16,3392,b4e7fdff3bdc48ceb2e3a8cb034c1a93b2230c3bbb515f16ffa300c77e969777,0.2398745000245981,0,0,,,0.8113719424796088
slr_to_ipod,inner,1,adam,0.003,43,mean3,212,451,10824,64,13568,b542de36364ea1ffb09ca3b859e59d878e6c514f2805b709a2d16b83aae8d22e,0.9627225000294857,0,0,,,2.491057469748665
slr_to_ipod,inner,1,tagi_diag,0.1,17,raw36,212,2563,41008,1,212,8ed842815fbac8cd2184af12178f0f6f0bd39f80c45a6f71ccd45498299f7503,0.03560940001625568,0,0,0.0014012743394317237,0.0014012743394317237,0.5174143807326372
slr_to_ipod,inner,1,tagi_diag,0.1,17,raw36,212,2563,41008,4,848,163d211104f32bb73286eb806b61a4fa06b70564dbef73f745d31eb46efed148,0.14313459995901212,0,0,0.00014432527708138678,0.00014432527708138678,0.7003154189739946
slr_to_ipod,inner,1,tagi_diag,0.1,17,raw36,212,2563,41008,16,3392,023755118188695efe469d11d85c9588b1966c26204f70b3143d65d6f6542c97,0.5695242999936454,0,0,1.4187810063731746e-06,1.4187810063731746e-06,1.1307119788631295
slr_to_ipod,inner,1,tagi_diag,0.1,17,raw36,212,2563,41008,64,13568,cfda9e69810cf919cb4066b5e5ebaa1a25665aeaf3b6d597bec16c8cd30f5c42,2.2839127999613993,0,0,5.9527877513870185e-08,5.9527877513870185e-08,1.9858241988363994
slr_to_ipod,inner,1,tagi_diag,0.3,17,raw36,212,2563,41008,1,212,8ed842815fbac8cd2184af12178f0f6f0bd39f80c45a6f71ccd45498299f7503,0.03560940001625568,0,0,0.002050085606115284,0.002050085606115284,0.5036906127357528
slr_to_ipod,inner,1,tagi_diag,0.3,17,raw36,212,2563,41008,4,848,163d211104f32bb73286eb806b61a4fa06b70564dbef73f745d31eb46efed148,0.14313459995901212,0,0,0.00039542782020607716,0.00039542782020607716,0.5825168747026245
slr_to_ipod,inner,1,tagi_diag,0.3,17,raw36,212,2563,41008,16,3392,023755118188695efe469d11d85c9588b1966c26204f70b3143d65d6f6542c97,0.5695242999936454,0,0,4.36095651373815e-05,4.36095651373815e-05,0.9081952751602784
slr_to_ipod,inner,1,tagi_diag,0.3,17,raw36,212,2563,41008,64,13568,cfda9e69810cf919cb4066b5e5ebaa1a25665aeaf3b6d597bec16c8cd30f5c42,2.2839127999613993,0,0,2.7098240047763643e-06,2.7098240047763643e-06,1.315430307951121
slr_to_ipod,inner,1,tagi_diag,1.0,17,raw36,212,2563,41008,1,212,8ed842815fbac8cd2184af12178f0f6f0bd39f80c45a6f71ccd45498299f7503,0.03560940001625568,0,0,0.00476475300322453,0.00476475300322453,0.5210349131756025
slr_to_ipod,inner,1,tagi_diag,1.0,17,raw36,212,2563,41008,4,848,163d211104f32bb73286eb806b61a4fa06b70564dbef73f745d31eb46efed148,0.14313459995901212,0,0,0.0016749881238864626,0.0016749881238864626,0.5415149738483772
slr_to_ipod,inner,1,tagi_diag,1.0,17,raw36,212,2563,41008,16,3392,023755118188695efe469d11d85c9588b1966c26204f70b3143d65d6f6542c97,0.5695242999936454,0,0,0.00035867239148009827,0.00035867239148009827,0.5686849259156483
slr_to_ipod,inner,1,tagi_diag,1.0,17,raw36,212,2563,41008,64,13568,cfda9e69810cf919cb4066b5e5ebaa1a25665aeaf3b6d597bec16c8cd30f5c42,2.2839127999613993,0,0,7.193533980540676e-05,7.193533980540676e-05,0.6416950012216984
slr_to_ipod,inner,1,tagi_diag,0.1,29,raw36,212,2563,41008,1,212,787a17ca2155842cc08225c5d0a080f2a98495fc076c93202197a07e2a689699,0.03560940001625568,0,0,0.001462340650822036,0.001462340650822036,0.4872312007989412
slr_to_ipod,inner,1,tagi_diag,0.1,29,raw36,212,2563,41008,4,848,3e1652d4aa767fc427bd1573edd9fa41ae6b1570a530cc9f9e665dd1e9d59bd2,0.14313459995901212,0,0,0.0001672121475915613,0.0001672121475915613,0.6339091550986203
slr_to_ipod,inner,1,tagi_diag,0.1,29,raw36,212,2563,41008,16,3392,294a1cda3b99a4524c0fe0a1fcac99da9b5093fda33690bd1e6ef677674a571e,0.5695242999936454,0,0,3.084390983394537e-06,3.084390983394537e-06,1.2880152945707504
slr_to_ipod,inner,1,tagi_diag,0.1,29,raw36,212,2563,41008,64,13568,8e9f6d5c0a041837dd55188c1b43c941f6828533cd03753c625580b1123ee35f,2.2839127999613993,0,0,9.049115108948759e-08,9.049115108948759e-08,1.70378986985521
slr_to_ipod,inner,1,tagi_diag,0.3,29,raw36,212,2563,41008,1,212,787a17ca2155842cc08225c5d0a080f2a98495fc076c93202197a07e2a689699,0.03560940001625568,0,0,0.0021172123693674184,0.0021172123693674184,0.4912852579445775
slr_to_ipod,inner,1,tagi_diag,0.3,29,raw36,212,2563,41008,4,848,3e1652d4aa767fc427bd1573edd9fa41ae6b1570a530cc9f9e665dd1e9d59bd2,0.14313459995901212,0,0,0.0004263197507644411,0.0004263197507644411,0.5043767616126732
slr_to_ipod,inner,1,tagi_diag,0.3,29,raw36,212,2563,41008,16,3392,294a1cda3b99a4524c0fe0a1fcac99da9b5093fda33690bd1e6ef677674a571e,0.5695242999936454,0,0,2.8286286939090157e-05,2.8286286939090157e-05,0.7800731237721334
slr_to_ipod,inner,1,tagi_diag,0.3,29,raw36,212,2563,41008,64,13568,8e9f6d5c0a041837dd55188c1b43c941f6828533cd03753c625580b1123ee35f,2.2839127999613993,0,0,2.05512966820583e-06,2.05512966820583e-06,1.182359903962293
slr_to_ipod,inner,1,tagi_diag,1.0,29,raw36,212,2563,41008,1,212,787a17ca2155842cc08225c5d0a080f2a98495fc076c93202197a07e2a689699,0.03560940001625568,0,0,0.004735810063239386,0.004735810063239386,0.4810021670553169
slr_to_ipod,inner,1,tagi_diag,1.0,29,raw36,212,2563,41008,4,848,3e1652d4aa767fc427bd1573edd9fa41ae6b1570a530cc9f9e665dd1e9d59bd2,0.14313459995901212,0,0,0.0016817764755469122,0.0016817764755469122,0.49017152287070864
slr_to_ipod,inner,1,tagi_diag,1.0,29,raw36,212,2563,41008,16,3392,294a1cda3b99a4524c0fe0a1fcac99da9b5093fda33690bd1e6ef677674a571e,0.5695242999936454,0,0,0.0004035536983624771,0.0004035536983624771,0.5057933906606482
slr_to_ipod,inner,1,tagi_diag,1.0,29,raw36,212,2563,41008,64,13568,8e9f6d5c0a041837dd55188c1b43c941f6828533cd03753c625580b1123ee35f,2.2839127999613993,0,0,6.096319142952301e-05,6.096319142952301e-05,1.012409750419527
slr_to_ipod,inner,1,tagi_diag,0.1,43,raw36,212,2563,41008,1,212,8259347c6db43c11242e4950ae762b600aa7adbe676bdf2f951ca8796207057c,0.03560940001625568,0,0,0.001447592020554174,0.001447592020554174,0.47053043683521417
slr_to_ipod,inner,1,tagi_diag,0.1,43,raw36,212,2563,41008,4,848,b8d6e5f69cc254c3a4b79e167ac1bf9163a0b89943b837254e9b1883f0772311,0.14313459995901212,0,0,0.00015147519034612955,0.00015147519034612955,0.7012309394991962
slr_to_ipod,inner,1,tagi_diag,0.1,43,raw36,212,2563,41008,16,3392,b4e7fdff3bdc48ceb2e3a8cb034c1a93b2230c3bbb515f16ffa300c77e969777,0.5695242999936454,0,0,1.928309168263499e-06,1.928309168263499e-06,1.2578431456613086
slr_to_ipod,inner,1,tagi_diag,0.1,43,raw36,212,2563,41008,64,13568,b542de36364ea1ffb09ca3b859e59d878e6c514f2805b709a2d16b83aae8d22e,2.2839127999613993,0,0,8.692326168658414e-08,8.692326168658414e-08,1.8620246538041885
slr_to_ipod,inner,1,tagi_diag,0.3,43,raw36,212,2563,41008,1,212,8259347c6db43c11242e4950ae762b600aa7adbe676bdf2f951ca8796207057c,0.03560940001625568,0,0,0.002112447551240276,0.002112447551240276,0.49040585755296207
slr_to_ipod,inner,1,tagi_diag,0.3,43,raw36,212,2563,41008,4,848,b8d6e5f69cc254c3a4b79e167ac1bf9163a0b89943b837254e9b1883f0772311,0.14313459995901212,0,0,0.000391669418886543,0.000391669418886543,0.5787370310529875
slr_to_ipod,inner,1,tagi_diag,0.3,43,raw36,212,2563,41008,16,3392,b4e7fdff3bdc48ceb2e3a8cb034c1a93b2230c3bbb515f16ffa300c77e969777,0.5695242999936454,0,0,3.261411074328295e-05,3.261411074328295e-05,0.7645909626403502
slr_to_ipod,inner,1,tagi_diag,0.3,43,raw36,212,2563,41008,64,13568,b542de36364ea1ffb09ca3b859e59d878e6c514f2805b709a2d16b83aae8d22e,2.2839127999613993,0,0,2.832437583567e-06,2.832437583567e-06,0.9609492960733717
slr_to_ipod,inner,1,tagi_diag,1.0,43,raw36,212,2563,41008,1,212,8259347c6db43c11242e4950ae762b600aa7adbe676bdf2f951ca8796207057c,0.03560940001625568,0,0,0.004401781068248474,0.004401781068248474,0.47796533597845453
slr_to_ipod,inner,1,tagi_diag,1.0,43,raw36,212,2563,41008,4,848,b8d6e5f69cc254c3a4b79e167ac1bf9163a0b89943b837254e9b1883f0772311,0.14313459995901212,0,0,0.0011060942536475255,0.0011060942536475255,0.49579415519347086
slr_to_ipod,inner,1,tagi_diag,1.0,43,raw36,212,2563,41008,16,3392,b4e7fdff3bdc48ceb2e3a8cb034c1a93b2230c3bbb515f16ffa300c77e969777,0.5695242999936454,0,0,0.0001853418817517207,0.0001853418817517207,0.52584445013273
slr_to_ipod,inner,1,tagi_diag,1.0,43,raw36,212,2563,41008,64,13568,b542de36364ea1ffb09ca3b859e59d878e6c514f2805b709a2d16b83aae8d22e,2.2839127999613993,0,0,2.9939615437075823e-05,2.9939615437075823e-05,0.5928466793906438
slr_to_ipod,inner,1,tagi_diag,0.1,17,mean3,212,451,7216,1,212,8ed842815fbac8cd2184af12178f0f6f0bd39f80c45a6f71ccd45498299f7503,0.024085999990347773,0,0,0.00016839054525061753,0.00016839054525061753,1.2864821412990373
slr_to_ipod,inner,1,tagi_diag,0.1,17,mean3,212,451,7216,4,848,163d211104f32bb73286eb806b61a4fa06b70564dbef73f745d31eb46efed148,0.09064619999844581,0,0,1.7971630212331978e-05,1.7971630212331978e-05,1.1080207745626778
slr_to_ipod,inner,1,tagi_diag,0.1,17,mean3,212,451,7216,16,3392,023755118188695efe469d11d85c9588b1966c26204f70b3143d65d6f6542c97,0.35682449996238574,0,0,3.320837855613976e-06,3.320837855613976e-06,2.0824665402507403
slr_to_ipod,inner,1,tagi_diag,0.1,17,mean3,212,451,7216,64,13568,cfda9e69810cf919cb4066b5e5ebaa1a25665aeaf3b6d597bec16c8cd30f5c42,1.4162706999923103,0,0,1.6058075513367343e-07,1.6058075513367343e-07,3.9502158323765912
slr_to_ipod,inner,1,tagi_diag,0.3,17,mean3,212,451,7216,1,212,8ed842815fbac8cd2184af12178f0f6f0bd39f80c45a6f71ccd45498299f7503,0.024085999990347773,0,0,0.0007526235621844843,0.0007526235621844843,0.6715877401654413
slr_to_ipod,inner,1,tagi_diag,0.3,17,mean3,212,451,7216,4,848,163d211104f32bb73286eb806b61a4fa06b70564dbef73f745d31eb46efed148,0.09064619999844581,0,0,0.0001500985335044781,0.0001500985335044781,0.7489498774077517
slr_to_ipod,inner,1,tagi_diag,0.3,17,mean3,212,451,7216,16,3392,023755118188695efe469d11d85c9588b1966c26204f70b3143d65d6f6542c97,0.35682449996238574,0,0,3.084448542815808e-05,3.084448542815808e-05,0.799364951478545
slr_to_ipod,inner,1,tagi_diag,0.3,17,mean3,212,451,7216,64,13568,cfda9e69810cf919cb4066b5e5ebaa1a25665aeaf3b6d597bec16c8cd30f5c42,1.4162706999923103,0,0,6.434715463170193e-06,6.434715463170193e-06,1.938542138674697
slr_to_ipod,inner,1,tagi_diag,1.0,17,mean3,212,451,7216,1,212,8ed842815fbac8cd2184af12178f0f6f0bd39f80c45a6f71ccd45498299f7503,0.024085999990347773,0,0,0.0035586208378092852,0.0035586208378092852,0.6229860791621474
slr_to_ipod,inner,1,tagi_diag,1.0,17,mean3,212,451,7216,4,848,163d211104f32bb73286eb806b61a4fa06b70564dbef73f745d31eb46efed148,0.09064619999844581,0,0,0.0011825782507750137,0.0011825782507750137,0.6649591440469557
slr_to_ipod,inner,1,tagi_diag,1.0,17,mean3,212,451,7216,16,3392,023755118188695efe469d11d85c9588b1966c26204f70b3143d65d6f6542c97,0.35682449996238574,0,0,0.0003096068396098771,0.0003096068396098771,0.6667565511817156
slr_to_ipod,inner,1,tagi_diag,1.0,17,mean3,212,451,7216,64,13568,cfda9e69810cf919cb4066b5e5ebaa1a25665aeaf3b6d597bec16c8cd30f5c42,1.4162706999923103,0,0,7.598445389149796e-05,7.598445389149796e-05,1.496182498475903
slr_to_ipod,inner,1,tagi_diag,0.1,29,mean3,212,451,7216,1,212,787a17ca2155842cc08225c5d0a080f2a98495fc076c93202197a07e2a689699,0.024085999990347773,0,0,0.00015093036342118395,0.00015093036342118395,1.2328300398634453
slr_to_ipod,inner,1,tagi_diag,0.1,29,mean3,212,451,7216,4,848,3e1652d4aa767fc427bd1573edd9fa41ae6b1570a530cc9f9e665dd1e9d59bd2,0.09064619999844581,0,0,1.6449973165139247e-05,1.6449973165139247e-05,1.3768386192794277
slr_to_ipod,inner,1,tagi_diag,0.1,29,mean3,212,451,7216,16,3392,294a1cda3b99a4524c0fe0a1fcac99da9b5093fda33690bd1e6ef677674a571e,0.35682449996238574,0,0,3.2287551055623803e-06,3.2287551055623803e-06,1.372702014312079
slr_to_ipod,inner,1,tagi_diag,0.1,29,mean3,212,451,7216,64,13568,8e9f6d5c0a041837dd55188c1b43c941f6828533cd03753c625580b1123ee35f,1.4162706999923103,0,0,7.563702407383163e-07,7.563702407383163e-07,1.4144511770030848
slr_to_ipod,inner,1,tagi_diag,0.3,29,mean3,212,451,7216,1,212,787a17ca2155842cc08225c5d0a080f2a98495fc076c93202197a07e2a689699,0.024085999990347773,0,0,0.0007508997464336645,0.0007508997464336645,0.8144344156213272
slr_to_ipod,inner,1,tagi_diag,0.3,29,mean3,212,451,7216,4,848,3e1652d4aa767fc427bd1573edd9fa41ae6b1570a530cc9f9e665dd1e9d59bd2,0.09064619999844581,0,0,0.00014728388835169196,0.00014728388835169196,0.9216317362855199
slr_to_ipod,inner,1,tagi_diag,0.3,29,mean3,212,451,7216,16,3392,294a1cda3b99a4524c0fe0a1fcac99da9b5093fda33690bd1e6ef677674a571e,0.35682449996238574,0,0,3.056785802751935e-05,3.056785802751935e-05,1.4809123891050455
slr_to_ipod,inner,1,tagi_diag,0.3,29,mean3,212,451,7216,64,13568,8e9f6d5c0a041837dd55188c1b43c941f6828533cd03753c625580b1123ee35f,1.4162706999923103,0,0,2.422175571421497e-06,2.422175571421497e-06,3.2813841945315625
slr_to_ipod,inner,1,tagi_diag,1.0,29,mean3,212,451,7216,1,212,787a17ca2155842cc08225c5d0a080f2a98495fc076c93202197a07e2a689699,0.024085999990347773,0,0,0.0035938351773666297,0.0035938351773666297,0.5271920939896088
slr_to_ipod,inner,1,tagi_diag,1.0,29,mean3,212,451,7216,4,848,3e1652d4aa767fc427bd1573edd9fa41ae6b1570a530cc9f9e665dd1e9d59bd2,0.09064619999844581,0,0,0.0011947731071493438,0.0011947731071493438,0.6664892630794323
slr_to_ipod,inner,1,tagi_diag,1.0,29,mean3,212,451,7216,16,3392,294a1cda3b99a4524c0fe0a1fcac99da9b5093fda33690bd1e6ef677674a571e,0.35682449996238574,0,0,0.0003103981401159664,0.0003103981401159664,0.7827949729974943
slr_to_ipod,inner,1,tagi_diag,1.0,29,mean3,212,451,7216,64,13568,8e9f6d5c0a041837dd55188c1b43c941f6828533cd03753c625580b1123ee35f,1.4162706999923103,0,0,7.576384610563026e-05,7.576384610563026e-05,1.7722012772662443
slr_to_ipod,inner,1,tagi_diag,0.1,43,mean3,212,451,7216,1,212,8259347c6db43c11242e4950ae762b600aa7adbe676bdf2f951ca8796207057c,0.024085999990347773,0,0,0.00016438680720003336,0.00016438680720003336,1.013730406710766
slr_to_ipod,inner,1,tagi_diag,0.1,43,mean3,212,451,7216,4,848,b8d6e5f69cc254c3a4b79e167ac1bf9163a0b89943b837254e9b1883f0772311,0.09064619999844581,0,0,1.7902096945807267e-05,1.7902096945807267e-05,1.257651318674533
slr_to_ipod,inner,1,tagi_diag,0.1,43,mean3,212,451,7216,16,3392,b4e7fdff3bdc48ceb2e3a8cb034c1a93b2230c3bbb515f16ffa300c77e969777,0.35682449996238574,0,0,3.3190246274519768e-06,3.3190246274519768e-06,1.3222594540583115
slr_to_ipod,inner,1,tagi_diag,0.1,43,mean3,212,451,7216,64,13568,b542de36364ea1ffb09ca3b859e59d878e6c514f2805b709a2d16b83aae8d22e,1.4162706999923103,0,0,7.635574431961868e-07,7.635574431961868e-07,1.3390448845354468
slr_to_ipod,inner,1,tagi_diag,0.3,43,mean3,212,451,7216,1,212,8259347c6db43c11242e4950ae762b600aa7adbe676bdf2f951ca8796207057c,0.024085999990347773,0,0,0.0007511604423556182,0.0007511604423556182,0.743035985507605
slr_to_ipod,inner,1,tagi_diag,0.3,43,mean3,212,451,7216,4,848,b8d6e5f69cc254c3a4b79e167ac1bf9163a0b89943b837254e9b1883f0772311,0.09064619999844581,0,0,0.00014928236661186978,0.00014928236661186978,0.8084517645977769
slr_to_ipod,inner,1,tagi_diag,0.3,43,mean3,212,451,7216,16,3392,b4e7fdff3bdc48ceb2e3a8cb034c1a93b2230c3bbb515f16ffa300c77e969777,0.35682449996238574,0,0,3.058583203683767e-05,3.058583203683767e-05,1.5932979780966139
slr_to_ipod,inner,1,tagi_diag,0.3,43,mean3,212,451,7216,64,13568,b542de36364ea1ffb09ca3b859e59d878e6c514f2805b709a2d16b83aae8d22e,1.4162706999923103,0,0,2.018517320460948e-06,2.018517320460948e-06,3.5267682214833824
slr_to_ipod,inner,1,tagi_diag,1.0,43,mean3,212,451,7216,1,212,8259347c6db43c11242e4950ae762b600aa7adbe676bdf2f951ca8796207057c,0.024085999990347773,0,0,0.0035707005253047455,0.0035707005253047455,0.5446898792756127
slr_to_ipod,inner,1,tagi_diag,1.0,43,mean3,212,451,7216,4,848,b8d6e5f69cc254c3a4b79e167ac1bf9163a0b89943b837254e9b1883f0772311,0.09064619999844581,0,0,0.0011918364996164389,0.0011918364996164389,0.6688205510361153
slr_to_ipod,inner,1,tagi_diag,1.0,43,mean3,212,451,7216,16,3392,b4e7fdff3bdc48ceb2e3a8cb034c1a93b2230c3bbb515f16ffa300c77e969777,0.35682449996238574,0,0,0.00031063705083146187,0.00031063705083146187,0.7402786444205286
slr_to_ipod,inner,1,tagi_diag,1.0,43,mean3,212,451,7216,64,13568,b542de36364ea1ffb09ca3b859e59d878e6c514f2805b709a2d16b83aae8d22e,1.4162706999923103,0,0,7.59360705986153e-05,7.59360705986153e-05,1.724927712391971
slr_to_ipod,inner,1,tagi_full3,0.1,17,raw36,212,2563,41008,1,212,8ed842815fbac8cd2184af12178f0f6f0bd39f80c45a6f71ccd45498299f7503,0.041513699979986995,0,0,0.0013697903786269092,0.0013697903786269092,0.51813262448538
slr_to_ipod,inner,1,tagi_full3,0.1,17,raw36,212,2563,41008,4,848,163d211104f32bb73286eb806b61a4fa06b70564dbef73f745d31eb46efed148,0.16714209999190643,0,0,0.00014223202542505925,0.00014223202542505925,0.6741797263378059
slr_to_ipod,inner,1,tagi_full3,0.1,17,raw36,212,2563,41008,16,3392,023755118188695efe469d11d85c9588b1966c26204f70b3143d65d6f6542c97,0.6663985999766737,0,0,1.324446014640432e-06,1.324446014640432e-06,1.0507776282726595
slr_to_ipod,inner,1,tagi_full3,0.1,17,raw36,212,2563,41008,64,13568,cfda9e69810cf919cb4066b5e5ebaa1a25665aeaf3b6d597bec16c8cd30f5c42,2.6675230999826454,0,0,5.860437006938996e-08,5.860437006938996e-08,2.5433755807529246
slr_to_ipod,inner,1,tagi_full3,0.3,17,raw36,212,2563,41008,1,212,8ed842815fbac8cd2184af12178f0f6f0bd39f80c45a6f71ccd45498299f7503,0.041513699979986995,0,0,0.00205245122991305,0.00205245122991305,0.5036596944595727
slr_to_ipod,inner,1,tagi_full3,0.3,17,raw36,212,2563,41008,4,848,163d211104f32bb73286eb806b61a4fa06b70564dbef73f745d31eb46efed148,0.16714209999190643,0,0,0.0003954419849815184,0.0003954419849815184,0.5686415667048028
slr_to_ipod,inner,1,tagi_full3,0.3,17,raw36,212,2563,41008,16,3392,023755118188695efe469d11d85c9588b1966c26204f70b3143d65d6f6542c97,0.6663985999766737,0,0,3.120838788757411e-05,3.120838788757411e-05,0.9044689824581383
slr_to_ipod,inner,1,tagi_full3,0.3,17,raw36,212,2563,41008,64,13568,cfda9e69810cf919cb4066b5e5ebaa1a25665aeaf3b6d597bec16c8cd30f5c42,2.6675230999826454,0,0,2.2586637633913593e-06,2.2586637633913593e-06,1.2080232759345966
slr_to_ipod,inner,1,tagi_full3,1.0,17,raw36,212,2563,41008,1,212,8ed842815fbac8cd2184af12178f0f6f0bd39f80c45a6f71ccd45498299f7503,0.041513699979986995,0,0,0.004762483243997283,0.004762483243997283,0.5211471576742783
slr_to_ipod,inner,1,tagi_full3,1.0,17,raw36,212,2563,41008,4,848,163d211104f32bb73286eb806b61a4fa06b70564dbef73f745d31eb46efed148,0.16714209999190643,0,0,0.0016730923998560766,0.0016730923998560766,0.5513294957250885
slr_to_ipod,inner,1,tagi_full3,1.0,17,raw36,212,2563,41008,16,3392,023755118188695efe469d11d85c9588b1966c26204f70b3143d65d6f6542c97,0.6663985999766737,0,0,0.0003704949609745482,0.0003704949609745482,0.580266675005195
slr_to_ipod,inner,1,tagi_full3,1.0,17,raw36,212,2563,41008,64,13568,cfda9e69810cf919cb4066b5e5ebaa1a25665aeaf3b6d597bec16c8cd30f5c42,2.6675230999826454,0,0,5.921007140997026e-05,5.921007140997026e-05,0.6315380785248713
slr_to_ipod,inner,1,tagi_full3,0.1,29,raw36,212,2563,41008,1,212,787a17ca2155842cc08225c5d0a080f2a98495fc076c93202197a07e2a689699,0.041513699979986995,0,0,0.0014608364347564197,0.0014608364347564197,0.4876236155052937
slr_to_ipod,inner,1,tagi_full3,0.1,29,raw36,212,2563,41008,4,848,3e1652d4aa767fc427bd1573edd9fa41ae6b1570a530cc9f9e665dd1e9d59bd2,0.16714209999190643,0,0,0.00015776930542250555,0.00015776930542250555,0.6313652260704394
slr_to_ipod,inner,1,tagi_full3,0.1,29,raw36,212,2563,41008,16,3392,294a1cda3b99a4524c0fe0a1fcac99da9b5093fda33690bd1e6ef677674a571e,0.6663985999766737,0,0,3.194427298151505e-06,3.194427298151505e-06,0.9642555880159899
slr_to_ipod,inner,1,tagi_full3,0.1,29,raw36,212,2563,41008,64,13568,8e9f6d5c0a041837dd55188c1b43c941f6828533cd03753c625580b1123ee35f,2.6675230999826454,0,0,1.0170207601362269e-07,1.0170207601362269e-07,1.9166136396534912
slr_to_ipod,inner,1,tagi_full3,0.3,29,raw36,212,2563,41008,1,212,787a17ca2155842cc08225c5d0a080f2a98495fc076c93202197a07e2a689699,0.041513699979986995,0,0,0.002111738163052026,0.002111738163052026,0.49023186056797985
slr_to_ipod,inner,1,tagi_full3,0.3,29,raw36,212,2563,41008,4,848,3e1652d4aa767fc427bd1573edd9fa41ae6b1570a530cc9f9e665dd1e9d59bd2,0.16714209999190643,0,0,0.0004197540264959876,0.0004197540264959876,0.5199989296065525
slr_to_ipod,inner,1,tagi_full3,0.3,29,raw36,212,2563,41008,16,3392,294a1cda3b99a4524c0fe0a1fcac99da9b5093fda33690bd1e6ef677674a571e,0.6663985999766737,0,0,3.128008420158515e-05,3.128008420158515e-05,0.731867167427007
slr_to_ipod,inner,1,tagi_full3,0.3,29,raw36,212,2563,41008,64,13568,8e9f6d5c0a041837dd55188c1b43c941f6828533cd03753c625580b1123ee35f,2.6675230999826454,0,0,2.163508232959692e-06,2.163508232959692e-06,0.912115782012005
slr_to_ipod,inner,1,tagi_full3,1.0,29,raw36,212,2563,41008,1,212,787a17ca2155842cc08225c5d0a080f2a98495fc076c93202197a07e2a689699,0.041513699979986995,0,0,0.004730835103026461,0.004730835103026461,0.4804641429611751
slr_to_ipod,inner,1,tagi_full3,1.0,29,raw36,212,2563,41008,4,848,3e1652d4aa767fc427bd1573edd9fa41ae6b1570a530cc9f9e665dd1e9d59bd2,0.16714209999190643,0,0,0.0016771530180999057,0.0016771530180999057,0.48830569080827757
slr_to_ipod,inner,1,tagi_full3,1.0,29,raw36,212,2563,41008,16,3392,294a1cda3b99a4524c0fe0a1fcac99da9b5093fda33690bd1e6ef677674a571e,0.6663985999766737,0,0,0.00040311775298247177,0.00040311775298247177,0.50190329983352
slr_to_ipod,inner,1,tagi_full3,1.0,29,raw36,212,2563,41008,64,13568,8e9f6d5c0a041837dd55188c1b43c941f6828533cd03753c625580b1123ee35f,2.6675230999826454,0,0,6.159859185810581e-05,6.159859185810581e-05,0.9405259626027608
slr_to_ipod,inner,1,tagi_full3,0.1,43,raw36,212,2563,41008,1,212,8259347c6db43c11242e4950ae762b600aa7adbe676bdf2f951ca8796207057c,0.041513699979986995,0,0,0.0014115527685585395,0.0014115527685585395,0.48317453281373374
slr_to_ipod,inner,1,tagi_full3,0.1,43,raw36,212,2563,41008,4,848,b8d6e5f69cc254c3a4b79e167ac1bf9163a0b89943b837254e9b1883f0772311,0.16714209999190643,0,0,0.00015765025749029616,0.00015765025749029616,0.6159406940326516
slr_to_ipod,inner,1,tagi_full3,0.1,43,raw36,212,2563,41008,16,3392,b4e7fdff3bdc48ceb2e3a8cb034c1a93b2230c3bbb515f16ffa300c77e969777,0.6663985999766737,0,0,2.2264649452472887e-06,2.2264649452472887e-06,1.086768429710233
slr_to_ipod,inner,1,tagi_full3,0.1,43,raw36,212,2563,41008,64,13568,b542de36364ea1ffb09ca3b859e59d878e6c514f2805b709a2d16b83aae8d22e,2.6675230999826454,0,0,7.584109307921492e-08,7.584109307921492e-08,1.4669544296476056
slr_to_ipod,inner,1,tagi_full3,0.3,43,raw36,212,2563,41008,1,212,8259347c6db43c11242e4950ae762b600aa7adbe676bdf2f951ca8796207057c,0.041513699979986995,0,0,0.0020949632312249116,0.0020949632312249116,0.4783267463082572
slr_to_ipod,inner,1,tagi_full3,0.3,43,raw36,212,2563,41008,4,848,b8d6e5f69cc254c3a4b79e167ac1bf9163a0b89943b837254e9b1883f0772311,0.16714209999190643,0,0,0.00042992969184168627,0.00042992969184168627,0.5736174571800665
slr_to_ipod,inner,1,tagi_full3,0.3,43,raw36,212,2563,41008,16,3392,b4e7fdff3bdc48ceb2e3a8cb034c1a93b2230c3bbb515f16ffa300c77e969777,0.6663985999766737,0,0,3.8559238035837373e-05,3.8559238035837373e-05,0.887505438638172
slr_to_ipod,inner,1,tagi_full3,0.3,43,raw36,212,2563,41008,64,13568,b542de36364ea1ffb09ca3b859e59d878e6c514f2805b709a2d16b83aae8d22e,2.6675230999826454,0,0,5.027326341346756e-06,5.027326341346756e-06,1.1350430349273244
slr_to_ipod,inner,1,tagi_full3,1.0,43,raw36,212,2563,41008,1,212,8259347c6db43c11242e4950ae762b600aa7adbe676bdf2f951ca8796207057c,0.041513699979986995,0,0,0.004409542688628466,0.004409542688628466,0.4776600550421311
slr_to_ipod,inner,1,tagi_full3,1.0,43,raw36,212,2563,41008,4,848,b8d6e5f69cc254c3a4b79e167ac1bf9163a0b89943b837254e9b1883f0772311,0.16714209999190643,0,0,0.0011128658584480978,0.0011128658584480978,0.4942617384450267
slr_to_ipod,inner,1,tagi_full3,1.0,43,raw36,212,2563,41008,16,3392,b4e7fdff3bdc48ceb2e3a8cb034c1a93b2230c3bbb515f16ffa300c77e969777,0.6663985999766737,0,0,0.00018820599685135487,0.00018820599685135487,0.5333447285614542
slr_to_ipod,inner,1,tagi_full3,1.0,43,raw36,212,2563,41008,64,13568,b542de36364ea1ffb09ca3b859e59d878e6c514f2805b709a2d16b83aae8d22e,2.6675230999826454,0,0,2.996408864950013e-05,2.996408864950013e-05,0.6028339847739009
slr_to_ipod,inner,1,tagi_full3,0.1,17,mean3,212,451,7216,1,212,8ed842815fbac8cd2184af12178f0f6f0bd39f80c45a6f71ccd45498299f7503,0.02712530002463609,0,0,0.00016756219275256945,0.00016756219275256945,1.1089528516881038
slr_to_ipod,inner,1,tagi_full3,0.1,17,mean3,212,451,7216,4,848,163d211104f32bb73286eb806b61a4fa06b70564dbef73f745d31eb46efed148,0.10556840000208467,0,0,1.7857353488232634e-05,1.7857353488232634e-05,1.2568594920082716
slr_to_ipod,inner,1,tagi_full3,0.1,17,mean3,212,451,7216,16,3392,023755118188695efe469d11d85c9588b1966c26204f70b3143d65d6f6542c97,0.420660300005693,0,0,3.321476399500632e-06,3.321476399500632e-06,1.4997308076440068
slr_to_ipod,inner,1,tagi_full3,0.1,17,mean3,212,451,7216,64,13568,cfda9e69810cf919cb4066b5e5ebaa1a25665aeaf3b6d597bec16c8cd30f5c42,1.6813531999941915,0,0,4.487869008687755e-07,4.487869008687755e-07,2.752458093590326
slr_to_ipod,inner,1,tagi_full3,0.3,17,mean3,212,451,7216,1,212,8ed842815fbac8cd2184af12178f0f6f0bd39f80c45a6f71ccd45498299f7503,0.02712530002463609,0,0,0.0007523197162123975,0.0007523197162123975,0.6679223703167718
slr_to_ipod,inner,1,tagi_full3,0.3,17,mean3,212,451,7216,4,848,163d211104f32bb73286eb806b61a4fa06b70564dbef73f745d31eb46efed148,0.10556840000208467,0,0,0.00015070599554156333,0.00015070599554156333,0.7451224277188502
slr_to_ipod,inner,1,tagi_full3,0.3,17,mean3,212,451,7216,16,3392,023755118188695efe469d11d85c9588b1966c26204f70b3143d65d6f6542c97,0.420660300005693,0,0,3.0896778821748606e-05,3.0896778821748606e-05,0.7970252929085283
slr_to_ipod,inner,1,tagi_full3,0.3,17,mean3,212,451,7216,64,13568,cfda9e69810cf919cb4066b5e5ebaa1a25665aeaf3b6d597bec16c8cd30f5c42,1.6813531999941915,0,0,4.278730928057073e-06,4.278730928057073e-06,2.4733807590152455
slr_to_ipod,inner,1,tagi_full3,1.0,17,mean3,212,451,7216,1,212,8ed842815fbac8cd2184af12178f0f6f0bd39f80c45a6f71ccd45498299f7503,0.02712530002463609,0,0,0.003558250995164242,0.003558250995164242,0.6202172544030112
slr_to_ipod,inner,1,tagi_full3,1.0,17,mean3,212,451,7216,4,848,163d211104f32bb73286eb806b61a4fa06b70564dbef73f745d31eb46efed148,0.10556840000208467,0,0,0.001182331868687096,0.001182331868687096,0.6646573503412393
slr_to_ipod,inner,1,tagi_full3,1.0,17,mean3,212,451,7216,16,3392,023755118188695efe469d11d85c9588b1966c26204f70b3143d65d6f6542c97,0.420660300005693,0,0,0.0003095341754458393,0.0003095341754458393,0.6665385632697142
slr_to_ipod,inner,1,tagi_full3,1.0,17,mean3,212,451,7216,64,13568,cfda9e69810cf919cb4066b5e5ebaa1a25665aeaf3b6d597bec16c8cd30f5c42,1.6813531999941915,0,0,7.597261283717217e-05,7.597261283717217e-05,1.5208321303536676
slr_to_ipod,inner,1,tagi_full3,0.1,29,mean3,212,451,7216,1,212,787a17ca2155842cc08225c5d0a080f2a98495fc076c93202197a07e2a689699,0.02712530002463609,0,0,0.00015126423792129716,0.00015126423792129716,0.8509841274255517
slr_to_ipod,inner,1,tagi_full3,0.1,29,mean3,212,451,7216,4,848,3e1652d4aa767fc427bd1573edd9fa41ae6b1570a530cc9f9e665dd1e9d59bd2,0.10556840000208467,0,0,1.67983848693891e-05,1.67983848693891e-05,0.9384594632031744
slr_to_ipod,inner,1,tagi_full3,0.1,29,mean3,212,451,7216,16,3392,294a1cda3b99a4524c0fe0a1fcac99da9b5093fda33690bd1e6ef677674a571e,0.420660300005693,0,0,3.2447306070280196e-06,3.2447306070280196e-06,0.9903772264688757
slr_to_ipod,inner,1,tagi_full3,0.1,29,mean3,212,451,7216,64,13568,8e9f6d5c0a041837dd55188c1b43c941f6828533cd03753c625580b1123ee35f,1.6813531999941915,0,0,7.589304914123386e-07,7.589304914123386e-07,1.6171285350556917
slr_to_ipod,inner,1,tagi_full3,0.3,29,mean3,212,451,7216,1,212,787a17ca2155842cc08225c5d0a080f2a98495fc076c93202197a07e2a689699,0.02712530002463609,0,0,0.0007546639953444257,0.0007546639953444257,0.7976496640086852
slr_to_ipod,inner,1,tagi_full3,0.3,29,mean3,212,451,7216,4,848,3e1652d4aa767fc427bd1573edd9fa41ae6b1570a530cc9f9e665dd1e9d59bd2,0.10556840000208467,0,0,0.0001484519454209482,0.0001484519454209482,0.9002920087369058
slr_to_ipod,inner,1,tagi_full3,0.3,29,mean3,212,451,7216,16,3392,294a1cda3b99a4524c0fe0a1fcac99da9b5093fda33690bd1e6ef677674a571e,0.420660300005693,0,0,3.075809941850065e-05,3.075809941850065e-05,1.5383719538412337
slr_to_ipod,inner,1,tagi_full3,0.3,29,mean3,212,451,7216,64,13568,8e9f6d5c0a041837dd55188c1b43c941f6828533cd03753c625580b1123ee35f,1.6813531999941915,0,0,1.7491673081887438e-06,1.7491673081887438e-06,3.706202951205542
slr_to_ipod,inner,1,tagi_full3,1.0,29,mean3,212,451,7216,1,212,787a17ca2155842cc08225c5d0a080f2a98495fc076c93202197a07e2a689699,0.02712530002463609,0,0,0.0035927381974802898,0.0035927381974802898,0.5272370623589825
slr_to_ipod,inner,1,tagi_full3,1.0,29,mean3,212,451,7216,4,848,3e1652d4aa767fc427bd1573edd9fa41ae6b1570a530cc9f9e665dd1e9d59bd2,0.10556840000208467,0,0,0.0011935953447461945,0.0011935953447461945,0.6634237251524906
slr_to_ipod,inner,1,tagi_full3,1.0,29,mean3,212,451,7216,16,3392,294a1cda3b99a4524c0fe0a1fcac99da9b5093fda33690bd1e6ef677674a571e,0.420660300005693,0,0,0.0003095921986060715,0.0003095921986060715,0.7758466982708767
slr_to_ipod,inner,1,tagi_full3,1.0,29,mean3,212,451,7216,64,13568,8e9f6d5c0a041837dd55188c1b43c941f6828533cd03753c625580b1123ee35f,1.6813531999941915,0,0,7.566724116709811e-05,7.566724116709811e-05,1.635670475966283
slr_to_ipod,inner,1,tagi_full3,0.1,43,mean3,212,451,7216,1,212,8259347c6db43c11242e4950ae762b600aa7adbe676bdf2f951ca8796207057c,0.02712530002463609,0,0,0.000153311284941658,0.000153311284941658,1.1950452096422144
slr_to_ipod,inner,1,tagi_full3,0.1,43,mean3,212,451,7216,4,848,b8d6e5f69cc254c3a4b79e167ac1bf9163a0b89943b837254e9b1883f0772311,0.10556840000208467,0,0,1.710998376862278e-05,1.710998376862278e-05,1.3337455826830964
slr_to_ipod,inner,1,tagi_full3,0.1,43,mean3,212,451,7216,16,3392,b4e7fdff3bdc48ceb2e3a8cb034c1a93b2230c3bbb515f16ffa300c77e969777,0.420660300005693,0,0,3.2546543799093523e-06,3.2546543799093523e-06,1.4275951328480796
slr_to_ipod,inner,1,tagi_full3,0.1,43,mean3,212,451,7216,64,13568,b542de36364ea1ffb09ca3b859e59d878e6c514f2805b709a2d16b83aae8d22e,1.6813531999941915,0,0,7.57530202667063e-07,7.57530202667063e-07,1.4685900204396225
slr_to_ipod,inner,1,tagi_full3,0.3,43,mean3,212,451,7216,1,212,8259347c6db43c11242e4950ae762b600aa7adbe676bdf2f951ca8796207057c,0.02712530002463609,0,0,0.0007482214090207193,0.0007482214090207193,0.7605739104934048
slr_to_ipod,inner,1,tagi_full3,0.3,43,mean3,212,451,7216,4,848,b8d6e5f69cc254c3a4b79e167ac1bf9163a0b89943b837254e9b1883f0772311,0.10556840000208467,0,0,0.00015064442147266476,0.00015064442147266476,0.7828716439563315
slr_to_ipod,inner,1,tagi_full3,0.3,43,mean3,212,451,7216,16,3392,b4e7fdff3bdc48ceb2e3a8cb034c1a93b2230c3bbb515f16ffa300c77e969777,0.420660300005693,0,0,3.078993704339461e-05,3.078993704339461e-05,1.405736636327318
slr_to_ipod,inner,1,tagi_full3,0.3,43,mean3,212,451,7216,64,13568,b542de36364ea1ffb09ca3b859e59d878e6c514f2805b709a2d16b83aae8d22e,1.6813531999941915,0,0,2.6661875160191938e-06,2.6661875160191938e-06,2.9103169278899492
slr_to_ipod,inner,1,tagi_full3,1.0,43,mean3,212,451,7216,1,212,8259347c6db43c11242e4950ae762b600aa7adbe676bdf2f951ca8796207057c,0.02712530002463609,0,0,0.0035717689970458234,0.0035717689970458234,0.5437558372056476
slr_to_ipod,inner,1,tagi_full3,1.0,43,mean3,212,451,7216,4,848,b8d6e5f69cc254c3a4b79e167ac1bf9163a0b89943b837254e9b1883f0772311,0.10556840000208467,0,0,0.0011920887333968493,0.0011920887333968493,0.6627826677642087
slr_to_ipod,inner,1,tagi_full3,1.0,43,mean3,212,451,7216,16,3392,b4e7fdff3bdc48ceb2e3a8cb034c1a93b2230c3bbb515f16ffa300c77e969777,0.420660300005693,0,0,0.0003108488381243902,0.0003108488381243902,0.7432988934222882
slr_to_ipod,inner,1,tagi_full3,1.0,43,mean3,212,451,7216,64,13568,b542de36364ea1ffb09ca3b859e59d878e6c514f2805b709a2d16b83aae8d22e,1.6813531999941915,0,0,7.601400925958497e-05,7.601400925958497e-05,1.729141533511124
slr_to_ipod,inner,2,adam,0.0003,17,raw36,235,2563,61512,1,235,2fd41af182b70f6ddf5296245931bf3e56f7405c22b3df53609fcfcf2630dc50,0.03237740002805367,0,0,,,0.5042446477676973
slr_to_ipod,inner,2,adam,0.0003,17,raw36,235,2563,61512,4,940,e2db80894559c6c2f9009dcdaa42e981a4694b17b47fbea9fae8ccab5b843e7c,0.1268872000509873,0,0,,,0.5083680866253116
slr_to_ipod,inner,2,adam,0.0003,17,raw36,235,2563,61512,16,3760,d47ceecbab27504400550b1f66c23aa3d6c1073e614505217b89b006de552c60,0.5032321000471711,0,0,,,0.5179361853682357
slr_to_ipod,inner,2,adam,0.0003,17,raw36,235,2563,61512,64,15040,45ec2f507da77d85253c65418be9be59be1680fcdcac3d17c3cdaaae4165b5af,2.020721200038679,0,0,,,0.6921509678444954
slr_to_ipod,inner,2,adam,0.001,17,raw36,235,2563,61512,1,235,2fd41af182b70f6ddf5296245931bf3e56f7405c22b3df53609fcfcf2630dc50,0.03237740002805367,0,0,,,0.5150748857185454
slr_to_ipod,inner,2,adam,0.001,17,raw36,235,2563,61512,4,940,e2db80894559c6c2f9009dcdaa42e981a4694b17b47fbea9fae8ccab5b843e7c,0.1268872000509873,0,0,,,0.5156592610578636
slr_to_ipod,inner,2,adam,0.001,17,raw36,235,2563,61512,16,3760,d47ceecbab27504400550b1f66c23aa3d6c1073e614505217b89b006de552c60,0.5032321000471711,0,0,,,0.609131017979827
slr_to_ipod,inner,2,adam,0.001,17,raw36,235,2563,61512,64,15040,45ec2f507da77d85253c65418be9be59be1680fcdcac3d17c3cdaaae4165b5af,2.020721200038679,0,0,,,0.8772769192031341
slr_to_ipod,inner,2,adam,0.003,17,raw36,235,2563,61512,1,235,2fd41af182b70f6ddf5296245931bf3e56f7405c22b3df53609fcfcf2630dc50,0.03237740002805367,0,0,,,0.5335022098297677
slr_to_ipod,inner,2,adam,0.003,17,raw36,235,2563,61512,4,940,e2db80894559c6c2f9009dcdaa42e981a4694b17b47fbea9fae8ccab5b843e7c,0.1268872000509873,0,0,,,0.5108935914747332
slr_to_ipod,inner,2,adam,0.003,17,raw36,235,2563,61512,16,3760,d47ceecbab27504400550b1f66c23aa3d6c1073e614505217b89b006de552c60,0.5032321000471711,0,0,,,0.9463851027354191
slr_to_ipod,inner,2,adam,0.003,17,raw36,235,2563,61512,64,15040,45ec2f507da77d85253c65418be9be59be1680fcdcac3d17c3cdaaae4165b5af,2.020721200038679,0,0,,,1.7064283640604334
slr_to_ipod,inner,2,adam,0.0003,29,raw36,235,2563,61512,1,235,d32fd8f46889ad8025976f178988c3049fd8cba5db3a6cae40007b06f004ee48,0.03237740002805367,0,0,,,0.48374839999100877
slr_to_ipod,inner,2,adam,0.0003,29,raw36,235,2563,61512,4,940,324478e2c32f9abf039bc9c02abf76d8a19eb90a85a14940bbd2e7af7cb72e09,0.1268872000509873,0,0,,,0.4784217248281727
slr_to_ipod,inner,2,adam,0.0003,29,raw36,235,2563,61512,16,3760,9107aa7669b7328748566c81358b7000c97eabc629cb1738944f244b19d4e629,0.5032321000471711,0,0,,,0.5589982216424195
slr_to_ipod,inner,2,adam,0.0003,29,raw36,235,2563,61512,64,15040,81fe24cc861fa92462e9a42835f68694563a7ec39a0831d30e7426ee70595924,2.020721200038679,0,0,,,0.7236057745629048
slr_to_ipod,inner,2,adam,0.001,29,raw36,235,2563,61512,1,235,d32fd8f46889ad8025976f178988c3049fd8cba5db3a6cae40007b06f004ee48,0.03237740002805367,0,0,,,0.4803886829459757
slr_to_ipod,inner,2,adam,0.001,29,raw36,235,2563,61512,4,940,324478e2c32f9abf039bc9c02abf76d8a19eb90a85a14940bbd2e7af7cb72e09,0.1268872000509873,0,0,,,0.5354965591892576
slr_to_ipod,inner,2,adam,0.001,29,raw36,235,2563,61512,16,3760,9107aa7669b7328748566c81358b7000c97eabc629cb1738944f244b19d4e629,0.5032321000471711,0,0,,,0.6485442302833544
slr_to_ipod,inner,2,adam,0.001,29,raw36,235,2563,61512,64,15040,81fe24cc861fa92462e9a42835f68694563a7ec39a0831d30e7426ee70595924,2.020721200038679,0,0,,,0.8690199674223739
slr_to_ipod,inner,2,adam,0.003,29,raw36,235,2563,61512,1,235,d32fd8f46889ad8025976f178988c3049fd8cba5db3a6cae40007b06f004ee48,0.03237740002805367,0,0,,,0.4922387246129011
slr_to_ipod,inner,2,adam,0.003,29,raw36,235,2563,61512,4,940,324478e2c32f9abf039bc9c02abf76d8a19eb90a85a14940bbd2e7af7cb72e09,0.1268872000509873,0,0,,,0.6210274885087202
slr_to_ipod,inner,2,adam,0.003,29,raw36,235,2563,61512,16,3760,9107aa7669b7328748566c81358b7000c97eabc629cb1738944f244b19d4e629,0.5032321000471711,0,0,,,0.8468305130313378
slr_to_ipod,inner,2,adam,0.003,29,raw36,235,2563,61512,64,15040,81fe24cc861fa92462e9a42835f68694563a7ec39a0831d30e7426ee70595924,2.020721200038679,0,0,,,1.7548909125943066
slr_to_ipod,inner,2,adam,0.0003,43,raw36,235,2563,61512,1,235,fdcbfdd791bd1d770bea9b6044819811a5839d7b1b68b8d987eef2f336ca171b,0.03237740002805367,0,0,,,0.4877855107302086
slr_to_ipod,inner,2,adam,0.0003,43,raw36,235,2563,61512,4,940,84bebcfc349333f92708b53fa597bbd3cc0c2aa1778934f9871c1694508bcdff,0.1268872000509873,0,0,,,0.4903491960046984
slr_to_ipod,inner,2,adam,0.0003,43,raw36,235,2563,61512,16,3760,5675a92719a6f12218d356c01999517fc5e238e345d812d86f8a24f63c32ac82,0.5032321000471711,0,0,,,0.527024396806749
slr_to_ipod,inner,2,adam,0.0003,43,raw36,235,2563,61512,64,15040,b62f3e8b115afd11e362fa574e373b2dad49751a68af8972a2607b0d5de6fe0e,2.020721200038679,0,0,,,0.5976807088303646
slr_to_ipod,inner,2,adam,0.001,43,raw36,235,2563,61512,1,235,fdcbfdd791bd1d770bea9b6044819811a5839d7b1b68b8d987eef2f336ca171b,0.03237740002805367,0,0,,,0.48850224007970616
slr_to_ipod,inner,2,adam,0.001,43,raw36,235,2563,61512,4,940,84bebcfc349333f92708b53fa597bbd3cc0c2aa1778934f9871c1694508bcdff,0.1268872000509873,0,0,,,0.5039489349815145
slr_to_ipod,inner,2,adam,0.001,43,raw36,235,2563,61512,16,3760,5675a92719a6f12218d356c01999517fc5e238e345d812d86f8a24f63c32ac82,0.5032321000471711,0,0,,,0.5861872803195302
slr_to_ipod,inner,2,adam,0.001,43,raw36,235,2563,61512,64,15040,b62f3e8b115afd11e362fa574e373b2dad49751a68af8972a2607b0d5de6fe0e,2.020721200038679,0,0,,,0.9168463530826525
slr_to_ipod,inner,2,adam,0.003,43,raw36,235,2563,61512,1,235,fdcbfdd791bd1d770bea9b6044819811a5839d7b1b68b8d987eef2f336ca171b,0.03237740002805367,0,0,,,0.5168752247521489
slr_to_ipod,inner,2,adam,0.003,43,raw36,235,2563,61512,4,940,84bebcfc349333f92708b53fa597bbd3cc0c2aa1778934f9871c1694508bcdff,0.1268872000509873,0,0,,,0.5258565962187113
slr_to_ipod,inner,2,adam,0.003,43,raw36,235,2563,61512,16,3760,5675a92719a6f12218d356c01999517fc5e238e345d812d86f8a24f63c32ac82,0.5032321000471711,0,0,,,0.8679760292780117
slr_to_ipod,inner,2,adam,0.003,43,raw36,235,2563,61512,64,15040,b62f3e8b115afd11e362fa574e373b2dad49751a68af8972a2607b0d5de6fe0e,2.020721200038679,0,0,,,1.7391057766365547
slr_to_ipod,inner,2,adam,0.0003,17,mean3,235,451,10824,1,235,2fd41af182b70f6ddf5296245931bf3e56f7405c22b3df53609fcfcf2630dc50,0.016015600005630404,0,0,,,0.5853313213520968
slr_to_ipod,inner,2,adam,0.0003,17,mean3,235,451,10824,4,940,e2db80894559c6c2f9009dcdaa42e981a4694b17b47fbea9fae8ccab5b843e7c,0.0632391000399366,0,0,,,0.5774245459757503
slr_to_ipod,inner,2,adam,0.0003,17,mean3,235,451,10824,16,3760,d47ceecbab27504400550b1f66c23aa3d6c1073e614505217b89b006de552c60,0.2542305000242777,0,0,,,0.6359830902321314
slr_to_ipod,inner,2,adam,0.0003,17,mean3,235,451,10824,64,15040,45ec2f507da77d85253c65418be9be59be1680fcdcac3d17c3cdaaae4165b5af,1.0230276000220329,0,0,,,0.742883305164881
slr_to_ipod,inner,2,adam,0.001,17,mean3,235,451,10824,1,235,2fd41af182b70f6ddf5296245931bf3e56f7405c22b3df53609fcfcf2630dc50,0.016015600005630404,0,0,,,0.5782613493588741
slr_to_ipod,inner,2,adam,0.001,17,mean3,235,451,10824,4,940,e2db80894559c6c2f9009dcdaa42e981a4694b17b47fbea9fae8ccab5b843e7c,0.0632391000399366,0,0,,,0.6096859024594358
slr_to_ipod,inner,2,adam,0.001,17,mean3,235,451,10824,16,3760,d47ceecbab27504400550b1f66c23aa3d6c1073e614505217b89b006de552c60,0.2542305000242777,0,0,,,0.7047159038068015
slr_to_ipod,inner,2,adam,0.001,17,mean3,235,451,10824,64,15040,45ec2f507da77d85253c65418be9be59be1680fcdcac3d17c3cdaaae4165b5af,1.0230276000220329,0,0,,,1.528347166454407
slr_to_ipod,inner,2,adam,0.003,17,mean3,235,451,10824,1,235,2fd41af182b70f6ddf5296245931bf3e56f7405c22b3df53609fcfcf2630dc50,0.016015600005630404,0,0,,,0.5937251178294028
slr_to_ipod,inner,2,adam,0.003,17,mean3,235,451,10824,4,940,e2db80894559c6c2f9009dcdaa42e981a4694b17b47fbea9fae8ccab5b843e7c,0.0632391000399366,0,0,,,0.6920210970270528
slr_to_ipod,inner,2,adam,0.003,17,mean3,235,451,10824,16,3760,d47ceecbab27504400550b1f66c23aa3d6c1073e614505217b89b006de552c60,0.2542305000242777,0,0,,,0.8849993845762443
slr_to_ipod,inner,2,adam,0.003,17,mean3,235,451,10824,64,15040,45ec2f507da77d85253c65418be9be59be1680fcdcac3d17c3cdaaae4165b5af,1.0230276000220329,0,0,,,2.614179282214398
slr_to_ipod,inner,2,adam,0.0003,29,mean3,235,451,10824,1,235,d32fd8f46889ad8025976f178988c3049fd8cba5db3a6cae40007b06f004ee48,0.016015600005630404,0,0,,,0.49925621631356765
slr_to_ipod,inner,2,adam,0.0003,29,mean3,235,451,10824,4,940,324478e2c32f9abf039bc9c02abf76d8a19eb90a85a14940bbd2e7af7cb72e09,0.0632391000399366,0,0,,,0.5050369637965743
slr_to_ipod,inner,2,adam,0.0003,29,mean3,235,451,10824,16,3760,9107aa7669b7328748566c81358b7000c97eabc629cb1738944f244b19d4e629,0.2542305000242777,0,0,,,0.627395133823326
slr_to_ipod,inner,2,adam,0.0003,29,mean3,235,451,10824,64,15040,81fe24cc861fa92462e9a42835f68694563a7ec39a0831d30e7426ee70595924,1.0230276000220329,0,0,,,0.9406450780850323
slr_to_ipod,inner,2,adam,0.001,29,mean3,235,451,10824,1,235,d32fd8f46889ad8025976f178988c3049fd8cba5db3a6cae40007b06f004ee48,0.016015600005630404,0,0,,,0.5014709566777622
slr_to_ipod,inner,2,adam,0.001,29,mean3,235,451,10824,4,940,324478e2c32f9abf039bc9c02abf76d8a19eb90a85a14940bbd2e7af7cb72e09,0.0632391000399366,0,0,,,0.5629624113397914
slr_to_ipod,inner,2,adam,0.001,29,mean3,235,451,10824,16,3760,9107aa7669b7328748566c81358b7000c97eabc629cb1738944f244b19d4e629,0.2542305000242777,0,0,,,0.8776159409683184
slr_to_ipod,inner,2,adam,0.001,29,mean3,235,451,10824,64,15040,81fe24cc861fa92462e9a42835f68694563a7ec39a0831d30e7426ee70595924,1.0230276000220329,0,0,,,1.7837429820531094
slr_to_ipod,inner,2,adam,0.003,29,mean3,235,451,10824,1,235,d32fd8f46889ad8025976f178988c3049fd8cba5db3a6cae40007b06f004ee48,0.016015600005630404,0,0,,,0.511251517022411
slr_to_ipod,inner,2,adam,0.003,29,mean3,235,451,10824,4,940,324478e2c32f9abf039bc9c02abf76d8a19eb90a85a14940bbd2e7af7cb72e09,0.0632391000399366,0,0,,,0.7667256051544042
slr_to_ipod,inner,2,adam,0.003,29,mean3,235,451,10824,16,3760,9107aa7669b7328748566c81358b7000c97eabc629cb1738944f244b19d4e629,0.2542305000242777,0,0,,,0.9336462341872268
slr_to_ipod,inner,2,adam,0.003,29,mean3,235,451,10824,64,15040,81fe24cc861fa92462e9a42835f68694563a7ec39a0831d30e7426ee70595924,1.0230276000220329,0,0,,,2.5072696854894105
slr_to_ipod,inner,2,adam,0.0003,43,mean3,235,451,10824,1,235,fdcbfdd791bd1d770bea9b6044819811a5839d7b1b68b8d987eef2f336ca171b,0.016015600005630404,0,0,,,0.5112622593755354
slr_to_ipod,inner,2,adam,0.0003,43,mean3,235,451,10824,4,940,84bebcfc349333f92708b53fa597bbd3cc0c2aa1778934f9871c1694508bcdff,0.0632391000399366,0,0,,,0.5461865886705889
slr_to_ipod,inner,2,adam,0.0003,43,mean3,235,451,10824,16,3760,5675a92719a6f12218d356c01999517fc5e238e345d812d86f8a24f63c32ac82,0.2542305000242777,0,0,,,0.6360260492756257
slr_to_ipod,inner,2,adam,0.0003,43,mean3,235,451,10824,64,15040,b62f3e8b115afd11e362fa574e373b2dad49751a68af8972a2607b0d5de6fe0e,1.0230276000220329,0,0,,,0.8096163160083003
slr_to_ipod,inner,2,adam,0.001,43,mean3,235,451,10824,1,235,fdcbfdd791bd1d770bea9b6044819811a5839d7b1b68b8d987eef2f336ca171b,0.016015600005630404,0,0,,,0.5435616901338259
slr_to_ipod,inner,2,adam,0.001,43,mean3,235,451,10824,4,940,84bebcfc349333f92708b53fa597bbd3cc0c2aa1778934f9871c1694508bcdff,0.0632391000399366,0,0,,,0.6309455789892332
slr_to_ipod,inner,2,adam,0.001,43,mean3,235,451,10824,16,3760,5675a92719a6f12218d356c01999517fc5e238e345d812d86f8a24f63c32ac82,0.2542305000242777,0,0,,,0.7142375119434152
slr_to_ipod,inner,2,adam,0.001,43,mean3,235,451,10824,64,15040,b62f3e8b115afd11e362fa574e373b2dad49751a68af8972a2607b0d5de6fe0e,1.0230276000220329,0,0,,,1.5306890244954512
slr_to_ipod,inner,2,adam,0.003,43,mean3,235,451,10824,1,235,fdcbfdd791bd1d770bea9b6044819811a5839d7b1b68b8d987eef2f336ca171b,0.016015600005630404,0,0,,,0.5982921479267984
slr_to_ipod,inner,2,adam,0.003,43,mean3,235,451,10824,4,940,84bebcfc349333f92708b53fa597bbd3cc0c2aa1778934f9871c1694508bcdff,0.0632391000399366,0,0,,,0.6833582157459402
slr_to_ipod,inner,2,adam,0.003,43,mean3,235,451,10824,16,3760,5675a92719a6f12218d356c01999517fc5e238e345d812d86f8a24f63c32ac82,0.2542305000242777,0,0,,,0.9413897847341821
slr_to_ipod,inner,2,adam,0.003,43,mean3,235,451,10824,64,15040,b62f3e8b115afd11e362fa574e373b2dad49751a68af8972a2607b0d5de6fe0e,1.0230276000220329,0,0,,,2.2180817964338706
slr_to_ipod,inner,2,tagi_diag,0.1,17,raw36,235,2563,41008,1,235,2fd41af182b70f6ddf5296245931bf3e56f7405c22b3df53609fcfcf2630dc50,0.037824700004421175,0,0,0.0013337581266241114,0.0013337581266241114,0.5160687807426341
slr_to_ipod,inner,2,tagi_diag,0.1,17,raw36,235,2563,41008,4,940,e2db80894559c6c2f9009dcdaa42e981a4694b17b47fbea9fae8ccab5b843e7c,0.1511295000091195,0,0,0.00014416574113949624,0.00014416574113949624,0.5505050140815274
slr_to_ipod,inner,2,tagi_diag,0.1,17,raw36,235,2563,41008,16,3760,d47ceecbab27504400550b1f66c23aa3d6c1073e614505217b89b006de552c60,0.649901700031478,0,0,1.6092595703821479e-06,1.6092595703821479e-06,1.5283911410978877
slr_to_ipod,inner,2,tagi_diag,0.1,17,raw36,235,2563,41008,64,15040,45ec2f507da77d85253c65418be9be59be1680fcdcac3d17c3cdaaae4165b5af,2.456546600034926,0,0,1.6950931417293786e-07,1.6950931417293786e-07,2.0992127446003717
slr_to_ipod,inner,2,tagi_diag,0.3,17,raw36,235,2563,41008,1,235,2fd41af182b70f6ddf5296245931bf3e56f7405c22b3df53609fcfcf2630dc50,0.037824700004421175,0,0,0.0019860285509486655,0.0019860285509486655,0.5142130815435704
slr_to_ipod,inner,2,tagi_diag,0.3,17,raw36,235,2563,41008,4,940,e2db80894559c6c2f9009dcdaa42e981a4694b17b47fbea9fae8ccab5b843e7c,0.1511295000091195,0,0,0.00037938003835674217,0.00037938003835674217,0.5930891671014594
slr_to_ipod,inner,2,tagi_diag,0.3,17,raw36,235,2563,41008,16,3760,d47ceecbab27504400550b1f66c23aa3d6c1073e614505217b89b006de552c60,0.649901700031478,0,0,2.0476919515607162e-05,2.0476919515607162e-05,1.1475144107536677
slr_to_ipod,inner,2,tagi_diag,0.3,17,raw36,235,2563,41008,64,15040,45ec2f507da77d85253c65418be9be59be1680fcdcac3d17c3cdaaae4165b5af,2.456546600034926,0,0,2.769999539914436e-06,2.769999539914436e-06,1.417868777604533
slr_to_ipod,inner,2,tagi_diag,1.0,17,raw36,235,2563,41008,1,235,2fd41af182b70f6ddf5296245931bf3e56f7405c22b3df53609fcfcf2630dc50,0.037824700004421175,0,0,0.004551041598159453,0.004551041598159453,0.5303581500130832
slr_to_ipod,inner,2,tagi_diag,1.0,17,raw36,235,2563,41008,4,940,e2db80894559c6c2f9009dcdaa42e981a4694b17b47fbea9fae8ccab5b843e7c,0.1511295000091195,0,0,0.0015538657423336188,0.0015538657423336188,0.5195649356971952
slr_to_ipod,inner,2,tagi_diag,1.0,17,raw36,235,2563,41008,16,3760,d47ceecbab27504400550b1f66c23aa3d6c1073e614505217b89b006de552c60,0.649901700031478,0,0,0.00025801662246226475,0.00025801662246226475,0.6450784739584982
slr_to_ipod,inner,2,tagi_diag,1.0,17,raw36,235,2563,41008,64,15040,45ec2f507da77d85253c65418be9be59be1680fcdcac3d17c3cdaaae4165b5af,2.456546600034926,0,0,4.4644869207586076e-05,4.4644869207586076e-05,0.7168438762937223
slr_to_ipod,inner,2,tagi_diag,0.1,29,raw36,235,2563,41008,1,235,d32fd8f46889ad8025976f178988c3049fd8cba5db3a6cae40007b06f004ee48,0.037824700004421175,0,0,0.0011839590325400918,0.0011839590325400918,0.5341086403145462
slr_to_ipod,inner,2,tagi_diag,0.1,29,raw36,235,2563,41008,4,940,324478e2c32f9abf039bc9c02abf76d8a19eb90a85a14940bbd2e7af7cb72e09,0.1511295000091195,0,0,0.00014115076351162127,0.00014115076351162127,0.680831512081394
slr_to_ipod,inner,2,tagi_diag,0.1,29,raw36,235,2563,41008,16,3760,9107aa7669b7328748566c81358b7000c97eabc629cb1738944f244b19d4e629,0.649901700031478,0,0,1.1373586075536017e-06,1.1373586075536017e-06,1.3147867634594113
slr_to_ipod,inner,2,tagi_diag,0.1,29,raw36,235,2563,41008,64,15040,81fe24cc861fa92462e9a42835f68694563a7ec39a0831d30e7426ee70595924,2.456546600034926,0,0,1.3489488945001173e-07,1.3489488945001173e-07,2.2133347576957556
slr_to_ipod,inner,2,tagi_diag,0.3,29,raw36,235,2563,41008,1,235,d32fd8f46889ad8025976f178988c3049fd8cba5db3a6cae40007b06f004ee48,0.037824700004421175,0,0,0.0019436758050139185,0.0019436758050139185,0.5037948606318201
slr_to_ipod,inner,2,tagi_diag,0.3,29,raw36,235,2563,41008,4,940,324478e2c32f9abf039bc9c02abf76d8a19eb90a85a14940bbd2e7af7cb72e09,0.1511295000091195,0,0,0.0003872883559779108,0.0003872883559779108,0.5889670383558133
slr_to_ipod,inner,2,tagi_diag,0.3,29,raw36,235,2563,41008,16,3760,9107aa7669b7328748566c81358b7000c97eabc629cb1738944f244b19d4e629,0.649901700031478,0,0,3.184266818068611e-05,3.184266818068611e-05,0.7391342607368799
slr_to_ipod,inner,2,tagi_diag,0.3,29,raw36,235,2563,41008,64,15040,81fe24cc861fa92462e9a42835f68694563a7ec39a0831d30e7426ee70595924,2.456546600034926,0,0,3.8006852354659484e-06,3.8006852354659484e-06,1.0709471281097702
slr_to_ipod,inner,2,tagi_diag,1.0,29,raw36,235,2563,41008,1,235,d32fd8f46889ad8025976f178988c3049fd8cba5db3a6cae40007b06f004ee48,0.037824700004421175,0,0,0.004553979909224922,0.004553979909224922,0.4832853839886553
slr_to_ipod,inner,2,tagi_diag,1.0,29,raw36,235,2563,41008,4,940,324478e2c32f9abf039bc9c02abf76d8a19eb90a85a14940bbd2e7af7cb72e09,0.1511295000091195,0,0,0.0013520235753388826,0.0013520235753388826,0.5017762177842013
slr_to_ipod,inner,2,tagi_diag,1.0,29,raw36,235,2563,41008,16,3760,9107aa7669b7328748566c81358b7000c97eabc629cb1738944f244b19d4e629,0.649901700031478,0,0,0.0003189603189968657,0.0003189603189968657,0.5604099282657804
slr_to_ipod,inner,2,tagi_diag,1.0,29,raw36,235,2563,41008,64,15040,81fe24cc861fa92462e9a42835f68694563a7ec39a0831d30e7426ee70595924,2.456546600034926,0,0,7.498291103775498e-05,7.498291103775498e-05,0.7225255692245719
slr_to_ipod,inner,2,tagi_diag,0.1,43,raw36,235,2563,41008,1,235,fdcbfdd791bd1d770bea9b6044819811a5839d7b1b68b8d987eef2f336ca171b,0.037824700004421175,0,0,0.0014174225444173658,0.0014174225444173658,0.6461562652210265
slr_to_ipod,inner,2,tagi_diag,0.1,43,raw36,235,2563,41008,4,940,84bebcfc349333f92708b53fa597bbd3cc0c2aa1778934f9871c1694508bcdff,0.1511295000091195,0,0,0.00014639642883314315,0.00014639642883314315,0.7461338784326288
slr_to_ipod,inner,2,tagi_diag,0.1,43,raw36,235,2563,41008,16,3760,5675a92719a6f12218d356c01999517fc5e238e345d812d86f8a24f63c32ac82,0.649901700031478,0,0,3.287763952006083e-06,3.287763952006083e-06,1.4272068365980697
slr_to_ipod,inner,2,tagi_diag,0.1,43,raw36,235,2563,41008,64,15040,b62f3e8b115afd11e362fa574e373b2dad49751a68af8972a2607b0d5de6fe0e,2.456546600034926,0,0,2.669134497184661e-07,2.669134497184661e-07,1.7964909139493164
slr_to_ipod,inner,2,tagi_diag,0.3,43,raw36,235,2563,41008,1,235,fdcbfdd791bd1d770bea9b6044819811a5839d7b1b68b8d987eef2f336ca171b,0.037824700004421175,0,0,0.0019939099378673505,0.0019939099378673505,0.6090354522173953
slr_to_ipod,inner,2,tagi_diag,0.3,43,raw36,235,2563,41008,4,940,84bebcfc349333f92708b53fa597bbd3cc0c2aa1778934f9871c1694508bcdff,0.1511295000091195,0,0,0.0003813289743427158,0.0003813289743427158,0.6524025495693603
slr_to_ipod,inner,2,tagi_diag,0.3,43,raw36,235,2563,41008,16,3760,5675a92719a6f12218d356c01999517fc5e238e345d812d86f8a24f63c32ac82,0.649901700031478,0,0,2.4110561263832483e-05,2.4110561263832483e-05,0.7057136714605526
slr_to_ipod,inner,2,tagi_diag,0.3,43,raw36,235,2563,41008,64,15040,b62f3e8b115afd11e362fa574e373b2dad49751a68af8972a2607b0d5de6fe0e,2.456546600034926,0,0,3.936548080821402e-06,3.936548080821402e-06,1.3016927169944905
slr_to_ipod,inner,2,tagi_diag,1.0,43,raw36,235,2563,41008,1,235,fdcbfdd791bd1d770bea9b6044819811a5839d7b1b68b8d987eef2f336ca171b,0.037824700004421175,0,0,0.003334852915577634,0.003334852915577634,0.518166531764963
slr_to_ipod,inner,2,tagi_diag,1.0,43,raw36,235,2563,41008,4,940,84bebcfc349333f92708b53fa597bbd3cc0c2aa1778934f9871c1694508bcdff,0.1511295000091195,0,0,0.0009091539560479794,0.0009091539560479794,0.5467603386309663
slr_to_ipod,inner,2,tagi_diag,1.0,43,raw36,235,2563,41008,16,3760,5675a92719a6f12218d356c01999517fc5e238e345d812d86f8a24f63c32ac82,0.649901700031478,0,0,0.00017846904034635042,0.00017846904034635042,0.594544637830988
slr_to_ipod,inner,2,tagi_diag,1.0,43,raw36,235,2563,41008,64,15040,b62f3e8b115afd11e362fa574e373b2dad49751a68af8972a2607b0d5de6fe0e,2.456546600034926,0,0,3.515414801903967e-05,3.515414801903967e-05,0.7004045452418395
slr_to_ipod,inner,2,tagi_diag,0.1,17,mean3,235,451,7216,1,235,2fd41af182b70f6ddf5296245931bf3e56f7405c22b3df53609fcfcf2630dc50,0.024176600039936602,0,0,0.00013070068765569113,0.00013070068765569113,0.9469603681194736
slr_to_ipod,inner,2,tagi_diag,0.1,17,mean3,235,451,7216,4,940,e2db80894559c6c2f9009dcdaa42e981a4694b17b47fbea9fae8ccab5b843e7c,0.0939980000257492,0,0,1.5018919920304236e-05,1.5018919920304236e-05,1.3464335693122562
slr_to_ipod,inner,2,tagi_diag,0.1,17,mean3,235,451,7216,16,3760,d47ceecbab27504400550b1f66c23aa3d6c1073e614505217b89b006de552c60,0.3793852000380866,0,0,6.44014952510269e-07,6.44014952510269e-07,4.587212015724183
slr_to_ipod,inner,2,tagi_diag,0.1,17,mean3,235,451,7216,64,15040,45ec2f507da77d85253c65418be9be59be1680fcdcac3d17c3cdaaae4165b5af,1.5073294999892823,0,0,4.002701772376208e-08,4.002701772376208e-08,7.220304431567831
slr_to_ipod,inner,2,tagi_diag,0.3,17,mean3,235,451,7216,1,235,2fd41af182b70f6ddf5296245931bf3e56f7405c22b3df53609fcfcf2630dc50,0.024176600039936602,0,0,0.0006641014743851072,0.0006641014743851072,0.7392720613888093
slr_to_ipod,inner,2,tagi_diag,0.3,17,mean3,235,451,7216,4,940,e2db80894559c6c2f9009dcdaa42e981a4694b17b47fbea9fae8ccab5b843e7c,0.0939980000257492,0,0,0.00013191040515620023,0.00013191040515620023,0.8745679273140581
slr_to_ipod,inner,2,tagi_diag,0.3,17,mean3,235,451,7216,16,3760,d47ceecbab27504400550b1f66c23aa3d6c1073e614505217b89b006de552c60,0.3793852000380866,0,0,2.7699160190573822e-05,2.7699160190573822e-05,1.9569458197362144
slr_to_ipod,inner,2,tagi_diag,0.3,17,mean3,235,451,7216,64,15040,45ec2f507da77d85253c65418be9be59be1680fcdcac3d17c3cdaaae4165b5af,1.5073294999892823,0,0,2.0547401565607794e-06,2.0547401565607794e-06,2.7162951812148237
slr_to_ipod,inner,2,tagi_diag,1.0,17,mean3,235,451,7216,1,235,2fd41af182b70f6ddf5296245931bf3e56f7405c22b3df53609fcfcf2630dc50,0.024176600039936602,0,0,0.0033573393362553313,0.0033573393362553313,0.6776366780155862
slr_to_ipod,inner,2,tagi_diag,1.0,17,mean3,235,451,7216,4,940,e2db80894559c6c2f9009dcdaa42e981a4694b17b47fbea9fae8ccab5b843e7c,0.0939980000257492,0,0,0.001085306101906958,0.001085306101906958,0.7249074844642456
slr_to_ipod,inner,2,tagi_diag,1.0,17,mean3,235,451,7216,16,3760,d47ceecbab27504400550b1f66c23aa3d6c1073e614505217b89b006de552c60,0.3793852000380866,0,0,0.0002796643755545013,0.0002796643755545013,0.7833805747644235
slr_to_ipod,inner,2,tagi_diag,1.0,17,mean3,235,451,7216,64,15040,45ec2f507da77d85253c65418be9be59be1680fcdcac3d17c3cdaaae4165b5af,1.5073294999892823,0,0,4.8705318545285685e-05,4.8705318545285685e-05,2.391851507373878
slr_to_ipod,inner,2,tagi_diag,0.1,29,mean3,235,451,7216,1,235,d32fd8f46889ad8025976f178988c3049fd8cba5db3a6cae40007b06f004ee48,0.024176600039936602,0,0,0.00015770863554423733,0.00015770863554423733,0.8460002652681394
slr_to_ipod,inner,2,tagi_diag,0.1,29,mean3,235,451,7216,4,940,324478e2c32f9abf039bc9c02abf76d8a19eb90a85a14940bbd2e7af7cb72e09,0.0939980000257492,0,0,1.5985499421826143e-05,1.5985499421826143e-05,1.3004550507883805
slr_to_ipod,inner,2,tagi_diag,0.1,29,mean3,235,451,7216,16,3760,9107aa7669b7328748566c81358b7000c97eabc629cb1738944f244b19d4e629,0.3793852000380866,0,0,8.49450808151526e-07,8.49450808151526e-07,3.905715825596313
slr_to_ipod,inner,2,tagi_diag,0.1,29,mean3,235,451,7216,64,15040,81fe24cc861fa92462e9a42835f68694563a7ec39a0831d30e7426ee70595924,1.5073294999892823,0,0,4.661750880319025e-08,4.661750880319025e-08,6.466146504354495
slr_to_ipod,inner,2,tagi_diag,0.3,29,mean3,235,451,7216,1,235,d32fd8f46889ad8025976f178988c3049fd8cba5db3a6cae40007b06f004ee48,0.024176600039936602,0,0,0.0006686658599446378,0.0006686658599446378,0.7999901279316678
slr_to_ipod,inner,2,tagi_diag,0.3,29,mean3,235,451,7216,4,940,324478e2c32f9abf039bc9c02abf76d8a19eb90a85a14940bbd2e7af7cb72e09,0.0939980000257492,0,0,0.00013042770912385392,0.00013042770912385392,0.8531452530485102
slr_to_ipod,inner,2,tagi_diag,0.3,29,mean3,235,451,7216,16,3760,9107aa7669b7328748566c81358b7000c97eabc629cb1738944f244b19d4e629,0.3793852000380866,0,0,2.594217318506114e-05,2.594217318506114e-05,2.260048665034386
slr_to_ipod,inner,2,tagi_diag,0.3,29,mean3,235,451,7216,64,15040,81fe24cc861fa92462e9a42835f68694563a7ec39a0831d30e7426ee70595924,1.5073294999892823,0,0,1.6316364757633427e-06,1.6316364757633427e-06,3.23481328857765
slr_to_ipod,inner,2,tagi_diag,1.0,29,mean3,235,451,7216,1,235,d32fd8f46889ad8025976f178988c3049fd8cba5db3a6cae40007b06f004ee48,0.024176600039936602,0,0,0.0033919580479449276,0.0033919580479449276,0.64694941023601
slr_to_ipod,inner,2,tagi_diag,1.0,29,mean3,235,451,7216,4,940,324478e2c32f9abf039bc9c02abf76d8a19eb90a85a14940bbd2e7af7cb72e09,0.0939980000257492,0,0,0.001091702901497616,0.001091702901497616,0.7624042042363038
slr_to_ipod,inner,2,tagi_diag,1.0,29,mean3,235,451,7216,16,3760,9107aa7669b7328748566c81358b7000c97eabc629cb1738944f244b19d4e629,0.3793852000380866,0,0,0.00028090537771448964,0.00028090537771448964,0.8707002832753588
slr_to_ipod,inner,2,tagi_diag,1.0,29,mean3,235,451,7216,64,15040,81fe24cc861fa92462e9a42835f68694563a7ec39a0831d30e7426ee70595924,1.5073294999892823,0,0,4.3214159854918477e-05,4.3214159854918477e-05,2.607458897004188
slr_to_ipod,inner,2,tagi_diag,0.1,43,mean3,235,451,7216,1,235,fdcbfdd791bd1d770bea9b6044819811a5839d7b1b68b8d987eef2f336ca171b,0.024176600039936602,0,0,0.0001558038006320393,0.0001558038006320393,0.9096880180234862
slr_to_ipod,inner,2,tagi_diag,0.1,43,mean3,235,451,7216,4,940,84bebcfc349333f92708b53fa597bbd3cc0c2aa1778934f9871c1694508bcdff,0.0939980000257492,0,0,1.5982761030396447e-05,1.5982761030396447e-05,1.1193111477933417
slr_to_ipod,inner,2,tagi_diag,0.1,43,mean3,235,451,7216,16,3760,5675a92719a6f12218d356c01999517fc5e238e345d812d86f8a24f63c32ac82,0.3793852000380866,0,0,1.164210310054644e-06,1.164210310054644e-06,3.152848899763763
slr_to_ipod,inner,2,tagi_diag,0.1,43,mean3,235,451,7216,64,15040,b62f3e8b115afd11e362fa574e373b2dad49751a68af8972a2607b0d5de6fe0e,1.5073294999892823,0,0,1.0780238801320034e-07,1.0780238801320034e-07,3.8885601315631044
slr_to_ipod,inner,2,tagi_diag,0.3,43,mean3,235,451,7216,1,235,fdcbfdd791bd1d770bea9b6044819811a5839d7b1b68b8d987eef2f336ca171b,0.024176600039936602,0,0,0.0006652321639543651,0.0006652321639543651,0.7235728409656232
slr_to_ipod,inner,2,tagi_diag,0.3,43,mean3,235,451,7216,4,940,84bebcfc349333f92708b53fa597bbd3cc0c2aa1778934f9871c1694508bcdff,0.0939980000257492,0,0,0.00013305645292388456,0.00013305645292388456,0.7890646765252627
slr_to_ipod,inner,2,tagi_diag,0.3,43,mean3,235,451,7216,16,3760,5675a92719a6f12218d356c01999517fc5e238e345d812d86f8a24f63c32ac82,0.3793852000380866,0,0,2.6517720957143876e-05,2.6517720957143876e-05,1.9478871425902555
slr_to_ipod,inner,2,tagi_diag,0.3,43,mean3,235,451,7216,64,15040,b62f3e8b115afd11e362fa574e373b2dad49751a68af8972a2607b0d5de6fe0e,1.5073294999892823,0,0,2.088128949388603e-06,2.088128949388603e-06,2.44321428469845
slr_to_ipod,inner,2,tagi_diag,1.0,43,mean3,235,451,7216,1,235,fdcbfdd791bd1d770bea9b6044819811a5839d7b1b68b8d987eef2f336ca171b,0.024176600039936602,0,0,0.0033576448891180044,0.0033576448891180044,0.5757190046211442
slr_to_ipod,inner,2,tagi_diag,1.0,43,mean3,235,451,7216,4,940,84bebcfc349333f92708b53fa597bbd3cc0c2aa1778934f9871c1694508bcdff,0.0939980000257492,0,0,0.0010862202474774577,0.0010862202474774577,0.6564537141759847
slr_to_ipod,inner,2,tagi_diag,1.0,43,mean3,235,451,7216,16,3760,5675a92719a6f12218d356c01999517fc5e238e345d812d86f8a24f63c32ac82,0.3793852000380866,0,0,0.00028131018029209067,0.00028131018029209067,0.8195019898744083
slr_to_ipod,inner,2,tagi_diag,1.0,43,mean3,235,451,7216,64,15040,b62f3e8b115afd11e362fa574e373b2dad49751a68af8972a2607b0d5de6fe0e,1.5073294999892823,0,0,6.44248780986022e-05,6.44248780986022e-05,2.006215120370058
slr_to_ipod,inner,2,tagi_full3,0.1,17,raw36,235,2563,41008,1,235,2fd41af182b70f6ddf5296245931bf3e56f7405c22b3df53609fcfcf2630dc50,0.04418620001524687,0,0,0.0013145111133420157,0.0013145111133420157,0.5076954830783118
slr_to_ipod,inner,2,tagi_full3,0.1,17,raw36,235,2563,41008,4,940,e2db80894559c6c2f9009dcdaa42e981a4694b17b47fbea9fae8ccab5b843e7c,0.1744819000014104,0,0,0.00014095605364703218,0.00014095605364703218,0.5759018927410917
slr_to_ipod,inner,2,tagi_full3,0.1,17,raw36,235,2563,41008,16,3760,d47ceecbab27504400550b1f66c23aa3d6c1073e614505217b89b006de552c60,0.696913100022357,0,0,2.405562720972837e-06,2.405562720972837e-06,1.5153257237049025
slr_to_ipod,inner,2,tagi_full3,0.1,17,raw36,235,2563,41008,64,15040,45ec2f507da77d85253c65418be9be59be1680fcdcac3d17c3cdaaae4165b5af,2.7901912999805063,0,0,1.8735963569374532e-07,1.8735963569374532e-07,2.1396402514000017
slr_to_ipod,inner,2,tagi_full3,0.3,17,raw36,235,2563,41008,1,235,2fd41af182b70f6ddf5296245931bf3e56f7405c22b3df53609fcfcf2630dc50,0.04418620001524687,0,0,0.0019821948195920883,0.0019821948195920883,0.517702808971007
slr_to_ipod,inner,2,tagi_full3,0.3,17,raw36,235,2563,41008,4,940,e2db80894559c6c2f9009dcdaa42e981a4694b17b47fbea9fae8ccab5b843e7c,0.1744819000014104,0,0,0.00038787757501739667,0.00038787757501739667,0.6038353190544694
slr_to_ipod,inner,2,tagi_full3,0.3,17,raw36,235,2563,41008,16,3760,d47ceecbab27504400550b1f66c23aa3d6c1073e614505217b89b006de552c60,0.696913100022357,0,0,1.8842172248764467e-05,1.8842172248764467e-05,1.2403836126725951
slr_to_ipod,inner,2,tagi_full3,0.3,17,raw36,235,2563,41008,64,15040,45ec2f507da77d85253c65418be9be59be1680fcdcac3d17c3cdaaae4165b5af,2.7901912999805063,0,0,2.3756820826312763e-06,2.3756820826312763e-06,1.55338661007644
slr_to_ipod,inner,2,tagi_full3,1.0,17,raw36,235,2563,41008,1,235,2fd41af182b70f6ddf5296245931bf3e56f7405c22b3df53609fcfcf2630dc50,0.04418620001524687,0,0,0.0045515511739575385,0.0045515511739575385,0.5261443433148834
slr_to_ipod,inner,2,tagi_full3,1.0,17,raw36,235,2563,41008,4,940,e2db80894559c6c2f9009dcdaa42e981a4694b17b47fbea9fae8ccab5b843e7c,0.1744819000014104,0,0,0.0015553500346945992,0.0015553500346945992,0.5367373176267444
slr_to_ipod,inner,2,tagi_full3,1.0,17,raw36,235,2563,41008,16,3760,d47ceecbab27504400550b1f66c23aa3d6c1073e614505217b89b006de552c60,0.696913100022357,0,0,0.0003063437112009421,0.0003063437112009421,0.6766286996353927
slr_to_ipod,inner,2,tagi_full3,1.0,17,raw36,235,2563,41008,64,15040,45ec2f507da77d85253c65418be9be59be1680fcdcac3d17c3cdaaae4165b5af,2.7901912999805063,0,0,5.097544736120007e-05,5.097544736120007e-05,0.7527718293860415
slr_to_ipod,inner,2,tagi_full3,0.1,29,raw36,235,2563,41008,1,235,d32fd8f46889ad8025976f178988c3049fd8cba5db3a6cae40007b06f004ee48,0.04418620001524687,0,0,0.0011384738693333554,0.0011384738693333554,0.537738383290973
slr_to_ipod,inner,2,tagi_full3,0.1,29,raw36,235,2563,41008,4,940,324478e2c32f9abf039bc9c02abf76d8a19eb90a85a14940bbd2e7af7cb72e09,0.1744819000014104,0,0,0.0001347768730570172,0.0001347768730570172,0.6265339172812963
slr_to_ipod,inner,2,tagi_full3,0.1,29,raw36,235,2563,41008,16,3760,9107aa7669b7328748566c81358b7000c97eabc629cb1738944f244b19d4e629,0.696913100022357,0,0,1.5751092949045922e-06,1.5751092949045922e-06,1.2155044816123513
slr_to_ipod,inner,2,tagi_full3,0.1,29,raw36,235,2563,41008,64,15040,81fe24cc861fa92462e9a42835f68694563a7ec39a0831d30e7426ee70595924,2.7901912999805063,0,0,1.3336024122076842e-07,1.3336024122076842e-07,1.8681664104519669
slr_to_ipod,inner,2,tagi_full3,0.3,29,raw36,235,2563,41008,1,235,d32fd8f46889ad8025976f178988c3049fd8cba5db3a6cae40007b06f004ee48,0.04418620001524687,0,0,0.0019547845836046713,0.0019547845836046713,0.5034701982740692
slr_to_ipod,inner,2,tagi_full3,0.3,29,raw36,235,2563,41008,4,940,324478e2c32f9abf039bc9c02abf76d8a19eb90a85a14940bbd2e7af7cb72e09,0.1744819000014104,0,0,0.0003911517855274569,0.0003911517855274569,0.5930132817582182
slr_to_ipod,inner,2,tagi_full3,0.3,29,raw36,235,2563,41008,16,3760,9107aa7669b7328748566c81358b7000c97eabc629cb1738944f244b19d4e629,0.696913100022357,0,0,2.5250766299735696e-05,2.5250766299735696e-05,0.7380642315973729
slr_to_ipod,inner,2,tagi_full3,0.3,29,raw36,235,2563,41008,64,15040,81fe24cc861fa92462e9a42835f68694563a7ec39a0831d30e7426ee70595924,2.7901912999805063,0,0,3.480233410080232e-06,3.480233410080232e-06,0.9381744803546029
slr_to_ipod,inner,2,tagi_full3,1.0,29,raw36,235,2563,41008,1,235,d32fd8f46889ad8025976f178988c3049fd8cba5db3a6cae40007b06f004ee48,0.04418620001524687,0,0,0.004548727486671611,0.004548727486671611,0.4830753292970291
slr_to_ipod,inner,2,tagi_full3,1.0,29,raw36,235,2563,41008,4,940,324478e2c32f9abf039bc9c02abf76d8a19eb90a85a14940bbd2e7af7cb72e09,0.1744819000014104,0,0,0.0013586173630598841,0.0013586173630598841,0.5023277905923366
slr_to_ipod,inner,2,tagi_full3,1.0,29,raw36,235,2563,41008,16,3760,9107aa7669b7328748566c81358b7000c97eabc629cb1738944f244b19d4e629,0.696913100022357,0,0,0.0003220854136293211,0.0003220854136293211,0.5689380522620757
slr_to_ipod,inner,2,tagi_full3,1.0,29,raw36,235,2563,41008,64,15040,81fe24cc861fa92462e9a42835f68694563a7ec39a0831d30e7426ee70595924,2.7901912999805063,0,0,6.815119252868185e-05,6.815119252868185e-05,0.5983879244402163
slr_to_ipod,inner,2,tagi_full3,0.1,43,raw36,235,2563,41008,1,235,fdcbfdd791bd1d770bea9b6044819811a5839d7b1b68b8d987eef2f336ca171b,0.04418620001524687,0,0,0.0013746542646990315,0.0013746542646990315,0.6275004447176983
slr_to_ipod,inner,2,tagi_full3,0.1,43,raw36,235,2563,41008,4,940,84bebcfc349333f92708b53fa597bbd3cc0c2aa1778934f9871c1694508bcdff,0.1744819000014104,0,0,0.00013711790486286847,0.00013711790486286847,0.7371567310534094
slr_to_ipod,inner,2,tagi_full3,0.1,43,raw36,235,2563,41008,16,3760,5675a92719a6f12218d356c01999517fc5e238e345d812d86f8a24f63c32ac82,0.696913100022357,0,0,6.336043788748393e-06,6.336043788748393e-06,1.0893246966893935
slr_to_ipod,inner,2,tagi_full3,0.1,43,raw36,235,2563,41008,64,15040,b62f3e8b115afd11e362fa574e373b2dad49751a68af8972a2607b0d5de6fe0e,2.7901912999805063,0,0,3.1129813167535015e-07,3.1129813167535015e-07,2.5186834644299148
slr_to_ipod,inner,2,tagi_full3,0.3,43,raw36,235,2563,41008,1,235,fdcbfdd791bd1d770bea9b6044819811a5839d7b1b68b8d987eef2f336ca171b,0.04418620001524687,0,0,0.0019812150168253538,0.0019812150168253538,0.595269331641429
slr_to_ipod,inner,2,tagi_full3,0.3,43,raw36,235,2563,41008,4,940,84bebcfc349333f92708b53fa597bbd3cc0c2aa1778934f9871c1694508bcdff,0.1744819000014104,0,0,0.00032371271432090335,0.00032371271432090335,0.6371897629688038
slr_to_ipod,inner,2,tagi_full3,0.3,43,raw36,235,2563,41008,16,3760,5675a92719a6f12218d356c01999517fc5e238e345d812d86f8a24f63c32ac82,0.696913100022357,0,0,2.693519039932321e-05,2.693519039932321e-05,0.7552844385614963
slr_to_ipod,inner,2,tagi_full3,0.3,43,raw36,235,2563,41008,64,15040,b62f3e8b115afd11e362fa574e373b2dad49751a68af8972a2607b0d5de6fe0e,2.7901912999805063,0,0,4.739001880310664e-06,4.739001880310664e-06,1.2292326331655423
slr_to_ipod,inner,2,tagi_full3,1.0,43,raw36,235,2563,41008,1,235,fdcbfdd791bd1d770bea9b6044819811a5839d7b1b68b8d987eef2f336ca171b,0.04418620001524687,0,0,0.0033280583066035213,0.0033280583066035213,0.5175341336919469
slr_to_ipod,inner,2,tagi_full3,1.0,43,raw36,235,2563,41008,4,940,84bebcfc349333f92708b53fa597bbd3cc0c2aa1778934f9871c1694508bcdff,0.1744819000014104,0,0,0.00091550741099678,0.00091550741099678,0.5444002104243741
slr_to_ipod,inner,2,tagi_full3,1.0,43,raw36,235,2563,41008,16,3760,5675a92719a6f12218d356c01999517fc5e238e345d812d86f8a24f63c32ac82,0.696913100022357,0,0,0.00016818979058643962,0.00016818979058643962,0.5947544104887361
slr_to_ipod,inner,2,tagi_full3,1.0,43,raw36,235,2563,41008,64,15040,b62f3e8b115afd11e362fa574e373b2dad49751a68af8972a2607b0d5de6fe0e,2.7901912999805063,0,0,3.362086621174236e-05,3.362086621174236e-05,0.6487530523945603
slr_to_ipod,inner,2,tagi_full3,0.1,17,mean3,235,451,7216,1,235,2fd41af182b70f6ddf5296245931bf3e56f7405c22b3df53609fcfcf2630dc50,0.02933739998843521,0,0,0.00013922309838185998,0.00013922309838185998,1.0555291390900639
slr_to_ipod,inner,2,tagi_full3,0.1,17,mean3,235,451,7216,4,940,e2db80894559c6c2f9009dcdaa42e981a4694b17b47fbea9fae8ccab5b843e7c,0.12135020003188401,0,0,1.489349861532252e-05,1.489349861532252e-05,1.1982563359084681
slr_to_ipod,inner,2,tagi_full3,0.1,17,mean3,235,451,7216,16,3760,d47ceecbab27504400550b1f66c23aa3d6c1073e614505217b89b006de552c60,0.46657809999305755,0,0,1.1661042514425447e-06,1.1661042514425447e-06,3.575642614873831
slr_to_ipod,inner,2,tagi_full3,0.1,17,mean3,235,451,7216,64,15040,45ec2f507da77d85253c65418be9be59be1680fcdcac3d17c3cdaaae4165b5af,1.8583494999911636,0,0,8.099582693940663e-08,8.099582693940663e-08,5.394539073165548
slr_to_ipod,inner,2,tagi_full3,0.3,17,mean3,235,451,7216,1,235,2fd41af182b70f6ddf5296245931bf3e56f7405c22b3df53609fcfcf2630dc50,0.02933739998843521,0,0,0.0006618460210014711,0.0006618460210014711,0.7574959364386361
slr_to_ipod,inner,2,tagi_full3,0.3,17,mean3,235,451,7216,4,940,e2db80894559c6c2f9009dcdaa42e981a4694b17b47fbea9fae8ccab5b843e7c,0.12135020003188401,0,0,0.00013176116813285376,0.00013176116813285376,0.8502896392894581
slr_to_ipod,inner,2,tagi_full3,0.3,17,mean3,235,451,7216,16,3760,d47ceecbab27504400550b1f66c23aa3d6c1073e614505217b89b006de552c60,0.46657809999305755,0,0,2.783027875323563e-05,2.783027875323563e-05,2.023676330020215
slr_to_ipod,inner,2,tagi_full3,0.3,17,mean3,235,451,7216,64,15040,45ec2f507da77d85253c65418be9be59be1680fcdcac3d17c3cdaaae4165b5af,1.8583494999911636,0,0,1.957940948039963e-06,1.957940948039963e-06,2.7751615383705848
slr_to_ipod,inner,2,tagi_full3,1.0,17,mean3,235,451,7216,1,235,2fd41af182b70f6ddf5296245931bf3e56f7405c22b3df53609fcfcf2630dc50,0.02933739998843521,0,0,0.0033569873556778,0.0033569873556778,0.6774395760480193
slr_to_ipod,inner,2,tagi_full3,1.0,17,mean3,235,451,7216,4,940,e2db80894559c6c2f9009dcdaa42e981a4694b17b47fbea9fae8ccab5b843e7c,0.12135020003188401,0,0,0.0010850846742638766,0.0010850846742638766,0.725113975486513
slr_to_ipod,inner,2,tagi_full3,1.0,17,mean3,235,451,7216,16,3760,d47ceecbab27504400550b1f66c23aa3d6c1073e614505217b89b006de552c60,0.46657809999305755,0,0,0.00027962085244106783,0.00027962085244106783,0.7944704167340395
slr_to_ipod,inner,2,tagi_full3,1.0,17,mean3,235,451,7216,64,15040,45ec2f507da77d85253c65418be9be59be1680fcdcac3d17c3cdaaae4165b5af,1.8583494999911636,0,0,4.656722365292284e-05,4.656722365292284e-05,2.410316195718102
slr_to_ipod,inner,2,tagi_full3,0.1,29,mean3,235,451,7216,1,235,d32fd8f46889ad8025976f178988c3049fd8cba5db3a6cae40007b06f004ee48,0.02933739998843521,0,0,0.0001484677600706894,0.0001484677600706894,1.067037223279261
slr_to_ipod,inner,2,tagi_full3,0.1,29,mean3,235,451,7216,4,940,324478e2c32f9abf039bc9c02abf76d8a19eb90a85a14940bbd2e7af7cb72e09,0.12135020003188401,0,0,1.3211892100558069e-05,1.3211892100558069e-05,1.3757588630618203
slr_to_ipod,inner,2,tagi_full3,0.1,29,mean3,235,451,7216,16,3760,9107aa7669b7328748566c81358b7000c97eabc629cb1738944f244b19d4e629,0.46657809999305755,0,0,5.442249364196807e-07,5.442249364196807e-07,4.831895962403922
slr_to_ipod,inner,2,tagi_full3,0.1,29,mean3,235,451,7216,64,15040,81fe24cc861fa92462e9a42835f68694563a7ec39a0831d30e7426ee70595924,1.8583494999911636,0,0,3.857564072165858e-08,3.857564072165858e-08,6.682482569656059
slr_to_ipod,inner,2,tagi_full3,0.3,29,mean3,235,451,7216,1,235,d32fd8f46889ad8025976f178988c3049fd8cba5db3a6cae40007b06f004ee48,0.02933739998843521,0,0,0.0006692301760195963,0.0006692301760195963,0.7488520909941336
slr_to_ipod,inner,2,tagi_full3,0.3,29,mean3,235,451,7216,4,940,324478e2c32f9abf039bc9c02abf76d8a19eb90a85a14940bbd2e7af7cb72e09,0.12135020003188401,0,0,0.0001294745724714733,0.0001294745724714733,0.7911388809736856
slr_to_ipod,inner,2,tagi_full3,0.3,29,mean3,235,451,7216,16,3760,9107aa7669b7328748566c81358b7000c97eabc629cb1738944f244b19d4e629,0.46657809999305755,0,0,1.8254309434078816e-05,1.8254309434078816e-05,2.8496520390069127
slr_to_ipod,inner,2,tagi_full3,0.3,29,mean3,235,451,7216,64,15040,81fe24cc861fa92462e9a42835f68694563a7ec39a0831d30e7426ee70595924,1.8583494999911636,0,0,9.8059640343226e-07,9.8059640343226e-07,4.0515288392762425
slr_to_ipod,inner,2,tagi_full3,1.0,29,mean3,235,451,7216,1,235,d32fd8f46889ad8025976f178988c3049fd8cba5db3a6cae40007b06f004ee48,0.02933739998843521,0,0,0.0033914240038874577,0.0033914240038874577,0.646357742090351
slr_to_ipod,inner,2,tagi_full3,1.0,29,mean3,235,451,7216,4,940,324478e2c32f9abf039bc9c02abf76d8a19eb90a85a14940bbd2e7af7cb72e09,0.12135020003188401,0,0,0.0010914981215683895,0.0010914981215683895,0.76483757343113
slr_to_ipod,inner,2,tagi_full3,1.0,29,mean3,235,451,7216,16,3760,9107aa7669b7328748566c81358b7000c97eabc629cb1738944f244b19d4e629,0.46657809999305755,0,0,0.000280942816026265,0.000280942816026265,0.8530501265496914
slr_to_ipod,inner,2,tagi_full3,1.0,29,mean3,235,451,7216,64,15040,81fe24cc861fa92462e9a42835f68694563a7ec39a0831d30e7426ee70595924,1.8583494999911636,0,0,4.620256566355285e-05,4.620256566355285e-05,2.5471823701488057
slr_to_ipod,inner,2,tagi_full3,0.1,43,mean3,235,451,7216,1,235,fdcbfdd791bd1d770bea9b6044819811a5839d7b1b68b8d987eef2f336ca171b,0.02933739998843521,0,0,0.0001611571518370076,0.0001611571518370076,0.8853268124564319
slr_to_ipod,inner,2,tagi_full3,0.1,43,mean3,235,451,7216,4,940,84bebcfc349333f92708b53fa597bbd3cc0c2aa1778934f9871c1694508bcdff,0.12135020003188401,0,0,1.6102841660718394e-05,1.6102841660718394e-05,1.5330721648886059
slr_to_ipod,inner,2,tagi_full3,0.1,43,mean3,235,451,7216,16,3760,5675a92719a6f12218d356c01999517fc5e238e345d812d86f8a24f63c32ac82,0.46657809999305755,0,0,6.515392376653563e-07,6.515392376653563e-07,3.910068359256716
slr_to_ipod,inner,2,tagi_full3,0.1,43,mean3,235,451,7216,64,15040,b62f3e8b115afd11e362fa574e373b2dad49751a68af8972a2607b0d5de6fe0e,1.8583494999911636,0,0,6.57144627646049e-08,6.57144627646049e-08,4.915783781397151
slr_to_ipod,inner,2,tagi_full3,0.3,43,mean3,235,451,7216,1,235,fdcbfdd791bd1d770bea9b6044819811a5839d7b1b68b8d987eef2f336ca171b,0.02933739998843521,0,0,0.0006729787426421207,0.0006729787426421207,0.6961240494902236
slr_to_ipod,inner,2,tagi_full3,0.3,43,mean3,235,451,7216,4,940,84bebcfc349333f92708b53fa597bbd3cc0c2aa1778934f9871c1694508bcdff,0.12135020003188401,0,0,0.00013298609761314278,0.00013298609761314278,0.7798780452141061
slr_to_ipod,inner,2,tagi_full3,0.3,43,mean3,235,451,7216,16,3760,5675a92719a6f12218d356c01999517fc5e238e345d812d86f8a24f63c32ac82,0.46657809999305755,0,0,2.788026899082761e-05,2.788026899082761e-05,1.9448645635187976
slr_to_ipod,inner,2,tagi_full3,0.3,43,mean3,235,451,7216,64,15040,b62f3e8b115afd11e362fa574e373b2dad49751a68af8972a2607b0d5de6fe0e,1.8583494999911636,0,0,1.919355072197525e-06,1.919355072197525e-06,2.79925790035518
slr_to_ipod,inner,2,tagi_full3,1.0,43,mean3,235,451,7216,1,235,fdcbfdd791bd1d770bea9b6044819811a5839d7b1b68b8d987eef2f336ca171b,0.02933739998843521,0,0,0.0033571909190517665,0.0033571909190517665,0.5727030648766172
slr_to_ipod,inner,2,tagi_full3,1.0,43,mean3,235,451,7216,4,940,84bebcfc349333f92708b53fa597bbd3cc0c2aa1778934f9871c1694508bcdff,0.12135020003188401,0,0,0.001086420265377928,0.001086420265377928,0.65225117297512
slr_to_ipod,inner,2,tagi_full3,1.0,43,mean3,235,451,7216,16,3760,5675a92719a6f12218d356c01999517fc5e238e345d812d86f8a24f63c32ac82,0.46657809999305755,0,0,0.00028142592038425684,0.00028142592038425684,0.8238559870398969
slr_to_ipod,inner,2,tagi_full3,1.0,43,mean3,235,451,7216,64,15040,b62f3e8b115afd11e362fa574e373b2dad49751a68af8972a2607b0d5de6fe0e,1.8583494999911636,0,0,6.534178925038024e-05,6.534178925038024e-05,1.9899892581002712
slr_to_ipod,final,,adam,0.0003,17,raw36,323,2563,61512,1,323,3f705627d500f769211ebd58aa6441fac3490fb7393b7e04cab2dccd03fd3d21,0.023791999963577837,0,0,,,0.5046294704712447
slr_to_ipod,final,,adam,0.0003,17,raw36,323,2563,61512,4,1292,f290141d6b69f7579e0d49720398bc3d9977439dbcd1a67a062aa619f842d59f,0.09328019997337833,0,0,,,0.5162552160644601
slr_to_ipod,final,,adam,0.0003,17,raw36,323,2563,61512,16,5168,55f90115dc7a64b94bddd740b73f5bff542ab0fcab7772e2bc8c2921f6b2a54d,0.38055949995759875,0,0,,,0.5287896209642173
slr_to_ipod,final,,adam,0.0003,17,raw36,323,2563,61512,64,20672,b300d49055e6cabeebaa0858b40b626dcf368ab57c4d55904d494e14cc0bce2d,1.5120028000092134,0,0,,,0.6330158878397324
slr_to_ipod,final,,adam,0.0003,29,raw36,323,2563,61512,1,323,7feca1a3663a9a56c4999dc67a07883135c4e734cf32b6736182df18385f4069,0.023791999963577837,0,0,,,0.4866725303759036
slr_to_ipod,final,,adam,0.0003,29,raw36,323,2563,61512,4,1292,186d73e349f07020f9fa4916f4aa7ecc77c028deee6ca3db6b5c39a922b167b6,0.09328019997337833,0,0,,,0.47744522711772375
slr_to_ipod,final,,adam,0.0003,29,raw36,323,2563,61512,16,5168,87816437ab4b35332ea21959082aea805f867c788a59f3c77b8602bb067a1cdf,0.38055949995759875,0,0,,,0.6343558183865688
slr_to_ipod,final,,adam,0.0003,29,raw36,323,2563,61512,64,20672,a188a8340a1d0ce84938b811a36a6d965a939c225864eef9f404f49ee675c507,1.5120028000092134,0,0,,,0.7348505863545254
slr_to_ipod,final,,adam,0.0003,43,raw36,323,2563,61512,1,323,9c5db38c9fc06496ea2cea29fa781089f837814ba82e2a8eb8dd905d58b3b9f6,0.023791999963577837,0,0,,,0.48845013945142396
slr_to_ipod,final,,adam,0.0003,43,raw36,323,2563,61512,4,1292,a72382c7f00ca832355e95a9c68fae034ffe51e378b94f5b691810c5ee3a5343,0.09328019997337833,0,0,,,0.5028154757891262
slr_to_ipod,final,,adam,0.0003,43,raw36,323,2563,61512,16,5168,d21204a90e4efa8e8a28d0a8cc464751a298240ee1143aa1c7a7b603472361bf,0.38055949995759875,0,0,,,0.5467949524458774
slr_to_ipod,final,,adam,0.0003,43,raw36,323,2563,61512,64,20672,55b2583010d64b56b389a92cfe4fe75bfeffea0d1e7caa51f04e6770234bdc1d,1.5120028000092134,0,0,,,0.637697248559169
slr_to_ipod,final,,adam,0.003,17,mean3,323,451,10824,1,323,3f705627d500f769211ebd58aa6441fac3490fb7393b7e04cab2dccd03fd3d21,0.01690519996918738,0,0,,,0.5574931619591811
slr_to_ipod,final,,adam,0.003,17,mean3,323,451,10824,4,1292,f290141d6b69f7579e0d49720398bc3d9977439dbcd1a67a062aa619f842d59f,0.0652536999550648,0,0,,,0.6293014723965912
slr_to_ipod,final,,adam,0.003,17,mean3,323,451,10824,16,5168,55f90115dc7a64b94bddd740b73f5bff542ab0fcab7772e2bc8c2921f6b2a54d,0.262629599950742,0,0,,,1.190864017291759
slr_to_ipod,final,,adam,0.003,17,mean3,323,451,10824,64,20672,b300d49055e6cabeebaa0858b40b626dcf368ab57c4d55904d494e14cc0bce2d,1.0528609000029974,0,0,,,2.5730825557952834
slr_to_ipod,final,,adam,0.003,29,mean3,323,451,10824,1,323,7feca1a3663a9a56c4999dc67a07883135c4e734cf32b6736182df18385f4069,0.01690519996918738,0,0,,,0.5544328284627194
slr_to_ipod,final,,adam,0.003,29,mean3,323,451,10824,4,1292,186d73e349f07020f9fa4916f4aa7ecc77c028deee6ca3db6b5c39a922b167b6,0.0652536999550648,0,0,,,0.7148947512464353
slr_to_ipod,final,,adam,0.003,29,mean3,323,451,10824,16,5168,87816437ab4b35332ea21959082aea805f867c788a59f3c77b8602bb067a1cdf,0.262629599950742,0,0,,,1.3860641920604067
slr_to_ipod,final,,adam,0.003,29,mean3,323,451,10824,64,20672,a188a8340a1d0ce84938b811a36a6d965a939c225864eef9f404f49ee675c507,1.0528609000029974,0,0,,,1.9969104139630236
slr_to_ipod,final,,adam,0.003,43,mean3,323,451,10824,1,323,9c5db38c9fc06496ea2cea29fa781089f837814ba82e2a8eb8dd905d58b3b9f6,0.01690519996918738,0,0,,,0.664708248007788
slr_to_ipod,final,,adam,0.003,43,mean3,323,451,10824,4,1292,a72382c7f00ca832355e95a9c68fae034ffe51e378b94f5b691810c5ee3a5343,0.0652536999550648,0,0,,,0.6752505309938505
slr_to_ipod,final,,adam,0.003,43,mean3,323,451,10824,16,5168,d21204a90e4efa8e8a28d0a8cc464751a298240ee1143aa1c7a7b603472361bf,0.262629599950742,0,0,,,1.1560468798422476
slr_to_ipod,final,,adam,0.003,43,mean3,323,451,10824,64,20672,55b2583010d64b56b389a92cfe4fe75bfeffea0d1e7caa51f04e6770234bdc1d,1.0528609000029974,0,0,,,1.8813161524222985
slr_to_ipod,final,,tagi_diag,1.0,17,raw36,323,2563,41008,1,323,3f705627d500f769211ebd58aa6441fac3490fb7393b7e04cab2dccd03fd3d21,0.03282380005111918,0,0,0.0037585132511801836,0.0037585132511801836,0.5174512217676696
slr_to_ipod,final,,tagi_diag,1.0,17,raw36,323,2563,41008,4,1292,f290141d6b69f7579e0d49720398bc3d9977439dbcd1a67a062aa619f842d59f,0.12975980003830045,0,0,0.0011413291764950698,0.0011413291764950698,0.5249073848950301
slr_to_ipod,final,,tagi_diag,1.0,17,raw36,323,2563,41008,16,5168,55f90115dc7a64b94bddd740b73f5bff542ab0fcab7772e2bc8c2921f6b2a54d,0.5188869000412524,0,0,0.0001711869628508798,0.0001711869628508798,0.550886653942241
slr_to_ipod,final,,tagi_diag,1.0,17,raw36,323,2563,41008,64,20672,b300d49055e6cabeebaa0858b40b626dcf368ab57c4d55904d494e14cc0bce2d,2.09308320004493,0,0,2.6357473273759205e-05,2.6357473273759205e-05,0.6775731796394301
slr_to_ipod,final,,tagi_diag,1.0,29,raw36,323,2563,41008,1,323,7feca1a3663a9a56c4999dc67a07883135c4e734cf32b6736182df18385f4069,0.03282380005111918,0,0,0.0037197780691498082,0.0037197780691498082,0.4840108353654239
slr_to_ipod,final,,tagi_diag,1.0,29,raw36,323,2563,41008,4,1292,186d73e349f07020f9fa4916f4aa7ecc77c028deee6ca3db6b5c39a922b167b6,0.12975980003830045,0,0,0.0011450277877195214,0.0011450277877195214,0.5366098688157565
slr_to_ipod,final,,tagi_diag,1.0,29,raw36,323,2563,41008,16,5168,87816437ab4b35332ea21959082aea805f867c788a59f3c77b8602bb067a1cdf,0.5188869000412524,0,0,0.00025624870585456316,0.00025624870585456316,0.5480431656670036
slr_to_ipod,final,,tagi_diag,1.0,29,raw36,323,2563,41008,64,20672,a188a8340a1d0ce84938b811a36a6d965a939c225864eef9f404f49ee675c507,2.09308320004493,0,0,3.1871789204513766e-05,3.1871789204513766e-05,0.715270665459295
slr_to_ipod,final,,tagi_diag,1.0,43,raw36,323,2563,41008,1,323,9c5db38c9fc06496ea2cea29fa781089f837814ba82e2a8eb8dd905d58b3b9f6,0.03282380005111918,0,0,0.0026437023898197767,0.0026437023898197767,0.5340076902923254
slr_to_ipod,final,,tagi_diag,1.0,43,raw36,323,2563,41008,4,1292,a72382c7f00ca832355e95a9c68fae034ffe51e378b94f5b691810c5ee3a5343,0.12975980003830045,0,0,0.0006936467902521063,0.0006936467902521063,0.5662719969738487
slr_to_ipod,final,,tagi_diag,1.0,43,raw36,323,2563,41008,16,5168,d21204a90e4efa8e8a28d0a8cc464751a298240ee1143aa1c7a7b603472361bf,0.5188869000412524,0,0,0.00011498753295198925,0.00011498753295198925,0.6298923550470404
slr_to_ipod,final,,tagi_diag,1.0,43,raw36,323,2563,41008,64,20672,55b2583010d64b56b389a92cfe4fe75bfeffea0d1e7caa51f04e6770234bdc1d,2.09308320004493,0,0,1.7103185326894268e-05,1.7103185326894268e-05,0.8697757365951042
slr_to_ipod,final,,tagi_diag,0.3,17,mean3,323,451,7216,1,323,3f705627d500f769211ebd58aa6441fac3490fb7393b7e04cab2dccd03fd3d21,0.026346300030127168,0,0,0.0004758984744654879,0.0004758984744654879,0.7822945419853128
slr_to_ipod,final,,tagi_diag,0.3,17,mean3,323,451,7216,4,1292,f290141d6b69f7579e0d49720398bc3d9977439dbcd1a67a062aa619f842d59f,0.10403089999454096,0,0,9.628665019590246e-05,9.628665019590246e-05,0.879060247787294
slr_to_ipod,final,,tagi_diag,0.3,17,mean3,323,451,7216,16,5168,55f90115dc7a64b94bddd740b73f5bff542ab0fcab7772e2bc8c2921f6b2a54d,0.4217425999813713,0,0,1.45049713287815e-05,1.45049713287815e-05,2.3156156607003533
slr_to_ipod,final,,tagi_diag,0.3,17,mean3,323,451,7216,64,20672,b300d49055e6cabeebaa0858b40b626dcf368ab57c4d55904d494e14cc0bce2d,1.6724078999832273,0,0,1.4948744758178414e-06,1.4948744758178414e-06,2.654960613270943
slr_to_ipod,final,,tagi_diag,0.3,29,mean3,323,451,7216,1,323,7feca1a3663a9a56c4999dc67a07883135c4e734cf32b6736182df18385f4069,0.026346300030127168,0,0,0.0004743792048226222,0.0004743792048226222,0.7250081445662996
slr_to_ipod,final,,tagi_diag,0.3,29,mean3,323,451,7216,4,1292,186d73e349f07020f9fa4916f4aa7ecc77c028deee6ca3db6b5c39a922b167b6,0.10403089999454096,0,0,9.35503777585242e-05,9.35503777585242e-05,1.1501133458168604
slr_to_ipod,final,,tagi_diag,0.3,29,mean3,323,451,7216,16,5168,87816437ab4b35332ea21959082aea805f867c788a59f3c77b8602bb067a1cdf,0.4217425999813713,0,0,1.1450170230854056e-05,1.1450170230854056e-05,2.382664536591739
slr_to_ipod,final,,tagi_diag,0.3,29,mean3,323,451,7216,64,20672,a188a8340a1d0ce84938b811a36a6d965a939c225864eef9f404f49ee675c507,1.6724078999832273,0,0,1.465123265166136e-06,1.465123265166136e-06,2.60800506913677
slr_to_ipod,final,,tagi_diag,0.3,43,mean3,323,451,7216,1,323,9c5db38c9fc06496ea2cea29fa781089f837814ba82e2a8eb8dd905d58b3b9f6,0.026346300030127168,0,0,0.0004751326765048425,0.0004751326765048425,0.7683603902977343
slr_to_ipod,final,,tagi_diag,0.3,43,mean3,323,451,7216,4,1292,a72382c7f00ca832355e95a9c68fae034ffe51e378b94f5b691810c5ee3a5343,0.10403089999454096,0,0,9.633078821243692e-05,9.633078821243692e-05,1.1410936402576364
slr_to_ipod,final,,tagi_diag,0.3,43,mean3,323,451,7216,16,5168,d21204a90e4efa8e8a28d0a8cc464751a298240ee1143aa1c7a7b603472361bf,0.4217425999813713,0,0,1.787742706411634e-05,1.787742706411634e-05,1.8739257198289916
slr_to_ipod,final,,tagi_diag,0.3,43,mean3,323,451,7216,64,20672,55b2583010d64b56b389a92cfe4fe75bfeffea0d1e7caa51f04e6770234bdc1d,1.6724078999832273,0,0,2.2476232070676753e-06,2.2476232070676753e-06,2.0783111770147737
slr_to_ipod,final,,tagi_full3,1.0,17,raw36,323,2563,41008,1,323,3f705627d500f769211ebd58aa6441fac3490fb7393b7e04cab2dccd03fd3d21,0.03931299998657778,0,0,0.0037540073537518466,0.0037540073537518466,0.5185343191241554
slr_to_ipod,final,,tagi_full3,1.0,17,raw36,323,2563,41008,4,1292,f290141d6b69f7579e0d49720398bc3d9977439dbcd1a67a062aa619f842d59f,0.1529410999501124,0,0,0.0011382001654196814,0.0011382001654196814,0.5213203327951845
slr_to_ipod,final,,tagi_full3,1.0,17,raw36,323,2563,41008,16,5168,55f90115dc7a64b94bddd740b73f5bff542ab0fcab7772e2bc8c2921f6b2a54d,0.6131031999830157,0,0,0.00017278907618054607,0.00017278907618054607,0.5390079549306027
slr_to_ipod,final,,tagi_full3,1.0,17,raw36,323,2563,41008,64,20672,b300d49055e6cabeebaa0858b40b626dcf368ab57c4d55904d494e14cc0bce2d,2.4515614999691024,0,0,2.82300197410449e-05,2.82300197410449e-05,0.6587556411683219
slr_to_ipod,final,,tagi_full3,1.0,29,raw36,323,2563,41008,1,323,7feca1a3663a9a56c4999dc67a07883135c4e734cf32b6736182df18385f4069,0.03931299998657778,0,0,0.003714826838615201,0.003714826838615201,0.48364068092284795
slr_to_ipod,final,,tagi_full3,1.0,29,raw36,323,2563,41008,4,1292,186d73e349f07020f9fa4916f4aa7ecc77c028deee6ca3db6b5c39a922b167b6,0.1529410999501124,0,0,0.0011445167785514685,0.0011445167785514685,0.5351070917652841
slr_to_ipod,final,,tagi_full3,1.0,29,raw36,323,2563,41008,16,5168,87816437ab4b35332ea21959082aea805f867c788a59f3c77b8602bb067a1cdf,0.6131031999830157,0,0,0.0002562067529999073,0.0002562067529999073,0.5561080710340423
slr_to_ipod,final,,tagi_full3,1.0,29,raw36,323,2563,41008,64,20672,a188a8340a1d0ce84938b811a36a6d965a939c225864eef9f404f49ee675c507,2.4515614999691024,0,0,3.452491561458216e-05,3.452491561458216e-05,0.7095200738414711
slr_to_ipod,final,,tagi_full3,1.0,43,raw36,323,2563,41008,1,323,9c5db38c9fc06496ea2cea29fa781089f837814ba82e2a8eb8dd905d58b3b9f6,0.03931299998657778,0,0,0.002640067259670356,0.002640067259670356,0.5331942711523064
slr_to_ipod,final,,tagi_full3,1.0,43,raw36,323,2563,41008,4,1292,a72382c7f00ca832355e95a9c68fae034ffe51e378b94f5b691810c5ee3a5343,0.1529410999501124,0,0,0.0006551525150704445,0.0006551525150704445,0.5702124542739385
slr_to_ipod,final,,tagi_full3,1.0,43,raw36,323,2563,41008,16,5168,d21204a90e4efa8e8a28d0a8cc464751a298240ee1143aa1c7a7b603472361bf,0.6131031999830157,0,0,0.00011587025397473304,0.00011587025397473304,0.5574699221240899
slr_to_ipod,final,,tagi_full3,1.0,43,raw36,323,2563,41008,64,20672,55b2583010d64b56b389a92cfe4fe75bfeffea0d1e7caa51f04e6770234bdc1d,2.4515614999691024,0,0,1.8851038282874293e-05,1.8851038282874293e-05,0.6501068315998562
slr_to_ipod,final,,tagi_full3,0.3,17,mean3,323,451,7216,1,323,3f705627d500f769211ebd58aa6441fac3490fb7393b7e04cab2dccd03fd3d21,0.03204119997099042,0,0,0.000467961212456182,0.000467961212456182,0.7863922399090624
slr_to_ipod,final,,tagi_full3,0.3,17,mean3,323,451,7216,4,1292,f290141d6b69f7579e0d49720398bc3d9977439dbcd1a67a062aa619f842d59f,0.12640080001438037,0,0,9.440834725504927e-05,9.440834725504927e-05,0.9274563777887612
slr_to_ipod,final,,tagi_full3,0.3,17,mean3,323,451,7216,16,5168,55f90115dc7a64b94bddd740b73f5bff542ab0fcab7772e2bc8c2921f6b2a54d,0.5026386000099592,0,0,1.560669062371471e-05,1.560669062371471e-05,2.0279700936453167
slr_to_ipod,final,,tagi_full3,0.3,17,mean3,323,451,7216,64,20672,b300d49055e6cabeebaa0858b40b626dcf368ab57c4d55904d494e14cc0bce2d,1.9989631999633275,0,0,1.8937149499253082e-06,1.8937149499253082e-06,2.3424483989948595
slr_to_ipod,final,,tagi_full3,0.3,29,mean3,323,451,7216,1,323,7feca1a3663a9a56c4999dc67a07883135c4e734cf32b6736182df18385f4069,0.03204119997099042,0,0,0.00047768456469542305,0.00047768456469542305,0.7329202576185614
slr_to_ipod,final,,tagi_full3,0.3,29,mean3,323,451,7216,4,1292,186d73e349f07020f9fa4916f4aa7ecc77c028deee6ca3db6b5c39a922b167b6,0.12640080001438037,0,0,9.482244158475553e-05,9.482244158475553e-05,1.2208028430150684
slr_to_ipod,final,,tagi_full3,0.3,29,mean3,323,451,7216,16,5168,87816437ab4b35332ea21959082aea805f867c788a59f3c77b8602bb067a1cdf,0.5026386000099592,0,0,1.1844541029154749e-05,1.1844541029154749e-05,2.314176193224413
slr_to_ipod,final,,tagi_full3,0.3,29,mean3,323,451,7216,64,20672,a188a8340a1d0ce84938b811a36a6d965a939c225864eef9f404f49ee675c507,1.9989631999633275,0,0,1.5246554349825808e-06,1.5246554349825808e-06,2.5170260712151418
slr_to_ipod,final,,tagi_full3,0.3,43,mean3,323,451,7216,1,323,9c5db38c9fc06496ea2cea29fa781089f837814ba82e2a8eb8dd905d58b3b9f6,0.03204119997099042,0,0,0.00047101771452012125,0.00047101771452012125,0.7712426581695805
slr_to_ipod,final,,tagi_full3,0.3,43,mean3,323,451,7216,4,1292,a72382c7f00ca832355e95a9c68fae034ffe51e378b94f5b691810c5ee3a5343,0.12640080001438037,0,0,9.438261606173273e-05,9.438261606173273e-05,0.9390063676702065
slr_to_ipod,final,,tagi_full3,0.3,43,mean3,323,451,7216,16,5168,d21204a90e4efa8e8a28d0a8cc464751a298240ee1143aa1c7a7b603472361bf,0.5026386000099592,0,0,1.8405985792233712e-05,1.8405985792233712e-05,1.923635491905462
slr_to_ipod,final,,tagi_full3,0.3,43,mean3,323,451,7216,64,20672,55b2583010d64b56b389a92cfe4fe75bfeffea0d1e7caa51f04e6770234bdc1d,1.9989631999633275,0,0,2.269654023905394e-06,2.269654023905394e-06,2.103002509031677
ipod_to_slr,inner,0,adam,0.0003,17,raw36,380,2563,61512,1,380,69492837077e3ef998c29ce452753efd830a181eecc235fa95866638bd43ae3d,0.05040310003096238,0,0,,,0.5195874551378987
ipod_to_slr,inner,0,adam,0.0003,17,raw36,380,2563,61512,4,1520,815003dbe22e3cb3c88620d7592bc15da8ff5061b0cd0c975c558de886c72564,0.20098090003011748,0,0,,,0.5181549438178035
ipod_to_slr,inner,0,adam,0.0003,17,raw36,380,2563,61512,16,6080,4581e8107e05ce00f6505a72938cf516ffda7150fa37b1c07969f0ae7cf8ce3d,0.8074426000239328,0,0,,,0.5005458105616397
ipod_to_slr,inner,0,adam,0.0003,17,raw36,380,2563,61512,64,24320,bd0f14ee14734cf46c595f4ae168a9d44e8c5bdd4e93eff4938570e2b68f82e3,3.290540600020904,0,0,,,0.6141705076908642
ipod_to_slr,inner,0,adam,0.001,17,raw36,380,2563,61512,1,380,69492837077e3ef998c29ce452753efd830a181eecc235fa95866638bd43ae3d,0.05040310003096238,0,0,,,0.5278166483326312
ipod_to_slr,inner,0,adam,0.001,17,raw36,380,2563,61512,4,1520,815003dbe22e3cb3c88620d7592bc15da8ff5061b0cd0c975c558de886c72564,0.20098090003011748,0,0,,,0.49941456046552846
ipod_to_slr,inner,0,adam,0.001,17,raw36,380,2563,61512,16,6080,4581e8107e05ce00f6505a72938cf516ffda7150fa37b1c07969f0ae7cf8ce3d,0.8074426000239328,0,0,,,0.5555758252507753
ipod_to_slr,inner,0,adam,0.001,17,raw36,380,2563,61512,64,24320,bd0f14ee14734cf46c595f4ae168a9d44e8c5bdd4e93eff4938570e2b68f82e3,3.290540600020904,0,0,,,0.8618122117756789
ipod_to_slr,inner,0,adam,0.003,17,raw36,380,2563,61512,1,380,69492837077e3ef998c29ce452753efd830a181eecc235fa95866638bd43ae3d,0.05040310003096238,0,0,,,0.5336881737958027
ipod_to_slr,inner,0,adam,0.003,17,raw36,380,2563,61512,4,1520,815003dbe22e3cb3c88620d7592bc15da8ff5061b0cd0c975c558de886c72564,0.20098090003011748,0,0,,,0.5330533156762612
ipod_to_slr,inner,0,adam,0.003,17,raw36,380,2563,61512,16,6080,4581e8107e05ce00f6505a72938cf516ffda7150fa37b1c07969f0ae7cf8ce3d,0.8074426000239328,0,0,,,0.9304357415435903
ipod_to_slr,inner,0,adam,0.003,17,raw36,380,2563,61512,64,24320,bd0f14ee14734cf46c595f4ae168a9d44e8c5bdd4e93eff4938570e2b68f82e3,3.290540600020904,0,0,,,2.0603060012885885
ipod_to_slr,inner,0,adam,0.0003,29,raw36,380,2563,61512,1,380,ec80658eeb22803ce2396dece05783c4bbf4926bb2ab65ae5d6cbf900688f684,0.05040310003096238,0,0,,,0.48828983561486233
ipod_to_slr,inner,0,adam,0.0003,29,raw36,380,2563,61512,4,1520,977cdf30d1d5d308aa96898ed62152ecb8ac38d51ad373b2b23fbfcd6a5033ae,0.20098090003011748,0,0,,,0.4887878960259172
ipod_to_slr,inner,0,adam,0.0003,29,raw36,380,2563,61512,16,6080,79131bc62922300a00c9ea66761c8806ea30a6bed19d8ac2171a80fd4d6034d6,0.8074426000239328,0,0,,,0.4905203347667426
ipod_to_slr,inner,0,adam,0.0003,29,raw36,380,2563,61512,64,24320,fed9c272fca0888ccfb45974df0da4f74d8387cc5c779d1d94972052bd5cb060,3.290540600020904,0,0,,,0.5142873742125436
ipod_to_slr,inner,0,adam,0.001,29,raw36,380,2563,61512,1,380,ec80658eeb22803ce2396dece05783c4bbf4926bb2ab65ae5d6cbf900688f684,0.05040310003096238,0,0,,,0.4881524317063383
ipod_to_slr,inner,0,adam,0.001,29,raw36,380,2563,61512,4,1520,977cdf30d1d5d308aa96898ed62152ecb8ac38d51ad373b2b23fbfcd6a5033ae,0.20098090003011748,0,0,,,0.4912340385679686
ipod_to_slr,inner,0,adam,0.001,29,raw36,380,2563,61512,16,6080,79131bc62922300a00c9ea66761c8806ea30a6bed19d8ac2171a80fd4d6034d6,0.8074426000239328,0,0,,,0.5003332050174942
ipod_to_slr,inner,0,adam,0.001,29,raw36,380,2563,61512,64,24320,fed9c272fca0888ccfb45974df0da4f74d8387cc5c779d1d94972052bd5cb060,3.290540600020904,0,0,,,0.9895853425112235
ipod_to_slr,inner,0,adam,0.003,29,raw36,380,2563,61512,1,380,ec80658eeb22803ce2396dece05783c4bbf4926bb2ab65ae5d6cbf900688f684,0.05040310003096238,0,0,,,0.4936914992402593
ipod_to_slr,inner,0,adam,0.003,29,raw36,380,2563,61512,4,1520,977cdf30d1d5d308aa96898ed62152ecb8ac38d51ad373b2b23fbfcd6a5033ae,0.20098090003011748,0,0,,,0.49674894618931176
ipod_to_slr,inner,0,adam,0.003,29,raw36,380,2563,61512,16,6080,79131bc62922300a00c9ea66761c8806ea30a6bed19d8ac2171a80fd4d6034d6,0.8074426000239328,0,0,,,0.8726878285868942
ipod_to_slr,inner,0,adam,0.003,29,raw36,380,2563,61512,64,24320,fed9c272fca0888ccfb45974df0da4f74d8387cc5c779d1d94972052bd5cb060,3.290540600020904,0,0,,,1.9230193722486406
ipod_to_slr,inner,0,adam,0.0003,43,raw36,380,2563,61512,1,380,bca517e2093c2dd8fb3ced8f5d56c6d4bc540b5914b4856a20e4436fdaf59e32,0.05040310003096238,0,0,,,0.49304630486563916
ipod_to_slr,inner,0,adam,0.0003,43,raw36,380,2563,61512,4,1520,e9486b52f423f5debda519552d05b17c0ae700a0964856c419d5b58006d0c792,0.20098090003011748,0,0,,,0.49720146522069825
ipod_to_slr,inner,0,adam,0.0003,43,raw36,380,2563,61512,16,6080,273e102844a7c6cd3685361315deb51dec708ec523943cb8789978f4123d4b3f,0.8074426000239328,0,0,,,0.5024356877046944
ipod_to_slr,inner,0,adam,0.0003,43,raw36,380,2563,61512,64,24320,e625e3409efad37b6116176a20ec8a9a3f86bbd56f7c1d6ffb58f7d6602e6680,3.290540600020904,0,0,,,0.5166608370616271
ipod_to_slr,inner,0,adam,0.001,43,raw36,380,2563,61512,1,380,bca517e2093c2dd8fb3ced8f5d56c6d4bc540b5914b4856a20e4436fdaf59e32,0.05040310003096238,0,0,,,0.497858102020913
ipod_to_slr,inner,0,adam,0.001,43,raw36,380,2563,61512,4,1520,e9486b52f423f5debda519552d05b17c0ae700a0964856c419d5b58006d0c792,0.20098090003011748,0,0,,,0.5033532936681724
ipod_to_slr,inner,0,adam,0.001,43,raw36,380,2563,61512,16,6080,273e102844a7c6cd3685361315deb51dec708ec523943cb8789978f4123d4b3f,0.8074426000239328,0,0,,,0.4782577891896819
ipod_to_slr,inner,0,adam,0.001,43,raw36,380,2563,61512,64,24320,e625e3409efad37b6116176a20ec8a9a3f86bbd56f7c1d6ffb58f7d6602e6680,3.290540600020904,0,0,,,0.7459748342873147
ipod_to_slr,inner,0,adam,0.003,43,raw36,380,2563,61512,1,380,bca517e2093c2dd8fb3ced8f5d56c6d4bc540b5914b4856a20e4436fdaf59e32,0.05040310003096238,0,0,,,0.5203489433419037
ipod_to_slr,inner,0,adam,0.003,43,raw36,380,2563,61512,4,1520,e9486b52f423f5debda519552d05b17c0ae700a0964856c419d5b58006d0c792,0.20098090003011748,0,0,,,0.5091651065173606
ipod_to_slr,inner,0,adam,0.003,43,raw36,380,2563,61512,16,6080,273e102844a7c6cd3685361315deb51dec708ec523943cb8789978f4123d4b3f,0.8074426000239328,0,0,,,0.7926651434343783
ipod_to_slr,inner,0,adam,0.003,43,raw36,380,2563,61512,64,24320,e625e3409efad37b6116176a20ec8a9a3f86bbd56f7c1d6ffb58f7d6602e6680,3.290540600020904,0,0,,,2.2674548141157835
ipod_to_slr,inner,0,adam,0.0003,17,mean3,380,451,10824,1,380,69492837077e3ef998c29ce452753efd830a181eecc235fa95866638bd43ae3d,0.025701000005938113,0,0,,,0.5838399898398152
ipod_to_slr,inner,0,adam,0.0003,17,mean3,380,451,10824,4,1520,815003dbe22e3cb3c88620d7592bc15da8ff5061b0cd0c975c558de886c72564,0.1012580000096932,0,0,,,0.6448754283479486
ipod_to_slr,inner,0,adam,0.0003,17,mean3,380,451,10824,16,6080,4581e8107e05ce00f6505a72938cf516ffda7150fa37b1c07969f0ae7cf8ce3d,0.409640199970454,0,0,,,0.7798327532740355
ipod_to_slr,inner,0,adam,0.0003,17,mean3,380,451,10824,64,24320,bd0f14ee14734cf46c595f4ae168a9d44e8c5bdd4e93eff4938570e2b68f82e3,1.6394532999838702,0,0,,,0.8196958828485833
ipod_to_slr,inner,0,adam,0.001,17,mean3,380,451,10824,1,380,69492837077e3ef998c29ce452753efd830a181eecc235fa95866638bd43ae3d,0.025701000005938113,0,0,,,0.6197412599639933
ipod_to_slr,inner,0,adam,0.001,17,mean3,380,451,10824,4,1520,815003dbe22e3cb3c88620d7592bc15da8ff5061b0cd0c975c558de886c72564,0.1012580000096932,0,0,,,0.7662998637247271
ipod_to_slr,inner,0,adam,0.001,17,mean3,380,451,10824,16,6080,4581e8107e05ce00f6505a72938cf516ffda7150fa37b1c07969f0ae7cf8ce3d,0.409640199970454,0,0,,,0.8138168944168676
ipod_to_slr,inner,0,adam,0.001,17,mean3,380,451,10824,64,24320,bd0f14ee14734cf46c595f4ae168a9d44e8c5bdd4e93eff4938570e2b68f82e3,1.6394532999838702,0,0,,,1.3207777990824425
ipod_to_slr,inner,0,adam,0.003,17,mean3,380,451,10824,1,380,69492837077e3ef998c29ce452753efd830a181eecc235fa95866638bd43ae3d,0.025701000005938113,0,0,,,0.6876756995910783
ipod_to_slr,inner,0,adam,0.003,17,mean3,380,451,10824,4,1520,815003dbe22e3cb3c88620d7592bc15da8ff5061b0cd0c975c558de886c72564,0.1012580000096932,0,0,,,0.7322353862430534
ipod_to_slr,inner,0,adam,0.003,17,mean3,380,451,10824,16,6080,4581e8107e05ce00f6505a72938cf516ffda7150fa37b1c07969f0ae7cf8ce3d,0.409640199970454,0,0,,,0.7525608620407327
ipod_to_slr,inner,0,adam,0.003,17,mean3,380,451,10824,64,24320,bd0f14ee14734cf46c595f4ae168a9d44e8c5bdd4e93eff4938570e2b68f82e3,1.6394532999838702,0,0,,,1.561535847800669
ipod_to_slr,inner,0,adam,0.0003,29,mean3,380,451,10824,1,380,ec80658eeb22803ce2396dece05783c4bbf4926bb2ab65ae5d6cbf900688f684,0.025701000005938113,0,0,,,0.5036782949364299
ipod_to_slr,inner,0,adam,0.0003,29,mean3,380,451,10824,4,1520,977cdf30d1d5d308aa96898ed62152ecb8ac38d51ad373b2b23fbfcd6a5033ae,0.1012580000096932,0,0,,,0.5462049921892216
ipod_to_slr,inner,0,adam,0.0003,29,mean3,380,451,10824,16,6080,79131bc62922300a00c9ea66761c8806ea30a6bed19d8ac2171a80fd4d6034d6,0.409640199970454,0,0,,,0.6659762092153705
ipod_to_slr,inner,0,adam,0.0003,29,mean3,380,451,10824,64,24320,fed9c272fca0888ccfb45974df0da4f74d8387cc5c779d1d94972052bd5cb060,1.6394532999838702,0,0,,,0.793531396492708
ipod_to_slr,inner,0,adam,0.001,29,mean3,380,451,10824,1,380,ec80658eeb22803ce2396dece05783c4bbf4926bb2ab65ae5d6cbf900688f684,0.025701000005938113,0,0,,,0.5368949918559442
ipod_to_slr,inner,0,adam,0.001,29,mean3,380,451,10824,4,1520,977cdf30d1d5d308aa96898ed62152ecb8ac38d51ad373b2b23fbfcd6a5033ae,0.1012580000096932,0,0,,,0.6353125009168785
ipod_to_slr,inner,0,adam,0.001,29,mean3,380,451,10824,16,6080,79131bc62922300a00c9ea66761c8806ea30a6bed19d8ac2171a80fd4d6034d6,0.409640199970454,0,0,,,0.7180897954592812
ipod_to_slr,inner,0,adam,0.001,29,mean3,380,451,10824,64,24320,fed9c272fca0888ccfb45974df0da4f74d8387cc5c779d1d94972052bd5cb060,1.6394532999838702,0,0,,,1.0757560206436378
ipod_to_slr,inner,0,adam,0.003,29,mean3,380,451,10824,1,380,ec80658eeb22803ce2396dece05783c4bbf4926bb2ab65ae5d6cbf900688f684,0.025701000005938113,0,0,,,0.5631094882400418
ipod_to_slr,inner,0,adam,0.003,29,mean3,380,451,10824,4,1520,977cdf30d1d5d308aa96898ed62152ecb8ac38d51ad373b2b23fbfcd6a5033ae,0.1012580000096932,0,0,,,0.6439085997202053
ipod_to_slr,inner,0,adam,0.003,29,mean3,380,451,10824,16,6080,79131bc62922300a00c9ea66761c8806ea30a6bed19d8ac2171a80fd4d6034d6,0.409640199970454,0,0,,,0.8014410667262408
ipod_to_slr,inner,0,adam,0.003,29,mean3,380,451,10824,64,24320,fed9c272fca0888ccfb45974df0da4f74d8387cc5c779d1d94972052bd5cb060,1.6394532999838702,0,0,,,1.7322080043663124
ipod_to_slr,inner,0,adam,0.0003,43,mean3,380,451,10824,1,380,bca517e2093c2dd8fb3ced8f5d56c6d4bc540b5914b4856a20e4436fdaf59e32,0.025701000005938113,0,0,,,0.5170593524921937
ipod_to_slr,inner,0,adam,0.0003,43,mean3,380,451,10824,4,1520,e9486b52f423f5debda519552d05b17c0ae700a0964856c419d5b58006d0c792,0.1012580000096932,0,0,,,0.5644154940231215
ipod_to_slr,inner,0,adam,0.0003,43,mean3,380,451,10824,16,6080,273e102844a7c6cd3685361315deb51dec708ec523943cb8789978f4123d4b3f,0.409640199970454,0,0,,,0.6455026341636867
ipod_to_slr,inner,0,adam,0.0003,43,mean3,380,451,10824,64,24320,e625e3409efad37b6116176a20ec8a9a3f86bbd56f7c1d6ffb58f7d6602e6680,1.6394532999838702,0,0,,,0.8029705439930648
ipod_to_slr,inner,0,adam,0.001,43,mean3,380,451,10824,1,380,bca517e2093c2dd8fb3ced8f5d56c6d4bc540b5914b4856a20e4436fdaf59e32,0.025701000005938113,0,0,,,0.5583791241245667
ipod_to_slr,inner,0,adam,0.001,43,mean3,380,451,10824,4,1520,e9486b52f423f5debda519552d05b17c0ae700a0964856c419d5b58006d0c792,0.1012580000096932,0,0,,,0.6262531197266173
ipod_to_slr,inner,0,adam,0.001,43,mean3,380,451,10824,16,6080,273e102844a7c6cd3685361315deb51dec708ec523943cb8789978f4123d4b3f,0.409640199970454,0,0,,,0.7349585497739597
ipod_to_slr,inner,0,adam,0.001,43,mean3,380,451,10824,64,24320,e625e3409efad37b6116176a20ec8a9a3f86bbd56f7c1d6ffb58f7d6602e6680,1.6394532999838702,0,0,,,1.1300461357795863
ipod_to_slr,inner,0,adam,0.003,43,mean3,380,451,10824,1,380,bca517e2093c2dd8fb3ced8f5d56c6d4bc540b5914b4856a20e4436fdaf59e32,0.025701000005938113,0,0,,,0.6160450762578685
ipod_to_slr,inner,0,adam,0.003,43,mean3,380,451,10824,4,1520,e9486b52f423f5debda519552d05b17c0ae700a0964856c419d5b58006d0c792,0.1012580000096932,0,0,,,0.6689828922956985
ipod_to_slr,inner,0,adam,0.003,43,mean3,380,451,10824,16,6080,273e102844a7c6cd3685361315deb51dec708ec523943cb8789978f4123d4b3f,0.409640199970454,0,0,,,0.8417953876294992
ipod_to_slr,inner,0,adam,0.003,43,mean3,380,451,10824,64,24320,e625e3409efad37b6116176a20ec8a9a3f86bbd56f7c1d6ffb58f7d6602e6680,1.6394532999838702,0,0,,,1.3149732141252803
ipod_to_slr,inner,0,tagi_diag,0.1,17,raw36,380,2563,41008,1,380,69492837077e3ef998c29ce452753efd830a181eecc235fa95866638bd43ae3d,0.06420849997084588,0,0,0.0011691259072383927,0.0011691259072383927,0.5117754932121935
ipod_to_slr,inner,0,tagi_diag,0.1,17,raw36,380,2563,41008,4,1520,815003dbe22e3cb3c88620d7592bc15da8ff5061b0cd0c975c558de886c72564,0.24551209999481216,0,0,4.362743324384481e-05,4.362743324384481e-05,0.769760296722322
ipod_to_slr,inner,0,tagi_diag,0.1,17,raw36,380,2563,41008,16,6080,4581e8107e05ce00f6505a72938cf516ffda7150fa37b1c07969f0ae7cf8ce3d,0.9757200999883935,0,0,8.552167603541454e-07,8.552167603541454e-07,1.6608674810989783
ipod_to_slr,inner,0,tagi_diag,0.1,17,raw36,380,2563,41008,64,24320,bd0f14ee14734cf46c595f4ae168a9d44e8c5bdd4e93eff4938570e2b68f82e3,3.9092490000184625,0,0,9.960016439249081e-08,9.960016439249081e-08,1.8171017478681388
ipod_to_slr,inner,0,tagi_diag,0.3,17,raw36,380,2563,41008,1,380,69492837077e3ef998c29ce452753efd830a181eecc235fa95866638bd43ae3d,0.06420849997084588,0,0,0.0015580604316732124,0.0015580604316732124,0.5137754300280877
ipod_to_slr,inner,0,tagi_diag,0.3,17,raw36,380,2563,41008,4,1520,815003dbe22e3cb3c88620d7592bc15da8ff5061b0cd0c975c558de886c72564,0.24551209999481216,0,0,0.00020592265591188813,0.00020592265591188813,0.570295574819948
ipod_to_slr,inner,0,tagi_diag,0.3,17,raw36,380,2563,41008,16,6080,4581e8107e05ce00f6505a72938cf516ffda7150fa37b1c07969f0ae7cf8ce3d,0.9757200999883935,0,0,1.1396861714472571e-05,1.1396861714472571e-05,0.7789218130811001
ipod_to_slr,inner,0,tagi_diag,0.3,17,raw36,380,2563,41008,64,24320,bd0f14ee14734cf46c595f4ae168a9d44e8c5bdd4e93eff4938570e2b68f82e3,3.9092490000184625,0,0,9.412983658290367e-07,9.412983658290367e-07,0.8794040486912078
ipod_to_slr,inner,0,tagi_diag,1.0,17,raw36,380,2563,41008,1,380,69492837077e3ef998c29ce452753efd830a181eecc235fa95866638bd43ae3d,0.06420849997084588,0,0,0.003511131220315416,0.003511131220315416,0.5213621135207035
ipod_to_slr,inner,0,tagi_diag,1.0,17,raw36,380,2563,41008,4,1520,815003dbe22e3cb3c88620d7592bc15da8ff5061b0cd0c975c558de886c72564,0.24551209999481216,0,0,0.000991957354768564,0.000991957354768564,0.5323042686824199
ipod_to_slr,inner,0,tagi_diag,1.0,17,raw36,380,2563,41008,16,6080,4581e8107e05ce00f6505a72938cf516ffda7150fa37b1c07969f0ae7cf8ce3d,0.9757200999883935,0,0,0.00017385938491591682,0.00017385938491591682,0.5519863511850333
ipod_to_slr,inner,0,tagi_diag,1.0,17,raw36,380,2563,41008,64,24320,bd0f14ee14734cf46c595f4ae168a9d44e8c5bdd4e93eff4938570e2b68f82e3,3.9092490000184625,0,0,1.897533428640204e-05,1.897533428640204e-05,0.6162927828155018
ipod_to_slr,inner,0,tagi_diag,0.1,29,raw36,380,2563,41008,1,380,ec80658eeb22803ce2396dece05783c4bbf4926bb2ab65ae5d6cbf900688f684,0.06420849997084588,0,0,0.0011950870875561184,0.0011950870875561184,0.49473022143644424
ipod_to_slr,inner,0,tagi_diag,0.1,29,raw36,380,2563,41008,4,1520,977cdf30d1d5d308aa96898ed62152ecb8ac38d51ad373b2b23fbfcd6a5033ae,0.24551209999481216,0,0,3.596409390901361e-05,3.596409390901361e-05,0.7105493957727312
ipod_to_slr,inner,0,tagi_diag,0.1,29,raw36,380,2563,41008,16,6080,79131bc62922300a00c9ea66761c8806ea30a6bed19d8ac2171a80fd4d6034d6,0.9757200999883935,0,0,8.938410542447144e-07,8.938410542447144e-07,1.3932659666551621
ipod_to_slr,inner,0,tagi_diag,0.1,29,raw36,380,2563,41008,64,24320,fed9c272fca0888ccfb45974df0da4f74d8387cc5c779d1d94972052bd5cb060,3.9092490000184625,0,0,8.867577390646449e-08,8.867577390646449e-08,1.683541637365415
ipod_to_slr,inner,0,tagi_diag,0.3,29,raw36,380,2563,41008,1,380,ec80658eeb22803ce2396dece05783c4bbf4926bb2ab65ae5d6cbf900688f684,0.06420849997084588,0,0,0.0015716029460579783,0.0015716029460579783,0.4785200188206253
ipod_to_slr,inner,0,tagi_diag,0.3,29,raw36,380,2563,41008,4,1520,977cdf30d1d5d308aa96898ed62152ecb8ac38d51ad373b2b23fbfcd6a5033ae,0.24551209999481216,0,0,0.0002076915566562548,0.0002076915566562548,0.49019283450097234
ipod_to_slr,inner,0,tagi_diag,0.3,29,raw36,380,2563,41008,16,6080,79131bc62922300a00c9ea66761c8806ea30a6bed19d8ac2171a80fd4d6034d6,0.9757200999883935,0,0,1.6016629911663653e-05,1.6016629911663653e-05,0.7176315492471245
ipod_to_slr,inner,0,tagi_diag,0.3,29,raw36,380,2563,41008,64,24320,fed9c272fca0888ccfb45974df0da4f74d8387cc5c779d1d94972052bd5cb060,3.9092490000184625,0,0,2.5791186385789183e-06,2.5791186385789183e-06,0.8673152793215757
ipod_to_slr,inner,0,tagi_diag,1.0,29,raw36,380,2563,41008,1,380,ec80658eeb22803ce2396dece05783c4bbf4926bb2ab65ae5d6cbf900688f684,0.06420849997084588,0,0,0.0035282585919382786,0.0035282585919382786,0.4892879436741434
ipod_to_slr,inner,0,tagi_diag,1.0,29,raw36,380,2563,41008,4,1520,977cdf30d1d5d308aa96898ed62152ecb8ac38d51ad373b2b23fbfcd6a5033ae,0.24551209999481216,0,0,0.0010128929702318734,0.0010128929702318734,0.4892793257967346
ipod_to_slr,inner,0,tagi_diag,1.0,29,raw36,380,2563,41008,16,6080,79131bc62922300a00c9ea66761c8806ea30a6bed19d8ac2171a80fd4d6034d6,0.9757200999883935,0,0,0.00017076829788488477,0.00017076829788488477,0.49223650110440553
ipod_to_slr,inner,0,tagi_diag,1.0,29,raw36,380,2563,41008,64,24320,fed9c272fca0888ccfb45974df0da4f74d8387cc5c779d1d94972052bd5cb060,3.9092490000184625,0,0,2.11161794461363e-05,2.11161794461363e-05,0.4878713829795821
ipod_to_slr,inner,0,tagi_diag,0.1,43,raw36,380,2563,41008,1,380,bca517e2093c2dd8fb3ced8f5d56c6d4bc540b5914b4856a20e4436fdaf59e32,0.06420849997084588,0,0,0.000740002176146107,0.000740002176146107,0.48378464862319365
ipod_to_slr,inner,0,tagi_diag,0.1,43,raw36,380,2563,41008,4,1520,e9486b52f423f5debda519552d05b17c0ae700a0964856c419d5b58006d0c792,0.24551209999481216,0,0,2.9748725738952384e-05,2.9748725738952384e-05,0.7256562723132886
ipod_to_slr,inner,0,tagi_diag,0.1,43,raw36,380,2563,41008,16,6080,273e102844a7c6cd3685361315deb51dec708ec523943cb8789978f4123d4b3f,0.9757200999883935,0,0,7.249614252375693e-07,7.249614252375693e-07,1.2766409865576738
ipod_to_slr,inner,0,tagi_diag,0.1,43,raw36,380,2563,41008,64,24320,e625e3409efad37b6116176a20ec8a9a3f86bbd56f7c1d6ffb58f7d6602e6680,3.9092490000184625,0,0,5.1737202150204406e-08,5.1737202150204406e-08,1.6019558464360613
ipod_to_slr,inner,0,tagi_diag,0.3,43,raw36,380,2563,41008,1,380,bca517e2093c2dd8fb3ced8f5d56c6d4bc540b5914b4856a20e4436fdaf59e32,0.06420849997084588,0,0,0.0010120169528110192,0.0010120169528110192,0.5068952792960465
ipod_to_slr,inner,0,tagi_diag,0.3,43,raw36,380,2563,41008,4,1520,e9486b52f423f5debda519552d05b17c0ae700a0964856c419d5b58006d0c792,0.24551209999481216,0,0,0.00015737931700805365,0.00015737931700805365,0.5263752367672581
ipod_to_slr,inner,0,tagi_diag,0.3,43,raw36,380,2563,41008,16,6080,273e102844a7c6cd3685361315deb51dec708ec523943cb8789978f4123d4b3f,0.9757200999883935,0,0,1.5600705247990415e-05,1.5600705247990415e-05,0.6964820654462615
ipod_to_slr,inner,0,tagi_diag,0.3,43,raw36,380,2563,41008,64,24320,e625e3409efad37b6116176a20ec8a9a3f86bbd56f7c1d6ffb58f7d6602e6680,3.9092490000184625,0,0,1.5095571365097754e-06,1.5095571365097754e-06,0.7883716938839542
ipod_to_slr,inner,0,tagi_diag,1.0,43,raw36,380,2563,41008,1,380,bca517e2093c2dd8fb3ced8f5d56c6d4bc540b5914b4856a20e4436fdaf59e32,0.06420849997084588,0,0,0.002280759626354895,0.002280759626354895,0.49009393286823116
ipod_to_slr,inner,0,tagi_diag,1.0,43,raw36,380,2563,41008,4,1520,e9486b52f423f5debda519552d05b17c0ae700a0964856c419d5b58006d0c792,0.24551209999481216,0,0,0.0005868149647527245,0.0005868149647527245,0.4791609601326394
ipod_to_slr,inner,0,tagi_diag,1.0,43,raw36,380,2563,41008,16,6080,273e102844a7c6cd3685361315deb51dec708ec523943cb8789978f4123d4b3f,0.9757200999883935,0,0,8.940540474814781e-05,8.940540474814781e-05,0.4908030145310042
ipod_to_slr,inner,0,tagi_diag,1.0,43,raw36,380,2563,41008,64,24320,e625e3409efad37b6116176a20ec8a9a3f86bbd56f7c1d6ffb58f7d6602e6680,3.9092490000184625,0,0,1.2961510604454898e-05,1.2961510604454898e-05,0.5076230810844792
ipod_to_slr,inner,0,tagi_diag,0.1,17,mean3,380,451,7216,1,380,69492837077e3ef998c29ce452753efd830a181eecc235fa95866638bd43ae3d,0.038003899971954525,0,0,0.00010172291347685491,0.00010172291347685491,0.9028351903951266
ipod_to_slr,inner,0,tagi_diag,0.1,17,mean3,380,451,7216,4,1520,815003dbe22e3cb3c88620d7592bc15da8ff5061b0cd0c975c558de886c72564,0.15272879996336997,0,0,9.890965161481202e-06,9.890965161481202e-06,1.0188610194003331
ipod_to_slr,inner,0,tagi_diag,0.1,17,mean3,380,451,7216,16,6080,4581e8107e05ce00f6505a72938cf516ffda7150fa37b1c07969f0ae7cf8ce3d,0.6057463999604806,0,0,1.8422213437577634e-06,1.8422213437577634e-06,1.1039439146012529
ipod_to_slr,inner,0,tagi_diag,0.1,17,mean3,380,451,7216,64,24320,bd0f14ee14734cf46c595f4ae168a9d44e8c5bdd4e93eff4938570e2b68f82e3,2.4110886999987997,0,0,4.2555263889626466e-07,4.2555263889626466e-07,1.7856521524980946
ipod_to_slr,inner,0,tagi_diag,0.3,17,mean3,380,451,7216,1,380,69492837077e3ef998c29ce452753efd830a181eecc235fa95866638bd43ae3d,0.038003899971954525,0,0,0.0004591642336283047,0.0004591642336283047,0.737427699597362
ipod_to_slr,inner,0,tagi_diag,0.3,17,mean3,380,451,7216,4,1520,815003dbe22e3cb3c88620d7592bc15da8ff5061b0cd0c975c558de886c72564,0.15272879996336997,0,0,8.227108230799816e-05,8.227108230799816e-05,0.7992087487328013
ipod_to_slr,inner,0,tagi_diag,0.3,17,mean3,380,451,7216,16,6080,4581e8107e05ce00f6505a72938cf516ffda7150fa37b1c07969f0ae7cf8ce3d,0.6057463999604806,0,0,1.6729519068425495e-05,1.6729519068425495e-05,0.9921576430132171
ipod_to_slr,inner,0,tagi_diag,0.3,17,mean3,380,451,7216,64,24320,bd0f14ee14734cf46c595f4ae168a9d44e8c5bdd4e93eff4938570e2b68f82e3,2.4110886999987997,0,0,3.6142641722612566e-06,3.6142641722612566e-06,1.568238085005664
ipod_to_slr,inner,0,tagi_diag,1.0,17,mean3,380,451,7216,1,380,69492837077e3ef998c29ce452753efd830a181eecc235fa95866638bd43ae3d,0.038003899971954525,0,0,0.0024438524913573648,0.0024438524913573648,0.702296947968101
ipod_to_slr,inner,0,tagi_diag,1.0,17,mean3,380,451,7216,4,1520,815003dbe22e3cb3c88620d7592bc15da8ff5061b0cd0c975c558de886c72564,0.15272879996336997,0,0,0.0007059035737615648,0.0007059035737615648,0.7778597140248842
ipod_to_slr,inner,0,tagi_diag,1.0,17,mean3,380,451,7216,16,6080,4581e8107e05ce00f6505a72938cf516ffda7150fa37b1c07969f0ae7cf8ce3d,0.6057463999604806,0,0,0.0001734502517525282,0.0001734502517525282,0.8155899255609415
ipod_to_slr,inner,0,tagi_diag,1.0,17,mean3,380,451,7216,64,24320,bd0f14ee14734cf46c595f4ae168a9d44e8c5bdd4e93eff4938570e2b68f82e3,2.4110886999987997,0,0,4.206237379209275e-05,4.206237379209275e-05,1.1761959077204431
ipod_to_slr,inner,0,tagi_diag,0.1,29,mean3,380,451,7216,1,380,ec80658eeb22803ce2396dece05783c4bbf4926bb2ab65ae5d6cbf900688f684,0.038003899971954525,0,0,0.00010622393869584005,0.00010622393869584005,1.0005510351275522
ipod_to_slr,inner,0,tagi_diag,0.1,29,mean3,380,451,7216,4,1520,977cdf30d1d5d308aa96898ed62152ecb8ac38d51ad373b2b23fbfcd6a5033ae,0.15272879996336997,0,0,9.940705595518179e-06,9.940705595518179e-06,0.9832194444322683
ipod_to_slr,inner,0,tagi_diag,0.1,29,mean3,380,451,7216,16,6080,79131bc62922300a00c9ea66761c8806ea30a6bed19d8ac2171a80fd4d6034d6,0.6057463999604806,0,0,1.8467429189110556e-06,1.8467429189110556e-06,1.1402003683651947
ipod_to_slr,inner,0,tagi_diag,0.1,29,mean3,380,451,7216,64,24320,fed9c272fca0888ccfb45974df0da4f74d8387cc5c779d1d94972052bd5cb060,2.4110886999987997,0,0,3.9975235115011956e-07,3.9975235115011956e-07,1.998035663782309
ipod_to_slr,inner,0,tagi_diag,0.3,29,mean3,380,451,7216,1,380,ec80658eeb22803ce2396dece05783c4bbf4926bb2ab65ae5d6cbf900688f684,0.038003899971954525,0,0,0.0004702230692529392,0.0004702230692529392,0.7648368077623283
ipod_to_slr,inner,0,tagi_diag,0.3,29,mean3,380,451,7216,4,1520,977cdf30d1d5d308aa96898ed62152ecb8ac38d51ad373b2b23fbfcd6a5033ae,0.15272879996336997,0,0,8.348511313252238e-05,8.348511313252238e-05,0.7349848815589023
ipod_to_slr,inner,0,tagi_diag,0.3,29,mean3,380,451,7216,16,6080,79131bc62922300a00c9ea66761c8806ea30a6bed19d8ac2171a80fd4d6034d6,0.6057463999604806,0,0,1.679495991963515e-05,1.679495991963515e-05,0.9930794683638339
ipod_to_slr,inner,0,tagi_diag,0.3,29,mean3,380,451,7216,64,24320,fed9c272fca0888ccfb45974df0da4f74d8387cc5c779d1d94972052bd5cb060,2.4110886999987997,0,0,3.859068594724283e-06,3.859068594724283e-06,1.1692479613631557
ipod_to_slr,inner,0,tagi_diag,1.0,29,mean3,380,451,7216,1,380,ec80658eeb22803ce2396dece05783c4bbf4926bb2ab65ae5d6cbf900688f684,0.038003899971954525,0,0,0.0024722922138602633,0.0024722922138602633,0.6682468137170399
ipod_to_slr,inner,0,tagi_diag,1.0,29,mean3,380,451,7216,4,1520,977cdf30d1d5d308aa96898ed62152ecb8ac38d51ad373b2b23fbfcd6a5033ae,0.15272879996336997,0,0,0.0007115774708207186,0.0007115774708207186,0.6695421143756429
ipod_to_slr,inner,0,tagi_diag,1.0,29,mean3,380,451,7216,16,6080,79131bc62922300a00c9ea66761c8806ea30a6bed19d8ac2171a80fd4d6034d6,0.6057463999604806,0,0,0.00017428542950752627,0.00017428542950752627,0.6681172922386427
ipod_to_slr,inner,0,tagi_diag,1.0,29,mean3,380,451,7216,64,24320,fed9c272fca0888ccfb45974df0da4f74d8387cc5c779d1d94972052bd5cb060,2.4110886999987997,0,0,4.2152035555272396e-05,4.2152035555272396e-05,1.0411573954210054
ipod_to_slr,inner,0,tagi_diag,0.1,43,mean3,380,451,7216,1,380,bca517e2093c2dd8fb3ced8f5d56c6d4bc540b5914b4856a20e4436fdaf59e32,0.038003899971954525,0,0,9.1002098200773e-05,9.1002098200773e-05,0.8466819897829359
ipod_to_slr,inner,0,tagi_diag,0.1,43,mean3,380,451,7216,4,1520,e9486b52f423f5debda519552d05b17c0ae700a0964856c419d5b58006d0c792,0.15272879996336997,0,0,9.476492373855216e-06,9.476492373855216e-06,0.8349357035913872
ipod_to_slr,inner,0,tagi_diag,0.1,43,mean3,380,451,7216,16,6080,273e102844a7c6cd3685361315deb51dec708ec523943cb8789978f4123d4b3f,0.6057463999604806,0,0,1.8265495701512907e-06,1.8265495701512907e-06,1.1184136733425085
ipod_to_slr,inner,0,tagi_diag,0.1,43,mean3,380,451,7216,64,24320,e625e3409efad37b6116176a20ec8a9a3f86bbd56f7c1d6ffb58f7d6602e6680,2.4110886999987997,0,0,4.2416367795478825e-07,4.2416367795478825e-07,1.5400432286768084
ipod_to_slr,inner,0,tagi_diag,0.3,43,mean3,380,451,7216,1,380,bca517e2093c2dd8fb3ced8f5d56c6d4bc540b5914b4856a20e4436fdaf59e32,0.038003899971954525,0,0,0.0004669871039571694,0.0004669871039571694,0.603108448981897
ipod_to_slr,inner,0,tagi_diag,0.3,43,mean3,380,451,7216,4,1520,e9486b52f423f5debda519552d05b17c0ae700a0964856c419d5b58006d0c792,0.15272879996336997,0,0,8.296028066009989e-05,8.296028066009989e-05,0.672413979295388
ipod_to_slr,inner,0,tagi_diag,0.3,43,mean3,380,451,7216,16,6080,273e102844a7c6cd3685361315deb51dec708ec523943cb8789978f4123d4b3f,0.6057463999604806,0,0,1.666450922393542e-05,1.666450922393542e-05,1.0292051819877324
ipod_to_slr,inner,0,tagi_diag,0.3,43,mean3,380,451,7216,64,24320,e625e3409efad37b6116176a20ec8a9a3f86bbd56f7c1d6ffb58f7d6602e6680,2.4110886999987997,0,0,3.6619522121105667e-06,3.6619522121105667e-06,1.3408033537982824
ipod_to_slr,inner,0,tagi_diag,1.0,43,mean3,380,451,7216,1,380,bca517e2093c2dd8fb3ced8f5d56c6d4bc540b5914b4856a20e4436fdaf59e32,0.038003899971954525,0,0,0.002460933514444395,0.002460933514444395,0.5441420916213381
ipod_to_slr,inner,0,tagi_diag,1.0,43,mean3,380,451,7216,4,1520,e9486b52f423f5debda519552d05b17c0ae700a0964856c419d5b58006d0c792,0.15272879996336997,0,0,0.0007134112488582685,0.0007134112488582685,0.5864515549236706
ipod_to_slr,inner,0,tagi_diag,1.0,43,mean3,380,451,7216,16,6080,273e102844a7c6cd3685361315deb51dec708ec523943cb8789978f4123d4b3f,0.6057463999604806,0,0,0.0001745648956686508,0.0001745648956686508,0.6153028440005818
ipod_to_slr,inner,0,tagi_diag,1.0,43,mean3,380,451,7216,64,24320,e625e3409efad37b6116176a20ec8a9a3f86bbd56f7c1d6ffb58f7d6602e6680,2.4110886999987997,0,0,4.217031816581364e-05,4.217031816581364e-05,0.9268997041133886
ipod_to_slr,inner,0,tagi_full3,0.1,17,raw36,380,2563,41008,1,380,69492837077e3ef998c29ce452753efd830a181eecc235fa95866638bd43ae3d,0.07202130003133789,0,0,0.001157985858923333,0.001157985858923333,0.5198278482972404
ipod_to_slr,inner,0,tagi_full3,0.1,17,raw36,380,2563,41008,4,1520,815003dbe22e3cb3c88620d7592bc15da8ff5061b0cd0c975c558de886c72564,0.2843622000073083,0,0,3.276604284295612e-05,3.276604284295612e-05,0.6383213979173084
ipod_to_slr,inner,0,tagi_full3,0.1,17,raw36,380,2563,41008,16,6080,4581e8107e05ce00f6505a72938cf516ffda7150fa37b1c07969f0ae7cf8ce3d,1.1625821000197902,0,0,1.0080691810170718e-06,1.0080691810170718e-06,0.9255108603333444
ipod_to_slr,inner,0,tagi_full3,0.1,17,raw36,380,2563,41008,64,24320,bd0f14ee14734cf46c595f4ae168a9d44e8c5bdd4e93eff4938570e2b68f82e3,4.566409500024747,0,0,9.810024156865288e-08,9.810024156865288e-08,1.3879074230183808
ipod_to_slr,inner,0,tagi_full3,0.3,17,raw36,380,2563,41008,1,380,69492837077e3ef998c29ce452753efd830a181eecc235fa95866638bd43ae3d,0.07202130003133789,0,0,0.0015486931174740017,0.0015486931174740017,0.5151517032691715
ipod_to_slr,inner,0,tagi_full3,0.3,17,raw36,380,2563,41008,4,1520,815003dbe22e3cb3c88620d7592bc15da8ff5061b0cd0c975c558de886c72564,0.2843622000073083,0,0,0.0001953993243669016,0.0001953993243669016,0.5628389417178383
ipod_to_slr,inner,0,tagi_full3,0.3,17,raw36,380,2563,41008,16,6080,4581e8107e05ce00f6505a72938cf516ffda7150fa37b1c07969f0ae7cf8ce3d,1.1625821000197902,0,0,1.2116923726148939e-05,1.2116923726148939e-05,0.7893106571874839
ipod_to_slr,inner,0,tagi_full3,0.3,17,raw36,380,2563,41008,64,24320,bd0f14ee14734cf46c595f4ae168a9d44e8c5bdd4e93eff4938570e2b68f82e3,4.566409500024747,0,0,1.0898227024844075e-06,1.0898227024844075e-06,0.9111657097338667
ipod_to_slr,inner,0,tagi_full3,1.0,17,raw36,380,2563,41008,1,380,69492837077e3ef998c29ce452753efd830a181eecc235fa95866638bd43ae3d,0.07202130003133789,0,0,0.003507617689719106,0.003507617689719106,0.5209484989000257
ipod_to_slr,inner,0,tagi_full3,1.0,17,raw36,380,2563,41008,4,1520,815003dbe22e3cb3c88620d7592bc15da8ff5061b0cd0c975c558de886c72564,0.2843622000073083,0,0,0.0009911457395455471,0.0009911457395455471,0.5210754319616979
ipod_to_slr,inner,0,tagi_full3,1.0,17,raw36,380,2563,41008,16,6080,4581e8107e05ce00f6505a72938cf516ffda7150fa37b1c07969f0ae7cf8ce3d,1.1625821000197902,0,0,0.00018513553530704103,0.00018513553530704103,0.5416452331768512
ipod_to_slr,inner,0,tagi_full3,1.0,17,raw36,380,2563,41008,64,24320,bd0f14ee14734cf46c595f4ae168a9d44e8c5bdd4e93eff4938570e2b68f82e3,4.566409500024747,0,0,2.0593254121206395e-05,2.0593254121206395e-05,0.6301763719230711
ipod_to_slr,inner,0,tagi_full3,0.1,29,raw36,380,2563,41008,1,380,ec80658eeb22803ce2396dece05783c4bbf4926bb2ab65ae5d6cbf900688f684,0.07202130003133789,0,0,0.001176186051939675,0.001176186051939675,0.4795495870651685
ipod_to_slr,inner,0,tagi_full3,0.1,29,raw36,380,2563,41008,4,1520,977cdf30d1d5d308aa96898ed62152ecb8ac38d51ad373b2b23fbfcd6a5033ae,0.2843622000073083,0,0,2.458169611573013e-05,2.458169611573013e-05,0.6535914293478816
ipod_to_slr,inner,0,tagi_full3,0.1,29,raw36,380,2563,41008,16,6080,79131bc62922300a00c9ea66761c8806ea30a6bed19d8ac2171a80fd4d6034d6,1.1625821000197902,0,0,7.025406452138734e-07,7.025406452138734e-07,1.2464486950971259
ipod_to_slr,inner,0,tagi_full3,0.1,29,raw36,380,2563,41008,64,24320,fed9c272fca0888ccfb45974df0da4f74d8387cc5c779d1d94972052bd5cb060,4.566409500024747,0,0,1.0002990345992873e-07,1.0002990345992873e-07,1.6769520895314212
ipod_to_slr,inner,0,tagi_full3,0.3,29,raw36,380,2563,41008,1,380,ec80658eeb22803ce2396dece05783c4bbf4926bb2ab65ae5d6cbf900688f684,0.07202130003133789,0,0,0.001560842977508922,0.001560842977508922,0.47836751832509605
ipod_to_slr,inner,0,tagi_full3,0.3,29,raw36,380,2563,41008,4,1520,977cdf30d1d5d308aa96898ed62152ecb8ac38d51ad373b2b23fbfcd6a5033ae,0.2843622000073083,0,0,0.00021025924505809135,0.00021025924505809135,0.469145245682983
ipod_to_slr,inner,0,tagi_full3,0.3,29,raw36,380,2563,41008,16,6080,79131bc62922300a00c9ea66761c8806ea30a6bed19d8ac2171a80fd4d6034d6,1.1625821000197902,0,0,2.5213026967538842e-05,2.5213026967538842e-05,0.6999958459033488
ipod_to_slr,inner,0,tagi_full3,0.3,29,raw36,380,2563,41008,64,24320,fed9c272fca0888ccfb45974df0da4f74d8387cc5c779d1d94972052bd5cb060,4.566409500024747,0,0,2.8662626034902626e-06,2.8662626034902626e-06,0.8316945825142554
ipod_to_slr,inner,0,tagi_full3,1.0,29,raw36,380,2563,41008,1,380,ec80658eeb22803ce2396dece05783c4bbf4926bb2ab65ae5d6cbf900688f684,0.07202130003133789,0,0,0.0035249136303012046,0.0035249136303012046,0.48962462360527415
ipod_to_slr,inner,0,tagi_full3,1.0,29,raw36,380,2563,41008,4,1520,977cdf30d1d5d308aa96898ed62152ecb8ac38d51ad373b2b23fbfcd6a5033ae,0.2843622000073083,0,0,0.0010121727440155308,0.0010121727440155308,0.4890811407783122
ipod_to_slr,inner,0,tagi_full3,1.0,29,raw36,380,2563,41008,16,6080,79131bc62922300a00c9ea66761c8806ea30a6bed19d8ac2171a80fd4d6034d6,1.1625821000197902,0,0,0.0001709547568591694,0.0001709547568591694,0.4859122590394402
ipod_to_slr,inner,0,tagi_full3,1.0,29,raw36,380,2563,41008,64,24320,fed9c272fca0888ccfb45974df0da4f74d8387cc5c779d1d94972052bd5cb060,4.566409500024747,0,0,2.1282886139865534e-05,2.1282886139865534e-05,0.49531394745622215
ipod_to_slr,inner,0,tagi_full3,0.1,43,raw36,380,2563,41008,1,380,bca517e2093c2dd8fb3ced8f5d56c6d4bc540b5914b4856a20e4436fdaf59e32,0.07202130003133789,0,0,0.0007446214055012839,0.0007446214055012839,0.47596825231332907
ipod_to_slr,inner,0,tagi_full3,0.1,43,raw36,380,2563,41008,4,1520,e9486b52f423f5debda519552d05b17c0ae700a0964856c419d5b58006d0c792,0.2843622000073083,0,0,2.811913655071359e-05,2.811913655071359e-05,0.6929633067727395
ipod_to_slr,inner,0,tagi_full3,0.1,43,raw36,380,2563,41008,16,6080,273e102844a7c6cd3685361315deb51dec708ec523943cb8789978f4123d4b3f,1.1625821000197902,0,0,7.266045923762245e-07,7.266045923762245e-07,1.357587344398558
ipod_to_slr,inner,0,tagi_full3,0.1,43,raw36,380,2563,41008,64,24320,e625e3409efad37b6116176a20ec8a9a3f86bbd56f7c1d6ffb58f7d6602e6680,4.566409500024747,0,0,5.8518379686764136e-08,5.8518379686764136e-08,1.6852498486599752
ipod_to_slr,inner,0,tagi_full3,0.3,43,raw36,380,2563,41008,1,380,bca517e2093c2dd8fb3ced8f5d56c6d4bc540b5914b4856a20e4436fdaf59e32,0.07202130003133789,0,0,0.000983613267576513,0.000983613267576513,0.4944246130579997
ipod_to_slr,inner,0,tagi_full3,0.3,43,raw36,380,2563,41008,4,1520,e9486b52f423f5debda519552d05b17c0ae700a0964856c419d5b58006d0c792,0.2843622000073083,0,0,0.00011765045005084791,0.00011765045005084791,0.49657208689255955
ipod_to_slr,inner,0,tagi_full3,0.3,43,raw36,380,2563,41008,16,6080,273e102844a7c6cd3685361315deb51dec708ec523943cb8789978f4123d4b3f,1.1625821000197902,0,0,1.3168528026393871e-05,1.3168528026393871e-05,0.6889768479443147
ipod_to_slr,inner,0,tagi_full3,0.3,43,raw36,380,2563,41008,64,24320,e625e3409efad37b6116176a20ec8a9a3f86bbd56f7c1d6ffb58f7d6602e6680,4.566409500024747,0,0,1.3943489516143286e-06,1.3943489516143286e-06,0.7524781897352812
ipod_to_slr,inner,0,tagi_full3,1.0,43,raw36,380,2563,41008,1,380,bca517e2093c2dd8fb3ced8f5d56c6d4bc540b5914b4856a20e4436fdaf59e32,0.07202130003133789,0,0,0.002265591762301663,0.002265591762301663,0.4943221750803757
ipod_to_slr,inner,0,tagi_full3,1.0,43,raw36,380,2563,41008,4,1520,e9486b52f423f5debda519552d05b17c0ae700a0964856c419d5b58006d0c792,0.2843622000073083,0,0,0.0005742459074282124,0.0005742459074282124,0.4703637010643141
ipod_to_slr,inner,0,tagi_full3,1.0,43,raw36,380,2563,41008,16,6080,273e102844a7c6cd3685361315deb51dec708ec523943cb8789978f4123d4b3f,1.1625821000197902,0,0,8.304949100770006e-05,8.304949100770006e-05,0.4746636311672811
ipod_to_slr,inner,0,tagi_full3,1.0,43,raw36,380,2563,41008,64,24320,e625e3409efad37b6116176a20ec8a9a3f86bbd56f7c1d6ffb58f7d6602e6680,4.566409500024747,0,0,1.1009030717550036e-05,1.1009030717550036e-05,0.4981796012271848
ipod_to_slr,inner,0,tagi_full3,0.1,17,mean3,380,451,7216,1,380,69492837077e3ef998c29ce452753efd830a181eecc235fa95866638bd43ae3d,0.047351600020192564,0,0,0.00010179019077475545,0.00010179019077475545,0.9042574784594201
ipod_to_slr,inner,0,tagi_full3,0.1,17,mean3,380,451,7216,4,1520,815003dbe22e3cb3c88620d7592bc15da8ff5061b0cd0c975c558de886c72564,0.18841870001051575,0,0,9.89198635090522e-06,9.89198635090522e-06,1.013272020814706
ipod_to_slr,inner,0,tagi_full3,0.1,17,mean3,380,451,7216,16,6080,4581e8107e05ce00f6505a72938cf516ffda7150fa37b1c07969f0ae7cf8ce3d,0.750147900020238,0,0,1.846109391564456e-06,1.846109391564456e-06,1.193932735577221
ipod_to_slr,inner,0,tagi_full3,0.1,17,mean3,380,451,7216,64,24320,bd0f14ee14734cf46c595f4ae168a9d44e8c5bdd4e93eff4938570e2b68f82e3,3.014496700023301,0,0,3.083621686932251e-07,3.083621686932251e-07,1.3161947547671347
ipod_to_slr,inner,0,tagi_full3,0.3,17,mean3,380,451,7216,1,380,69492837077e3ef998c29ce452753efd830a181eecc235fa95866638bd43ae3d,0.047351600020192564,0,0,0.00045931625473773983,0.00045931625473773983,0.7397198713128749
ipod_to_slr,inner,0,tagi_full3,0.3,17,mean3,380,451,7216,4,1520,815003dbe22e3cb3c88620d7592bc15da8ff5061b0cd0c975c558de886c72564,0.18841870001051575,0,0,8.200363316444417e-05,8.200363316444417e-05,0.8008231454914889
ipod_to_slr,inner,0,tagi_full3,0.3,17,mean3,380,451,7216,16,6080,4581e8107e05ce00f6505a72938cf516ffda7150fa37b1c07969f0ae7cf8ce3d,0.750147900020238,0,0,1.6678705773943074e-05,1.6678705773943074e-05,1.1126680008343939
ipod_to_slr,inner,0,tagi_full3,0.3,17,mean3,380,451,7216,64,24320,bd0f14ee14734cf46c595f4ae168a9d44e8c5bdd4e93eff4938570e2b68f82e3,3.014496700023301,0,0,3.0624170306389884e-06,3.0624170306389884e-06,1.8055005646029518
ipod_to_slr,inner,0,tagi_full3,1.0,17,mean3,380,451,7216,1,380,69492837077e3ef998c29ce452753efd830a181eecc235fa95866638bd43ae3d,0.047351600020192564,0,0,0.00244370945624465,0.00244370945624465,0.7025458995678147
ipod_to_slr,inner,0,tagi_full3,1.0,17,mean3,380,451,7216,4,1520,815003dbe22e3cb3c88620d7592bc15da8ff5061b0cd0c975c558de886c72564,0.18841870001051575,0,0,0.0007059000135706797,0.0007059000135706797,0.785066062500617
ipod_to_slr,inner,0,tagi_full3,1.0,17,mean3,380,451,7216,16,6080,4581e8107e05ce00f6505a72938cf516ffda7150fa37b1c07969f0ae7cf8ce3d,0.750147900020238,0,0,0.0001734432616226225,0.0001734432616226225,0.8286377561408071
ipod_to_slr,inner,0,tagi_full3,1.0,17,mean3,380,451,7216,64,24320,bd0f14ee14734cf46c595f4ae168a9d44e8c5bdd4e93eff4938570e2b68f82e3,3.014496700023301,0,0,4.206332789015634e-05,4.206332789015634e-05,1.1739061187102706
ipod_to_slr,inner,0,tagi_full3,0.1,29,mean3,380,451,7216,1,380,ec80658eeb22803ce2396dece05783c4bbf4926bb2ab65ae5d6cbf900688f684,0.047351600020192564,0,0,0.0001058443865601067,0.0001058443865601067,0.9987806460219895
ipod_to_slr,inner,0,tagi_full3,0.1,29,mean3,380,451,7216,4,1520,977cdf30d1d5d308aa96898ed62152ecb8ac38d51ad373b2b23fbfcd6a5033ae,0.18841870001051575,0,0,1.0001402621186326e-05,1.0001402621186326e-05,0.9875525094562803
ipod_to_slr,inner,0,tagi_full3,0.1,29,mean3,380,451,7216,16,6080,79131bc62922300a00c9ea66761c8806ea30a6bed19d8ac2171a80fd4d6034d6,0.750147900020238,0,0,1.8505333590737534e-06,1.8505333590737534e-06,0.9811389416161671
ipod_to_slr,inner,0,tagi_full3,0.1,29,mean3,380,451,7216,64,24320,fed9c272fca0888ccfb45974df0da4f74d8387cc5c779d1d94972052bd5cb060,3.014496700023301,0,0,4.253656564395777e-07,4.253656564395777e-07,0.9735302217270925
ipod_to_slr,inner,0,tagi_full3,0.3,29,mean3,380,451,7216,1,380,ec80658eeb22803ce2396dece05783c4bbf4926bb2ab65ae5d6cbf900688f684,0.047351600020192564,0,0,0.00046604644023495414,0.00046604644023495414,0.7708506704250049
ipod_to_slr,inner,0,tagi_full3,0.3,29,mean3,380,451,7216,4,1520,977cdf30d1d5d308aa96898ed62152ecb8ac38d51ad373b2b23fbfcd6a5033ae,0.18841870001051575,0,0,8.329241308025264e-05,8.329241308025264e-05,0.7555993235489479
ipod_to_slr,inner,0,tagi_full3,0.3,29,mean3,380,451,7216,16,6080,79131bc62922300a00c9ea66761c8806ea30a6bed19d8ac2171a80fd4d6034d6,0.750147900020238,0,0,1.6752942529172804e-05,1.6752942529172804e-05,1.0543042218277698
ipod_to_slr,inner,0,tagi_full3,0.3,29,mean3,380,451,7216,64,24320,fed9c272fca0888ccfb45974df0da4f74d8387cc5c779d1d94972052bd5cb060,3.014496700023301,0,0,3.549920826053486e-06,3.549920826053486e-06,1.4540968701950012
ipod_to_slr,inner,0,tagi_full3,1.0,29,mean3,380,451,7216,1,380,ec80658eeb22803ce2396dece05783c4bbf4926bb2ab65ae5d6cbf900688f684,0.047351600020192564,0,0,0.0024721157711148135,0.0024721157711148135,0.6680823408570085
ipod_to_slr,inner,0,tagi_full3,1.0,29,mean3,380,451,7216,4,1520,977cdf30d1d5d308aa96898ed62152ecb8ac38d51ad373b2b23fbfcd6a5033ae,0.18841870001051575,0,0,0.0007117723732431579,0.0007117723732431579,0.6693047767013459
ipod_to_slr,inner,0,tagi_full3,1.0,29,mean3,380,451,7216,16,6080,79131bc62922300a00c9ea66761c8806ea30a6bed19d8ac2171a80fd4d6034d6,0.750147900020238,0,0,0.0001743172711184027,0.0001743172711184027,0.6676280598859602
ipod_to_slr,inner,0,tagi_full3,1.0,29,mean3,380,451,7216,64,24320,fed9c272fca0888ccfb45974df0da4f74d8387cc5c779d1d94972052bd5cb060,3.014496700023301,0,0,4.215931390173231e-05,4.215931390173231e-05,1.0278315721874216
ipod_to_slr,inner,0,tagi_full3,0.1,43,mean3,380,451,7216,1,380,bca517e2093c2dd8fb3ced8f5d56c6d4bc540b5914b4856a20e4436fdaf59e32,0.047351600020192564,0,0,0.00010361496809815641,0.00010361496809815641,0.8231352263492149
ipod_to_slr,inner,0,tagi_full3,0.1,43,mean3,380,451,7216,4,1520,e9486b52f423f5debda519552d05b17c0ae700a0964856c419d5b58006d0c792,0.18841870001051575,0,0,9.81687498389515e-06,9.81687498389515e-06,0.8546745922040554
ipod_to_slr,inner,0,tagi_full3,0.1,43,mean3,380,451,7216,16,6080,273e102844a7c6cd3685361315deb51dec708ec523943cb8789978f4123d4b3f,0.750147900020238,0,0,1.8389372585337552e-06,1.8389372585337552e-06,1.029717747566449
ipod_to_slr,inner,0,tagi_full3,0.1,43,mean3,380,451,7216,64,24320,e625e3409efad37b6116176a20ec8a9a3f86bbd56f7c1d6ffb58f7d6602e6680,3.014496700023301,0,0,4.179402971107178e-07,4.179402971107178e-07,1.6762191525523962
ipod_to_slr,inner,0,tagi_full3,0.3,43,mean3,380,451,7216,1,380,bca517e2093c2dd8fb3ced8f5d56c6d4bc540b5914b4856a20e4436fdaf59e32,0.047351600020192564,0,0,0.0004677300967953816,0.0004677300967953816,0.5652837033566618
ipod_to_slr,inner,0,tagi_full3,0.3,43,mean3,380,451,7216,4,1520,e9486b52f423f5debda519552d05b17c0ae700a0964856c419d5b58006d0c792,0.18841870001051575,0,0,8.293390693522519e-05,8.293390693522519e-05,0.6833130244107932
ipod_to_slr,inner,0,tagi_full3,0.3,43,mean3,380,451,7216,16,6080,273e102844a7c6cd3685361315deb51dec708ec523943cb8789978f4123d4b3f,0.750147900020238,0,0,1.670532059775717e-05,1.670532059775717e-05,1.0218547157312434
ipod_to_slr,inner,0,tagi_full3,0.3,43,mean3,380,451,7216,64,24320,e625e3409efad37b6116176a20ec8a9a3f86bbd56f7c1d6ffb58f7d6602e6680,3.014496700023301,0,0,3.71265421645868e-06,3.71265421645868e-06,1.3166594899209692
ipod_to_slr,inner,0,tagi_full3,1.0,43,mean3,380,451,7216,1,380,bca517e2093c2dd8fb3ced8f5d56c6d4bc540b5914b4856a20e4436fdaf59e32,0.047351600020192564,0,0,0.002460387997352425,0.002460387997352425,0.5450415316735564
ipod_to_slr,inner,0,tagi_full3,1.0,43,mean3,380,451,7216,4,1520,e9486b52f423f5debda519552d05b17c0ae700a0964856c419d5b58006d0c792,0.18841870001051575,0,0,0.0007134809236008185,0.0007134809236008185,0.588034478432477
ipod_to_slr,inner,0,tagi_full3,1.0,43,mean3,380,451,7216,16,6080,273e102844a7c6cd3685361315deb51dec708ec523943cb8789978f4123d4b3f,0.750147900020238,0,0,0.00017458904674650744,0.00017458904674650744,0.6166234993471963
ipod_to_slr,inner,0,tagi_full3,1.0,43,mean3,380,451,7216,64,24320,e625e3409efad37b6116176a20ec8a9a3f86bbd56f7c1d6ffb58f7d6602e6680,3.014496700023301,0,0,4.216859548679181e-05,4.216859548679181e-05,0.9271297953338932
ipod_to_slr,inner,1,adam,0.0003,17,raw36,482,2563,61512,1,482,504106bb42ed7c72c8d79542a3449f0dcb39b9791ff3156dcd0bfd91fc7a7fd6,0.06543379998765886,0,0,,,0.5179676037593374
ipod_to_slr,inner,1,adam,0.0003,17,raw36,482,2563,61512,4,1928,a4491330da9c9458d376a5e1f8dbf57c4fba65462c0d62131019677e542d27f5,0.2591660000034608,0,0,,,0.5190628420832362
ipod_to_slr,inner,1,adam,0.0003,17,raw36,482,2563,61512,16,7712,ee59e86c0e306f09437f4527feccb9b2ba22a5ec70f0ee0f3dedd3487b6ac5d7,1.048199700016994,0,0,,,0.503433686116693
ipod_to_slr,inner,1,adam,0.0003,17,raw36,482,2563,61512,64,30848,f319b589b923f054fe646d9b4eec9f22aa626fa434fdb135fae95b6a30c6768f,4.20144800003618,0,0,,,0.5500475617170048
ipod_to_slr,inner,1,adam,0.001,17,raw36,482,2563,61512,1,482,504106bb42ed7c72c8d79542a3449f0dcb39b9791ff3156dcd0bfd91fc7a7fd6,0.06543379998765886,0,0,,,0.5218679579744157
ipod_to_slr,inner,1,adam,0.001,17,raw36,482,2563,61512,4,1928,a4491330da9c9458d376a5e1f8dbf57c4fba65462c0d62131019677e542d27f5,0.2591660000034608,0,0,,,0.4967221155099796
ipod_to_slr,inner,1,adam,0.001,17,raw36,482,2563,61512,16,7712,ee59e86c0e306f09437f4527feccb9b2ba22a5ec70f0ee0f3dedd3487b6ac5d7,1.048199700016994,0,0,,,0.5193736700577484
ipod_to_slr,inner,1,adam,0.001,17,raw36,482,2563,61512,64,30848,f319b589b923f054fe646d9b4eec9f22aa626fa434fdb135fae95b6a30c6768f,4.20144800003618,0,0,,,0.8309351216917776
ipod_to_slr,inner,1,adam,0.003,17,raw36,482,2563,61512,1,482,504106bb42ed7c72c8d79542a3449f0dcb39b9791ff3156dcd0bfd91fc7a7fd6,0.06543379998765886,0,0,,,0.5154670870559414
ipod_to_slr,inner,1,adam,0.003,17,raw36,482,2563,61512,4,1928,a4491330da9c9458d376a5e1f8dbf57c4fba65462c0d62131019677e542d27f5,0.2591660000034608,0,0,,,0.501535764274439
ipod_to_slr,inner,1,adam,0.003,17,raw36,482,2563,61512,16,7712,ee59e86c0e306f09437f4527feccb9b2ba22a5ec70f0ee0f3dedd3487b6ac5d7,1.048199700016994,0,0,,,0.9182484801754023
ipod_to_slr,inner,1,adam,0.003,17,raw36,482,2563,61512,64,30848,f319b589b923f054fe646d9b4eec9f22aa626fa434fdb135fae95b6a30c6768f,4.20144800003618,0,0,,,2.251106400529654
ipod_to_slr,inner,1,adam,0.0003,29,raw36,482,2563,61512,1,482,33052f6c8bc05aef4ec8067a542c3c3f1d6b743f1d809d3f6c6d5f56a7739419,0.06543379998765886,0,0,,,0.49044495683955097
ipod_to_slr,inner,1,adam,0.0003,29,raw36,482,2563,61512,4,1928,1b6b182ee8f6327fb46d2a6572ec08a14646124fe28b008c37e1b26199bd5e44,0.2591660000034608,0,0,,,0.48648884000766685
ipod_to_slr,inner,1,adam,0.0003,29,raw36,482,2563,61512,16,7712,22ddf4218078c50b12ddc9fdf48e47b7bbe906c827002a21ffc48f56ee47d8bc,1.048199700016994,0,0,,,0.48086954870479304
ipod_to_slr,inner,1,adam,0.0003,29,raw36,482,2563,61512,64,30848,e54c39c3059e0e4c259b8c034a80077dd3204b47e27c903c767c4548d8a3973d,4.20144800003618,0,0,,,0.5628635143737013
ipod_to_slr,inner,1,adam,0.001,29,raw36,482,2563,61512,1,482,33052f6c8bc05aef4ec8067a542c3c3f1d6b743f1d809d3f6c6d5f56a7739419,0.06543379998765886,0,0,,,0.4783821837503603
ipod_to_slr,inner,1,adam,0.001,29,raw36,482,2563,61512,4,1928,1b6b182ee8f6327fb46d2a6572ec08a14646124fe28b008c37e1b26199bd5e44,0.2591660000034608,0,0,,,0.47287216874927535
ipod_to_slr,inner,1,adam,0.001,29,raw36,482,2563,61512,16,7712,22ddf4218078c50b12ddc9fdf48e47b7bbe906c827002a21ffc48f56ee47d8bc,1.048199700016994,0,0,,,0.5719073879098479
ipod_to_slr,inner,1,adam,0.001,29,raw36,482,2563,61512,64,30848,e54c39c3059e0e4c259b8c034a80077dd3204b47e27c903c767c4548d8a3973d,4.20144800003618,0,0,,,0.8434882957721976
ipod_to_slr,inner,1,adam,0.003,29,raw36,482,2563,61512,1,482,33052f6c8bc05aef4ec8067a542c3c3f1d6b743f1d809d3f6c6d5f56a7739419,0.06543379998765886,0,0,,,0.5330493610406184
ipod_to_slr,inner,1,adam,0.003,29,raw36,482,2563,61512,4,1928,1b6b182ee8f6327fb46d2a6572ec08a14646124fe28b008c37e1b26199bd5e44,0.2591660000034608,0,0,,,0.5163039904348169
ipod_to_slr,inner,1,adam,0.003,29,raw36,482,2563,61512,16,7712,22ddf4218078c50b12ddc9fdf48e47b7bbe906c827002a21ffc48f56ee47d8bc,1.048199700016994,0,0,,,1.0050647071202614
ipod_to_slr,inner,1,adam,0.003,29,raw36,482,2563,61512,64,30848,e54c39c3059e0e4c259b8c034a80077dd3204b47e27c903c767c4548d8a3973d,4.20144800003618,0,0,,,2.341425335439535
ipod_to_slr,inner,1,adam,0.0003,43,raw36,482,2563,61512,1,482,55e98d9c8e997f83dafa2aec4c7297e0aa656683440c2df1f620cc5921908891,0.06543379998765886,0,0,,,0.4934407615500592
ipod_to_slr,inner,1,adam,0.0003,43,raw36,482,2563,61512,4,1928,a02376f2f2f93131402df407d43beed1f694462a4bf39d56ed392b48ca937e7f,0.2591660000034608,0,0,,,0.5067974398214489
ipod_to_slr,inner,1,adam,0.0003,43,raw36,482,2563,61512,16,7712,15b755bf7c8a9e7ff46421d1d04a5c32a7d75481f15116a4e740e4ed0d143fd1,1.048199700016994,0,0,,,0.49583585588160006
ipod_to_slr,inner,1,adam,0.0003,43,raw36,482,2563,61512,64,30848,f18529cdcde08afb35a74f1f0262d09d44322a16923bbd12a49c42ec7fea7ccf,4.20144800003618,0,0,,,0.524943215103676
ipod_to_slr,inner,1,adam,0.001,43,raw36,482,2563,61512,1,482,55e98d9c8e997f83dafa2aec4c7297e0aa656683440c2df1f620cc5921908891,0.06543379998765886,0,0,,,0.4959831101808821
ipod_to_slr,inner,1,adam,0.001,43,raw36,482,2563,61512,4,1928,a02376f2f2f93131402df407d43beed1f694462a4bf39d56ed392b48ca937e7f,0.2591660000034608,0,0,,,0.49540242517115296
ipod_to_slr,inner,1,adam,0.001,43,raw36,482,2563,61512,16,7712,15b755bf7c8a9e7ff46421d1d04a5c32a7d75481f15116a4e740e4ed0d143fd1,1.048199700016994,0,0,,,0.5253427846827181
ipod_to_slr,inner,1,adam,0.001,43,raw36,482,2563,61512,64,30848,f18529cdcde08afb35a74f1f0262d09d44322a16923bbd12a49c42ec7fea7ccf,4.20144800003618,0,0,,,1.0057696593301657
ipod_to_slr,inner,1,adam,0.003,43,raw36,482,2563,61512,1,482,55e98d9c8e997f83dafa2aec4c7297e0aa656683440c2df1f620cc5921908891,0.06543379998765886,0,0,,,0.4887389721632226
ipod_to_slr,inner,1,adam,0.003,43,raw36,482,2563,61512,4,1928,a02376f2f2f93131402df407d43beed1f694462a4bf39d56ed392b48ca937e7f,0.2591660000034608,0,0,,,0.5649899331778738
ipod_to_slr,inner,1,adam,0.003,43,raw36,482,2563,61512,16,7712,15b755bf7c8a9e7ff46421d1d04a5c32a7d75481f15116a4e740e4ed0d143fd1,1.048199700016994,0,0,,,0.8998188340013302
ipod_to_slr,inner,1,adam,0.003,43,raw36,482,2563,61512,64,30848,f18529cdcde08afb35a74f1f0262d09d44322a16923bbd12a49c42ec7fea7ccf,4.20144800003618,0,0,,,2.393157555876988
ipod_to_slr,inner,1,adam,0.0003,17,mean3,482,451,10824,1,482,504106bb42ed7c72c8d79542a3449f0dcb39b9791ff3156dcd0bfd91fc7a7fd6,0.03186899999855086,0,0,,,0.609152453070544
ipod_to_slr,inner,1,adam,0.0003,17,mean3,482,451,10824,4,1928,a4491330da9c9458d376a5e1f8dbf57c4fba65462c0d62131019677e542d27f5,0.12685010000132024,0,0,,,0.7333678645630591
ipod_to_slr,inner,1,adam,0.0003,17,mean3,482,451,10824,16,7712,ee59e86c0e306f09437f4527feccb9b2ba22a5ec70f0ee0f3dedd3487b6ac5d7,0.5148348000366241,0,0,,,0.8765291891290139
ipod_to_slr,inner,1,adam,0.0003,17,mean3,482,451,10824,64,30848,f319b589b923f054fe646d9b4eec9f22aa626fa434fdb135fae95b6a30c6768f,2.0883431000402197,0,0,,,0.9846450541907611
ipod_to_slr,inner,1,adam,0.001,17,mean3,482,451,10824,1,482,504106bb42ed7c72c8d79542a3449f0dcb39b9791ff3156dcd0bfd91fc7a7fd6,0.03186899999855086,0,0,,,0.6993864321101658
ipod_to_slr,inner,1,adam,0.001,17,mean3,482,451,10824,4,1928,a4491330da9c9458d376a5e1f8dbf57c4fba65462c0d62131019677e542d27f5,0.12685010000132024,0,0,,,0.8688898444989301
ipod_to_slr,inner,1,adam,0.001,17,mean3,482,451,10824,16,7712,ee59e86c0e306f09437f4527feccb9b2ba22a5ec70f0ee0f3dedd3487b6ac5d7,0.5148348000366241,0,0,,,0.8735953083301202
ipod_to_slr,inner,1,adam,0.001,17,mean3,482,451,10824,64,30848,f319b589b923f054fe646d9b4eec9f22aa626fa434fdb135fae95b6a30c6768f,2.0883431000402197,0,0,,,1.3876718612525079
ipod_to_slr,inner,1,adam,0.003,17,mean3,482,451,10824,1,482,504106bb42ed7c72c8d79542a3449f0dcb39b9791ff3156dcd0bfd91fc7a7fd6,0.03186899999855086,0,0,,,0.8363988678840263
ipod_to_slr,inner,1,adam,0.003,17,mean3,482,451,10824,4,1928,a4491330da9c9458d376a5e1f8dbf57c4fba65462c0d62131019677e542d27f5,0.12685010000132024,0,0,,,0.8479871350718343
ipod_to_slr,inner,1,adam,0.003,17,mean3,482,451,10824,16,7712,ee59e86c0e306f09437f4527feccb9b2ba22a5ec70f0ee0f3dedd3487b6ac5d7,0.5148348000366241,0,0,,,1.0115569093102863
ipod_to_slr,inner,1,adam,0.003,17,mean3,482,451,10824,64,30848,f319b589b923f054fe646d9b4eec9f22aa626fa434fdb135fae95b6a30c6768f,2.0883431000402197,0,0,,,1.1623403606473208
ipod_to_slr,inner,1,adam,0.0003,29,mean3,482,451,10824,1,482,33052f6c8bc05aef4ec8067a542c3c3f1d6b743f1d809d3f6c6d5f56a7739419,0.03186899999855086,0,0,,,0.5114293696384374
ipod_to_slr,inner,1,adam,0.0003,29,mean3,482,451,10824,4,1928,1b6b182ee8f6327fb46d2a6572ec08a14646124fe28b008c37e1b26199bd5e44,0.12685010000132024,0,0,,,0.5574907476484345
ipod_to_slr,inner,1,adam,0.0003,29,mean3,482,451,10824,16,7712,22ddf4218078c50b12ddc9fdf48e47b7bbe906c827002a21ffc48f56ee47d8bc,0.5148348000366241,0,0,,,0.7402409290345042
ipod_to_slr,inner,1,adam,0.0003,29,mean3,482,451,10824,64,30848,e54c39c3059e0e4c259b8c034a80077dd3204b47e27c903c767c4548d8a3973d,2.0883431000402197,0,0,,,0.8504610080631041
ipod_to_slr,inner,1,adam,0.001,29,mean3,482,451,10824,1,482,33052f6c8bc05aef4ec8067a542c3c3f1d6b743f1d809d3f6c6d5f56a7739419,0.03186899999855086,0,0,,,0.5564844296382291
ipod_to_slr,inner,1,adam,0.001,29,mean3,482,451,10824,4,1928,1b6b182ee8f6327fb46d2a6572ec08a14646124fe28b008c37e1b26199bd5e44,0.12685010000132024,0,0,,,0.7179145780445513
ipod_to_slr,inner,1,adam,0.001,29,mean3,482,451,10824,16,7712,22ddf4218078c50b12ddc9fdf48e47b7bbe906c827002a21ffc48f56ee47d8bc,0.5148348000366241,0,0,,,0.8108846489888007
ipod_to_slr,inner,1,adam,0.001,29,mean3,482,451,10824,64,30848,e54c39c3059e0e4c259b8c034a80077dd3204b47e27c903c767c4548d8a3973d,2.0883431000402197,0,0,,,1.1541776364266676
ipod_to_slr,inner,1,adam,0.003,29,mean3,482,451,10824,1,482,33052f6c8bc05aef4ec8067a542c3c3f1d6b743f1d809d3f6c6d5f56a7739419,0.03186899999855086,0,0,,,0.5946985793154785
ipod_to_slr,inner,1,adam,0.003,29,mean3,482,451,10824,4,1928,1b6b182ee8f6327fb46d2a6572ec08a14646124fe28b008c37e1b26199bd5e44,0.12685010000132024,0,0,,,0.6411022030857112
ipod_to_slr,inner,1,adam,0.003,29,mean3,482,451,10824,16,7712,22ddf4218078c50b12ddc9fdf48e47b7bbe906c827002a21ffc48f56ee47d8bc,0.5148348000366241,0,0,,,1.077796833154604
ipod_to_slr,inner,1,adam,0.003,29,mean3,482,451,10824,64,30848,e54c39c3059e0e4c259b8c034a80077dd3204b47e27c903c767c4548d8a3973d,2.0883431000402197,0,0,,,1.398476661200165
ipod_to_slr,inner,1,adam,0.0003,43,mean3,482,451,10824,1,482,55e98d9c8e997f83dafa2aec4c7297e0aa656683440c2df1f620cc5921908891,0.03186899999855086,0,0,,,0.504592355111303
ipod_to_slr,inner,1,adam,0.0003,43,mean3,482,451,10824,4,1928,a02376f2f2f93131402df407d43beed1f694462a4bf39d56ed392b48ca937e7f,0.12685010000132024,0,0,,,0.6048961959288017
ipod_to_slr,inner,1,adam,0.0003,43,mean3,482,451,10824,16,7712,15b755bf7c8a9e7ff46421d1d04a5c32a7d75481f15116a4e740e4ed0d143fd1,0.5148348000366241,0,0,,,0.6820514697787268
ipod_to_slr,inner,1,adam,0.0003,43,mean3,482,451,10824,64,30848,f18529cdcde08afb35a74f1f0262d09d44322a16923bbd12a49c42ec7fea7ccf,2.0883431000402197,0,0,,,0.7847962610188909
ipod_to_slr,inner,1,adam,0.001,43,mean3,482,451,10824,1,482,55e98d9c8e997f83dafa2aec4c7297e0aa656683440c2df1f620cc5921908891,0.03186899999855086,0,0,,,0.5889748352478634
ipod_to_slr,inner,1,adam,0.001,43,mean3,482,451,10824,4,1928,a02376f2f2f93131402df407d43beed1f694462a4bf39d56ed392b48ca937e7f,0.12685010000132024,0,0,,,0.6870316954578143
ipod_to_slr,inner,1,adam,0.001,43,mean3,482,451,10824,16,7712,15b755bf7c8a9e7ff46421d1d04a5c32a7d75481f15116a4e740e4ed0d143fd1,0.5148348000366241,0,0,,,0.7745402561975047
ipod_to_slr,inner,1,adam,0.001,43,mean3,482,451,10824,64,30848,f18529cdcde08afb35a74f1f0262d09d44322a16923bbd12a49c42ec7fea7ccf,2.0883431000402197,0,0,,,1.390992171783292
ipod_to_slr,inner,1,adam,0.003,43,mean3,482,451,10824,1,482,55e98d9c8e997f83dafa2aec4c7297e0aa656683440c2df1f620cc5921908891,0.03186899999855086,0,0,,,0.633679037438261
ipod_to_slr,inner,1,adam,0.003,43,mean3,482,451,10824,4,1928,a02376f2f2f93131402df407d43beed1f694462a4bf39d56ed392b48ca937e7f,0.12685010000132024,0,0,,,0.6343154440657762
ipod_to_slr,inner,1,adam,0.003,43,mean3,482,451,10824,16,7712,15b755bf7c8a9e7ff46421d1d04a5c32a7d75481f15116a4e740e4ed0d143fd1,0.5148348000366241,0,0,,,0.923217183517317
ipod_to_slr,inner,1,adam,0.003,43,mean3,482,451,10824,64,30848,f18529cdcde08afb35a74f1f0262d09d44322a16923bbd12a49c42ec7fea7ccf,2.0883431000402197,0,0,,,1.320237491991657
ipod_to_slr,inner,1,tagi_diag,0.1,17,raw36,482,2563,41008,1,482,504106bb42ed7c72c8d79542a3449f0dcb39b9791ff3156dcd0bfd91fc7a7fd6,0.07879380002850667,0,0,0.0007332771978442095,0.0007332771978442095,0.5252877767400183
ipod_to_slr,inner,1,tagi_diag,0.1,17,raw36,482,2563,41008,4,1928,a4491330da9c9458d376a5e1f8dbf57c4fba65462c0d62131019677e542d27f5,0.31018139998195693,0,0,7.280133826939666e-06,7.280133826939666e-06,0.7875357021190069
ipod_to_slr,inner,1,tagi_diag,0.1,17,raw36,482,2563,41008,16,7712,ee59e86c0e306f09437f4527feccb9b2ba22a5ec70f0ee0f3dedd3487b6ac5d7,1.2419466000283137,0,0,4.601951765931293e-07,4.601951765931293e-07,1.438220297273753
ipod_to_slr,inner,1,tagi_diag,0.1,17,raw36,482,2563,41008,64,30848,f319b589b923f054fe646d9b4eec9f22aa626fa434fdb135fae95b6a30c6768f,4.9943669000058435,0,0,5.566146602431339e-08,5.566146602431339e-08,2.4761244753539406
ipod_to_slr,inner,1,tagi_diag,0.3,17,raw36,482,2563,41008,1,482,504106bb42ed7c72c8d79542a3449f0dcb39b9791ff3156dcd0bfd91fc7a7fd6,0.07879380002850667,0,0,0.0010674835650905678,0.0010674835650905678,0.5124710506895984
ipod_to_slr,inner,1,tagi_diag,0.3,17,raw36,482,2563,41008,4,1928,a4491330da9c9458d376a5e1f8dbf57c4fba65462c0d62131019677e542d27f5,0.31018139998195693,0,0,0.0001272246469525129,0.0001272246469525129,0.5529415781582786
ipod_to_slr,inner,1,tagi_diag,0.3,17,raw36,482,2563,41008,16,7712,ee59e86c0e306f09437f4527feccb9b2ba22a5ec70f0ee0f3dedd3487b6ac5d7,1.2419466000283137,0,0,1.1615661004276305e-05,1.1615661004276305e-05,0.793859900042765
ipod_to_slr,inner,1,tagi_diag,0.3,17,raw36,482,2563,41008,64,30848,f319b589b923f054fe646d9b4eec9f22aa626fa434fdb135fae95b6a30c6768f,4.9943669000058435,0,0,1.5294585732134202e-06,1.5294585732134202e-06,1.0800935201957462
ipod_to_slr,inner,1,tagi_diag,1.0,17,raw36,482,2563,41008,1,482,504106bb42ed7c72c8d79542a3449f0dcb39b9791ff3156dcd0bfd91fc7a7fd6,0.07879380002850667,0,0,0.0027760575278137074,0.0027760575278137074,0.5021242812048655
ipod_to_slr,inner,1,tagi_diag,1.0,17,raw36,482,2563,41008,4,1928,a4491330da9c9458d376a5e1f8dbf57c4fba65462c0d62131019677e542d27f5,0.31018139998195693,0,0,0.0007309074378399077,0.0007309074378399077,0.49320284115740015
ipod_to_slr,inner,1,tagi_diag,1.0,17,raw36,482,2563,41008,16,7712,ee59e86c0e306f09437f4527feccb9b2ba22a5ec70f0ee0f3dedd3487b6ac5d7,1.2419466000283137,0,0,0.00015575837153627915,0.00015575837153627915,0.5054617299284645
ipod_to_slr,inner,1,tagi_diag,1.0,17,raw36,482,2563,41008,64,30848,f319b589b923f054fe646d9b4eec9f22aa626fa434fdb135fae95b6a30c6768f,4.9943669000058435,0,0,2.4716610778185134e-05,2.4716610778185134e-05,0.50966159065459
ipod_to_slr,inner,1,tagi_diag,0.1,29,raw36,482,2563,41008,1,482,33052f6c8bc05aef4ec8067a542c3c3f1d6b743f1d809d3f6c6d5f56a7739419,0.07879380002850667,0,0,0.0007124705053028102,0.0007124705053028102,0.4898111012745621
ipod_to_slr,inner,1,tagi_diag,0.1,29,raw36,482,2563,41008,4,1928,1b6b182ee8f6327fb46d2a6572ec08a14646124fe28b008c37e1b26199bd5e44,0.31018139998195693,0,0,1.0019403339230606e-05,1.0019403339230606e-05,0.8552793505261356
ipod_to_slr,inner,1,tagi_diag,0.1,29,raw36,482,2563,41008,16,7712,22ddf4218078c50b12ddc9fdf48e47b7bbe906c827002a21ffc48f56ee47d8bc,1.2419466000283137,0,0,4.2513276303741955e-07,4.2513276303741955e-07,1.6615693610462647
ipod_to_slr,inner,1,tagi_diag,0.1,29,raw36,482,2563,41008,64,30848,e54c39c3059e0e4c259b8c034a80077dd3204b47e27c903c767c4548d8a3973d,4.9943669000058435,0,0,2.7969772208738123e-08,2.7969772208738123e-08,1.9880108710960454
ipod_to_slr,inner,1,tagi_diag,0.3,29,raw36,482,2563,41008,1,482,33052f6c8bc05aef4ec8067a542c3c3f1d6b743f1d809d3f6c6d5f56a7739419,0.07879380002850667,0,0,0.0010509399640256927,0.0010509399640256927,0.48806596100136335
ipod_to_slr,inner,1,tagi_diag,0.3,29,raw36,482,2563,41008,4,1928,1b6b182ee8f6327fb46d2a6572ec08a14646124fe28b008c37e1b26199bd5e44,0.31018139998195693,0,0,0.0001263882862117365,0.0001263882862117365,0.5210956027546666
ipod_to_slr,inner,1,tagi_diag,0.3,29,raw36,482,2563,41008,16,7712,22ddf4218078c50b12ddc9fdf48e47b7bbe906c827002a21ffc48f56ee47d8bc,1.2419466000283137,0,0,1.0360811291388298e-05,1.0360811291388298e-05,0.7167485418606989
ipod_to_slr,inner,1,tagi_diag,0.3,29,raw36,482,2563,41008,64,30848,e54c39c3059e0e4c259b8c034a80077dd3204b47e27c903c767c4548d8a3973d,4.9943669000058435,0,0,1.1986160473130017e-06,1.1986160473130017e-06,0.8915234013903482
ipod_to_slr,inner,1,tagi_diag,1.0,29,raw36,482,2563,41008,1,482,33052f6c8bc05aef4ec8067a542c3c3f1d6b743f1d809d3f6c6d5f56a7739419,0.07879380002850667,0,0,0.0027655388643954334,0.0027655388643954334,0.4855485864576896
ipod_to_slr,inner,1,tagi_diag,1.0,29,raw36,482,2563,41008,4,1928,1b6b182ee8f6327fb46d2a6572ec08a14646124fe28b008c37e1b26199bd5e44,0.31018139998195693,0,0,0.0007280077326396829,0.0007280077326396829,0.49093042631287986
ipod_to_slr,inner,1,tagi_diag,1.0,29,raw36,482,2563,41008,16,7712,22ddf4218078c50b12ddc9fdf48e47b7bbe906c827002a21ffc48f56ee47d8bc,1.2419466000283137,0,0,0.00015810545855158314,0.00015810545855158314,0.497042355436642
ipod_to_slr,inner,1,tagi_diag,1.0,29,raw36,482,2563,41008,64,30848,e54c39c3059e0e4c259b8c034a80077dd3204b47e27c903c767c4548d8a3973d,4.9943669000058435,0,0,2.2099021104700496e-05,2.2099021104700496e-05,0.5534992259814626
ipod_to_slr,inner,1,tagi_diag,0.1,43,raw36,482,2563,41008,1,482,55e98d9c8e997f83dafa2aec4c7297e0aa656683440c2df1f620cc5921908891,0.07879380002850667,0,0,0.0004292807085961448,0.0004292807085961448,0.46814337810924783
ipod_to_slr,inner,1,tagi_diag,0.1,43,raw36,482,2563,41008,4,1928,a02376f2f2f93131402df407d43beed1f694462a4bf39d56ed392b48ca937e7f,0.31018139998195693,0,0,7.335350842357008e-06,7.335350842357008e-06,0.8911851531768022
ipod_to_slr,inner,1,tagi_diag,0.1,43,raw36,482,2563,41008,16,7712,15b755bf7c8a9e7ff46421d1d04a5c32a7d75481f15116a4e740e4ed0d143fd1,1.2419466000283137,0,0,3.010160671345491e-07,3.010160671345491e-07,1.2065044059121157
ipod_to_slr,inner,1,tagi_diag,0.1,43,raw36,482,2563,41008,64,30848,f18529cdcde08afb35a74f1f0262d09d44322a16923bbd12a49c42ec7fea7ccf,4.9943669000058435,0,0,2.772066421266682e-08,2.772066421266682e-08,2.3429247883635616
ipod_to_slr,inner,1,tagi_diag,0.3,43,raw36,482,2563,41008,1,482,55e98d9c8e997f83dafa2aec4c7297e0aa656683440c2df1f620cc5921908891,0.07879380002850667,0,0,0.0006881671216273167,0.0006881671216273167,0.4671004929695307
ipod_to_slr,inner,1,tagi_diag,0.3,43,raw36,482,2563,41008,4,1928,a02376f2f2f93131402df407d43beed1f694462a4bf39d56ed392b48ca937e7f,0.31018139998195693,0,0,8.370584866084036e-05,8.370584866084036e-05,0.5266974249122294
ipod_to_slr,inner,1,tagi_diag,0.3,43,raw36,482,2563,41008,16,7712,15b755bf7c8a9e7ff46421d1d04a5c32a7d75481f15116a4e740e4ed0d143fd1,1.2419466000283137,0,0,9.603288144165611e-06,9.603288144165611e-06,0.7238109106357131
ipod_to_slr,inner,1,tagi_diag,0.3,43,raw36,482,2563,41008,64,30848,f18529cdcde08afb35a74f1f0262d09d44322a16923bbd12a49c42ec7fea7ccf,4.9943669000058435,0,0,1.0288045970836969e-06,1.0288045970836969e-06,1.0189171998212845
ipod_to_slr,inner,1,tagi_diag,1.0,43,raw36,482,2563,41008,1,482,55e98d9c8e997f83dafa2aec4c7297e0aa656683440c2df1f620cc5921908891,0.07879380002850667,0,0,0.0018592960867604607,0.0018592960867604607,0.4779161095908135
ipod_to_slr,inner,1,tagi_diag,1.0,43,raw36,482,2563,41008,4,1928,a02376f2f2f93131402df407d43beed1f694462a4bf39d56ed392b48ca937e7f,0.31018139998195693,0,0,0.00047548463153392816,0.00047548463153392816,0.500910286102082
ipod_to_slr,inner,1,tagi_diag,1.0,43,raw36,482,2563,41008,16,7712,15b755bf7c8a9e7ff46421d1d04a5c32a7d75481f15116a4e740e4ed0d143fd1,1.2419466000283137,0,0,8.279845265955824e-05,8.279845265955824e-05,0.5150175861545468
ipod_to_slr,inner,1,tagi_diag,1.0,43,raw36,482,2563,41008,64,30848,f18529cdcde08afb35a74f1f0262d09d44322a16923bbd12a49c42ec7fea7ccf,4.9943669000058435,0,0,1.30785569266641e-05,1.30785569266641e-05,0.5281445518044104
ipod_to_slr,inner,1,tagi_diag,0.1,17,mean3,482,451,7216,1,482,504106bb42ed7c72c8d79542a3449f0dcb39b9791ff3156dcd0bfd91fc7a7fd6,0.048290900012943894,0,0,5.4658266148453385e-05,5.4658266148453385e-05,1.0402397698177748
ipod_to_slr,inner,1,tagi_diag,0.1,17,mean3,482,451,7216,4,1928,a4491330da9c9458d376a5e1f8dbf57c4fba65462c0d62131019677e542d27f5,0.19185800000559539,0,0,6.606739497398506e-06,6.606739497398506e-06,1.0847665105645687
ipod_to_slr,inner,1,tagi_diag,0.1,17,mean3,482,451,7216,16,7712,ee59e86c0e306f09437f4527feccb9b2ba22a5ec70f0ee0f3dedd3487b6ac5d7,0.7708592000417411,0,0,1.286373635460092e-06,1.286373635460092e-06,1.1082308907391176
ipod_to_slr,inner,1,tagi_diag,0.1,17,mean3,482,451,7216,64,30848,f319b589b923f054fe646d9b4eec9f22aa626fa434fdb135fae95b6a30c6768f,3.0866660000174306,0,0,2.766366199156813e-07,2.766366199156813e-07,1.3347554427065984
ipod_to_slr,inner,1,tagi_diag,0.3,17,mean3,482,451,7216,1,482,504106bb42ed7c72c8d79542a3449f0dcb39b9791ff3156dcd0bfd91fc7a7fd6,0.048290900012943894,0,0,0.00031671419790402374,0.00031671419790402374,0.8973615038941015
ipod_to_slr,inner,1,tagi_diag,0.3,17,mean3,482,451,7216,4,1928,a4491330da9c9458d376a5e1f8dbf57c4fba65462c0d62131019677e542d27f5,0.19185800000559539,0,0,5.8774903972600486e-05,5.8774903972600486e-05,0.98463268994373
ipod_to_slr,inner,1,tagi_diag,0.3,17,mean3,482,451,7216,16,7712,ee59e86c0e306f09437f4527feccb9b2ba22a5ec70f0ee0f3dedd3487b6ac5d7,0.7708592000417411,0,0,1.2702032875743624e-05,1.2702032875743624e-05,1.2287681717051206
ipod_to_slr,inner,1,tagi_diag,0.3,17,mean3,482,451,7216,64,30848,f319b589b923f054fe646d9b4eec9f22aa626fa434fdb135fae95b6a30c6768f,3.0866660000174306,0,0,3.0001572744958115e-06,3.0001572744958115e-06,1.323160527526514
ipod_to_slr,inner,1,tagi_diag,1.0,17,mean3,482,451,7216,1,482,504106bb42ed7c72c8d79542a3449f0dcb39b9791ff3156dcd0bfd91fc7a7fd6,0.048290900012943894,0,0,0.001946966204700795,0.001946966204700795,0.841367313053309
ipod_to_slr,inner,1,tagi_diag,1.0,17,mean3,482,451,7216,4,1928,a4491330da9c9458d376a5e1f8dbf57c4fba65462c0d62131019677e542d27f5,0.19185800000559539,0,0,0.0005424172463575366,0.0005424172463575366,0.9318357916975601
ipod_to_slr,inner,1,tagi_diag,1.0,17,mean3,482,451,7216,16,7712,ee59e86c0e306f09437f4527feccb9b2ba22a5ec70f0ee0f3dedd3487b6ac5d7,0.7708592000417411,0,0,0.0001341280884895522,0.0001341280884895522,0.9411660685628307
ipod_to_slr,inner,1,tagi_diag,1.0,17,mean3,482,451,7216,64,30848,f319b589b923f054fe646d9b4eec9f22aa626fa434fdb135fae95b6a30c6768f,3.0866660000174306,0,0,3.2893609432444185e-05,3.2893609432444185e-05,0.9511608365388537
ipod_to_slr,inner,1,tagi_diag,0.1,29,mean3,482,451,7216,1,482,33052f6c8bc05aef4ec8067a542c3c3f1d6b743f1d809d3f6c6d5f56a7739419,0.048290900012943894,0,0,5.2692490013660185e-05,5.2692490013660185e-05,0.8849668894179867
ipod_to_slr,inner,1,tagi_diag,0.1,29,mean3,482,451,7216,4,1928,1b6b182ee8f6327fb46d2a6572ec08a14646124fe28b008c37e1b26199bd5e44,0.19185800000559539,0,0,6.687248282993675e-06,6.687248282993675e-06,0.9779665478079793
ipod_to_slr,inner,1,tagi_diag,0.1,29,mean3,482,451,7216,16,7712,22ddf4218078c50b12ddc9fdf48e47b7bbe906c827002a21ffc48f56ee47d8bc,0.7708592000417411,0,0,1.3913302174768022e-06,1.3913302174768022e-06,1.0348999950824054
ipod_to_slr,inner,1,tagi_diag,0.1,29,mean3,482,451,7216,64,30848,e54c39c3059e0e4c259b8c034a80077dd3204b47e27c903c767c4548d8a3973d,3.0866660000174306,0,0,3.307874561635635e-07,3.307874561635635e-07,1.3509327191427096
ipod_to_slr,inner,1,tagi_diag,0.3,29,mean3,482,451,7216,1,482,33052f6c8bc05aef4ec8067a542c3c3f1d6b743f1d809d3f6c6d5f56a7739419,0.048290900012943894,0,0,0.0003197926933449907,0.0003197926933449907,0.6528769073960468
ipod_to_slr,inner,1,tagi_diag,0.3,29,mean3,482,451,7216,4,1928,1b6b182ee8f6327fb46d2a6572ec08a14646124fe28b008c37e1b26199bd5e44,0.19185800000559539,0,0,5.916354538274798e-05,5.916354538274798e-05,0.7603035860185251
ipod_to_slr,inner,1,tagi_diag,0.3,29,mean3,482,451,7216,16,7712,22ddf4218078c50b12ddc9fdf48e47b7bbe906c827002a21ffc48f56ee47d8bc,0.7708592000417411,0,0,1.2714629793473991e-05,1.2714629793473991e-05,1.1681624438916365
ipod_to_slr,inner,1,tagi_diag,0.3,29,mean3,482,451,7216,64,30848,e54c39c3059e0e4c259b8c034a80077dd3204b47e27c903c767c4548d8a3973d,3.0866660000174306,0,0,3.0030330756180635e-06,3.0030330756180635e-06,1.3316581121639584
ipod_to_slr,inner,1,tagi_diag,1.0,29,mean3,482,451,7216,1,482,33052f6c8bc05aef4ec8067a542c3c3f1d6b743f1d809d3f6c6d5f56a7739419,0.048290900012943894,0,0,0.001967810380807165,0.001967810380807165,0.6514855861568083
ipod_to_slr,inner,1,tagi_diag,1.0,29,mean3,482,451,7216,4,1928,1b6b182ee8f6327fb46d2a6572ec08a14646124fe28b008c37e1b26199bd5e44,0.19185800000559539,0,0,0.0005463088106656594,0.0005463088106656594,0.6788616552335125
ipod_to_slr,inner,1,tagi_diag,1.0,29,mean3,482,451,7216,16,7712,22ddf4218078c50b12ddc9fdf48e47b7bbe906c827002a21ffc48f56ee47d8bc,0.7708592000417411,0,0,0.0001345259214680617,0.0001345259214680617,0.7306767216821907
ipod_to_slr,inner,1,tagi_diag,1.0,29,mean3,482,451,7216,64,30848,e54c39c3059e0e4c259b8c034a80077dd3204b47e27c903c767c4548d8a3973d,3.0866660000174306,0,0,3.292738986546516e-05,3.292738986546516e-05,0.9560171836946204
ipod_to_slr,inner,1,tagi_diag,0.1,43,mean3,482,451,7216,1,482,55e98d9c8e997f83dafa2aec4c7297e0aa656683440c2df1f620cc5921908891,0.048290900012943894,0,0,5.5814532876568796e-05,5.5814532876568796e-05,0.8377748328109115
ipod_to_slr,inner,1,tagi_diag,0.1,43,mean3,482,451,7216,4,1928,a02376f2f2f93131402df407d43beed1f694462a4bf39d56ed392b48ca937e7f,0.19185800000559539,0,0,6.703016267335203e-06,6.703016267335203e-06,1.071800716424391
ipod_to_slr,inner,1,tagi_diag,0.1,43,mean3,482,451,7216,16,7712,15b755bf7c8a9e7ff46421d1d04a5c32a7d75481f15116a4e740e4ed0d143fd1,0.7708592000417411,0,0,1.3901297985250735e-06,1.3901297985250735e-06,1.1236357008828004
ipod_to_slr,inner,1,tagi_diag,0.1,43,mean3,482,451,7216,64,30848,f18529cdcde08afb35a74f1f0262d09d44322a16923bbd12a49c42ec7fea7ccf,3.0866660000174306,0,0,3.305677429598464e-07,3.305677429598464e-07,1.1355930095842923
ipod_to_slr,inner,1,tagi_diag,0.3,43,mean3,482,451,7216,1,482,55e98d9c8e997f83dafa2aec4c7297e0aa656683440c2df1f620cc5921908891,0.048290900012943894,0,0,0.00032703647889529045,0.00032703647889529045,0.6180357750459492
ipod_to_slr,inner,1,tagi_diag,0.3,43,mean3,482,451,7216,4,1928,a02376f2f2f93131402df407d43beed1f694462a4bf39d56ed392b48ca937e7f,0.19185800000559539,0,0,5.87793782322755e-05,5.87793782322755e-05,0.6726054697170339
ipod_to_slr,inner,1,tagi_diag,0.3,43,mean3,482,451,7216,16,7712,15b755bf7c8a9e7ff46421d1d04a5c32a7d75481f15116a4e740e4ed0d143fd1,0.7708592000417411,0,0,1.2616645508010043e-05,1.2616645508010043e-05,0.8785973140196323
ipod_to_slr,inner,1,tagi_diag,0.3,43,mean3,482,451,7216,64,30848,f18529cdcde08afb35a74f1f0262d09d44322a16923bbd12a49c42ec7fea7ccf,3.0866660000174306,0,0,2.9938242113467447e-06,2.9938242113467447e-06,0.9766264547585318
ipod_to_slr,inner,1,tagi_diag,1.0,43,mean3,482,451,7216,1,482,55e98d9c8e997f83dafa2aec4c7297e0aa656683440c2df1f620cc5921908891,0.048290900012943894,0,0,0.001972101539884247,0.001972101539884247,0.5854246839600199
ipod_to_slr,inner,1,tagi_diag,1.0,43,mean3,482,451,7216,4,1928,a02376f2f2f93131402df407d43beed1f694462a4bf39d56ed392b48ca937e7f,0.19185800000559539,0,0,0.0005494922954559051,0.0005494922954559051,0.6004727885902611
ipod_to_slr,inner,1,tagi_diag,1.0,43,mean3,482,451,7216,16,7712,15b755bf7c8a9e7ff46421d1d04a5c32a7d75481f15116a4e740e4ed0d143fd1,0.7708592000417411,0,0,0.00013486220185049048,0.00013486220185049048,0.6274802965417796
ipod_to_slr,inner,1,tagi_diag,1.0,43,mean3,482,451,7216,64,30848,f18529cdcde08afb35a74f1f0262d09d44322a16923bbd12a49c42ec7fea7ccf,3.0866660000174306,0,0,3.294115514255419e-05,3.294115514255419e-05,0.9971310557775831
ipod_to_slr,inner,1,tagi_full3,0.1,17,raw36,482,2563,41008,1,482,504106bb42ed7c72c8d79542a3449f0dcb39b9791ff3156dcd0bfd91fc7a7fd6,0.09058989997720346,0,0,0.0007202230391197796,0.0007202230391197796,0.5193315085060202
ipod_to_slr,inner,1,tagi_full3,0.1,17,raw36,482,2563,41008,4,1928,a4491330da9c9458d376a5e1f8dbf57c4fba65462c0d62131019677e542d27f5,0.36035929998615757,0,0,6.3007234644294475e-06,6.3007234644294475e-06,0.8103948292907377
ipod_to_slr,inner,1,tagi_full3,0.1,17,raw36,482,2563,41008,16,7712,ee59e86c0e306f09437f4527feccb9b2ba22a5ec70f0ee0f3dedd3487b6ac5d7,1.4313334999606013,0,0,4.0099005568155244e-07,4.0099005568155244e-07,1.5288370779738238
ipod_to_slr,inner,1,tagi_full3,0.1,17,raw36,482,2563,41008,64,30848,f319b589b923f054fe646d9b4eec9f22aa626fa434fdb135fae95b6a30c6768f,5.745381099986844,0,0,3.2834406307876206e-08,3.2834406307876206e-08,2.6909001509481114
ipod_to_slr,inner,1,tagi_full3,0.3,17,raw36,482,2563,41008,1,482,504106bb42ed7c72c8d79542a3449f0dcb39b9791ff3156dcd0bfd91fc7a7fd6,0.09058989997720346,0,0,0.0010658885370496327,0.0010658885370496327,0.5052372036315144
ipod_to_slr,inner,1,tagi_full3,0.3,17,raw36,482,2563,41008,4,1928,a4491330da9c9458d376a5e1f8dbf57c4fba65462c0d62131019677e542d27f5,0.36035929998615757,0,0,0.00012691661549014125,0.00012691661549014125,0.565261134126703
ipod_to_slr,inner,1,tagi_full3,0.3,17,raw36,482,2563,41008,16,7712,ee59e86c0e306f09437f4527feccb9b2ba22a5ec70f0ee0f3dedd3487b6ac5d7,1.4313334999606013,0,0,9.904889814577896e-06,9.904889814577896e-06,0.8529565729674358
ipod_to_slr,inner,1,tagi_full3,0.3,17,raw36,482,2563,41008,64,30848,f319b589b923f054fe646d9b4eec9f22aa626fa434fdb135fae95b6a30c6768f,5.745381099986844,0,0,1.4155917294022123e-06,1.4155917294022123e-06,1.0480869222718072
ipod_to_slr,inner,1,tagi_full3,1.0,17,raw36,482,2563,41008,1,482,504106bb42ed7c72c8d79542a3449f0dcb39b9791ff3156dcd0bfd91fc7a7fd6,0.09058989997720346,0,0,0.0027750644684930875,0.0027750644684930875,0.5002476489079589
ipod_to_slr,inner,1,tagi_full3,1.0,17,raw36,482,2563,41008,4,1928,a4491330da9c9458d376a5e1f8dbf57c4fba65462c0d62131019677e542d27f5,0.36035929998615757,0,0,0.0007316832850741704,0.0007316832850741704,0.49714563743835843
ipod_to_slr,inner,1,tagi_full3,1.0,17,raw36,482,2563,41008,16,7712,ee59e86c0e306f09437f4527feccb9b2ba22a5ec70f0ee0f3dedd3487b6ac5d7,1.4313334999606013,0,0,0.0001358669198614824,0.0001358669198614824,0.5097199117768311
ipod_to_slr,inner,1,tagi_full3,1.0,17,raw36,482,2563,41008,64,30848,f319b589b923f054fe646d9b4eec9f22aa626fa434fdb135fae95b6a30c6768f,5.745381099986844,0,0,2.1017203907412208e-05,2.1017203907412208e-05,0.5170326950980756
ipod_to_slr,inner,1,tagi_full3,0.1,29,raw36,482,2563,41008,1,482,33052f6c8bc05aef4ec8067a542c3c3f1d6b743f1d809d3f6c6d5f56a7739419,0.09058989997720346,0,0,0.0007111480030091455,0.0007111480030091455,0.502163576841904
ipod_to_slr,inner,1,tagi_full3,0.1,29,raw36,482,2563,41008,4,1928,1b6b182ee8f6327fb46d2a6572ec08a14646124fe28b008c37e1b26199bd5e44,0.36035929998615757,0,0,9.056643197467232e-06,9.056643197467232e-06,0.8410514794511751
ipod_to_slr,inner,1,tagi_full3,0.1,29,raw36,482,2563,41008,16,7712,22ddf4218078c50b12ddc9fdf48e47b7bbe906c827002a21ffc48f56ee47d8bc,1.4313334999606013,0,0,3.540726872777964e-07,3.540726872777964e-07,1.4735772423138103
ipod_to_slr,inner,1,tagi_full3,0.1,29,raw36,482,2563,41008,64,30848,e54c39c3059e0e4c259b8c034a80077dd3204b47e27c903c767c4548d8a3973d,5.745381099986844,0,0,2.787651522772603e-08,2.787651522772603e-08,1.8903549144462206
ipod_to_slr,inner,1,tagi_full3,0.3,29,raw36,482,2563,41008,1,482,33052f6c8bc05aef4ec8067a542c3c3f1d6b743f1d809d3f6c6d5f56a7739419,0.09058989997720346,0,0,0.001043391586761608,0.001043391586761608,0.48680057749034955
ipod_to_slr,inner,1,tagi_full3,0.3,29,raw36,482,2563,41008,4,1928,1b6b182ee8f6327fb46d2a6572ec08a14646124fe28b008c37e1b26199bd5e44,0.36035929998615757,0,0,0.0001266918190077892,0.0001266918190077892,0.5547826803700153
ipod_to_slr,inner,1,tagi_full3,0.3,29,raw36,482,2563,41008,16,7712,22ddf4218078c50b12ddc9fdf48e47b7bbe906c827002a21ffc48f56ee47d8bc,1.4313334999606013,0,0,1.5232539624390908e-05,1.5232539624390908e-05,0.6461059527743734
ipod_to_slr,inner,1,tagi_full3,0.3,29,raw36,482,2563,41008,64,30848,e54c39c3059e0e4c259b8c034a80077dd3204b47e27c903c767c4548d8a3973d,5.745381099986844,0,0,1.141366267410776e-06,1.141366267410776e-06,0.9079175831126766
ipod_to_slr,inner,1,tagi_full3,1.0,29,raw36,482,2563,41008,1,482,33052f6c8bc05aef4ec8067a542c3c3f1d6b743f1d809d3f6c6d5f56a7739419,0.09058989997720346,0,0,0.0027645687904719126,0.0027645687904719126,0.48526319408612756
ipod_to_slr,inner,1,tagi_full3,1.0,29,raw36,482,2563,41008,4,1928,1b6b182ee8f6327fb46d2a6572ec08a14646124fe28b008c37e1b26199bd5e44,0.36035929998615757,0,0,0.0007280505286972974,0.0007280505286972974,0.4963685399845259
ipod_to_slr,inner,1,tagi_full3,1.0,29,raw36,482,2563,41008,16,7712,22ddf4218078c50b12ddc9fdf48e47b7bbe906c827002a21ffc48f56ee47d8bc,1.4313334999606013,0,0,0.00015315518000088925,0.00015315518000088925,0.5011172436638134
ipod_to_slr,inner,1,tagi_full3,1.0,29,raw36,482,2563,41008,64,30848,e54c39c3059e0e4c259b8c034a80077dd3204b47e27c903c767c4548d8a3973d,5.745381099986844,0,0,2.0212702795781185e-05,2.0212702795781185e-05,0.5707814297886746
ipod_to_slr,inner,1,tagi_full3,0.1,43,raw36,482,2563,41008,1,482,55e98d9c8e997f83dafa2aec4c7297e0aa656683440c2df1f620cc5921908891,0.09058989997720346,0,0,0.00045182496167455995,0.00045182496167455995,0.4888019766170861
ipod_to_slr,inner,1,tagi_full3,0.1,43,raw36,482,2563,41008,4,1928,a02376f2f2f93131402df407d43beed1f694462a4bf39d56ed392b48ca937e7f,0.36035929998615757,0,0,9.821853905706521e-06,9.821853905706521e-06,0.8510375236666057
ipod_to_slr,inner,1,tagi_full3,0.1,43,raw36,482,2563,41008,16,7712,15b755bf7c8a9e7ff46421d1d04a5c32a7d75481f15116a4e740e4ed0d143fd1,1.4313334999606013,0,0,3.3276584599422694e-07,3.3276584599422694e-07,1.4325807642311807
ipod_to_slr,inner,1,tagi_full3,0.1,43,raw36,482,2563,41008,64,30848,f18529cdcde08afb35a74f1f0262d09d44322a16923bbd12a49c42ec7fea7ccf,5.745381099986844,0,0,2.7696661946245183e-08,2.7696661946245183e-08,2.378379391437262
ipod_to_slr,inner,1,tagi_full3,0.3,43,raw36,482,2563,41008,1,482,55e98d9c8e997f83dafa2aec4c7297e0aa656683440c2df1f620cc5921908891,0.09058989997720346,0,0,0.000667191915259567,0.000667191915259567,0.4748291551262718
ipod_to_slr,inner,1,tagi_full3,0.3,43,raw36,482,2563,41008,4,1928,a02376f2f2f93131402df407d43beed1f694462a4bf39d56ed392b48ca937e7f,0.36035929998615757,0,0,9.21396730842794e-05,9.21396730842794e-05,0.5307244314539168
ipod_to_slr,inner,1,tagi_full3,0.3,43,raw36,482,2563,41008,16,7712,15b755bf7c8a9e7ff46421d1d04a5c32a7d75481f15116a4e740e4ed0d143fd1,1.4313334999606013,0,0,9.526295516456444e-06,9.526295516456444e-06,0.7162143546921274
ipod_to_slr,inner,1,tagi_full3,0.3,43,raw36,482,2563,41008,64,30848,f18529cdcde08afb35a74f1f0262d09d44322a16923bbd12a49c42ec7fea7ccf,5.745381099986844,0,0,8.784055324568061e-07,8.784055324568061e-07,0.8597674103801572
ipod_to_slr,inner,1,tagi_full3,1.0,43,raw36,482,2563,41008,1,482,55e98d9c8e997f83dafa2aec4c7297e0aa656683440c2df1f620cc5921908891,0.09058989997720346,0,0,0.0018412529046315412,0.0018412529046315412,0.47920687915976395
ipod_to_slr,inner,1,tagi_full3,1.0,43,raw36,482,2563,41008,4,1928,a02376f2f2f93131402df407d43beed1f694462a4bf39d56ed392b48ca937e7f,0.36035929998615757,0,0,0.0004729318048570948,0.0004729318048570948,0.49991876063453744
ipod_to_slr,inner,1,tagi_full3,1.0,43,raw36,482,2563,41008,16,7712,15b755bf7c8a9e7ff46421d1d04a5c32a7d75481f15116a4e740e4ed0d143fd1,1.4313334999606013,0,0,8.560791688133629e-05,8.560791688133629e-05,0.5127521018012754
ipod_to_slr,inner,1,tagi_full3,1.0,43,raw36,482,2563,41008,64,30848,f18529cdcde08afb35a74f1f0262d09d44322a16923bbd12a49c42ec7fea7ccf,5.745381099986844,0,0,1.4096485815129953e-05,1.4096485815129953e-05,0.5244624813905128
ipod_to_slr,inner,1,tagi_full3,0.1,17,mean3,482,451,7216,1,482,504106bb42ed7c72c8d79542a3449f0dcb39b9791ff3156dcd0bfd91fc7a7fd6,0.060199700004886836,0,0,5.5522570721383674e-05,5.5522570721383674e-05,0.8444888995444001
ipod_to_slr,inner,1,tagi_full3,0.1,17,mean3,482,451,7216,4,1928,a4491330da9c9458d376a5e1f8dbf57c4fba65462c0d62131019677e542d27f5,0.23820289998548105,0,0,6.670090312863508e-06,6.670090312863508e-06,1.0632105812503738
ipod_to_slr,inner,1,tagi_full3,0.1,17,mean3,482,451,7216,16,7712,ee59e86c0e306f09437f4527feccb9b2ba22a5ec70f0ee0f3dedd3487b6ac5d7,0.9476882999879308,0,0,1.3903768403149007e-06,1.3903768403149007e-06,1.4017593008503864
ipod_to_slr,inner,1,tagi_full3,0.1,17,mean3,482,451,7216,64,30848,f319b589b923f054fe646d9b4eec9f22aa626fa434fdb135fae95b6a30c6768f,3.791048299986869,0,0,2.447391128223667e-07,2.447391128223667e-07,1.696824428173035
ipod_to_slr,inner,1,tagi_full3,0.3,17,mean3,482,451,7216,1,482,504106bb42ed7c72c8d79542a3449f0dcb39b9791ff3156dcd0bfd91fc7a7fd6,0.060199700004886836,0,0,0.0003182386034990864,0.0003182386034990864,0.8639175405233783
ipod_to_slr,inner,1,tagi_full3,0.3,17,mean3,482,451,7216,4,1928,a4491330da9c9458d376a5e1f8dbf57c4fba65462c0d62131019677e542d27f5,0.23820289998548105,0,0,5.900310708291955e-05,5.900310708291955e-05,0.9452963714093062
ipod_to_slr,inner,1,tagi_full3,0.3,17,mean3,482,451,7216,16,7712,ee59e86c0e306f09437f4527feccb9b2ba22a5ec70f0ee0f3dedd3487b6ac5d7,0.9476882999879308,0,0,1.2699876700502325e-05,1.2699876700502325e-05,1.0620420022179555
ipod_to_slr,inner,1,tagi_full3,0.3,17,mean3,482,451,7216,64,30848,f319b589b923f054fe646d9b4eec9f22aa626fa434fdb135fae95b6a30c6768f,3.791048299986869,0,0,3.000453715573691e-06,3.000453715573691e-06,1.2151682341454124
ipod_to_slr,inner,1,tagi_full3,1.0,17,mean3,482,451,7216,1,482,504106bb42ed7c72c8d79542a3449f0dcb39b9791ff3156dcd0bfd91fc7a7fd6,0.060199700004886836,0,0,0.0019465977442483522,0.0019465977442483522,0.8404914073651685
ipod_to_slr,inner,1,tagi_full3,1.0,17,mean3,482,451,7216,4,1928,a4491330da9c9458d376a5e1f8dbf57c4fba65462c0d62131019677e542d27f5,0.23820289998548105,0,0,0.0005424577022743388,0.0005424577022743388,0.9309782594438617
ipod_to_slr,inner,1,tagi_full3,1.0,17,mean3,482,451,7216,16,7712,ee59e86c0e306f09437f4527feccb9b2ba22a5ec70f0ee0f3dedd3487b6ac5d7,0.9476882999879308,0,0,0.0001341303738294383,0.0001341303738294383,0.9407057036915721
ipod_to_slr,inner,1,tagi_full3,1.0,17,mean3,482,451,7216,64,30848,f319b589b923f054fe646d9b4eec9f22aa626fa434fdb135fae95b6a30c6768f,3.791048299986869,0,0,3.289480801369586e-05,3.289480801369586e-05,1.0009713231136264
ipod_to_slr,inner,1,tagi_full3,0.1,29,mean3,482,451,7216,1,482,33052f6c8bc05aef4ec8067a542c3c3f1d6b743f1d809d3f6c6d5f56a7739419,0.060199700004886836,0,0,5.454001295741406e-05,5.454001295741406e-05,0.7939541156194262
ipod_to_slr,inner,1,tagi_full3,0.1,29,mean3,482,451,7216,4,1928,1b6b182ee8f6327fb46d2a6572ec08a14646124fe28b008c37e1b26199bd5e44,0.23820289998548105,0,0,6.702425639724916e-06,6.702425639724916e-06,0.9160975013119558
ipod_to_slr,inner,1,tagi_full3,0.1,29,mean3,482,451,7216,16,7712,22ddf4218078c50b12ddc9fdf48e47b7bbe906c827002a21ffc48f56ee47d8bc,0.9476882999879308,0,0,1.3927281737547562e-06,1.3927281737547562e-06,1.001224427860828
ipod_to_slr,inner,1,tagi_full3,0.1,29,mean3,482,451,7216,64,30848,e54c39c3059e0e4c259b8c034a80077dd3204b47e27c903c767c4548d8a3973d,3.791048299986869,0,0,3.308213977186734e-07,3.308213977186734e-07,1.3715319470957599
ipod_to_slr,inner,1,tagi_full3,0.3,29,mean3,482,451,7216,1,482,33052f6c8bc05aef4ec8067a542c3c3f1d6b743f1d809d3f6c6d5f56a7739419,0.060199700004886836,0,0,0.0003207081439589049,0.0003207081439589049,0.6506769340469503
ipod_to_slr,inner,1,tagi_full3,0.3,29,mean3,482,451,7216,4,1928,1b6b182ee8f6327fb46d2a6572ec08a14646124fe28b008c37e1b26199bd5e44,0.23820289998548105,0,0,5.937567562938059e-05,5.937567562938059e-05,0.7452226216475829
ipod_to_slr,inner,1,tagi_full3,0.3,29,mean3,482,451,7216,16,7712,22ddf4218078c50b12ddc9fdf48e47b7bbe906c827002a21ffc48f56ee47d8bc,0.9476882999879308,0,0,1.2752029560408643e-05,1.2752029560408643e-05,1.048485625902372
ipod_to_slr,inner,1,tagi_full3,0.3,29,mean3,482,451,7216,64,30848,e54c39c3059e0e4c259b8c034a80077dd3204b47e27c903c767c4548d8a3973d,3.791048299986869,0,0,3.0062753852501672e-06,3.0062753852501672e-06,1.3219956250309526
ipod_to_slr,inner,1,tagi_full3,1.0,29,mean3,482,451,7216,1,482,33052f6c8bc05aef4ec8067a542c3c3f1d6b743f1d809d3f6c6d5f56a7739419,0.060199700004886836,0,0,0.00196721038753191,0.00196721038753191,0.6516006351873957
ipod_to_slr,inner,1,tagi_full3,1.0,29,mean3,482,451,7216,4,1928,1b6b182ee8f6327fb46d2a6572ec08a14646124fe28b008c37e1b26199bd5e44,0.23820289998548105,0,0,0.0005462944491864657,0.0005462944491864657,0.6761241631372272
ipod_to_slr,inner,1,tagi_full3,1.0,29,mean3,482,451,7216,16,7712,22ddf4218078c50b12ddc9fdf48e47b7bbe906c827002a21ffc48f56ee47d8bc,0.9476882999879308,0,0,0.00013453936030894734,0.00013453936030894734,0.7660211392297889
ipod_to_slr,inner,1,tagi_full3,1.0,29,mean3,482,451,7216,64,30848,e54c39c3059e0e4c259b8c034a80077dd3204b47e27c903c767c4548d8a3973d,3.791048299986869,0,0,3.292959369871136e-05,3.292959369871136e-05,1.171586691495035
ipod_to_slr,inner,1,tagi_full3,0.1,43,mean3,482,451,7216,1,482,55e98d9c8e997f83dafa2aec4c7297e0aa656683440c2df1f620cc5921908891,0.060199700004886836,0,0,5.53178464814413e-05,5.53178464814413e-05,0.7978416122290823
ipod_to_slr,inner,1,tagi_full3,0.1,43,mean3,482,451,7216,4,1928,a02376f2f2f93131402df407d43beed1f694462a4bf39d56ed392b48ca937e7f,0.23820289998548105,0,0,6.681079339281197e-06,6.681079339281197e-06,1.0305014836599893
ipod_to_slr,inner,1,tagi_full3,0.1,43,mean3,482,451,7216,16,7712,15b755bf7c8a9e7ff46421d1d04a5c32a7d75481f15116a4e740e4ed0d143fd1,0.9476882999879308,0,0,1.2899259639296468e-06,1.2899259639296468e-06,1.2649600384203992
ipod_to_slr,inner,1,tagi_full3,0.1,43,mean3,482,451,7216,64,30848,f18529cdcde08afb35a74f1f0262d09d44322a16923bbd12a49c42ec7fea7ccf,3.791048299986869,0,0,2.3050391937175136e-07,2.3050391937175136e-07,1.388583650786698
ipod_to_slr,inner,1,tagi_full3,0.3,43,mean3,482,451,7216,1,482,55e98d9c8e997f83dafa2aec4c7297e0aa656683440c2df1f620cc5921908891,0.060199700004886836,0,0,0.0003290708103715207,0.0003290708103715207,0.6177300192063239
ipod_to_slr,inner,1,tagi_full3,0.3,43,mean3,482,451,7216,4,1928,a02376f2f2f93131402df407d43beed1f694462a4bf39d56ed392b48ca937e7f,0.23820289998548105,0,0,5.903717956466145e-05,5.903717956466145e-05,0.6803968630043282
ipod_to_slr,inner,1,tagi_full3,0.3,43,mean3,482,451,7216,16,7712,15b755bf7c8a9e7ff46421d1d04a5c32a7d75481f15116a4e740e4ed0d143fd1,0.9476882999879308,0,0,1.2623831587015624e-05,1.2623831587015624e-05,0.9138515089969199
ipod_to_slr,inner,1,tagi_full3,0.3,43,mean3,482,451,7216,64,30848,f18529cdcde08afb35a74f1f0262d09d44322a16923bbd12a49c42ec7fea7ccf,3.791048299986869,0,0,2.9941405568522083e-06,2.9941405568522083e-06,1.038416264251843
ipod_to_slr,inner,1,tagi_full3,1.0,43,mean3,482,451,7216,1,482,55e98d9c8e997f83dafa2aec4c7297e0aa656683440c2df1f620cc5921908891,0.060199700004886836,0,0,0.0019715423100413504,0.0019715423100413504,0.584788948970797
ipod_to_slr,inner,1,tagi_full3,1.0,43,mean3,482,451,7216,4,1928,a02376f2f2f93131402df407d43beed1f694462a4bf39d56ed392b48ca937e7f,0.23820289998548105,0,0,0.0005495290201931506,0.0005495290201931506,0.6006228094008296
ipod_to_slr,inner,1,tagi_full3,1.0,43,mean3,482,451,7216,16,7712,15b755bf7c8a9e7ff46421d1d04a5c32a7d75481f15116a4e740e4ed0d143fd1,0.9476882999879308,0,0,0.0001348755348188941,0.0001348755348188941,0.6367695055767488
ipod_to_slr,inner,1,tagi_full3,1.0,43,mean3,482,451,7216,64,30848,f18529cdcde08afb35a74f1f0262d09d44322a16923bbd12a49c42ec7fea7ccf,3.791048299986869,0,0,3.2942045303894083e-05,3.2942045303894083e-05,0.9856416246314198
ipod_to_slr,inner,2,adam,0.0003,17,raw36,424,2563,61512,1,424,27bee7e319a20ce0039d0256ceafe168ae83ee592dc275bb72b44d2a64284b39,0.057614199991803616,0,0,,,0.5237323153833322
ipod_to_slr,inner,2,adam,0.0003,17,raw36,424,2563,61512,4,1696,39b0a4e12c9d6fc565bd67996f6130c4abd0632d5544b0cd20c41696e3925b24,0.22761200001696125,0,0,,,0.5397515196018855
ipod_to_slr,inner,2,adam,0.0003,17,raw36,424,2563,61512,16,6784,e197e42ebc3cdb92ea1da2d0acb76b8429850b34008cebbd381479236dc839f0,0.9172360000084154,0,0,,,0.5247828403852685
ipod_to_slr,inner,2,adam,0.0003,17,raw36,424,2563,61512,64,27136,302cf2fad8f04d7f6a5c39f688c63af9f8f33bab0a1ad245016f27d6117445f3,3.685998200031463,0,0,,,0.547504669851143
ipod_to_slr,inner,2,adam,0.001,17,raw36,424,2563,61512,1,424,27bee7e319a20ce0039d0256ceafe168ae83ee592dc275bb72b44d2a64284b39,0.057614199991803616,0,0,,,0.539523464386165
ipod_to_slr,inner,2,adam,0.001,17,raw36,424,2563,61512,4,1696,39b0a4e12c9d6fc565bd67996f6130c4abd0632d5544b0cd20c41696e3925b24,0.22761200001696125,0,0,,,0.5309415022159133
ipod_to_slr,inner,2,adam,0.001,17,raw36,424,2563,61512,16,6784,e197e42ebc3cdb92ea1da2d0acb76b8429850b34008cebbd381479236dc839f0,0.9172360000084154,0,0,,,0.558775375520277
ipod_to_slr,inner,2,adam,0.001,17,raw36,424,2563,61512,64,27136,302cf2fad8f04d7f6a5c39f688c63af9f8f33bab0a1ad245016f27d6117445f3,3.685998200031463,0,0,,,0.8121991940900563
ipod_to_slr,inner,2,adam,0.003,17,raw36,424,2563,61512,1,424,27bee7e319a20ce0039d0256ceafe168ae83ee592dc275bb72b44d2a64284b39,0.057614199991803616,0,0,,,0.5106229540800549
ipod_to_slr,inner,2,adam,0.003,17,raw36,424,2563,61512,4,1696,39b0a4e12c9d6fc565bd67996f6130c4abd0632d5544b0cd20c41696e3925b24,0.22761200001696125,0,0,,,0.6237002619760311
ipod_to_slr,inner,2,adam,0.003,17,raw36,424,2563,61512,16,6784,e197e42ebc3cdb92ea1da2d0acb76b8429850b34008cebbd381479236dc839f0,0.9172360000084154,0,0,,,0.9665949634898049
ipod_to_slr,inner,2,adam,0.003,17,raw36,424,2563,61512,64,27136,302cf2fad8f04d7f6a5c39f688c63af9f8f33bab0a1ad245016f27d6117445f3,3.685998200031463,0,0,,,2.0910594206375994
ipod_to_slr,inner,2,adam,0.0003,29,raw36,424,2563,61512,1,424,a82e2a2f24d71bc3ea47c74d4a258dc23b9199ba5a1fffca246e36e42811698b,0.057614199991803616,0,0,,,0.491743708640607
ipod_to_slr,inner,2,adam,0.0003,29,raw36,424,2563,61512,4,1696,60e5ade3827b382de4e8d1699cb4424590c4b9132a235b3cc423deac00fe99ad,0.22761200001696125,0,0,,,0.4880985140821647
ipod_to_slr,inner,2,adam,0.0003,29,raw36,424,2563,61512,16,6784,d89480b28085c216e0a0d1a7a01f513f8fe4d657231e1fb96b9c727302e18dde,0.9172360000084154,0,0,,,0.5149969085079343
ipod_to_slr,inner,2,adam,0.0003,29,raw36,424,2563,61512,64,27136,97ed6b55969839a0edd41a9e2bbbbdb6b03cf8e59fc74eb0084b93bd35ac87b0,3.685998200031463,0,0,,,0.5421641827437956
ipod_to_slr,inner,2,adam,0.001,29,raw36,424,2563,61512,1,424,a82e2a2f24d71bc3ea47c74d4a258dc23b9199ba5a1fffca246e36e42811698b,0.057614199991803616,0,0,,,0.4821658919129037
ipod_to_slr,inner,2,adam,0.001,29,raw36,424,2563,61512,4,1696,60e5ade3827b382de4e8d1699cb4424590c4b9132a235b3cc423deac00fe99ad,0.22761200001696125,0,0,,,0.4908599403229555
ipod_to_slr,inner,2,adam,0.001,29,raw36,424,2563,61512,16,6784,d89480b28085c216e0a0d1a7a01f513f8fe4d657231e1fb96b9c727302e18dde,0.9172360000084154,0,0,,,0.49015513476089695
ipod_to_slr,inner,2,adam,0.001,29,raw36,424,2563,61512,64,27136,97ed6b55969839a0edd41a9e2bbbbdb6b03cf8e59fc74eb0084b93bd35ac87b0,3.685998200031463,0,0,,,0.7963080621605765
ipod_to_slr,inner,2,adam,0.003,29,raw36,424,2563,61512,1,424,a82e2a2f24d71bc3ea47c74d4a258dc23b9199ba5a1fffca246e36e42811698b,0.057614199991803616,0,0,,,0.5290334485090719
ipod_to_slr,inner,2,adam,0.003,29,raw36,424,2563,61512,4,1696,60e5ade3827b382de4e8d1699cb4424590c4b9132a235b3cc423deac00fe99ad,0.22761200001696125,0,0,,,0.5329382252788504
ipod_to_slr,inner,2,adam,0.003,29,raw36,424,2563,61512,16,6784,d89480b28085c216e0a0d1a7a01f513f8fe4d657231e1fb96b9c727302e18dde,0.9172360000084154,0,0,,,0.7821960849070304
ipod_to_slr,inner,2,adam,0.003,29,raw36,424,2563,61512,64,27136,97ed6b55969839a0edd41a9e2bbbbdb6b03cf8e59fc74eb0084b93bd35ac87b0,3.685998200031463,0,0,,,1.9618703410213754
ipod_to_slr,inner,2,adam,0.0003,43,raw36,424,2563,61512,1,424,db4256d6d1337ea0e61be185544bfe1b0a19708c1831e6161ecc2d323d281852,0.057614199991803616,0,0,,,0.48976562245682875
ipod_to_slr,inner,2,adam,0.0003,43,raw36,424,2563,61512,4,1696,dc150bc5aa95dad1803c0d0bd9ed308fa1382055ea4333c5f3e88257bed6f161,0.22761200001696125,0,0,,,0.4953151146968148
ipod_to_slr,inner,2,adam,0.0003,43,raw36,424,2563,61512,16,6784,12470bd5844fbdec2bf6ae0c6b8d10d17a818fa4cfbe2ba34b5dea7a087cbb23,0.9172360000084154,0,0,,,0.48638695859376774
ipod_to_slr,inner,2,adam,0.0003,43,raw36,424,2563,61512,64,27136,0f6cf2758e4e648f203cfdab569b970c1d0c1bf54c2aa360694febca5e73648a,3.685998200031463,0,0,,,0.5069239385232039
ipod_to_slr,inner,2,adam,0.001,43,raw36,424,2563,61512,1,424,db4256d6d1337ea0e61be185544bfe1b0a19708c1831e6161ecc2d323d281852,0.057614199991803616,0,0,,,0.49083009726601584
ipod_to_slr,inner,2,adam,0.001,43,raw36,424,2563,61512,4,1696,dc150bc5aa95dad1803c0d0bd9ed308fa1382055ea4333c5f3e88257bed6f161,0.22761200001696125,0,0,,,0.48909047855970605
ipod_to_slr,inner,2,adam,0.001,43,raw36,424,2563,61512,16,6784,12470bd5844fbdec2bf6ae0c6b8d10d17a818fa4cfbe2ba34b5dea7a087cbb23,0.9172360000084154,0,0,,,0.5073735747058554
ipod_to_slr,inner,2,adam,0.001,43,raw36,424,2563,61512,64,27136,0f6cf2758e4e648f203cfdab569b970c1d0c1bf54c2aa360694febca5e73648a,3.685998200031463,0,0,,,0.8634868267988185
ipod_to_slr,inner,2,adam,0.003,43,raw36,424,2563,61512,1,424,db4256d6d1337ea0e61be185544bfe1b0a19708c1831e6161ecc2d323d281852,0.057614199991803616,0,0,,,0.48599933395709766
ipod_to_slr,inner,2,adam,0.003,43,raw36,424,2563,61512,4,1696,dc150bc5aa95dad1803c0d0bd9ed308fa1382055ea4333c5f3e88257bed6f161,0.22761200001696125,0,0,,,0.5179078442091494
ipod_to_slr,inner,2,adam,0.003,43,raw36,424,2563,61512,16,6784,12470bd5844fbdec2bf6ae0c6b8d10d17a818fa4cfbe2ba34b5dea7a087cbb23,0.9172360000084154,0,0,,,0.9373533600740411
ipod_to_slr,inner,2,adam,0.003,43,raw36,424,2563,61512,64,27136,0f6cf2758e4e648f203cfdab569b970c1d0c1bf54c2aa360694febca5e73648a,3.685998200031463,0,0,,,1.999614431902313
ipod_to_slr,inner,2,adam,0.0003,17,mean3,424,451,10824,1,424,27bee7e319a20ce0039d0256ceafe168ae83ee592dc275bb72b44d2a64284b39,0.02903680002782494,0,0,,,0.6009869508366376
ipod_to_slr,inner,2,adam,0.0003,17,mean3,424,451,10824,4,1696,39b0a4e12c9d6fc565bd67996f6130c4abd0632d5544b0cd20c41696e3925b24,0.11354140000184998,0,0,,,0.6993589439751255
ipod_to_slr,inner,2,adam,0.0003,17,mean3,424,451,10824,16,6784,e197e42ebc3cdb92ea1da2d0acb76b8429850b34008cebbd381479236dc839f0,0.45430270000360906,0,0,,,0.8476713398174974
ipod_to_slr,inner,2,adam,0.0003,17,mean3,424,451,10824,64,27136,302cf2fad8f04d7f6a5c39f688c63af9f8f33bab0a1ad245016f27d6117445f3,1.839082700025756,0,0,,,0.8699891196048247
ipod_to_slr,inner,2,adam,0.001,17,mean3,424,451,10824,1,424,27bee7e319a20ce0039d0256ceafe168ae83ee592dc275bb72b44d2a64284b39,0.02903680002782494,0,0,,,0.6649397644993494
ipod_to_slr,inner,2,adam,0.001,17,mean3,424,451,10824,4,1696,39b0a4e12c9d6fc565bd67996f6130c4abd0632d5544b0cd20c41696e3925b24,0.11354140000184998,0,0,,,0.8284963582865135
ipod_to_slr,inner,2,adam,0.001,17,mean3,424,451,10824,16,6784,e197e42ebc3cdb92ea1da2d0acb76b8429850b34008cebbd381479236dc839f0,0.45430270000360906,0,0,,,0.8654314836227596
ipod_to_slr,inner,2,adam,0.001,17,mean3,424,451,10824,64,27136,302cf2fad8f04d7f6a5c39f688c63af9f8f33bab0a1ad245016f27d6117445f3,1.839082700025756,0,0,,,1.124254147932715
ipod_to_slr,inner,2,adam,0.003,17,mean3,424,451,10824,1,424,27bee7e319a20ce0039d0256ceafe168ae83ee592dc275bb72b44d2a64284b39,0.02903680002782494,0,0,,,0.7774428113995798
ipod_to_slr,inner,2,adam,0.003,17,mean3,424,451,10824,4,1696,39b0a4e12c9d6fc565bd67996f6130c4abd0632d5544b0cd20c41696e3925b24,0.11354140000184998,0,0,,,0.8116203051942168
ipod_to_slr,inner,2,adam,0.003,17,mean3,424,451,10824,16,6784,e197e42ebc3cdb92ea1da2d0acb76b8429850b34008cebbd381479236dc839f0,0.45430270000360906,0,0,,,0.8158956732052702
ipod_to_slr,inner,2,adam,0.003,17,mean3,424,451,10824,64,27136,302cf2fad8f04d7f6a5c39f688c63af9f8f33bab0a1ad245016f27d6117445f3,1.839082700025756,0,0,,,1.407406588412035
ipod_to_slr,inner,2,adam,0.0003,29,mean3,424,451,10824,1,424,a82e2a2f24d71bc3ea47c74d4a258dc23b9199ba5a1fffca246e36e42811698b,0.02903680002782494,0,0,,,0.5117040468931634
ipod_to_slr,inner,2,adam,0.0003,29,mean3,424,451,10824,4,1696,60e5ade3827b382de4e8d1699cb4424590c4b9132a235b3cc423deac00fe99ad,0.11354140000184998,0,0,,,0.5351408627330116
ipod_to_slr,inner,2,adam,0.0003,29,mean3,424,451,10824,16,6784,d89480b28085c216e0a0d1a7a01f513f8fe4d657231e1fb96b9c727302e18dde,0.45430270000360906,0,0,,,0.5557929070953912
ipod_to_slr,inner,2,adam,0.0003,29,mean3,424,451,10824,64,27136,97ed6b55969839a0edd41a9e2bbbbdb6b03cf8e59fc74eb0084b93bd35ac87b0,1.839082700025756,0,0,,,0.7376082532819469
ipod_to_slr,inner,2,adam,0.001,29,mean3,424,451,10824,1,424,a82e2a2f24d71bc3ea47c74d4a258dc23b9199ba5a1fffca246e36e42811698b,0.02903680002782494,0,0,,,0.5288178728620357
ipod_to_slr,inner,2,adam,0.001,29,mean3,424,451,10824,4,1696,60e5ade3827b382de4e8d1699cb4424590c4b9132a235b3cc423deac00fe99ad,0.11354140000184998,0,0,,,0.5551450790957684
ipod_to_slr,inner,2,adam,0.001,29,mean3,424,451,10824,16,6784,d89480b28085c216e0a0d1a7a01f513f8fe4d657231e1fb96b9c727302e18dde,0.45430270000360906,0,0,,,0.6732142085973446
ipod_to_slr,inner,2,adam,0.001,29,mean3,424,451,10824,64,27136,97ed6b55969839a0edd41a9e2bbbbdb6b03cf8e59fc74eb0084b93bd35ac87b0,1.839082700025756,0,0,,,1.1881935935026802
ipod_to_slr,inner,2,adam,0.003,29,mean3,424,451,10824,1,424,a82e2a2f24d71bc3ea47c74d4a258dc23b9199ba5a1fffca246e36e42811698b,0.02903680002782494,0,0,,,0.5641709208415865
ipod_to_slr,inner,2,adam,0.003,29,mean3,424,451,10824,4,1696,60e5ade3827b382de4e8d1699cb4424590c4b9132a235b3cc423deac00fe99ad,0.11354140000184998,0,0,,,0.5901986542983593
ipod_to_slr,inner,2,adam,0.003,29,mean3,424,451,10824,16,6784,d89480b28085c216e0a0d1a7a01f513f8fe4d657231e1fb96b9c727302e18dde,0.45430270000360906,0,0,,,0.8906288584318551
ipod_to_slr,inner,2,adam,0.003,29,mean3,424,451,10824,64,27136,97ed6b55969839a0edd41a9e2bbbbdb6b03cf8e59fc74eb0084b93bd35ac87b0,1.839082700025756,0,0,,,1.4255774973753277
ipod_to_slr,inner,2,adam,0.0003,43,mean3,424,451,10824,1,424,db4256d6d1337ea0e61be185544bfe1b0a19708c1831e6161ecc2d323d281852,0.02903680002782494,0,0,,,0.5051769772542499
ipod_to_slr,inner,2,adam,0.0003,43,mean3,424,451,10824,4,1696,dc150bc5aa95dad1803c0d0bd9ed308fa1382055ea4333c5f3e88257bed6f161,0.11354140000184998,0,0,,,0.5625118740838012
ipod_to_slr,inner,2,adam,0.0003,43,mean3,424,451,10824,16,6784,12470bd5844fbdec2bf6ae0c6b8d10d17a818fa4cfbe2ba34b5dea7a087cbb23,0.45430270000360906,0,0,,,0.5989178242209559
ipod_to_slr,inner,2,adam,0.0003,43,mean3,424,451,10824,64,27136,0f6cf2758e4e648f203cfdab569b970c1d0c1bf54c2aa360694febca5e73648a,1.839082700025756,0,0,,,0.7106586519812665
ipod_to_slr,inner,2,adam,0.001,43,mean3,424,451,10824,1,424,db4256d6d1337ea0e61be185544bfe1b0a19708c1831e6161ecc2d323d281852,0.02903680002782494,0,0,,,0.5701245845129955
ipod_to_slr,inner,2,adam,0.001,43,mean3,424,451,10824,4,1696,dc150bc5aa95dad1803c0d0bd9ed308fa1382055ea4333c5f3e88257bed6f161,0.11354140000184998,0,0,,,0.6049879894555534
ipod_to_slr,inner,2,adam,0.001,43,mean3,424,451,10824,16,6784,12470bd5844fbdec2bf6ae0c6b8d10d17a818fa4cfbe2ba34b5dea7a087cbb23,0.45430270000360906,0,0,,,0.6057848162716648
ipod_to_slr,inner,2,adam,0.001,43,mean3,424,451,10824,64,27136,0f6cf2758e4e648f203cfdab569b970c1d0c1bf54c2aa360694febca5e73648a,1.839082700025756,0,0,,,1.0314960746745623
ipod_to_slr,inner,2,adam,0.003,43,mean3,424,451,10824,1,424,db4256d6d1337ea0e61be185544bfe1b0a19708c1831e6161ecc2d323d281852,0.02903680002782494,0,0,,,0.6016859555111019
ipod_to_slr,inner,2,adam,0.003,43,mean3,424,451,10824,4,1696,dc150bc5aa95dad1803c0d0bd9ed308fa1382055ea4333c5f3e88257bed6f161,0.11354140000184998,0,0,,,0.5304151026769125
ipod_to_slr,inner,2,adam,0.003,43,mean3,424,451,10824,16,6784,12470bd5844fbdec2bf6ae0c6b8d10d17a818fa4cfbe2ba34b5dea7a087cbb23,0.45430270000360906,0,0,,,0.6949927427835911
ipod_to_slr,inner,2,adam,0.003,43,mean3,424,451,10824,64,27136,0f6cf2758e4e648f203cfdab569b970c1d0c1bf54c2aa360694febca5e73648a,1.839082700025756,0,0,,,1.1618633653301027
ipod_to_slr,inner,2,tagi_diag,0.1,17,raw36,424,2563,41008,1,424,27bee7e319a20ce0039d0256ceafe168ae83ee592dc275bb72b44d2a64284b39,0.06789150001714006,0,0,0.0010048344545368014,0.0010048344545368014,0.5321864372120545
ipod_to_slr,inner,2,tagi_diag,0.1,17,raw36,424,2563,41008,4,1696,39b0a4e12c9d6fc565bd67996f6130c4abd0632d5544b0cd20c41696e3925b24,0.2702270000008866,0,0,1.1219483885160142e-05,1.1219483885160142e-05,0.7229982131228214
ipod_to_slr,inner,2,tagi_diag,0.1,17,raw36,424,2563,41008,16,6784,e197e42ebc3cdb92ea1da2d0acb76b8429850b34008cebbd381479236dc839f0,1.081652800028678,0,0,6.548801725018509e-07,6.548801725018509e-07,1.4536232464836307
ipod_to_slr,inner,2,tagi_diag,0.1,17,raw36,424,2563,41008,64,27136,302cf2fad8f04d7f6a5c39f688c63af9f8f33bab0a1ad245016f27d6117445f3,4.334329999983311,0,0,5.097904232303828e-08,5.097904232303828e-08,2.288550795250031
ipod_to_slr,inner,2,tagi_diag,0.3,17,raw36,424,2563,41008,1,424,27bee7e319a20ce0039d0256ceafe168ae83ee592dc275bb72b44d2a64284b39,0.06789150001714006,0,0,0.001402151032014596,0.001402151032014596,0.5168406223881205
ipod_to_slr,inner,2,tagi_diag,0.3,17,raw36,424,2563,41008,4,1696,39b0a4e12c9d6fc565bd67996f6130c4abd0632d5544b0cd20c41696e3925b24,0.2702270000008866,0,0,0.00017050572504918467,0.00017050572504918467,0.5855686282883242
ipod_to_slr,inner,2,tagi_diag,0.3,17,raw36,424,2563,41008,16,6784,e197e42ebc3cdb92ea1da2d0acb76b8429850b34008cebbd381479236dc839f0,1.081652800028678,0,0,1.416359163298074e-05,1.416359163298074e-05,0.7022065469898982
ipod_to_slr,inner,2,tagi_diag,0.3,17,raw36,424,2563,41008,64,27136,302cf2fad8f04d7f6a5c39f688c63af9f8f33bab0a1ad245016f27d6117445f3,4.334329999983311,0,0,1.1463326619431523e-06,1.1463326619431523e-06,0.9101974999503102
ipod_to_slr,inner,2,tagi_diag,1.0,17,raw36,424,2563,41008,1,424,27bee7e319a20ce0039d0256ceafe168ae83ee592dc275bb72b44d2a64284b39,0.06789150001714006,0,0,0.0032331122665483192,0.0032331122665483192,0.5186634176710526
ipod_to_slr,inner,2,tagi_diag,1.0,17,raw36,424,2563,41008,4,1696,39b0a4e12c9d6fc565bd67996f6130c4abd0632d5544b0cd20c41696e3925b24,0.2702270000008866,0,0,0.0008820386665365319,0.0008820386665365319,0.5270214375668494
ipod_to_slr,inner,2,tagi_diag,1.0,17,raw36,424,2563,41008,16,6784,e197e42ebc3cdb92ea1da2d0acb76b8429850b34008cebbd381479236dc839f0,1.081652800028678,0,0,0.00018273762214498685,0.00018273762214498685,0.532048004641839
ipod_to_slr,inner,2,tagi_diag,1.0,17,raw36,424,2563,41008,64,27136,302cf2fad8f04d7f6a5c39f688c63af9f8f33bab0a1ad245016f27d6117445f3,4.334329999983311,0,0,3.109486108115947e-05,3.109486108115947e-05,0.5857185868591913
ipod_to_slr,inner,2,tagi_diag,0.1,29,raw36,424,2563,41008,1,424,a82e2a2f24d71bc3ea47c74d4a258dc23b9199ba5a1fffca246e36e42811698b,0.06789150001714006,0,0,0.0009882219832358765,0.0009882219832358765,0.49831180352632276
ipod_to_slr,inner,2,tagi_diag,0.1,29,raw36,424,2563,41008,4,1696,60e5ade3827b382de4e8d1699cb4424590c4b9132a235b3cc423deac00fe99ad,0.2702270000008866,0,0,1.1198559830093284e-05,1.1198559830093284e-05,0.7912453871953464
ipod_to_slr,inner,2,tagi_diag,0.1,29,raw36,424,2563,41008,16,6784,d89480b28085c216e0a0d1a7a01f513f8fe4d657231e1fb96b9c727302e18dde,1.081652800028678,0,0,6.960510576543544e-07,6.960510576543544e-07,1.1983889264199168
ipod_to_slr,inner,2,tagi_diag,0.1,29,raw36,424,2563,41008,64,27136,97ed6b55969839a0edd41a9e2bbbbdb6b03cf8e59fc74eb0084b93bd35ac87b0,4.334329999983311,0,0,9.588841870506296e-08,9.588841870506296e-08,2.1032821489682574
ipod_to_slr,inner,2,tagi_diag,0.3,29,raw36,424,2563,41008,1,424,a82e2a2f24d71bc3ea47c74d4a258dc23b9199ba5a1fffca246e36e42811698b,0.06789150001714006,0,0,0.0013579313528591173,0.0013579313528591173,0.48409002175845356
ipod_to_slr,inner,2,tagi_diag,0.3,29,raw36,424,2563,41008,4,1696,60e5ade3827b382de4e8d1699cb4424590c4b9132a235b3cc423deac00fe99ad,0.2702270000008866,0,0,0.00017183663377657942,0.00017183663377657942,0.5446534393624012
ipod_to_slr,inner,2,tagi_diag,0.3,29,raw36,424,2563,41008,16,6784,d89480b28085c216e0a0d1a7a01f513f8fe4d657231e1fb96b9c727302e18dde,1.081652800028678,0,0,1.4897942188936411e-05,1.4897942188936411e-05,0.654047579755459
ipod_to_slr,inner,2,tagi_diag,0.3,29,raw36,424,2563,41008,64,27136,97ed6b55969839a0edd41a9e2bbbbdb6b03cf8e59fc74eb0084b93bd35ac87b0,4.334329999983311,0,0,1.8910793880582616e-06,1.8910793880582616e-06,0.7448269885514514
ipod_to_slr,inner,2,tagi_diag,1.0,29,raw36,424,2563,41008,1,424,a82e2a2f24d71bc3ea47c74d4a258dc23b9199ba5a1fffca246e36e42811698b,0.06789150001714006,0,0,0.0032461251127895007,0.0032461251127895007,0.4910149143494301
ipod_to_slr,inner,2,tagi_diag,1.0,29,raw36,424,2563,41008,4,1696,60e5ade3827b382de4e8d1699cb4424590c4b9132a235b3cc423deac00fe99ad,0.2702270000008866,0,0,0.0008962895036517835,0.0008962895036517835,0.5029194032802725
ipod_to_slr,inner,2,tagi_diag,1.0,29,raw36,424,2563,41008,16,6784,d89480b28085c216e0a0d1a7a01f513f8fe4d657231e1fb96b9c727302e18dde,1.081652800028678,0,0,0.00018375259103314088,0.00018375259103314088,0.5097325845467742
ipod_to_slr,inner,2,tagi_diag,1.0,29,raw36,424,2563,41008,64,27136,97ed6b55969839a0edd41a9e2bbbbdb6b03cf8e59fc74eb0084b93bd35ac87b0,4.334329999983311,0,0,3.2745737776687954e-05,3.2745737776687954e-05,0.5102237809138279
ipod_to_slr,inner,2,tagi_diag,0.1,43,raw36,424,2563,41008,1,424,db4256d6d1337ea0e61be185544bfe1b0a19708c1831e6161ecc2d323d281852,0.06789150001714006,0,0,0.0003827477860606578,0.0003827477860606578,0.5110406380065246
ipod_to_slr,inner,2,tagi_diag,0.1,43,raw36,424,2563,41008,4,1696,dc150bc5aa95dad1803c0d0bd9ed308fa1382055ea4333c5f3e88257bed6f161,0.2702270000008866,0,0,7.534604334725946e-06,7.534604334725946e-06,0.7506824853633743
ipod_to_slr,inner,2,tagi_diag,0.1,43,raw36,424,2563,41008,16,6784,12470bd5844fbdec2bf6ae0c6b8d10d17a818fa4cfbe2ba34b5dea7a087cbb23,1.081652800028678,0,0,3.7645519557234086e-07,3.7645519557234086e-07,1.0452629377238143
ipod_to_slr,inner,2,tagi_diag,0.1,43,raw36,424,2563,41008,64,27136,0f6cf2758e4e648f203cfdab569b970c1d0c1bf54c2aa360694febca5e73648a,4.334329999983311,0,0,3.692294802775569e-08,3.692294802775569e-08,1.9494331151715312
ipod_to_slr,inner,2,tagi_diag,0.3,43,raw36,424,2563,41008,1,424,db4256d6d1337ea0e61be185544bfe1b0a19708c1831e6161ecc2d323d281852,0.06789150001714006,0,0,0.0007083672744479711,0.0007083672744479711,0.48395502987077804
ipod_to_slr,inner,2,tagi_diag,0.3,43,raw36,424,2563,41008,4,1696,dc150bc5aa95dad1803c0d0bd9ed308fa1382055ea4333c5f3e88257bed6f161,0.2702270000008866,0,0,9.472918335771045e-05,9.472918335771045e-05,0.5392238643738483
ipod_to_slr,inner,2,tagi_diag,0.3,43,raw36,424,2563,41008,16,6784,12470bd5844fbdec2bf6ae0c6b8d10d17a818fa4cfbe2ba34b5dea7a087cbb23,1.081652800028678,0,0,8.688530467826838e-06,8.688530467826838e-06,0.6260812503427233
ipod_to_slr,inner,2,tagi_diag,0.3,43,raw36,424,2563,41008,64,27136,0f6cf2758e4e648f203cfdab569b970c1d0c1bf54c2aa360694febca5e73648a,4.334329999983311,0,0,1.1508322483737602e-06,1.1508322483737602e-06,0.8257633590944243
ipod_to_slr,inner,2,tagi_diag,1.0,43,raw36,424,2563,41008,1,424,db4256d6d1337ea0e61be185544bfe1b0a19708c1831e6161ecc2d323d281852,0.06789150001714006,0,0,0.001931231159700615,0.001931231159700615,0.4760897276306057
ipod_to_slr,inner,2,tagi_diag,1.0,43,raw36,424,2563,41008,4,1696,dc150bc5aa95dad1803c0d0bd9ed308fa1382055ea4333c5f3e88257bed6f161,0.2702270000008866,0,0,0.0004796679187364429,0.0004796679187364429,0.47087380894149217
ipod_to_slr,inner,2,tagi_diag,1.0,43,raw36,424,2563,41008,16,6784,12470bd5844fbdec2bf6ae0c6b8d10d17a818fa4cfbe2ba34b5dea7a087cbb23,1.081652800028678,0,0,6.943923891311437e-05,6.943923891311437e-05,0.4831042779139806
ipod_to_slr,inner,2,tagi_diag,1.0,43,raw36,424,2563,41008,64,27136,0f6cf2758e4e648f203cfdab569b970c1d0c1bf54c2aa360694febca5e73648a,4.334329999983311,0,0,1.2395484634305115e-05,1.2395484634305115e-05,0.5178720929933819
ipod_to_slr,inner,2,tagi_diag,0.1,17,mean3,424,451,7216,1,424,27bee7e319a20ce0039d0256ceafe168ae83ee592dc275bb72b44d2a64284b39,0.04775199998402968,0,0,8.782866040789802e-05,8.782866040789802e-05,0.8492151913342155
ipod_to_slr,inner,2,tagi_diag,0.1,17,mean3,424,451,7216,4,1696,39b0a4e12c9d6fc565bd67996f6130c4abd0632d5544b0cd20c41696e3925b24,0.1750006999936886,0,0,8.464945918960538e-06,8.464945918960538e-06,0.8577138939899392
ipod_to_slr,inner,2,tagi_diag,0.1,17,mean3,424,451,7216,16,6784,e197e42ebc3cdb92ea1da2d0acb76b8429850b34008cebbd381479236dc839f0,0.6788001999957487,0,0,1.6416406038641215e-06,1.6416406038641215e-06,0.8648485980139277
ipod_to_slr,inner,2,tagi_diag,0.1,17,mean3,424,451,7216,64,27136,302cf2fad8f04d7f6a5c39f688c63af9f8f33bab0a1ad245016f27d6117445f3,2.7147838000091724,0,0,3.803487002607355e-07,3.803487002607355e-07,1.0611610600786374
ipod_to_slr,inner,2,tagi_diag,0.3,17,mean3,424,451,7216,1,424,27bee7e319a20ce0039d0256ceafe168ae83ee592dc275bb72b44d2a64284b39,0.04775199998402968,0,0,0.00040125989387317736,0.00040125989387317736,0.8140992288623269
ipod_to_slr,inner,2,tagi_diag,0.3,17,mean3,424,451,7216,4,1696,39b0a4e12c9d6fc565bd67996f6130c4abd0632d5544b0cd20c41696e3925b24,0.1750006999936886,0,0,7.175351106135686e-05,7.175351106135686e-05,0.84975505751335
ipod_to_slr,inner,2,tagi_diag,0.3,17,mean3,424,451,7216,16,6784,e197e42ebc3cdb92ea1da2d0acb76b8429850b34008cebbd381479236dc839f0,0.6788001999957487,0,0,1.4932222893602576e-05,1.4932222893602576e-05,0.8798314728144667
ipod_to_slr,inner,2,tagi_diag,0.3,17,mean3,424,451,7216,64,27136,302cf2fad8f04d7f6a5c39f688c63af9f8f33bab0a1ad245016f27d6117445f3,2.7147838000091724,0,0,3.4550632623483145e-06,3.4550632623483145e-06,1.3623955856266028
ipod_to_slr,inner,2,tagi_diag,1.0,17,mean3,424,451,7216,1,424,27bee7e319a20ce0039d0256ceafe168ae83ee592dc275bb72b44d2a64284b39,0.04775199998402968,0,0,0.00221606530155749,0.00221606530155749,0.8038681966165048
ipod_to_slr,inner,2,tagi_diag,1.0,17,mean3,424,451,7216,4,1696,39b0a4e12c9d6fc565bd67996f6130c4abd0632d5544b0cd20c41696e3925b24,0.1750006999936886,0,0,0.0006260361591480143,0.0006260361591480143,0.9202834081046234
ipod_to_slr,inner,2,tagi_diag,1.0,17,mean3,424,451,7216,16,6784,e197e42ebc3cdb92ea1da2d0acb76b8429850b34008cebbd381479236dc839f0,0.6788001999957487,0,0,0.0001538714384284633,0.0001538714384284633,0.9632495858836231
ipod_to_slr,inner,2,tagi_diag,1.0,17,mean3,424,451,7216,64,27136,302cf2fad8f04d7f6a5c39f688c63af9f8f33bab0a1ad245016f27d6117445f3,2.7147838000091724,0,0,3.7101600311358616e-05,3.7101600311358616e-05,0.9492654786650062
ipod_to_slr,inner,2,tagi_diag,0.1,29,mean3,424,451,7216,1,424,a82e2a2f24d71bc3ea47c74d4a258dc23b9199ba5a1fffca246e36e42811698b,0.04775199998402968,0,0,8.238752980712968e-05,8.238752980712968e-05,0.8713806616284733
ipod_to_slr,inner,2,tagi_diag,0.1,29,mean3,424,451,7216,4,1696,60e5ade3827b382de4e8d1699cb4424590c4b9132a235b3cc423deac00fe99ad,0.1750006999936886,0,0,8.47074473136777e-06,8.47074473136777e-06,0.9134217172181802
ipod_to_slr,inner,2,tagi_diag,0.1,29,mean3,424,451,7216,16,6784,d89480b28085c216e0a0d1a7a01f513f8fe4d657231e1fb96b9c727302e18dde,0.6788001999957487,0,0,1.6383487532066936e-06,1.6383487532066936e-06,0.9184382436348553
ipod_to_slr,inner,2,tagi_diag,0.1,29,mean3,424,451,7216,64,27136,97ed6b55969839a0edd41a9e2bbbbdb6b03cf8e59fc74eb0084b93bd35ac87b0,2.7147838000091724,0,0,3.79997337511804e-07,3.79997337511804e-07,0.9247386992044386
ipod_to_slr,inner,2,tagi_diag,0.3,29,mean3,424,451,7216,1,424,a82e2a2f24d71bc3ea47c74d4a258dc23b9199ba5a1fffca246e36e42811698b,0.04775199998402968,0,0,0.0004053234441230716,0.0004053234441230716,0.6133862013636009
ipod_to_slr,inner,2,tagi_diag,0.3,29,mean3,424,451,7216,4,1696,60e5ade3827b382de4e8d1699cb4424590c4b9132a235b3cc423deac00fe99ad,0.1750006999936886,0,0,7.11596929806511e-05,7.11596929806511e-05,0.7056311654260295
ipod_to_slr,inner,2,tagi_diag,0.3,29,mean3,424,451,7216,16,6784,d89480b28085c216e0a0d1a7a01f513f8fe4d657231e1fb96b9c727302e18dde,0.6788001999957487,0,0,1.4819502792823565e-05,1.4819502792823565e-05,0.8403199372584905
ipod_to_slr,inner,2,tagi_diag,0.3,29,mean3,424,451,7216,64,27136,97ed6b55969839a0edd41a9e2bbbbdb6b03cf8e59fc74eb0084b93bd35ac87b0,2.7147838000091724,0,0,3.4436021266654077e-06,3.4436021266654077e-06,1.0682448839585876
ipod_to_slr,inner,2,tagi_diag,1.0,29,mean3,424,451,7216,1,424,a82e2a2f24d71bc3ea47c74d4a258dc23b9199ba5a1fffca246e36e42811698b,0.04775199998402968,0,0,0.0022483471140065736,0.0022483471140065736,0.5980960120068493
ipod_to_slr,inner,2,tagi_diag,1.0,29,mean3,424,451,7216,4,1696,60e5ade3827b382de4e8d1699cb4424590c4b9132a235b3cc423deac00fe99ad,0.1750006999936886,0,0,0.0006336171438439457,0.0006336171438439457,0.6133038868223496
ipod_to_slr,inner,2,tagi_diag,1.0,29,mean3,424,451,7216,16,6784,d89480b28085c216e0a0d1a7a01f513f8fe4d657231e1fb96b9c727302e18dde,0.6788001999957487,0,0,0.00015489591741410887,0.00015489591741410887,0.6947795551390276
ipod_to_slr,inner,2,tagi_diag,1.0,29,mean3,424,451,7216,64,27136,97ed6b55969839a0edd41a9e2bbbbdb6b03cf8e59fc74eb0084b93bd35ac87b0,2.7147838000091724,0,0,3.764829426860221e-05,3.764829426860221e-05,0.8330878827033954
ipod_to_slr,inner,2,tagi_diag,0.1,43,mean3,424,451,7216,1,424,db4256d6d1337ea0e61be185544bfe1b0a19708c1831e6161ecc2d323d281852,0.04775199998402968,0,0,7.577508611989737e-05,7.577508611989737e-05,0.8106246126810903
ipod_to_slr,inner,2,tagi_diag,0.1,43,mean3,424,451,7216,4,1696,dc150bc5aa95dad1803c0d0bd9ed308fa1382055ea4333c5f3e88257bed6f161,0.1750006999936886,0,0,8.155616749076684e-06,8.155616749076684e-06,0.8741768757642924
ipod_to_slr,inner,2,tagi_diag,0.1,43,mean3,424,451,7216,16,6784,12470bd5844fbdec2bf6ae0c6b8d10d17a818fa4cfbe2ba34b5dea7a087cbb23,0.6788001999957487,0,0,1.6199575913441831e-06,1.6199575913441831e-06,0.9757869305417182
ipod_to_slr,inner,2,tagi_diag,0.1,43,mean3,424,451,7216,64,27136,0f6cf2758e4e648f203cfdab569b970c1d0c1bf54c2aa360694febca5e73648a,2.7147838000091724,0,0,3.788776130971082e-07,3.788776130971082e-07,1.3902618770524335
ipod_to_slr,inner,2,tagi_diag,0.3,43,mean3,424,451,7216,1,424,db4256d6d1337ea0e61be185544bfe1b0a19708c1831e6161ecc2d323d281852,0.04775199998402968,0,0,0.00039590835287080386,0.00039590835287080386,0.5938973582003818
ipod_to_slr,inner,2,tagi_diag,0.3,43,mean3,424,451,7216,4,1696,dc150bc5aa95dad1803c0d0bd9ed308fa1382055ea4333c5f3e88257bed6f161,0.1750006999936886,0,0,7.130291536108384e-05,7.130291536108384e-05,0.6592454505758663
ipod_to_slr,inner,2,tagi_diag,0.3,43,mean3,424,451,7216,16,6784,12470bd5844fbdec2bf6ae0c6b8d10d17a818fa4cfbe2ba34b5dea7a087cbb23,0.6788001999957487,0,0,1.4808927474290973e-05,1.4808927474290973e-05,0.8024043087363697
ipod_to_slr,inner,2,tagi_diag,0.3,43,mean3,424,451,7216,64,27136,0f6cf2758e4e648f203cfdab569b970c1d0c1bf54c2aa360694febca5e73648a,2.7147838000091724,0,0,3.4405194259861564e-06,3.4405194259861564e-06,1.01533752697806
ipod_to_slr,inner,2,tagi_diag,1.0,43,mean3,424,451,7216,1,424,db4256d6d1337ea0e61be185544bfe1b0a19708c1831e6161ecc2d323d281852,0.04775199998402968,0,0,0.0022278612813413584,0.0022278612813413584,0.5593701026584426
ipod_to_slr,inner,2,tagi_diag,1.0,43,mean3,424,451,7216,4,1696,dc150bc5aa95dad1803c0d0bd9ed308fa1382055ea4333c5f3e88257bed6f161,0.1750006999936886,0,0,0.0006357813259006124,0.0006357813259006124,0.5840343791752969
ipod_to_slr,inner,2,tagi_diag,1.0,43,mean3,424,451,7216,16,6784,12470bd5844fbdec2bf6ae0c6b8d10d17a818fa4cfbe2ba34b5dea7a087cbb23,0.6788001999957487,0,0,0.00015522458660630222,0.00015522458660630222,0.5898219956283515
ipod_to_slr,inner,2,tagi_diag,1.0,43,mean3,424,451,7216,64,27136,0f6cf2758e4e648f203cfdab569b970c1d0c1bf54c2aa360694febca5e73648a,2.7147838000091724,0,0,3.764397932466781e-05,3.764397932466781e-05,0.7545019134607825
ipod_to_slr,inner,2,tagi_full3,0.1,17,raw36,424,2563,41008,1,424,27bee7e319a20ce0039d0256ceafe168ae83ee592dc275bb72b44d2a64284b39,0.07911130000138655,0,0,0.0009956447861293452,0.0009956447861293452,0.5434523892113609
ipod_to_slr,inner,2,tagi_full3,0.1,17,raw36,424,2563,41008,4,1696,39b0a4e12c9d6fc565bd67996f6130c4abd0632d5544b0cd20c41696e3925b24,0.31377240002620965,0,0,1.0248058125274993e-05,1.0248058125274993e-05,0.6417483314096029
ipod_to_slr,inner,2,tagi_full3,0.1,17,raw36,424,2563,41008,16,6784,e197e42ebc3cdb92ea1da2d0acb76b8429850b34008cebbd381479236dc839f0,1.2619275000179186,0,0,7.374059118884015e-07,7.374059118884015e-07,1.0816135264289468
ipod_to_slr,inner,2,tagi_full3,0.1,17,raw36,424,2563,41008,64,27136,302cf2fad8f04d7f6a5c39f688c63af9f8f33bab0a1ad245016f27d6117445f3,5.1830609000171535,0,0,8.739197544600914e-08,8.739197544600914e-08,2.0533245895719228
ipod_to_slr,inner,2,tagi_full3,0.3,17,raw36,424,2563,41008,1,424,27bee7e319a20ce0039d0256ceafe168ae83ee592dc275bb72b44d2a64284b39,0.07911130000138655,0,0,0.0013885876540436944,0.0013885876540436944,0.5175540207469009
ipod_to_slr,inner,2,tagi_full3,0.3,17,raw36,424,2563,41008,4,1696,39b0a4e12c9d6fc565bd67996f6130c4abd0632d5544b0cd20c41696e3925b24,0.31377240002620965,0,0,0.00017099776262662455,0.00017099776262662455,0.5695130337520671
ipod_to_slr,inner,2,tagi_full3,0.3,17,raw36,424,2563,41008,16,6784,e197e42ebc3cdb92ea1da2d0acb76b8429850b34008cebbd381479236dc839f0,1.2619275000179186,0,0,1.7095125136039238e-05,1.7095125136039238e-05,0.7290086490870581
ipod_to_slr,inner,2,tagi_full3,0.3,17,raw36,424,2563,41008,64,27136,302cf2fad8f04d7f6a5c39f688c63af9f8f33bab0a1ad245016f27d6117445f3,5.1830609000171535,0,0,1.116544506419697e-06,1.116544506419697e-06,0.7663028303893481
ipod_to_slr,inner,2,tagi_full3,1.0,17,raw36,424,2563,41008,1,424,27bee7e319a20ce0039d0256ceafe168ae83ee592dc275bb72b44d2a64284b39,0.07911130000138655,0,0,0.003229397171376489,0.003229397171376489,0.5190708060964971
ipod_to_slr,inner,2,tagi_full3,1.0,17,raw36,424,2563,41008,4,1696,39b0a4e12c9d6fc565bd67996f6130c4abd0632d5544b0cd20c41696e3925b24,0.31377240002620965,0,0,0.0008801046021703048,0.0008801046021703048,0.5253110251185045
ipod_to_slr,inner,2,tagi_full3,1.0,17,raw36,424,2563,41008,16,6784,e197e42ebc3cdb92ea1da2d0acb76b8429850b34008cebbd381479236dc839f0,1.2619275000179186,0,0,0.00018194536726855783,0.00018194536726855783,0.5277717796550155
ipod_to_slr,inner,2,tagi_full3,1.0,17,raw36,424,2563,41008,64,27136,302cf2fad8f04d7f6a5c39f688c63af9f8f33bab0a1ad245016f27d6117445f3,5.1830609000171535,0,0,3.087564430759358e-05,3.087564430759358e-05,0.5910678088178366
ipod_to_slr,inner,2,tagi_full3,0.1,29,raw36,424,2563,41008,1,424,a82e2a2f24d71bc3ea47c74d4a258dc23b9199ba5a1fffca246e36e42811698b,0.07911130000138655,0,0,0.0009788819459546478,0.0009788819459546478,0.4776951710771328
ipod_to_slr,inner,2,tagi_full3,0.1,29,raw36,424,2563,41008,4,1696,60e5ade3827b382de4e8d1699cb4424590c4b9132a235b3cc423deac00fe99ad,0.31377240002620965,0,0,1.2449554611956794e-05,1.2449554611956794e-05,0.6962858197443512
ipod_to_slr,inner,2,tagi_full3,0.1,29,raw36,424,2563,41008,16,6784,d89480b28085c216e0a0d1a7a01f513f8fe4d657231e1fb96b9c727302e18dde,1.2619275000179186,0,0,8.5186374814904e-07,8.5186374814904e-07,1.0050365480130818
ipod_to_slr,inner,2,tagi_full3,0.1,29,raw36,424,2563,41008,64,27136,97ed6b55969839a0edd41a9e2bbbbdb6b03cf8e59fc74eb0084b93bd35ac87b0,5.1830609000171535,0,0,8.523324478430767e-08,8.523324478430767e-08,2.3338040136548805
ipod_to_slr,inner,2,tagi_full3,0.3,29,raw36,424,2563,41008,1,424,a82e2a2f24d71bc3ea47c74d4a258dc23b9199ba5a1fffca246e36e42811698b,0.07911130000138655,0,0,0.0013594594429350737,0.0013594594429350737,0.4817232559952772
ipod_to_slr,inner,2,tagi_full3,0.3,29,raw36,424,2563,41008,4,1696,60e5ade3827b382de4e8d1699cb4424590c4b9132a235b3cc423deac00fe99ad,0.31377240002620965,0,0,0.00017294495974764943,0.00017294495974764943,0.5309753110081924
ipod_to_slr,inner,2,tagi_full3,0.3,29,raw36,424,2563,41008,16,6784,d89480b28085c216e0a0d1a7a01f513f8fe4d657231e1fb96b9c727302e18dde,1.2619275000179186,0,0,1.5080026449015227e-05,1.5080026449015227e-05,0.6350995305119603
ipod_to_slr,inner,2,tagi_full3,0.3,29,raw36,424,2563,41008,64,27136,97ed6b55969839a0edd41a9e2bbbbdb6b03cf8e59fc74eb0084b93bd35ac87b0,5.1830609000171535,0,0,1.4896044372671233e-06,1.4896044372671233e-06,0.8229742197370037
ipod_to_slr,inner,2,tagi_full3,1.0,29,raw36,424,2563,41008,1,424,a82e2a2f24d71bc3ea47c74d4a258dc23b9199ba5a1fffca246e36e42811698b,0.07911130000138655,0,0,0.003244820402008243,0.003244820402008243,0.4905666610828883
ipod_to_slr,inner,2,tagi_full3,1.0,29,raw36,424,2563,41008,4,1696,60e5ade3827b382de4e8d1699cb4424590c4b9132a235b3cc423deac00fe99ad,0.31377240002620965,0,0,0.0008957009911914559,0.0008957009911914559,0.5028401338674817
ipod_to_slr,inner,2,tagi_full3,1.0,29,raw36,424,2563,41008,16,6784,d89480b28085c216e0a0d1a7a01f513f8fe4d657231e1fb96b9c727302e18dde,1.2619275000179186,0,0,0.00018801241521511288,0.00018801241521511288,0.508099229385164
ipod_to_slr,inner,2,tagi_full3,1.0,29,raw36,424,2563,41008,64,27136,97ed6b55969839a0edd41a9e2bbbbdb6b03cf8e59fc74eb0084b93bd35ac87b0,5.1830609000171535,0,0,3.327172449628687e-05,3.327172449628687e-05,0.5070214505473066
ipod_to_slr,inner,2,tagi_full3,0.1,43,raw36,424,2563,41008,1,424,db4256d6d1337ea0e61be185544bfe1b0a19708c1831e6161ecc2d323d281852,0.07911130000138655,0,0,0.0003844932268147146,0.0003844932268147146,0.5012849232993764
ipod_to_slr,inner,2,tagi_full3,0.1,43,raw36,424,2563,41008,4,1696,dc150bc5aa95dad1803c0d0bd9ed308fa1382055ea4333c5f3e88257bed6f161,0.31377240002620965,0,0,8.998599220454476e-06,8.998599220454476e-06,0.756241046961223
ipod_to_slr,inner,2,tagi_full3,0.1,43,raw36,424,2563,41008,16,6784,12470bd5844fbdec2bf6ae0c6b8d10d17a818fa4cfbe2ba34b5dea7a087cbb23,1.2619275000179186,0,0,5.547548924880681e-07,5.547548924880681e-07,1.3938903132238025
ipod_to_slr,inner,2,tagi_full3,0.1,43,raw36,424,2563,41008,64,27136,0f6cf2758e4e648f203cfdab569b970c1d0c1bf54c2aa360694febca5e73648a,5.1830609000171535,0,0,5.554386676085996e-08,5.554386676085996e-08,2.902545633673288
ipod_to_slr,inner,2,tagi_full3,0.3,43,raw36,424,2563,41008,1,424,db4256d6d1337ea0e61be185544bfe1b0a19708c1831e6161ecc2d323d281852,0.07911130000138655,0,0,0.000740822940996755,0.000740822940996755,0.4777899279796602
ipod_to_slr,inner,2,tagi_full3,0.3,43,raw36,424,2563,41008,4,1696,dc150bc5aa95dad1803c0d0bd9ed308fa1382055ea4333c5f3e88257bed6f161,0.31377240002620965,0,0,0.00010444953497157677,0.00010444953497157677,0.5274176557509878
ipod_to_slr,inner,2,tagi_full3,0.3,43,raw36,424,2563,41008,16,6784,12470bd5844fbdec2bf6ae0c6b8d10d17a818fa4cfbe2ba34b5dea7a087cbb23,1.2619275000179186,0,0,7.668878828341444e-06,7.668878828341444e-06,0.6366131639438897
ipod_to_slr,inner,2,tagi_full3,0.3,43,raw36,424,2563,41008,64,27136,0f6cf2758e4e648f203cfdab569b970c1d0c1bf54c2aa360694febca5e73648a,5.1830609000171535,0,0,9.128286739592335e-07,9.128286739592335e-07,0.770351327893758
ipod_to_slr,inner,2,tagi_full3,1.0,43,raw36,424,2563,41008,1,424,db4256d6d1337ea0e61be185544bfe1b0a19708c1831e6161ecc2d323d281852,0.07911130000138655,0,0,0.0019399430619936437,0.0019399430619936437,0.47603865970315384
ipod_to_slr,inner,2,tagi_full3,1.0,43,raw36,424,2563,41008,4,1696,dc150bc5aa95dad1803c0d0bd9ed308fa1382055ea4333c5f3e88257bed6f161,0.31377240002620965,0,0,0.0004812929870848536,0.0004812929870848536,0.4690543065479401
ipod_to_slr,inner,2,tagi_full3,1.0,43,raw36,424,2563,41008,16,6784,12470bd5844fbdec2bf6ae0c6b8d10d17a818fa4cfbe2ba34b5dea7a087cbb23,1.2619275000179186,0,0,6.818539652487744e-05,6.818539652487744e-05,0.48126054675968877
ipod_to_slr,inner,2,tagi_full3,1.0,43,raw36,424,2563,41008,64,27136,0f6cf2758e4e648f203cfdab569b970c1d0c1bf54c2aa360694febca5e73648a,5.1830609000171535,0,0,1.2629480359149605e-05,1.2629480359149605e-05,0.5377455035981932
ipod_to_slr,inner,2,tagi_full3,0.1,17,mean3,424,451,7216,1,424,27bee7e319a20ce0039d0256ceafe168ae83ee592dc275bb72b44d2a64284b39,0.05265929998131469,0,0,8.263678603798607e-05,8.263678603798607e-05,0.7963057095401757
ipod_to_slr,inner,2,tagi_full3,0.1,17,mean3,424,451,7216,4,1696,39b0a4e12c9d6fc565bd67996f6130c4abd0632d5544b0cd20c41696e3925b24,0.21153839997714385,0,0,8.25994899236323e-06,8.25994899236323e-06,0.8179354837488895
ipod_to_slr,inner,2,tagi_full3,0.1,17,mean3,424,451,7216,16,6784,e197e42ebc3cdb92ea1da2d0acb76b8429850b34008cebbd381479236dc839f0,0.8518190999748185,0,0,1.622049514820572e-06,1.622049514820572e-06,0.8341258783043612
ipod_to_slr,inner,2,tagi_full3,0.1,17,mean3,424,451,7216,64,27136,302cf2fad8f04d7f6a5c39f688c63af9f8f33bab0a1ad245016f27d6117445f3,3.3551192000159062,0,0,3.7893838766687444e-07,3.7893838766687444e-07,0.9912194363745551
ipod_to_slr,inner,2,tagi_full3,0.3,17,mean3,424,451,7216,1,424,27bee7e319a20ce0039d0256ceafe168ae83ee592dc275bb72b44d2a64284b39,0.05265929998131469,0,0,0.0004026679957253825,0.0004026679957253825,0.8108050054481594
ipod_to_slr,inner,2,tagi_full3,0.3,17,mean3,424,451,7216,4,1696,39b0a4e12c9d6fc565bd67996f6130c4abd0632d5544b0cd20c41696e3925b24,0.21153839997714385,0,0,7.165455524345462e-05,7.165455524345462e-05,0.8376286039566275
ipod_to_slr,inner,2,tagi_full3,0.3,17,mean3,424,451,7216,16,6784,e197e42ebc3cdb92ea1da2d0acb76b8429850b34008cebbd381479236dc839f0,0.8518190999748185,0,0,1.4849459245987321e-05,1.4849459245987321e-05,0.871060637629167
ipod_to_slr,inner,2,tagi_full3,0.3,17,mean3,424,451,7216,64,27136,302cf2fad8f04d7f6a5c39f688c63af9f8f33bab0a1ad245016f27d6117445f3,3.3551192000159062,0,0,3.4482719995488954e-06,3.4482719995488954e-06,1.1841182541573807
ipod_to_slr,inner,2,tagi_full3,1.0,17,mean3,424,451,7216,1,424,27bee7e319a20ce0039d0256ceafe168ae83ee592dc275bb72b44d2a64284b39,0.05265929998131469,0,0,0.002216215639722171,0.002216215639722171,0.8046070400856259
ipod_to_slr,inner,2,tagi_full3,1.0,17,mean3,424,451,7216,4,1696,39b0a4e12c9d6fc565bd67996f6130c4abd0632d5544b0cd20c41696e3925b24,0.21153839997714385,0,0,0.000626029205858382,0.000626029205858382,0.9199055625832325
ipod_to_slr,inner,2,tagi_full3,1.0,17,mean3,424,451,7216,16,6784,e197e42ebc3cdb92ea1da2d0acb76b8429850b34008cebbd381479236dc839f0,0.8518190999748185,0,0,0.0001538748768666189,0.0001538748768666189,0.9627325263637063
ipod_to_slr,inner,2,tagi_full3,1.0,17,mean3,424,451,7216,64,27136,302cf2fad8f04d7f6a5c39f688c63af9f8f33bab0a1ad245016f27d6117445f3,3.3551192000159062,0,0,3.7005559528474e-05,3.7005559528474e-05,0.949013311218542
ipod_to_slr,inner,2,tagi_full3,0.1,29,mean3,424,451,7216,1,424,a82e2a2f24d71bc3ea47c74d4a258dc23b9199ba5a1fffca246e36e42811698b,0.05265929998131469,0,0,8.348765222838542e-05,8.348765222838542e-05,0.8423519218433128
ipod_to_slr,inner,2,tagi_full3,0.1,29,mean3,424,451,7216,4,1696,60e5ade3827b382de4e8d1699cb4424590c4b9132a235b3cc423deac00fe99ad,0.21153839997714385,0,0,8.39481794450414e-06,8.39481794450414e-06,0.9063360012039029
ipod_to_slr,inner,2,tagi_full3,0.1,29,mean3,424,451,7216,16,6784,d89480b28085c216e0a0d1a7a01f513f8fe4d657231e1fb96b9c727302e18dde,0.8518190999748185,0,0,1.625019513654981e-06,1.625019513654981e-06,0.905872871302562
ipod_to_slr,inner,2,tagi_full3,0.1,29,mean3,424,451,7216,64,27136,97ed6b55969839a0edd41a9e2bbbbdb6b03cf8e59fc74eb0084b93bd35ac87b0,3.3551192000159062,0,0,3.788145818452402e-07,3.788145818452402e-07,1.4531868417392086
ipod_to_slr,inner,2,tagi_full3,0.3,29,mean3,424,451,7216,1,424,a82e2a2f24d71bc3ea47c74d4a258dc23b9199ba5a1fffca246e36e42811698b,0.05265929998131469,0,0,0.0004048850318227028,0.0004048850318227028,0.607548318998688
ipod_to_slr,inner,2,tagi_full3,0.3,29,mean3,424,451,7216,4,1696,60e5ade3827b382de4e8d1699cb4424590c4b9132a235b3cc423deac00fe99ad,0.21153839997714385,0,0,7.195178137739538e-05,7.195178137739538e-05,0.6924536027642364
ipod_to_slr,inner,2,tagi_full3,0.3,29,mean3,424,451,7216,16,6784,d89480b28085c216e0a0d1a7a01f513f8fe4d657231e1fb96b9c727302e18dde,0.8518190999748185,0,0,1.4957900522567554e-05,1.4957900522567554e-05,0.7143487128947994
ipod_to_slr,inner,2,tagi_full3,0.3,29,mean3,424,451,7216,64,27136,97ed6b55969839a0edd41a9e2bbbbdb6b03cf8e59fc74eb0084b93bd35ac87b0,3.3551192000159062,0,0,3.454935943165279e-06,3.454935943165279e-06,1.2791234836905032
ipod_to_slr,inner,2,tagi_full3,1.0,29,mean3,424,451,7216,1,424,a82e2a2f24d71bc3ea47c74d4a258dc23b9199ba5a1fffca246e36e42811698b,0.05265929998131469,0,0,0.0022478391974647856,0.0022478391974647856,0.5984751601798517
ipod_to_slr,inner,2,tagi_full3,1.0,29,mean3,424,451,7216,4,1696,60e5ade3827b382de4e8d1699cb4424590c4b9132a235b3cc423deac00fe99ad,0.21153839997714385,0,0,0.000633672957811924,0.000633672957811924,0.6131262307722213
ipod_to_slr,inner,2,tagi_full3,1.0,29,mean3,424,451,7216,16,6784,d89480b28085c216e0a0d1a7a01f513f8fe4d657231e1fb96b9c727302e18dde,0.8518190999748185,0,0,0.0001549397246793409,0.0001549397246793409,0.6988825622052599
ipod_to_slr,inner,2,tagi_full3,1.0,29,mean3,424,451,7216,64,27136,97ed6b55969839a0edd41a9e2bbbbdb6b03cf8e59fc74eb0084b93bd35ac87b0,3.3551192000159062,0,0,3.766000662385998e-05,3.766000662385998e-05,0.8138697400510899
ipod_to_slr,inner,2,tagi_full3,0.1,43,mean3,424,451,7216,1,424,db4256d6d1337ea0e61be185544bfe1b0a19708c1831e6161ecc2d323d281852,0.05265929998131469,0,0,7.924114137820169e-05,7.924114137820169e-05,0.8502537555014192
ipod_to_slr,inner,2,tagi_full3,0.1,43,mean3,424,451,7216,4,1696,dc150bc5aa95dad1803c0d0bd9ed308fa1382055ea4333c5f3e88257bed6f161,0.21153839997714385,0,0,8.023007809519132e-06,8.023007809519132e-06,0.8642729760833582
ipod_to_slr,inner,2,tagi_full3,0.1,43,mean3,424,451,7216,16,6784,12470bd5844fbdec2bf6ae0c6b8d10d17a818fa4cfbe2ba34b5dea7a087cbb23,0.8518190999748185,0,0,1.604705023547051e-06,1.604705023547051e-06,0.8987116822507667
ipod_to_slr,inner,2,tagi_full3,0.1,43,mean3,424,451,7216,64,27136,0f6cf2758e4e648f203cfdab569b970c1d0c1bf54c2aa360694febca5e73648a,3.3551192000159062,0,0,3.7751896151768197e-07,3.7751896151768197e-07,1.1154932094648133
ipod_to_slr,inner,2,tagi_full3,0.3,43,mean3,424,451,7216,1,424,db4256d6d1337ea0e61be185544bfe1b0a19708c1831e6161ecc2d323d281852,0.05265929998131469,0,0,0.0003958183118798289,0.0003958183118798289,0.602756413882008
ipod_to_slr,inner,2,tagi_full3,0.3,43,mean3,424,451,7216,4,1696,dc150bc5aa95dad1803c0d0bd9ed308fa1382055ea4333c5f3e88257bed6f161,0.21153839997714385,0,0,7.121497957828307e-05,7.121497957828307e-05,0.6932097215592461
ipod_to_slr,inner,2,tagi_full3,0.3,43,mean3,424,451,7216,16,6784,12470bd5844fbdec2bf6ae0c6b8d10d17a818fa4cfbe2ba34b5dea7a087cbb23,0.8518190999748185,0,0,1.4802082295263423e-05,1.4802082295263423e-05,0.7244415942922134
ipod_to_slr,inner,2,tagi_full3,0.3,43,mean3,424,451,7216,64,27136,0f6cf2758e4e648f203cfdab569b970c1d0c1bf54c2aa360694febca5e73648a,3.3551192000159062,0,0,3.4392743073281074e-06,3.4392743073281074e-06,0.8990177066106783
ipod_to_slr,inner,2,tagi_full3,1.0,43,mean3,424,451,7216,1,424,db4256d6d1337ea0e61be185544bfe1b0a19708c1831e6161ecc2d323d281852,0.05265929998131469,0,0,0.0022271722939569355,0.0022271722939569355,0.5594587004305703
ipod_to_slr,inner,2,tagi_full3,1.0,43,mean3,424,451,7216,4,1696,dc150bc5aa95dad1803c0d0bd9ed308fa1382055ea4333c5f3e88257bed6f161,0.21153839997714385,0,0,0.000635294874568696,0.000635294874568696,0.5819637373586536
ipod_to_slr,inner,2,tagi_full3,1.0,43,mean3,424,451,7216,16,6784,12470bd5844fbdec2bf6ae0c6b8d10d17a818fa4cfbe2ba34b5dea7a087cbb23,0.8518190999748185,0,0,0.00015519929757407176,0.00015519929757407176,0.5880846524320877
ipod_to_slr,inner,2,tagi_full3,1.0,43,mean3,424,451,7216,64,27136,0f6cf2758e4e648f203cfdab569b970c1d0c1bf54c2aa360694febca5e73648a,3.3551192000159062,0,0,3.764244404722672e-05,3.764244404722672e-05,0.7884376272352895
ipod_to_slr,final,,adam,0.0003,17,raw36,643,2563,61512,1,643,4bbcd3aa58952accb7bfa4748e61bd3038b51e1246235fde1f96479d2c5cd84e,0.0515420000301674,0,0,,,0.5171052717240174
ipod_to_slr,final,,adam,0.0003,17,raw36,643,2563,61512,4,2572,b3fa27c1f82cd9761061e7d3e6c76810530e7b1f210c19eda7afcded152af0cc,0.19420690002152696,0,0,,,0.5190920216223318
ipod_to_slr,final,,adam,0.0003,17,raw36,643,2563,61512,16,10288,37ef62dd26be230eb0b48eab487a969c603fbcc9c913a84addc6a97a3cbb15ea,0.773198000038974,0,0,,,0.5061142752333427
ipod_to_slr,final,,adam,0.0003,17,raw36,643,2563,61512,64,41152,846e9f8fbf387503e84938b3a4a6815332a5301f463ac26c40ac6a5f96016be8,3.0907718000235036,0,0,,,0.6738540987001088
ipod_to_slr,final,,adam,0.0003,29,raw36,643,2563,61512,1,643,f1eba1ea57dc1f1cd426d1f07c49ac40c4d99976912513e9f21b3bf0c21bfc3f,0.0515420000301674,0,0,,,0.49081620146185195
ipod_to_slr,final,,adam,0.0003,29,raw36,643,2563,61512,4,2572,a4b4828e1dddedcb0c693a09e5133a56532c42935fad81c882502c3d30c00505,0.19420690002152696,0,0,,,0.4838440116421481
ipod_to_slr,final,,adam,0.0003,29,raw36,643,2563,61512,16,10288,9757253583ed56e379b985fbdcba7da3bed565442645a734663d3142f7e9945e,0.773198000038974,0,0,,,0.47968210065665934
ipod_to_slr,final,,adam,0.0003,29,raw36,643,2563,61512,64,41152,412e901bab9c05730f1e4c71a019d8d7435cb8af45bfe2a22709d734e8b54959,3.0907718000235036,0,0,,,0.5372964817557857
ipod_to_slr,final,,adam,0.0003,43,raw36,643,2563,61512,1,643,eb0a88dc3f77e5c072436354838ef88a7b57749d42a5f085ff10d18155a21d2d,0.0515420000301674,0,0,,,0.489826095399068
ipod_to_slr,final,,adam,0.0003,43,raw36,643,2563,61512,4,2572,16038ea06a812ef169fd7fea1e11779bd690bad395ace1b356a0de2e27dce1f8,0.19420690002152696,0,0,,,0.499913428988514
ipod_to_slr,final,,adam,0.0003,43,raw36,643,2563,61512,16,10288,301ad6b9b18072a5fb205937922b6581e496921ad8cbdf3264d5f1021d80b9b9,0.773198000038974,0,0,,,0.4899899757141111
ipod_to_slr,final,,adam,0.0003,43,raw36,643,2563,61512,64,41152,3cb85c0f9e35e12181b54b1702606e8f8888e3aceed055173a9228911140b09d,3.0907718000235036,0,0,,,0.5091602891505679
ipod_to_slr,final,,adam,0.0003,17,mean3,643,451,10824,1,643,4bbcd3aa58952accb7bfa4748e61bd3038b51e1246235fde1f96479d2c5cd84e,0.03343429998494685,0,0,,,0.604507594069462
ipod_to_slr,final,,adam,0.0003,17,mean3,643,451,10824,4,2572,b3fa27c1f82cd9761061e7d3e6c76810530e7b1f210c19eda7afcded152af0cc,0.13110599998617545,0,0,,,0.7373575689059402
ipod_to_slr,final,,adam,0.0003,17,mean3,643,451,10824,16,10288,37ef62dd26be230eb0b48eab487a969c603fbcc9c913a84addc6a97a3cbb15ea,0.5298009000252932,0,0,,,0.873848234923211
ipod_to_slr,final,,adam,0.0003,17,mean3,643,451,10824,64,41152,846e9f8fbf387503e84938b3a4a6815332a5301f463ac26c40ac6a5f96016be8,2.112701600010041,0,0,,,0.9085713344804137
ipod_to_slr,final,,adam,0.0003,29,mean3,643,451,10824,1,643,f1eba1ea57dc1f1cd426d1f07c49ac40c4d99976912513e9f21b3bf0c21bfc3f,0.03343429998494685,0,0,,,0.5154591828718547
ipod_to_slr,final,,adam,0.0003,29,mean3,643,451,10824,4,2572,a4b4828e1dddedcb0c693a09e5133a56532c42935fad81c882502c3d30c00505,0.13110599998617545,0,0,,,0.5579182821839676
ipod_to_slr,final,,adam,0.0003,29,mean3,643,451,10824,16,10288,9757253583ed56e379b985fbdcba7da3bed565442645a734663d3142f7e9945e,0.5298009000252932,0,0,,,0.7160832592501514
ipod_to_slr,final,,adam,0.0003,29,mean3,643,451,10824,64,41152,412e901bab9c05730f1e4c71a019d8d7435cb8af45bfe2a22709d734e8b54959,2.112701600010041,0,0,,,0.9291274734568001
ipod_to_slr,final,,adam,0.0003,43,mean3,643,451,10824,1,643,eb0a88dc3f77e5c072436354838ef88a7b57749d42a5f085ff10d18155a21d2d,0.03343429998494685,0,0,,,0.5167378481979763
ipod_to_slr,final,,adam,0.0003,43,mean3,643,451,10824,4,2572,16038ea06a812ef169fd7fea1e11779bd690bad395ace1b356a0de2e27dce1f8,0.13110599998617545,0,0,,,0.5961839856514017
ipod_to_slr,final,,adam,0.0003,43,mean3,643,451,10824,16,10288,301ad6b9b18072a5fb205937922b6581e496921ad8cbdf3264d5f1021d80b9b9,0.5298009000252932,0,0,,,0.6374327886179506
ipod_to_slr,final,,adam,0.0003,43,mean3,643,451,10824,64,41152,3cb85c0f9e35e12181b54b1702606e8f8888e3aceed055173a9228911140b09d,2.112701600010041,0,0,,,0.8798152973065942
ipod_to_slr,final,,tagi_diag,0.3,17,raw36,643,2563,41008,1,643,4bbcd3aa58952accb7bfa4748e61bd3038b51e1246235fde1f96479d2c5cd84e,0.06711289996746927,0,0,0.0007499690719694271,0.0007499690719694271,0.5313684047155628
ipod_to_slr,final,,tagi_diag,0.3,17,raw36,643,2563,41008,4,2572,b3fa27c1f82cd9761061e7d3e6c76810530e7b1f210c19eda7afcded152af0cc,0.2743328000069596,0,0,6.202155616360888e-05,6.202155616360888e-05,0.6558670603826168
ipod_to_slr,final,,tagi_diag,0.3,17,raw36,643,2563,41008,16,10288,37ef62dd26be230eb0b48eab487a969c603fbcc9c913a84addc6a97a3cbb15ea,1.0675276999827474,0,0,5.048253604578087e-06,5.048253604578087e-06,0.8432971224324818
ipod_to_slr,final,,tagi_diag,0.3,17,raw36,643,2563,41008,64,41152,846e9f8fbf387503e84938b3a4a6815332a5301f463ac26c40ac6a5f96016be8,4.225522799999453,0,0,8.227930532200714e-07,8.227930532200714e-07,0.908545464411252
ipod_to_slr,final,,tagi_diag,0.3,29,raw36,643,2563,41008,1,643,f1eba1ea57dc1f1cd426d1f07c49ac40c4d99976912513e9f21b3bf0c21bfc3f,0.06711289996746927,0,0,0.0007612178231072971,0.0007612178231072971,0.4819616249608452
ipod_to_slr,final,,tagi_diag,0.3,29,raw36,643,2563,41008,4,2572,a4b4828e1dddedcb0c693a09e5133a56532c42935fad81c882502c3d30c00505,0.2743328000069596,0,0,6.437966216363595e-05,6.437966216363595e-05,0.586903842134082
ipod_to_slr,final,,tagi_diag,0.3,29,raw36,643,2563,41008,16,10288,9757253583ed56e379b985fbdcba7da3bed565442645a734663d3142f7e9945e,1.0675276999827474,0,0,5.585755897071852e-06,5.585755897071852e-06,0.8021484316173687
ipod_to_slr,final,,tagi_diag,0.3,29,raw36,643,2563,41008,64,41152,412e901bab9c05730f1e4c71a019d8d7435cb8af45bfe2a22709d734e8b54959,4.225522799999453,0,0,5.088239705441738e-07,5.088239705441738e-07,0.9070633364740607
ipod_to_slr,final,,tagi_diag,0.3,43,raw36,643,2563,41008,1,643,eb0a88dc3f77e5c072436354838ef88a7b57749d42a5f085ff10d18155a21d2d,0.06711289996746927,0,0,0.00046485689085650687,0.00046485689085650687,0.47471647337742795
ipod_to_slr,final,,tagi_diag,0.3,43,raw36,643,2563,41008,4,2572,16038ea06a812ef169fd7fea1e11779bd690bad395ace1b356a0de2e27dce1f8,0.2743328000069596,0,0,5.1019471451822474e-05,5.1019471451822474e-05,0.5583549185261207
ipod_to_slr,final,,tagi_diag,0.3,43,raw36,643,2563,41008,16,10288,301ad6b9b18072a5fb205937922b6581e496921ad8cbdf3264d5f1021d80b9b9,1.0675276999827474,0,0,5.264492752598503e-06,5.264492752598503e-06,0.7006213992307851
ipod_to_slr,final,,tagi_diag,0.3,43,raw36,643,2563,41008,64,41152,3cb85c0f9e35e12181b54b1702606e8f8888e3aceed055173a9228911140b09d,4.225522799999453,0,0,5.833699009972511e-07,5.833699009972511e-07,1.0357414094741355
ipod_to_slr,final,,tagi_diag,1.0,17,mean3,643,451,7216,1,643,4bbcd3aa58952accb7bfa4748e61bd3038b51e1246235fde1f96479d2c5cd84e,0.053528100019320846,0,0,0.0015596513486963047,0.0015596513486963047,0.7968585269211902
ipod_to_slr,final,,tagi_diag,1.0,17,mean3,643,451,7216,4,2572,b3fa27c1f82cd9761061e7d3e6c76810530e7b1f210c19eda7afcded152af0cc,0.21197020000545308,0,0,0.00041350006254919566,0.00041350006254919566,0.9159406476798364
ipod_to_slr,final,,tagi_diag,1.0,17,mean3,643,451,7216,16,10288,37ef62dd26be230eb0b48eab487a969c603fbcc9c913a84addc6a97a3cbb15ea,0.8426225999719463,0,0,0.0001006934182745361,0.0001006934182745361,0.9467817284308682
ipod_to_slr,final,,tagi_diag,1.0,17,mean3,643,451,7216,64,41152,846e9f8fbf387503e84938b3a4a6815332a5301f463ac26c40ac6a5f96016be8,3.3841539999702945,0,0,2.443653318898625e-05,2.443653318898625e-05,0.9591316337647313
ipod_to_slr,final,,tagi_diag,1.0,29,mean3,643,451,7216,1,643,f1eba1ea57dc1f1cd426d1f07c49ac40c4d99976912513e9f21b3bf0c21bfc3f,0.053528100019320846,0,0,0.001576614423222531,0.001576614423222531,0.6285690913183118
ipod_to_slr,final,,tagi_diag,1.0,29,mean3,643,451,7216,4,2572,a4b4828e1dddedcb0c693a09e5133a56532c42935fad81c882502c3d30c00505,0.21197020000545308,0,0,0.00041691767602186484,0.00041691767602186484,0.6528719682785996
ipod_to_slr,final,,tagi_diag,1.0,29,mean3,643,451,7216,16,10288,9757253583ed56e379b985fbdcba7da3bed565442645a734663d3142f7e9945e,0.8426225999719463,0,0,0.00010113227171549832,0.00010113227171549832,0.8008664069814038
ipod_to_slr,final,,tagi_diag,1.0,29,mean3,643,451,7216,64,41152,412e901bab9c05730f1e4c71a019d8d7435cb8af45bfe2a22709d734e8b54959,3.3841539999702945,0,0,2.4692578244881865e-05,2.4692578244881865e-05,1.0628734139167602
ipod_to_slr,final,,tagi_diag,1.0,43,mean3,643,451,7216,1,643,eb0a88dc3f77e5c072436354838ef88a7b57749d42a5f085ff10d18155a21d2d,0.053528100019320846,0,0,0.0015786232301172433,0.0015786232301172433,0.552657329957962
ipod_to_slr,final,,tagi_diag,1.0,43,mean3,643,451,7216,4,2572,16038ea06a812ef169fd7fea1e11779bd690bad395ace1b356a0de2e27dce1f8,0.21197020000545308,0,0,0.00041865319090474883,0.00041865319090474883,0.6072736257773595
ipod_to_slr,final,,tagi_diag,1.0,43,mean3,643,451,7216,16,10288,301ad6b9b18072a5fb205937922b6581e496921ad8cbdf3264d5f1021d80b9b9,0.8426225999719463,0,0,0.00010129034765259088,0.00010129034765259088,0.6541348280917769
ipod_to_slr,final,,tagi_diag,1.0,43,mean3,643,451,7216,64,41152,3cb85c0f9e35e12181b54b1702606e8f8888e3aceed055173a9228911140b09d,3.3841539999702945,0,0,2.469300691154973e-05,2.469300691154973e-05,0.8891205685370551
ipod_to_slr,final,,tagi_full3,0.3,17,raw36,643,2563,41008,1,643,4bbcd3aa58952accb7bfa4748e61bd3038b51e1246235fde1f96479d2c5cd84e,0.07700270001078025,0,0,0.0007311575237642294,0.0007311575237642294,0.525800701945503
ipod_to_slr,final,,tagi_full3,0.3,17,raw36,643,2563,41008,4,2572,b3fa27c1f82cd9761061e7d3e6c76810530e7b1f210c19eda7afcded152af0cc,0.30621310003334656,0,0,5.379446604092716e-05,5.379446604092716e-05,0.6138306304006029
ipod_to_slr,final,,tagi_full3,0.3,17,raw36,643,2563,41008,16,10288,37ef62dd26be230eb0b48eab487a969c603fbcc9c913a84addc6a97a3cbb15ea,1.2278633000096306,0,0,5.40409646773767e-06,5.40409646773767e-06,0.730535318967787
ipod_to_slr,final,,tagi_full3,0.3,17,raw36,643,2563,41008,64,41152,846e9f8fbf387503e84938b3a4a6815332a5301f463ac26c40ac6a5f96016be8,4.930574800004251,0,0,1.045330139471726e-06,1.045330139471726e-06,0.9078606952646747
ipod_to_slr,final,,tagi_full3,0.3,29,raw36,643,2563,41008,1,643,f1eba1ea57dc1f1cd426d1f07c49ac40c4d99976912513e9f21b3bf0c21bfc3f,0.07700270001078025,0,0,0.0007678164920416125,0.0007678164920416125,0.4788744172822788
ipod_to_slr,final,,tagi_full3,0.3,29,raw36,643,2563,41008,4,2572,a4b4828e1dddedcb0c693a09e5133a56532c42935fad81c882502c3d30c00505,0.30621310003334656,0,0,6.50675303870555e-05,6.50675303870555e-05,0.5140583617975881
ipod_to_slr,final,,tagi_full3,0.3,29,raw36,643,2563,41008,16,10288,9757253583ed56e379b985fbdcba7da3bed565442645a734663d3142f7e9945e,1.2278633000096306,0,0,6.180220774595686e-06,6.180220774595686e-06,0.6799992756901937
ipod_to_slr,final,,tagi_full3,0.3,29,raw36,643,2563,41008,64,41152,412e901bab9c05730f1e4c71a019d8d7435cb8af45bfe2a22709d734e8b54959,4.930574800004251,0,0,4.5992122815633625e-07,4.5992122815633625e-07,1.0431373509961603
ipod_to_slr,final,,tagi_full3,0.3,43,raw36,643,2563,41008,1,643,eb0a88dc3f77e5c072436354838ef88a7b57749d42a5f085ff10d18155a21d2d,0.07700270001078025,0,0,0.00045211932693786313,0.00045211932693786313,0.4732306939084262
ipod_to_slr,final,,tagi_full3,0.3,43,raw36,643,2563,41008,4,2572,16038ea06a812ef169fd7fea1e11779bd690bad395ace1b356a0de2e27dce1f8,0.30621310003334656,0,0,5.4198853512542955e-05,5.4198853512542955e-05,0.5821623533604546
ipod_to_slr,final,,tagi_full3,0.3,43,raw36,643,2563,41008,16,10288,301ad6b9b18072a5fb205937922b6581e496921ad8cbdf3264d5f1021d80b9b9,1.2278633000096306,0,0,6.300341990285813e-06,6.300341990285813e-06,0.6894543756555592
ipod_to_slr,final,,tagi_full3,0.3,43,raw36,643,2563,41008,64,41152,3cb85c0f9e35e12181b54b1702606e8f8888e3aceed055173a9228911140b09d,4.930574800004251,0,0,8.788775156971803e-07,8.788775156971803e-07,0.844660191220052
ipod_to_slr,final,,tagi_full3,1.0,17,mean3,643,451,7216,1,643,4bbcd3aa58952accb7bfa4748e61bd3038b51e1246235fde1f96479d2c5cd84e,0.06248249998316169,0,0,0.0015597451396213568,0.0015597451396213568,0.7966141589019999
ipod_to_slr,final,,tagi_full3,1.0,17,mean3,643,451,7216,4,2572,b3fa27c1f82cd9761061e7d3e6c76810530e7b1f210c19eda7afcded152af0cc,0.2471085999859497,0,0,0.0004135352056236994,0.0004135352056236994,0.9128560324023047
ipod_to_slr,final,,tagi_full3,1.0,17,mean3,643,451,7216,16,10288,37ef62dd26be230eb0b48eab487a969c603fbcc9c913a84addc6a97a3cbb15ea,1.025234000000637,0,0,0.00010069803897403207,0.00010069803897403207,0.9426216397761725
ipod_to_slr,final,,tagi_full3,1.0,17,mean3,643,451,7216,64,41152,846e9f8fbf387503e84938b3a4a6815332a5301f463ac26c40ac6a5f96016be8,4.020141499990132,0,0,2.455434982978903e-05,2.455434982978903e-05,0.9663247332083862
ipod_to_slr,final,,tagi_full3,1.0,29,mean3,643,451,7216,1,643,f1eba1ea57dc1f1cd426d1f07c49ac40c4d99976912513e9f21b3bf0c21bfc3f,0.06248249998316169,0,0,0.0015761498533726425,0.0015761498533726425,0.6290489713111626
ipod_to_slr,final,,tagi_full3,1.0,29,mean3,643,451,7216,4,2572,a4b4828e1dddedcb0c693a09e5133a56532c42935fad81c882502c3d30c00505,0.2471085999859497,0,0,0.0004167905202955762,0.0004167905202955762,0.6529487411901778
ipod_to_slr,final,,tagi_full3,1.0,29,mean3,643,451,7216,16,10288,9757253583ed56e379b985fbdcba7da3bed565442645a734663d3142f7e9945e,1.025234000000637,0,0,0.00010112861872862317,0.00010112861872862317,0.7901729260524504
ipod_to_slr,final,,tagi_full3,1.0,29,mean3,643,451,7216,64,41152,412e901bab9c05730f1e4c71a019d8d7435cb8af45bfe2a22709d734e8b54959,4.020141499990132,0,0,2.4692895257912156e-05,2.4692895257912156e-05,1.0482084183501776
ipod_to_slr,final,,tagi_full3,1.0,43,mean3,643,451,7216,1,643,eb0a88dc3f77e5c072436354838ef88a7b57749d42a5f085ff10d18155a21d2d,0.06248249998316169,0,0,0.0015794164080484379,0.0015794164080484379,0.5471114454943536
ipod_to_slr,final,,tagi_full3,1.0,43,mean3,643,451,7216,4,2572,16038ea06a812ef169fd7fea1e11779bd690bad395ace1b356a0de2e27dce1f8,0.2471085999859497,0,0,0.00041885486979342665,0.00041885486979342665,0.6084150588916479
ipod_to_slr,final,,tagi_full3,1.0,43,mean3,643,451,7216,16,10288,301ad6b9b18072a5fb205937922b6581e496921ad8cbdf3264d5f1021d80b9b9,1.025234000000637,0,0,0.000101311006830934,0.000101311006830934,0.6436682602394426
ipod_to_slr,final,,tagi_full3,1.0,43,mean3,643,451,7216,64,41152,3cb85c0f9e35e12181b54b1702606e8f8888e3aceed055173a9228911140b09d,4.020141499990132,0,0,2.469627997562747e-05,2.469627997562747e-05,0.873019311993953
