protocol,objective,seed,accepted,population,coverage,mean_delta_e00
from_ipod,consistency,17,1,132,0.007575757575757576,4.060247749192144
from_ipod,consistency,17,2,132,0.015151515151515152,5.269596651221111
from_ipod,consistency,17,3,132,0.022727272727272728,4.609189190175171
from_ipod,consistency,17,4,132,0.030303030303030304,6.191925976835149
from_ipod,consistency,17,5,132,0.03787878787878788,5.938038006728219
from_ipod,consistency,17,6,132,0.045454545454545456,6.130676786827885
from_ipod,consistency,17,7,132,0.05303030303030303,6.6280146575621774
from_ipod,consistency,17,8,132,0.06060606060606061,6.261632495620426
from_ipod,consistency,17,9,132,0.06818181818181818,6.345643524602151
from_ipod,consistency,17,10,132,0.07575757575757576,6.318025877561997
from_ipod,consistency,17,11,132,0.08333333333333333,6.578679962911742
from_ipod,consistency,17,12,132,0.09090909090909091,6.692981198497951
from_ipod,consistency,17,13,132,0.09848484848484848,6.821409168139774
from_ipod,consistency,17,14,132,0.10606060606060606,7.036205799326592
from_ipod,consistency,17,15,132,0.11363636363636363,7.15428896280578
from_ipod,consistency,17,16,132,0.12121212121212122,7.153852376900244
from_ipod,consistency,17,17,132,0.12878787878787878,7.008061468009959
from_ipod,consistency,17,18,132,0.13636363636363635,7.321588335945252
from_ipod,consistency,17,19,132,0.14393939393939395,7.457652405899766
from_ipod,consistency,17,20,132,0.15151515151515152,7.448490393087122
from_ipod,consistency,17,21,132,0.1590909090909091,7.528147271757335
from_ipod,consistency,17,22,132,0.16666666666666666,7.313511878310987
from_ipod,consistency,17,23,132,0.17424242424242425,7.205529559115946
from_ipod,consistency,17,24,132,0.18181818181818182,7.280522131359707
from_ipod,consistency,17,25,132,0.1893939393939394,7.309011373906053
from_ipod,consistency,17,26,132,0.19696969696969696,7.240682156970337
from_ipod,consistency,17,27,132,0.20454545454545456,7.17937624125704
from_ipod,consistency,17,28,132,0.21212121212121213,7.442249825343548
from_ipod,consistency,17,29,132,0.2196969696969697,7.350174632248645
from_ipod,consistency,17,30,132,0.22727272727272727,7.33768677110347
from_ipod,consistency,17,31,132,0.23484848484848486,7.176091086567529
from_ipod,consistency,17,32,132,0.24242424242424243,7.111650138283275
from_ipod,consistency,17,33,132,0.25,7.020607650928164
from_ipod,consistency,17,34,132,0.25757575757575757,6.986541039080498
from_ipod,consistency,17,35,132,0.26515151515151514,7.020658104670204
from_ipod,consistency,17,36,132,0.2727272727272727,7.082258320250826
from_ipod,consistency,17,37,132,0.2803030303030303,7.042018345393953
from_ipod,consistency,17,38,132,0.2878787878787879,7.131364156948562
from_ipod,consistency,17,39,132,0.29545454545454547,7.155089382633023
from_ipod,consistency,17,40,132,0.30303030303030304,7.0235419001568955
from_ipod,consistency,17,41,132,0.3106060606060606,7.092321541522694
from_ipod,consistency,17,42,132,0.3181818181818182,7.100723860714497
from_ipod,consistency,17,43,132,0.32575757575757575,7.058008858136025
from_ipod,consistency,17,44,132,0.3333333333333333,7.006406538118668
from_ipod,consistency,17,45,132,0.3409090909090909,6.984595342499425
from_ipod,consistency,17,46,132,0.3484848484848485,7.040720164134639
from_ipod,consistency,17,47,132,0.3560606060606061,6.982936606005641
from_ipod,consistency,17,48,132,0.36363636363636365,6.9629358810207505
from_ipod,consistency,17,49,132,0.3712121212121212,6.951663042557221
from_ipod,consistency,17,50,132,0.3787878787878788,6.9233786469553555
from_ipod,consistency,17,51,132,0.38636363636363635,6.935228937876781
from_ipod,consistency,17,52,132,0.3939393939393939,6.8617282503806205
from_ipod,consistency,17,53,132,0.4015151515151515,6.8790139442256075
from_ipod,consistency,17,54,132,0.4090909090909091,6.917865682772324
from_ipod,consistency,17,55,132,0.4166666666666667,6.8715460161269695
from_ipod,consistency,17,56,132,0.42424242424242425,6.8415194002584485
from_ipod,consistency,17,57,132,0.4318181818181818,6.819241176894422
from_ipod,consistency,17,58,132,0.4393939393939394,6.776450902853318
from_ipod,consistency,17,59,132,0.44696969696969696,6.8014769622730835
from_ipod,consistency,17,60,132,0.45454545454545453,6.821085437850399
from_ipod,consistency,17,61,132,0.4621212121212121,6.802565117483958
from_ipod,consistency,17,62,132,0.4696969696969697,6.788742409777673
from_ipod,consistency,17,63,132,0.4772727272727273,6.788665371274237
from_ipod,consistency,17,64,132,0.48484848484848486,6.746428190692734
from_ipod,consistency,17,65,132,0.49242424242424243,6.812246907234055
from_ipod,consistency,17,66,132,0.5,6.814570584366928
from_ipod,consistency,17,67,132,0.5075757575757576,6.792500690244548
from_ipod,consistency,17,68,132,0.5151515151515151,6.794856157692373
from_ipod,consistency,17,69,132,0.5227272727272727,6.798381012968737
from_ipod,consistency,17,70,132,0.5303030303030303,6.830613338105352
from_ipod,consistency,17,71,132,0.5378787878787878,6.820447611936414
from_ipod,consistency,17,72,132,0.5454545454545454,6.869535800019974
from_ipod,consistency,17,73,132,0.553030303030303,6.8857367002472705
from_ipod,consistency,17,74,132,0.5606060606060606,6.855123470598387
from_ipod,consistency,17,75,132,0.5681818181818182,6.837078940578496
from_ipod,consistency,17,76,132,0.5757575757575758,6.777516611152595
from_ipod,consistency,17,77,132,0.5833333333333334,6.778495636874129
from_ipod,consistency,17,78,132,0.5909090909090909,6.761117105812237
from_ipod,consistency,17,79,132,0.5984848484848485,6.736503698236981
from_ipod,consistency,17,80,132,0.6060606060606061,6.700438867820145
from_ipod,consistency,17,81,132,0.6136363636363636,6.6603716224804845
from_ipod,consistency,17,82,132,0.6212121212121212,6.640162349148088
from_ipod,consistency,17,83,132,0.6287878787878788,6.714644010752619
from_ipod,consistency,17,84,132,0.6363636363636364,6.691873368624257
from_ipod,consistency,17,85,132,0.6439393939393939,6.738536145622735
from_ipod,consistency,17,86,132,0.6515151515151515,6.714904967531181
from_ipod,consistency,17,87,132,0.6590909090909091,6.668003128040166
from_ipod,consistency,17,88,132,0.6666666666666666,6.678730148126092
from_ipod,consistency,17,89,132,0.6742424242424242,6.698344924377536
from_ipod,consistency,17,90,132,0.6818181818181818,6.675831959314314
from_ipod,consistency,17,91,132,0.6893939393939394,6.691413662699248
from_ipod,consistency,17,92,132,0.696969696969697,6.682889318028863
from_ipod,consistency,17,93,132,0.7045454545454546,6.628920238850333
from_ipod,consistency,17,94,132,0.7121212121212122,6.609500674870063
from_ipod,consistency,17,95,132,0.7196969696969697,6.601494107362413
from_ipod,consistency,17,96,132,0.7272727272727273,6.588413955519414
from_ipod,consistency,17,97,132,0.7348484848484849,6.591706613285747
from_ipod,consistency,17,98,132,0.7424242424242424,6.623598667357812
from_ipod,consistency,17,99,132,0.75,6.624433398082001
from_ipod,consistency,17,100,132,0.7575757575757576,6.583601805460265
from_ipod,consistency,17,101,132,0.7651515151515151,6.585518888323193
from_ipod,consistency,17,102,132,0.7727272727272727,6.530253821370453
from_ipod,consistency,17,103,132,0.7803030303030303,6.50360822611828
from_ipod,consistency,17,104,132,0.7878787878787878,6.487438054828578
from_ipod,consistency,17,105,132,0.7954545454545454,6.509876026584079
from_ipod,consistency,17,106,132,0.803030303030303,6.505553760870588
from_ipod,consistency,17,107,132,0.8106060606060606,6.48567530994054
from_ipod,consistency,17,108,132,0.8181818181818182,6.4873192824595645
from_ipod,consistency,17,109,132,0.8257575757575758,6.511936006170418
from_ipod,consistency,17,110,132,0.8333333333333334,6.543791444149678
from_ipod,consistency,17,111,132,0.8409090909090909,6.517387946666519
from_ipod,consistency,17,112,132,0.8484848484848485,6.5008814895745894
from_ipod,consistency,17,113,132,0.8560606060606061,6.542482644131852
from_ipod,consistency,17,114,132,0.8636363636363636,6.548470576645381
from_ipod,consistency,17,115,132,0.8712121212121212,6.51204965559137
from_ipod,consistency,17,116,132,0.8787878787878788,6.48295432550348
from_ipod,consistency,17,117,132,0.8863636363636364,6.47216736895361
from_ipod,consistency,17,118,132,0.8939393939393939,6.454222928755982
from_ipod,consistency,17,119,132,0.9015151515151515,6.451620948512669
from_ipod,consistency,17,120,132,0.9090909090909091,6.439616770817332
from_ipod,consistency,17,121,132,0.9166666666666666,6.415445229468169
from_ipod,consistency,17,122,132,0.9242424242424242,6.390211446443652
from_ipod,consistency,17,123,132,0.9318181818181818,6.378386803127238
from_ipod,consistency,17,124,132,0.9393939393939394,6.372726225454211
from_ipod,consistency,17,125,132,0.946969696969697,6.362707026713329
from_ipod,consistency,17,126,132,0.9545454545454546,6.350932067250041
from_ipod,consistency,17,127,132,0.9621212121212122,6.335965262300938
from_ipod,consistency,17,128,132,0.9696969696969697,6.367663973895244
from_ipod,consistency,17,129,132,0.9772727272727273,6.39228299898248
from_ipod,consistency,17,130,132,0.9848484848484849,6.359851435554971
from_ipod,consistency,17,131,132,0.9924242424242424,6.366982516222635
from_ipod,consistency,17,132,132,1.0,6.348212921837951
from_ipod,consistency,29,1,132,0.007575757575757576,6.609419244256764
from_ipod,consistency,29,2,132,0.015151515151515152,5.2342509800437815
from_ipod,consistency,29,3,132,0.022727272727272728,4.740414377184155
from_ipod,consistency,29,4,132,0.030303030303030304,4.682305520580645
from_ipod,consistency,29,5,132,0.03787878787878788,4.119582698344951
from_ipod,consistency,29,6,132,0.045454545454545456,4.147180101361019
from_ipod,consistency,29,7,132,0.05303030303030303,4.264580695145484
from_ipod,consistency,29,8,132,0.06060606060606061,4.231029526378166
from_ipod,consistency,29,9,132,0.06818181818181818,4.252660667320691
from_ipod,consistency,29,10,132,0.07575757575757576,4.4873026256114965
from_ipod,consistency,29,11,132,0.08333333333333333,4.740716871012079
from_ipod,consistency,29,12,132,0.09090909090909091,4.634481640530871
from_ipod,consistency,29,13,132,0.09848484848484848,4.688412462623419
from_ipod,consistency,29,14,132,0.10606060606060606,4.757713861916448
from_ipod,consistency,29,15,132,0.11363636363636363,4.581546715653655
from_ipod,consistency,29,16,132,0.12121212121212122,4.604420580566039
from_ipod,consistency,29,17,132,0.12878787878787878,4.554478657013503
from_ipod,consistency,29,18,132,0.13636363636363635,4.6392549747059775
from_ipod,consistency,29,19,132,0.14393939393939395,4.57858944042184
from_ipod,consistency,29,20,132,0.15151515151515152,4.58980206415462
from_ipod,consistency,29,21,132,0.1590909090909091,4.611539419262674
from_ipod,consistency,29,22,132,0.16666666666666666,4.753183905304291
from_ipod,consistency,29,23,132,0.17424242424242425,4.884321627587608
from_ipod,consistency,29,24,132,0.18181818181818182,4.829758243757563
from_ipod,consistency,29,25,132,0.1893939393939394,4.75773393377162
from_ipod,consistency,29,26,132,0.19696969696969696,4.772297065147911
from_ipod,consistency,29,27,132,0.20454545454545456,4.854705676167054
from_ipod,consistency,29,28,132,0.21212121212121213,4.915194978378856
from_ipod,consistency,29,29,132,0.2196969696969697,4.877213616646158
from_ipod,consistency,29,30,132,0.22727272727272727,4.887060170335977
from_ipod,consistency,29,31,132,0.23484848484848486,4.875763331578268
from_ipod,consistency,29,32,132,0.24242424242424243,4.873865765742837
from_ipod,consistency,29,33,132,0.25,4.882425103470754
from_ipod,consistency,29,34,132,0.25757575757575757,4.881350154759863
from_ipod,consistency,29,35,132,0.26515151515151514,4.925293238249789
from_ipod,consistency,29,36,132,0.2727272727272727,4.949790344679473
from_ipod,consistency,29,37,132,0.2803030303030303,4.936179011994122
from_ipod,consistency,29,38,132,0.2878787878787879,4.956254818217417
from_ipod,consistency,29,39,132,0.29545454545454547,4.961272552583095
from_ipod,consistency,29,40,132,0.30303030303030304,4.8857056140213215
from_ipod,consistency,29,41,132,0.3106060606060606,5.051820868307239
from_ipod,consistency,29,42,132,0.3181818181818182,5.103712705118534
from_ipod,consistency,29,43,132,0.32575757575757575,5.069756047013612
from_ipod,consistency,29,44,132,0.3333333333333333,5.050034071198798
from_ipod,consistency,29,45,132,0.3409090909090909,5.100569837090267
from_ipod,consistency,29,46,132,0.3484848484848485,5.032655158086899
from_ipod,consistency,29,47,132,0.3560606060606061,5.076598159068303
from_ipod,consistency,29,48,132,0.36363636363636365,5.039812375740632
from_ipod,consistency,29,49,132,0.3712121212121212,5.213522313711258
from_ipod,consistency,29,50,132,0.3787878787878788,5.293588907335251
from_ipod,consistency,29,51,132,0.38636363636363635,5.276835519698942
from_ipod,consistency,29,52,132,0.3939393939393939,5.315456915735077
from_ipod,consistency,29,53,132,0.4015151515151515,5.378091311790286
from_ipod,consistency,29,54,132,0.4090909090909091,5.366776638225678
from_ipod,consistency,29,55,132,0.4166666666666667,5.358330198373983
from_ipod,consistency,29,56,132,0.42424242424242425,5.364815940964974
from_ipod,consistency,29,57,132,0.4318181818181818,5.337325812769408
from_ipod,consistency,29,58,132,0.4393939393939394,5.359701516922136
from_ipod,consistency,29,59,132,0.44696969696969696,5.37433668401201
from_ipod,consistency,29,60,132,0.45454545454545453,5.344486522437766
from_ipod,consistency,29,61,132,0.4621212121212121,5.3012397098349755
from_ipod,consistency,29,62,132,0.4696969696969697,5.34255079452524
from_ipod,consistency,29,63,132,0.4772727272727273,5.4143424312987385
from_ipod,consistency,29,64,132,0.48484848484848486,5.4158189546506526
from_ipod,consistency,29,65,132,0.49242424242424243,5.435505278663964
from_ipod,consistency,29,66,132,0.5,5.435699383327233
from_ipod,consistency,29,67,132,0.5075757575757576,5.411229917639572
from_ipod,consistency,29,68,132,0.5151515151515151,5.490580966471955
from_ipod,consistency,29,69,132,0.5227272727272727,5.609973057553136
from_ipod,consistency,29,70,132,0.5303030303030303,5.614228919780546
from_ipod,consistency,29,71,132,0.5378787878787878,5.592570199194738
from_ipod,consistency,29,72,132,0.5454545454545454,5.556016486825138
from_ipod,consistency,29,73,132,0.553030303030303,5.581776579058663
from_ipod,consistency,29,74,132,0.5606060606060606,5.559033178863948
from_ipod,consistency,29,75,132,0.5681818181818182,5.564327580204574
from_ipod,consistency,29,76,132,0.5757575757575758,5.589923381115844
from_ipod,consistency,29,77,132,0.5833333333333334,5.619877817472039
from_ipod,consistency,29,78,132,0.5909090909090909,5.639802207062774
from_ipod,consistency,29,79,132,0.5984848484848485,5.682157065663975
from_ipod,consistency,29,80,132,0.6060606060606061,5.66012960137238
from_ipod,consistency,29,81,132,0.6136363636363636,5.689075630977288
from_ipod,consistency,29,82,132,0.6212121212121212,5.66007727804933
from_ipod,consistency,29,83,132,0.6287878787878788,5.6203960132140764
from_ipod,consistency,29,84,132,0.6363636363636364,5.598763002021751
from_ipod,consistency,29,85,132,0.6439393939393939,5.662857615351771
from_ipod,consistency,29,86,132,0.6515151515151515,5.634937795807625
from_ipod,consistency,29,87,132,0.6590909090909091,5.7207616889028055
from_ipod,consistency,29,88,132,0.6666666666666666,5.71499167047883
from_ipod,consistency,29,89,132,0.6742424242424242,5.720184731918824
from_ipod,consistency,29,90,132,0.6818181818181818,5.721065494295898
from_ipod,consistency,29,91,132,0.6893939393939394,5.751495358959185
from_ipod,consistency,29,92,132,0.696969696969697,5.750155246826144
from_ipod,consistency,29,93,132,0.7045454545454546,5.7514465480567205
from_ipod,consistency,29,94,132,0.7121212121212122,5.7917501620055685
from_ipod,consistency,29,95,132,0.7196969696969697,5.7719669605092125
from_ipod,consistency,29,96,132,0.7272727272727273,5.76881138067451
from_ipod,consistency,29,97,132,0.7348484848484849,5.760521370383077
from_ipod,consistency,29,98,132,0.7424242424242424,5.759147802095535
from_ipod,consistency,29,99,132,0.75,5.757549713610153
from_ipod,consistency,29,100,132,0.7575757575757576,5.774579659463597
from_ipod,consistency,29,101,132,0.7651515151515151,5.772425684900959
from_ipod,consistency,29,102,132,0.7727272727272727,5.772142828986783
from_ipod,consistency,29,103,132,0.7803030303030303,5.765979474434199
from_ipod,consistency,29,104,132,0.7878787878787878,5.7757513070413475
from_ipod,consistency,29,105,132,0.7954545454545454,5.774054466318407
from_ipod,consistency,29,106,132,0.803030303030303,5.809276005904669
from_ipod,consistency,29,107,132,0.8106060606060606,5.815126974886907
from_ipod,consistency,29,108,132,0.8181818181818182,5.857351468679177
from_ipod,consistency,29,109,132,0.8257575757575758,5.9042250080987175
from_ipod,consistency,29,110,132,0.8333333333333334,5.911722625509127
from_ipod,consistency,29,111,132,0.8409090909090909,5.918545842758059
from_ipod,consistency,29,112,132,0.8484848484848485,5.938687227408484
from_ipod,consistency,29,113,132,0.8560606060606061,5.92764887358032
from_ipod,consistency,29,114,132,0.8636363636363636,5.935089613178545
from_ipod,consistency,29,115,132,0.8712121212121212,5.917586764388497
from_ipod,consistency,29,116,132,0.8787878787878788,5.910359441547548
from_ipod,consistency,29,117,132,0.8863636363636364,5.912589805123154
from_ipod,consistency,29,118,132,0.8939393939393939,5.912776721144163
from_ipod,consistency,29,119,132,0.9015151515151515,5.904637850875214
from_ipod,consistency,29,120,132,0.9090909090909091,5.910405811117011
from_ipod,consistency,29,121,132,0.9166666666666666,5.916080219698835
from_ipod,consistency,29,122,132,0.9242424242424242,5.9188024799404095
from_ipod,consistency,29,123,132,0.9318181818181818,5.927527671612864
from_ipod,consistency,29,124,132,0.9393939393939394,5.9381482325992465
from_ipod,consistency,29,125,132,0.946969696969697,5.9558202697297595
from_ipod,consistency,29,126,132,0.9545454545454546,5.970464350387891
from_ipod,consistency,29,127,132,0.9621212121212122,5.979649114042801
from_ipod,consistency,29,128,132,0.9696969696969697,5.948334422154122
from_ipod,consistency,29,129,132,0.9772727272727273,5.965498780752295
from_ipod,consistency,29,130,132,0.9848484848484849,5.938918762955557
from_ipod,consistency,29,131,132,0.9924242424242424,5.951190987577462
from_ipod,consistency,29,132,132,1.0,5.949524870519585
from_ipod,consistency,43,1,132,0.007575757575757576,5.840013921349806
from_ipod,consistency,43,2,132,0.015151515151515152,4.649132046790859
from_ipod,consistency,43,3,132,0.022727272727272728,4.009782854593358
from_ipod,consistency,43,4,132,0.030303030303030304,3.7744115392442814
from_ipod,consistency,43,5,132,0.03787878787878788,4.220334044519108
from_ipod,consistency,43,6,132,0.045454545454545456,4.428694427938148
from_ipod,consistency,43,7,132,0.05303030303030303,4.254797473344678
from_ipod,consistency,43,8,132,0.06060606060606061,4.058758923333931
from_ipod,consistency,43,9,132,0.06818181818181818,4.379585372581219
from_ipod,consistency,43,10,132,0.07575757575757576,4.445987305430978
from_ipod,consistency,43,11,132,0.08333333333333333,4.556713999085582
from_ipod,consistency,43,12,132,0.09090909090909091,4.587546785603085
from_ipod,consistency,43,13,132,0.09848484848484848,4.5743816687165095
from_ipod,consistency,43,14,132,0.10606060606060606,4.651219728316895
from_ipod,consistency,43,15,132,0.11363636363636363,4.511857249018003
from_ipod,consistency,43,16,132,0.12121212121212122,4.4082753486670185
from_ipod,consistency,43,17,132,0.12878787878787878,4.364124600075679
from_ipod,consistency,43,18,132,0.13636363636363635,4.39590172712653
from_ipod,consistency,43,19,132,0.14393939393939395,4.4284131914178815
from_ipod,consistency,43,20,132,0.15151515151515152,4.475486040037498
from_ipod,consistency,43,21,132,0.1590909090909091,4.537829094781053
from_ipod,consistency,43,22,132,0.16666666666666666,4.698371193452659
from_ipod,consistency,43,23,132,0.17424242424242425,4.719962169594533
from_ipod,consistency,43,24,132,0.18181818181818182,4.8027105222561755
from_ipod,consistency,43,25,132,0.1893939393939394,4.657562237381729
from_ipod,consistency,43,26,132,0.19696969696969696,4.635430668604301
from_ipod,consistency,43,27,132,0.20454545454545456,4.791559099833914
from_ipod,consistency,43,28,132,0.21212121212121213,4.749609295807859
from_ipod,consistency,43,29,132,0.2196969696969697,4.787868432121541
from_ipod,consistency,43,30,132,0.22727272727272727,4.810816246749026
from_ipod,consistency,43,31,132,0.23484848484848486,4.976144758251984
from_ipod,consistency,43,32,132,0.24242424242424243,4.940477754300571
from_ipod,consistency,43,33,132,0.25,4.962818264791685
from_ipod,consistency,43,34,132,0.25757575757575757,4.909227462868314
from_ipod,consistency,43,35,132,0.26515151515151514,4.927404903641493
from_ipod,consistency,43,36,132,0.2727272727272727,4.867984470041448
from_ipod,consistency,43,37,132,0.2803030303030303,4.876100266617598
from_ipod,consistency,43,38,132,0.2878787878787879,4.887510879177472
from_ipod,consistency,43,39,132,0.29545454545454547,4.817985678719665
from_ipod,consistency,43,40,132,0.30303030303030304,4.9224874179554
from_ipod,consistency,43,41,132,0.3106060606060606,4.9005896312407335
from_ipod,consistency,43,42,132,0.3181818181818182,4.933253809216825
from_ipod,consistency,43,43,132,0.32575757575757575,4.968661718180825
from_ipod,consistency,43,44,132,0.3333333333333333,5.07773122233936
from_ipod,consistency,43,45,132,0.3409090909090909,5.039653753897549
from_ipod,consistency,43,46,132,0.3484848484848485,4.999750585224165
from_ipod,consistency,43,47,132,0.3560606060606061,5.05404316150587
from_ipod,consistency,43,48,132,0.36363636363636365,5.130746298300872
from_ipod,consistency,43,49,132,0.3712121212121212,5.143970457835836
from_ipod,consistency,43,50,132,0.3787878787878788,5.1323932975730155
from_ipod,consistency,43,51,132,0.38636363636363635,5.111763413161301
from_ipod,consistency,43,52,132,0.3939393939393939,5.222398380213044
from_ipod,consistency,43,53,132,0.4015151515151515,5.289705304090696
from_ipod,consistency,43,54,132,0.4090909090909091,5.248895677893419
from_ipod,consistency,43,55,132,0.4166666666666667,5.247589470227897
from_ipod,consistency,43,56,132,0.42424242424242425,5.224664054495382
from_ipod,consistency,43,57,132,0.4318181818181818,5.291754039651307
from_ipod,consistency,43,58,132,0.4393939393939394,5.291855780833295
from_ipod,consistency,43,59,132,0.44696969696969696,5.290867044645661
from_ipod,consistency,43,60,132,0.45454545454545453,5.300117500052502
from_ipod,consistency,43,61,132,0.4621212121212121,5.343839046553366
from_ipod,consistency,43,62,132,0.4696969696969697,5.411772031470832
from_ipod,consistency,43,63,132,0.4772727272727273,5.425160147767525
from_ipod,consistency,43,64,132,0.48484848484848486,5.459919114989416
from_ipod,consistency,43,65,132,0.49242424242424243,5.4934499082601524
from_ipod,consistency,43,66,132,0.5,5.4621925360884385
from_ipod,consistency,43,67,132,0.5075757575757576,5.432854297068437
from_ipod,consistency,43,68,132,0.5151515151515151,5.437065015127251
from_ipod,consistency,43,69,132,0.5227272727272727,5.404139047933171
from_ipod,consistency,43,70,132,0.5303030303030303,5.385104636230698
from_ipod,consistency,43,71,132,0.5378787878787878,5.403154393840287
from_ipod,consistency,43,72,132,0.5454545454545454,5.373796824697949
from_ipod,consistency,43,73,132,0.553030303030303,5.420454720815888
from_ipod,consistency,43,74,132,0.5606060606060606,5.387615081257296
from_ipod,consistency,43,75,132,0.5681818181818182,5.389009408693869
from_ipod,consistency,43,76,132,0.5757575757575758,5.393174262266887
from_ipod,consistency,43,77,132,0.5833333333333334,5.424248660814963
from_ipod,consistency,43,78,132,0.5909090909090909,5.438213356453763
from_ipod,consistency,43,79,132,0.5984848484848485,5.457291758596943
from_ipod,consistency,43,80,132,0.6060606060606061,5.458789852740191
from_ipod,consistency,43,81,132,0.6136363636363636,5.446373222275673
from_ipod,consistency,43,82,132,0.6212121212121212,5.462674270088982
from_ipod,consistency,43,83,132,0.6287878787878788,5.451496170028059
from_ipod,consistency,43,84,132,0.6363636363636364,5.460180605086664
from_ipod,consistency,43,85,132,0.6439393939393939,5.471759674938373
from_ipod,consistency,43,86,132,0.6515151515151515,5.468623094603504
from_ipod,consistency,43,87,132,0.6590909090909091,5.465239473260611
from_ipod,consistency,43,88,132,0.6666666666666666,5.4629017757394935
from_ipod,consistency,43,89,132,0.6742424242424242,5.456044783056737
from_ipod,consistency,43,90,132,0.6818181818181818,5.449370833479113
from_ipod,consistency,43,91,132,0.6893939393939394,5.445823337648873
from_ipod,consistency,43,92,132,0.696969696969697,5.439707525629084
from_ipod,consistency,43,93,132,0.7045454545454546,5.462272138126917
from_ipod,consistency,43,94,132,0.7121212121212122,5.475137348060544
from_ipod,consistency,43,95,132,0.7196969696969697,5.477739947345586
from_ipod,consistency,43,96,132,0.7272727272727273,5.459209871425885
from_ipod,consistency,43,97,132,0.7348484848484849,5.451974127721837
from_ipod,consistency,43,98,132,0.7424242424242424,5.475702632710203
from_ipod,consistency,43,99,132,0.75,5.509872863343059
from_ipod,consistency,43,100,132,0.7575757575757576,5.547331597534638
from_ipod,consistency,43,101,132,0.7651515151515151,5.576134179578785
from_ipod,consistency,43,102,132,0.7727272727272727,5.600120675254265
from_ipod,consistency,43,103,132,0.7803030303030303,5.595874384682894
from_ipod,consistency,43,104,132,0.7878787878787878,5.619872898599468
from_ipod,consistency,43,105,132,0.7954545454545454,5.612357875189975
from_ipod,consistency,43,106,132,0.803030303030303,5.603831304270847
from_ipod,consistency,43,107,132,0.8106060606060606,5.632858720500835
from_ipod,consistency,43,108,132,0.8181818181818182,5.626284298925039
from_ipod,consistency,43,109,132,0.8257575757575758,5.6117984757481025
from_ipod,consistency,43,110,132,0.8333333333333334,5.633404322876334
from_ipod,consistency,43,111,132,0.8409090909090909,5.668762668559913
from_ipod,consistency,43,112,132,0.8484848484848485,5.64262654086461
from_ipod,consistency,43,113,132,0.8560606060606061,5.630550472805504
from_ipod,consistency,43,114,132,0.8636363636363636,5.659361401105704
from_ipod,consistency,43,115,132,0.8712121212121212,5.635283187178718
from_ipod,consistency,43,116,132,0.8787878787878788,5.609329084535343
from_ipod,consistency,43,117,132,0.8863636363636364,5.63489377489931
from_ipod,consistency,43,118,132,0.8939393939393939,5.624034653819242
from_ipod,consistency,43,119,132,0.9015151515151515,5.651436210270197
from_ipod,consistency,43,120,132,0.9090909090909091,5.639380480062191
from_ipod,consistency,43,121,132,0.9166666666666666,5.65100949873176
from_ipod,consistency,43,122,132,0.9242424242424242,5.682288299088329
from_ipod,consistency,43,123,132,0.9318181818181818,5.667226199155448
from_ipod,consistency,43,124,132,0.9393939393939394,5.654380812666581
from_ipod,consistency,43,125,132,0.946969696969697,5.639956103937377
from_ipod,consistency,43,126,132,0.9545454545454546,5.620371985400264
from_ipod,consistency,43,127,132,0.9621212121212122,5.581289821182596
from_ipod,consistency,43,128,132,0.9696969696969697,5.554123865560125
from_ipod,consistency,43,129,132,0.9772727272727273,5.527116335954495
from_ipod,consistency,43,130,132,0.9848484848484849,5.553923794652173
from_ipod,consistency,43,131,132,0.9924242424242424,5.5636776811447515
from_ipod,consistency,43,132,132,1.0,5.5350838252365735
from_ipod,individual,17,1,132,0.007575757575757576,3.9616467910682522
from_ipod,individual,17,2,132,0.015151515151515152,5.297228123321549
from_ipod,individual,17,3,132,0.022727272727272728,4.548423616141835
from_ipod,individual,17,4,132,0.030303030303030304,4.365141085290202
from_ipod,individual,17,5,132,0.03787878787878788,4.466652277652311
from_ipod,individual,17,6,132,0.045454545454545456,4.678905294479757
from_ipod,individual,17,7,132,0.05303030303030303,5.365034979549262
from_ipod,individual,17,8,132,0.06060606060606061,5.450862226080822
from_ipod,individual,17,9,132,0.06818181818181818,5.608285623640626
from_ipod,individual,17,10,132,0.07575757575757576,5.856888910420511
from_ipod,individual,17,11,132,0.08333333333333333,5.9196250373032235
from_ipod,individual,17,12,132,0.09090909090909091,6.0473302861517455
from_ipod,individual,17,13,132,0.09848484848484848,5.916251824191429
from_ipod,individual,17,14,132,0.10606060606060606,5.938152416126078
from_ipod,individual,17,15,132,0.11363636363636363,5.8189771395851215
from_ipod,individual,17,16,132,0.12121212121212122,5.8386160078091045
from_ipod,individual,17,17,132,0.12878787878787878,5.608051292278009
from_ipod,individual,17,18,132,0.13636363636363635,5.5278316945776105
from_ipod,individual,17,19,132,0.14393939393939395,5.481004377969017
from_ipod,individual,17,20,132,0.15151515151515152,5.571722592841959
from_ipod,individual,17,21,132,0.1590909090909091,5.653421548355452
from_ipod,individual,17,22,132,0.16666666666666666,5.596899814415404
from_ipod,individual,17,23,132,0.17424242424242425,5.546024657829334
from_ipod,individual,17,24,132,0.18181818181818182,5.574218320314479
from_ipod,individual,17,25,132,0.1893939393939394,5.576768074833307
from_ipod,individual,17,26,132,0.19696969696969696,5.568669714698779
from_ipod,individual,17,27,132,0.20454545454545456,5.62278230478868
from_ipod,individual,17,28,132,0.21212121212121213,5.593054383917578
from_ipod,individual,17,29,132,0.2196969696969697,5.599177573063506
from_ipod,individual,17,30,132,0.22727272727272727,5.6087789644653805
from_ipod,individual,17,31,132,0.23484848484848486,5.754981351769537
from_ipod,individual,17,32,132,0.24242424242424243,5.732350892209365
from_ipod,individual,17,33,132,0.25,5.675584888484754
from_ipod,individual,17,34,132,0.25757575757575757,5.717192527233297
from_ipod,individual,17,35,132,0.26515151515151514,5.716008142271217
from_ipod,individual,17,36,132,0.2727272727272727,5.708886842814906
from_ipod,individual,17,37,132,0.2803030303030303,5.699242720240103
from_ipod,individual,17,38,132,0.2878787878787879,5.713841020187467
from_ipod,individual,17,39,132,0.29545454545454547,5.613948032444819
from_ipod,individual,17,40,132,0.30303030303030304,5.6341509959089695
from_ipod,individual,17,41,132,0.3106060606060606,5.668429357841875
from_ipod,individual,17,42,132,0.3181818181818182,5.599895469686622
from_ipod,individual,17,43,132,0.32575757575757575,5.595130296020992
from_ipod,individual,17,44,132,0.3333333333333333,5.652430986441056
from_ipod,individual,17,45,132,0.3409090909090909,5.6266398297916576
from_ipod,individual,17,46,132,0.3484848484848485,5.622760719601336
from_ipod,individual,17,47,132,0.3560606060606061,5.642145823742549
from_ipod,individual,17,48,132,0.36363636363636365,5.738726686998347
from_ipod,individual,17,49,132,0.3712121212121212,5.846211329333671
from_ipod,individual,17,50,132,0.3787878787878788,5.940334669385255
from_ipod,individual,17,51,132,0.38636363636363635,5.961509840737331
from_ipod,individual,17,52,132,0.3939393939393939,5.968913912141493
from_ipod,individual,17,53,132,0.4015151515151515,5.891589454936171
from_ipod,individual,17,54,132,0.4090909090909091,5.877521911146091
from_ipod,individual,17,55,132,0.4166666666666667,5.877746381434673
from_ipod,individual,17,56,132,0.42424242424242425,5.858804165847118
from_ipod,individual,17,57,132,0.4318181818181818,5.834308038550944
from_ipod,individual,17,58,132,0.4393939393939394,5.870983799426391
from_ipod,individual,17,59,132,0.44696969696969696,5.845906412218624
from_ipod,individual,17,60,132,0.45454545454545453,5.861986684404633
from_ipod,individual,17,61,132,0.4621212121212121,5.866310793877381
from_ipod,individual,17,62,132,0.4696969696969697,5.939562222132884
from_ipod,individual,17,63,132,0.4772727272727273,5.9457258916961235
from_ipod,individual,17,64,132,0.48484848484848486,5.95915148989857
from_ipod,individual,17,65,132,0.49242424242424243,5.941079055942874
from_ipod,individual,17,66,132,0.5,5.956690868153231
from_ipod,individual,17,67,132,0.5075757575757576,5.955988049948105
from_ipod,individual,17,68,132,0.5151515151515151,5.942351971349708
from_ipod,individual,17,69,132,0.5227272727272727,5.922009762391409
from_ipod,individual,17,70,132,0.5303030303030303,5.912894278406885
from_ipod,individual,17,71,132,0.5378787878787878,5.919617631728739
from_ipod,individual,17,72,132,0.5454545454545454,5.899591607940722
from_ipod,individual,17,73,132,0.553030303030303,5.905353004582071
from_ipod,individual,17,74,132,0.5606060606060606,5.890773962823149
from_ipod,individual,17,75,132,0.5681818181818182,5.9231304398623275
from_ipod,individual,17,76,132,0.5757575757575758,5.880777756513778
from_ipod,individual,17,77,132,0.5833333333333334,5.876376359251942
from_ipod,individual,17,78,132,0.5909090909090909,5.882113276276874
from_ipod,individual,17,79,132,0.5984848484848485,5.864146774201693
from_ipod,individual,17,80,132,0.6060606060606061,5.841777081453268
from_ipod,individual,17,81,132,0.6136363636363636,5.853817396553093
from_ipod,individual,17,82,132,0.6212121212121212,5.833546109135185
from_ipod,individual,17,83,132,0.6287878787878788,5.828925667032903
from_ipod,individual,17,84,132,0.6363636363636364,5.817298656736592
from_ipod,individual,17,85,132,0.6439393939393939,5.840151537372004
from_ipod,individual,17,86,132,0.6515151515151515,5.896505479580186
from_ipod,individual,17,87,132,0.6590909090909091,5.976922306973102
from_ipod,individual,17,88,132,0.6666666666666666,5.9824073118052326
from_ipod,individual,17,89,132,0.6742424242424242,5.969526402332364
from_ipod,individual,17,90,132,0.6818181818181818,5.977458096844472
from_ipod,individual,17,91,132,0.6893939393939394,5.95078954094344
from_ipod,individual,17,92,132,0.696969696969697,5.94695008239065
from_ipod,individual,17,93,132,0.7045454545454546,5.943369738045228
from_ipod,individual,17,94,132,0.7121212121212122,5.953998554071982
from_ipod,individual,17,95,132,0.7196969696969697,5.972032639278885
from_ipod,individual,17,96,132,0.7272727272727273,5.97587021661104
from_ipod,individual,17,97,132,0.7348484848484849,5.988952415115618
from_ipod,individual,17,98,132,0.7424242424242424,5.999541472964674
from_ipod,individual,17,99,132,0.75,5.9636550363477845
from_ipod,individual,17,100,132,0.7575757575757576,5.963281206369147
from_ipod,individual,17,101,132,0.7651515151515151,5.997281711074304
from_ipod,individual,17,102,132,0.7727272727272727,5.9716182826876425
from_ipod,individual,17,103,132,0.7803030303030303,5.971769597691736
from_ipod,individual,17,104,132,0.7878787878787878,5.975458168061133
from_ipod,individual,17,105,132,0.7954545454545454,5.950544002151247
from_ipod,individual,17,106,132,0.803030303030303,5.924982852462738
from_ipod,individual,17,107,132,0.8106060606060606,5.906133811738909
from_ipod,individual,17,108,132,0.8181818181818182,5.863723955670226
from_ipod,individual,17,109,132,0.8257575757575758,5.8301895852112615
from_ipod,individual,17,110,132,0.8333333333333334,5.854729564689024
from_ipod,individual,17,111,132,0.8409090909090909,5.909880464677095
from_ipod,individual,17,112,132,0.8484848484848485,5.888661209533082
from_ipod,individual,17,113,132,0.8560606060606061,5.855072123805611
from_ipod,individual,17,114,132,0.8636363636363636,5.880497240525393
from_ipod,individual,17,115,132,0.8712121212121212,5.8512428178620635
from_ipod,individual,17,116,132,0.8787878787878788,5.884933872898096
from_ipod,individual,17,117,132,0.8863636363636364,5.896123702471507
from_ipod,individual,17,118,132,0.8939393939393939,5.871917510393826
from_ipod,individual,17,119,132,0.9015151515151515,5.8711402436832625
from_ipod,individual,17,120,132,0.9090909090909091,5.846403333836922
from_ipod,individual,17,121,132,0.9166666666666666,5.821836566363506
from_ipod,individual,17,122,132,0.9242424242424242,5.83750008720707
from_ipod,individual,17,123,132,0.9318181818181818,5.851370722713035
from_ipod,individual,17,124,132,0.9393939393939394,5.823454545847201
from_ipod,individual,17,125,132,0.946969696969697,5.793121590535586
from_ipod,individual,17,126,132,0.9545454545454546,5.827552852226542
from_ipod,individual,17,127,132,0.9621212121212122,5.79933880209044
from_ipod,individual,17,128,132,0.9696969696969697,5.827198621215544
from_ipod,individual,17,129,132,0.9772727272727273,5.7986257531051075
from_ipod,individual,17,130,132,0.9848484848484849,5.76633068298043
from_ipod,individual,17,131,132,0.9924242424242424,5.779124561218513
from_ipod,individual,17,132,132,1.0,5.7633999059672325
from_ipod,individual,29,1,132,0.007575757575757576,1.2592463621600467
from_ipod,individual,29,2,132,0.015151515151515152,1.7469023181643366
from_ipod,individual,29,3,132,0.022727272727272728,3.065502042651089
from_ipod,individual,29,4,132,0.030303030303030304,3.463792155958692
from_ipod,individual,29,5,132,0.03787878787878788,3.939956707267556
from_ipod,individual,29,6,132,0.045454545454545456,4.414708744583428
from_ipod,individual,29,7,132,0.05303030303030303,4.538052676886689
from_ipod,individual,29,8,132,0.06060606060606061,4.6754614688654605
from_ipod,individual,29,9,132,0.06818181818181818,4.431149111183362
from_ipod,individual,29,10,132,0.07575757575757576,4.600578570295535
from_ipod,individual,29,11,132,0.08333333333333333,4.67378242691249
from_ipod,individual,29,12,132,0.09090909090909091,4.6228056373527044
from_ipod,individual,29,13,132,0.09848484848484848,4.610841406014855
from_ipod,individual,29,14,132,0.10606060606060606,4.791796303797056
from_ipod,individual,29,15,132,0.11363636363636363,4.866249254235001
from_ipod,individual,29,16,132,0.12121212121212122,5.100287065576493
from_ipod,individual,29,17,132,0.12878787878787878,5.078495487156642
from_ipod,individual,29,18,132,0.13636363636363635,5.267935943306261
from_ipod,individual,29,19,132,0.14393939393939395,5.365314172806548
from_ipod,individual,29,20,132,0.15151515151515152,5.3954079694642285
from_ipod,individual,29,21,132,0.1590909090909091,5.42454076599356
from_ipod,individual,29,22,132,0.16666666666666666,5.457147763075997
from_ipod,individual,29,23,132,0.17424242424242425,5.4481165648093794
from_ipod,individual,29,24,132,0.18181818181818182,5.430417770779326
from_ipod,individual,29,25,132,0.1893939393939394,5.416903871496901
from_ipod,individual,29,26,132,0.19696969696969696,5.374821889626471
from_ipod,individual,29,27,132,0.20454545454545456,5.4744325569365575
from_ipod,individual,29,28,132,0.21212121212121213,5.470884380108643
from_ipod,individual,29,29,132,0.2196969696969697,5.4421081112808904
from_ipod,individual,29,30,132,0.22727272727272727,5.3584269113359975
from_ipod,individual,29,31,132,0.23484848484848486,5.4364758699373565
from_ipod,individual,29,32,132,0.24242424242424243,5.40464203078348
from_ipod,individual,29,33,132,0.25,5.447983329179348
from_ipod,individual,29,34,132,0.25757575757575757,5.416598093304191
from_ipod,individual,29,35,132,0.26515151515151514,5.423552173820283
from_ipod,individual,29,36,132,0.2727272727272727,5.554212411435974
from_ipod,individual,29,37,132,0.2803030303030303,5.479688518975277
from_ipod,individual,29,38,132,0.2878787878787879,5.436788044377927
from_ipod,individual,29,39,132,0.29545454545454547,5.448209197134317
from_ipod,individual,29,40,132,0.30303030303030304,5.4367138429899615
from_ipod,individual,29,41,132,0.3106060606060606,5.462121136705222
from_ipod,individual,29,42,132,0.3181818181818182,5.470077713002786
from_ipod,individual,29,43,132,0.32575757575757575,5.663736344596381
from_ipod,individual,29,44,132,0.3333333333333333,5.647986853159151
from_ipod,individual,29,45,132,0.3409090909090909,5.711699474515629
from_ipod,individual,29,46,132,0.3484848484848485,5.7492802780166254
from_ipod,individual,29,47,132,0.3560606060606061,5.716198252650933
from_ipod,individual,29,48,132,0.36363636363636365,5.7259508785524424
from_ipod,individual,29,49,132,0.3712121212121212,5.745540198353478
from_ipod,individual,29,50,132,0.3787878787878788,5.810489080480544
from_ipod,individual,29,51,132,0.38636363636363635,5.915774928437246
from_ipod,individual,29,52,132,0.3939393939393939,5.988224712589342
from_ipod,individual,29,53,132,0.4015151515151515,5.988853221809434
from_ipod,individual,29,54,132,0.4090909090909091,5.934303309752043
from_ipod,individual,29,55,132,0.4166666666666667,5.931761652131006
from_ipod,individual,29,56,132,0.42424242424242425,6.021440790649094
from_ipod,individual,29,57,132,0.4318181818181818,6.021774745033098
from_ipod,individual,29,58,132,0.4393939393939394,6.015250009238239
from_ipod,individual,29,59,132,0.44696969696969696,6.013283219503661
from_ipod,individual,29,60,132,0.45454545454545453,5.963111464961665
from_ipod,individual,29,61,132,0.4621212121212121,6.036046794205814
from_ipod,individual,29,62,132,0.4696969696969697,6.058254920021752
from_ipod,individual,29,63,132,0.4772727272727273,6.051023233997605
from_ipod,individual,29,64,132,0.48484848484848486,6.040862694827922
from_ipod,individual,29,65,132,0.49242424242424243,6.072410824922306
from_ipod,individual,29,66,132,0.5,6.072529311783364
from_ipod,individual,29,67,132,0.5075757575757576,6.057400354875855
from_ipod,individual,29,68,132,0.5151515151515151,6.007088069150296
from_ipod,individual,29,69,132,0.5227272727272727,5.999789994926215
from_ipod,individual,29,70,132,0.5303030303030303,5.991645329003244
from_ipod,individual,29,71,132,0.5378787878787878,5.992603097784526
from_ipod,individual,29,72,132,0.5454545454545454,6.057685293248294
from_ipod,individual,29,73,132,0.553030303030303,6.064194158021851
from_ipod,individual,29,74,132,0.5606060606060606,6.0324756770223225
from_ipod,individual,29,75,132,0.5681818181818182,6.0171344557341815
from_ipod,individual,29,76,132,0.5757575757575758,6.00767981090529
from_ipod,individual,29,77,132,0.5833333333333334,6.024746267431047
from_ipod,individual,29,78,132,0.5909090909090909,6.10379539694656
from_ipod,individual,29,79,132,0.5984848484848485,6.093567290909272
from_ipod,individual,29,80,132,0.6060606060606061,6.057004243201121
from_ipod,individual,29,81,132,0.6136363636363636,6.049431697480587
from_ipod,individual,29,82,132,0.6212121212121212,6.049320437178092
from_ipod,individual,29,83,132,0.6287878787878788,6.047689278075545
from_ipod,individual,29,84,132,0.6363636363636364,6.063832851446803
from_ipod,individual,29,85,132,0.6439393939393939,6.047062092735766
from_ipod,individual,29,86,132,0.6515151515151515,6.057112463828241
from_ipod,individual,29,87,132,0.6590909090909091,6.060812711507413
from_ipod,individual,29,88,132,0.6666666666666666,6.056265637814016
from_ipod,individual,29,89,132,0.6742424242424242,6.066090560679055
from_ipod,individual,29,90,132,0.6818181818181818,6.080455360295825
from_ipod,individual,29,91,132,0.6893939393939394,6.117735862444436
from_ipod,individual,29,92,132,0.696969696969697,6.181703046786172
from_ipod,individual,29,93,132,0.7045454545454546,6.192758895383437
from_ipod,individual,29,94,132,0.7121212121212122,6.203227516795419
from_ipod,individual,29,95,132,0.7196969696969697,6.21150070077498
from_ipod,individual,29,96,132,0.7272727272727273,6.214601806079383
from_ipod,individual,29,97,132,0.7348484848484849,6.267377730359219
from_ipod,individual,29,98,132,0.7424242424242424,6.250146501180874
from_ipod,individual,29,99,132,0.75,6.232345874583568
from_ipod,individual,29,100,132,0.7575757575757576,6.2326724034004215
from_ipod,individual,29,101,132,0.7651515151515151,6.244430589621224
from_ipod,individual,29,102,132,0.7727272727272727,6.249299614339191
from_ipod,individual,29,103,132,0.7803030303030303,6.2342908346294585
from_ipod,individual,29,104,132,0.7878787878787878,6.22791232092662
from_ipod,individual,29,105,132,0.7954545454545454,6.219847768011353
from_ipod,individual,29,106,132,0.803030303030303,6.209581537700744
from_ipod,individual,29,107,132,0.8106060606060606,6.227141474647522
from_ipod,individual,29,108,132,0.8181818181818182,6.223789303875913
from_ipod,individual,29,109,132,0.8257575757575758,6.228385131779008
from_ipod,individual,29,110,132,0.8333333333333334,6.222626209871681
from_ipod,individual,29,111,132,0.8409090909090909,6.220330541449559
from_ipod,individual,29,112,132,0.8484848484848485,6.203353743931368
from_ipod,individual,29,113,132,0.8560606060606061,6.197926940190413
from_ipod,individual,29,114,132,0.8636363636363636,6.194056663818373
from_ipod,individual,29,115,132,0.8712121212121212,6.235203152864469
from_ipod,individual,29,116,132,0.8787878787878788,6.231851214714423
from_ipod,individual,29,117,132,0.8863636363636364,6.276871175352489
from_ipod,individual,29,118,132,0.8939393939393939,6.279555156445967
from_ipod,individual,29,119,132,0.9015151515151515,6.2732639180965775
from_ipod,individual,29,120,132,0.9090909090909091,6.287235709512143
from_ipod,individual,29,121,132,0.9166666666666666,6.303088360490213
from_ipod,individual,29,122,132,0.9242424242424242,6.317154826693605
from_ipod,individual,29,123,132,0.9318181818181818,6.338850423019238
from_ipod,individual,29,124,132,0.9393939393939394,6.356885911424319
from_ipod,individual,29,125,132,0.946969696969697,6.384508649182822
from_ipod,individual,29,126,132,0.9545454545454546,6.414748729245152
from_ipod,individual,29,127,132,0.9621212121212122,6.43807201837206
from_ipod,individual,29,128,132,0.9696969696969697,6.462334441723021
from_ipod,individual,29,129,132,0.9772727272727273,6.42893960713999
from_ipod,individual,29,130,132,0.9848484848484849,6.444591346057929
from_ipod,individual,29,131,132,0.9924242424242424,6.417796995040969
from_ipod,individual,29,132,132,1.0,6.414617108301298
from_ipod,individual,43,1,132,0.007575757575757576,3.2816547278833186
from_ipod,individual,43,2,132,0.015151515151515152,4.208574681161476
from_ipod,individual,43,3,132,0.022727272727272728,4.688513904612262
from_ipod,individual,43,4,132,0.030303030303030304,4.409710876075683
from_ipod,individual,43,5,132,0.03787878787878788,5.063414240353849
from_ipod,individual,43,6,132,0.045454545454545456,4.812029518542769
from_ipod,individual,43,7,132,0.05303030303030303,4.755131892840569
from_ipod,individual,43,8,132,0.06060606060606061,4.311459764365361
from_ipod,individual,43,9,132,0.06818181818181818,4.159544428426148
from_ipod,individual,43,10,132,0.07575757575757576,4.153062217141489
from_ipod,individual,43,11,132,0.08333333333333333,4.363099001302732
from_ipod,individual,43,12,132,0.09090909090909091,4.3375366093775405
from_ipod,individual,43,13,132,0.09848484848484848,4.380733127649955
from_ipod,individual,43,14,132,0.10606060606060606,4.65561373081907
from_ipod,individual,43,15,132,0.11363636363636363,4.656177525083914
from_ipod,individual,43,16,132,0.12121212121212122,4.609306226621916
from_ipod,individual,43,17,132,0.12878787878787878,4.82515893771469
from_ipod,individual,43,18,132,0.13636363636363635,4.813946092686149
from_ipod,individual,43,19,132,0.14393939393939395,4.80771116440615
from_ipod,individual,43,20,132,0.15151515151515152,4.934243940385157
from_ipod,individual,43,21,132,0.1590909090909091,4.99980895382127
from_ipod,individual,43,22,132,0.16666666666666666,4.983561325375148
from_ipod,individual,43,23,132,0.17424242424242425,4.899037826169312
from_ipod,individual,43,24,132,0.18181818181818182,4.868270589361842
from_ipod,individual,43,25,132,0.1893939393939394,4.852881739390551
from_ipod,individual,43,26,132,0.19696969696969696,4.8822764605484945
from_ipod,individual,43,27,132,0.20454545454545456,4.887569868976759
from_ipod,individual,43,28,132,0.21212121212121213,4.963499505248303
from_ipod,individual,43,29,132,0.2196969696969697,5.0025776464006295
from_ipod,individual,43,30,132,0.22727272727272727,4.983151202815071
from_ipod,individual,43,31,132,0.23484848484848486,4.9735944482747625
from_ipod,individual,43,32,132,0.24242424242424243,4.958349996319063
from_ipod,individual,43,33,132,0.25,4.965024316189314
from_ipod,individual,43,34,132,0.25757575757575757,4.964327250771844
from_ipod,individual,43,35,132,0.26515151515151514,5.210700818164881
from_ipod,individual,43,36,132,0.2727272727272727,5.218732413219134
from_ipod,individual,43,37,132,0.2803030303030303,5.185447057336318
from_ipod,individual,43,38,132,0.2878787878787879,5.11099181486896
from_ipod,individual,43,39,132,0.29545454545454547,5.084438235794276
from_ipod,individual,43,40,132,0.30303030303030304,5.091022646101468
from_ipod,individual,43,41,132,0.3106060606060606,5.044735384689401
from_ipod,individual,43,42,132,0.3181818181818182,5.0647165042943545
from_ipod,individual,43,43,132,0.32575757575757575,5.081821810447272
from_ipod,individual,43,44,132,0.3333333333333333,5.071942090689753
from_ipod,individual,43,45,132,0.3409090909090909,5.233255237130814
from_ipod,individual,43,46,132,0.3484848484848485,5.220381680767132
from_ipod,individual,43,47,132,0.3560606060606061,5.190469672039162
from_ipod,individual,43,48,132,0.36363636363636365,5.207615945566849
from_ipod,individual,43,49,132,0.3712121212121212,5.198400187247966
from_ipod,individual,43,50,132,0.3787878787878788,5.248307458165675
from_ipod,individual,43,51,132,0.38636363636363635,5.232954230379548
from_ipod,individual,43,52,132,0.3939393939393939,5.2009480313109755
from_ipod,individual,43,53,132,0.4015151515151515,5.1477994561436855
from_ipod,individual,43,54,132,0.4090909090909091,5.118002992454515
from_ipod,individual,43,55,132,0.4166666666666667,5.127616671457229
from_ipod,individual,43,56,132,0.42424242424242425,5.133903090451391
from_ipod,individual,43,57,132,0.4318181818181818,5.111590337759178
from_ipod,individual,43,58,132,0.4393939393939394,5.237819201392807
from_ipod,individual,43,59,132,0.44696969696969696,5.205756081689265
from_ipod,individual,43,60,132,0.45454545454545453,5.217695494392271
from_ipod,individual,43,61,132,0.4621212121212121,5.219711800999011
from_ipod,individual,43,62,132,0.4696969696969697,5.203042545512773
from_ipod,individual,43,63,132,0.4772727272727273,5.183290511072324
from_ipod,individual,43,64,132,0.48484848484848486,5.218567000646951
from_ipod,individual,43,65,132,0.49242424242424243,5.231961133643323
from_ipod,individual,43,66,132,0.5,5.21607771313397
from_ipod,individual,43,67,132,0.5075757575757576,5.1871105202088525
from_ipod,individual,43,68,132,0.5151515151515151,5.138314697789678
from_ipod,individual,43,69,132,0.5227272727272727,5.16395646659568
from_ipod,individual,43,70,132,0.5303030303030303,5.182350973591634
from_ipod,individual,43,71,132,0.5378787878787878,5.18333191452684
from_ipod,individual,43,72,132,0.5454545454545454,5.140929944605385
from_ipod,individual,43,73,132,0.553030303030303,5.094334849493676
from_ipod,individual,43,74,132,0.5606060606060606,5.112640200397276
from_ipod,individual,43,75,132,0.5681818181818182,5.106644111028037
from_ipod,individual,43,76,132,0.5757575757575758,5.09549224772147
from_ipod,individual,43,77,132,0.5833333333333334,5.089710878400559
from_ipod,individual,43,78,132,0.5909090909090909,5.13338984236165
from_ipod,individual,43,79,132,0.5984848484848485,5.118124602794343
from_ipod,individual,43,80,132,0.6060606060606061,5.1078017081475044
from_ipod,individual,43,81,132,0.6136363636363636,5.115448198208163
from_ipod,individual,43,82,132,0.6212121212121212,5.140470507801539
from_ipod,individual,43,83,132,0.6287878787878788,5.1186129154094155
from_ipod,individual,43,84,132,0.6363636363636364,5.128090430209538
from_ipod,individual,43,85,132,0.6439393939393939,5.111959632186114
from_ipod,individual,43,86,132,0.6515151515151515,5.1646799137469666
from_ipod,individual,43,87,132,0.6590909090909091,5.135579505040667
from_ipod,individual,43,88,132,0.6666666666666666,5.1393831214620525
from_ipod,individual,43,89,132,0.6742424242424242,5.193703156027529
from_ipod,individual,43,90,132,0.6818181818181818,5.208421357372327
from_ipod,individual,43,91,132,0.6893939393939394,5.202408807184869
from_ipod,individual,43,92,132,0.696969696969697,5.168467464728157
from_ipod,individual,43,93,132,0.7045454545454546,5.231770447450457
from_ipod,individual,43,94,132,0.7121212121212122,5.20828641944637
from_ipod,individual,43,95,132,0.7196969696969697,5.183485876096202
from_ipod,individual,43,96,132,0.7272727272727273,5.1747037934201625
from_ipod,individual,43,97,132,0.7348484848484849,5.132640712273696
from_ipod,individual,43,98,132,0.7424242424242424,5.1658191220183864
from_ipod,individual,43,99,132,0.75,5.159589678847139
from_ipod,individual,43,100,132,0.7575757575757576,5.163069876558813
from_ipod,individual,43,101,132,0.7651515151515151,5.161216393461582
from_ipod,individual,43,102,132,0.7727272727272727,5.1492807409708305
from_ipod,individual,43,103,132,0.7803030303030303,5.149629831585698
from_ipod,individual,43,104,132,0.7878787878787878,5.179997767429731
from_ipod,individual,43,105,132,0.7954545454545454,5.206569543564694
from_ipod,individual,43,106,132,0.803030303030303,5.239710821065365
from_ipod,individual,43,107,132,0.8106060606060606,5.221898804297528
from_ipod,individual,43,108,132,0.8181818181818182,5.20705766994795
from_ipod,individual,43,109,132,0.8257575757575758,5.207200489994006
from_ipod,individual,43,110,132,0.8333333333333334,5.200272910235789
from_ipod,individual,43,111,132,0.8409090909090909,5.235434086036322
from_ipod,individual,43,112,132,0.8484848484848485,5.216739474501259
from_ipod,individual,43,113,132,0.8560606060606061,5.225604479276262
from_ipod,individual,43,114,132,0.8636363636363636,5.211398074881289
from_ipod,individual,43,115,132,0.8712121212121212,5.212261409064758
from_ipod,individual,43,116,132,0.8787878787878788,5.1895566654145
from_ipod,individual,43,117,132,0.8863636363636364,5.210117484258501
from_ipod,individual,43,118,132,0.8939393939393939,5.201168933536625
from_ipod,individual,43,119,132,0.9015151515151515,5.245103046195504
from_ipod,individual,43,120,132,0.9090909090909091,5.291613658366673
from_ipod,individual,43,121,132,0.9166666666666666,5.33297287885323
from_ipod,individual,43,122,132,0.9242424242424242,5.388727138032136
from_ipod,individual,43,123,132,0.9318181818181818,5.381770555883987
from_ipod,individual,43,124,132,0.9393939393939394,5.436126611900154
from_ipod,individual,43,125,132,0.946969696969697,5.501409656035697
from_ipod,individual,43,126,132,0.9545454545454546,5.566565412249918
from_ipod,individual,43,127,132,0.9621212121212122,5.603521451791371
from_ipod,individual,43,128,132,0.9696969696969697,5.598253427209237
from_ipod,individual,43,129,132,0.9772727272727273,5.658819641445257
from_ipod,individual,43,130,132,0.9848484848484849,5.68122241540633
from_ipod,individual,43,131,132,0.9924242424242424,5.69369151288801
from_ipod,individual,43,132,132,1.0,5.712388238933902
from_ipod,shared_half,17,1,132,0.007575757575757576,5.602769608972965
from_ipod,shared_half,17,2,132,0.015151515151515152,4.370646474528937
from_ipod,shared_half,17,3,132,0.022727272727272728,3.8302992160421687
from_ipod,shared_half,17,4,132,0.030303030303030304,3.873866327958111
from_ipod,shared_half,17,5,132,0.03787878787878788,3.521152233878049
from_ipod,shared_half,17,6,132,0.045454545454545456,3.637427223328468
from_ipod,shared_half,17,7,132,0.05303030303030303,3.9158050348475464
from_ipod,shared_half,17,8,132,0.06060606060606061,4.189672842677894
from_ipod,shared_half,17,9,132,0.06818181818181818,4.441573244877504
from_ipod,shared_half,17,10,132,0.07575757575757576,4.737640576968661
from_ipod,shared_half,17,11,132,0.08333333333333333,4.947816694925212
from_ipod,shared_half,17,12,132,0.09090909090909091,4.669378469528904
from_ipod,shared_half,17,13,132,0.09848484848484848,4.673094806275083
from_ipod,shared_half,17,14,132,0.10606060606060606,4.798314751910446
from_ipod,shared_half,17,15,132,0.11363636363636363,4.822659098171962
from_ipod,shared_half,17,16,132,0.12121212121212122,5.137971649670186
from_ipod,shared_half,17,17,132,0.12878787878787878,5.246162248799421
from_ipod,shared_half,17,18,132,0.13636363636363635,5.210156044601618
from_ipod,shared_half,17,19,132,0.14393939393939395,5.144958991927335
from_ipod,shared_half,17,20,132,0.15151515151515152,5.0818374532998885
from_ipod,shared_half,17,21,132,0.1590909090909091,5.086255124257649
from_ipod,shared_half,17,22,132,0.16666666666666666,4.979629499140778
from_ipod,shared_half,17,23,132,0.17424242424242425,5.142223292752481
from_ipod,shared_half,17,24,132,0.18181818181818182,5.169742022855167
from_ipod,shared_half,17,25,132,0.1893939393939394,5.261404924753205
from_ipod,shared_half,17,26,132,0.19696969696969696,5.372098586762731
from_ipod,shared_half,17,27,132,0.20454545454545456,5.383367046768628
from_ipod,shared_half,17,28,132,0.21212121212121213,5.32022078128348
from_ipod,shared_half,17,29,132,0.2196969696969697,5.329878938944227
from_ipod,shared_half,17,30,132,0.22727272727272727,5.21098841996561
from_ipod,shared_half,17,31,132,0.23484848484848486,5.284626970182038
from_ipod,shared_half,17,32,132,0.24242424242424243,5.312383653925611
from_ipod,shared_half,17,33,132,0.25,5.339933663615736
from_ipod,shared_half,17,34,132,0.25757575757575757,5.338295163918987
from_ipod,shared_half,17,35,132,0.26515151515151514,5.4679040172391264
from_ipod,shared_half,17,36,132,0.2727272727272727,5.384829838330104
from_ipod,shared_half,17,37,132,0.2803030303030303,5.392639762856184
from_ipod,shared_half,17,38,132,0.2878787878787879,5.389219139297299
from_ipod,shared_half,17,39,132,0.29545454545454547,5.413424439979606
from_ipod,shared_half,17,40,132,0.30303030303030304,5.477128923571019
from_ipod,shared_half,17,41,132,0.3106060606060606,5.428452409040158
from_ipod,shared_half,17,42,132,0.3181818181818182,5.382491893929038
from_ipod,shared_half,17,43,132,0.32575757575757575,5.413109317061088
from_ipod,shared_half,17,44,132,0.3333333333333333,5.508362165461363
from_ipod,shared_half,17,45,132,0.3409090909090909,5.510143118478579
from_ipod,shared_half,17,46,132,0.3484848484848485,5.4591175722322625
from_ipod,shared_half,17,47,132,0.3560606060606061,5.472858088269527
from_ipod,shared_half,17,48,132,0.36363636363636365,5.40694793297711
from_ipod,shared_half,17,49,132,0.3712121212121212,5.41759856572996
from_ipod,shared_half,17,50,132,0.3787878787878788,5.5210485734965395
from_ipod,shared_half,17,51,132,0.38636363636363635,5.518807603275153
from_ipod,shared_half,17,52,132,0.3939393939393939,5.5501428289648285
from_ipod,shared_half,17,53,132,0.4015151515151515,5.528604710857842
from_ipod,shared_half,17,54,132,0.4090909090909091,5.536807584909293
from_ipod,shared_half,17,55,132,0.4166666666666667,5.577578959975622
from_ipod,shared_half,17,56,132,0.42424242424242425,5.663201597137855
from_ipod,shared_half,17,57,132,0.4318181818181818,5.624281465675516
from_ipod,shared_half,17,58,132,0.4393939393939394,5.656246481198161
from_ipod,shared_half,17,59,132,0.44696969696969696,5.625758106543344
from_ipod,shared_half,17,60,132,0.45454545454545453,5.60212771429132
from_ipod,shared_half,17,61,132,0.4621212121212121,5.62402877729054
from_ipod,shared_half,17,62,132,0.4696969696969697,5.588757294456771
from_ipod,shared_half,17,63,132,0.4772727272727273,5.671868261019488
from_ipod,shared_half,17,64,132,0.48484848484848486,5.671179832433067
from_ipod,shared_half,17,65,132,0.49242424242424243,5.667376433833567
from_ipod,shared_half,17,66,132,0.5,5.661803398489491
from_ipod,shared_half,17,67,132,0.5075757575757576,5.656967409622918
from_ipod,shared_half,17,68,132,0.5151515151515151,5.652468509796839
from_ipod,shared_half,17,69,132,0.5227272727272727,5.653877783104827
from_ipod,shared_half,17,70,132,0.5303030303030303,5.657422237151983
from_ipod,shared_half,17,71,132,0.5378787878787878,5.638674025992008
from_ipod,shared_half,17,72,132,0.5454545454545454,5.6292757915322085
from_ipod,shared_half,17,73,132,0.553030303030303,5.616828015123632
from_ipod,shared_half,17,74,132,0.5606060606060606,5.637286659577003
from_ipod,shared_half,17,75,132,0.5681818181818182,5.660836782471834
from_ipod,shared_half,17,76,132,0.5757575757575758,5.641874528717292
from_ipod,shared_half,17,77,132,0.5833333333333334,5.631778458242271
from_ipod,shared_half,17,78,132,0.5909090909090909,5.624255985007391
from_ipod,shared_half,17,79,132,0.5984848484848485,5.6099239510666035
from_ipod,shared_half,17,80,132,0.6060606060606061,5.611908280528468
from_ipod,shared_half,17,81,132,0.6136363636363636,5.617036821588166
from_ipod,shared_half,17,82,132,0.6212121212121212,5.590794346422173
from_ipod,shared_half,17,83,132,0.6287878787878788,5.607759631894129
from_ipod,shared_half,17,84,132,0.6363636363636364,5.594971692753219
from_ipod,shared_half,17,85,132,0.6439393939393939,5.597936104022837
from_ipod,shared_half,17,86,132,0.6515151515151515,5.6056776630605185
from_ipod,shared_half,17,87,132,0.6590909090909091,5.628920834250238
from_ipod,shared_half,17,88,132,0.6666666666666666,5.624055509696382
from_ipod,shared_half,17,89,132,0.6742424242424242,5.706649264535792
from_ipod,shared_half,17,90,132,0.6818181818181818,5.767189205964418
from_ipod,shared_half,17,91,132,0.6893939393939394,5.758586966785874
from_ipod,shared_half,17,92,132,0.696969696969697,5.737299123795469
from_ipod,shared_half,17,93,132,0.7045454545454546,5.754319874247084
from_ipod,shared_half,17,94,132,0.7121212121212122,5.724937599103662
from_ipod,shared_half,17,95,132,0.7196969696969697,5.7304235684372085
from_ipod,shared_half,17,96,132,0.7272727272727273,5.708794013063085
from_ipod,shared_half,17,97,132,0.7348484848484849,5.772381817270398
from_ipod,shared_half,17,98,132,0.7424242424242424,5.743465850053129
from_ipod,shared_half,17,99,132,0.75,5.744514100481862
from_ipod,shared_half,17,100,132,0.7575757575757576,5.730351594740974
from_ipod,shared_half,17,101,132,0.7651515151515151,5.745190884032282
from_ipod,shared_half,17,102,132,0.7727272727272727,5.73484381868405
from_ipod,shared_half,17,103,132,0.7803030303030303,5.7063181735218915
from_ipod,shared_half,17,104,132,0.7878787878787878,5.705636596989589
from_ipod,shared_half,17,105,132,0.7954545454545454,5.680207331692722
from_ipod,shared_half,17,106,132,0.803030303030303,5.656400255012044
from_ipod,shared_half,17,107,132,0.8106060606060606,5.633446691959565
from_ipod,shared_half,17,108,132,0.8181818181818182,5.614043680498929
from_ipod,shared_half,17,109,132,0.8257575757575758,5.625949244492198
from_ipod,shared_half,17,110,132,0.8333333333333334,5.637938561119527
from_ipod,shared_half,17,111,132,0.8409090909090909,5.629919705313956
from_ipod,shared_half,17,112,132,0.8484848484848485,5.595004586593128
from_ipod,shared_half,17,113,132,0.8560606060606061,5.576727968404379
from_ipod,shared_half,17,114,132,0.8636363636363636,5.546928840209237
from_ipod,shared_half,17,115,132,0.8712121212121212,5.564438155646373
from_ipod,shared_half,17,116,132,0.8787878787878788,5.571793924763833
from_ipod,shared_half,17,117,132,0.8863636363636364,5.5851406401426225
from_ipod,shared_half,17,118,132,0.8939393939393939,5.568136629065736
from_ipod,shared_half,17,119,132,0.9015151515151515,5.543231717933534
from_ipod,shared_half,17,120,132,0.9090909090909091,5.555850937421823
from_ipod,shared_half,17,121,132,0.9166666666666666,5.56306558372004
from_ipod,shared_half,17,122,132,0.9242424242424242,5.588209924697602
from_ipod,shared_half,17,123,132,0.9318181818181818,5.579288909684388
from_ipod,shared_half,17,124,132,0.9393939393939394,5.599016193000342
from_ipod,shared_half,17,125,132,0.946969696969697,5.589413889143561
from_ipod,shared_half,17,126,132,0.9545454545454546,5.600559253730105
from_ipod,shared_half,17,127,132,0.9621212121212122,5.620404346199486
from_ipod,shared_half,17,128,132,0.9696969696969697,5.634222437139096
from_ipod,shared_half,17,129,132,0.9772727272727273,5.64939995858998
from_ipod,shared_half,17,130,132,0.9848484848484849,5.648769283411475
from_ipod,shared_half,17,131,132,0.9924242424242424,5.620029205527069
from_ipod,shared_half,17,132,132,1.0,5.594867521504483
from_ipod,shared_half,29,1,132,0.007575757575757576,6.46075375697964
from_ipod,shared_half,29,2,132,0.015151515151515152,5.12785564720207
from_ipod,shared_half,29,3,132,0.022727272727272728,4.586131838020502
from_ipod,shared_half,29,4,132,0.030303030303030304,4.176296095981534
from_ipod,shared_half,29,5,132,0.03787878787878788,3.9135077646228806
from_ipod,shared_half,29,6,132,0.045454545454545456,3.8927264206130068
from_ipod,shared_half,29,7,132,0.05303030303030303,3.6466115150241465
from_ipod,shared_half,29,8,132,0.06060606060606061,3.9436407062195333
from_ipod,shared_half,29,9,132,0.06818181818181818,4.111812393070039
from_ipod,shared_half,29,10,132,0.07575757575757576,4.349912483093996
from_ipod,shared_half,29,11,132,0.08333333333333333,4.394092637200359
from_ipod,shared_half,29,12,132,0.09090909090909091,4.614501782135409
from_ipod,shared_half,29,13,132,0.09848484848484848,4.807930120554238
from_ipod,shared_half,29,14,132,0.10606060606060606,4.757934044683511
from_ipod,shared_half,29,15,132,0.11363636363636363,4.749155326121833
from_ipod,shared_half,29,16,132,0.12121212121212122,4.667947614709888
from_ipod,shared_half,29,17,132,0.12878787878787878,4.687129878827907
from_ipod,shared_half,29,18,132,0.13636363636363635,4.6320326224834
from_ipod,shared_half,29,19,132,0.14393939393939395,4.491594873500155
from_ipod,shared_half,29,20,132,0.15151515151515152,4.557215948121931
from_ipod,shared_half,29,21,132,0.1590909090909091,4.651475543768598
from_ipod,shared_half,29,22,132,0.16666666666666666,4.689804041301267
from_ipod,shared_half,29,23,132,0.17424242424242425,5.034451807685237
from_ipod,shared_half,29,24,132,0.18181818181818182,5.1214369686814925
from_ipod,shared_half,29,25,132,0.1893939393939394,5.188983003460545
from_ipod,shared_half,29,26,132,0.19696969696969696,5.134762250601105
from_ipod,shared_half,29,27,132,0.20454545454545456,5.09367230814432
from_ipod,shared_half,29,28,132,0.21212121212121213,5.085229502084524
from_ipod,shared_half,29,29,132,0.2196969696969697,5.032228046634786
from_ipod,shared_half,29,30,132,0.22727272727272727,5.102500838165539
from_ipod,shared_half,29,31,132,0.23484848484848486,5.181653306269513
from_ipod,shared_half,29,32,132,0.24242424242424243,5.212397367840417
from_ipod,shared_half,29,33,132,0.25,5.130482584147396
from_ipod,shared_half,29,34,132,0.25757575757575757,5.059827873295397
from_ipod,shared_half,29,35,132,0.26515151515151514,5.165192257124407
from_ipod,shared_half,29,36,132,0.2727272727272727,5.121969467513741
from_ipod,shared_half,29,37,132,0.2803030303030303,5.15058856969068
from_ipod,shared_half,29,38,132,0.2878787878787879,5.150691945762591
from_ipod,shared_half,29,39,132,0.29545454545454547,5.14621675212078
from_ipod,shared_half,29,40,132,0.30303030303030304,5.295697468282652
from_ipod,shared_half,29,41,132,0.3106060606060606,5.244503437590287
from_ipod,shared_half,29,42,132,0.3181818181818182,5.286540330222541
from_ipod,shared_half,29,43,132,0.32575757575757575,5.307845774678061
from_ipod,shared_half,29,44,132,0.3333333333333333,5.259355879139534
from_ipod,shared_half,29,45,132,0.3409090909090909,5.198318724924148
from_ipod,shared_half,29,46,132,0.3484848484848485,5.258848263835632
from_ipod,shared_half,29,47,132,0.3560606060606061,5.3276266723123955
from_ipod,shared_half,29,48,132,0.36363636363636365,5.335890564704848
from_ipod,shared_half,29,49,132,0.3712121212121212,5.29237822292411
from_ipod,shared_half,29,50,132,0.3787878787878788,5.479981086130023
from_ipod,shared_half,29,51,132,0.38636363636363635,5.492785906291463
from_ipod,shared_half,29,52,132,0.3939393939393939,5.58007080573329
from_ipod,shared_half,29,53,132,0.4015151515151515,5.545412882117943
from_ipod,shared_half,29,54,132,0.4090909090909091,5.49206888141004
from_ipod,shared_half,29,55,132,0.4166666666666667,5.4626762410126295
from_ipod,shared_half,29,56,132,0.42424242424242425,5.57410697694454
from_ipod,shared_half,29,57,132,0.4318181818181818,5.574774376253177
from_ipod,shared_half,29,58,132,0.4393939393939394,5.557775252461312
from_ipod,shared_half,29,59,132,0.44696969696969696,5.558162090571816
from_ipod,shared_half,29,60,132,0.45454545454545453,5.599779134347852
from_ipod,shared_half,29,61,132,0.4621212121212121,5.602916719111285
from_ipod,shared_half,29,62,132,0.4696969696969697,5.622758178763159
from_ipod,shared_half,29,63,132,0.4772727272727273,5.614897130766824
from_ipod,shared_half,29,64,132,0.48484848484848486,5.60481942407514
from_ipod,shared_half,29,65,132,0.49242424242424243,5.587873501989442
from_ipod,shared_half,29,66,132,0.5,5.616135607930514
from_ipod,shared_half,29,67,132,0.5075757575757576,5.665274793874645
from_ipod,shared_half,29,68,132,0.5151515151515151,5.649793387391814
from_ipod,shared_half,29,69,132,0.5227272727272727,5.667966600178371
from_ipod,shared_half,29,70,132,0.5303030303030303,5.683615591382595
from_ipod,shared_half,29,71,132,0.5378787878787878,5.682755760383313
from_ipod,shared_half,29,72,132,0.5454545454545454,5.6746965517648995
from_ipod,shared_half,29,73,132,0.553030303030303,5.678002694309038
from_ipod,shared_half,29,74,132,0.5606060606060606,5.707366416375038
from_ipod,shared_half,29,75,132,0.5681818181818182,5.728887798538875
from_ipod,shared_half,29,76,132,0.5757575757575758,5.741297040046672
from_ipod,shared_half,29,77,132,0.5833333333333334,5.748797170078268
from_ipod,shared_half,29,78,132,0.5909090909090909,5.731874842032144
from_ipod,shared_half,29,79,132,0.5984848484848485,5.761379595496451
from_ipod,shared_half,29,80,132,0.6060606060606061,5.767361189270059
from_ipod,shared_half,29,81,132,0.6136363636363636,5.734894620567569
from_ipod,shared_half,29,82,132,0.6212121212121212,5.756622228789925
from_ipod,shared_half,29,83,132,0.6287878787878788,5.7632831833813825
from_ipod,shared_half,29,84,132,0.6363636363636364,5.786257931055994
from_ipod,shared_half,29,85,132,0.6439393939393939,5.755203058558624
from_ipod,shared_half,29,86,132,0.6515151515151515,5.763166315540309
from_ipod,shared_half,29,87,132,0.6590909090909091,5.74913247600721
from_ipod,shared_half,29,88,132,0.6666666666666666,5.79844747779023
from_ipod,shared_half,29,89,132,0.6742424242424242,5.805586138493968
from_ipod,shared_half,29,90,132,0.6818181818181818,5.8623783346566976
from_ipod,shared_half,29,91,132,0.6893939393939394,5.8798595951245005
from_ipod,shared_half,29,92,132,0.696969696969697,5.833816043885113
from_ipod,shared_half,29,93,132,0.7045454545454546,5.838614760555768
from_ipod,shared_half,29,94,132,0.7121212121212122,5.844235095748275
from_ipod,shared_half,29,95,132,0.7196969696969697,5.846756066237888
from_ipod,shared_half,29,96,132,0.7272727272727273,5.853671551326188
from_ipod,shared_half,29,97,132,0.7348484848484849,5.82854767381072
from_ipod,shared_half,29,98,132,0.7424242424242424,5.893584568490582
from_ipod,shared_half,29,99,132,0.75,5.906776365077109
from_ipod,shared_half,29,100,132,0.7575757575757576,5.916093809272634
from_ipod,shared_half,29,101,132,0.7651515151515151,5.922140565911276
from_ipod,shared_half,29,102,132,0.7727272727272727,5.899538457135857
from_ipod,shared_half,29,103,132,0.7803030303030303,5.901206547947072
from_ipod,shared_half,29,104,132,0.7878787878787878,5.9058779782128346
from_ipod,shared_half,29,105,132,0.7954545454545454,5.93412165078943
from_ipod,shared_half,29,106,132,0.803030303030303,5.943593150809992
from_ipod,shared_half,29,107,132,0.8106060606060606,5.955721660133799
from_ipod,shared_half,29,108,132,0.8181818181818182,5.94134706781516
from_ipod,shared_half,29,109,132,0.8257575757575758,5.995533884049485
from_ipod,shared_half,29,110,132,0.8333333333333334,5.970702125896687
from_ipod,shared_half,29,111,132,0.8409090909090909,5.968871228877843
from_ipod,shared_half,29,112,132,0.8484848484848485,5.97300985979139
from_ipod,shared_half,29,113,132,0.8560606060606061,6.0362002740651395
from_ipod,shared_half,29,114,132,0.8636363636363636,6.026072976987943
from_ipod,shared_half,29,115,132,0.8712121212121212,6.031068451384482
from_ipod,shared_half,29,116,132,0.8787878787878788,6.0438235330508885
from_ipod,shared_half,29,117,132,0.8863636363636364,6.058518148196789
from_ipod,shared_half,29,118,132,0.8939393939393939,6.0550719586884885
from_ipod,shared_half,29,119,132,0.9015151515151515,6.046572783113498
from_ipod,shared_half,29,120,132,0.9090909090909091,6.07038296565886
from_ipod,shared_half,29,121,132,0.9166666666666666,6.099452704568737
from_ipod,shared_half,29,122,132,0.9242424242424242,6.1282625152183385
from_ipod,shared_half,29,123,132,0.9318181818181818,6.161772798170877
from_ipod,shared_half,29,124,132,0.9393939393939394,6.195473393531322
from_ipod,shared_half,29,125,132,0.946969696969697,6.239881770141425
from_ipod,shared_half,29,126,132,0.9545454545454546,6.282653675039896
from_ipod,shared_half,29,127,132,0.9621212121212122,6.303684511534685
from_ipod,shared_half,29,128,132,0.9696969696969697,6.343091129762813
from_ipod,shared_half,29,129,132,0.9772727272727273,6.362199585514728
from_ipod,shared_half,29,130,132,0.9848484848484849,6.344002264589764
from_ipod,shared_half,29,131,132,0.9924242424242424,6.328938901843114
from_ipod,shared_half,29,132,132,1.0,6.337784576412563
from_ipod,shared_half,43,1,132,0.007575757575757576,2.3053397183377062
from_ipod,shared_half,43,2,132,0.015151515151515152,3.2930255570011395
from_ipod,shared_half,43,3,132,0.022727272727272728,3.0773058193391924
from_ipod,shared_half,43,4,132,0.030303030303030304,3.4487273823391913
from_ipod,shared_half,43,5,132,0.03787878787878788,4.041162012109995
from_ipod,shared_half,43,6,132,0.045454545454545456,3.9103165583192268
from_ipod,shared_half,43,7,132,0.05303030303030303,3.939619856288896
from_ipod,shared_half,43,8,132,0.06060606060606061,4.324493656553612
from_ipod,shared_half,43,9,132,0.06818181818181818,4.107461570812178
from_ipod,shared_half,43,10,132,0.07575757575757576,4.018849911217602
from_ipod,shared_half,43,11,132,0.08333333333333333,3.934091883140103
from_ipod,shared_half,43,12,132,0.09090909090909091,4.107513941082122
from_ipod,shared_half,43,13,132,0.09848484848484848,3.992923438741966
from_ipod,shared_half,43,14,132,0.10606060606060606,4.081220954052688
from_ipod,shared_half,43,15,132,0.11363636363636363,4.011809510746558
from_ipod,shared_half,43,16,132,0.12121212121212122,4.0040518580413185
from_ipod,shared_half,43,17,132,0.12878787878787878,3.995930319747426
from_ipod,shared_half,43,18,132,0.13636363636363635,4.094211930372068
from_ipod,shared_half,43,19,132,0.14393939393939395,3.9420926357963357
from_ipod,shared_half,43,20,132,0.15151515151515152,4.416601999548616
from_ipod,shared_half,43,21,132,0.1590909090909091,4.4172580312936125
from_ipod,shared_half,43,22,132,0.16666666666666666,4.769016017807117
from_ipod,shared_half,43,23,132,0.17424242424242425,4.8293982037658125
from_ipod,shared_half,43,24,132,0.18181818181818182,4.760158889511316
from_ipod,shared_half,43,25,132,0.1893939393939394,4.8727576220075495
from_ipod,shared_half,43,26,132,0.19696969696969696,4.841637489267651
from_ipod,shared_half,43,27,132,0.20454545454545456,4.819233951173646
from_ipod,shared_half,43,28,132,0.21212121212121213,4.779821211892331
from_ipod,shared_half,43,29,132,0.2196969696969697,4.658058986506165
from_ipod,shared_half,43,30,132,0.22727272727272727,4.692936960535411
from_ipod,shared_half,43,31,132,0.23484848484848486,4.6398372330344
from_ipod,shared_half,43,32,132,0.24242424242424243,4.679567878975474
from_ipod,shared_half,43,33,132,0.25,4.677946395778553
from_ipod,shared_half,43,34,132,0.25757575757575757,4.6913348725416855
from_ipod,shared_half,43,35,132,0.26515151515151514,4.630424918613753
from_ipod,shared_half,43,36,132,0.2727272727272727,4.5922339375278325
from_ipod,shared_half,43,37,132,0.2803030303030303,4.539652959300211
from_ipod,shared_half,43,38,132,0.2878787878787879,4.472821543882283
from_ipod,shared_half,43,39,132,0.29545454545454547,4.5049276155264995
from_ipod,shared_half,43,40,132,0.30303030303030304,4.472316855614218
from_ipod,shared_half,43,41,132,0.3106060606060606,4.66910613881942
from_ipod,shared_half,43,42,132,0.3181818181818182,4.660106861537689
from_ipod,shared_half,43,43,132,0.32575757575757575,4.67394034359712
from_ipod,shared_half,43,44,132,0.3333333333333333,4.682203018372184
from_ipod,shared_half,43,45,132,0.3409090909090909,4.652179696255942
from_ipod,shared_half,43,46,132,0.3484848484848485,4.679074688545897
from_ipod,shared_half,43,47,132,0.3560606060606061,4.758330925906101
from_ipod,shared_half,43,48,132,0.36363636363636365,4.710458457384546
from_ipod,shared_half,43,49,132,0.3712121212121212,4.728063683151897
from_ipod,shared_half,43,50,132,0.3787878787878788,4.8121086383975635
from_ipod,shared_half,43,51,132,0.38636363636363635,4.825391695098226
from_ipod,shared_half,43,52,132,0.3939393939393939,4.7918294838296385
from_ipod,shared_half,43,53,132,0.4015151515151515,4.796782504155767
from_ipod,shared_half,43,54,132,0.4090909090909091,4.817672787745785
from_ipod,shared_half,43,55,132,0.4166666666666667,4.759945069719043
from_ipod,shared_half,43,56,132,0.42424242424242425,4.709555721686684
from_ipod,shared_half,43,57,132,0.4318181818181818,4.687267139586302
from_ipod,shared_half,43,58,132,0.4393939393939394,4.645316570422157
from_ipod,shared_half,43,59,132,0.44696969696969696,4.642424441993901
from_ipod,shared_half,43,60,132,0.45454545454545453,4.6333867129092265
from_ipod,shared_half,43,61,132,0.4621212121212121,4.640335886185248
from_ipod,shared_half,43,62,132,0.4696969696969697,4.623793789971712
from_ipod,shared_half,43,63,132,0.4772727272727273,4.569148983245607
from_ipod,shared_half,43,64,132,0.48484848484848486,4.544295737584877
from_ipod,shared_half,43,65,132,0.49242424242424243,4.51589739141587
from_ipod,shared_half,43,66,132,0.5,4.494543685384069
from_ipod,shared_half,43,67,132,0.5075757575757576,4.530815321795517
from_ipod,shared_half,43,68,132,0.5151515151515151,4.54807893583574
from_ipod,shared_half,43,69,132,0.5227272727272727,4.577539948126349
from_ipod,shared_half,43,70,132,0.5303030303030303,4.606773119067346
from_ipod,shared_half,43,71,132,0.5378787878787878,4.699891362163525
from_ipod,shared_half,43,72,132,0.5454545454545454,4.6573610938724315
from_ipod,shared_half,43,73,132,0.553030303030303,4.659218005218951
from_ipod,shared_half,43,74,132,0.5606060606060606,4.646392358746492
from_ipod,shared_half,43,75,132,0.5681818181818182,4.7006649663097955
from_ipod,shared_half,43,76,132,0.5757575757575758,4.744371948594287
from_ipod,shared_half,43,77,132,0.5833333333333334,4.798214112498752
from_ipod,shared_half,43,78,132,0.5909090909090909,4.825666133324884
from_ipod,shared_half,43,79,132,0.5984848484848485,4.837918640173791
from_ipod,shared_half,43,80,132,0.6060606060606061,4.841600305530445
from_ipod,shared_half,43,81,132,0.6136363636363636,4.822484631910117
from_ipod,shared_half,43,82,132,0.6212121212121212,4.827134500667585
from_ipod,shared_half,43,83,132,0.6287878787878788,4.858673005119603
from_ipod,shared_half,43,84,132,0.6363636363636364,4.859166861528659
from_ipod,shared_half,43,85,132,0.6439393939393939,4.876682534359998
from_ipod,shared_half,43,86,132,0.6515151515151515,4.916403727421558
from_ipod,shared_half,43,87,132,0.6590909090909091,4.933417345661764
from_ipod,shared_half,43,88,132,0.6666666666666666,4.988814302490772
from_ipod,shared_half,43,89,132,0.6742424242424242,4.973688081019572
from_ipod,shared_half,43,90,132,0.6818181818181818,4.969390128688719
from_ipod,shared_half,43,91,132,0.6893939393939394,4.974653483704906
from_ipod,shared_half,43,92,132,0.696969696969697,5.0090061397520795
from_ipod,shared_half,43,93,132,0.7045454545454546,5.062874580193656
from_ipod,shared_half,43,94,132,0.7121212121212122,5.057913873079924
from_ipod,shared_half,43,95,132,0.7196969696969697,5.044673828036806
from_ipod,shared_half,43,96,132,0.7272727272727273,5.034757850663657
from_ipod,shared_half,43,97,132,0.7348484848484849,5.022827378626768
from_ipod,shared_half,43,98,132,0.7424242424242424,4.991905955397813
from_ipod,shared_half,43,99,132,0.75,5.032367252164759
from_ipod,shared_half,43,100,132,0.7575757575757576,5.032077225059978
from_ipod,shared_half,43,101,132,0.7651515151515151,5.0203165418859665
from_ipod,shared_half,43,102,132,0.7727272727272727,5.004446734944164
from_ipod,shared_half,43,103,132,0.7803030303030303,5.012407191692955
from_ipod,shared_half,43,104,132,0.7878787878787878,5.0226176121027395
from_ipod,shared_half,43,105,132,0.7954545454545454,5.024380614558069
from_ipod,shared_half,43,106,132,0.803030303030303,4.991848156870322
from_ipod,shared_half,43,107,132,0.8106060606060606,5.02417216029633
from_ipod,shared_half,43,108,132,0.8181818181818182,5.061026557541989
from_ipod,shared_half,43,109,132,0.8257575757575758,5.049207418800374
from_ipod,shared_half,43,110,132,0.8333333333333334,5.083314220896196
from_ipod,shared_half,43,111,132,0.8409090909090909,5.0931093719435
from_ipod,shared_half,43,112,132,0.8484848484848485,5.085265894857111
from_ipod,shared_half,43,113,132,0.8560606060606061,5.074435987284183
from_ipod,shared_half,43,114,132,0.8636363636363636,5.084335835613303
from_ipod,shared_half,43,115,132,0.8712121212121212,5.07484563763711
from_ipod,shared_half,43,116,132,0.8787878787878788,5.121853858647411
from_ipod,shared_half,43,117,132,0.8863636363636364,5.140102656605054
from_ipod,shared_half,43,118,132,0.8939393939393939,5.121590159207026
from_ipod,shared_half,43,119,132,0.9015151515151515,5.106693652869924
from_ipod,shared_half,43,120,132,0.9090909090909091,5.155384523471383
from_ipod,shared_half,43,121,132,0.9166666666666666,5.198477772037478
from_ipod,shared_half,43,122,132,0.9242424242424242,5.258448625153153
from_ipod,shared_half,43,123,132,0.9318181818181818,5.3156193844698
from_ipod,shared_half,43,124,132,0.9393939393939394,5.385953533827379
from_ipod,shared_half,43,125,132,0.946969696969697,5.387405531971705
from_ipod,shared_half,43,126,132,0.9545454545454546,5.45574590240516
from_ipod,shared_half,43,127,132,0.9621212121212122,5.495330916622801
from_ipod,shared_half,43,128,132,0.9696969696969697,5.560179780872539
from_ipod,shared_half,43,129,132,0.9772727272727273,5.556920376593926
from_ipod,shared_half,43,130,132,0.9848484848484849,5.5853388335040774
from_ipod,shared_half,43,131,132,0.9924242424242424,5.602641348964546
from_ipod,shared_half,43,132,132,1.0,5.627210263716353
from_ipod,shared_only,17,1,132,0.007575757575757576,3.046327359631269
from_ipod,shared_only,17,2,132,0.015151515151515152,4.456382760800251
from_ipod,shared_only,17,3,132,0.022727272727272728,3.81847268218905
from_ipod,shared_only,17,4,132,0.030303030303030304,3.7169936886596524
from_ipod,shared_only,17,5,132,0.03787878787878788,3.3488268473442324
from_ipod,shared_only,17,6,132,0.045454545454545456,3.8068512428389756
from_ipod,shared_only,17,7,132,0.05303030303030303,4.542864975192345
from_ipod,shared_only,17,8,132,0.06060606060606061,4.542090719840588
from_ipod,shared_only,17,9,132,0.06818181818181818,4.474638510577907
from_ipod,shared_only,17,10,132,0.07575757575757576,4.388393768638727
from_ipod,shared_only,17,11,132,0.08333333333333333,4.375604850217198
from_ipod,shared_only,17,12,132,0.09090909090909091,4.3736132253945845
from_ipod,shared_only,17,13,132,0.09848484848484848,4.400937635464153
from_ipod,shared_only,17,14,132,0.10606060606060606,4.339780371607492
from_ipod,shared_only,17,15,132,0.11363636363636363,4.647896697957654
from_ipod,shared_only,17,16,132,0.12121212121212122,4.756695983252554
from_ipod,shared_only,17,17,132,0.12878787878787878,4.7548112681807035
from_ipod,shared_only,17,18,132,0.13636363636363635,5.039960625073558
from_ipod,shared_only,17,19,132,0.14393939393939395,5.025678445472559
from_ipod,shared_only,17,20,132,0.15151515151515152,5.09567224640125
from_ipod,shared_only,17,21,132,0.1590909090909091,5.139222036380838
from_ipod,shared_only,17,22,132,0.16666666666666666,5.137734998685873
from_ipod,shared_only,17,23,132,0.17424242424242425,5.101297446860043
from_ipod,shared_only,17,24,132,0.18181818181818182,5.0516585557726374
from_ipod,shared_only,17,25,132,0.1893939393939394,4.944240965693197
from_ipod,shared_only,17,26,132,0.19696969696969696,4.951226251942667
from_ipod,shared_only,17,27,132,0.20454545454545456,4.957623860913459
from_ipod,shared_only,17,28,132,0.21212121212121213,4.895792020299801
from_ipod,shared_only,17,29,132,0.2196969696969697,4.766515656235714
from_ipod,shared_only,17,30,132,0.22727272727272727,4.712967814035536
from_ipod,shared_only,17,31,132,0.23484848484848486,4.959521799580707
from_ipod,shared_only,17,32,132,0.24242424242424243,4.984685236858853
from_ipod,shared_only,17,33,132,0.25,4.909168461087261
from_ipod,shared_only,17,34,132,0.25757575757575757,4.905180850570543
from_ipod,shared_only,17,35,132,0.26515151515151514,4.921495029166597
from_ipod,shared_only,17,36,132,0.2727272727272727,5.0691970133319835
from_ipod,shared_only,17,37,132,0.2803030303030303,5.066428409427435
from_ipod,shared_only,17,38,132,0.2878787878787879,5.058592360328368
from_ipod,shared_only,17,39,132,0.29545454545454547,5.014228537378121
from_ipod,shared_only,17,40,132,0.30303030303030304,4.977373669974186
from_ipod,shared_only,17,41,132,0.3106060606060606,5.016511892205189
from_ipod,shared_only,17,42,132,0.3181818181818182,5.053376607266073
from_ipod,shared_only,17,43,132,0.32575757575757575,5.191825892892958
from_ipod,shared_only,17,44,132,0.3333333333333333,5.167928709549639
from_ipod,shared_only,17,45,132,0.3409090909090909,5.19140413561019
from_ipod,shared_only,17,46,132,0.3484848484848485,5.1583946480714244
from_ipod,shared_only,17,47,132,0.3560606060606061,5.156936210042171
from_ipod,shared_only,17,48,132,0.36363636363636365,5.198988222277568
from_ipod,shared_only,17,49,132,0.3712121212121212,5.268344245669758
from_ipod,shared_only,17,50,132,0.3787878787878788,5.2684373843400785
from_ipod,shared_only,17,51,132,0.38636363636363635,5.247103647149871
from_ipod,shared_only,17,52,132,0.3939393939393939,5.22819884516388
from_ipod,shared_only,17,53,132,0.4015151515151515,5.258805632958271
from_ipod,shared_only,17,54,132,0.4090909090909091,5.270499396351689
from_ipod,shared_only,17,55,132,0.4166666666666667,5.245880208116795
from_ipod,shared_only,17,56,132,0.42424242424242425,5.2526329097987725
from_ipod,shared_only,17,57,132,0.4318181818181818,5.236414407292223
from_ipod,shared_only,17,58,132,0.4393939393939394,5.258682504203488
from_ipod,shared_only,17,59,132,0.44696969696969696,5.287700145169932
from_ipod,shared_only,17,60,132,0.45454545454545453,5.244216758041233
from_ipod,shared_only,17,61,132,0.4621212121212121,5.2816148495929465
from_ipod,shared_only,17,62,132,0.4696969696969697,5.27855233043973
from_ipod,shared_only,17,63,132,0.4772727272727273,5.3204972904349495
from_ipod,shared_only,17,64,132,0.48484848484848486,5.280836491440556
from_ipod,shared_only,17,65,132,0.49242424242424243,5.277183115269965
from_ipod,shared_only,17,66,132,0.5,5.311772402852991
from_ipod,shared_only,17,67,132,0.5075757575757576,5.351522485160681
from_ipod,shared_only,17,68,132,0.5151515151515151,5.3216077695285575
from_ipod,shared_only,17,69,132,0.5227272727272727,5.3252533451836594
from_ipod,shared_only,17,70,132,0.5303030303030303,5.31458425842235
from_ipod,shared_only,17,71,132,0.5378787878787878,5.343834828236007
from_ipod,shared_only,17,72,132,0.5454545454545454,5.401461635505935
from_ipod,shared_only,17,73,132,0.553030303030303,5.424438101831919
from_ipod,shared_only,17,74,132,0.5606060606060606,5.425724305247178
from_ipod,shared_only,17,75,132,0.5681818181818182,5.428368700568176
from_ipod,shared_only,17,76,132,0.5757575757575758,5.446984407800546
from_ipod,shared_only,17,77,132,0.5833333333333334,5.445967975312774
from_ipod,shared_only,17,78,132,0.5909090909090909,5.440282110731287
from_ipod,shared_only,17,79,132,0.5984848484848485,5.4955491816507145
from_ipod,shared_only,17,80,132,0.6060606060606061,5.47999833004244
from_ipod,shared_only,17,81,132,0.6136363636363636,5.512396892034564
from_ipod,shared_only,17,82,132,0.6212121212121212,5.542504490766256
from_ipod,shared_only,17,83,132,0.6287878787878788,5.534356403076188
from_ipod,shared_only,17,84,132,0.6363636363636364,5.544969830597905
from_ipod,shared_only,17,85,132,0.6439393939393939,5.526872765901233
from_ipod,shared_only,17,86,132,0.6515151515151515,5.506841623208517
from_ipod,shared_only,17,87,132,0.6590909090909091,5.51149608955338
from_ipod,shared_only,17,88,132,0.6666666666666666,5.516892387031332
from_ipod,shared_only,17,89,132,0.6742424242424242,5.527588861260602
from_ipod,shared_only,17,90,132,0.6818181818181818,5.53255889010446
from_ipod,shared_only,17,91,132,0.6893939393939394,5.526250827009846
from_ipod,shared_only,17,92,132,0.696969696969697,5.529230293947058
from_ipod,shared_only,17,93,132,0.7045454545454546,5.522100145236872
from_ipod,shared_only,17,94,132,0.7121212121212122,5.561235998768006
from_ipod,shared_only,17,95,132,0.7196969696969697,5.524516453050145
from_ipod,shared_only,17,96,132,0.7272727272727273,5.590671297060948
from_ipod,shared_only,17,97,132,0.7348484848484849,5.573681023177036
from_ipod,shared_only,17,98,132,0.7424242424242424,5.590917042632994
from_ipod,shared_only,17,99,132,0.75,5.596586686115537
from_ipod,shared_only,17,100,132,0.7575757575757576,5.609009996696085
from_ipod,shared_only,17,101,132,0.7651515151515151,5.653972382068114
from_ipod,shared_only,17,102,132,0.7727272727272727,5.673003165105737
from_ipod,shared_only,17,103,132,0.7803030303030303,5.668269717083889
from_ipod,shared_only,17,104,132,0.7878787878787878,5.715509903230118
from_ipod,shared_only,17,105,132,0.7954545454545454,5.715695257814317
from_ipod,shared_only,17,106,132,0.803030303030303,5.715968867240784
from_ipod,shared_only,17,107,132,0.8106060606060606,5.708516834760937
from_ipod,shared_only,17,108,132,0.8181818181818182,5.721032522468776
from_ipod,shared_only,17,109,132,0.8257575757575758,5.733220579978085
from_ipod,shared_only,17,110,132,0.8333333333333334,5.793147220501973
from_ipod,shared_only,17,111,132,0.8409090909090909,5.847880244739877
from_ipod,shared_only,17,112,132,0.8484848484848485,5.827396366521151
from_ipod,shared_only,17,113,132,0.8560606060606061,5.834373144012453
from_ipod,shared_only,17,114,132,0.8636363636363636,5.820679654173586
from_ipod,shared_only,17,115,132,0.8712121212121212,5.861204466817547
from_ipod,shared_only,17,116,132,0.8787878787878788,5.83899240818893
from_ipod,shared_only,17,117,132,0.8863636363636364,5.836419616730937
from_ipod,shared_only,17,118,132,0.8939393939393939,5.829944365671921
from_ipod,shared_only,17,119,132,0.9015151515151515,5.820367088451092
from_ipod,shared_only,17,120,132,0.9090909090909091,5.828681497900388
from_ipod,shared_only,17,121,132,0.9166666666666666,5.839860766882202
from_ipod,shared_only,17,122,132,0.9242424242424242,5.8711631048494395
from_ipod,shared_only,17,123,132,0.9318181818181818,5.865043212144884
from_ipod,shared_only,17,124,132,0.9393939393939394,5.850137520603655
from_ipod,shared_only,17,125,132,0.946969696969697,5.8833294972751515
from_ipod,shared_only,17,126,132,0.9545454545454546,5.872593600433995
from_ipod,shared_only,17,127,132,0.9621212121212122,5.870496943863719
from_ipod,shared_only,17,128,132,0.9696969696969697,5.866776906672918
from_ipod,shared_only,17,129,132,0.9772727272727273,5.8664134127933245
from_ipod,shared_only,17,130,132,0.9848484848484849,5.863915248005754
from_ipod,shared_only,17,131,132,0.9924242424242424,5.888143666660642
from_ipod,shared_only,17,132,132,1.0,5.904406619535389
from_ipod,shared_only,29,1,132,0.007575757575757576,1.7596633641675385
from_ipod,shared_only,29,2,132,0.015151515151515152,2.273128959770231
from_ipod,shared_only,29,3,132,0.022727272727272728,3.9161012047201758
from_ipod,shared_only,29,4,132,0.030303030303030304,3.887871217546671
from_ipod,shared_only,29,5,132,0.03787878787878788,5.854022376015016
from_ipod,shared_only,29,6,132,0.045454545454545456,5.252114524524063
from_ipod,shared_only,29,7,132,0.05303030303030303,5.370133185251379
from_ipod,shared_only,29,8,132,0.06060606060606061,4.981864629240661
from_ipod,shared_only,29,9,132,0.06818181818181818,4.781903991131664
from_ipod,shared_only,29,10,132,0.07575757575757576,5.079674707406027
from_ipod,shared_only,29,11,132,0.08333333333333333,5.305605354756515
from_ipod,shared_only,29,12,132,0.09090909090909091,5.216538428280313
from_ipod,shared_only,29,13,132,0.09848484848484848,5.152493260498238
from_ipod,shared_only,29,14,132,0.10606060606060606,4.99942462507583
from_ipod,shared_only,29,15,132,0.11363636363636363,4.941163356144783
from_ipod,shared_only,29,16,132,0.12121212121212122,4.972047249199669
from_ipod,shared_only,29,17,132,0.12878787878787878,4.985862764972227
from_ipod,shared_only,29,18,132,0.13636363636363635,5.251325837732271
from_ipod,shared_only,29,19,132,0.14393939393939395,5.276291587993254
from_ipod,shared_only,29,20,132,0.15151515151515152,5.155607247701339
from_ipod,shared_only,29,21,132,0.1590909090909091,5.149000597006456
from_ipod,shared_only,29,22,132,0.16666666666666666,5.072022786137741
from_ipod,shared_only,29,23,132,0.17424242424242425,5.126710875160176
from_ipod,shared_only,29,24,132,0.18181818181818182,5.104764351847479
from_ipod,shared_only,29,25,132,0.1893939393939394,5.141936789812611
from_ipod,shared_only,29,26,132,0.19696969696969696,5.36185993929848
from_ipod,shared_only,29,27,132,0.20454545454545456,5.423960523247513
from_ipod,shared_only,29,28,132,0.21212121212121213,5.4355948395782505
from_ipod,shared_only,29,29,132,0.2196969696969697,5.360207980522867
from_ipod,shared_only,29,30,132,0.22727272727272727,5.583931092652014
from_ipod,shared_only,29,31,132,0.23484848484848486,5.578998918999965
from_ipod,shared_only,29,32,132,0.24242424242424243,5.673825713792282
from_ipod,shared_only,29,33,132,0.25,5.633309535668119
from_ipod,shared_only,29,34,132,0.25757575757575757,5.820642943008296
from_ipod,shared_only,29,35,132,0.26515151515151514,5.845237440092292
from_ipod,shared_only,29,36,132,0.2727272727272727,5.832956745503058
from_ipod,shared_only,29,37,132,0.2803030303030303,5.889527056874051
from_ipod,shared_only,29,38,132,0.2878787878787879,5.8989525170167125
from_ipod,shared_only,29,39,132,0.29545454545454547,5.938433593481638
from_ipod,shared_only,29,40,132,0.30303030303030304,5.890444480200037
from_ipod,shared_only,29,41,132,0.3106060606060606,5.881614863897314
from_ipod,shared_only,29,42,132,0.3181818181818182,5.832037662242342
from_ipod,shared_only,29,43,132,0.32575757575757575,5.8656096410372465
from_ipod,shared_only,29,44,132,0.3333333333333333,5.8215862651979196
from_ipod,shared_only,29,45,132,0.3409090909090909,5.7326454600164585
from_ipod,shared_only,29,46,132,0.3484848484848485,5.791228152234503
from_ipod,shared_only,29,47,132,0.3560606060606061,5.7616170327492
from_ipod,shared_only,29,48,132,0.36363636363636365,5.798410176935936
from_ipod,shared_only,29,49,132,0.3712121212121212,5.780860232458024
from_ipod,shared_only,29,50,132,0.3787878787878788,5.850819359828677
from_ipod,shared_only,29,51,132,0.38636363636363635,5.820829628983561
from_ipod,shared_only,29,52,132,0.3939393939393939,5.814546534304548
from_ipod,shared_only,29,53,132,0.4015151515151515,5.896157305998531
from_ipod,shared_only,29,54,132,0.4090909090909091,5.842479703006058
from_ipod,shared_only,29,55,132,0.4166666666666667,5.870355096317627
from_ipod,shared_only,29,56,132,0.42424242424242425,5.867571308291633
from_ipod,shared_only,29,57,132,0.4318181818181818,5.846938928162248
from_ipod,shared_only,29,58,132,0.4393939393939394,5.915089496364507
from_ipod,shared_only,29,59,132,0.44696969696969696,5.900883157290635
from_ipod,shared_only,29,60,132,0.45454545454545453,5.882032149572172
from_ipod,shared_only,29,61,132,0.4621212121212121,5.904730321818951
from_ipod,shared_only,29,62,132,0.4696969696969697,5.877604826285063
from_ipod,shared_only,29,63,132,0.4772727272727273,5.871692926116312
from_ipod,shared_only,29,64,132,0.48484848484848486,5.861210995499159
from_ipod,shared_only,29,65,132,0.49242424242424243,5.8535129989650505
from_ipod,shared_only,29,66,132,0.5,5.8255113747264895
from_ipod,shared_only,29,67,132,0.5075757575757576,5.808308347687997
from_ipod,shared_only,29,68,132,0.5151515151515151,5.789565470311788
from_ipod,shared_only,29,69,132,0.5227272727272727,5.795814026361967
from_ipod,shared_only,29,70,132,0.5303030303030303,5.809484700417389
from_ipod,shared_only,29,71,132,0.5378787878787878,5.834032458295664
from_ipod,shared_only,29,72,132,0.5454545454545454,5.829818216992546
from_ipod,shared_only,29,73,132,0.553030303030303,5.822839075148908
from_ipod,shared_only,29,74,132,0.5606060606060606,5.817123530593849
from_ipod,shared_only,29,75,132,0.5681818181818182,5.84082402862631
from_ipod,shared_only,29,76,132,0.5757575757575758,5.833947962305722
from_ipod,shared_only,29,77,132,0.5833333333333334,5.88644504237505
from_ipod,shared_only,29,78,132,0.5909090909090909,5.926348052893762
from_ipod,shared_only,29,79,132,0.5984848484848485,5.940225101454314
from_ipod,shared_only,29,80,132,0.6060606060606061,5.959654735798505
from_ipod,shared_only,29,81,132,0.6136363636363636,5.968622728779499
from_ipod,shared_only,29,82,132,0.6212121212121212,5.940995151020061
from_ipod,shared_only,29,83,132,0.6287878787878788,5.926065249051388
from_ipod,shared_only,29,84,132,0.6363636363636364,5.939880043854013
from_ipod,shared_only,29,85,132,0.6439393939393939,5.949817842121491
from_ipod,shared_only,29,86,132,0.6515151515151515,6.007515563624503
from_ipod,shared_only,29,87,132,0.6590909090909091,6.009430552718528
from_ipod,shared_only,29,88,132,0.6666666666666666,5.9749844362744735
from_ipod,shared_only,29,89,132,0.6742424242424242,5.97023054618402
from_ipod,shared_only,29,90,132,0.6818181818181818,5.993666203368761
from_ipod,shared_only,29,91,132,0.6893939393939394,5.978668932340558
from_ipod,shared_only,29,92,132,0.696969696969697,6.012210384368059
from_ipod,shared_only,29,93,132,0.7045454545454546,6.045095297731444
from_ipod,shared_only,29,94,132,0.7121212121212122,6.039417727625589
from_ipod,shared_only,29,95,132,0.7196969696969697,6.078495534183674
from_ipod,shared_only,29,96,132,0.7272727272727273,6.100135411542795
from_ipod,shared_only,29,97,132,0.7348484848484849,6.123085161445958
from_ipod,shared_only,29,98,132,0.7424242424242424,6.155168185849489
from_ipod,shared_only,29,99,132,0.75,6.2009190444926885
from_ipod,shared_only,29,100,132,0.7575757575757576,6.229612092553951
from_ipod,shared_only,29,101,132,0.7651515151515151,6.267118546677593
from_ipod,shared_only,29,102,132,0.7727272727272727,6.313816091900684
from_ipod,shared_only,29,103,132,0.7803030303030303,6.321930863445583
from_ipod,shared_only,29,104,132,0.7878787878787878,6.365691043869341
from_ipod,shared_only,29,105,132,0.7954545454545454,6.379814172624338
from_ipod,shared_only,29,106,132,0.803030303030303,6.420539429826929
from_ipod,shared_only,29,107,132,0.8106060606060606,6.428734584365151
from_ipod,shared_only,29,108,132,0.8181818181818182,6.457134820234338
from_ipod,shared_only,29,109,132,0.8257575757575758,6.45673243004539
from_ipod,shared_only,29,110,132,0.8333333333333334,6.502399130771414
from_ipod,shared_only,29,111,132,0.8409090909090909,6.524073777922013
from_ipod,shared_only,29,112,132,0.8484848484848485,6.5460960786024645
from_ipod,shared_only,29,113,132,0.8560606060606061,6.562917931851979
from_ipod,shared_only,29,114,132,0.8636363636363636,6.6199142872508405
from_ipod,shared_only,29,115,132,0.8712121212121212,6.633979778229303
from_ipod,shared_only,29,116,132,0.8787878787878788,6.642119080382217
from_ipod,shared_only,29,117,132,0.8863636363636364,6.680538036054071
from_ipod,shared_only,29,118,132,0.8939393939393939,6.7355862814073095
from_ipod,shared_only,29,119,132,0.9015151515151515,6.7473919182048006
from_ipod,shared_only,29,120,132,0.9090909090909091,6.766197510004269
from_ipod,shared_only,29,121,132,0.9166666666666666,6.813058698109213
from_ipod,shared_only,29,122,132,0.9242424242424242,6.8673504415723725
from_ipod,shared_only,29,123,132,0.9318181818181818,6.901138125856351
from_ipod,shared_only,29,124,132,0.9393939393939394,6.92152671663229
from_ipod,shared_only,29,125,132,0.946969696969697,6.958009374934058
from_ipod,shared_only,29,126,132,0.9545454545454546,7.023635933582299
from_ipod,shared_only,29,127,132,0.9621212121212122,7.083345733205942
from_ipod,shared_only,29,128,132,0.9696969696969697,7.142615459866506
from_ipod,shared_only,29,129,132,0.9772727272727273,7.165112580028595
from_ipod,shared_only,29,130,132,0.9848484848484849,7.17456313289536
from_ipod,shared_only,29,131,132,0.9924242424242424,7.196801133836723
from_ipod,shared_only,29,132,132,1.0,7.215702341034938
from_ipod,shared_only,43,1,132,0.007575757575757576,7.052236164308141
from_ipod,shared_only,43,2,132,0.015151515151515152,4.706720493551363
from_ipod,shared_only,43,3,132,0.022727272727272728,4.44114102909114
from_ipod,shared_only,43,4,132,0.030303030303030304,3.835153328524261
from_ipod,shared_only,43,5,132,0.03787878787878788,3.3695605523236316
from_ipod,shared_only,43,6,132,0.045454545454545456,3.2378439533061063
from_ipod,shared_only,43,7,132,0.05303030303030303,3.1666767650171117
from_ipod,shared_only,43,8,132,0.06060606060606061,3.0626092736913924
from_ipod,shared_only,43,9,132,0.06818181818181818,3.1975932177335076
from_ipod,shared_only,43,10,132,0.07575757575757576,3.268273421371011
from_ipod,shared_only,43,11,132,0.08333333333333333,3.5459798251524317
from_ipod,shared_only,43,12,132,0.09090909090909091,3.460496425866022
from_ipod,shared_only,43,13,132,0.09848484848484848,3.5097105731463483
from_ipod,shared_only,43,14,132,0.10606060606060606,3.6634583828750413
from_ipod,shared_only,43,15,132,0.11363636363636363,3.8149164373685145
from_ipod,shared_only,43,16,132,0.12121212121212122,3.739127386990093
from_ipod,shared_only,43,17,132,0.12878787878787878,3.6579477562168607
from_ipod,shared_only,43,18,132,0.13636363636363635,3.6898500027255867
from_ipod,shared_only,43,19,132,0.14393939393939395,3.7231948477061394
from_ipod,shared_only,43,20,132,0.15151515151515152,3.5852974031107236
from_ipod,shared_only,43,21,132,0.1590909090909091,3.699072460369922
from_ipod,shared_only,43,22,132,0.16666666666666666,4.14197637320006
from_ipod,shared_only,43,23,132,0.17424242424242425,4.191173551264456
from_ipod,shared_only,43,24,132,0.18181818181818182,4.226810418477826
from_ipod,shared_only,43,25,132,0.1893939393939394,4.526482911537959
from_ipod,shared_only,43,26,132,0.19696969696969696,4.58361719620817
from_ipod,shared_only,43,27,132,0.20454545454545456,4.5628989238289455
from_ipod,shared_only,43,28,132,0.21212121212121213,4.490715006957663
from_ipod,shared_only,43,29,132,0.2196969696969697,4.425124242093092
from_ipod,shared_only,43,30,132,0.22727272727272727,4.399614244533003
from_ipod,shared_only,43,31,132,0.23484848484848486,4.318614229433901
from_ipod,shared_only,43,32,132,0.24242424242424243,4.251689860959741
from_ipod,shared_only,43,33,132,0.25,4.283660219224225
from_ipod,shared_only,43,34,132,0.25757575757575757,4.266504519376186
from_ipod,shared_only,43,35,132,0.26515151515151514,4.27334686998871
from_ipod,shared_only,43,36,132,0.2727272727272727,4.237573657307412
from_ipod,shared_only,43,37,132,0.2803030303030303,4.195222160380908
from_ipod,shared_only,43,38,132,0.2878787878787879,4.423008119153011
from_ipod,shared_only,43,39,132,0.29545454545454547,4.375833323997659
from_ipod,shared_only,43,40,132,0.30303030303030304,4.36424903920071
from_ipod,shared_only,43,41,132,0.3106060606060606,4.46459546416128
from_ipod,shared_only,43,42,132,0.3181818181818182,4.376028265208706
from_ipod,shared_only,43,43,132,0.32575757575757575,4.317747764122175
from_ipod,shared_only,43,44,132,0.3333333333333333,4.327309690127292
from_ipod,shared_only,43,45,132,0.3409090909090909,4.358629945450759
from_ipod,shared_only,43,46,132,0.3484848484848485,4.334572929564001
from_ipod,shared_only,43,47,132,0.3560606060606061,4.336310228355083
from_ipod,shared_only,43,48,132,0.36363636363636365,4.3316851980450055
from_ipod,shared_only,43,49,132,0.3712121212121212,4.350863388286073
from_ipod,shared_only,43,50,132,0.3787878787878788,4.3135172721612465
from_ipod,shared_only,43,51,132,0.38636363636363635,4.357904098990401
from_ipod,shared_only,43,52,132,0.3939393939393939,4.437734971624018
from_ipod,shared_only,43,53,132,0.4015151515151515,4.5122452737599135
from_ipod,shared_only,43,54,132,0.4090909090909091,4.513614840911536
from_ipod,shared_only,43,55,132,0.4166666666666667,4.607573762351661
from_ipod,shared_only,43,56,132,0.42424242424242425,4.567757317010003
from_ipod,shared_only,43,57,132,0.4318181818181818,4.5896050435534965
from_ipod,shared_only,43,58,132,0.4393939393939394,4.614673840800132
from_ipod,shared_only,43,59,132,0.44696969696969696,4.6801761462015605
from_ipod,shared_only,43,60,132,0.45454545454545453,4.7978917207832845
from_ipod,shared_only,43,61,132,0.4621212121212121,4.783294525843756
from_ipod,shared_only,43,62,132,0.4696969696969697,4.7604185738097415
from_ipod,shared_only,43,63,132,0.4772727272727273,4.767206671767631
from_ipod,shared_only,43,64,132,0.48484848484848486,4.765293806600745
from_ipod,shared_only,43,65,132,0.49242424242424243,4.721019412723016
from_ipod,shared_only,43,66,132,0.5,4.705876722418253
from_ipod,shared_only,43,67,132,0.5075757575757576,4.704104799909195
from_ipod,shared_only,43,68,132,0.5151515151515151,4.735513821486559
from_ipod,shared_only,43,69,132,0.5227272727272727,4.691762326786148
from_ipod,shared_only,43,70,132,0.5303030303030303,4.711585196940229
from_ipod,shared_only,43,71,132,0.5378787878787878,4.680551183418545
from_ipod,shared_only,43,72,132,0.5454545454545454,4.7102988615299894
from_ipod,shared_only,43,73,132,0.553030303030303,4.77659713467019
from_ipod,shared_only,43,74,132,0.5606060606060606,4.799101222384018
from_ipod,shared_only,43,75,132,0.5681818181818182,4.82828189104495
from_ipod,shared_only,43,76,132,0.5757575757575758,4.847081572456817
from_ipod,shared_only,43,77,132,0.5833333333333334,4.858786434784789
from_ipod,shared_only,43,78,132,0.5909090909090909,4.928097871757523
from_ipod,shared_only,43,79,132,0.5984848484848485,4.9313664320132355
from_ipod,shared_only,43,80,132,0.6060606060606061,4.920638919924416
from_ipod,shared_only,43,81,132,0.6136363636363636,4.898485564065758
from_ipod,shared_only,43,82,132,0.6212121212121212,4.940281713854605
from_ipod,shared_only,43,83,132,0.6287878787878788,4.958784515933658
from_ipod,shared_only,43,84,132,0.6363636363636364,4.9818240037006545
from_ipod,shared_only,43,85,132,0.6439393939393939,4.9716088186914975
from_ipod,shared_only,43,86,132,0.6515151515151515,5.030380930456974
from_ipod,shared_only,43,87,132,0.6590909090909091,5.055008329486255
from_ipod,shared_only,43,88,132,0.6666666666666666,5.100291638005459
from_ipod,shared_only,43,89,132,0.6742424242424242,5.087353636245078
from_ipod,shared_only,43,90,132,0.6818181818181818,5.11529729045353
from_ipod,shared_only,43,91,132,0.6893939393939394,5.127861850700386
from_ipod,shared_only,43,92,132,0.696969696969697,5.14575030682487
from_ipod,shared_only,43,93,132,0.7045454545454546,5.166193371703072
from_ipod,shared_only,43,94,132,0.7121212121212122,5.200200289603162
from_ipod,shared_only,43,95,132,0.7196969696969697,5.215774073022869
from_ipod,shared_only,43,96,132,0.7272727272727273,5.209665811017611
from_ipod,shared_only,43,97,132,0.7348484848484849,5.266187394211015
from_ipod,shared_only,43,98,132,0.7424242424242424,5.273804567712136
from_ipod,shared_only,43,99,132,0.75,5.255324431440822
from_ipod,shared_only,43,100,132,0.7575757575757576,5.281645404438705
from_ipod,shared_only,43,101,132,0.7651515151515151,5.332115226358076
from_ipod,shared_only,43,102,132,0.7727272727272727,5.310805206561625
from_ipod,shared_only,43,103,132,0.7803030303030303,5.30346860829606
from_ipod,shared_only,43,104,132,0.7878787878787878,5.330062280581851
from_ipod,shared_only,43,105,132,0.7954545454545454,5.323057326589491
from_ipod,shared_only,43,106,132,0.803030303030303,5.325026603075903
from_ipod,shared_only,43,107,132,0.8106060606060606,5.327890193045689
from_ipod,shared_only,43,108,132,0.8181818181818182,5.308434166327514
from_ipod,shared_only,43,109,132,0.8257575757575758,5.3173813432428245
from_ipod,shared_only,43,110,132,0.8333333333333334,5.338660399814432
from_ipod,shared_only,43,111,132,0.8409090909090909,5.324712681413205
from_ipod,shared_only,43,112,132,0.8484848484848485,5.323834741791041
from_ipod,shared_only,43,113,132,0.8560606060606061,5.312602071693126
from_ipod,shared_only,43,114,132,0.8636363636363636,5.363960807166922
from_ipod,shared_only,43,115,132,0.8712121212121212,5.357447373307476
from_ipod,shared_only,43,116,132,0.8787878787878788,5.387207279343487
from_ipod,shared_only,43,117,132,0.8863636363636364,5.387991341534435
from_ipod,shared_only,43,118,132,0.8939393939393939,5.451187071680008
from_ipod,shared_only,43,119,132,0.9015151515151515,5.479522592109763
from_ipod,shared_only,43,120,132,0.9090909090909091,5.489548149444678
from_ipod,shared_only,43,121,132,0.9166666666666666,5.482496874645277
from_ipod,shared_only,43,122,132,0.9242424242424242,5.540289692943157
from_ipod,shared_only,43,123,132,0.9318181818181818,5.581630098689965
from_ipod,shared_only,43,124,132,0.9393939393939394,5.653271761496582
from_ipod,shared_only,43,125,132,0.946969696969697,5.641387169378903
from_ipod,shared_only,43,126,132,0.9545454545454546,5.710006961001515
from_ipod,shared_only,43,127,132,0.9621212121212122,5.776371027821871
from_ipod,shared_only,43,128,132,0.9696969696969697,5.789528421089544
from_ipod,shared_only,43,129,132,0.9772727272727273,5.797644533459168
from_ipod,shared_only,43,130,132,0.9848484848484849,5.828731024494061
from_ipod,shared_only,43,131,132,0.9924242424242424,5.848259218607619
from_ipod,shared_only,43,132,132,1.0,5.87529031877009
from_SLR,consistency,17,1,132,0.007575757575757576,2.1787126171632876
from_SLR,consistency,17,2,132,0.015151515151515152,4.218437826560655
from_SLR,consistency,17,3,132,0.022727272727272728,3.977578396065816
from_SLR,consistency,17,4,132,0.030303030303030304,4.754741989184803
from_SLR,consistency,17,5,132,0.03787878787878788,4.039408810196403
from_SLR,consistency,17,6,132,0.045454545454545456,4.9688095571247946
from_SLR,consistency,17,7,132,0.05303030303030303,4.609563947093603
from_SLR,consistency,17,8,132,0.06060606060606061,4.430280859789419
from_SLR,consistency,17,9,132,0.06818181818181818,4.900710898799273
from_SLR,consistency,17,10,132,0.07575757575757576,4.967295170574303
from_SLR,consistency,17,11,132,0.08333333333333333,4.612534298596896
from_SLR,consistency,17,12,132,0.09090909090909091,4.571685942336882
from_SLR,consistency,17,13,132,0.09848484848484848,4.746068968433748
from_SLR,consistency,17,14,132,0.10606060606060606,4.589862406085866
from_SLR,consistency,17,15,132,0.11363636363636363,4.770342421244705
from_SLR,consistency,17,16,132,0.12121212121212122,4.617272163817684
from_SLR,consistency,17,17,132,0.12878787878787878,4.6445268847146535
from_SLR,consistency,17,18,132,0.13636363636363635,4.669093956952105
from_SLR,consistency,17,19,132,0.14393939393939395,4.694528676886407
from_SLR,consistency,17,20,132,0.15151515151515152,4.760867200257847
from_SLR,consistency,17,21,132,0.1590909090909091,4.782764008136136
from_SLR,consistency,17,22,132,0.16666666666666666,5.016453494185537
from_SLR,consistency,17,23,132,0.17424242424242425,5.076904294150107
from_SLR,consistency,17,24,132,0.18181818181818182,5.046139734882025
from_SLR,consistency,17,25,132,0.1893939393939394,4.937247793057241
from_SLR,consistency,17,26,132,0.19696969696969696,5.001399744310524
from_SLR,consistency,17,27,132,0.20454545454545456,5.040940826404051
from_SLR,consistency,17,28,132,0.21212121212121213,4.914183516904695
from_SLR,consistency,17,29,132,0.2196969696969697,4.873113499139187
from_SLR,consistency,17,30,132,0.22727272727272727,4.850999118237994
from_SLR,consistency,17,31,132,0.23484848484848486,4.920273182637793
from_SLR,consistency,17,32,132,0.24242424242424243,4.981235063040415
from_SLR,consistency,17,33,132,0.25,5.1649867975626895
from_SLR,consistency,17,34,132,0.25757575757575757,5.167322585154601
from_SLR,consistency,17,35,132,0.26515151515151514,5.191342295864088
from_SLR,consistency,17,36,132,0.2727272727272727,5.218169939147776
from_SLR,consistency,17,37,132,0.2803030303030303,5.164073366636148
from_SLR,consistency,17,38,132,0.2878787878787879,5.052152226313443
from_SLR,consistency,17,39,132,0.29545454545454547,5.025672998655582
from_SLR,consistency,17,40,132,0.30303030303030304,4.931679606944721
from_SLR,consistency,17,41,132,0.3106060606060606,5.006632566413795
from_SLR,consistency,17,42,132,0.3181818181818182,4.968777682718574
from_SLR,consistency,17,43,132,0.32575757575757575,5.086917491639183
from_SLR,consistency,17,44,132,0.3333333333333333,5.047566049902314
from_SLR,consistency,17,45,132,0.3409090909090909,5.139795828159349
from_SLR,consistency,17,46,132,0.3484848484848485,5.225354232884167
from_SLR,consistency,17,47,132,0.3560606060606061,5.17855732485814
from_SLR,consistency,17,48,132,0.36363636363636365,5.107045174549969
from_SLR,consistency,17,49,132,0.3712121212121212,5.070240190762067
from_SLR,consistency,17,50,132,0.3787878787878788,5.041612041552754
from_SLR,consistency,17,51,132,0.38636363636363635,5.030092089794077
from_SLR,consistency,17,52,132,0.3939393939393939,4.991020913747638
from_SLR,consistency,17,53,132,0.4015151515151515,4.972937994394355
from_SLR,consistency,17,54,132,0.4090909090909091,4.911746801842798
from_SLR,consistency,17,55,132,0.4166666666666667,4.913719523757412
from_SLR,consistency,17,56,132,0.42424242424242425,4.9005994025130875
from_SLR,consistency,17,57,132,0.4318181818181818,4.886935668460523
from_SLR,consistency,17,58,132,0.4393939393939394,4.858553379814638
from_SLR,consistency,17,59,132,0.44696969696969696,4.933703802072566
from_SLR,consistency,17,60,132,0.45454545454545453,4.952274383532036
from_SLR,consistency,17,61,132,0.4621212121212121,4.912341517485232
from_SLR,consistency,17,62,132,0.4696969696969697,4.922216123722082
from_SLR,consistency,17,63,132,0.4772727272727273,4.932055635935651
from_SLR,consistency,17,64,132,0.48484848484848486,4.978679048979865
from_SLR,consistency,17,65,132,0.49242424242424243,4.95481227207389
from_SLR,consistency,17,66,132,0.5,5.011889033272969
from_SLR,consistency,17,67,132,0.5075757575757576,5.008281263972861
from_SLR,consistency,17,68,132,0.5151515151515151,5.046784154946382
from_SLR,consistency,17,69,132,0.5227272727272727,5.014365475980761
from_SLR,consistency,17,70,132,0.5303030303030303,4.972394914116151
from_SLR,consistency,17,71,132,0.5378787878787878,4.985139896910126
from_SLR,consistency,17,72,132,0.5454545454545454,4.941622135716447
from_SLR,consistency,17,73,132,0.553030303030303,4.914412321049588
from_SLR,consistency,17,74,132,0.5606060606060606,4.975469607891999
from_SLR,consistency,17,75,132,0.5681818181818182,4.9594064520317644
from_SLR,consistency,17,76,132,0.5757575757575758,4.997961540083094
from_SLR,consistency,17,77,132,0.5833333333333334,4.977776829856087
from_SLR,consistency,17,78,132,0.5909090909090909,5.02619465569936
from_SLR,consistency,17,79,132,0.5984848484848485,5.061137031142355
from_SLR,consistency,17,80,132,0.6060606060606061,5.070416010353178
from_SLR,consistency,17,81,132,0.6136363636363636,5.012463699645639
from_SLR,consistency,17,82,132,0.6212121212121212,5.0074812346127935
from_SLR,consistency,17,83,132,0.6287878787878788,4.989922530254724
from_SLR,consistency,17,84,132,0.6363636363636364,4.993440229530966
from_SLR,consistency,17,85,132,0.6439393939393939,4.953756199143095
from_SLR,consistency,17,86,132,0.6515151515151515,4.99540060923083
from_SLR,consistency,17,87,132,0.6590909090909091,4.970460791163995
from_SLR,consistency,17,88,132,0.6666666666666666,4.944674734645774
from_SLR,consistency,17,89,132,0.6742424242424242,4.91638935857359
from_SLR,consistency,17,90,132,0.6818181818181818,4.894785485545607
from_SLR,consistency,17,91,132,0.6893939393939394,4.8527935206864425
from_SLR,consistency,17,92,132,0.696969696969697,4.832925088121757
from_SLR,consistency,17,93,132,0.7045454545454546,4.837383067119783
from_SLR,consistency,17,94,132,0.7121212121212122,4.8234644370699105
from_SLR,consistency,17,95,132,0.7196969696969697,4.840459925363307
from_SLR,consistency,17,96,132,0.7272727272727273,4.82234817107729
from_SLR,consistency,17,97,132,0.7348484848484849,4.810962842348874
from_SLR,consistency,17,98,132,0.7424242424242424,4.797622425444368
from_SLR,consistency,17,99,132,0.75,4.806202720556942
from_SLR,consistency,17,100,132,0.7575757575757576,4.786853404761508
from_SLR,consistency,17,101,132,0.7651515151515151,4.7762486568075815
from_SLR,consistency,17,102,132,0.7727272727272727,4.771668140052941
from_SLR,consistency,17,103,132,0.7803030303030303,4.7600773180607145
from_SLR,consistency,17,104,132,0.7878787878787878,4.734256709305905
from_SLR,consistency,17,105,132,0.7954545454545454,4.7437967193699375
from_SLR,consistency,17,106,132,0.803030303030303,4.726772407656847
from_SLR,consistency,17,107,132,0.8106060606060606,4.72867031938117
from_SLR,consistency,17,108,132,0.8181818181818182,4.697049771317559
from_SLR,consistency,17,109,132,0.8257575757575758,4.665842509967371
from_SLR,consistency,17,110,132,0.8333333333333334,4.641654203244177
from_SLR,consistency,17,111,132,0.8409090909090909,4.643696791464158
from_SLR,consistency,17,112,132,0.8484848484848485,4.628881850880737
from_SLR,consistency,17,113,132,0.8560606060606061,4.6083091741255116
from_SLR,consistency,17,114,132,0.8636363636363636,4.6134979365296225
from_SLR,consistency,17,115,132,0.8712121212121212,4.6515677662434305
from_SLR,consistency,17,116,132,0.8787878787878788,4.630086302594675
from_SLR,consistency,17,117,132,0.8863636363636364,4.653818551615866
from_SLR,consistency,17,118,132,0.8939393939393939,4.667635354381431
from_SLR,consistency,17,119,132,0.9015151515151515,4.6348622514531685
from_SLR,consistency,17,120,132,0.9090909090909091,4.624559364123304
from_SLR,consistency,17,121,132,0.9166666666666666,4.628250776078873
from_SLR,consistency,17,122,132,0.9242424242424242,4.66848385292233
from_SLR,consistency,17,123,132,0.9318181818181818,4.655038037762408
from_SLR,consistency,17,124,132,0.9393939393939394,4.691771944914997
from_SLR,consistency,17,125,132,0.946969696969697,4.718737121729453
from_SLR,consistency,17,126,132,0.9545454545454546,4.739368953750128
from_SLR,consistency,17,127,132,0.9621212121212122,4.782424984954622
from_SLR,consistency,17,128,132,0.9696969696969697,4.813202409777356
from_SLR,consistency,17,129,132,0.9772727272727273,4.837385794959121
from_SLR,consistency,17,130,132,0.9848484848484849,4.889239777842022
from_SLR,consistency,17,131,132,0.9924242424242424,4.918903724904173
from_SLR,consistency,17,132,132,1.0,4.974556500672715
from_SLR,consistency,29,1,132,0.007575757575757576,6.075705518719842
from_SLR,consistency,29,2,132,0.015151515151515152,4.70152587655909
from_SLR,consistency,29,3,132,0.022727272727272728,5.498406689888256
from_SLR,consistency,29,4,132,0.030303030303030304,5.472159987168313
from_SLR,consistency,29,5,132,0.03787878787878788,5.592551036840074
from_SLR,consistency,29,6,132,0.045454545454545456,5.788213543757973
from_SLR,consistency,29,7,132,0.05303030303030303,5.748758877389405
from_SLR,consistency,29,8,132,0.06060606060606061,5.699292291003095
from_SLR,consistency,29,9,132,0.06818181818181818,5.567155706283423
from_SLR,consistency,29,10,132,0.07575757575757576,5.890572536366167
from_SLR,consistency,29,11,132,0.08333333333333333,5.654932780824201
from_SLR,consistency,29,12,132,0.09090909090909091,5.3867824830601405
from_SLR,consistency,29,13,132,0.09848484848484848,5.129129798589558
from_SLR,consistency,29,14,132,0.10606060606060606,5.176594446296098
from_SLR,consistency,29,15,132,0.11363636363636363,5.383678612059265
from_SLR,consistency,29,16,132,0.12121212121212122,5.240810065940965
from_SLR,consistency,29,17,132,0.12878787878787878,5.556780902396656
from_SLR,consistency,29,18,132,0.13636363636363635,5.739086317838746
from_SLR,consistency,29,19,132,0.14393939393939395,5.501143182055434
from_SLR,consistency,29,20,132,0.15151515151515152,5.805878698953583
from_SLR,consistency,29,21,132,0.1590909090909091,5.616322522790127
from_SLR,consistency,29,22,132,0.16666666666666666,5.443182088902196
from_SLR,consistency,29,23,132,0.17424242424242425,5.495432009803519
from_SLR,consistency,29,24,132,0.18181818181818182,5.515644343442333
from_SLR,consistency,29,25,132,0.1893939393939394,5.490606065735237
from_SLR,consistency,29,26,132,0.19696969696969696,5.604203614870315
from_SLR,consistency,29,27,132,0.20454545454545456,5.767632134620869
from_SLR,consistency,29,28,132,0.21212121212121213,5.6678488710892285
from_SLR,consistency,29,29,132,0.2196969696969697,5.569944816503767
from_SLR,consistency,29,30,132,0.22727272727272727,5.659422118986933
from_SLR,consistency,29,31,132,0.23484848484848486,5.68466852449434
from_SLR,consistency,29,32,132,0.24242424242424243,5.8083031634795015
from_SLR,consistency,29,33,132,0.25,5.846248768314517
from_SLR,consistency,29,34,132,0.25757575757575757,5.78283916020133
from_SLR,consistency,29,35,132,0.26515151515151514,5.708527384589023
from_SLR,consistency,29,36,132,0.2727272727272727,5.704883612865294
from_SLR,consistency,29,37,132,0.2803030303030303,5.675990910695912
from_SLR,consistency,29,38,132,0.2878787878787879,5.620889887622558
from_SLR,consistency,29,39,132,0.29545454545454547,5.57719854865274
from_SLR,consistency,29,40,132,0.30303030303030304,5.5496567272313175
from_SLR,consistency,29,41,132,0.3106060606060606,5.527448171178211
from_SLR,consistency,29,42,132,0.3181818181818182,5.439114338808091
from_SLR,consistency,29,43,132,0.32575757575757575,5.507231264746725
from_SLR,consistency,29,44,132,0.3333333333333333,5.503977671367107
from_SLR,consistency,29,45,132,0.3409090909090909,5.437614807652605
from_SLR,consistency,29,46,132,0.3484848484848485,5.422142596200803
from_SLR,consistency,29,47,132,0.3560606060606061,5.538765078650182
from_SLR,consistency,29,48,132,0.36363636363636365,5.475238476225193
from_SLR,consistency,29,49,132,0.3712121212121212,5.381663264995934
from_SLR,consistency,29,50,132,0.3787878787878788,5.386725400730846
from_SLR,consistency,29,51,132,0.38636363636363635,5.359560670576342
from_SLR,consistency,29,52,132,0.3939393939393939,5.3611351737267094
from_SLR,consistency,29,53,132,0.4015151515151515,5.324352018933259
from_SLR,consistency,29,54,132,0.4090909090909091,5.4359396949836425
from_SLR,consistency,29,55,132,0.4166666666666667,5.57623802278425
from_SLR,consistency,29,56,132,0.42424242424242425,5.6567317709899125
from_SLR,consistency,29,57,132,0.4318181818181818,5.6536606573963955
from_SLR,consistency,29,58,132,0.4393939393939394,5.726295540773004
from_SLR,consistency,29,59,132,0.44696969696969696,5.757973872917993
from_SLR,consistency,29,60,132,0.45454545454545453,5.707663887168249
from_SLR,consistency,29,61,132,0.4621212121212121,5.7029294118218985
from_SLR,consistency,29,62,132,0.4696969696969697,5.675565537098607
from_SLR,consistency,29,63,132,0.4772727272727273,5.635059978204104
from_SLR,consistency,29,64,132,0.48484848484848486,5.6206902991217165
from_SLR,consistency,29,65,132,0.49242424242424243,5.58199043140547
from_SLR,consistency,29,66,132,0.5,5.5434981261086245
from_SLR,consistency,29,67,132,0.5075757575757576,5.565114919787174
from_SLR,consistency,29,68,132,0.5151515151515151,5.554762985817812
from_SLR,consistency,29,69,132,0.5227272727272727,5.644083393752793
from_SLR,consistency,29,70,132,0.5303030303030303,5.663320576725538
from_SLR,consistency,29,71,132,0.5378787878787878,5.704073348921213
from_SLR,consistency,29,72,132,0.5454545454545454,5.739027788452926
from_SLR,consistency,29,73,132,0.553030303030303,5.763694977738702
from_SLR,consistency,29,74,132,0.5606060606060606,5.808493782615829
from_SLR,consistency,29,75,132,0.5681818181818182,5.832401515963948
from_SLR,consistency,29,76,132,0.5757575757575758,5.832493237453085
from_SLR,consistency,29,77,132,0.5833333333333334,5.826596624532578
from_SLR,consistency,29,78,132,0.5909090909090909,5.813996144675398
from_SLR,consistency,29,79,132,0.5984848484848485,5.797955890810323
from_SLR,consistency,29,80,132,0.6060606060606061,5.877991701021052
from_SLR,consistency,29,81,132,0.6136363636363636,5.889594319884848
from_SLR,consistency,29,82,132,0.6212121212121212,5.871886784518437
from_SLR,consistency,29,83,132,0.6287878787878788,5.859111783500727
from_SLR,consistency,29,84,132,0.6363636363636364,5.805601798741582
from_SLR,consistency,29,85,132,0.6439393939393939,5.779671235414676
from_SLR,consistency,29,86,132,0.6515151515151515,5.745598879209604
from_SLR,consistency,29,87,132,0.6590909090909091,5.683649265527294
from_SLR,consistency,29,88,132,0.6666666666666666,5.688460962145638
from_SLR,consistency,29,89,132,0.6742424242424242,5.634599594803156
from_SLR,consistency,29,90,132,0.6818181818181818,5.623005334795757
from_SLR,consistency,29,91,132,0.6893939393939394,5.578937084533235
from_SLR,consistency,29,92,132,0.696969696969697,5.540812666880632
from_SLR,consistency,29,93,132,0.7045454545454546,5.603372126039779
from_SLR,consistency,29,94,132,0.7121212121212122,5.583859599583659
from_SLR,consistency,29,95,132,0.7196969696969697,5.6278581109887655
from_SLR,consistency,29,96,132,0.7272727272727273,5.583130776348895
from_SLR,consistency,29,97,132,0.7348484848484849,5.564717701119516
from_SLR,consistency,29,98,132,0.7424242424242424,5.616723486618495
from_SLR,consistency,29,99,132,0.75,5.598015425657544
from_SLR,consistency,29,100,132,0.7575757575757576,5.567453293452523
from_SLR,consistency,29,101,132,0.7651515151515151,5.581729265936815
from_SLR,consistency,29,102,132,0.7727272727272727,5.622914906774784
from_SLR,consistency,29,103,132,0.7803030303030303,5.609516311159467
from_SLR,consistency,29,104,132,0.7878787878787878,5.679169051420725
from_SLR,consistency,29,105,132,0.7954545454545454,5.6905934389569115
from_SLR,consistency,29,106,132,0.803030303030303,5.665915078404559
from_SLR,consistency,29,107,132,0.8106060606060606,5.681620560371996
from_SLR,consistency,29,108,132,0.8181818181818182,5.637861030626985
from_SLR,consistency,29,109,132,0.8257575757575758,5.63663251539498
from_SLR,consistency,29,110,132,0.8333333333333334,5.612744598733507
from_SLR,consistency,29,111,132,0.8409090909090909,5.591041253609594
from_SLR,consistency,29,112,132,0.8484848484848485,5.606085444197218
from_SLR,consistency,29,113,132,0.8560606060606061,5.6656221530021815
from_SLR,consistency,29,114,132,0.8636363636363636,5.69684981054866
from_SLR,consistency,29,115,132,0.8712121212121212,5.706928927554033
from_SLR,consistency,29,116,132,0.8787878787878788,5.702956060298844
from_SLR,consistency,29,117,132,0.8863636363636364,5.688370245215881
from_SLR,consistency,29,118,132,0.8939393939393939,5.737643673651796
from_SLR,consistency,29,119,132,0.9015151515151515,5.764921594188908
from_SLR,consistency,29,120,132,0.9090909090909091,5.776530063685473
from_SLR,consistency,29,121,132,0.9166666666666666,5.764606361116973
from_SLR,consistency,29,122,132,0.9242424242424242,5.81592220381201
from_SLR,consistency,29,123,132,0.9318181818181818,5.820083275915248
from_SLR,consistency,29,124,132,0.9393939393939394,5.810062662241082
from_SLR,consistency,29,125,132,0.946969696969697,5.873891286829778
from_SLR,consistency,29,126,132,0.9545454545454546,5.889057329499999
from_SLR,consistency,29,127,132,0.9621212121212122,5.920048191432799
from_SLR,consistency,29,128,132,0.9696969696969697,5.931703943590677
from_SLR,consistency,29,129,132,0.9772727272727273,5.948113439772215
from_SLR,consistency,29,130,132,0.9848484848484849,5.978196175742572
from_SLR,consistency,29,131,132,0.9924242424242424,6.031530129603096
from_SLR,consistency,29,132,132,1.0,6.052998717270076
from_SLR,consistency,43,1,132,0.007575757575757576,5.468611849263056
from_SLR,consistency,43,2,132,0.015151515151515152,4.660072737391558
from_SLR,consistency,43,3,132,0.022727272727272728,5.2526452492167826
from_SLR,consistency,43,4,132,0.030303030303030304,5.765790333114738
from_SLR,consistency,43,5,132,0.03787878787878788,5.674238552725991
from_SLR,consistency,43,6,132,0.045454545454545456,5.649782449290654
from_SLR,consistency,43,7,132,0.05303030303030303,5.590585588657611
from_SLR,consistency,43,8,132,0.06060606060606061,5.528879016601424
from_SLR,consistency,43,9,132,0.06818181818181818,5.894168289068062
from_SLR,consistency,43,10,132,0.07575757575757576,5.542620789110668
from_SLR,consistency,43,11,132,0.08333333333333333,5.175355862444078
from_SLR,consistency,43,12,132,0.09090909090909091,4.870144416612927
from_SLR,consistency,43,13,132,0.09848484848484848,5.227820632867539
from_SLR,consistency,43,14,132,0.10606060606060606,5.3810376971152305
from_SLR,consistency,43,15,132,0.11363636363636363,5.590078509652803
from_SLR,consistency,43,16,132,0.12121212121212122,5.6243386967712246
from_SLR,consistency,43,17,132,0.12878787878787878,5.557138552425235
from_SLR,consistency,43,18,132,0.13636363636363635,5.311461838104074
from_SLR,consistency,43,19,132,0.14393939393939395,5.169699205426691
from_SLR,consistency,43,20,132,0.15151515151515152,5.312182220590633
from_SLR,consistency,43,21,132,0.1590909090909091,5.426179075711989
from_SLR,consistency,43,22,132,0.16666666666666666,5.335261130453916
from_SLR,consistency,43,23,132,0.17424242424242425,5.2168348823342985
from_SLR,consistency,43,24,132,0.18181818181818182,5.261364502295989
from_SLR,consistency,43,25,132,0.1893939393939394,5.467626467653057
from_SLR,consistency,43,26,132,0.19696969696969696,5.588829977352573
from_SLR,consistency,43,27,132,0.20454545454545456,5.591460060200513
from_SLR,consistency,43,28,132,0.21212121212121213,5.4764088992274775
from_SLR,consistency,43,29,132,0.2196969696969697,5.556027886657917
from_SLR,consistency,43,30,132,0.22727272727272727,5.478791458261324
from_SLR,consistency,43,31,132,0.23484848484848486,5.384061729196067
from_SLR,consistency,43,32,132,0.24242424242424243,5.353290768606267
from_SLR,consistency,43,33,132,0.25,5.4799673329612295
from_SLR,consistency,43,34,132,0.25757575757575757,5.472790021943384
from_SLR,consistency,43,35,132,0.26515151515151514,5.448664907729157
from_SLR,consistency,43,36,132,0.2727272727272727,5.426841764866536
from_SLR,consistency,43,37,132,0.2803030303030303,5.358646934666021
from_SLR,consistency,43,38,132,0.2878787878787879,5.386654668220738
from_SLR,consistency,43,39,132,0.29545454545454547,5.359232749032094
from_SLR,consistency,43,40,132,0.30303030303030304,5.272137691145181
from_SLR,consistency,43,41,132,0.3106060606060606,5.347202263730827
from_SLR,consistency,43,42,132,0.3181818181818182,5.269711903944263
from_SLR,consistency,43,43,132,0.32575757575757575,5.181030455834179
from_SLR,consistency,43,44,132,0.3333333333333333,5.209955920541659
from_SLR,consistency,43,45,132,0.3409090909090909,5.158434726719044
from_SLR,consistency,43,46,132,0.3484848484848485,5.14548783819946
from_SLR,consistency,43,47,132,0.3560606060606061,5.11495223467214
from_SLR,consistency,43,48,132,0.36363636363636365,5.103740764374627
from_SLR,consistency,43,49,132,0.3712121212121212,5.238171408149048
from_SLR,consistency,43,50,132,0.3787878787878788,5.169140699960512
from_SLR,consistency,43,51,132,0.38636363636363635,5.136582456138627
from_SLR,consistency,43,52,132,0.3939393939393939,5.238525173058651
from_SLR,consistency,43,53,132,0.4015151515151515,5.328575374260398
from_SLR,consistency,43,54,132,0.4090909090909091,5.275994660920999
from_SLR,consistency,43,55,132,0.4166666666666667,5.271237188495426
from_SLR,consistency,43,56,132,0.42424242424242425,5.234583628713543
from_SLR,consistency,43,57,132,0.4318181818181818,5.216689644286322
from_SLR,consistency,43,58,132,0.4393939393939394,5.2865579127729925
from_SLR,consistency,43,59,132,0.44696969696969696,5.239098027416524
from_SLR,consistency,43,60,132,0.45454545454545453,5.212250578550733
from_SLR,consistency,43,61,132,0.4621212121212121,5.191495035277223
from_SLR,consistency,43,62,132,0.4696969696969697,5.157921542512838
from_SLR,consistency,43,63,132,0.4772727272727273,5.182942639460106
from_SLR,consistency,43,64,132,0.48484848484848486,5.258186114186007
from_SLR,consistency,43,65,132,0.49242424242424243,5.238451633390606
from_SLR,consistency,43,66,132,0.5,5.190068081628603
from_SLR,consistency,43,67,132,0.5075757575757576,5.161880866114034
from_SLR,consistency,43,68,132,0.5151515151515151,5.164367931163532
from_SLR,consistency,43,69,132,0.5227272727272727,5.182592731264675
from_SLR,consistency,43,70,132,0.5303030303030303,5.167048740424494
from_SLR,consistency,43,71,132,0.5378787878787878,5.204803078663782
from_SLR,consistency,43,72,132,0.5454545454545454,5.2442902313538795
from_SLR,consistency,43,73,132,0.553030303030303,5.196869076783859
from_SLR,consistency,43,74,132,0.5606060606060606,5.240671282884968
from_SLR,consistency,43,75,132,0.5681818181818182,5.305798617546674
from_SLR,consistency,43,76,132,0.5757575757575758,5.2862674147720865
from_SLR,consistency,43,77,132,0.5833333333333334,5.319219027525377
from_SLR,consistency,43,78,132,0.5909090909090909,5.290115517415881
from_SLR,consistency,43,79,132,0.5984848484848485,5.29074063655729
from_SLR,consistency,43,80,132,0.6060606060606061,5.315226710771702
from_SLR,consistency,43,81,132,0.6136363636363636,5.314122519355112
from_SLR,consistency,43,82,132,0.6212121212121212,5.293703967554996
from_SLR,consistency,43,83,132,0.6287878787878788,5.241425903008879
from_SLR,consistency,43,84,132,0.6363636363636364,5.233128933969329
from_SLR,consistency,43,85,132,0.6439393939393939,5.206482539344519
from_SLR,consistency,43,86,132,0.6515151515151515,5.16382587133572
from_SLR,consistency,43,87,132,0.6590909090909091,5.184687797194715
from_SLR,consistency,43,88,132,0.6666666666666666,5.163938212250191
from_SLR,consistency,43,89,132,0.6742424242424242,5.116512713943531
from_SLR,consistency,43,90,132,0.6818181818181818,5.078527529032271
from_SLR,consistency,43,91,132,0.6893939393939394,5.047215648908341
from_SLR,consistency,43,92,132,0.696969696969697,5.067097396592162
from_SLR,consistency,43,93,132,0.7045454545454546,5.0489448954095435
from_SLR,consistency,43,94,132,0.7121212121212122,5.009670534669267
from_SLR,consistency,43,95,132,0.7196969696969697,4.969728817161377
from_SLR,consistency,43,96,132,0.7272727272727273,4.984430543630235
from_SLR,consistency,43,97,132,0.7348484848484849,4.954053725202467
from_SLR,consistency,43,98,132,0.7424242424242424,4.929661639852175
from_SLR,consistency,43,99,132,0.75,4.916697691438183
from_SLR,consistency,43,100,132,0.7575757575757576,4.896673263721336
from_SLR,consistency,43,101,132,0.7651515151515151,4.890731388874613
from_SLR,consistency,43,102,132,0.7727272727272727,4.87284320912968
from_SLR,consistency,43,103,132,0.7803030303030303,4.851293494424344
from_SLR,consistency,43,104,132,0.7878787878787878,4.866549464163763
from_SLR,consistency,43,105,132,0.7954545454545454,4.844556551066082
from_SLR,consistency,43,106,132,0.803030303030303,4.831695404771195
from_SLR,consistency,43,107,132,0.8106060606060606,4.813759318939562
from_SLR,consistency,43,108,132,0.8181818181818182,4.799777320991478
from_SLR,consistency,43,109,132,0.8257575757575758,4.783100734632646
from_SLR,consistency,43,110,132,0.8333333333333334,4.778626386546629
from_SLR,consistency,43,111,132,0.8409090909090909,4.801658354735854
from_SLR,consistency,43,112,132,0.8484848484848485,4.774240721214681
from_SLR,consistency,43,113,132,0.8560606060606061,4.776413757564532
from_SLR,consistency,43,114,132,0.8636363636363636,4.756537478586
from_SLR,consistency,43,115,132,0.8712121212121212,4.7460266308201415
from_SLR,consistency,43,116,132,0.8787878787878788,4.744441725275336
from_SLR,consistency,43,117,132,0.8863636363636364,4.724686504245709
from_SLR,consistency,43,118,132,0.8939393939393939,4.756424965477611
from_SLR,consistency,43,119,132,0.9015151515151515,4.733214530315619
from_SLR,consistency,43,120,132,0.9090909090909091,4.756047292998779
from_SLR,consistency,43,121,132,0.9166666666666666,4.743594902398526
from_SLR,consistency,43,122,132,0.9242424242424242,4.725543344443673
from_SLR,consistency,43,123,132,0.9318181818181818,4.763076228033547
from_SLR,consistency,43,124,132,0.9393939393939394,4.791672542395094
from_SLR,consistency,43,125,132,0.946969696969697,4.807375892823594
from_SLR,consistency,43,126,132,0.9545454545454546,4.81548686906928
from_SLR,consistency,43,127,132,0.9621212121212122,4.785403355788466
from_SLR,consistency,43,128,132,0.9696969696969697,4.814596448348096
from_SLR,consistency,43,129,132,0.9772727272727273,4.829913368877212
from_SLR,consistency,43,130,132,0.9848484848484849,4.862662433461377
from_SLR,consistency,43,131,132,0.9924242424242424,4.919980257836717
from_SLR,consistency,43,132,132,1.0,5.008935570918395
from_SLR,individual,17,1,132,0.007575757575757576,5.373303390289189
from_SLR,individual,17,2,132,0.015151515151515152,3.8566307936662207
from_SLR,individual,17,3,132,0.022727272727272728,4.645976958306612
from_SLR,individual,17,4,132,0.030303030303030304,4.907044291062993
from_SLR,individual,17,5,132,0.03787878787878788,4.48142502882692
from_SLR,individual,17,6,132,0.045454545454545456,3.8776739561668996
from_SLR,individual,17,7,132,0.05303030303030303,4.490029343246667
from_SLR,individual,17,8,132,0.06060606060606061,4.242956597809575
from_SLR,individual,17,9,132,0.06818181818181818,4.26250059626408
from_SLR,individual,17,10,132,0.07575757575757576,4.358787269326772
from_SLR,individual,17,11,132,0.08333333333333333,4.662830171224326
from_SLR,individual,17,12,132,0.09090909090909091,4.846307078199495
from_SLR,individual,17,13,132,0.09848484848484848,5.251202945090804
from_SLR,individual,17,14,132,0.10606060606060606,5.36533456431644
from_SLR,individual,17,15,132,0.11363636363636363,5.3894535512065165
from_SLR,individual,17,16,132,0.12121212121212122,5.418813792757903
from_SLR,individual,17,17,132,0.12878787878787878,5.592511331536919
from_SLR,individual,17,18,132,0.13636363636363635,5.747926176424048
from_SLR,individual,17,19,132,0.14393939393939395,5.573997208934242
from_SLR,individual,17,20,132,0.15151515151515152,5.612705005298742
from_SLR,individual,17,21,132,0.1590909090909091,5.453375841576765
from_SLR,individual,17,22,132,0.16666666666666666,5.239140045254315
from_SLR,individual,17,23,132,0.17424242424242425,5.326566388127412
from_SLR,individual,17,24,132,0.18181818181818182,5.191516424215762
from_SLR,individual,17,25,132,0.1893939393939394,5.290927970694397
from_SLR,individual,17,26,132,0.19696969696969696,5.272320323023611
from_SLR,individual,17,27,132,0.20454545454545456,5.13757851053785
from_SLR,individual,17,28,132,0.21212121212121213,5.222200029202157
from_SLR,individual,17,29,132,0.2196969696969697,5.198710228450056
from_SLR,individual,17,30,132,0.22727272727272727,5.212936100610721
from_SLR,individual,17,31,132,0.23484848484848486,5.261874085781086
from_SLR,individual,17,32,132,0.24242424242424243,5.288215116306836
from_SLR,individual,17,33,132,0.25,5.175035472814613
from_SLR,individual,17,34,132,0.25757575757575757,5.1140766198762355
from_SLR,individual,17,35,132,0.26515151515151514,5.031690310144807
from_SLR,individual,17,36,132,0.2727272727272727,4.973858628068209
from_SLR,individual,17,37,132,0.2803030303030303,4.993054889590914
from_SLR,individual,17,38,132,0.2878787878787879,5.065268873249202
from_SLR,individual,17,39,132,0.29545454545454547,5.24612253114137
from_SLR,individual,17,40,132,0.30303030303030304,5.20086832197134
from_SLR,individual,17,41,132,0.3106060606060606,5.154090750210863
from_SLR,individual,17,42,132,0.3181818181818182,5.0710024787844885
from_SLR,individual,17,43,132,0.32575757575757575,4.986819402163229
from_SLR,individual,17,44,132,0.3333333333333333,4.9983896183557865
from_SLR,individual,17,45,132,0.3409090909090909,4.963474809182337
from_SLR,individual,17,46,132,0.3484848484848485,4.998036691381027
from_SLR,individual,17,47,132,0.3560606060606061,5.019533308261397
from_SLR,individual,17,48,132,0.36363636363636365,5.137155949720506
from_SLR,individual,17,49,132,0.3712121212121212,5.051755371840139
from_SLR,individual,17,50,132,0.3787878787878788,5.064174682645833
from_SLR,individual,17,51,132,0.38636363636363635,4.996824621061291
from_SLR,individual,17,52,132,0.3939393939393939,5.0128796101878565
from_SLR,individual,17,53,132,0.4015151515151515,4.976593822308082
from_SLR,individual,17,54,132,0.4090909090909091,4.978946300541309
from_SLR,individual,17,55,132,0.4166666666666667,4.9129568211510835
from_SLR,individual,17,56,132,0.42424242424242425,4.880789893240026
from_SLR,individual,17,57,132,0.4318181818181818,4.885632551071785
from_SLR,individual,17,58,132,0.4393939393939394,4.824969549428263
from_SLR,individual,17,59,132,0.44696969696969696,4.811590291169989
from_SLR,individual,17,60,132,0.45454545454545453,4.833539155210308
from_SLR,individual,17,61,132,0.4621212121212121,4.912855209364008
from_SLR,individual,17,62,132,0.4696969696969697,4.8935725857412296
from_SLR,individual,17,63,132,0.4772727272727273,4.832170443448699
from_SLR,individual,17,64,132,0.48484848484848486,4.851218157791493
from_SLR,individual,17,65,132,0.49242424242424243,4.899697412793794
from_SLR,individual,17,66,132,0.5,4.882177030962328
from_SLR,individual,17,67,132,0.5075757575757576,4.936049016530577
from_SLR,individual,17,68,132,0.5151515151515151,4.91737134600406
from_SLR,individual,17,69,132,0.5227272727272727,4.8897063633125715
from_SLR,individual,17,70,132,0.5303030303030303,4.928521460205776
from_SLR,individual,17,71,132,0.5378787878787878,4.910735040147861
from_SLR,individual,17,72,132,0.5454545454545454,4.876404711589119
from_SLR,individual,17,73,132,0.553030303030303,4.86005831450589
from_SLR,individual,17,74,132,0.5606060606060606,4.870463245037111
from_SLR,individual,17,75,132,0.5681818181818182,4.915015807854393
from_SLR,individual,17,76,132,0.5757575757575758,4.977245070821897
from_SLR,individual,17,77,132,0.5833333333333334,4.944974881048996
from_SLR,individual,17,78,132,0.5909090909090909,4.893007021843096
from_SLR,individual,17,79,132,0.5984848484848485,4.927415908078723
from_SLR,individual,17,80,132,0.6060606060606061,4.915726979695307
from_SLR,individual,17,81,132,0.6136363636363636,4.944451421963959
from_SLR,individual,17,82,132,0.6212121212121212,4.990240990555979
from_SLR,individual,17,83,132,0.6287878787878788,4.999516758286085
from_SLR,individual,17,84,132,0.6363636363636364,4.950884033407256
from_SLR,individual,17,85,132,0.6439393939393939,4.95684515870616
from_SLR,individual,17,86,132,0.6515151515151515,4.923852879601937
from_SLR,individual,17,87,132,0.6590909090909091,4.917764322451379
from_SLR,individual,17,88,132,0.6666666666666666,4.9352927814302285
from_SLR,individual,17,89,132,0.6742424242424242,4.894660442400198
from_SLR,individual,17,90,132,0.6818181818181818,4.871148744137343
from_SLR,individual,17,91,132,0.6893939393939394,4.865795464917753
from_SLR,individual,17,92,132,0.696969696969697,4.858489957715369
from_SLR,individual,17,93,132,0.7045454545454546,4.835444680477677
from_SLR,individual,17,94,132,0.7121212121212122,4.851877948871989
from_SLR,individual,17,95,132,0.7196969696969697,4.847109776345531
from_SLR,individual,17,96,132,0.7272727272727273,4.816250510524321
from_SLR,individual,17,97,132,0.7348484848484849,4.803562594743173
from_SLR,individual,17,98,132,0.7424242424242424,4.834269637863246
from_SLR,individual,17,99,132,0.75,4.822867377399757
from_SLR,individual,17,100,132,0.7575757575757576,4.837355454805413
from_SLR,individual,17,101,132,0.7651515151515151,4.827160265866231
from_SLR,individual,17,102,132,0.7727272727272727,4.813665112789198
from_SLR,individual,17,103,132,0.7803030303030303,4.8056612685908595
from_SLR,individual,17,104,132,0.7878787878787878,4.7907895331764925
from_SLR,individual,17,105,132,0.7954545454545454,4.770776246224875
from_SLR,individual,17,106,132,0.803030303030303,4.786867113139592
from_SLR,individual,17,107,132,0.8106060606060606,4.753398897043538
from_SLR,individual,17,108,132,0.8181818181818182,4.749263505985863
from_SLR,individual,17,109,132,0.8257575757575758,4.7290824316622775
from_SLR,individual,17,110,132,0.8333333333333334,4.698336344315855
from_SLR,individual,17,111,132,0.8409090909090909,4.668207145219546
from_SLR,individual,17,112,132,0.8484848484848485,4.6857524032855045
from_SLR,individual,17,113,132,0.8560606060606061,4.680148985249214
from_SLR,individual,17,114,132,0.8636363636363636,4.6582728450033315
from_SLR,individual,17,115,132,0.8712121212121212,4.693683788592802
from_SLR,individual,17,116,132,0.8787878787878788,4.696304439861373
from_SLR,individual,17,117,132,0.8863636363636364,4.677387419627302
from_SLR,individual,17,118,132,0.8939393939393939,4.6806282860351445
from_SLR,individual,17,119,132,0.9015151515151515,4.664487262901512
from_SLR,individual,17,120,132,0.9090909090909091,4.665212005234214
from_SLR,individual,17,121,132,0.9166666666666666,4.691772966948146
from_SLR,individual,17,122,132,0.9242424242424242,4.726812032170111
from_SLR,individual,17,123,132,0.9318181818181818,4.712454022241526
from_SLR,individual,17,124,132,0.9393939393939394,4.74876513488616
from_SLR,individual,17,125,132,0.946969696969697,4.7687281690049295
from_SLR,individual,17,126,132,0.9545454545454546,4.788950850351373
from_SLR,individual,17,127,132,0.9621212121212122,4.825513833980086
from_SLR,individual,17,128,132,0.9696969696969697,4.841297543041372
from_SLR,individual,17,129,132,0.9772727272727273,4.868796120280017
from_SLR,individual,17,130,132,0.9848484848484849,4.8956554745657614
from_SLR,individual,17,131,132,0.9924242424242424,4.948804550107984
from_SLR,individual,17,132,132,1.0,4.997531326861925
from_SLR,individual,29,1,132,0.007575757575757576,5.832054950479856
from_SLR,individual,29,2,132,0.015151515151515152,4.7908872502597335
from_SLR,individual,29,3,132,0.022727272727272728,7.045074203613415
from_SLR,individual,29,4,132,0.030303030303030304,6.522347136001449
from_SLR,individual,29,5,132,0.03787878787878788,6.848146019895085
from_SLR,individual,29,6,132,0.045454545454545456,6.112406919698341
from_SLR,individual,29,7,132,0.05303030303030303,5.614836211510548
from_SLR,individual,29,8,132,0.06060606060606061,5.7861724382118105
from_SLR,individual,29,9,132,0.06818181818181818,6.291303944228857
from_SLR,individual,29,10,132,0.07575757575757576,6.392360031940471
from_SLR,individual,29,11,132,0.08333333333333333,6.285687404492646
from_SLR,individual,29,12,132,0.09090909090909091,5.919047593473093
from_SLR,individual,29,13,132,0.09848484848484848,5.641835484002309
from_SLR,individual,29,14,132,0.10606060606060606,5.384837761576286
from_SLR,individual,29,15,132,0.11363636363636363,5.561166074886592
from_SLR,individual,29,16,132,0.12121212121212122,5.7963083370010615
from_SLR,individual,29,17,132,0.12878787878787878,5.860982255960221
from_SLR,individual,29,18,132,0.13636363636363635,5.916921770608641
from_SLR,individual,29,19,132,0.14393939393939395,5.916906655059438
from_SLR,individual,29,20,132,0.15151515151515152,5.882476106679458
from_SLR,individual,29,21,132,0.1590909090909091,5.882285132494464
from_SLR,individual,29,22,132,0.16666666666666666,6.022808067339432
from_SLR,individual,29,23,132,0.17424242424242425,5.937137086447729
from_SLR,individual,29,24,132,0.18181818181818182,6.003609952968244
from_SLR,individual,29,25,132,0.1893939393939394,5.818265912560212
from_SLR,individual,29,26,132,0.19696969696969696,5.81277240531287
from_SLR,individual,29,27,132,0.20454545454545456,5.725109170520058
from_SLR,individual,29,28,132,0.21212121212121213,5.646032965913755
from_SLR,individual,29,29,132,0.2196969696969697,5.693361680317594
from_SLR,individual,29,30,132,0.22727272727272727,5.7808426460752145
from_SLR,individual,29,31,132,0.23484848484848486,5.93862790622695
from_SLR,individual,29,32,132,0.24242424242424243,5.89364826933725
from_SLR,individual,29,33,132,0.25,5.8808951382307315
from_SLR,individual,29,34,132,0.25757575757575757,5.859294404342587
from_SLR,individual,29,35,132,0.26515151515151514,6.009857159707614
from_SLR,individual,29,36,132,0.2727272727272727,6.009793796412283
from_SLR,individual,29,37,132,0.2803030303030303,5.933577505050384
from_SLR,individual,29,38,132,0.2878787878787879,5.864329356632008
from_SLR,individual,29,39,132,0.29545454545454547,5.937603482198595
from_SLR,individual,29,40,132,0.30303030303030304,5.864936667500007
from_SLR,individual,29,41,132,0.3106060606060606,6.080368013570991
from_SLR,individual,29,42,132,0.3181818181818182,6.007340786582142
from_SLR,individual,29,43,132,0.32575757575757575,6.073674889817788
from_SLR,individual,29,44,132,0.3333333333333333,6.220107053926866
from_SLR,individual,29,45,132,0.3409090909090909,6.272913334079816
from_SLR,individual,29,46,132,0.3484848484848485,6.241983995619479
from_SLR,individual,29,47,132,0.3560606060606061,6.2019933359939285
from_SLR,individual,29,48,132,0.36363636363636365,6.17764442206418
from_SLR,individual,29,49,132,0.3712121212121212,6.139495996356626
from_SLR,individual,29,50,132,0.3787878787878788,6.122211942024714
from_SLR,individual,29,51,132,0.38636363636363635,6.105051368564356
from_SLR,individual,29,52,132,0.3939393939393939,6.148225966354742
from_SLR,individual,29,53,132,0.4015151515151515,6.056549764290458
from_SLR,individual,29,54,132,0.4090909090909091,5.995297422999063
from_SLR,individual,29,55,132,0.4166666666666667,6.015574689214136
from_SLR,individual,29,56,132,0.42424242424242425,6.080612008906821
from_SLR,individual,29,57,132,0.4318181818181818,6.08641286160867
from_SLR,individual,29,58,132,0.4393939393939394,6.118174662127024
from_SLR,individual,29,59,132,0.44696969696969696,6.142115578214812
from_SLR,individual,29,60,132,0.45454545454545453,6.135424139265084
from_SLR,individual,29,61,132,0.4621212121212121,6.180778441536731
from_SLR,individual,29,62,132,0.4696969696969697,6.248948434148509
from_SLR,individual,29,63,132,0.4772727272727273,6.286312467361442
from_SLR,individual,29,64,132,0.48484848484848486,6.273972944652571
from_SLR,individual,29,65,132,0.49242424242424243,6.215288445144121
from_SLR,individual,29,66,132,0.5,6.169635943924492
from_SLR,individual,29,67,132,0.5075757575757576,6.168719823543394
from_SLR,individual,29,68,132,0.5151515151515151,6.158420730864861
from_SLR,individual,29,69,132,0.5227272727272727,6.105173689781075
from_SLR,individual,29,70,132,0.5303030303030303,6.115565038400172
from_SLR,individual,29,71,132,0.5378787878787878,6.053682089249663
from_SLR,individual,29,72,132,0.5454545454545454,6.078865700312246
from_SLR,individual,29,73,132,0.553030303030303,6.080880060787626
from_SLR,individual,29,74,132,0.5606060606060606,6.0231338988551
from_SLR,individual,29,75,132,0.5681818181818182,5.9869806575698865
from_SLR,individual,29,76,132,0.5757575757575758,5.981462044605303
from_SLR,individual,29,77,132,0.5833333333333334,6.034914370676717
from_SLR,individual,29,78,132,0.5909090909090909,5.964198317163282
from_SLR,individual,29,79,132,0.5984848484848485,5.923575879759766
from_SLR,individual,29,80,132,0.6060606060606061,5.9223484733436145
from_SLR,individual,29,81,132,0.6136363636363636,5.85929414715996
from_SLR,individual,29,82,132,0.6212121212121212,5.802414221023347
from_SLR,individual,29,83,132,0.6287878787878788,5.799839245349406
from_SLR,individual,29,84,132,0.6363636363636364,5.744960546274311
from_SLR,individual,29,85,132,0.6439393939393939,5.789415356240384
from_SLR,individual,29,86,132,0.6515151515151515,5.799569789103501
from_SLR,individual,29,87,132,0.6590909090909091,5.768142348592412
from_SLR,individual,29,88,132,0.6666666666666666,5.75391945086141
from_SLR,individual,29,89,132,0.6742424242424242,5.703770090901031
from_SLR,individual,29,90,132,0.6818181818181818,5.757324799346237
from_SLR,individual,29,91,132,0.6893939393939394,5.724078337157457
from_SLR,individual,29,92,132,0.696969696969697,5.728285642334183
from_SLR,individual,29,93,132,0.7045454545454546,5.741184428659654
from_SLR,individual,29,94,132,0.7121212121212122,5.760618213616817
from_SLR,individual,29,95,132,0.7196969696969697,5.728002558389672
from_SLR,individual,29,96,132,0.7272727272727273,5.691456938829479
from_SLR,individual,29,97,132,0.7348484848484849,5.656118793961035
from_SLR,individual,29,98,132,0.7424242424242424,5.678010528441351
from_SLR,individual,29,99,132,0.75,5.66354600346588
from_SLR,individual,29,100,132,0.7575757575757576,5.70108547222674
from_SLR,individual,29,101,132,0.7651515151515151,5.703697578283939
from_SLR,individual,29,102,132,0.7727272727272727,5.6606612121684154
from_SLR,individual,29,103,132,0.7803030303030303,5.620901508725948
from_SLR,individual,29,104,132,0.7878787878787878,5.602160326548498
from_SLR,individual,29,105,132,0.7954545454545454,5.557552544868086
from_SLR,individual,29,106,132,0.803030303030303,5.525746454020101
from_SLR,individual,29,107,132,0.8106060606060606,5.499083558624065
from_SLR,individual,29,108,132,0.8181818181818182,5.4842819983853826
from_SLR,individual,29,109,132,0.8257575757575758,5.475142877572644
from_SLR,individual,29,110,132,0.8333333333333334,5.44677273460032
from_SLR,individual,29,111,132,0.8409090909090909,5.4466192109630684
from_SLR,individual,29,112,132,0.8484848484848485,5.481823332751416
from_SLR,individual,29,113,132,0.8560606060606061,5.45982868725141
from_SLR,individual,29,114,132,0.8636363636363636,5.445466140067632
from_SLR,individual,29,115,132,0.8712121212121212,5.409919000114785
from_SLR,individual,29,116,132,0.8787878787878788,5.412083205773724
from_SLR,individual,29,117,132,0.8863636363636364,5.40366880678618
from_SLR,individual,29,118,132,0.8939393939393939,5.3798676043573685
from_SLR,individual,29,119,132,0.9015151515151515,5.365077006025609
from_SLR,individual,29,120,132,0.9090909090909091,5.348563750053025
from_SLR,individual,29,121,132,0.9166666666666666,5.330013922335529
from_SLR,individual,29,122,132,0.9242424242424242,5.328795736970625
from_SLR,individual,29,123,132,0.9318181818181818,5.297172105973695
from_SLR,individual,29,124,132,0.9393939393939394,5.292043292163035
from_SLR,individual,29,125,132,0.946969696969697,5.2980790141182625
from_SLR,individual,29,126,132,0.9545454545454546,5.288544779517927
from_SLR,individual,29,127,132,0.9621212121212122,5.28263090518307
from_SLR,individual,29,128,132,0.9696969696969697,5.269234889860237
from_SLR,individual,29,129,132,0.9772727272727273,5.253598278446989
from_SLR,individual,29,130,132,0.9848484848484849,5.259809838474967
from_SLR,individual,29,131,132,0.9924242424242424,5.248281832465059
from_SLR,individual,29,132,132,1.0,5.241651870121401
from_SLR,individual,43,1,132,0.007575757575757576,6.065144548021952
from_SLR,individual,43,2,132,0.015151515151515152,8.017195004766778
from_SLR,individual,43,3,132,0.022727272727272728,6.08669918734459
from_SLR,individual,43,4,132,0.030303030303030304,6.372928881285937
from_SLR,individual,43,5,132,0.03787878787878788,5.631515710202298
from_SLR,individual,43,6,132,0.045454545454545456,5.5826627067135055
from_SLR,individual,43,7,132,0.05303030303030303,4.94323758092107
from_SLR,individual,43,8,132,0.06060606060606061,5.503733010752681
from_SLR,individual,43,9,132,0.06818181818181818,5.644594256819219
from_SLR,individual,43,10,132,0.07575757575757576,5.993243243575616
from_SLR,individual,43,11,132,0.08333333333333333,5.495095401240709
from_SLR,individual,43,12,132,0.09090909090909091,5.288098508725211
from_SLR,individual,43,13,132,0.09848484848484848,5.365747909283626
from_SLR,individual,43,14,132,0.10606060606060606,5.170833172917477
from_SLR,individual,43,15,132,0.11363636363636363,5.353446947180322
from_SLR,individual,43,16,132,0.12121212121212122,5.303776329943421
from_SLR,individual,43,17,132,0.12878787878787878,5.399242048647902
from_SLR,individual,43,18,132,0.13636363636363635,5.489725776053775
from_SLR,individual,43,19,132,0.14393939393939395,5.294026770179568
from_SLR,individual,43,20,132,0.15151515151515152,5.176519164406509
from_SLR,individual,43,21,132,0.1590909090909091,5.182436318619183
from_SLR,individual,43,22,132,0.16666666666666666,5.072707798820844
from_SLR,individual,43,23,132,0.17424242424242425,5.204314390161079
from_SLR,individual,43,24,132,0.18181818181818182,5.009865631828682
from_SLR,individual,43,25,132,0.1893939393939394,4.911500717445565
from_SLR,individual,43,26,132,0.19696969696969696,4.940726664642397
from_SLR,individual,43,27,132,0.20454545454545456,4.876973621990822
from_SLR,individual,43,28,132,0.21212121212121213,4.790907645348514
from_SLR,individual,43,29,132,0.2196969696969697,4.873052186597259
from_SLR,individual,43,30,132,0.22727272727272727,4.773903422076037
from_SLR,individual,43,31,132,0.23484848484848486,4.725815479833786
from_SLR,individual,43,32,132,0.24242424242424243,4.720065745774583
from_SLR,individual,43,33,132,0.25,4.681605528899516
from_SLR,individual,43,34,132,0.25757575757575757,4.784951342473563
from_SLR,individual,43,35,132,0.26515151515151514,4.759043214095337
from_SLR,individual,43,36,132,0.2727272727272727,4.919516527689522
from_SLR,individual,43,37,132,0.2803030303030303,4.935346482329076
from_SLR,individual,43,38,132,0.2878787878787879,4.940634135975616
from_SLR,individual,43,39,132,0.29545454545454547,4.975774352134456
from_SLR,individual,43,40,132,0.30303030303030304,4.998820619423419
from_SLR,individual,43,41,132,0.3106060606060606,5.01063667320112
from_SLR,individual,43,42,132,0.3181818181818182,5.067644100924217
from_SLR,individual,43,43,132,0.32575757575757575,5.204119744824848
from_SLR,individual,43,44,132,0.3333333333333333,5.204829861008276
from_SLR,individual,43,45,132,0.3409090909090909,5.25883856158642
from_SLR,individual,43,46,132,0.3484848484848485,5.320927074713909
from_SLR,individual,43,47,132,0.3560606060606061,5.458706558927462
from_SLR,individual,43,48,132,0.36363636363636365,5.4390461639541146
from_SLR,individual,43,49,132,0.3712121212121212,5.444333192927119
from_SLR,individual,43,50,132,0.3787878787878788,5.5188925095455525
from_SLR,individual,43,51,132,0.38636363636363635,5.438163468456586
from_SLR,individual,43,52,132,0.3939393939393939,5.435642347249216
from_SLR,individual,43,53,132,0.4015151515151515,5.4077300766275584
from_SLR,individual,43,54,132,0.4090909090909091,5.3967429968546705
from_SLR,individual,43,55,132,0.4166666666666667,5.386999368865487
from_SLR,individual,43,56,132,0.42424242424242425,5.4036892842225495
from_SLR,individual,43,57,132,0.4318181818181818,5.434876421461165
from_SLR,individual,43,58,132,0.4393939393939394,5.394636433343159
from_SLR,individual,43,59,132,0.44696969696969696,5.396036495703542
from_SLR,individual,43,60,132,0.45454545454545453,5.4568057003464165
from_SLR,individual,43,61,132,0.4621212121212121,5.52285943954282
from_SLR,individual,43,62,132,0.4696969696969697,5.476827935103308
from_SLR,individual,43,63,132,0.4772727272727273,5.548366278859293
from_SLR,individual,43,64,132,0.48484848484848486,5.514923466684774
from_SLR,individual,43,65,132,0.49242424242424243,5.541937002056936
from_SLR,individual,43,66,132,0.5,5.496884243668574
from_SLR,individual,43,67,132,0.5075757575757576,5.430868368430806
from_SLR,individual,43,68,132,0.5151515151515151,5.40076080821832
from_SLR,individual,43,69,132,0.5227272727272727,5.392424772826584
from_SLR,individual,43,70,132,0.5303030303030303,5.357144644455064
from_SLR,individual,43,71,132,0.5378787878787878,5.322970156116785
from_SLR,individual,43,72,132,0.5454545454545454,5.374413936776912
from_SLR,individual,43,73,132,0.553030303030303,5.424803631225109
from_SLR,individual,43,74,132,0.5606060606060606,5.487492488164938
from_SLR,individual,43,75,132,0.5681818181818182,5.437216030523689
from_SLR,individual,43,76,132,0.5757575757575758,5.449983023935111
from_SLR,individual,43,77,132,0.5833333333333334,5.464217375392674
from_SLR,individual,43,78,132,0.5909090909090909,5.4010323944954495
from_SLR,individual,43,79,132,0.5984848484848485,5.418059006434405
from_SLR,individual,43,80,132,0.6060606060606061,5.4184774816918
from_SLR,individual,43,81,132,0.6136363636363636,5.367584093401064
from_SLR,individual,43,82,132,0.6212121212121212,5.360642268853505
from_SLR,individual,43,83,132,0.6287878787878788,5.343594940930545
from_SLR,individual,43,84,132,0.6363636363636364,5.338276778980714
from_SLR,individual,43,85,132,0.6439393939393939,5.347797842404872
from_SLR,individual,43,86,132,0.6515151515151515,5.320469734755904
from_SLR,individual,43,87,132,0.6590909090909091,5.262833352887579
from_SLR,individual,43,88,132,0.6666666666666666,5.260430536524596
from_SLR,individual,43,89,132,0.6742424242424242,5.215148702219454
from_SLR,individual,43,90,132,0.6818181818181818,5.234109918450423
from_SLR,individual,43,91,132,0.6893939393939394,5.238623668232378
from_SLR,individual,43,92,132,0.696969696969697,5.1915126306260415
from_SLR,individual,43,93,132,0.7045454545454546,5.209696661123577
from_SLR,individual,43,94,132,0.7121212121212122,5.174135402921366
from_SLR,individual,43,95,132,0.7196969696969697,5.173861246686765
from_SLR,individual,43,96,132,0.7272727272727273,5.199385755562987
from_SLR,individual,43,97,132,0.7348484848484849,5.161962820714171
from_SLR,individual,43,98,132,0.7424242424242424,5.123967309513047
from_SLR,individual,43,99,132,0.75,5.091198628271442
from_SLR,individual,43,100,132,0.7575757575757576,5.057055910572112
from_SLR,individual,43,101,132,0.7651515151515151,5.022368637264487
from_SLR,individual,43,102,132,0.7727272727272727,4.990123006895044
from_SLR,individual,43,103,132,0.7803030303030303,5.006074328453779
from_SLR,individual,43,104,132,0.7878787878787878,5.041869514389636
from_SLR,individual,43,105,132,0.7954545454545454,5.0239027971539185
from_SLR,individual,43,106,132,0.803030303030303,5.01350218466284
from_SLR,individual,43,107,132,0.8106060606060606,5.0162227296964215
from_SLR,individual,43,108,132,0.8181818181818182,4.999914484164928
from_SLR,individual,43,109,132,0.8257575757575758,4.993864280803277
from_SLR,individual,43,110,132,0.8333333333333334,4.99100408534232
from_SLR,individual,43,111,132,0.8409090909090909,4.978084701620997
from_SLR,individual,43,112,132,0.8484848484848485,4.979974375541732
from_SLR,individual,43,113,132,0.8560606060606061,4.946802560812468
from_SLR,individual,43,114,132,0.8636363636363636,4.917287791977739
from_SLR,individual,43,115,132,0.8712121212121212,4.904932543145036
from_SLR,individual,43,116,132,0.8787878787878788,4.9006815740479714
from_SLR,individual,43,117,132,0.8863636363636364,4.892199979012659
from_SLR,individual,43,118,132,0.8939393939393939,4.8771093641953565
from_SLR,individual,43,119,132,0.9015151515151515,4.8739812683054575
from_SLR,individual,43,120,132,0.9090909090909091,4.84914319409751
from_SLR,individual,43,121,132,0.9166666666666666,4.843227215753569
from_SLR,individual,43,122,132,0.9242424242424242,4.864563325403175
from_SLR,individual,43,123,132,0.9318181818181818,4.853260787051622
from_SLR,individual,43,124,132,0.9393939393939394,4.8545675272205715
from_SLR,individual,43,125,132,0.946969696969697,4.847956577463342
from_SLR,individual,43,126,132,0.9545454545454546,4.836741940692164
from_SLR,individual,43,127,132,0.9621212121212122,4.834769799804134
from_SLR,individual,43,128,132,0.9696969696969697,4.8404159469851775
from_SLR,individual,43,129,132,0.9772727272727273,4.833078012199582
from_SLR,individual,43,130,132,0.9848484848484849,4.828882121474558
from_SLR,individual,43,131,132,0.9924242424242424,4.817528888769831
from_SLR,individual,43,132,132,1.0,4.8187258491070795
from_SLR,shared_half,17,1,132,0.007575757575757576,4.050000687158849
from_SLR,shared_half,17,2,132,0.015151515151515152,7.267397559982898
from_SLR,shared_half,17,3,132,0.022727272727272728,6.628460935961486
from_SLR,shared_half,17,4,132,0.030303030303030304,6.713531120967645
from_SLR,shared_half,17,5,132,0.03787878787878788,6.58979797854956
from_SLR,shared_half,17,6,132,0.045454545454545456,6.183847862927724
from_SLR,shared_half,17,7,132,0.05303030303030303,6.2500321015783555
from_SLR,shared_half,17,8,132,0.06060606060606061,5.7014059036040186
from_SLR,shared_half,17,9,132,0.06818181818181818,5.6120266733192805
from_SLR,shared_half,17,10,132,0.07575757575757576,5.5554966001712245
from_SLR,shared_half,17,11,132,0.08333333333333333,5.893652785045972
from_SLR,shared_half,17,12,132,0.09090909090909091,6.030967500717554
from_SLR,shared_half,17,13,132,0.09848484848484848,6.346067079029419
from_SLR,shared_half,17,14,132,0.10606060606060606,6.2961297305680946
from_SLR,shared_half,17,15,132,0.11363636363636363,6.557309924386552
from_SLR,shared_half,17,16,132,0.12121212121212122,6.534208573117051
from_SLR,shared_half,17,17,132,0.12878787878787878,6.509192225215709
from_SLR,shared_half,17,18,132,0.13636363636363635,6.279567190443822
from_SLR,shared_half,17,19,132,0.14393939393939395,6.375079819436627
from_SLR,shared_half,17,20,132,0.15151515151515152,6.3501488525215155
from_SLR,shared_half,17,21,132,0.1590909090909091,6.182880040294874
from_SLR,shared_half,17,22,132,0.16666666666666666,6.066229103329274
from_SLR,shared_half,17,23,132,0.17424242424242425,6.062997885274524
from_SLR,shared_half,17,24,132,0.18181818181818182,6.144220109753099
from_SLR,shared_half,17,25,132,0.1893939393939394,6.037989243832891
from_SLR,shared_half,17,26,132,0.19696969696969696,5.842826589411974
from_SLR,shared_half,17,27,132,0.20454545454545456,5.681447767468468
from_SLR,shared_half,17,28,132,0.21212121212121213,5.621917524240128
from_SLR,shared_half,17,29,132,0.2196969696969697,5.712183901454759
from_SLR,shared_half,17,30,132,0.22727272727272727,5.692447115425744
from_SLR,shared_half,17,31,132,0.23484848484848486,5.673744661901605
from_SLR,shared_half,17,32,132,0.24242424242424243,5.649260521510634
from_SLR,shared_half,17,33,132,0.25,5.683484607799118
from_SLR,shared_half,17,34,132,0.25757575757575757,5.646781982172481
from_SLR,shared_half,17,35,132,0.26515151515151514,5.581567008171025
from_SLR,shared_half,17,36,132,0.2727272727272727,5.583806561779512
from_SLR,shared_half,17,37,132,0.2803030303030303,5.629638318325465
from_SLR,shared_half,17,38,132,0.2878787878787879,5.827113705682447
from_SLR,shared_half,17,39,132,0.29545454545454547,5.7763759588831975
from_SLR,shared_half,17,40,132,0.30303030303030304,5.697510965024675
from_SLR,shared_half,17,41,132,0.3106060606060606,5.693829512308966
from_SLR,shared_half,17,42,132,0.3181818181818182,5.607027643110511
from_SLR,shared_half,17,43,132,0.32575757575757575,5.569913674951342
from_SLR,shared_half,17,44,132,0.3333333333333333,5.488675965566478
from_SLR,shared_half,17,45,132,0.3409090909090909,5.385032117059532
from_SLR,shared_half,17,46,132,0.3484848484848485,5.324260960980959
from_SLR,shared_half,17,47,132,0.3560606060606061,5.349043609436773
from_SLR,shared_half,17,48,132,0.36363636363636365,5.488688615553706
from_SLR,shared_half,17,49,132,0.3712121212121212,5.398757506779633
from_SLR,shared_half,17,50,132,0.3787878787878788,5.395187437693686
from_SLR,shared_half,17,51,132,0.38636363636363635,5.371197235709676
from_SLR,shared_half,17,52,132,0.3939393939393939,5.388163117490833
from_SLR,shared_half,17,53,132,0.4015151515151515,5.3173373248421765
from_SLR,shared_half,17,54,132,0.4090909090909091,5.306802344493228
from_SLR,shared_half,17,55,132,0.4166666666666667,5.2200252789204225
from_SLR,shared_half,17,56,132,0.42424242424242425,5.2189908945382175
from_SLR,shared_half,17,57,132,0.4318181818181818,5.178304273698287
from_SLR,shared_half,17,58,132,0.4393939393939394,5.169236018215399
from_SLR,shared_half,17,59,132,0.44696969696969696,5.195766592591069
from_SLR,shared_half,17,60,132,0.45454545454545453,5.1567765692089464
from_SLR,shared_half,17,61,132,0.4621212121212121,5.127831664726974
from_SLR,shared_half,17,62,132,0.4696969696969697,5.117778069456177
from_SLR,shared_half,17,63,132,0.4772727272727273,5.130093120260974
from_SLR,shared_half,17,64,132,0.48484848484848486,5.137845784892293
from_SLR,shared_half,17,65,132,0.49242424242424243,5.2218821563263536
from_SLR,shared_half,17,66,132,0.5,5.170359540918833
from_SLR,shared_half,17,67,132,0.5075757575757576,5.210566726492201
from_SLR,shared_half,17,68,132,0.5151515151515151,5.250018045646522
from_SLR,shared_half,17,69,132,0.5227272727272727,5.209833841203321
from_SLR,shared_half,17,70,132,0.5303030303030303,5.248615131548203
from_SLR,shared_half,17,71,132,0.5378787878787878,5.230361273853398
from_SLR,shared_half,17,72,132,0.5454545454545454,5.195251689267664
from_SLR,shared_half,17,73,132,0.553030303030303,5.26235543401922
from_SLR,shared_half,17,74,132,0.5606060606060606,5.250292084953962
from_SLR,shared_half,17,75,132,0.5681818181818182,5.314757345104684
from_SLR,shared_half,17,76,132,0.5757575757575758,5.2977283398583745
from_SLR,shared_half,17,77,132,0.5833333333333334,5.345354132834622
from_SLR,shared_half,17,78,132,0.5909090909090909,5.365421435403704
from_SLR,shared_half,17,79,132,0.5984848484848485,5.337825766150776
from_SLR,shared_half,17,80,132,0.6060606060606061,5.330527326190876
from_SLR,shared_half,17,81,132,0.6136363636363636,5.377244711032798
from_SLR,shared_half,17,82,132,0.6212121212121212,5.357997216235758
from_SLR,shared_half,17,83,132,0.6287878787878788,5.34619351339846
from_SLR,shared_half,17,84,132,0.6363636363636364,5.382414514347073
from_SLR,shared_half,17,85,132,0.6439393939393939,5.331355159638093
from_SLR,shared_half,17,86,132,0.6515151515151515,5.351362819341958
from_SLR,shared_half,17,87,132,0.6590909090909091,5.299165039606886
from_SLR,shared_half,17,88,132,0.6666666666666666,5.335641440637215
from_SLR,shared_half,17,89,132,0.6742424242424242,5.321026828648896
from_SLR,shared_half,17,90,132,0.6818181818181818,5.32801076798764
from_SLR,shared_half,17,91,132,0.6893939393939394,5.340890962932312
from_SLR,shared_half,17,92,132,0.696969696969697,5.336193082574618
from_SLR,shared_half,17,93,132,0.7045454545454546,5.291609348712582
from_SLR,shared_half,17,94,132,0.7121212121212122,5.298604725616787
from_SLR,shared_half,17,95,132,0.7196969696969697,5.272992489672224
from_SLR,shared_half,17,96,132,0.7272727272727273,5.286927839886899
from_SLR,shared_half,17,97,132,0.7348484848484849,5.242254581416879
from_SLR,shared_half,17,98,132,0.7424242424242424,5.205882743040291
from_SLR,shared_half,17,99,132,0.75,5.212445428812611
from_SLR,shared_half,17,100,132,0.7575757575757576,5.245238539145647
from_SLR,shared_half,17,101,132,0.7651515151515151,5.252258705576188
from_SLR,shared_half,17,102,132,0.7727272727272727,5.239936777969878
from_SLR,shared_half,17,103,132,0.7803030303030303,5.25920222316227
from_SLR,shared_half,17,104,132,0.7878787878787878,5.236846263551913
from_SLR,shared_half,17,105,132,0.7954545454545454,5.223809214342446
from_SLR,shared_half,17,106,132,0.803030303030303,5.193203288553308
from_SLR,shared_half,17,107,132,0.8106060606060606,5.1978354044293775
from_SLR,shared_half,17,108,132,0.8181818181818182,5.169569318867809
from_SLR,shared_half,17,109,132,0.8257575757575758,5.148497167040358
from_SLR,shared_half,17,110,132,0.8333333333333334,5.126899770218008
from_SLR,shared_half,17,111,132,0.8409090909090909,5.138030691108081
from_SLR,shared_half,17,112,132,0.8484848484848485,5.109568352601473
from_SLR,shared_half,17,113,132,0.8560606060606061,5.121828800845552
from_SLR,shared_half,17,114,132,0.8636363636363636,5.134654406932435
from_SLR,shared_half,17,115,132,0.8712121212121212,5.109169562535195
from_SLR,shared_half,17,116,132,0.8787878787878788,5.131848677564695
from_SLR,shared_half,17,117,132,0.8863636363636364,5.154288875656751
from_SLR,shared_half,17,118,132,0.8939393939393939,5.127894494864798
from_SLR,shared_half,17,119,132,0.9015151515151515,5.156159970325068
from_SLR,shared_half,17,120,132,0.9090909090909091,5.1347862159876785
from_SLR,shared_half,17,121,132,0.9166666666666666,5.14430324982701
from_SLR,shared_half,17,122,132,0.9242424242424242,5.1323346846113935
from_SLR,shared_half,17,123,132,0.9318181818181818,5.124647641129509
from_SLR,shared_half,17,124,132,0.9393939393939394,5.131591987037665
from_SLR,shared_half,17,125,132,0.946969696969697,5.123657101125607
from_SLR,shared_half,17,126,132,0.9545454545454546,5.142094375124247
from_SLR,shared_half,17,127,132,0.9621212121212122,5.150321972864233
from_SLR,shared_half,17,128,132,0.9696969696969697,5.1689286182428935
from_SLR,shared_half,17,129,132,0.9772727272727273,5.18692232135555
from_SLR,shared_half,17,130,132,0.9848484848484849,5.191542325084599
from_SLR,shared_half,17,131,132,0.9924242424242424,5.194528952111953
from_SLR,shared_half,17,132,132,1.0,5.208653996229085
from_SLR,shared_half,29,1,132,0.007575757575757576,11.30603950615774
from_SLR,shared_half,29,2,132,0.015151515151515152,10.983114890460673
from_SLR,shared_half,29,3,132,0.022727272727272728,9.853698937316148
from_SLR,shared_half,29,4,132,0.030303030303030304,7.833473756206336
from_SLR,shared_half,29,5,132,0.03787878787878788,6.584366439691999
from_SLR,shared_half,29,6,132,0.045454545454545456,5.921220439804127
from_SLR,shared_half,29,7,132,0.05303030303030303,6.173974357839696
from_SLR,shared_half,29,8,132,0.06060606060606061,6.399377637820708
from_SLR,shared_half,29,9,132,0.06818181818181818,6.439905411344437
from_SLR,shared_half,29,10,132,0.07575757575757576,6.327009623890323
from_SLR,shared_half,29,11,132,0.08333333333333333,6.508435608477728
from_SLR,shared_half,29,12,132,0.09090909090909091,6.166532755685616
from_SLR,shared_half,29,13,132,0.09848484848484848,6.43972774206683
from_SLR,shared_half,29,14,132,0.10606060606060606,6.350907702214039
from_SLR,shared_half,29,15,132,0.11363636363636363,6.334235089479325
from_SLR,shared_half,29,16,132,0.12121212121212122,6.492945706470236
from_SLR,shared_half,29,17,132,0.12878787878787878,6.307902859442943
from_SLR,shared_half,29,18,132,0.13636363636363635,6.026227400989848
from_SLR,shared_half,29,19,132,0.14393939393939395,5.969977846533461
from_SLR,shared_half,29,20,132,0.15151515151515152,6.265803846277689
from_SLR,shared_half,29,21,132,0.1590909090909091,6.25268255509085
from_SLR,shared_half,29,22,132,0.16666666666666666,6.217232300108626
from_SLR,shared_half,29,23,132,0.17424242424242425,6.259705082197071
from_SLR,shared_half,29,24,132,0.18181818181818182,6.280987254744773
from_SLR,shared_half,29,25,132,0.1893939393939394,6.605307767098677
from_SLR,shared_half,29,26,132,0.19696969696969696,6.454435827377927
from_SLR,shared_half,29,27,132,0.20454545454545456,6.467021592824947
from_SLR,shared_half,29,28,132,0.21212121212121213,6.474349058901388
from_SLR,shared_half,29,29,132,0.2196969696969697,6.355360388946013
from_SLR,shared_half,29,30,132,0.22727272727272727,6.566130009660994
from_SLR,shared_half,29,31,132,0.23484848484848486,6.593689600182739
from_SLR,shared_half,29,32,132,0.24242424242424243,6.4774168345937415
from_SLR,shared_half,29,33,132,0.25,6.375147883892945
from_SLR,shared_half,29,34,132,0.25757575757575757,6.374940078233514
from_SLR,shared_half,29,35,132,0.26515151515151514,6.421440393199453
from_SLR,shared_half,29,36,132,0.2727272727272727,6.316463774513213
from_SLR,shared_half,29,37,132,0.2803030303030303,6.3246324093241935
from_SLR,shared_half,29,38,132,0.2878787878787879,6.27853959423946
from_SLR,shared_half,29,39,132,0.29545454545454547,6.204309906902947
from_SLR,shared_half,29,40,132,0.30303030303030304,6.194446911890813
from_SLR,shared_half,29,41,132,0.3106060606060606,6.232042377564983
from_SLR,shared_half,29,42,132,0.3181818181818182,6.159535033043986
from_SLR,shared_half,29,43,132,0.32575757575757575,6.108522516111894
from_SLR,shared_half,29,44,132,0.3333333333333333,6.148038179114624
from_SLR,shared_half,29,45,132,0.3409090909090909,6.1772507211827055
from_SLR,shared_half,29,46,132,0.3484848484848485,6.266206654202225
from_SLR,shared_half,29,47,132,0.3560606060606061,6.311363952012814
from_SLR,shared_half,29,48,132,0.36363636363636365,6.245715154363204
from_SLR,shared_half,29,49,132,0.3712121212121212,6.207712192909087
from_SLR,shared_half,29,50,132,0.3787878787878788,6.195795532733789
from_SLR,shared_half,29,51,132,0.38636363636363635,6.14684640068786
from_SLR,shared_half,29,52,132,0.3939393939393939,6.183269585672776
from_SLR,shared_half,29,53,132,0.4015151515151515,6.179716489307775
from_SLR,shared_half,29,54,132,0.4090909090909091,6.158175672599983
from_SLR,shared_half,29,55,132,0.4166666666666667,6.18914562832247
from_SLR,shared_half,29,56,132,0.42424242424242425,6.24950655837828
from_SLR,shared_half,29,57,132,0.4318181818181818,6.176900542435637
from_SLR,shared_half,29,58,132,0.4393939393939394,6.181331715010301
from_SLR,shared_half,29,59,132,0.44696969696969696,6.124645659221736
from_SLR,shared_half,29,60,132,0.45454545454545453,6.095027903273975
from_SLR,shared_half,29,61,132,0.4621212121212121,6.0663799244831225
from_SLR,shared_half,29,62,132,0.4696969696969697,6.012022193713968
from_SLR,shared_half,29,63,132,0.4772727272727273,6.007731007072267
from_SLR,shared_half,29,64,132,0.48484848484848486,6.0960536383776995
from_SLR,shared_half,29,65,132,0.49242424242424243,6.035071584865113
from_SLR,shared_half,29,66,132,0.5,6.027255429662904
from_SLR,shared_half,29,67,132,0.5075757575757576,6.078806243710823
from_SLR,shared_half,29,68,132,0.5151515151515151,6.1335385906338455
from_SLR,shared_half,29,69,132,0.5227272727272727,6.066916458987851
from_SLR,shared_half,29,70,132,0.5303030303030303,6.080888830354445
from_SLR,shared_half,29,71,132,0.5378787878787878,6.011036358265643
from_SLR,shared_half,29,72,132,0.5454545454545454,6.053488784934724
from_SLR,shared_half,29,73,132,0.553030303030303,6.061321366325665
from_SLR,shared_half,29,74,132,0.5606060606060606,6.01131695186357
from_SLR,shared_half,29,75,132,0.5681818181818182,5.977109392210948
from_SLR,shared_half,29,76,132,0.5757575757575758,5.97868962696512
from_SLR,shared_half,29,77,132,0.5833333333333334,6.016730403954196
from_SLR,shared_half,29,78,132,0.5909090909090909,5.953413705181005
from_SLR,shared_half,29,79,132,0.5984848484848485,5.984362998599563
from_SLR,shared_half,29,80,132,0.6060606060606061,5.9854139729373035
from_SLR,shared_half,29,81,132,0.6136363636363636,5.9489845128417915
from_SLR,shared_half,29,82,132,0.6212121212121212,5.896715975905969
from_SLR,shared_half,29,83,132,0.6287878787878788,5.866779484185753
from_SLR,shared_half,29,84,132,0.6363636363636364,5.819695896737413
from_SLR,shared_half,29,85,132,0.6439393939393939,5.870075544932438
from_SLR,shared_half,29,86,132,0.6515151515151515,5.874814893457381
from_SLR,shared_half,29,87,132,0.6590909090909091,5.8791187546020245
from_SLR,shared_half,29,88,132,0.6666666666666666,5.838443111703256
from_SLR,shared_half,29,89,132,0.6742424242424242,5.841414862724558
from_SLR,shared_half,29,90,132,0.6818181818181818,5.849702754519093
from_SLR,shared_half,29,91,132,0.6893939393939394,5.805596661924523
from_SLR,shared_half,29,92,132,0.696969696969697,5.808759037446357
from_SLR,shared_half,29,93,132,0.7045454545454546,5.795887021309163
from_SLR,shared_half,29,94,132,0.7121212121212122,5.760202608438962
from_SLR,shared_half,29,95,132,0.7196969696969697,5.74560116569673
from_SLR,shared_half,29,96,132,0.7272727272727273,5.75856623090174
from_SLR,shared_half,29,97,132,0.7348484848484849,5.783180485554149
from_SLR,shared_half,29,98,132,0.7424242424242424,5.795785371034502
from_SLR,shared_half,29,99,132,0.75,5.813202511062325
from_SLR,shared_half,29,100,132,0.7575757575757576,5.777183072874748
from_SLR,shared_half,29,101,132,0.7651515151515151,5.766497001815248
from_SLR,shared_half,29,102,132,0.7727272727272727,5.732379082719725
from_SLR,shared_half,29,103,132,0.7803030303030303,5.688965459436263
from_SLR,shared_half,29,104,132,0.7878787878787878,5.65770420008481
from_SLR,shared_half,29,105,132,0.7954545454545454,5.614289515334044
from_SLR,shared_half,29,106,132,0.803030303030303,5.576943792318482
from_SLR,shared_half,29,107,132,0.8106060606060606,5.543775686569136
from_SLR,shared_half,29,108,132,0.8181818181818182,5.531556329062784
from_SLR,shared_half,29,109,132,0.8257575757575758,5.512365652641666
from_SLR,shared_half,29,110,132,0.8333333333333334,5.487018789660302
from_SLR,shared_half,29,111,132,0.8409090909090909,5.487628268251549
from_SLR,shared_half,29,112,132,0.8484848484848485,5.514545593781297
from_SLR,shared_half,29,113,132,0.8560606060606061,5.501177111257561
from_SLR,shared_half,29,114,132,0.8636363636363636,5.5008939556354495
from_SLR,shared_half,29,115,132,0.8712121212121212,5.480459214121625
from_SLR,shared_half,29,116,132,0.8787878787878788,5.471693826173107
from_SLR,shared_half,29,117,132,0.8863636363636364,5.4479574019969945
from_SLR,shared_half,29,118,132,0.8939393939393939,5.435873846689417
from_SLR,shared_half,29,119,132,0.9015151515151515,5.430480913306871
from_SLR,shared_half,29,120,132,0.9090909090909091,5.408833559781736
from_SLR,shared_half,29,121,132,0.9166666666666666,5.3870871465057855
from_SLR,shared_half,29,122,132,0.9242424242424242,5.384212808034932
from_SLR,shared_half,29,123,132,0.9318181818181818,5.3685933315177765
from_SLR,shared_half,29,124,132,0.9393939393939394,5.329002083559421
from_SLR,shared_half,29,125,132,0.946969696969697,5.315210746417777
from_SLR,shared_half,29,126,132,0.9545454545454546,5.301065481935995
from_SLR,shared_half,29,127,132,0.9621212121212122,5.295502708793377
from_SLR,shared_half,29,128,132,0.9696969696969697,5.293182071674383
from_SLR,shared_half,29,129,132,0.9772727272727273,5.346854794743773
from_SLR,shared_half,29,130,132,0.9848484848484849,5.3339175294425525
from_SLR,shared_half,29,131,132,0.9924242424242424,5.316635258000825
from_SLR,shared_half,29,132,132,1.0,5.3087648068926345
from_SLR,shared_half,43,1,132,0.007575757575757576,5.166400825223324
from_SLR,shared_half,43,2,132,0.015151515151515152,7.7665424142328074
from_SLR,shared_half,43,3,132,0.022727272727272728,6.660733155784687
from_SLR,shared_half,43,4,132,0.030303030303030304,6.6196879090332486
from_SLR,shared_half,43,5,132,0.03787878787878788,6.381565074216082
from_SLR,shared_half,43,6,132,0.045454545454545456,6.001057513646781
from_SLR,shared_half,43,7,132,0.05303030303030303,5.372617941203656
from_SLR,shared_half,43,8,132,0.06060606060606061,4.831198762853042
from_SLR,shared_half,43,9,132,0.06818181818181818,5.151679792571751
from_SLR,shared_half,43,10,132,0.07575757575757576,5.437820063889009
from_SLR,shared_half,43,11,132,0.08333333333333333,5.381882231819527
from_SLR,shared_half,43,12,132,0.09090909090909091,5.866248440063013
from_SLR,shared_half,43,13,132,0.09848484848484848,5.886095602870774
from_SLR,shared_half,43,14,132,0.10606060606060606,5.7980693656797175
from_SLR,shared_half,43,15,132,0.11363636363636363,5.996191320610817
from_SLR,shared_half,43,16,132,0.12121212121212122,6.23372070621879
from_SLR,shared_half,43,17,132,0.12878787878787878,6.044900891509061
from_SLR,shared_half,43,18,132,0.13636363636363635,6.023436690726172
from_SLR,shared_half,43,19,132,0.14393939393939395,5.79745861034446
from_SLR,shared_half,43,20,132,0.15151515151515152,5.694076297282831
from_SLR,shared_half,43,21,132,0.1590909090909091,5.6907796438975895
from_SLR,shared_half,43,22,132,0.16666666666666666,5.538451592616338
from_SLR,shared_half,43,23,132,0.17424242424242425,5.505300984082042
from_SLR,shared_half,43,24,132,0.18181818181818182,5.6157484726698925
from_SLR,shared_half,43,25,132,0.1893939393939394,5.471562822976893
from_SLR,shared_half,43,26,132,0.19696969696969696,5.724483597880899
from_SLR,shared_half,43,27,132,0.20454545454545456,5.679051826438272
from_SLR,shared_half,43,28,132,0.21212121212121213,5.635280244188024
from_SLR,shared_half,43,29,132,0.2196969696969697,5.656113151984456
from_SLR,shared_half,43,30,132,0.22727272727272727,5.853716066099342
from_SLR,shared_half,43,31,132,0.23484848484848486,5.719883128609129
from_SLR,shared_half,43,32,132,0.24242424242424243,5.587859423152566
from_SLR,shared_half,43,33,132,0.25,5.503431402798691
from_SLR,shared_half,43,34,132,0.25757575757575757,5.38803306952784
from_SLR,shared_half,43,35,132,0.26515151515151514,5.370658704788295
from_SLR,shared_half,43,36,132,0.2727272727272727,5.380561444550475
from_SLR,shared_half,43,37,132,0.2803030303030303,5.293273846220281
from_SLR,shared_half,43,38,132,0.2878787878787879,5.380270866858383
from_SLR,shared_half,43,39,132,0.29545454545454547,5.415662854803934
from_SLR,shared_half,43,40,132,0.30303030303030304,5.515573275526323
from_SLR,shared_half,43,41,132,0.3106060606060606,5.5814899795460455
from_SLR,shared_half,43,42,132,0.3181818181818182,5.592163938299267
from_SLR,shared_half,43,43,132,0.32575757575757575,5.596067438818835
from_SLR,shared_half,43,44,132,0.3333333333333333,5.706177629664918
from_SLR,shared_half,43,45,132,0.3409090909090909,5.659602576781653
from_SLR,shared_half,43,46,132,0.3484848484848485,5.6842354377995665
from_SLR,shared_half,43,47,132,0.3560606060606061,5.736194696466487
from_SLR,shared_half,43,48,132,0.36363636363636365,5.708064476046235
from_SLR,shared_half,43,49,132,0.3712121212121212,5.634066326130413
from_SLR,shared_half,43,50,132,0.3787878787878788,5.568831477970053
from_SLR,shared_half,43,51,132,0.38636363636363635,5.537201400077931
from_SLR,shared_half,43,52,132,0.3939393939393939,5.520558661650427
from_SLR,shared_half,43,53,132,0.4015151515151515,5.611556681237988
from_SLR,shared_half,43,54,132,0.4090909090909091,5.545834657212305
from_SLR,shared_half,43,55,132,0.4166666666666667,5.656161412842159
from_SLR,shared_half,43,56,132,0.42424242424242425,5.649314181473697
from_SLR,shared_half,43,57,132,0.4318181818181818,5.691884285606381
from_SLR,shared_half,43,58,132,0.4393939393939394,5.684135195667908
from_SLR,shared_half,43,59,132,0.44696969696969696,5.634733066851553
from_SLR,shared_half,43,60,132,0.45454545454545453,5.624562102028625
from_SLR,shared_half,43,61,132,0.4621212121212121,5.622227259359935
from_SLR,shared_half,43,62,132,0.4696969696969697,5.644604849299618
from_SLR,shared_half,43,63,132,0.4772727272727273,5.613210275465776
from_SLR,shared_half,43,64,132,0.48484848484848486,5.583905969356644
from_SLR,shared_half,43,65,132,0.49242424242424243,5.585626292534597
from_SLR,shared_half,43,66,132,0.5,5.57627353998325
from_SLR,shared_half,43,67,132,0.5075757575757576,5.666349546186085
from_SLR,shared_half,43,68,132,0.5151515151515151,5.663254222480432
from_SLR,shared_half,43,69,132,0.5227272727272727,5.620143387439423
from_SLR,shared_half,43,70,132,0.5303030303030303,5.690098336584776
from_SLR,shared_half,43,71,132,0.5378787878787878,5.689814557066212
from_SLR,shared_half,43,72,132,0.5454545454545454,5.683250692467475
from_SLR,shared_half,43,73,132,0.553030303030303,5.63713648285423
from_SLR,shared_half,43,74,132,0.5606060606060606,5.70401566832175
from_SLR,shared_half,43,75,132,0.5681818181818182,5.649987353596627
from_SLR,shared_half,43,76,132,0.5757575757575758,5.6679866410393585
from_SLR,shared_half,43,77,132,0.5833333333333334,5.650165938349249
from_SLR,shared_half,43,78,132,0.5909090909090909,5.625764601915614
from_SLR,shared_half,43,79,132,0.5984848484848485,5.6183851278648795
from_SLR,shared_half,43,80,132,0.6060606060606061,5.658738790844901
from_SLR,shared_half,43,81,132,0.6136363636363636,5.69060680032279
from_SLR,shared_half,43,82,132,0.6212121212121212,5.67432775077809
from_SLR,shared_half,43,83,132,0.6287878787878788,5.636633430097375
from_SLR,shared_half,43,84,132,0.6363636363636364,5.5811643720030695
from_SLR,shared_half,43,85,132,0.6439393939393939,5.577528585930307
from_SLR,shared_half,43,86,132,0.6515151515151515,5.579481218765756
from_SLR,shared_half,43,87,132,0.6590909090909091,5.525489026880281
from_SLR,shared_half,43,88,132,0.6666666666666666,5.5245439785255135
from_SLR,shared_half,43,89,132,0.6742424242424242,5.478587025603382
from_SLR,shared_half,43,90,132,0.6818181818181818,5.497599038708291
from_SLR,shared_half,43,91,132,0.6893939393939394,5.488578125482204
from_SLR,shared_half,43,92,132,0.696969696969697,5.464031421688238
from_SLR,shared_half,43,93,132,0.7045454545454546,5.480533609073672
from_SLR,shared_half,43,94,132,0.7121212121212122,5.47278371598543
from_SLR,shared_half,43,95,132,0.7196969696969697,5.489844190865855
from_SLR,shared_half,43,96,132,0.7272727272727273,5.503672724853243
from_SLR,shared_half,43,97,132,0.7348484848484849,5.456530368244275
from_SLR,shared_half,43,98,132,0.7424242424242424,5.466848224179854
from_SLR,shared_half,43,99,132,0.75,5.476507205589768
from_SLR,shared_half,43,100,132,0.7575757575757576,5.489737454829297
from_SLR,shared_half,43,101,132,0.7651515151515151,5.499354518067565
from_SLR,shared_half,43,102,132,0.7727272727272727,5.47173702329618
from_SLR,shared_half,43,103,132,0.7803030303030303,5.44358978555274
from_SLR,shared_half,43,104,132,0.7878787878787878,5.453187849331605
from_SLR,shared_half,43,105,132,0.7954545454545454,5.430955963942822
from_SLR,shared_half,43,106,132,0.803030303030303,5.406361150921388
from_SLR,shared_half,43,107,132,0.8106060606060606,5.4300786541585575
from_SLR,shared_half,43,108,132,0.8181818181818182,5.399321213960028
from_SLR,shared_half,43,109,132,0.8257575757575758,5.41927139466941
from_SLR,shared_half,43,110,132,0.8333333333333334,5.401886234655642
from_SLR,shared_half,43,111,132,0.8409090909090909,5.3976979075902225
from_SLR,shared_half,43,112,132,0.8484848484848485,5.369789951467036
from_SLR,shared_half,43,113,132,0.8560606060606061,5.356992765321831
from_SLR,shared_half,43,114,132,0.8636363636363636,5.353985449403547
from_SLR,shared_half,43,115,132,0.8712121212121212,5.35793116254379
from_SLR,shared_half,43,116,132,0.8787878787878788,5.362717868943795
from_SLR,shared_half,43,117,132,0.8863636363636364,5.351485288946955
from_SLR,shared_half,43,118,132,0.8939393939393939,5.3480286822310354
from_SLR,shared_half,43,119,132,0.9015151515151515,5.332774778597025
from_SLR,shared_half,43,120,132,0.9090909090909091,5.3441329574432945
from_SLR,shared_half,43,121,132,0.9166666666666666,5.321817702995446
from_SLR,shared_half,43,122,132,0.9242424242424242,5.313823075046604
from_SLR,shared_half,43,123,132,0.9318181818181818,5.335238483509628
from_SLR,shared_half,43,124,132,0.9393939393939394,5.326141950516604
from_SLR,shared_half,43,125,132,0.946969696969697,5.324206998630208
from_SLR,shared_half,43,126,132,0.9545454545454546,5.3232003002025845
from_SLR,shared_half,43,127,132,0.9621212121212122,5.323069987170336
from_SLR,shared_half,43,128,132,0.9696969696969697,5.312807144646343
from_SLR,shared_half,43,129,132,0.9772727272727273,5.31528946887407
from_SLR,shared_half,43,130,132,0.9848484848484849,5.313953040824833
from_SLR,shared_half,43,131,132,0.9924242424242424,5.3097631649705574
from_SLR,shared_half,43,132,132,1.0,5.3136006742826405
from_SLR,shared_only,17,1,132,0.007575757575757576,7.035397858342451
from_SLR,shared_only,17,2,132,0.015151515151515152,8.966513446101224
from_SLR,shared_only,17,3,132,0.022727272727272728,9.713377664999607
from_SLR,shared_only,17,4,132,0.030303030303030304,8.946984962955225
from_SLR,shared_only,17,5,132,0.03787878787878788,8.550479127495317
from_SLR,shared_only,17,6,132,0.045454545454545456,8.124752860387852
from_SLR,shared_only,17,7,132,0.05303030303030303,8.87909970648646
from_SLR,shared_only,17,8,132,0.06060606060606061,8.147055498664354
from_SLR,shared_only,17,9,132,0.06818181818181818,7.678765968416867
from_SLR,shared_only,17,10,132,0.07575757575757576,7.3143022012006895
from_SLR,shared_only,17,11,132,0.08333333333333333,6.8875871457746225
from_SLR,shared_only,17,12,132,0.09090909090909091,6.85232226230459
from_SLR,shared_only,17,13,132,0.09848484848484848,6.724639359593165
from_SLR,shared_only,17,14,132,0.10606060606060606,6.542688201081556
from_SLR,shared_only,17,15,132,0.11363636363636363,6.369209357209619
from_SLR,shared_only,17,16,132,0.12121212121212122,6.527143355861492
from_SLR,shared_only,17,17,132,0.12878787878787878,6.364848327104377
from_SLR,shared_only,17,18,132,0.13636363636363635,6.18103600352423
from_SLR,shared_only,17,19,132,0.14393939393939395,6.107033174499432
from_SLR,shared_only,17,20,132,0.15151515151515152,5.908879525892525
from_SLR,shared_only,17,21,132,0.1590909090909091,5.883426764463028
from_SLR,shared_only,17,22,132,0.16666666666666666,6.073461072195581
from_SLR,shared_only,17,23,132,0.17424242424242425,6.008407236740465
from_SLR,shared_only,17,24,132,0.18181818181818182,6.085764266580136
from_SLR,shared_only,17,25,132,0.1893939393939394,6.026456011875692
from_SLR,shared_only,17,26,132,0.19696969696969696,6.113940201934947
from_SLR,shared_only,17,27,132,0.20454545454545456,6.097409231205995
from_SLR,shared_only,17,28,132,0.21212121212121213,6.070032592773549
from_SLR,shared_only,17,29,132,0.2196969696969697,6.280333614184288
from_SLR,shared_only,17,30,132,0.22727272727272727,6.135821424584143
from_SLR,shared_only,17,31,132,0.23484848484848486,6.117030360938318
from_SLR,shared_only,17,32,132,0.24242424242424243,5.999533048956098
from_SLR,shared_only,17,33,132,0.25,5.951896688821638
from_SLR,shared_only,17,34,132,0.25757575757575757,5.947890695933078
from_SLR,shared_only,17,35,132,0.26515151515151514,6.058936156848119
from_SLR,shared_only,17,36,132,0.2727272727272727,5.947832254357402
from_SLR,shared_only,17,37,132,0.2803030303030303,5.8482379892753045
from_SLR,shared_only,17,38,132,0.2878787878787879,5.864157573570209
from_SLR,shared_only,17,39,132,0.29545454545454547,6.047589866669152
from_SLR,shared_only,17,40,132,0.30303030303030304,5.9417847277382565
from_SLR,shared_only,17,41,132,0.3106060606060606,6.005747303907791
from_SLR,shared_only,17,42,132,0.3181818181818182,6.165289937437954
from_SLR,shared_only,17,43,132,0.32575757575757575,6.140487558121847
from_SLR,shared_only,17,44,132,0.3333333333333333,6.1608160820832465
from_SLR,shared_only,17,45,132,0.3409090909090909,6.105972185371795
from_SLR,shared_only,17,46,132,0.3484848484848485,6.019300493195731
from_SLR,shared_only,17,47,132,0.3560606060606061,5.941511613602168
from_SLR,shared_only,17,48,132,0.36363636363636365,5.882953211138031
from_SLR,shared_only,17,49,132,0.3712121212121212,5.86655993825021
from_SLR,shared_only,17,50,132,0.3787878787878788,5.792182725185431
from_SLR,shared_only,17,51,132,0.38636363636363635,5.7222132009168885
from_SLR,shared_only,17,52,132,0.3939393939393939,5.735593200365893
from_SLR,shared_only,17,53,132,0.4015151515151515,5.717790814944189
from_SLR,shared_only,17,54,132,0.4090909090909091,5.697564438057735
from_SLR,shared_only,17,55,132,0.4166666666666667,5.66244146109287
from_SLR,shared_only,17,56,132,0.42424242424242425,5.653664528324716
from_SLR,shared_only,17,57,132,0.4318181818181818,5.636563424121984
from_SLR,shared_only,17,58,132,0.4393939393939394,5.657859972548431
from_SLR,shared_only,17,59,132,0.44696969696969696,5.758986072279178
from_SLR,shared_only,17,60,132,0.45454545454545453,5.75344626516078
from_SLR,shared_only,17,61,132,0.4621212121212121,5.789291018966612
from_SLR,shared_only,17,62,132,0.4696969696969697,5.855601133799282
from_SLR,shared_only,17,63,132,0.4772727272727273,5.865909234070479
from_SLR,shared_only,17,64,132,0.48484848484848486,5.850981820303971
from_SLR,shared_only,17,65,132,0.49242424242424243,5.837665523221725
from_SLR,shared_only,17,66,132,0.5,5.818983692343029
from_SLR,shared_only,17,67,132,0.5075757575757576,5.802227690176984
from_SLR,shared_only,17,68,132,0.5151515151515151,5.861565601645983
from_SLR,shared_only,17,69,132,0.5227272727272727,5.853904726520347
from_SLR,shared_only,17,70,132,0.5303030303030303,5.822376767451193
from_SLR,shared_only,17,71,132,0.5378787878787878,5.822171196275486
from_SLR,shared_only,17,72,132,0.5454545454545454,5.908467863472713
from_SLR,shared_only,17,73,132,0.553030303030303,5.85550057400964
from_SLR,shared_only,17,74,132,0.5606060606060606,5.849012656250731
from_SLR,shared_only,17,75,132,0.5681818181818182,5.9175149166481935
from_SLR,shared_only,17,76,132,0.5757575757575758,5.98742787408914
from_SLR,shared_only,17,77,132,0.5833333333333334,5.978101669364062
from_SLR,shared_only,17,78,132,0.5909090909090909,5.946036333802311
from_SLR,shared_only,17,79,132,0.5984848484848485,5.9351509668748355
from_SLR,shared_only,17,80,132,0.6060606060606061,5.925351674820192
from_SLR,shared_only,17,81,132,0.6136363636363636,5.936998814510426
from_SLR,shared_only,17,82,132,0.6212121212121212,5.913717933260701
from_SLR,shared_only,17,83,132,0.6287878787878788,5.92057139649775
from_SLR,shared_only,17,84,132,0.6363636363636364,5.926824497405358
from_SLR,shared_only,17,85,132,0.6439393939393939,5.908528149903749
from_SLR,shared_only,17,86,132,0.6515151515151515,5.960499116075994
from_SLR,shared_only,17,87,132,0.6590909090909091,6.018617962470705
from_SLR,shared_only,17,88,132,0.6666666666666666,6.035791900718801
from_SLR,shared_only,17,89,132,0.6742424242424242,6.020123124807434
from_SLR,shared_only,17,90,132,0.6818181818181818,5.983091651306991
from_SLR,shared_only,17,91,132,0.6893939393939394,5.939314479342391
from_SLR,shared_only,17,92,132,0.696969696969697,5.966394706786652
from_SLR,shared_only,17,93,132,0.7045454545454546,5.947172827426317
from_SLR,shared_only,17,94,132,0.7121212121212122,5.925363862333313
from_SLR,shared_only,17,95,132,0.7196969696969697,5.97001384289568
from_SLR,shared_only,17,96,132,0.7272727272727273,5.992995987882433
from_SLR,shared_only,17,97,132,0.7348484848484849,6.014947354665893
from_SLR,shared_only,17,98,132,0.7424242424242424,5.994439671761712
from_SLR,shared_only,17,99,132,0.75,5.970393954823062
from_SLR,shared_only,17,100,132,0.7575757575757576,5.95956014036772
from_SLR,shared_only,17,101,132,0.7651515151515151,5.949487457827431
from_SLR,shared_only,17,102,132,0.7727272727272727,5.969133199588562
from_SLR,shared_only,17,103,132,0.7803030303030303,5.959952452595068
from_SLR,shared_only,17,104,132,0.7878787878787878,5.956746534143869
from_SLR,shared_only,17,105,132,0.7954545454545454,5.94786418866967
from_SLR,shared_only,17,106,132,0.803030303030303,5.960916341622657
from_SLR,shared_only,17,107,132,0.8106060606060606,5.9699223199105305
from_SLR,shared_only,17,108,132,0.8181818181818182,5.9352006459862245
from_SLR,shared_only,17,109,132,0.8257575757575758,5.927365231519195
from_SLR,shared_only,17,110,132,0.8333333333333334,5.916153881686719
from_SLR,shared_only,17,111,132,0.8409090909090909,5.944527221237366
from_SLR,shared_only,17,112,132,0.8484848484848485,5.949700807697255
from_SLR,shared_only,17,113,132,0.8560606060606061,5.93655400680485
from_SLR,shared_only,17,114,132,0.8636363636363636,5.9317406543209
from_SLR,shared_only,17,115,132,0.8712121212121212,5.9671363616879605
from_SLR,shared_only,17,116,132,0.8787878787878788,5.9553623392504
from_SLR,shared_only,17,117,132,0.8863636363636364,5.99989597475467
from_SLR,shared_only,17,118,132,0.8939393939393939,5.988418609049668
from_SLR,shared_only,17,119,132,0.9015151515151515,6.027374483351021
from_SLR,shared_only,17,120,132,0.9090909090909091,6.055336456707911
from_SLR,shared_only,17,121,132,0.9166666666666666,6.0502343251189465
from_SLR,shared_only,17,122,132,0.9242424242424242,6.048504095419372
from_SLR,shared_only,17,123,132,0.9318181818181818,6.07993139198488
from_SLR,shared_only,17,124,132,0.9393939393939394,6.084126146314605
from_SLR,shared_only,17,125,132,0.946969696969697,6.111322417204332
from_SLR,shared_only,17,126,132,0.9545454545454546,6.134761246967199
from_SLR,shared_only,17,127,132,0.9621212121212122,6.135851151492783
from_SLR,shared_only,17,128,132,0.9696969696969697,6.157965126894163
from_SLR,shared_only,17,129,132,0.9772727272727273,6.191246727946008
from_SLR,shared_only,17,130,132,0.9848484848484849,6.204743413633729
from_SLR,shared_only,17,131,132,0.9924242424242424,6.229746711582868
from_SLR,shared_only,17,132,132,1.0,6.256848898553344
from_SLR,shared_only,29,1,132,0.007575757575757576,10.965364481597945
from_SLR,shared_only,29,2,132,0.015151515151515152,6.17224344657481
from_SLR,shared_only,29,3,132,0.022727272727272728,5.889327072987399
from_SLR,shared_only,29,4,132,0.030303030303030304,6.757475459484802
from_SLR,shared_only,29,5,132,0.03787878787878788,6.443893717110842
from_SLR,shared_only,29,6,132,0.045454545454545456,5.713012685321495
from_SLR,shared_only,29,7,132,0.05303030303030303,6.756421700802906
from_SLR,shared_only,29,8,132,0.06060606060606061,6.114349525015209
from_SLR,shared_only,29,9,132,0.06818181818181818,6.730406563213313
from_SLR,shared_only,29,10,132,0.07575757575757576,6.298899930164044
from_SLR,shared_only,29,11,132,0.08333333333333333,6.294192494640024
from_SLR,shared_only,29,12,132,0.09090909090909091,6.769420904236175
from_SLR,shared_only,29,13,132,0.09848484848484848,6.534113636783336
from_SLR,shared_only,29,14,132,0.10606060606060606,6.313106033288299
from_SLR,shared_only,29,15,132,0.11363636363636363,6.275489150855376
from_SLR,shared_only,29,16,132,0.12121212121212122,6.24446171127328
from_SLR,shared_only,29,17,132,0.12878787878787878,6.333518700001405
from_SLR,shared_only,29,18,132,0.13636363636363635,6.29810407973256
from_SLR,shared_only,29,19,132,0.14393939393939395,6.092176305884268
from_SLR,shared_only,29,20,132,0.15151515151515152,5.897389819997349
from_SLR,shared_only,29,21,132,0.1590909090909091,5.701927402102126
from_SLR,shared_only,29,22,132,0.16666666666666666,5.645728776541947
from_SLR,shared_only,29,23,132,0.17424242424242425,5.489835762166055
from_SLR,shared_only,29,24,132,0.18181818181818182,5.5343237338804725
from_SLR,shared_only,29,25,132,0.1893939393939394,5.476717859404768
from_SLR,shared_only,29,26,132,0.19696969696969696,5.466472011203617
from_SLR,shared_only,29,27,132,0.20454545454545456,5.4239642473585485
from_SLR,shared_only,29,28,132,0.21212121212121213,5.426794419851206
from_SLR,shared_only,29,29,132,0.2196969696969697,5.532162048922706
from_SLR,shared_only,29,30,132,0.22727272727272727,5.5902019082590675
from_SLR,shared_only,29,31,132,0.23484848484848486,5.473964319856386
from_SLR,shared_only,29,32,132,0.24242424242424243,5.390482911371067
from_SLR,shared_only,29,33,132,0.25,5.292558995519659
from_SLR,shared_only,29,34,132,0.25757575757575757,5.282965407127987
from_SLR,shared_only,29,35,132,0.26515151515151514,5.282762862968897
from_SLR,shared_only,29,36,132,0.2727272727272727,5.42259263626846
from_SLR,shared_only,29,37,132,0.2803030303030303,5.320345500422066
from_SLR,shared_only,29,38,132,0.2878787878787879,5.314682802582367
from_SLR,shared_only,29,39,132,0.29545454545454547,5.395805069306197
from_SLR,shared_only,29,40,132,0.30303030303030304,5.3790850950619316
from_SLR,shared_only,29,41,132,0.3106060606060606,5.54054976682269
from_SLR,shared_only,29,42,132,0.3181818181818182,5.497321357583788
from_SLR,shared_only,29,43,132,0.32575757575757575,5.492980689629985
from_SLR,shared_only,29,44,132,0.3333333333333333,5.440991862918268
from_SLR,shared_only,29,45,132,0.3409090909090909,5.5332436078600535
from_SLR,shared_only,29,46,132,0.3484848484848485,5.644513588632366
from_SLR,shared_only,29,47,132,0.3560606060606061,5.6133937734506585
from_SLR,shared_only,29,48,132,0.36363636363636365,5.577319809632428
from_SLR,shared_only,29,49,132,0.3712121212121212,5.573035098957891
from_SLR,shared_only,29,50,132,0.3787878787878788,5.5886052253595775
from_SLR,shared_only,29,51,132,0.38636363636363635,5.6236455002126515
from_SLR,shared_only,29,52,132,0.3939393939393939,5.628308541049459
from_SLR,shared_only,29,53,132,0.4015151515151515,5.563766722111594
from_SLR,shared_only,29,54,132,0.4090909090909091,5.5697253488804215
from_SLR,shared_only,29,55,132,0.4166666666666667,5.560610470129462
from_SLR,shared_only,29,56,132,0.42424242424242425,5.600642348476472
from_SLR,shared_only,29,57,132,0.4318181818181818,5.5585389020069185
from_SLR,shared_only,29,58,132,0.4393939393939394,5.559412966793667
from_SLR,shared_only,29,59,132,0.44696969696969696,5.6727501564934215
from_SLR,shared_only,29,60,132,0.45454545454545453,5.680471761158073
from_SLR,shared_only,29,61,132,0.4621212121212121,5.720552486252502
from_SLR,shared_only,29,62,132,0.4696969696969697,5.794605473770938
from_SLR,shared_only,29,63,132,0.4772727272727273,5.793601506368217
from_SLR,shared_only,29,64,132,0.48484848484848486,5.865859032665125
from_SLR,shared_only,29,65,132,0.49242424242424243,5.860955400680179
from_SLR,shared_only,29,66,132,0.5,5.84911865418173
from_SLR,shared_only,29,67,132,0.5075757575757576,5.835303496724912
from_SLR,shared_only,29,68,132,0.5151515151515151,5.860536839597283
from_SLR,shared_only,29,69,132,0.5227272727272727,5.890316487456055
from_SLR,shared_only,29,70,132,0.5303030303030303,5.896429015430996
from_SLR,shared_only,29,71,132,0.5378787878787878,5.887679057287694
from_SLR,shared_only,29,72,132,0.5454545454545454,5.849627418827442
from_SLR,shared_only,29,73,132,0.553030303030303,5.83298836726321
from_SLR,shared_only,29,74,132,0.5606060606060606,5.8106445732619845
from_SLR,shared_only,29,75,132,0.5681818181818182,5.811398735393475
from_SLR,shared_only,29,76,132,0.5757575757575758,5.777323759395377
from_SLR,shared_only,29,77,132,0.5833333333333334,5.790881269108106
from_SLR,shared_only,29,78,132,0.5909090909090909,5.766134940152984
from_SLR,shared_only,29,79,132,0.5984848484848485,5.7891029645308345
from_SLR,shared_only,29,80,132,0.6060606060606061,5.742437871952058
from_SLR,shared_only,29,81,132,0.6136363636363636,5.713162081568678
from_SLR,shared_only,29,82,132,0.6212121212121212,5.719280757640145
from_SLR,shared_only,29,83,132,0.6287878787878788,5.697096713599042
from_SLR,shared_only,29,84,132,0.6363636363636364,5.7787169372539235
from_SLR,shared_only,29,85,132,0.6439393939393939,5.777517000776823
from_SLR,shared_only,29,86,132,0.6515151515151515,5.796850245114884
from_SLR,shared_only,29,87,132,0.6590909090909091,5.833206619362
from_SLR,shared_only,29,88,132,0.6666666666666666,5.825664194018301
from_SLR,shared_only,29,89,132,0.6742424242424242,5.809267861286921
from_SLR,shared_only,29,90,132,0.6818181818181818,5.797596843953496
from_SLR,shared_only,29,91,132,0.6893939393939394,5.801273653493957
from_SLR,shared_only,29,92,132,0.696969696969697,5.858862429494389
from_SLR,shared_only,29,93,132,0.7045454545454546,5.884634736554481
from_SLR,shared_only,29,94,132,0.7121212121212122,5.957922862637657
from_SLR,shared_only,29,95,132,0.7196969696969697,5.938921671500934
from_SLR,shared_only,29,96,132,0.7272727272727273,5.903681840612148
from_SLR,shared_only,29,97,132,0.7348484848484849,5.909685926571176
from_SLR,shared_only,29,98,132,0.7424242424242424,5.898389837462593
from_SLR,shared_only,29,99,132,0.75,5.925990236087304
from_SLR,shared_only,29,100,132,0.7575757575757576,5.921178413326159
from_SLR,shared_only,29,101,132,0.7651515151515151,5.904195046699535
from_SLR,shared_only,29,102,132,0.7727272727272727,5.89108077039219
from_SLR,shared_only,29,103,132,0.7803030303030303,5.900494869980634
from_SLR,shared_only,29,104,132,0.7878787878787878,5.9282990382645355
from_SLR,shared_only,29,105,132,0.7954545454545454,5.965988746659674
from_SLR,shared_only,29,106,132,0.803030303030303,5.9877243143539065
from_SLR,shared_only,29,107,132,0.8106060606060606,6.010890643606467
from_SLR,shared_only,29,108,132,0.8181818181818182,5.9975202673555845
from_SLR,shared_only,29,109,132,0.8257575757575758,5.988056646379749
from_SLR,shared_only,29,110,132,0.8333333333333334,6.004466109827345
from_SLR,shared_only,29,111,132,0.8409090909090909,6.011938251118482
from_SLR,shared_only,29,112,132,0.8484848484848485,5.989271844851557
from_SLR,shared_only,29,113,132,0.8560606060606061,5.982933937584982
from_SLR,shared_only,29,114,132,0.8636363636363636,5.979536480491743
from_SLR,shared_only,29,115,132,0.8712121212121212,5.976224668319361
from_SLR,shared_only,29,116,132,0.8787878787878788,5.973127051570863
from_SLR,shared_only,29,117,132,0.8863636363636364,5.9849108699259945
from_SLR,shared_only,29,118,132,0.8939393939393939,6.003831927756247
from_SLR,shared_only,29,119,132,0.9015151515151515,6.028514652777459
from_SLR,shared_only,29,120,132,0.9090909090909091,6.011998555474169
from_SLR,shared_only,29,121,132,0.9166666666666666,5.981812740748785
from_SLR,shared_only,29,122,132,0.9242424242424242,6.026409690361175
from_SLR,shared_only,29,123,132,0.9318181818181818,6.038190917819859
from_SLR,shared_only,29,124,132,0.9393939393939394,6.040750621374682
from_SLR,shared_only,29,125,132,0.946969696969697,6.0691165788786146
from_SLR,shared_only,29,126,132,0.9545454545454546,6.08620712246748
from_SLR,shared_only,29,127,132,0.9621212121212122,6.096184748831328
from_SLR,shared_only,29,128,132,0.9696969696969697,6.122242893123939
from_SLR,shared_only,29,129,132,0.9772727272727273,6.16212212074785
from_SLR,shared_only,29,130,132,0.9848484848484849,6.202679842423392
from_SLR,shared_only,29,131,132,0.9924242424242424,6.217944746389368
from_SLR,shared_only,29,132,132,1.0,6.220322806113697
from_SLR,shared_only,43,1,132,0.007575757575757576,10.726951420051396
from_SLR,shared_only,43,2,132,0.015151515151515152,6.968388696294936
from_SLR,shared_only,43,3,132,0.022727272727272728,7.508043864571968
from_SLR,shared_only,43,4,132,0.030303030303030304,6.6062854395384925
from_SLR,shared_only,43,5,132,0.03787878787878788,7.834262874191024
from_SLR,shared_only,43,6,132,0.045454545454545456,7.221193347875247
from_SLR,shared_only,43,7,132,0.05303030303030303,7.523085382713319
from_SLR,shared_only,43,8,132,0.06060606060606061,6.867181588710983
from_SLR,shared_only,43,9,132,0.06818181818181818,7.437297346967944
from_SLR,shared_only,43,10,132,0.07575757575757576,7.376294013752068
from_SLR,shared_only,43,11,132,0.08333333333333333,7.307386350749434
from_SLR,shared_only,43,12,132,0.09090909090909091,7.000837377743523
from_SLR,shared_only,43,13,132,0.09848484848484848,7.346429305182602
from_SLR,shared_only,43,14,132,0.10606060606060606,7.244318728851632
from_SLR,shared_only,43,15,132,0.11363636363636363,6.894254798360387
from_SLR,shared_only,43,16,132,0.12121212121212122,6.588149187380167
from_SLR,shared_only,43,17,132,0.12878787878787878,6.779803094744449
from_SLR,shared_only,43,18,132,0.13636363636363635,7.20028793019605
from_SLR,shared_only,43,19,132,0.14393939393939395,6.881332063558502
from_SLR,shared_only,43,20,132,0.15151515151515152,6.850170098520562
from_SLR,shared_only,43,21,132,0.1590909090909091,6.636305945625796
from_SLR,shared_only,43,22,132,0.16666666666666666,6.565426428403068
from_SLR,shared_only,43,23,132,0.17424242424242425,6.437837941419536
from_SLR,shared_only,43,24,132,0.18181818181818182,6.371837623700379
from_SLR,shared_only,43,25,132,0.1893939393939394,6.270693353867546
from_SLR,shared_only,43,26,132,0.19696969696969696,6.311611577802268
from_SLR,shared_only,43,27,132,0.20454545454545456,6.184653006540814
from_SLR,shared_only,43,28,132,0.21212121212121213,6.225439863737627
from_SLR,shared_only,43,29,132,0.2196969696969697,6.072875111626692
from_SLR,shared_only,43,30,132,0.22727272727272727,6.039766332125118
from_SLR,shared_only,43,31,132,0.23484848484848486,5.911578777131252
from_SLR,shared_only,43,32,132,0.24242424242424243,5.8883555418387
from_SLR,shared_only,43,33,132,0.25,5.884065394577574
from_SLR,shared_only,43,34,132,0.25757575757575757,5.818588764470503
from_SLR,shared_only,43,35,132,0.26515151515151514,5.872585187160751
from_SLR,shared_only,43,36,132,0.2727272727272727,5.815150733539314
from_SLR,shared_only,43,37,132,0.2803030303030303,5.8629417614373045
from_SLR,shared_only,43,38,132,0.2878787878787879,6.0036423645752635
from_SLR,shared_only,43,39,132,0.29545454545454547,5.967966617464974
from_SLR,shared_only,43,40,132,0.30303030303030304,5.849175781499195
from_SLR,shared_only,43,41,132,0.3106060606060606,5.763829034353148
from_SLR,shared_only,43,42,132,0.3181818181818182,5.695427119266496
from_SLR,shared_only,43,43,132,0.32575757575757575,5.826124365704823
from_SLR,shared_only,43,44,132,0.3333333333333333,5.8838252468333785
from_SLR,shared_only,43,45,132,0.3409090909090909,5.901276391224246
from_SLR,shared_only,43,46,132,0.3484848484848485,5.92091630099548
from_SLR,shared_only,43,47,132,0.3560606060606061,5.830678217482503
from_SLR,shared_only,43,48,132,0.36363636363636365,5.7639028950660025
from_SLR,shared_only,43,49,132,0.3712121212121212,5.809704654903862
from_SLR,shared_only,43,50,132,0.3787878787878788,5.763367498077651
from_SLR,shared_only,43,51,132,0.38636363636363635,5.714966293043804
from_SLR,shared_only,43,52,132,0.3939393939393939,5.814441212719804
from_SLR,shared_only,43,53,132,0.4015151515151515,5.784102367841444
from_SLR,shared_only,43,54,132,0.4090909090909091,5.714398032235059
from_SLR,shared_only,43,55,132,0.4166666666666667,5.722510445302557
from_SLR,shared_only,43,56,132,0.42424242424242425,5.72088390781091
from_SLR,shared_only,43,57,132,0.4318181818181818,5.720598796591444
from_SLR,shared_only,43,58,132,0.4393939393939394,5.791891083753841
from_SLR,shared_only,43,59,132,0.44696969696969696,5.767310963254848
from_SLR,shared_only,43,60,132,0.45454545454545453,5.749007800764616
from_SLR,shared_only,43,61,132,0.4621212121212121,5.745923031441711
from_SLR,shared_only,43,62,132,0.4696969696969697,5.768327679753771
from_SLR,shared_only,43,63,132,0.4772727272727273,5.817706073305732
from_SLR,shared_only,43,64,132,0.48484848484848486,5.777191743466471
from_SLR,shared_only,43,65,132,0.49242424242424243,5.858174046621929
from_SLR,shared_only,43,66,132,0.5,5.9127899579225165
from_SLR,shared_only,43,67,132,0.5075757575757576,5.9025089835655145
from_SLR,shared_only,43,68,132,0.5151515151515151,5.883658391553756
from_SLR,shared_only,43,69,132,0.5227272727272727,5.836704110437155
from_SLR,shared_only,43,70,132,0.5303030303030303,5.787298193538474
from_SLR,shared_only,43,71,132,0.5378787878787878,5.841790013734205
from_SLR,shared_only,43,72,132,0.5454545454545454,5.84459815570957
from_SLR,shared_only,43,73,132,0.553030303030303,5.835156565769321
from_SLR,shared_only,43,74,132,0.5606060606060606,5.833002028202204
from_SLR,shared_only,43,75,132,0.5681818181818182,5.908373784360988
from_SLR,shared_only,43,76,132,0.5757575757575758,5.889598108169598
from_SLR,shared_only,43,77,132,0.5833333333333334,5.875898789357616
from_SLR,shared_only,43,78,132,0.5909090909090909,5.857858666919842
from_SLR,shared_only,43,79,132,0.5984848484848485,5.806407505829816
from_SLR,shared_only,43,80,132,0.6060606060606061,5.806629958735597
from_SLR,shared_only,43,81,132,0.6136363636363636,5.795953288616247
from_SLR,shared_only,43,82,132,0.6212121212121212,5.795110884913229
from_SLR,shared_only,43,83,132,0.6287878787878788,5.765259080360401
from_SLR,shared_only,43,84,132,0.6363636363636364,5.7841488857961725
from_SLR,shared_only,43,85,132,0.6439393939393939,5.859737938867944
from_SLR,shared_only,43,86,132,0.6515151515151515,5.856823528043816
from_SLR,shared_only,43,87,132,0.6590909090909091,5.9109347835181225
from_SLR,shared_only,43,88,132,0.6666666666666666,5.9054245551712965
from_SLR,shared_only,43,89,132,0.6742424242424242,5.932869691309497
from_SLR,shared_only,43,90,132,0.6818181818181818,5.913496430011396
from_SLR,shared_only,43,91,132,0.6893939393939394,5.936452141038247
from_SLR,shared_only,43,92,132,0.696969696969697,5.896570884034601
from_SLR,shared_only,43,93,132,0.7045454545454546,5.937926225085561
from_SLR,shared_only,43,94,132,0.7121212121212122,5.9224404329815625
from_SLR,shared_only,43,95,132,0.7196969696969697,5.903879755555382
from_SLR,shared_only,43,96,132,0.7272727272727273,5.929130791322451
from_SLR,shared_only,43,97,132,0.7348484848484849,5.943481398051592
from_SLR,shared_only,43,98,132,0.7424242424242424,5.927293164063971
from_SLR,shared_only,43,99,132,0.75,5.940958750545575
from_SLR,shared_only,43,100,132,0.7575757575757576,5.929726819555996
from_SLR,shared_only,43,101,132,0.7651515151515151,5.8934032756716555
from_SLR,shared_only,43,102,132,0.7727272727272727,5.901098080165183
from_SLR,shared_only,43,103,132,0.7803030303030303,5.898012120668229
from_SLR,shared_only,43,104,132,0.7878787878787878,5.8815979035122625
from_SLR,shared_only,43,105,132,0.7954545454545454,5.8755992123923715
from_SLR,shared_only,43,106,132,0.803030303030303,5.908769303956085
from_SLR,shared_only,43,107,132,0.8106060606060606,5.929398398236633
from_SLR,shared_only,43,108,132,0.8181818181818182,5.909739944851148
from_SLR,shared_only,43,109,132,0.8257575757575758,5.915851770174094
from_SLR,shared_only,43,110,132,0.8333333333333334,5.929946287600802
from_SLR,shared_only,43,111,132,0.8409090909090909,5.949387418393107
from_SLR,shared_only,43,112,132,0.8484848484848485,5.959733040850063
from_SLR,shared_only,43,113,132,0.8560606060606061,5.9424250924837425
from_SLR,shared_only,43,114,132,0.8636363636363636,5.963619382293359
from_SLR,shared_only,43,115,132,0.8712121212121212,5.942196522551261
from_SLR,shared_only,43,116,132,0.8787878787878788,5.92911480256228
from_SLR,shared_only,43,117,132,0.8863636363636364,5.909483151857691
from_SLR,shared_only,43,118,132,0.8939393939393939,5.928140022899216
from_SLR,shared_only,43,119,132,0.9015151515151515,5.948454616201712
from_SLR,shared_only,43,120,132,0.9090909090909091,5.955938073265444
from_SLR,shared_only,43,121,132,0.9166666666666666,5.965644677544867
from_SLR,shared_only,43,122,132,0.9242424242424242,5.9705644210565785
from_SLR,shared_only,43,123,132,0.9318181818181818,5.960323057467211
from_SLR,shared_only,43,124,132,0.9393939393939394,5.952808514585185
from_SLR,shared_only,43,125,132,0.946969696969697,5.96596191688862
from_SLR,shared_only,43,126,132,0.9545454545454546,5.957105404177699
from_SLR,shared_only,43,127,132,0.9621212121212122,5.975212071652135
from_SLR,shared_only,43,128,132,0.9696969696969697,5.971111680553318
from_SLR,shared_only,43,129,132,0.9772727272727273,5.978841701216961
from_SLR,shared_only,43,130,132,0.9848484848484849,5.981253442933067
from_SLR,shared_only,43,131,132,0.9924242424242424,5.9958932553885305
from_SLR,shared_only,43,132,132,1.0,6.019270285054134
mixed,consistency,17,1,264,0.003787878787878788,1.3224952424912741
mixed,consistency,17,2,264,0.007575757575757576,1.6556437014758207
mixed,consistency,17,3,264,0.011363636363636364,1.9011761833786849
mixed,consistency,17,4,264,0.015151515151515152,2.0820380036201507
mixed,consistency,17,5,264,0.01893939393939394,2.035478656403263
mixed,consistency,17,6,264,0.022727272727272728,2.0222160520123347
mixed,consistency,17,7,264,0.026515151515151516,2.2181832955662095
mixed,consistency,17,8,264,0.030303030303030304,2.6617360844855193
mixed,consistency,17,9,264,0.03409090909090909,2.8991770857222963
mixed,consistency,17,10,264,0.03787878787878788,2.9188832723453055
mixed,consistency,17,11,264,0.041666666666666664,2.8259894116514346
mixed,consistency,17,12,264,0.045454545454545456,2.97844054232258
mixed,consistency,17,13,264,0.04924242424242424,3.132861100731479
mixed,consistency,17,14,264,0.05303030303030303,2.9631864087275424
mixed,consistency,17,15,264,0.056818181818181816,2.9699087938003026
mixed,consistency,17,16,264,0.06060606060606061,3.0471452617700217
mixed,consistency,17,17,264,0.06439393939393939,3.011950652927789
mixed,consistency,17,18,264,0.06818181818181818,3.0304882728231357
mixed,consistency,17,19,264,0.07196969696969698,3.050332788703312
mixed,consistency,17,20,264,0.07575757575757576,2.931893441157446
mixed,consistency,17,21,264,0.07954545454545454,3.100701747630121
mixed,consistency,17,22,264,0.08333333333333333,3.198175304231123
mixed,consistency,17,23,264,0.08712121212121213,3.179021250414715
mixed,consistency,17,24,264,0.09090909090909091,3.214339168693679
mixed,consistency,17,25,264,0.0946969696969697,3.2637379388291787
mixed,consistency,17,26,264,0.09848484848484848,3.242936293043746
mixed,consistency,17,27,264,0.10227272727272728,3.1961719138309133
mixed,consistency,17,28,264,0.10606060606060606,3.13588537457666
mixed,consistency,17,29,264,0.10984848484848485,3.0677065321091974
mixed,consistency,17,30,264,0.11363636363636363,3.094979131569174
mixed,consistency,17,31,264,0.11742424242424243,3.05516834782259
mixed,consistency,17,32,264,0.12121212121212122,3.131494171223296
mixed,consistency,17,33,264,0.125,3.299682527076774
mixed,consistency,17,34,264,0.12878787878787878,3.302587862875424
mixed,consistency,17,35,264,0.13257575757575757,3.26274579573654
mixed,consistency,17,36,264,0.13636363636363635,3.213844022942348
mixed,consistency,17,37,264,0.14015151515151514,3.2058029358258096
mixed,consistency,17,38,264,0.14393939393939395,3.183369348136664
mixed,consistency,17,39,264,0.14772727272727273,3.1895635346305284
mixed,consistency,17,40,264,0.15151515151515152,3.1875382422204384
mixed,consistency,17,41,264,0.1553030303030303,3.214809513502722
mixed,consistency,17,42,264,0.1590909090909091,3.1676245246020978
mixed,consistency,17,43,264,0.16287878787878787,3.117930532378072
mixed,consistency,17,44,264,0.16666666666666666,3.0998377122643905
mixed,consistency,17,45,264,0.17045454545454544,3.153221721804592
mixed,consistency,17,46,264,0.17424242424242425,3.1354630777439683
mixed,consistency,17,47,264,0.17803030303030304,3.1777212670437422
mixed,consistency,17,48,264,0.18181818181818182,3.242460317971156
mixed,consistency,17,49,264,0.1856060606060606,3.212362190096235
mixed,consistency,17,50,264,0.1893939393939394,3.3768445525200286
mixed,consistency,17,51,264,0.19318181818181818,3.3895351604129162
mixed,consistency,17,52,264,0.19696969696969696,3.4260737708761684
mixed,consistency,17,53,264,0.20075757575757575,3.39964166409762
mixed,consistency,17,54,264,0.20454545454545456,3.368531279693481
mixed,consistency,17,55,264,0.20833333333333334,3.337982394095103
mixed,consistency,17,56,264,0.21212121212121213,3.3041927207080093
mixed,consistency,17,57,264,0.2159090909090909,3.301708642663445
mixed,consistency,17,58,264,0.2196969696969697,3.356060924742488
mixed,consistency,17,59,264,0.22348484848484848,3.4256105717866943
mixed,consistency,17,60,264,0.22727272727272727,3.44036494559223
mixed,consistency,17,61,264,0.23106060606060605,3.42647261455974
mixed,consistency,17,62,264,0.23484848484848486,3.4038646369770977
mixed,consistency,17,63,264,0.23863636363636365,3.368375401053077
mixed,consistency,17,64,264,0.24242424242424243,3.3528159409538554
mixed,consistency,17,65,264,0.24621212121212122,3.3692821647522644
mixed,consistency,17,66,264,0.25,3.3619385013274203
mixed,consistency,17,67,264,0.2537878787878788,3.386379589531057
mixed,consistency,17,68,264,0.25757575757575757,3.42902860870982
mixed,consistency,17,69,264,0.26136363636363635,3.4233584405110404
mixed,consistency,17,70,264,0.26515151515151514,3.4082548281687295
mixed,consistency,17,71,264,0.2689393939393939,3.394078790810371
mixed,consistency,17,72,264,0.2727272727272727,3.3809996710117765
mixed,consistency,17,73,264,0.2765151515151515,3.3545715584767826
mixed,consistency,17,74,264,0.2803030303030303,3.3341922920004063
mixed,consistency,17,75,264,0.2840909090909091,3.309517003672193
mixed,consistency,17,76,264,0.2878787878787879,3.2911779238174588
mixed,consistency,17,77,264,0.2916666666666667,3.283980881617638
mixed,consistency,17,78,264,0.29545454545454547,3.257222947608512
mixed,consistency,17,79,264,0.29924242424242425,3.253731605013612
mixed,consistency,17,80,264,0.30303030303030304,3.233411513609654
mixed,consistency,17,81,264,0.3068181818181818,3.263990272700415
mixed,consistency,17,82,264,0.3106060606060606,3.2453721758945067
mixed,consistency,17,83,264,0.3143939393939394,3.2232351358526103
mixed,consistency,17,84,264,0.3181818181818182,3.198898456860949
mixed,consistency,17,85,264,0.32196969696969696,3.180944757359125
mixed,consistency,17,86,264,0.32575757575757575,3.1655745019360335
mixed,consistency,17,87,264,0.32954545454545453,3.172755523608366
mixed,consistency,17,88,264,0.3333333333333333,3.152627310219191
mixed,consistency,17,89,264,0.3371212121212121,3.149316355922154
mixed,consistency,17,90,264,0.3409090909090909,3.183428172357539
mixed,consistency,17,91,264,0.3446969696969697,3.1929512889731213
mixed,consistency,17,92,264,0.3484848484848485,3.241238354154514
mixed,consistency,17,93,264,0.3522727272727273,3.238030291510785
mixed,consistency,17,94,264,0.3560606060606061,3.219366635431808
mixed,consistency,17,95,264,0.35984848484848486,3.215910492131849
mixed,consistency,17,96,264,0.36363636363636365,3.2044612612234897
mixed,consistency,17,97,264,0.36742424242424243,3.224852544833672
mixed,consistency,17,98,264,0.3712121212121212,3.2147947141978803
mixed,consistency,17,99,264,0.375,3.206212873859843
mixed,consistency,17,100,264,0.3787878787878788,3.2196936807690117
mixed,consistency,17,101,264,0.38257575757575757,3.2092732572224056
mixed,consistency,17,102,264,0.38636363636363635,3.2271074904150834
mixed,consistency,17,103,264,0.39015151515151514,3.285830373461476
mixed,consistency,17,104,264,0.3939393939393939,3.275591532261685
mixed,consistency,17,105,264,0.3977272727272727,3.294133533630015
mixed,consistency,17,106,264,0.4015151515151515,3.2674892484410742
mixed,consistency,17,107,264,0.4053030303030303,3.288522045966501
mixed,consistency,17,108,264,0.4090909090909091,3.2713381329686504
mixed,consistency,17,109,264,0.4128787878787879,3.2582822633458504
mixed,consistency,17,110,264,0.4166666666666667,3.280828755194808
mixed,consistency,17,111,264,0.42045454545454547,3.267050851857835
mixed,consistency,17,112,264,0.42424242424242425,3.2567310803438914
mixed,consistency,17,113,264,0.42803030303030304,3.2524512982116005
mixed,consistency,17,114,264,0.4318181818181818,3.243157465812702
mixed,consistency,17,115,264,0.4356060606060606,3.2626352737823354
mixed,consistency,17,116,264,0.4393939393939394,3.295164795897623
mixed,consistency,17,117,264,0.4431818181818182,3.320733627515234
mixed,consistency,17,118,264,0.44696969696969696,3.3337839961601516
mixed,consistency,17,119,264,0.45075757575757575,3.3315097276000434
mixed,consistency,17,120,264,0.45454545454545453,3.3527084020364613
mixed,consistency,17,121,264,0.4583333333333333,3.3407299433023034
mixed,consistency,17,122,264,0.4621212121212121,3.3610705532746894
mixed,consistency,17,123,264,0.4659090909090909,3.343300780198435
mixed,consistency,17,124,264,0.4696969696969697,3.3860288239172966
mixed,consistency,17,125,264,0.4734848484848485,3.425097445252239
mixed,consistency,17,126,264,0.4772727272727273,3.420844102796118
mixed,consistency,17,127,264,0.4810606060606061,3.412694610898311
mixed,consistency,17,128,264,0.48484848484848486,3.427689744972323
mixed,consistency,17,129,264,0.48863636363636365,3.414755467422202
mixed,consistency,17,130,264,0.49242424242424243,3.407698708363373
mixed,consistency,17,131,264,0.4962121212121212,3.432094571365368
mixed,consistency,17,132,264,0.5,3.4219323024273245
mixed,consistency,17,133,264,0.5037878787878788,3.427171389641348
mixed,consistency,17,134,264,0.5075757575757576,3.4150954796276634
mixed,consistency,17,135,264,0.5113636363636364,3.4133563945975647
mixed,consistency,17,136,264,0.5151515151515151,3.4016433783916304
mixed,consistency,17,137,264,0.5189393939393939,3.405570467579232
mixed,consistency,17,138,264,0.5227272727272727,3.455449387480404
mixed,consistency,17,139,264,0.5265151515151515,3.472120896381883
mixed,consistency,17,140,264,0.5303030303030303,3.4684068644109822
mixed,consistency,17,141,264,0.5340909090909091,3.459642919867952
mixed,consistency,17,142,264,0.5378787878787878,3.4565737821099134
mixed,consistency,17,143,264,0.5416666666666666,3.4792386053917905
mixed,consistency,17,144,264,0.5454545454545454,3.4669481055932905
mixed,consistency,17,145,264,0.5492424242424242,3.4646539479033747
mixed,consistency,17,146,264,0.553030303030303,3.4493052526021475
mixed,consistency,17,147,264,0.5568181818181818,3.4304336775422035
mixed,consistency,17,148,264,0.5606060606060606,3.4234078074720857
mixed,consistency,17,149,264,0.5643939393939394,3.4353446886702197
mixed,consistency,17,150,264,0.5681818181818182,3.4475842835105444
mixed,consistency,17,151,264,0.571969696969697,3.4453567045783835
mixed,consistency,17,152,264,0.5757575757575758,3.4627357919538424
mixed,consistency,17,153,264,0.5795454545454546,3.4758592180294183
mixed,consistency,17,154,264,0.5833333333333334,3.4728518811844893
mixed,consistency,17,155,264,0.5871212121212122,3.478901646985435
mixed,consistency,17,156,264,0.5909090909090909,3.4909446097929684
mixed,consistency,17,157,264,0.5946969696969697,3.472495853693207
mixed,consistency,17,158,264,0.5984848484848485,3.458694113758454
mixed,consistency,17,159,264,0.6022727272727273,3.4541756842337765
mixed,consistency,17,160,264,0.6060606060606061,3.449513802194038
mixed,consistency,17,161,264,0.6098484848484849,3.4537515013822913
mixed,consistency,17,162,264,0.6136363636363636,3.440533242496695
mixed,consistency,17,163,264,0.6174242424242424,3.429490464418235
mixed,consistency,17,164,264,0.6212121212121212,3.4237029633229534
mixed,consistency,17,165,264,0.625,3.439420733213104
mixed,consistency,17,166,264,0.6287878787878788,3.4404380387456226
mixed,consistency,17,167,264,0.6325757575757576,3.440275200661572
mixed,consistency,17,168,264,0.6363636363636364,3.433397188458514
mixed,consistency,17,169,264,0.6401515151515151,3.453463384311364
mixed,consistency,17,170,264,0.6439393939393939,3.4864953435053927
mixed,consistency,17,171,264,0.6477272727272727,3.521731307796333
mixed,consistency,17,172,264,0.6515151515151515,3.5116598882826398
mixed,consistency,17,173,264,0.6553030303030303,3.5193201714540145
mixed,consistency,17,174,264,0.6590909090909091,3.537525788262029
mixed,consistency,17,175,264,0.6628787878787878,3.530051524925859
mixed,consistency,17,176,264,0.6666666666666666,3.540449460141394
mixed,consistency,17,177,264,0.6704545454545454,3.527673045914561
mixed,consistency,17,178,264,0.6742424242424242,3.5199009751104877
mixed,consistency,17,179,264,0.678030303030303,3.5324341699935715
mixed,consistency,17,180,264,0.6818181818181818,3.517057481167585
mixed,consistency,17,181,264,0.6856060606060606,3.5298636763105913
mixed,consistency,17,182,264,0.6893939393939394,3.5329312693994415
mixed,consistency,17,183,264,0.6931818181818182,3.543965281651132
mixed,consistency,17,184,264,0.696969696969697,3.563087355800901
mixed,consistency,17,185,264,0.7007575757575758,3.5672163154999876
mixed,consistency,17,186,264,0.7045454545454546,3.5563571630972954
mixed,consistency,17,187,264,0.7083333333333334,3.5429318809253285
mixed,consistency,17,188,264,0.7121212121212122,3.5499734699719476
mixed,consistency,17,189,264,0.7159090909090909,3.5424471505217463
mixed,consistency,17,190,264,0.7196969696969697,3.534574630187213
mixed,consistency,17,191,264,0.7234848484848485,3.52542837920013
mixed,consistency,17,192,264,0.7272727272727273,3.524070162995305
mixed,consistency,17,193,264,0.7310606060606061,3.521727202950176
mixed,consistency,17,194,264,0.7348484848484849,3.524470047584906
mixed,consistency,17,195,264,0.7386363636363636,3.5267773288029134
mixed,consistency,17,196,264,0.7424242424242424,3.515382093475874
mixed,consistency,17,197,264,0.7462121212121212,3.5031701540137483
mixed,consistency,17,198,264,0.75,3.4972580870479213
mixed,consistency,17,199,264,0.7537878787878788,3.5181243028261333
mixed,consistency,17,200,264,0.7575757575757576,3.524918598369346
mixed,consistency,17,201,264,0.7613636363636364,3.5260824306002756
mixed,consistency,17,202,264,0.7651515151515151,3.5188712354754763
mixed,consistency,17,203,264,0.7689393939393939,3.5086766246688255
mixed,consistency,17,204,264,0.7727272727272727,3.508622733616122
mixed,consistency,17,205,264,0.7765151515151515,3.4986880312009254
mixed,consistency,17,206,264,0.7803030303030303,3.499019610811765
mixed,consistency,17,207,264,0.7840909090909091,3.4919420461797825
mixed,consistency,17,208,264,0.7878787878787878,3.494370438959395
mixed,consistency,17,209,264,0.7916666666666666,3.4919382656310094
mixed,consistency,17,210,264,0.7954545454545454,3.483579304999882
mixed,consistency,17,211,264,0.7992424242424242,3.4727693935137225
mixed,consistency,17,212,264,0.803030303030303,3.4731424745093715
mixed,consistency,17,213,264,0.8068181818181818,3.462725272858115
mixed,consistency,17,214,264,0.8106060606060606,3.4667781176047447
mixed,consistency,17,215,264,0.8143939393939394,3.4632232937185368
mixed,consistency,17,216,264,0.8181818181818182,3.4506916213069334
mixed,consistency,17,217,264,0.821969696969697,3.44988996444136
mixed,consistency,17,218,264,0.8257575757575758,3.447917063049683
mixed,consistency,17,219,264,0.8295454545454546,3.439675946808959
mixed,consistency,17,220,264,0.8333333333333334,3.431556149775712
mixed,consistency,17,221,264,0.8371212121212122,3.424906595288536
mixed,consistency,17,222,264,0.8409090909090909,3.426788920849908
mixed,consistency,17,223,264,0.8446969696969697,3.4182471938066548
mixed,consistency,17,224,264,0.8484848484848485,3.4133984808194358
mixed,consistency,17,225,264,0.8522727272727273,3.4088665192861973
mixed,consistency,17,226,264,0.8560606060606061,3.4124704723938586
mixed,consistency,17,227,264,0.8598484848484849,3.406672682089093
mixed,consistency,17,228,264,0.8636363636363636,3.4067935610629703
mixed,consistency,17,229,264,0.8674242424242424,3.400819142517289
mixed,consistency,17,230,264,0.8712121212121212,3.40323415215863
mixed,consistency,17,231,264,0.875,3.403784564666184
mixed,consistency,17,232,264,0.8787878787878788,3.4152908982126444
mixed,consistency,17,233,264,0.8825757575757576,3.410870814067078
mixed,consistency,17,234,264,0.8863636363636364,3.4110233461346846
mixed,consistency,17,235,264,0.8901515151515151,3.405134356900514
mixed,consistency,17,236,264,0.8939393939393939,3.404750884670617
mixed,consistency,17,237,264,0.8977272727272727,3.3994574822264405
mixed,consistency,17,238,264,0.9015151515151515,3.393805669987902
mixed,consistency,17,239,264,0.9053030303030303,3.3893170610258023
mixed,consistency,17,240,264,0.9090909090909091,3.386014071367482
mixed,consistency,17,241,264,0.9128787878787878,3.38628338767368
mixed,consistency,17,242,264,0.9166666666666666,3.3906047636949315
mixed,consistency,17,243,264,0.9204545454545454,3.379578681832618
mixed,consistency,17,244,264,0.9242424242424242,3.3727271976531727
mixed,consistency,17,245,264,0.928030303030303,3.368078366389023
mixed,consistency,17,246,264,0.9318181818181818,3.3668371342961163
mixed,consistency,17,247,264,0.9356060606060606,3.360287301208866
mixed,consistency,17,248,264,0.9393939393939394,3.3585237821812464
mixed,consistency,17,249,264,0.9431818181818182,3.347558758681039
mixed,consistency,17,250,264,0.946969696969697,3.342502387892529
mixed,consistency,17,251,264,0.9507575757575758,3.339120422386427
mixed,consistency,17,252,264,0.9545454545454546,3.3368581001627193
mixed,consistency,17,253,264,0.9583333333333334,3.3341890425997476
mixed,consistency,17,254,264,0.9621212121212122,3.3239602424280195
mixed,consistency,17,255,264,0.9659090909090909,3.321330672073592
mixed,consistency,17,256,264,0.9696969696969697,3.32305686212157
mixed,consistency,17,257,264,0.9734848484848485,3.3348899991682726
mixed,consistency,17,258,264,0.9772727272727273,3.338981830814256
mixed,consistency,17,259,264,0.9810606060606061,3.339438349434335
mixed,consistency,17,260,264,0.9848484848484849,3.3307375964596013
mixed,consistency,17,261,264,0.9886363636363636,3.3362895879918932
mixed,consistency,17,262,264,0.9924242424242424,3.3371487439209893
mixed,consistency,17,263,264,0.9962121212121212,3.3430468247875864
mixed,consistency,17,264,264,1.0,3.3449435032634147
mixed,consistency,29,1,264,0.003787878787878788,5.417571347053458
mixed,consistency,29,2,264,0.007575757575757576,3.8602396309146316
mixed,consistency,29,3,264,0.011363636363636364,3.373785304294934
mixed,consistency,29,4,264,0.015151515151515152,3.1757588772188354
mixed,consistency,29,5,264,0.01893939393939394,3.6355837614404143
mixed,consistency,29,6,264,0.022727272727272728,3.683759032798134
mixed,consistency,29,7,264,0.026515151515151516,3.465526395914743
mixed,consistency,29,8,264,0.030303030303030304,3.7205177893254113
mixed,consistency,29,9,264,0.03409090909090909,3.968784922062293
mixed,consistency,29,10,264,0.03787878787878788,3.8338377688886007
mixed,consistency,29,11,264,0.041666666666666664,3.609291815115682
mixed,consistency,29,12,264,0.045454545454545456,3.440722139058902
mixed,consistency,29,13,264,0.04924242424242424,3.522900276982355
mixed,consistency,29,14,264,0.05303030303030303,3.7009489743289383
mixed,consistency,29,15,264,0.056818181818181816,3.6473210730021846
mixed,consistency,29,16,264,0.06060606060606061,3.825033696352774
mixed,consistency,29,17,264,0.06439393939393939,3.8801056199720305
mixed,consistency,29,18,264,0.06818181818181818,3.8565497325389497
mixed,consistency,29,19,264,0.07196969696969698,3.7934025242850327
mixed,consistency,29,20,264,0.07575757575757576,3.721966796216286
mixed,consistency,29,21,264,0.07954545454545454,3.679529895596334
mixed,consistency,29,22,264,0.08333333333333333,3.5594440204483346
mixed,consistency,29,23,264,0.08712121212121213,3.461047181826258
mixed,consistency,29,24,264,0.09090909090909091,3.3787570463179892
mixed,consistency,29,25,264,0.0946969696969697,3.3075398170407446
mixed,consistency,29,26,264,0.09848484848484848,3.413008790644978
mixed,consistency,29,27,264,0.10227272727272728,3.5438505001942646
mixed,consistency,29,28,264,0.10606060606060606,3.4868657123575306
mixed,consistency,29,29,264,0.10984848484848485,3.5484296626746588
mixed,consistency,29,30,264,0.11363636363636363,3.6348833347543104
mixed,consistency,29,31,264,0.11742424242424243,3.6058344721387554
mixed,consistency,29,32,264,0.12121212121212122,3.5205770019630096
mixed,consistency,29,33,264,0.125,3.496945571201509
mixed,consistency,29,34,264,0.12878787878787878,3.460977263007873
mixed,consistency,29,35,264,0.13257575757575757,3.4004201124712883
mixed,consistency,29,36,264,0.13636363636363635,3.374753120376363
mixed,consistency,29,37,264,0.14015151515151514,3.359156034025983
mixed,consistency,29,38,264,0.14393939393939395,3.3982377389828744
mixed,consistency,29,39,264,0.14772727272727273,3.5269587277069694
mixed,consistency,29,40,264,0.15151515151515152,3.544301441933223
mixed,consistency,29,41,264,0.1553030303030303,3.574394610865008
mixed,consistency,29,42,264,0.1590909090909091,3.55762767994319
mixed,consistency,29,43,264,0.16287878787878787,3.6983119586280675
mixed,consistency,29,44,264,0.16666666666666666,3.677498090535396
mixed,consistency,29,45,264,0.17045454545454544,3.615649793733291
mixed,consistency,29,46,264,0.17424242424242425,3.7070683464265444
mixed,consistency,29,47,264,0.17803030303030304,3.673134397484314
mixed,consistency,29,48,264,0.18181818181818182,3.6652468608591415
mixed,consistency,29,49,264,0.1856060606060606,3.657672988074262
mixed,consistency,29,50,264,0.1893939393939394,3.619967635684592
mixed,consistency,29,51,264,0.19318181818181818,3.674846435178993
mixed,consistency,29,52,264,0.19696969696969696,3.6361754465808898
mixed,consistency,29,53,264,0.20075757575757575,3.7099254406968276
mixed,consistency,29,54,264,0.20454545454545456,3.6882668096831313
mixed,consistency,29,55,264,0.20833333333333334,3.6682162838269234
mixed,consistency,29,56,264,0.21212121212121213,3.7235406140270655
mixed,consistency,29,57,264,0.2159090909090909,3.7431211248669243
mixed,consistency,29,58,264,0.2196969696969697,3.6945974308732223
mixed,consistency,29,59,264,0.22348484848484848,3.684538655311776
mixed,consistency,29,60,264,0.22727272727272727,3.745354482556538
mixed,consistency,29,61,264,0.23106060606060605,3.72202443897486
mixed,consistency,29,62,264,0.23484848484848486,3.744390243261284
mixed,consistency,29,63,264,0.23863636363636365,3.736186642412226
mixed,consistency,29,64,264,0.24242424242424243,3.7149575709152844
mixed,consistency,29,65,264,0.24621212121212122,3.718826450008217
mixed,consistency,29,66,264,0.25,3.6940753373293314
mixed,consistency,29,67,264,0.2537878787878788,3.6563378204305277
mixed,consistency,29,68,264,0.25757575757575757,3.7000878394589005
mixed,consistency,29,69,264,0.26136363636363635,3.665025334463256
mixed,consistency,29,70,264,0.26515151515151514,3.6531659868058877
mixed,consistency,29,71,264,0.2689393939393939,3.6376457699434366
mixed,consistency,29,72,264,0.2727272727272727,3.63135489702249
mixed,consistency,29,73,264,0.2765151515151515,3.6126280737573193
mixed,consistency,29,74,264,0.2803030303030303,3.6406085672828015
mixed,consistency,29,75,264,0.2840909090909091,3.624921385179286
mixed,consistency,29,76,264,0.2878787878787879,3.6107364186685844
mixed,consistency,29,77,264,0.2916666666666667,3.6313585441836578
mixed,consistency,29,78,264,0.29545454545454547,3.624563827907566
mixed,consistency,29,79,264,0.29924242424242425,3.6670854948737857
mixed,consistency,29,80,264,0.30303030303030304,3.658177185908593
mixed,consistency,29,81,264,0.3068181818181818,3.6628779208394615
mixed,consistency,29,82,264,0.3106060606060606,3.650750309448927
mixed,consistency,29,83,264,0.3143939393939394,3.63731598006808
mixed,consistency,29,84,264,0.3181818181818182,3.625074313891442
mixed,consistency,29,85,264,0.32196969696969696,3.6073269832214225
mixed,consistency,29,86,264,0.32575757575757575,3.5956366079506648
mixed,consistency,29,87,264,0.32954545454545453,3.57158090880475
mixed,consistency,29,88,264,0.3333333333333333,3.572371959235927
mixed,consistency,29,89,264,0.3371212121212121,3.579416928073789
mixed,consistency,29,90,264,0.3409090909090909,3.566862100963665
mixed,consistency,29,91,264,0.3446969696969697,3.5561600762639802
mixed,consistency,29,92,264,0.3484848484848485,3.541530776585901
mixed,consistency,29,93,264,0.3522727272727273,3.5417255635552687
mixed,consistency,29,94,264,0.3560606060606061,3.5430238964797494
mixed,consistency,29,95,264,0.35984848484848486,3.5149498928282767
mixed,consistency,29,96,264,0.36363636363636365,3.5007901686974474
mixed,consistency,29,97,264,0.36742424242424243,3.4806941797602136
mixed,consistency,29,98,264,0.3712121212121212,3.506150449421528
mixed,consistency,29,99,264,0.375,3.518919519371044
mixed,consistency,29,100,264,0.3787878787878788,3.5127046886454827
mixed,consistency,29,101,264,0.38257575757575757,3.4918362145678463
mixed,consistency,29,102,264,0.38636363636363635,3.50690188973714
mixed,consistency,29,103,264,0.39015151515151514,3.4987768576722162
mixed,consistency,29,104,264,0.3939393939393939,3.4798600593775477
mixed,consistency,29,105,264,0.3977272727272727,3.4597633970203145
mixed,consistency,29,106,264,0.4015151515151515,3.449497717764468
mixed,consistency,29,107,264,0.4053030303030303,3.4480495909946103
mixed,consistency,29,108,264,0.4090909090909091,3.480849723042118
mixed,consistency,29,109,264,0.4128787878787879,3.5121828083811395
mixed,consistency,29,110,264,0.4166666666666667,3.5071065359898013
mixed,consistency,29,111,264,0.42045454545454547,3.4976994141325295
mixed,consistency,29,112,264,0.42424242424242425,3.5141381807624343
mixed,consistency,29,113,264,0.42803030303030304,3.5271613502389605
mixed,consistency,29,114,264,0.4318181818181818,3.5127795927359404
mixed,consistency,29,115,264,0.4356060606060606,3.5070010242115908
mixed,consistency,29,116,264,0.4393939393939394,3.5228085710375687
mixed,consistency,29,117,264,0.4431818181818182,3.517260421558299
mixed,consistency,29,118,264,0.44696969696969696,3.538530537351587
mixed,consistency,29,119,264,0.45075757575757575,3.5515464690719263
mixed,consistency,29,120,264,0.45454545454545453,3.5863819436124036
mixed,consistency,29,121,264,0.4583333333333333,3.591518823181283
mixed,consistency,29,122,264,0.4621212121212121,3.609363562240108
mixed,consistency,29,123,264,0.4659090909090909,3.5920843384172167
mixed,consistency,29,124,264,0.4696969696969697,3.5797149170647953
mixed,consistency,29,125,264,0.4734848484848485,3.573420346893713
mixed,consistency,29,126,264,0.4772727272727273,3.554199650312921
mixed,consistency,29,127,264,0.4810606060606061,3.5494667289891924
mixed,consistency,29,128,264,0.48484848484848486,3.5507466715574347
mixed,consistency,29,129,264,0.48863636363636365,3.5676372869812556
mixed,consistency,29,130,264,0.49242424242424243,3.5580960400886883
mixed,consistency,29,131,264,0.4962121212121212,3.5562491702966335
mixed,consistency,29,132,264,0.5,3.5580241582212073
mixed,consistency,29,133,264,0.5037878787878788,3.550478447113151
mixed,consistency,29,134,264,0.5075757575757576,3.542972015355934
mixed,consistency,29,135,264,0.5113636363636364,3.5552171153412004
mixed,consistency,29,136,264,0.5151515151515151,3.5746372551387116
mixed,consistency,29,137,264,0.5189393939393939,3.5991929208308693
mixed,consistency,29,138,264,0.5227272727272727,3.595671836236195
mixed,consistency,29,139,264,0.5265151515151515,3.6065762594731563
mixed,consistency,29,140,264,0.5303030303030303,3.5936295667190197
mixed,consistency,29,141,264,0.5340909090909091,3.5906502366803053
mixed,consistency,29,142,264,0.5378787878787878,3.606834637496159
mixed,consistency,29,143,264,0.5416666666666666,3.6133054221926666
mixed,consistency,29,144,264,0.5454545454545454,3.636138868268196
mixed,consistency,29,145,264,0.5492424242424242,3.639151305601673
mixed,consistency,29,146,264,0.553030303030303,3.660852347368396
mixed,consistency,29,147,264,0.5568181818181818,3.6603913630588183
mixed,consistency,29,148,264,0.5606060606060606,3.6704964384903
mixed,consistency,29,149,264,0.5643939393939394,3.660984749171021
mixed,consistency,29,150,264,0.5681818181818182,3.6635226401316157
mixed,consistency,29,151,264,0.571969696969697,3.6533487542646395
mixed,consistency,29,152,264,0.5757575757575758,3.6356379790312117
mixed,consistency,29,153,264,0.5795454545454546,3.618963709800679
mixed,consistency,29,154,264,0.5833333333333334,3.6231995424741408
mixed,consistency,29,155,264,0.5871212121212122,3.6116015846218135
mixed,consistency,29,156,264,0.5909090909090909,3.627530905100424
mixed,consistency,29,157,264,0.5946969696969697,3.627660562713881
mixed,consistency,29,158,264,0.5984848484848485,3.630076089190632
mixed,consistency,29,159,264,0.6022727272727273,3.6186241020691976
mixed,consistency,29,160,264,0.6060606060606061,3.632942457196497
mixed,consistency,29,161,264,0.6098484848484849,3.6169882689078494
mixed,consistency,29,162,264,0.6136363636363636,3.609135042040717
mixed,consistency,29,163,264,0.6174242424242424,3.608410369216452
mixed,consistency,29,164,264,0.6212121212121212,3.5958615368526687
mixed,consistency,29,165,264,0.625,3.593776285660806
mixed,consistency,29,166,264,0.6287878787878788,3.595278602870028
mixed,consistency,29,167,264,0.6325757575757576,3.5846762257459157
mixed,consistency,29,168,264,0.6363636363636364,3.5790046800392514
mixed,consistency,29,169,264,0.6401515151515151,3.563222995314196
mixed,consistency,29,170,264,0.6439393939393939,3.558292378026677
mixed,consistency,29,171,264,0.6477272727272727,3.5398586484660832
mixed,consistency,29,172,264,0.6515151515151515,3.547937729446892
mixed,consistency,29,173,264,0.6553030303030303,3.5525488391723923
mixed,consistency,29,174,264,0.6590909090909091,3.551866379774716
mixed,consistency,29,175,264,0.6628787878787878,3.565060123484764
mixed,consistency,29,176,264,0.6666666666666666,3.5602433552725326
mixed,consistency,29,177,264,0.6704545454545454,3.581624772531285
mixed,consistency,29,178,264,0.6742424242424242,3.5857502670385504
mixed,consistency,29,179,264,0.678030303030303,3.594713826317692
mixed,consistency,29,180,264,0.6818181818181818,3.6050908565257234
mixed,consistency,29,181,264,0.6856060606060606,3.620491017481571
mixed,consistency,29,182,264,0.6893939393939394,3.6113518625099945
mixed,consistency,29,183,264,0.6931818181818182,3.5989589557850246
mixed,consistency,29,184,264,0.696969696969697,3.5950835363844518
mixed,consistency,29,185,264,0.7007575757575758,3.5855658775919976
mixed,consistency,29,186,264,0.7045454545454546,3.5956663260891935
mixed,consistency,29,187,264,0.7083333333333334,3.591625405904154
mixed,consistency,29,188,264,0.7121212121212122,3.608855646845696
mixed,consistency,29,189,264,0.7159090909090909,3.606116353684712
mixed,consistency,29,190,264,0.7196969696969697,3.5980672887504856
mixed,consistency,29,191,264,0.7234848484848485,3.5929636465139994
mixed,consistency,29,192,264,0.7272727272727273,3.58581613724591
mixed,consistency,29,193,264,0.7310606060606061,3.576361128888058
mixed,consistency,29,194,264,0.7348484848484849,3.578612981836051
mixed,consistency,29,195,264,0.7386363636363636,3.564447578225692
mixed,consistency,29,196,264,0.7424242424242424,3.562895156519706
mixed,consistency,29,197,264,0.7462121212121212,3.5565881007621343
mixed,consistency,29,198,264,0.75,3.552733611726672
mixed,consistency,29,199,264,0.7537878787878788,3.5505963467911017
mixed,consistency,29,200,264,0.7575757575757576,3.5524884946542663
mixed,consistency,29,201,264,0.7613636363636364,3.549070933905783
mixed,consistency,29,202,264,0.7651515151515151,3.5477437579170856
mixed,consistency,29,203,264,0.7689393939393939,3.5358381172608055
mixed,consistency,29,204,264,0.7727272727272727,3.5331519433157084
mixed,consistency,29,205,264,0.7765151515151515,3.555469946082486
mixed,consistency,29,206,264,0.7803030303030303,3.5721207420900307
mixed,consistency,29,207,264,0.7840909090909091,3.5699450420732184
mixed,consistency,29,208,264,0.7878787878787878,3.5678082386409877
mixed,consistency,29,209,264,0.7916666666666666,3.5600581129040334
mixed,consistency,29,210,264,0.7954545454545454,3.5542518751341303
mixed,consistency,29,211,264,0.7992424242424242,3.5501075195044343
mixed,consistency,29,212,264,0.803030303030303,3.5467775216198283
mixed,consistency,29,213,264,0.8068181818181818,3.54713450374375
mixed,consistency,29,214,264,0.8106060606060606,3.5436296640751936
mixed,consistency,29,215,264,0.8143939393939394,3.5356704549315854
mixed,consistency,29,216,264,0.8181818181818182,3.5326717970545793
mixed,consistency,29,217,264,0.821969696969697,3.5390635488212556
mixed,consistency,29,218,264,0.8257575757575758,3.532148043505946
mixed,consistency,29,219,264,0.8295454545454546,3.524834048432875
mixed,consistency,29,220,264,0.8333333333333334,3.5342136962170616
mixed,consistency,29,221,264,0.8371212121212122,3.562991036791828
mixed,consistency,29,222,264,0.8409090909090909,3.556178012917732
mixed,consistency,29,223,264,0.8446969696969697,3.5525597845946835
mixed,consistency,29,224,264,0.8484848484848485,3.541485111049471
mixed,consistency,29,225,264,0.8522727272727273,3.5377026276205714
mixed,consistency,29,226,264,0.8560606060606061,3.533762460745159
mixed,consistency,29,227,264,0.8598484848484849,3.5285330108987223
mixed,consistency,29,228,264,0.8636363636363636,3.527850956820307
mixed,consistency,29,229,264,0.8674242424242424,3.5349079637580734
mixed,consistency,29,230,264,0.8712121212121212,3.546822040455159
mixed,consistency,29,231,264,0.875,3.542169619281263
mixed,consistency,29,232,264,0.8787878787878788,3.5348222412038517
mixed,consistency,29,233,264,0.8825757575757576,3.5312894150503378
mixed,consistency,29,234,264,0.8863636363636364,3.53579320571267
mixed,consistency,29,235,264,0.8901515151515151,3.530031117325291
mixed,consistency,29,236,264,0.8939393939393939,3.520445115903988
mixed,consistency,29,237,264,0.8977272727272727,3.543518687073445
mixed,consistency,29,238,264,0.9015151515151515,3.5361448657196037
mixed,consistency,29,239,264,0.9053030303030303,3.5320052146177194
mixed,consistency,29,240,264,0.9090909090909091,3.530601370643932
mixed,consistency,29,241,264,0.9128787878787878,3.5184910843839186
mixed,consistency,29,242,264,0.9166666666666666,3.519575310821463
mixed,consistency,29,243,264,0.9204545454545454,3.5080931110178017
mixed,consistency,29,244,264,0.9242424242424242,3.5117259773144056
mixed,consistency,29,245,264,0.928030303030303,3.5095143742312054
mixed,consistency,29,246,264,0.9318181818181818,3.499096791131358
mixed,consistency,29,247,264,0.9356060606060606,3.4960896059004263
mixed,consistency,29,248,264,0.9393939393939394,3.484339413688964
mixed,consistency,29,249,264,0.9431818181818182,3.4748432469780806
mixed,consistency,29,250,264,0.946969696969697,3.468329709748216
mixed,consistency,29,251,264,0.9507575757575758,3.4651717007081664
mixed,consistency,29,252,264,0.9545454545454546,3.4659427635535844
mixed,consistency,29,253,264,0.9583333333333334,3.4659624723682785
mixed,consistency,29,254,264,0.9621212121212122,3.4564935552043354
mixed,consistency,29,255,264,0.9659090909090909,3.4599681484341396
mixed,consistency,29,256,264,0.9696969696969697,3.4583050202321184
mixed,consistency,29,257,264,0.9734848484848485,3.4589606660886645
mixed,consistency,29,258,264,0.9772727272727273,3.4602302912342315
mixed,consistency,29,259,264,0.9810606060606061,3.45755163030913
mixed,consistency,29,260,264,0.9848484848484849,3.461522767329986
mixed,consistency,29,261,264,0.9886363636363636,3.4549066703573685
mixed,consistency,29,262,264,0.9924242424242424,3.4543912802507153
mixed,consistency,29,263,264,0.9962121212121212,3.451658619671916
mixed,consistency,29,264,264,1.0,3.4495228865513456
mixed,consistency,43,1,264,0.003787878787878788,2.3745336480810755
mixed,consistency,43,2,264,0.007575757575757576,3.1751765317351355
mixed,consistency,43,3,264,0.011363636363636364,4.215982268222938
mixed,consistency,43,4,264,0.015151515151515152,4.490531364103429
mixed,consistency,43,5,264,0.01893939393939394,4.459100941753152
mixed,consistency,43,6,264,0.022727272727272728,4.1030277659288314
mixed,consistency,43,7,264,0.026515151515151516,4.535820277181953
mixed,consistency,43,8,264,0.030303030303030304,4.646809519151275
mixed,consistency,43,9,264,0.03409090909090909,4.646607766407589
mixed,consistency,43,10,264,0.03787878787878788,4.6866611525262485
mixed,consistency,43,11,264,0.041666666666666664,4.717674166108652
mixed,consistency,43,12,264,0.045454545454545456,4.511709409883028
mixed,consistency,43,13,264,0.04924242424242424,4.639349200752682
mixed,consistency,43,14,264,0.05303030303030303,4.491500417714343
mixed,consistency,43,15,264,0.056818181818181816,4.286197938579008
mixed,consistency,43,16,264,0.06060606060606061,4.2876618926850805
mixed,consistency,43,17,264,0.06439393939393939,4.328482585873354
mixed,consistency,43,18,264,0.06818181818181818,4.250027729189627
mixed,consistency,43,19,264,0.07196969696969698,4.244782892328225
mixed,consistency,43,20,264,0.07575757575757576,4.338005078535888
mixed,consistency,43,21,264,0.07954545454545454,4.2085914683006385
mixed,consistency,43,22,264,0.08333333333333333,4.2655259046718665
mixed,consistency,43,23,264,0.08712121212121213,4.259603504547612
mixed,consistency,43,24,264,0.09090909090909091,4.350475900689228
mixed,consistency,43,25,264,0.0946969696969697,4.349201792552305
mixed,consistency,43,26,264,0.09848484848484848,4.370075705819078
mixed,consistency,43,27,264,0.10227272727272728,4.318185001237222
mixed,consistency,43,28,264,0.10606060606060606,4.369801727541513
mixed,consistency,43,29,264,0.10984848484848485,4.3150871489868745
mixed,consistency,43,30,264,0.11363636363636363,4.221258982705903
mixed,consistency,43,31,264,0.11742424242424243,4.3026668467587434
mixed,consistency,43,32,264,0.12121212121212122,4.202633708603805
mixed,consistency,43,33,264,0.125,4.174008997037946
mixed,consistency,43,34,264,0.12878787878787878,4.125367609688335
mixed,consistency,43,35,264,0.13257575757575757,4.070389820087351
mixed,consistency,43,36,264,0.13636363636363635,4.031529533516309
mixed,consistency,43,37,264,0.14015151515151514,3.9503996955062877
mixed,consistency,43,38,264,0.14393939393939395,3.880614107364283
mixed,consistency,43,39,264,0.14772727272727273,3.963047655750048
mixed,consistency,43,40,264,0.15151515151515152,3.9137264262090428
mixed,consistency,43,41,264,0.1553030303030303,3.8992062591820993
mixed,consistency,43,42,264,0.1590909090909091,3.8538390543756096
mixed,consistency,43,43,264,0.16287878787878787,3.829592342283877
mixed,consistency,43,44,264,0.16666666666666666,3.793619104707487
mixed,consistency,43,45,264,0.17045454545454544,3.7689655875756887
mixed,consistency,43,46,264,0.17424242424242425,3.711192311091858
mixed,consistency,43,47,264,0.17803030303030304,3.752875874528594
mixed,consistency,43,48,264,0.18181818181818182,3.7306275469414256
mixed,consistency,43,49,264,0.1856060606060606,3.679770864367455
mixed,consistency,43,50,264,0.1893939393939394,3.721111549357898
mixed,consistency,43,51,264,0.19318181818181818,3.7539398604550667
mixed,consistency,43,52,264,0.19696969696969696,3.7137768876944466
mixed,consistency,43,53,264,0.20075757575757575,3.749047240261817
mixed,consistency,43,54,264,0.20454545454545456,3.710943652319848
mixed,consistency,43,55,264,0.20833333333333334,3.772967028518263
mixed,consistency,43,56,264,0.21212121212121213,3.792150552886384
mixed,consistency,43,57,264,0.2159090909090909,3.8033194519569884
mixed,consistency,43,58,264,0.2196969696969697,3.77702035215962
mixed,consistency,43,59,264,0.22348484848484848,3.7443677203419377
mixed,consistency,43,60,264,0.22727272727272727,3.762384605828873
mixed,consistency,43,61,264,0.23106060606060605,3.729896413034376
mixed,consistency,43,62,264,0.23484848484848486,3.7134691127972363
mixed,consistency,43,63,264,0.23863636363636365,3.686069282167535
mixed,consistency,43,64,264,0.24242424242424243,3.7183135026959317
mixed,consistency,43,65,264,0.24621212121212122,3.6996386448093665
mixed,consistency,43,66,264,0.25,3.7332573085978766
mixed,consistency,43,67,264,0.2537878787878788,3.699421251534597
mixed,consistency,43,68,264,0.25757575757575757,3.6588041565706226
mixed,consistency,43,69,264,0.26136363636363635,3.631946167006778
mixed,consistency,43,70,264,0.26515151515151514,3.6030069153139572
mixed,consistency,43,71,264,0.2689393939393939,3.62415119738259
mixed,consistency,43,72,264,0.2727272727272727,3.6455193189044106
mixed,consistency,43,73,264,0.2765151515151515,3.6190140761066054
mixed,consistency,43,74,264,0.2803030303030303,3.5933179771249852
mixed,consistency,43,75,264,0.2840909090909091,3.581642737543732
mixed,consistency,43,76,264,0.2878787878787879,3.621722045231126
mixed,consistency,43,77,264,0.2916666666666667,3.614462629378948
mixed,consistency,43,78,264,0.29545454545454547,3.584830737453281
mixed,consistency,43,79,264,0.29924242424242425,3.5688413830959735
mixed,consistency,43,80,264,0.30303030303030304,3.547856696662177
mixed,consistency,43,81,264,0.3068181818181818,3.54753294827874
mixed,consistency,43,82,264,0.3106060606060606,3.5632718197423774
mixed,consistency,43,83,264,0.3143939393939394,3.639493551037452
mixed,consistency,43,84,264,0.3181818181818182,3.615812259640739
mixed,consistency,43,85,264,0.32196969696969696,3.589952191067331
mixed,consistency,43,86,264,0.32575757575757575,3.5750175737381182
mixed,consistency,43,87,264,0.32954545454545453,3.576314813529978
mixed,consistency,43,88,264,0.3333333333333333,3.566658868185787
mixed,consistency,43,89,264,0.3371212121212121,3.5439605444798987
mixed,consistency,43,90,264,0.3409090909090909,3.5843881579287933
mixed,consistency,43,91,264,0.3446969696969697,3.5631292106424257
mixed,consistency,43,92,264,0.3484848484848485,3.5444426002617426
mixed,consistency,43,93,264,0.3522727272727273,3.5350581216265304
mixed,consistency,43,94,264,0.3560606060606061,3.5729751470754865
mixed,consistency,43,95,264,0.35984848484848486,3.600463831291201
mixed,consistency,43,96,264,0.36363636363636365,3.58156536330926
mixed,consistency,43,97,264,0.36742424242424243,3.5917994114101655
mixed,consistency,43,98,264,0.3712121212121212,3.5734226656322927
mixed,consistency,43,99,264,0.375,3.5479874039558643
mixed,consistency,43,100,264,0.3787878787878788,3.59162104495216
mixed,consistency,43,101,264,0.38257575757575757,3.568727932945628
mixed,consistency,43,102,264,0.38636363636363635,3.5587750792229897
mixed,consistency,43,103,264,0.39015151515151514,3.553476662765398
mixed,consistency,43,104,264,0.3939393939393939,3.5394417369002253
mixed,consistency,43,105,264,0.3977272727272727,3.540607987359225
mixed,consistency,43,106,264,0.4015151515151515,3.535033137673054
mixed,consistency,43,107,264,0.4053030303030303,3.5306184196873085
mixed,consistency,43,108,264,0.4090909090909091,3.5228698333005046
mixed,consistency,43,109,264,0.4128787878787879,3.5280102240800484
mixed,consistency,43,110,264,0.4166666666666667,3.534475213145796
mixed,consistency,43,111,264,0.42045454545454547,3.5312104952945345
mixed,consistency,43,112,264,0.42424242424242425,3.538362539581079
mixed,consistency,43,113,264,0.42803030303030304,3.558594240430327
mixed,consistency,43,114,264,0.4318181818181818,3.5810191021208073
mixed,consistency,43,115,264,0.4356060606060606,3.5557596561938642
mixed,consistency,43,116,264,0.4393939393939394,3.5873656512559027
mixed,consistency,43,117,264,0.4431818181818182,3.5672120547970714
mixed,consistency,43,118,264,0.44696969696969696,3.5687693673455207
mixed,consistency,43,119,264,0.45075757575757575,3.5623567230820186
mixed,consistency,43,120,264,0.45454545454545453,3.549715913428978
mixed,consistency,43,121,264,0.4583333333333333,3.533024352487353
mixed,consistency,43,122,264,0.4621212121212121,3.553170332916094
mixed,consistency,43,123,264,0.4659090909090909,3.5977452698685424
mixed,consistency,43,124,264,0.4696969696969697,3.5888767792952545
mixed,consistency,43,125,264,0.4734848484848485,3.5757472643649852
mixed,consistency,43,126,264,0.4772727272727273,3.565536039342768
mixed,consistency,43,127,264,0.4810606060606061,3.5612106255006055
mixed,consistency,43,128,264,0.48484848484848486,3.595244717162451
mixed,consistency,43,129,264,0.48863636363636365,3.580034660773017
mixed,consistency,43,130,264,0.49242424242424243,3.575262378714141
mixed,consistency,43,131,264,0.4962121212121212,3.576539157398931
mixed,consistency,43,132,264,0.5,3.570468298369712
mixed,consistency,43,133,264,0.5037878787878788,3.562131839701298
mixed,consistency,43,134,264,0.5075757575757576,3.560265547357604
mixed,consistency,43,135,264,0.5113636363636364,3.5645242558240704
mixed,consistency,43,136,264,0.5151515151515151,3.553605306921617
mixed,consistency,43,137,264,0.5189393939393939,3.536751485135488
mixed,consistency,43,138,264,0.5227272727272727,3.533598347376792
mixed,consistency,43,139,264,0.5265151515151515,3.53935205855742
mixed,consistency,43,140,264,0.5303030303030303,3.5264729489152926
mixed,consistency,43,141,264,0.5340909090909091,3.5445250171235676
mixed,consistency,43,142,264,0.5378787878787878,3.536002241936149
mixed,consistency,43,143,264,0.5416666666666666,3.5272019115671425
mixed,consistency,43,144,264,0.5454545454545454,3.529063961067274
mixed,consistency,43,145,264,0.5492424242424242,3.5450543911125703
mixed,consistency,43,146,264,0.553030303030303,3.528949437352192
mixed,consistency,43,147,264,0.5568181818181818,3.515210013217814
mixed,consistency,43,148,264,0.5606060606060606,3.5011026788234383
mixed,consistency,43,149,264,0.5643939393939394,3.494774147987675
mixed,consistency,43,150,264,0.5681818181818182,3.480725713999641
mixed,consistency,43,151,264,0.571969696969697,3.4829651980434013
mixed,consistency,43,152,264,0.5757575757575758,3.4773646924109616
mixed,consistency,43,153,264,0.5795454545454546,3.4620534690614075
mixed,consistency,43,154,264,0.5833333333333334,3.45235077046389
mixed,consistency,43,155,264,0.5871212121212122,3.4707672862426144
mixed,consistency,43,156,264,0.5909090909090909,3.484203773787735
mixed,consistency,43,157,264,0.5946969696969697,3.478577480017393
mixed,consistency,43,158,264,0.5984848484848485,3.478107326858461
mixed,consistency,43,159,264,0.6022727272727273,3.4936722017223025
mixed,consistency,43,160,264,0.6060606060606061,3.4853802055897405
mixed,consistency,43,161,264,0.6098484848484849,3.477916029231765
mixed,consistency,43,162,264,0.6136363636363636,3.471165023518195
mixed,consistency,43,163,264,0.6174242424242424,3.4610119533932258
mixed,consistency,43,164,264,0.6212121212121212,3.4833219437901173
mixed,consistency,43,165,264,0.625,3.468718264741857
mixed,consistency,43,166,264,0.6287878787878788,3.460074937642244
mixed,consistency,43,167,264,0.6325757575757576,3.4661453511631
mixed,consistency,43,168,264,0.6363636363636364,3.4685698385818724
mixed,consistency,43,169,264,0.6401515151515151,3.463623823138776
mixed,consistency,43,170,264,0.6439393939393939,3.492258474262418
mixed,consistency,43,171,264,0.6477272727272727,3.4824224759671285
mixed,consistency,43,172,264,0.6515151515151515,3.4850129608483287
mixed,consistency,43,173,264,0.6553030303030303,3.4871065058107025
mixed,consistency,43,174,264,0.6590909090909091,3.476237479712822
mixed,consistency,43,175,264,0.6628787878787878,3.4704696385698117
mixed,consistency,43,176,264,0.6666666666666666,3.4652851113614287
mixed,consistency,43,177,264,0.6704545454545454,3.463004333990773
mixed,consistency,43,178,264,0.6742424242424242,3.455856235353307
mixed,consistency,43,179,264,0.678030303030303,3.4639383214357578
mixed,consistency,43,180,264,0.6818181818181818,3.4821359942000445
mixed,consistency,43,181,264,0.6856060606060606,3.47660240630946
mixed,consistency,43,182,264,0.6893939393939394,3.464464260643772
mixed,consistency,43,183,264,0.6931818181818182,3.4874850399962667
mixed,consistency,43,184,264,0.696969696969697,3.478270632693185
mixed,consistency,43,185,264,0.7007575757575758,3.4933241254166556
mixed,consistency,43,186,264,0.7045454545454546,3.4857657381220375
mixed,consistency,43,187,264,0.7083333333333334,3.492380022428503
mixed,consistency,43,188,264,0.7121212121212122,3.4880282483386895
mixed,consistency,43,189,264,0.7159090909090909,3.4978894401796863
mixed,consistency,43,190,264,0.7196969696969697,3.484570544113014
mixed,consistency,43,191,264,0.7234848484848485,3.476507559687576
mixed,consistency,43,192,264,0.7272727272727273,3.4746224265633394
mixed,consistency,43,193,264,0.7310606060606061,3.4647571825107084
mixed,consistency,43,194,264,0.7348484848484849,3.4608671845550267
mixed,consistency,43,195,264,0.7386363636363636,3.4626739315127057
mixed,consistency,43,196,264,0.7424242424242424,3.4566693517151053
mixed,consistency,43,197,264,0.7462121212121212,3.4563944092502794
mixed,consistency,43,198,264,0.75,3.4504904967152483
mixed,consistency,43,199,264,0.7537878787878788,3.4511233521386635
mixed,consistency,43,200,264,0.7575757575757576,3.4510754978906832
mixed,consistency,43,201,264,0.7613636363636364,3.4532488472641827
mixed,consistency,43,202,264,0.7651515151515151,3.4513478063151237
mixed,consistency,43,203,264,0.7689393939393939,3.450616446340769
mixed,consistency,43,204,264,0.7727272727272727,3.4477128445175858
mixed,consistency,43,205,264,0.7765151515151515,3.437637174171739
mixed,consistency,43,206,264,0.7803030303030303,3.4406602642416626
mixed,consistency,43,207,264,0.7840909090909091,3.4447933255583942
mixed,consistency,43,208,264,0.7878787878787878,3.436840239157561
mixed,consistency,43,209,264,0.7916666666666666,3.434167987298722
mixed,consistency,43,210,264,0.7954545454545454,3.430662360003337
mixed,consistency,43,211,264,0.7992424242424242,3.428724870850453
mixed,consistency,43,212,264,0.803030303030303,3.4343510039566842
mixed,consistency,43,213,264,0.8068181818181818,3.4492620176093567
mixed,consistency,43,214,264,0.8106060606060606,3.4420354918027547
mixed,consistency,43,215,264,0.8143939393939394,3.438911431155527
mixed,consistency,43,216,264,0.8181818181818182,3.437347298849316
mixed,consistency,43,217,264,0.821969696969697,3.4514043547295197
mixed,consistency,43,218,264,0.8257575757575758,3.4443667881766125
mixed,consistency,43,219,264,0.8295454545454546,3.435681898076324
mixed,consistency,43,220,264,0.8333333333333334,3.4388252489745734
mixed,consistency,43,221,264,0.8371212121212122,3.4358405770831215
mixed,consistency,43,222,264,0.8409090909090909,3.428053348116965
mixed,consistency,43,223,264,0.8446969696969697,3.415078038156056
mixed,consistency,43,224,264,0.8484848484848485,3.4177052332271174
mixed,consistency,43,225,264,0.8522727272727273,3.409800807706143
mixed,consistency,43,226,264,0.8560606060606061,3.4039660780093026
mixed,consistency,43,227,264,0.8598484848484849,3.398774034711224
mixed,consistency,43,228,264,0.8636363636363636,3.3916584398525984
mixed,consistency,43,229,264,0.8674242424242424,3.391442883102421
mixed,consistency,43,230,264,0.8712121212121212,3.38294747993091
mixed,consistency,43,231,264,0.875,3.3812533994240908
mixed,consistency,43,232,264,0.8787878787878788,3.385626761817889
mixed,consistency,43,233,264,0.8825757575757576,3.380239903004857
mixed,consistency,43,234,264,0.8863636363636364,3.3827551731666965
mixed,consistency,43,235,264,0.8901515151515151,3.4026996848321995
mixed,consistency,43,236,264,0.8939393939393939,3.400597181916194
mixed,consistency,43,237,264,0.8977272727272727,3.400620520475034
mixed,consistency,43,238,264,0.9015151515151515,3.4086146374525246
mixed,consistency,43,239,264,0.9053030303030303,3.4141648301452405
mixed,consistency,43,240,264,0.9090909090909091,3.4143936878613643
mixed,consistency,43,241,264,0.9128787878787878,3.412845583774647
mixed,consistency,43,242,264,0.9166666666666666,3.406076479939209
mixed,consistency,43,243,264,0.9204545454545454,3.404257043163103
mixed,consistency,43,244,264,0.9242424242424242,3.3997299726379686
mixed,consistency,43,245,264,0.928030303030303,3.4302030566172292
mixed,consistency,43,246,264,0.9318181818181818,3.445619322513093
mixed,consistency,43,247,264,0.9356060606060606,3.445246701004114
mixed,consistency,43,248,264,0.9393939393939394,3.444253115541465
mixed,consistency,43,249,264,0.9431818181818182,3.4460743283458366
mixed,consistency,43,250,264,0.946969696969697,3.478637656760229
mixed,consistency,43,251,264,0.9507575757575758,3.4790605822605505
mixed,consistency,43,252,264,0.9545454545454546,3.4812109436083563
mixed,consistency,43,253,264,0.9583333333333334,3.4805226814086834
mixed,consistency,43,254,264,0.9621212121212122,3.4722451686432785
mixed,consistency,43,255,264,0.9659090909090909,3.46228738354584
mixed,consistency,43,256,264,0.9696969696969697,3.466058589075317
mixed,consistency,43,257,264,0.9734848484848485,3.458548276670279
mixed,consistency,43,258,264,0.9772727272727273,3.4519228619278794
mixed,consistency,43,259,264,0.9810606060606061,3.4525376195775928
mixed,consistency,43,260,264,0.9848484848484849,3.4508988901044786
mixed,consistency,43,261,264,0.9886363636363636,3.456110488874804
mixed,consistency,43,262,264,0.9924242424242424,3.460971703678997
mixed,consistency,43,263,264,0.9962121212121212,3.4590280895671395
mixed,consistency,43,264,264,1.0,3.458972000029901
mixed,individual,17,1,264,0.003787878787878788,2.8877567724470983
mixed,individual,17,2,264,0.007575757575757576,3.0300826727235872
mixed,individual,17,3,264,0.011363636363636364,2.5115992282919968
mixed,individual,17,4,264,0.015151515151515152,2.71194546893412
mixed,individual,17,5,264,0.01893939393939394,3.0040668071096057
mixed,individual,17,6,264,0.022727272727272728,2.971428866239344
mixed,individual,17,7,264,0.026515151515151516,2.7787188595969674
mixed,individual,17,8,264,0.030303030303030304,2.494073719642821
mixed,individual,17,9,264,0.03409090909090909,2.836778790016984
mixed,individual,17,10,264,0.03787878787878788,3.012818448387288
mixed,individual,17,11,264,0.041666666666666664,3.1762229193127323
mixed,individual,17,12,264,0.045454545454545456,3.1121792187316033
mixed,individual,17,13,264,0.04924242424242424,3.2884440810258253
mixed,individual,17,14,264,0.05303030303030303,3.220490027063969
mixed,individual,17,15,264,0.056818181818181816,3.286329252073703
mixed,individual,17,16,264,0.06060606060606061,3.2090562747324127
mixed,individual,17,17,264,0.06439393939393939,3.421730815144476
mixed,individual,17,18,264,0.06818181818181818,3.4363819628121344
mixed,individual,17,19,264,0.07196969696969698,3.368535080190344
mixed,individual,17,20,264,0.07575757575757576,3.3404794159864295
mixed,individual,17,21,264,0.07954545454545454,3.272035259369694
mixed,individual,17,22,264,0.08333333333333333,3.189273592376681
mixed,individual,17,23,264,0.08712121212121213,3.134276782511463
mixed,individual,17,24,264,0.09090909090909091,3.11093576559113
mixed,individual,17,25,264,0.0946969696969697,3.0956806706533255
mixed,individual,17,26,264,0.09848484848484848,3.047810458804111
mixed,individual,17,27,264,0.10227272727272728,3.027906353953153
mixed,individual,17,28,264,0.10606060606060606,3.023330581187184
mixed,individual,17,29,264,0.10984848484848485,3.011297452215519
mixed,individual,17,30,264,0.11363636363636363,3.0113476872244056
mixed,individual,17,31,264,0.11742424242424243,3.164248010437418
mixed,individual,17,32,264,0.12121212121212122,3.2320993988931903
mixed,individual,17,33,264,0.125,3.311217480974167
mixed,individual,17,34,264,0.12878787878787878,3.2399011233033446
mixed,individual,17,35,264,0.13257575757575757,3.2779058332537634
mixed,individual,17,36,264,0.13636363636363635,3.2867939826245425
mixed,individual,17,37,264,0.14015151515151514,3.238842800678908
mixed,individual,17,38,264,0.14393939393939395,3.2293567844924564
mixed,individual,17,39,264,0.14772727272727273,3.2510559553127916
mixed,individual,17,40,264,0.15151515151515152,3.24855545804253
mixed,individual,17,41,264,0.1553030303030303,3.1995155385946763
mixed,individual,17,42,264,0.1590909090909091,3.246004612985999
mixed,individual,17,43,264,0.16287878787878787,3.26760971680054
mixed,individual,17,44,264,0.16666666666666666,3.2550709927035726
mixed,individual,17,45,264,0.17045454545454544,3.2179816539982387
mixed,individual,17,46,264,0.17424242424242425,3.261596783912689
mixed,individual,17,47,264,0.17803030303030304,3.2903119915456513
mixed,individual,17,48,264,0.18181818181818182,3.3489138444863156
mixed,individual,17,49,264,0.1856060606060606,3.3511883009115113
mixed,individual,17,50,264,0.1893939393939394,3.337464989891453
mixed,individual,17,51,264,0.19318181818181818,3.318656338298696
mixed,individual,17,52,264,0.19696969696969696,3.3079813355280665
mixed,individual,17,53,264,0.20075757575757575,3.283300828552172
mixed,individual,17,54,264,0.20454545454545456,3.280366988429813
mixed,individual,17,55,264,0.20833333333333334,3.3128385459310756
mixed,individual,17,56,264,0.21212121212121213,3.313945269186474
mixed,individual,17,57,264,0.2159090909090909,3.3131573808721666
mixed,individual,17,58,264,0.2196969696969697,3.2951952868023757
mixed,individual,17,59,264,0.22348484848484848,3.2854464504288576
mixed,individual,17,60,264,0.22727272727272727,3.3465010157529766
mixed,individual,17,61,264,0.23106060606060605,3.3283211788836633
mixed,individual,17,62,264,0.23484848484848486,3.3106308263510296
mixed,individual,17,63,264,0.23863636363636365,3.2760424319500028
mixed,individual,17,64,264,0.24242424242424243,3.3172613328318943
mixed,individual,17,65,264,0.24621212121212122,3.2944647279823513
mixed,individual,17,66,264,0.25,3.3043257704699096
mixed,individual,17,67,264,0.2537878787878788,3.27437289216167
mixed,individual,17,68,264,0.25757575757575757,3.2692443985656383
mixed,individual,17,69,264,0.26136363636363635,3.285789605537874
mixed,individual,17,70,264,0.26515151515151514,3.271459383920893
mixed,individual,17,71,264,0.2689393939393939,3.2909776046165207
mixed,individual,17,72,264,0.2727272727272727,3.260644530201552
mixed,individual,17,73,264,0.2765151515151515,3.295261166825689
mixed,individual,17,74,264,0.2803030303030303,3.2765110838811773
mixed,individual,17,75,264,0.2840909090909091,3.255763305619808
mixed,individual,17,76,264,0.2878787878787879,3.2293915430020235
mixed,individual,17,77,264,0.2916666666666667,3.2635696060396753
mixed,individual,17,78,264,0.29545454545454547,3.2408565854085998
mixed,individual,17,79,264,0.29924242424242425,3.2254588082253193
mixed,individual,17,80,264,0.30303030303030304,3.208478574472184
mixed,individual,17,81,264,0.3068181818181818,3.2318236188623457
mixed,individual,17,82,264,0.3106060606060606,3.2179378054348553
mixed,individual,17,83,264,0.3143939393939394,3.198515652574974
mixed,individual,17,84,264,0.3181818181818182,3.203364346940693
mixed,individual,17,85,264,0.32196969696969696,3.2095141904279747
mixed,individual,17,86,264,0.32575757575757575,3.1862396794394545
mixed,individual,17,87,264,0.32954545454545453,3.1740328173636883
mixed,individual,17,88,264,0.3333333333333333,3.160976457177973
mixed,individual,17,89,264,0.3371212121212121,3.150560313443977
mixed,individual,17,90,264,0.3409090909090909,3.180764159845863
mixed,individual,17,91,264,0.3446969696969697,3.2111741050721045
mixed,individual,17,92,264,0.3484848484848485,3.2660135279565132
mixed,individual,17,93,264,0.3522727272727273,3.23888017638632
mixed,individual,17,94,264,0.3560606060606061,3.223365136850953
mixed,individual,17,95,264,0.35984848484848486,3.208469673442768
mixed,individual,17,96,264,0.36363636363636365,3.20884423845778
mixed,individual,17,97,264,0.36742424242424243,3.2332164054956603
mixed,individual,17,98,264,0.3712121212121212,3.217839579233923
mixed,individual,17,99,264,0.375,3.2064507130247653
mixed,individual,17,100,264,0.3787878787878788,3.2073435230881757
mixed,individual,17,101,264,0.38257575757575757,3.1933953527441195
mixed,individual,17,102,264,0.38636363636363635,3.1931820555218886
mixed,individual,17,103,264,0.39015151515151514,3.188665262500626
mixed,individual,17,104,264,0.3939393939393939,3.1779307367188596
mixed,individual,17,105,264,0.3977272727272727,3.164328922612591
mixed,individual,17,106,264,0.4015151515151515,3.1877640086827728
mixed,individual,17,107,264,0.4053030303030303,3.2139667732147212
mixed,individual,17,108,264,0.4090909090909091,3.235056004914131
mixed,individual,17,109,264,0.4128787878787879,3.2227824465599553
mixed,individual,17,110,264,0.4166666666666667,3.2342622364774827
mixed,individual,17,111,264,0.42045454545454547,3.249102498232388
mixed,individual,17,112,264,0.42424242424242425,3.2259410048326402
mixed,individual,17,113,264,0.42803030303030304,3.211431098517226
mixed,individual,17,114,264,0.4318181818181818,3.2444481192778767
mixed,individual,17,115,264,0.4356060606060606,3.271087932756773
mixed,individual,17,116,264,0.4393939393939394,3.2576877749726574
mixed,individual,17,117,264,0.4431818181818182,3.2861068999176672
mixed,individual,17,118,264,0.44696969696969696,3.33543090806012
mixed,individual,17,119,264,0.45075757575757575,3.3384480348824233
mixed,individual,17,120,264,0.45454545454545453,3.329651608524848
mixed,individual,17,121,264,0.4583333333333333,3.32289058715846
mixed,individual,17,122,264,0.4621212121212121,3.3728693680268376
mixed,individual,17,123,264,0.4659090909090909,3.3615273808379733
mixed,individual,17,124,264,0.4696969696969697,3.3456967827226376
mixed,individual,17,125,264,0.4734848484848485,3.365310946321463
mixed,individual,17,126,264,0.4772727272727273,3.3866132623965153
mixed,individual,17,127,264,0.4810606060606061,3.373238133925948
mixed,individual,17,128,264,0.48484848484848486,3.3698142095582533
mixed,individual,17,129,264,0.48863636363636365,3.355239296969094
mixed,individual,17,130,264,0.49242424242424243,3.338918276307051
mixed,individual,17,131,264,0.4962121212121212,3.3338645909810345
mixed,individual,17,132,264,0.5,3.3215712408241
mixed,individual,17,133,264,0.5037878787878788,3.3156249132875457
mixed,individual,17,134,264,0.5075757575757576,3.317442498576126
mixed,individual,17,135,264,0.5113636363636364,3.3040062875041154
mixed,individual,17,136,264,0.5151515151515151,3.296740679733515
mixed,individual,17,137,264,0.5189393939393939,3.285550734528849
mixed,individual,17,138,264,0.5227272727272727,3.2761524729010825
mixed,individual,17,139,264,0.5265151515151515,3.2691687917783003
mixed,individual,17,140,264,0.5303030303030303,3.268339157949113
mixed,individual,17,141,264,0.5340909090909091,3.2655753976957413
mixed,individual,17,142,264,0.5378787878787878,3.2599339746998144
mixed,individual,17,143,264,0.5416666666666666,3.277402487664716
mixed,individual,17,144,264,0.5454545454545454,3.2718320534180134
mixed,individual,17,145,264,0.5492424242424242,3.2859326022407016
mixed,individual,17,146,264,0.553030303030303,3.314586330846009
mixed,individual,17,147,264,0.5568181818181818,3.324019686820225
mixed,individual,17,148,264,0.5606060606060606,3.317152221635892
mixed,individual,17,149,264,0.5643939393939394,3.3092398523433317
mixed,individual,17,150,264,0.5681818181818182,3.300616695188049
mixed,individual,17,151,264,0.571969696969697,3.297569753082924
mixed,individual,17,152,264,0.5757575757575758,3.3175874139256707
mixed,individual,17,153,264,0.5795454545454546,3.3159998777894906
mixed,individual,17,154,264,0.5833333333333334,3.3396671650293475
mixed,individual,17,155,264,0.5871212121212122,3.364581665830826
mixed,individual,17,156,264,0.5909090909090909,3.352989979438363
mixed,individual,17,157,264,0.5946969696969697,3.343847383655829
mixed,individual,17,158,264,0.5984848484848485,3.3548190321121627
mixed,individual,17,159,264,0.6022727272727273,3.3461911331732663
mixed,individual,17,160,264,0.6060606060606061,3.3445638497361037
mixed,individual,17,161,264,0.6098484848484849,3.3508550488938993
mixed,individual,17,162,264,0.6136363636363636,3.334590920812582
mixed,individual,17,163,264,0.6174242424242424,3.3663062283072764
mixed,individual,17,164,264,0.6212121212121212,3.3877485249139703
mixed,individual,17,165,264,0.625,3.397274118502994
mixed,individual,17,166,264,0.6287878787878788,3.4111227857144466
mixed,individual,17,167,264,0.6325757575757576,3.4258169925095276
mixed,individual,17,168,264,0.6363636363636364,3.4174400381534844
mixed,individual,17,169,264,0.6401515151515151,3.4066506394137006
mixed,individual,17,170,264,0.6439393939393939,3.3969292074653787
mixed,individual,17,171,264,0.6477272727272727,3.396975521611155
mixed,individual,17,172,264,0.6515151515151515,3.385496656784885
mixed,individual,17,173,264,0.6553030303030303,3.4045064864354617
mixed,individual,17,174,264,0.6590909090909091,3.3943805947762304
mixed,individual,17,175,264,0.6628787878787878,3.387349286140082
mixed,individual,17,176,264,0.6666666666666666,3.372922544808506
mixed,individual,17,177,264,0.6704545454545454,3.370495871410761
mixed,individual,17,178,264,0.6742424242424242,3.384587572664606
mixed,individual,17,179,264,0.678030303030303,3.4107586995191066
mixed,individual,17,180,264,0.6818181818181818,3.420364947037224
mixed,individual,17,181,264,0.6856060606060606,3.4271200429016626
mixed,individual,17,182,264,0.6893939393939394,3.42186029418968
mixed,individual,17,183,264,0.6931818181818182,3.4154469581112266
mixed,individual,17,184,264,0.696969696969697,3.402688045620905
mixed,individual,17,185,264,0.7007575757575758,3.3913297169538485
mixed,individual,17,186,264,0.7045454545454546,3.377319513302936
mixed,individual,17,187,264,0.7083333333333334,3.3793106365247545
mixed,individual,17,188,264,0.7121212121212122,3.380837395452451
mixed,individual,17,189,264,0.7159090909090909,3.3710173757026767
mixed,individual,17,190,264,0.7196969696969697,3.37190067758468
mixed,individual,17,191,264,0.7234848484848485,3.388377511128654
mixed,individual,17,192,264,0.7272727272727273,3.387224478766227
mixed,individual,17,193,264,0.7310606060606061,3.384295932584005
mixed,individual,17,194,264,0.7348484848484849,3.3873468177844868
mixed,individual,17,195,264,0.7386363636363636,3.3770265264195203
mixed,individual,17,196,264,0.7424242424242424,3.3828360689935035
mixed,individual,17,197,264,0.7462121212121212,3.389805168245142
mixed,individual,17,198,264,0.75,3.4229528029832084
mixed,individual,17,199,264,0.7537878787878788,3.4270926834491595
mixed,individual,17,200,264,0.7575757575757576,3.414986111670513
mixed,individual,17,201,264,0.7613636363636364,3.4039793110465952
mixed,individual,17,202,264,0.7651515151515151,3.396119688644801
mixed,individual,17,203,264,0.7689393939393939,3.394717083582112
mixed,individual,17,204,264,0.7727272727272727,3.393612568418803
mixed,individual,17,205,264,0.7765151515151515,3.3903314039885983
mixed,individual,17,206,264,0.7803030303030303,3.3805007967569263
mixed,individual,17,207,264,0.7840909090909091,3.394124745275915
mixed,individual,17,208,264,0.7878787878787878,3.398394935506207
mixed,individual,17,209,264,0.7916666666666666,3.3888480068896403
mixed,individual,17,210,264,0.7954545454545454,3.3929893177523356
mixed,individual,17,211,264,0.7992424242424242,3.384118081007614
mixed,individual,17,212,264,0.803030303030303,3.373760342923783
mixed,individual,17,213,264,0.8068181818181818,3.361682487102316
mixed,individual,17,214,264,0.8106060606060606,3.3584526111516357
mixed,individual,17,215,264,0.8143939393939394,3.354121575283846
mixed,individual,17,216,264,0.8181818181818182,3.3401093258859498
mixed,individual,17,217,264,0.821969696969697,3.332506895047272
mixed,individual,17,218,264,0.8257575757575758,3.3517121760659165
mixed,individual,17,219,264,0.8295454545454546,3.344317749589314
mixed,individual,17,220,264,0.8333333333333334,3.3726949243190636
mixed,individual,17,221,264,0.8371212121212122,3.3680623562311123
mixed,individual,17,222,264,0.8409090909090909,3.3610815522531636
mixed,individual,17,223,264,0.8446969696969697,3.3610362669022846
mixed,individual,17,224,264,0.8484848484848485,3.3559617982574452
mixed,individual,17,225,264,0.8522727272727273,3.3653127961703153
mixed,individual,17,226,264,0.8560606060606061,3.369679084273293
mixed,individual,17,227,264,0.8598484848484849,3.370466867472349
mixed,individual,17,228,264,0.8636363636363636,3.40168469646159
mixed,individual,17,229,264,0.8674242424242424,3.41043392255616
mixed,individual,17,230,264,0.8712121212121212,3.4063320417172442
mixed,individual,17,231,264,0.875,3.402072517430831
mixed,individual,17,232,264,0.8787878787878788,3.401125255960291
mixed,individual,17,233,264,0.8825757575757576,3.4063504305645225
mixed,individual,17,234,264,0.8863636363636364,3.4211941604071034
mixed,individual,17,235,264,0.8901515151515151,3.4232907478329557
mixed,individual,17,236,264,0.8939393939393939,3.4166609981367366
mixed,individual,17,237,264,0.8977272727272727,3.4114619601047393
mixed,individual,17,238,264,0.9015151515151515,3.4113402577909198
mixed,individual,17,239,264,0.9053030303030303,3.4210423181277747
mixed,individual,17,240,264,0.9090909090909091,3.4173045222673983
mixed,individual,17,241,264,0.9128787878787878,3.407579187549389
mixed,individual,17,242,264,0.9166666666666666,3.399592241342538
mixed,individual,17,243,264,0.9204545454545454,3.3896986339395476
mixed,individual,17,244,264,0.9242424242424242,3.3987054316942373
mixed,individual,17,245,264,0.928030303030303,3.396656106243884
mixed,individual,17,246,264,0.9318181818181818,3.396034216186764
mixed,individual,17,247,264,0.9356060606060606,3.3907187033938135
mixed,individual,17,248,264,0.9393939393939394,3.3890644624399435
mixed,individual,17,249,264,0.9431818181818182,3.38482861678662
mixed,individual,17,250,264,0.946969696969697,3.3819091552553635
mixed,individual,17,251,264,0.9507575757575758,3.3778524175251525
mixed,individual,17,252,264,0.9545454545454546,3.382655357022151
mixed,individual,17,253,264,0.9583333333333334,3.373523439570054
mixed,individual,17,254,264,0.9621212121212122,3.367685799294293
mixed,individual,17,255,264,0.9659090909090909,3.3704197932524322
mixed,individual,17,256,264,0.9696969696969697,3.3636039289510373
mixed,individual,17,257,264,0.9734848484848485,3.361644399578344
mixed,individual,17,258,264,0.9772727272727273,3.368632240747893
mixed,individual,17,259,264,0.9810606060606061,3.3595942613619876
mixed,individual,17,260,264,0.9848484848484849,3.364013798312137
mixed,individual,17,261,264,0.9886363636363636,3.364498880910661
mixed,individual,17,262,264,0.9924242424242424,3.370911526723005
mixed,individual,17,263,264,0.9962121212121212,3.373712390062571
mixed,individual,17,264,264,1.0,3.3783279362647716
mixed,individual,29,1,264,0.003787878787878788,2.6373306489441277
mixed,individual,29,2,264,0.007575757575757576,3.106712906146421
mixed,individual,29,3,264,0.011363636363636364,3.940897687306974
mixed,individual,29,4,264,0.015151515151515152,3.287446257687579
mixed,individual,29,5,264,0.01893939393939394,2.947531636932075
mixed,individual,29,6,264,0.022727272727272728,2.81758910168776
mixed,individual,29,7,264,0.026515151515151516,2.8688075353896214
mixed,individual,29,8,264,0.030303030303030304,2.648593588475884
mixed,individual,29,9,264,0.03409090909090909,2.5170418897128823
mixed,individual,29,10,264,0.03787878787878788,2.5042851058367015
mixed,individual,29,11,264,0.041666666666666664,2.524005746438399
mixed,individual,29,12,264,0.045454545454545456,2.5257897669201355
mixed,individual,29,13,264,0.04924242424242424,2.5408856397118447
mixed,individual,29,14,264,0.05303030303030303,2.990307316835865
mixed,individual,29,15,264,0.056818181818181816,3.2859829599068546
mixed,individual,29,16,264,0.06060606060606061,3.470276895048082
mixed,individual,29,17,264,0.06439393939393939,3.6795512148370473
mixed,individual,29,18,264,0.06818181818181818,3.653367799313427
mixed,individual,29,19,264,0.07196969696969698,3.756836253170739
mixed,individual,29,20,264,0.07575757575757576,3.7131410712971133
mixed,individual,29,21,264,0.07954545454545454,3.8063956758753195
mixed,individual,29,22,264,0.08333333333333333,3.752455916990819
mixed,individual,29,23,264,0.08712121212121213,3.6934219854274057
mixed,individual,29,24,264,0.09090909090909091,3.603946384968914
mixed,individual,29,25,264,0.0946969696969697,3.585328910093441
mixed,individual,29,26,264,0.09848484848484848,3.5462562033859535
mixed,individual,29,27,264,0.10227272727272728,3.4815832094693926
mixed,individual,29,28,264,0.10606060606060606,3.4287447286151256
mixed,individual,29,29,264,0.10984848484848485,3.467142377070871
mixed,individual,29,30,264,0.11363636363636363,3.451918069555988
mixed,individual,29,31,264,0.11742424242424243,3.438259225459467
mixed,individual,29,32,264,0.12121212121212122,3.491098014283086
mixed,individual,29,33,264,0.125,3.547910289093118
mixed,individual,29,34,264,0.12878787878787878,3.533324054789697
mixed,individual,29,35,264,0.13257575757575757,3.611639164933819
mixed,individual,29,36,264,0.13636363636363635,3.7572280518547476
mixed,individual,29,37,264,0.14015151515151514,3.720975932844704
mixed,individual,29,38,264,0.14393939393939395,3.7580986391549693
mixed,individual,29,39,264,0.14772727272727273,3.6815184802069427
mixed,individual,29,40,264,0.15151515151515152,3.6336497816831232
mixed,individual,29,41,264,0.1553030303030303,3.5782956915365935
mixed,individual,29,42,264,0.1590909090909091,3.639566917146265
mixed,individual,29,43,264,0.16287878787878787,3.6300923349539547
mixed,individual,29,44,264,0.16666666666666666,3.6679131275478425
mixed,individual,29,45,264,0.17045454545454544,3.6581323751288783
mixed,individual,29,46,264,0.17424242424242425,3.6234463753470805
mixed,individual,29,47,264,0.17803030303030304,3.608209724576475
mixed,individual,29,48,264,0.18181818181818182,3.6455912075470818
mixed,individual,29,49,264,0.1856060606060606,3.634983988034287
mixed,individual,29,50,264,0.1893939393939394,3.609049373192568
mixed,individual,29,51,264,0.19318181818181818,3.5771466090953985
mixed,individual,29,52,264,0.19696969696969696,3.5304401776013017
mixed,individual,29,53,264,0.20075757575757575,3.503803041737184
mixed,individual,29,54,264,0.20454545454545456,3.4895425090170082
mixed,individual,29,55,264,0.20833333333333334,3.547348812183023
mixed,individual,29,56,264,0.21212121212121213,3.5934470817857833
mixed,individual,29,57,264,0.2159090909090909,3.5579853653975664
mixed,individual,29,58,264,0.2196969696969697,3.5336897874427886
mixed,individual,29,59,264,0.22348484848484848,3.526464143470861
mixed,individual,29,60,264,0.22727272727272727,3.517401593541972
mixed,individual,29,61,264,0.23106060606060605,3.496710065995544
mixed,individual,29,62,264,0.23484848484848486,3.495047547794863
mixed,individual,29,63,264,0.23863636363636365,3.4784559181501074
mixed,individual,29,64,264,0.24242424242424243,3.443065290280047
mixed,individual,29,65,264,0.24621212121212122,3.437479124147495
mixed,individual,29,66,264,0.25,3.459699592720559
mixed,individual,29,67,264,0.2537878787878788,3.499924095563384
mixed,individual,29,68,264,0.25757575757575757,3.54267002724094
mixed,individual,29,69,264,0.26136363636363635,3.549421557190723
mixed,individual,29,70,264,0.26515151515151514,3.550609157357318
mixed,individual,29,71,264,0.2689393939393939,3.5342339156140348
mixed,individual,29,72,264,0.2727272727272727,3.5958236195853672
mixed,individual,29,73,264,0.2765151515151515,3.5874183634587333
mixed,individual,29,74,264,0.2803030303030303,3.6051148138237434
mixed,individual,29,75,264,0.2840909090909091,3.575219904635838
mixed,individual,29,76,264,0.2878787878787879,3.60363348974106
mixed,individual,29,77,264,0.2916666666666667,3.623931180460985
mixed,individual,29,78,264,0.29545454545454547,3.586865350759718
mixed,individual,29,79,264,0.29924242424242425,3.576848357849562
mixed,individual,29,80,264,0.30303030303030304,3.6081901794044016
mixed,individual,29,81,264,0.3068181818181818,3.5790464669416444
mixed,individual,29,82,264,0.3106060606060606,3.5977494498762748
mixed,individual,29,83,264,0.3143939393939394,3.585580933576678
mixed,individual,29,84,264,0.3181818181818182,3.5868662647991107
mixed,individual,29,85,264,0.32196969696969696,3.569000360672784
mixed,individual,29,86,264,0.32575757575757575,3.5878795675426622
mixed,individual,29,87,264,0.32954545454545453,3.5575322470695863
mixed,individual,29,88,264,0.3333333333333333,3.5826944025002203
mixed,individual,29,89,264,0.3371212121212121,3.5706426711103414
mixed,individual,29,90,264,0.3409090909090909,3.544206831358127
mixed,individual,29,91,264,0.3446969696969697,3.552050221705286
mixed,individual,29,92,264,0.3484848484848485,3.5433753297111665
mixed,individual,29,93,264,0.3522727272727273,3.55348413543958
mixed,individual,29,94,264,0.3560606060606061,3.54865968217089
mixed,individual,29,95,264,0.35984848484848486,3.539636893683686
mixed,individual,29,96,264,0.36363636363636365,3.5134745224338784
mixed,individual,29,97,264,0.36742424242424243,3.490011297379114
mixed,individual,29,98,264,0.3712121212121212,3.4907486168566155
mixed,individual,29,99,264,0.375,3.5059677794264137
mixed,individual,29,100,264,0.3787878787878788,3.4951893161772514
mixed,individual,29,101,264,0.38257575757575757,3.500975806536809
mixed,individual,29,102,264,0.38636363636363635,3.493359929511592
mixed,individual,29,103,264,0.39015151515151514,3.475973892885297
mixed,individual,29,104,264,0.3939393939393939,3.514473166210164
mixed,individual,29,105,264,0.3977272727272727,3.5069397472816903
mixed,individual,29,106,264,0.4015151515151515,3.4993925829658674
mixed,individual,29,107,264,0.4053030303030303,3.482942534478722
mixed,individual,29,108,264,0.4090909090909091,3.5025184232779343
mixed,individual,29,109,264,0.4128787878787879,3.5022694113478914
mixed,individual,29,110,264,0.4166666666666667,3.529629921245728
mixed,individual,29,111,264,0.42045454545454547,3.5233948733551306
mixed,individual,29,112,264,0.42424242424242425,3.5318105542513982
mixed,individual,29,113,264,0.42803030303030304,3.5437591372697814
mixed,individual,29,114,264,0.4318181818181818,3.551658948770177
mixed,individual,29,115,264,0.4356060606060606,3.5859028046539487
mixed,individual,29,116,264,0.4393939393939394,3.605611302768176
mixed,individual,29,117,264,0.4431818181818182,3.6228001893936725
mixed,individual,29,118,264,0.44696969696969696,3.6043794638066378
mixed,individual,29,119,264,0.45075757575757575,3.5999110054972596
mixed,individual,29,120,264,0.45454545454545453,3.5912562088898627
mixed,individual,29,121,264,0.4583333333333333,3.588579646984451
mixed,individual,29,122,264,0.4621212121212121,3.5709537378071547
mixed,individual,29,123,264,0.4659090909090909,3.5669665300351223
mixed,individual,29,124,264,0.4696969696969697,3.5584364671208233
mixed,individual,29,125,264,0.4734848484848485,3.557533590904498
mixed,individual,29,126,264,0.4772727272727273,3.5689468226828236
mixed,individual,29,127,264,0.4810606060606061,3.559911708219942
mixed,individual,29,128,264,0.48484848484848486,3.578601805188522
mixed,individual,29,129,264,0.48863636363636365,3.565760639669709
mixed,individual,29,130,264,0.49242424242424243,3.5685096170944406
mixed,individual,29,131,264,0.4962121212121212,3.5841358476664205
mixed,individual,29,132,264,0.5,3.5695912481569376
mixed,individual,29,133,264,0.5037878787878788,3.580041833766666
mixed,individual,29,134,264,0.5075757575757576,3.556427410217356
mixed,individual,29,135,264,0.5113636363636364,3.550425554178017
mixed,individual,29,136,264,0.5151515151515151,3.5726647616443685
mixed,individual,29,137,264,0.5189393939393939,3.554731508628922
mixed,individual,29,138,264,0.5227272727272727,3.541021554217882
mixed,individual,29,139,264,0.5265151515151515,3.5629289906194472
mixed,individual,29,140,264,0.5303030303030303,3.59371159725945
mixed,individual,29,141,264,0.5340909090909091,3.6076189957398896
mixed,individual,29,142,264,0.5378787878787878,3.5988772175212547
mixed,individual,29,143,264,0.5416666666666666,3.601139806049661
mixed,individual,29,144,264,0.5454545454545454,3.5834875759818763
mixed,individual,29,145,264,0.5492424242424242,3.5737708640954176
mixed,individual,29,146,264,0.553030303030303,3.5727806958473023
mixed,individual,29,147,264,0.5568181818181818,3.565491078236285
mixed,individual,29,148,264,0.5606060606060606,3.5622650594603824
mixed,individual,29,149,264,0.5643939393939394,3.5741631533923894
mixed,individual,29,150,264,0.5681818181818182,3.588749638527675
mixed,individual,29,151,264,0.571969696969697,3.577073751607605
mixed,individual,29,152,264,0.5757575757575758,3.5900503501577945
mixed,individual,29,153,264,0.5795454545454546,3.581746829859306
mixed,individual,29,154,264,0.5833333333333334,3.5722032197198628
mixed,individual,29,155,264,0.5871212121212122,3.5640970555433964
mixed,individual,29,156,264,0.5909090909090909,3.555915264892618
mixed,individual,29,157,264,0.5946969696969697,3.5454321818436685
mixed,individual,29,158,264,0.5984848484848485,3.539561949338892
mixed,individual,29,159,264,0.6022727272727273,3.535238421647979
mixed,individual,29,160,264,0.6060606060606061,3.530811959557996
mixed,individual,29,161,264,0.6098484848484849,3.5276014920100462
mixed,individual,29,162,264,0.6136363636363636,3.5429773338828126
mixed,individual,29,163,264,0.6174242424242424,3.566994450730804
mixed,individual,29,164,264,0.6212121212121212,3.5551453643974824
mixed,individual,29,165,264,0.625,3.5467184991004883
mixed,individual,29,166,264,0.6287878787878788,3.563484571284235
mixed,individual,29,167,264,0.6325757575757576,3.559274249699502
mixed,individual,29,168,264,0.6363636363636364,3.5641115299313535
mixed,individual,29,169,264,0.6401515151515151,3.557333365495465
mixed,individual,29,170,264,0.6439393939393939,3.554902303045641
mixed,individual,29,171,264,0.6477272727272727,3.5551641827277565
mixed,individual,29,172,264,0.6515151515151515,3.557522581671971
mixed,individual,29,173,264,0.6553030303030303,3.550387281675898
mixed,individual,29,174,264,0.6590909090909091,3.53686878421439
mixed,individual,29,175,264,0.6628787878787878,3.5339790735334526
mixed,individual,29,176,264,0.6666666666666666,3.547156376072886
mixed,individual,29,177,264,0.6704545454545454,3.5321386073601704
mixed,individual,29,178,264,0.6742424242424242,3.519124228942994
mixed,individual,29,179,264,0.678030303030303,3.523467688559753
mixed,individual,29,180,264,0.6818181818181818,3.5072223634758517
mixed,individual,29,181,264,0.6856060606060606,3.4952220582658025
mixed,individual,29,182,264,0.6893939393939394,3.4880463082733355
mixed,individual,29,183,264,0.6931818181818182,3.4844705678763135
mixed,individual,29,184,264,0.696969696969697,3.4762704460345413
mixed,individual,29,185,264,0.7007575757575758,3.4700856763712244
mixed,individual,29,186,264,0.7045454545454546,3.468012616682925
mixed,individual,29,187,264,0.7083333333333334,3.468170578351521
mixed,individual,29,188,264,0.7121212121212122,3.4676700120196844
mixed,individual,29,189,264,0.7159090909090909,3.4690363963703867
mixed,individual,29,190,264,0.7196969696969697,3.474592197945211
mixed,individual,29,191,264,0.7234848484848485,3.4836396361380517
mixed,individual,29,192,264,0.7272727272727273,3.4862903236220326
mixed,individual,29,193,264,0.7310606060606061,3.507724248367615
mixed,individual,29,194,264,0.7348484848484849,3.5189589648346637
mixed,individual,29,195,264,0.7386363636363636,3.5163382775645595
mixed,individual,29,196,264,0.7424242424242424,3.527383521133582
mixed,individual,29,197,264,0.7462121212121212,3.5207843421301757
mixed,individual,29,198,264,0.75,3.521974941170735
mixed,individual,29,199,264,0.7537878787878788,3.5145995648500477
mixed,individual,29,200,264,0.7575757575757576,3.505817282427958
mixed,individual,29,201,264,0.7613636363636364,3.50047339826063
mixed,individual,29,202,264,0.7651515151515151,3.5128695946519866
mixed,individual,29,203,264,0.7689393939393939,3.512511424619262
mixed,individual,29,204,264,0.7727272727272727,3.5074808410460387
mixed,individual,29,205,264,0.7765151515151515,3.502029805950302
mixed,individual,29,206,264,0.7803030303030303,3.5032294000461164
mixed,individual,29,207,264,0.7840909090909091,3.51146910083765
mixed,individual,29,208,264,0.7878787878787878,3.518969064867396
mixed,individual,29,209,264,0.7916666666666666,3.5153847435057597
mixed,individual,29,210,264,0.7954545454545454,3.509781163326651
mixed,individual,29,211,264,0.7992424242424242,3.5192576702537033
mixed,individual,29,212,264,0.803030303030303,3.510155195794642
mixed,individual,29,213,264,0.8068181818181818,3.5030031492589653
mixed,individual,29,214,264,0.8106060606060606,3.4935037030348925
mixed,individual,29,215,264,0.8143939393939394,3.4998981292052154
mixed,individual,29,216,264,0.8181818181818182,3.502567994763577
mixed,individual,29,217,264,0.821969696969697,3.490018633557428
mixed,individual,29,218,264,0.8257575757575758,3.5051869919344005
mixed,individual,29,219,264,0.8295454545454546,3.5056093481922086
mixed,individual,29,220,264,0.8333333333333334,3.5031018663871976
mixed,individual,29,221,264,0.8371212121212122,3.494866478759718
mixed,individual,29,222,264,0.8409090909090909,3.5029038603114415
mixed,individual,29,223,264,0.8446969696969697,3.5048584177522524
mixed,individual,29,224,264,0.8484848484848485,3.492460363301587
mixed,individual,29,225,264,0.8522727272727273,3.4846026499797196
mixed,individual,29,226,264,0.8560606060606061,3.4843504990495844
mixed,individual,29,227,264,0.8598484848484849,3.484168119828472
mixed,individual,29,228,264,0.8636363636363636,3.473761618282769
mixed,individual,29,229,264,0.8674242424242424,3.4672790050318483
mixed,individual,29,230,264,0.8712121212121212,3.4622706153069513
mixed,individual,29,231,264,0.875,3.468065618187171
mixed,individual,29,232,264,0.8787878787878788,3.456095865686593
mixed,individual,29,233,264,0.8825757575757576,3.4460352925248396
mixed,individual,29,234,264,0.8863636363636364,3.4448479244947476
mixed,individual,29,235,264,0.8901515151515151,3.4438945110116017
mixed,individual,29,236,264,0.8939393939393939,3.4344566478855425
mixed,individual,29,237,264,0.8977272727272727,3.43030019933603
mixed,individual,29,238,264,0.9015151515151515,3.425415677889174
mixed,individual,29,239,264,0.9053030303030303,3.4199663498182677
mixed,individual,29,240,264,0.9090909090909091,3.417686894451159
mixed,individual,29,241,264,0.9128787878787878,3.421830469205478
mixed,individual,29,242,264,0.9166666666666666,3.410391483205534
mixed,individual,29,243,264,0.9204545454545454,3.4169063344883006
mixed,individual,29,244,264,0.9242424242424242,3.4183526398227744
mixed,individual,29,245,264,0.928030303030303,3.4108646802417524
mixed,individual,29,246,264,0.9318181818181818,3.4050565712117624
mixed,individual,29,247,264,0.9356060606060606,3.414399492618199
mixed,individual,29,248,264,0.9393939393939394,3.4142980389879978
mixed,individual,29,249,264,0.9431818181818182,3.4181343967677895
mixed,individual,29,250,264,0.946969696969697,3.4201286856446735
mixed,individual,29,251,264,0.9507575757575758,3.408401242254301
mixed,individual,29,252,264,0.9545454545454546,3.409711704278667
mixed,individual,29,253,264,0.9583333333333334,3.4324406391092688
mixed,individual,29,254,264,0.9621212121212122,3.459010178793954
mixed,individual,29,255,264,0.9659090909090909,3.4548874511503214
mixed,individual,29,256,264,0.9696969696969697,3.4569512065462136
mixed,individual,29,257,264,0.9734848484848485,3.456218891669906
mixed,individual,29,258,264,0.9772727272727273,3.4606534905465236
mixed,individual,29,259,264,0.9810606060606061,3.4724885302634547
mixed,individual,29,260,264,0.9848484848484849,3.4716461301800794
mixed,individual,29,261,264,0.9886363636363636,3.4705239684690716
mixed,individual,29,262,264,0.9924242424242424,3.4743745517022075
mixed,individual,29,263,264,0.9962121212121212,3.4745979737753445
mixed,individual,29,264,264,1.0,3.4698269929642063
mixed,individual,43,1,264,0.003787878787878788,2.581822427601846
mixed,individual,43,2,264,0.007575757575757576,3.464134153627853
mixed,individual,43,3,264,0.011363636363636364,2.7124423244447993
mixed,individual,43,4,264,0.015151515151515152,2.247870098858294
mixed,individual,43,5,264,0.01893939393939394,2.471203510987931
mixed,individual,43,6,264,0.022727272727272728,2.414343113261574
mixed,individual,43,7,264,0.026515151515151516,2.290810423374192
mixed,individual,43,8,264,0.030303030303030304,2.285348095751572
mixed,individual,43,9,264,0.03409090909090909,2.36873714562372
mixed,individual,43,10,264,0.03787878787878788,2.3189127622357715
mixed,individual,43,11,264,0.041666666666666664,2.5119790649331684
mixed,individual,43,12,264,0.045454545454545456,2.635673038490576
mixed,individual,43,13,264,0.04924242424242424,2.5887707368529367
mixed,individual,43,14,264,0.05303030303030303,2.7246736979412
mixed,individual,43,15,264,0.056818181818181816,2.781534830081923
mixed,individual,43,16,264,0.06060606060606061,2.9783785156995664
mixed,individual,43,17,264,0.06439393939393939,3.0955694389381203
mixed,individual,43,18,264,0.06818181818181818,3.2324998445639572
mixed,individual,43,19,264,0.07196969696969698,3.2875273123424087
mixed,individual,43,20,264,0.07575757575757576,3.4281926203689954
mixed,individual,43,21,264,0.07954545454545454,3.440321373420223
mixed,individual,43,22,264,0.08333333333333333,3.419458631671739
mixed,individual,43,23,264,0.08712121212121213,3.44182720786731
mixed,individual,43,24,264,0.09090909090909091,3.4006392318216996
mixed,individual,43,25,264,0.0946969696969697,3.3218574629453554
mixed,individual,43,26,264,0.09848484848484848,3.3344540620563574
mixed,individual,43,27,264,0.10227272727272728,3.240979053051512
mixed,individual,43,28,264,0.10606060606060606,3.1887886905617298
mixed,individual,43,29,264,0.10984848484848485,3.208873594824324
mixed,individual,43,30,264,0.11363636363636363,3.2182060754332085
mixed,individual,43,31,264,0.11742424242424243,3.184479354605577
mixed,individual,43,32,264,0.12121212121212122,3.2292219875667163
mixed,individual,43,33,264,0.125,3.1888529319375563
mixed,individual,43,34,264,0.12878787878787878,3.3100770767410266
mixed,individual,43,35,264,0.13257575757575757,3.352564752366662
mixed,individual,43,36,264,0.13636363636363635,3.347083716062828
mixed,individual,43,37,264,0.14015151515151514,3.2868034805823765
mixed,individual,43,38,264,0.14393939393939395,3.3520520296072713
mixed,individual,43,39,264,0.14772727272727273,3.3091238292581044
mixed,individual,43,40,264,0.15151515151515152,3.3456140945381607
mixed,individual,43,41,264,0.1553030303030303,3.2822922068585014
mixed,individual,43,42,264,0.1590909090909091,3.335330935099235
mixed,individual,43,43,264,0.16287878787878787,3.3067576701211663
mixed,individual,43,44,264,0.16666666666666666,3.3550153544263095
mixed,individual,43,45,264,0.17045454545454544,3.336848993119992
mixed,individual,43,46,264,0.17424242424242425,3.3250448804265647
mixed,individual,43,47,264,0.17803030303030304,3.366767093677165
mixed,individual,43,48,264,0.18181818181818182,3.393994654101031
mixed,individual,43,49,264,0.1856060606060606,3.4705764019994247
mixed,individual,43,50,264,0.1893939393939394,3.4560698511018173
mixed,individual,43,51,264,0.19318181818181818,3.4407534219156273
mixed,individual,43,52,264,0.19696969696969696,3.3999144915994175
mixed,individual,43,53,264,0.20075757575757575,3.3991281732556184
mixed,individual,43,54,264,0.20454545454545456,3.3850520275616884
mixed,individual,43,55,264,0.20833333333333334,3.3527809281683676
mixed,individual,43,56,264,0.21212121212121213,3.4036184960998965
mixed,individual,43,57,264,0.2159090909090909,3.3701599985226243
mixed,individual,43,58,264,0.2196969696969697,3.35887201175839
mixed,individual,43,59,264,0.22348484848484848,3.3746449360413386
mixed,individual,43,60,264,0.22727272727272727,3.3443184685130447
mixed,individual,43,61,264,0.23106060606060605,3.3506226961786276
mixed,individual,43,62,264,0.23484848484848486,3.392645522412725
mixed,individual,43,63,264,0.23863636363636365,3.3998083688082255
mixed,individual,43,64,264,0.24242424242424243,3.409108853015091
mixed,individual,43,65,264,0.24621212121212122,3.3884739038754135
mixed,individual,43,66,264,0.25,3.4213883795913396
mixed,individual,43,67,264,0.2537878787878788,3.4590054248234576
mixed,individual,43,68,264,0.25757575757575757,3.4502334911719683
mixed,individual,43,69,264,0.26136363636363635,3.437576516021178
mixed,individual,43,70,264,0.26515151515151514,3.456947570102223
mixed,individual,43,71,264,0.2689393939393939,3.4324333358969796
mixed,individual,43,72,264,0.2727272727272727,3.3984757451776044
mixed,individual,43,73,264,0.2765151515151515,3.404326870123697
mixed,individual,43,74,264,0.2803030303030303,3.3705603294293303
mixed,individual,43,75,264,0.2840909090909091,3.4010189077967787
mixed,individual,43,76,264,0.2878787878787879,3.433546161756585
mixed,individual,43,77,264,0.2916666666666667,3.451979246173056
mixed,individual,43,78,264,0.29545454545454547,3.4312071159160746
mixed,individual,43,79,264,0.29924242424242425,3.432099864347294
mixed,individual,43,80,264,0.30303030303030304,3.466300268518684
mixed,individual,43,81,264,0.3068181818181818,3.4393106256362413
mixed,individual,43,82,264,0.3106060606060606,3.4522180444181356
mixed,individual,43,83,264,0.3143939393939394,3.476265208771635
mixed,individual,43,84,264,0.3181818181818182,3.4987695950220337
mixed,individual,43,85,264,0.32196969696969696,3.5048493275201644
mixed,individual,43,86,264,0.32575757575757575,3.5014850379894855
mixed,individual,43,87,264,0.32954545454545453,3.5586486005036475
mixed,individual,43,88,264,0.3333333333333333,3.5432983219161387
mixed,individual,43,89,264,0.3371212121212121,3.5142766661505216
mixed,individual,43,90,264,0.3409090909090909,3.5030950516624646
mixed,individual,43,91,264,0.3446969696969697,3.494217063049445
mixed,individual,43,92,264,0.3484848484848485,3.473287475763668
mixed,individual,43,93,264,0.3522727272727273,3.464811772954876
mixed,individual,43,94,264,0.3560606060606061,3.4409150924471135
mixed,individual,43,95,264,0.35984848484848486,3.450215197418093
mixed,individual,43,96,264,0.36363636363636365,3.446643187805971
mixed,individual,43,97,264,0.36742424242424243,3.421786637753617
mixed,individual,43,98,264,0.3712121212121212,3.409965837508091
mixed,individual,43,99,264,0.375,3.401250074056704
mixed,individual,43,100,264,0.3787878787878788,3.392455504337207
mixed,individual,43,101,264,0.38257575757575757,3.397391124586071
mixed,individual,43,102,264,0.38636363636363635,3.397026737307318
mixed,individual,43,103,264,0.39015151515151514,3.395497785760201
mixed,individual,43,104,264,0.3939393939393939,3.3772778879891545
mixed,individual,43,105,264,0.3977272727272727,3.3507194115428525
mixed,individual,43,106,264,0.4015151515151515,3.386893504864185
mixed,individual,43,107,264,0.4053030303030303,3.371164825095155
mixed,individual,43,108,264,0.4090909090909091,3.3861018989808906
mixed,individual,43,109,264,0.4128787878787879,3.3961051114480987
mixed,individual,43,110,264,0.4166666666666667,3.4081579881623374
mixed,individual,43,111,264,0.42045454545454547,3.4265630533649443
mixed,individual,43,112,264,0.42424242424242425,3.4522540527214436
mixed,individual,43,113,264,0.42803030303030304,3.4478398306492206
mixed,individual,43,114,264,0.4318181818181818,3.4407754750118706
mixed,individual,43,115,264,0.4356060606060606,3.443668116986934
mixed,individual,43,116,264,0.4393939393939394,3.422577929725355
mixed,individual,43,117,264,0.4431818181818182,3.418258873501118
mixed,individual,43,118,264,0.44696969696969696,3.428749372515906
mixed,individual,43,119,264,0.45075757575757575,3.4665844378582973
mixed,individual,43,120,264,0.45454545454545453,3.4669594071203726
mixed,individual,43,121,264,0.4583333333333333,3.4477551786279093
mixed,individual,43,122,264,0.4621212121212121,3.4317845522706163
mixed,individual,43,123,264,0.4659090909090909,3.420861224280318
mixed,individual,43,124,264,0.4696969696969697,3.416604171698572
mixed,individual,43,125,264,0.4734848484848485,3.4339006550563718
mixed,individual,43,126,264,0.4772727272727273,3.430068528082756
mixed,individual,43,127,264,0.4810606060606061,3.4254893496208787
mixed,individual,43,128,264,0.48484848484848486,3.4185508457059117
mixed,individual,43,129,264,0.48863636363636365,3.4116547167754994
mixed,individual,43,130,264,0.49242424242424243,3.4383338933577154
mixed,individual,43,131,264,0.4962121212121212,3.4224882260606146
mixed,individual,43,132,264,0.5,3.403242080339802
mixed,individual,43,133,264,0.5037878787878788,3.38271738411857
mixed,individual,43,134,264,0.5075757575757576,3.373019298762682
mixed,individual,43,135,264,0.5113636363636364,3.3983527872004466
mixed,individual,43,136,264,0.5151515151515151,3.3881903914071723
mixed,individual,43,137,264,0.5189393939393939,3.3866614512527162
mixed,individual,43,138,264,0.5227272727272727,3.3838770344824383
mixed,individual,43,139,264,0.5265151515151515,3.392382861152239
mixed,individual,43,140,264,0.5303030303030303,3.4212220047410766
mixed,individual,43,141,264,0.5340909090909091,3.4076270254498784
mixed,individual,43,142,264,0.5378787878787878,3.428224170222447
mixed,individual,43,143,264,0.5416666666666666,3.4178851815985363
mixed,individual,43,144,264,0.5454545454545454,3.450423811561611
mixed,individual,43,145,264,0.5492424242424242,3.436956823774399
mixed,individual,43,146,264,0.553030303030303,3.451383114994852
mixed,individual,43,147,264,0.5568181818181818,3.4454284450711685
mixed,individual,43,148,264,0.5606060606060606,3.4592573383155365
mixed,individual,43,149,264,0.5643939393939394,3.4578872511146885
mixed,individual,43,150,264,0.5681818181818182,3.4795118255247264
mixed,individual,43,151,264,0.571969696969697,3.467717961496488
mixed,individual,43,152,264,0.5757575757575758,3.4485342625092303
mixed,individual,43,153,264,0.5795454545454546,3.4318515335336075
mixed,individual,43,154,264,0.5833333333333334,3.45025705274072
mixed,individual,43,155,264,0.5871212121212122,3.450365666575952
mixed,individual,43,156,264,0.5909090909090909,3.4399757062705603
mixed,individual,43,157,264,0.5946969696969697,3.4557900133058097
mixed,individual,43,158,264,0.5984848484848485,3.4635968013291327
mixed,individual,43,159,264,0.6022727272727273,3.453459229443517
mixed,individual,43,160,264,0.6060606060606061,3.4464490881758465
mixed,individual,43,161,264,0.6098484848484849,3.4461325613270795
mixed,individual,43,162,264,0.6136363636363636,3.4432098744599924
mixed,individual,43,163,264,0.6174242424242424,3.45513173274778
mixed,individual,43,164,264,0.6212121212121212,3.456366688756403
mixed,individual,43,165,264,0.625,3.4580030334086733
mixed,individual,43,166,264,0.6287878787878788,3.489195296648836
mixed,individual,43,167,264,0.6325757575757576,3.4846553888475387
mixed,individual,43,168,264,0.6363636363636364,3.474982383257888
mixed,individual,43,169,264,0.6401515151515151,3.4888335907919883
mixed,individual,43,170,264,0.6439393939393939,3.479905819092392
mixed,individual,43,171,264,0.6477272727272727,3.4695901207094906
mixed,individual,43,172,264,0.6515151515151515,3.4654301138357804
mixed,individual,43,173,264,0.6553030303030303,3.462984517660567
mixed,individual,43,174,264,0.6590909090909091,3.468356997726594
mixed,individual,43,175,264,0.6628787878787878,3.456646060151914
mixed,individual,43,176,264,0.6666666666666666,3.4577834896704305
mixed,individual,43,177,264,0.6704545454545454,3.457274418431916
mixed,individual,43,178,264,0.6742424242424242,3.4557863233718975
mixed,individual,43,179,264,0.678030303030303,3.4479828080708983
mixed,individual,43,180,264,0.6818181818181818,3.4515420347863484
mixed,individual,43,181,264,0.6856060606060606,3.446988345787774
mixed,individual,43,182,264,0.6893939393939394,3.4763557324099454
mixed,individual,43,183,264,0.6931818181818182,3.463893055377136
mixed,individual,43,184,264,0.696969696969697,3.475069309513049
mixed,individual,43,185,264,0.7007575757575758,3.4663618372933636
mixed,individual,43,186,264,0.7045454545454546,3.452739103285444
mixed,individual,43,187,264,0.7083333333333334,3.4496404751268788
mixed,individual,43,188,264,0.7121212121212122,3.4556030473075987
mixed,individual,43,189,264,0.7159090909090909,3.4446574866820905
mixed,individual,43,190,264,0.7196969696969697,3.442385903731055
mixed,individual,43,191,264,0.7234848484848485,3.4392209148905684
mixed,individual,43,192,264,0.7272727272727273,3.4284034501995087
mixed,individual,43,193,264,0.7310606060606061,3.4181678188185214
mixed,individual,43,194,264,0.7348484848484849,3.405630179371161
mixed,individual,43,195,264,0.7386363636363636,3.407453605286819
mixed,individual,43,196,264,0.7424242424242424,3.43098027101077
mixed,individual,43,197,264,0.7462121212121212,3.431583199412964
mixed,individual,43,198,264,0.75,3.4337862892549444
mixed,individual,43,199,264,0.7537878787878788,3.453608189817325
mixed,individual,43,200,264,0.7575757575757576,3.4442768864639737
mixed,individual,43,201,264,0.7613636363636364,3.432596865903416
mixed,individual,43,202,264,0.7651515151515151,3.42572327909059
mixed,individual,43,203,264,0.7689393939393939,3.43796420964194
mixed,individual,43,204,264,0.7727272727272727,3.440770957736394
mixed,individual,43,205,264,0.7765151515151515,3.445581974906115
mixed,individual,43,206,264,0.7803030303030303,3.4442914037790926
mixed,individual,43,207,264,0.7840909090909091,3.4533570683458095
mixed,individual,43,208,264,0.7878787878787878,3.4418185524291993
mixed,individual,43,209,264,0.7916666666666666,3.4357995780037642
mixed,individual,43,210,264,0.7954545454545454,3.4254920886083995
mixed,individual,43,211,264,0.7992424242424242,3.4292111416091586
mixed,individual,43,212,264,0.803030303030303,3.4381195247194993
mixed,individual,43,213,264,0.8068181818181818,3.432326178247228
mixed,individual,43,214,264,0.8106060606060606,3.4274620668629856
mixed,individual,43,215,264,0.8143939393939394,3.439238617349533
mixed,individual,43,216,264,0.8181818181818182,3.4368258856271234
mixed,individual,43,217,264,0.821969696969697,3.4272572571185758
mixed,individual,43,218,264,0.8257575757575758,3.4238981751955935
mixed,individual,43,219,264,0.8295454545454546,3.432914327791312
mixed,individual,43,220,264,0.8333333333333334,3.4360137592998696
mixed,individual,43,221,264,0.8371212121212122,3.440174188695862
mixed,individual,43,222,264,0.8409090909090909,3.4405639534426844
mixed,individual,43,223,264,0.8446969696969697,3.440627766807824
mixed,individual,43,224,264,0.8484848484848485,3.42787169224657
mixed,individual,43,225,264,0.8522727272727273,3.421847454492659
mixed,individual,43,226,264,0.8560606060606061,3.4408921920217033
mixed,individual,43,227,264,0.8598484848484849,3.4391745022098212
mixed,individual,43,228,264,0.8636363636363636,3.4331833782001357
mixed,individual,43,229,264,0.8674242424242424,3.432043962985092
mixed,individual,43,230,264,0.8712121212121212,3.4293270493673704
mixed,individual,43,231,264,0.875,3.4398193902210776
mixed,individual,43,232,264,0.8787878787878788,3.4372149693934384
mixed,individual,43,233,264,0.8825757575757576,3.4345417974211827
mixed,individual,43,234,264,0.8863636363636364,3.43431347085805
mixed,individual,43,235,264,0.8901515151515151,3.4344219939656186
mixed,individual,43,236,264,0.8939393939393939,3.436414737819553
mixed,individual,43,237,264,0.8977272727272727,3.428894851217629
mixed,individual,43,238,264,0.9015151515151515,3.425826521780087
mixed,individual,43,239,264,0.9053030303030303,3.424150396346284
mixed,individual,43,240,264,0.9090909090909091,3.416986638852649
mixed,individual,43,241,264,0.9128787878787878,3.417386609328618
mixed,individual,43,242,264,0.9166666666666666,3.4265549054252564
mixed,individual,43,243,264,0.9204545454545454,3.423477933779434
mixed,individual,43,244,264,0.9242424242424242,3.448073186220635
mixed,individual,43,245,264,0.928030303030303,3.4697725178442442
mixed,individual,43,246,264,0.9318181818181818,3.4628384673602444
mixed,individual,43,247,264,0.9356060606060606,3.464839958592471
mixed,individual,43,248,264,0.9393939393939394,3.4727338815571573
mixed,individual,43,249,264,0.9431818181818182,3.4660900815513713
mixed,individual,43,250,264,0.946969696969697,3.461475587472032
mixed,individual,43,251,264,0.9507575757575758,3.4588610643784743
mixed,individual,43,252,264,0.9545454545454546,3.4896358614616654
mixed,individual,43,253,264,0.9583333333333334,3.4878416246554607
mixed,individual,43,254,264,0.9621212121212122,3.48229279718775
mixed,individual,43,255,264,0.9659090909090909,3.475530612568433
mixed,individual,43,256,264,0.9696969696969697,3.4702977520479563
mixed,individual,43,257,264,0.9734848484848485,3.4738301010797237
mixed,individual,43,258,264,0.9772727272727273,3.4680401022703773
mixed,individual,43,259,264,0.9810606060606061,3.471016261649128
mixed,individual,43,260,264,0.9848484848484849,3.4632399617633833
mixed,individual,43,261,264,0.9886363636363636,3.469613357830873
mixed,individual,43,262,264,0.9924242424242424,3.472857379115184
mixed,individual,43,263,264,0.9962121212121212,3.4766843169053034
mixed,individual,43,264,264,1.0,3.473632827477395
mixed,shared_half,17,1,264,0.003787878787878788,2.0936243167715394
mixed,shared_half,17,2,264,0.007575757575757576,4.165218674851189
mixed,shared_half,17,3,264,0.011363636363636364,4.545877470916179
mixed,shared_half,17,4,264,0.015151515151515152,4.164848500891097
mixed,shared_half,17,5,264,0.01893939393939394,4.327046087877471
mixed,shared_half,17,6,264,0.022727272727272728,4.135786665832831
mixed,shared_half,17,7,264,0.026515151515151516,4.103155089133345
mixed,shared_half,17,8,264,0.030303030303030304,3.9499646317938404
mixed,shared_half,17,9,264,0.03409090909090909,4.002663104066332
mixed,shared_half,17,10,264,0.03787878787878788,3.941937965822673
mixed,shared_half,17,11,264,0.041666666666666664,3.950639240635863
mixed,shared_half,17,12,264,0.045454545454545456,4.187189967688586
mixed,shared_half,17,13,264,0.04924242424242424,4.029849244009085
mixed,shared_half,17,14,264,0.05303030303030303,3.9154727520413
mixed,shared_half,17,15,264,0.056818181818181816,3.786728655055498
mixed,shared_half,17,16,264,0.06060606060606061,3.6506393833023485
mixed,shared_half,17,17,264,0.06439393939393939,3.552711702701888
mixed,shared_half,17,18,264,0.06818181818181818,3.5090678595460636
mixed,shared_half,17,19,264,0.07196969696969698,3.6044662143197046
mixed,shared_half,17,20,264,0.07575757575757576,3.6210773970607404
mixed,shared_half,17,21,264,0.07954545454545454,3.6676396893780816
mixed,shared_half,17,22,264,0.08333333333333333,3.5674858481056106
mixed,shared_half,17,23,264,0.08712121212121213,3.4669442869604437
mixed,shared_half,17,24,264,0.09090909090909091,3.452162479636399
mixed,shared_half,17,25,264,0.0946969696969697,3.381752121048492
mixed,shared_half,17,26,264,0.09848484848484848,3.3542754076743964
mixed,shared_half,17,27,264,0.10227272727272728,3.3075878984802585
mixed,shared_half,17,28,264,0.10606060606060606,3.333952137715096
mixed,shared_half,17,29,264,0.10984848484848485,3.382338153566314
mixed,shared_half,17,30,264,0.11363636363636363,3.354572361045524
mixed,shared_half,17,31,264,0.11742424242424243,3.4261095848696725
mixed,shared_half,17,32,264,0.12121212121212122,3.41338913213013
mixed,shared_half,17,33,264,0.125,3.368869593535279
mixed,shared_half,17,34,264,0.12878787878787878,3.4371861175224354
mixed,shared_half,17,35,264,0.13257575757575757,3.4262499504709893
mixed,shared_half,17,36,264,0.13636363636363635,3.370949098084126
mixed,shared_half,17,37,264,0.14015151515151514,3.341658185550459
mixed,shared_half,17,38,264,0.14393939393939395,3.385321108027058
mixed,shared_half,17,39,264,0.14772727272727273,3.4050812900465246
mixed,shared_half,17,40,264,0.15151515151515152,3.5233958782874844
mixed,shared_half,17,41,264,0.1553030303030303,3.5516146496287453
mixed,shared_half,17,42,264,0.1590909090909091,3.536836941042895
mixed,shared_half,17,43,264,0.16287878787878787,3.484381591259449
mixed,shared_half,17,44,264,0.16666666666666666,3.4950727047132832
mixed,shared_half,17,45,264,0.17045454545454544,3.4762739867584225
mixed,shared_half,17,46,264,0.17424242424242425,3.4193264761699784
mixed,shared_half,17,47,264,0.17803030303030304,3.39864745919276
mixed,shared_half,17,48,264,0.18181818181818182,3.3695964200249335
mixed,shared_half,17,49,264,0.1856060606060606,3.3658587908043707
mixed,shared_half,17,50,264,0.1893939393939394,3.3385877343614165
mixed,shared_half,17,51,264,0.19318181818181818,3.294278920894419
mixed,shared_half,17,52,264,0.19696969696969696,3.3484193133159255
mixed,shared_half,17,53,264,0.20075757575757575,3.3375700934738037
mixed,shared_half,17,54,264,0.20454545454545456,3.2936903075529327
mixed,shared_half,17,55,264,0.20833333333333334,3.331244531615513
mixed,shared_half,17,56,264,0.21212121212121213,3.3245842589914747
mixed,shared_half,17,57,264,0.2159090909090909,3.3113981326626294
mixed,shared_half,17,58,264,0.2196969696969697,3.3137561634318793
mixed,shared_half,17,59,264,0.22348484848484848,3.2890385678515774
mixed,shared_half,17,60,264,0.22727272727272727,3.334909560062279
mixed,shared_half,17,61,264,0.23106060606060605,3.358748816171287
mixed,shared_half,17,62,264,0.23484848484848486,3.399917213778188
mixed,shared_half,17,63,264,0.23863636363636365,3.4043353657352413
mixed,shared_half,17,64,264,0.24242424242424243,3.3896223273007533
mixed,shared_half,17,65,264,0.24621212121212122,3.4309894316673817
mixed,shared_half,17,66,264,0.25,3.456117370682703
mixed,shared_half,17,67,264,0.2537878787878788,3.4873374238520247
mixed,shared_half,17,68,264,0.25757575757575757,3.4724123356920904
mixed,shared_half,17,69,264,0.26136363636363635,3.4479687578523532
mixed,shared_half,17,70,264,0.26515151515151514,3.432147077234443
mixed,shared_half,17,71,264,0.2689393939393939,3.4939508232232837
mixed,shared_half,17,72,264,0.2727272727272727,3.4859608805435296
mixed,shared_half,17,73,264,0.2765151515151515,3.4775911331104945
mixed,shared_half,17,74,264,0.2803030303030303,3.458143439209546
mixed,shared_half,17,75,264,0.2840909090909091,3.485204492703681
mixed,shared_half,17,76,264,0.2878787878787879,3.4873742388209465
mixed,shared_half,17,77,264,0.2916666666666667,3.5365495458001686
mixed,shared_half,17,78,264,0.29545454545454547,3.5365288717957455
mixed,shared_half,17,79,264,0.29924242424242425,3.501686441714954
mixed,shared_half,17,80,264,0.30303030303030304,3.5312621185999036
mixed,shared_half,17,81,264,0.3068181818181818,3.5093016548551876
mixed,shared_half,17,82,264,0.3106060606060606,3.4922496286539886
mixed,shared_half,17,83,264,0.3143939393939394,3.461521934815152
mixed,shared_half,17,84,264,0.3181818181818182,3.425397195529125
mixed,shared_half,17,85,264,0.32196969696969696,3.4099362846270598
mixed,shared_half,17,86,264,0.32575757575757575,3.3860641774884153
mixed,shared_half,17,87,264,0.32954545454545453,3.369513338623579
mixed,shared_half,17,88,264,0.3333333333333333,3.347701663392891
mixed,shared_half,17,89,264,0.3371212121212121,3.338690226208447
mixed,shared_half,17,90,264,0.3409090909090909,3.3142248127447784
mixed,shared_half,17,91,264,0.3446969696969697,3.3229558550457705
mixed,shared_half,17,92,264,0.3484848484848485,3.2981864947330894
mixed,shared_half,17,93,264,0.3522727272727273,3.3032961559838117
mixed,shared_half,17,94,264,0.3560606060606061,3.3375452306526237
mixed,shared_half,17,95,264,0.35984848484848486,3.364690854144797
mixed,shared_half,17,96,264,0.36363636363636365,3.369497657618822
mixed,shared_half,17,97,264,0.36742424242424243,3.364190494575361
mixed,shared_half,17,98,264,0.3712121212121212,3.3834316307963053
mixed,shared_half,17,99,264,0.375,3.368919446724151
mixed,shared_half,17,100,264,0.3787878787878788,3.351983073624183
mixed,shared_half,17,101,264,0.38257575757575757,3.3412591278116137
mixed,shared_half,17,102,264,0.38636363636363635,3.4026938668532476
mixed,shared_half,17,103,264,0.39015151515151514,3.3939923451061667
mixed,shared_half,17,104,264,0.3939393939393939,3.381287690814321
mixed,shared_half,17,105,264,0.3977272727272727,3.374897872335992
mixed,shared_half,17,106,264,0.4015151515151515,3.3923819621161075
mixed,shared_half,17,107,264,0.4053030303030303,3.420902871008887
mixed,shared_half,17,108,264,0.4090909090909091,3.4178256436529524
mixed,shared_half,17,109,264,0.4128787878787879,3.461785877238964
mixed,shared_half,17,110,264,0.4166666666666667,3.449236875418396
mixed,shared_half,17,111,264,0.42045454545454547,3.4366499047972443
mixed,shared_half,17,112,264,0.42424242424242425,3.4286996191415926
mixed,shared_half,17,113,264,0.42803030303030304,3.4043164454896937
mixed,shared_half,17,114,264,0.4318181818181818,3.385023070527869
mixed,shared_half,17,115,264,0.4356060606060606,3.3707489669546336
mixed,shared_half,17,116,264,0.4393939393939394,3.385649953620879
mixed,shared_half,17,117,264,0.4431818181818182,3.368578470752136
mixed,shared_half,17,118,264,0.44696969696969696,3.3939633275815186
mixed,shared_half,17,119,264,0.45075757575757575,3.384279555950544
mixed,shared_half,17,120,264,0.45454545454545453,3.4313677601368515
mixed,shared_half,17,121,264,0.4583333333333333,3.4208653867268914
mixed,shared_half,17,122,264,0.4621212121212121,3.42909866597307
mixed,shared_half,17,123,264,0.4659090909090909,3.426227362548352
mixed,shared_half,17,124,264,0.4696969696969697,3.4271301594019947
mixed,shared_half,17,125,264,0.4734848484848485,3.410229203368907
mixed,shared_half,17,126,264,0.4772727272727273,3.395274922772897
mixed,shared_half,17,127,264,0.4810606060606061,3.3854141313063395
mixed,shared_half,17,128,264,0.48484848484848486,3.402784650277034
mixed,shared_half,17,129,264,0.48863636363636365,3.417174885590833
mixed,shared_half,17,130,264,0.49242424242424243,3.4157600829852814
mixed,shared_half,17,131,264,0.4962121212121212,3.4039636889781857
mixed,shared_half,17,132,264,0.5,3.382281068500986
mixed,shared_half,17,133,264,0.5037878787878788,3.3679775824892246
mixed,shared_half,17,134,264,0.5075757575757576,3.3963757200379696
mixed,shared_half,17,135,264,0.5113636363636364,3.419983014298703
mixed,shared_half,17,136,264,0.5151515151515151,3.436248039346207
mixed,shared_half,17,137,264,0.5189393939393939,3.4320438527411814
mixed,shared_half,17,138,264,0.5227272727272727,3.426677805093094
mixed,shared_half,17,139,264,0.5265151515151515,3.440053681348264
mixed,shared_half,17,140,264,0.5303030303030303,3.4571353746175943
mixed,shared_half,17,141,264,0.5340909090909091,3.449918529917225
mixed,shared_half,17,142,264,0.5378787878787878,3.448440310675363
mixed,shared_half,17,143,264,0.5416666666666666,3.4419328356510883
mixed,shared_half,17,144,264,0.5454545454545454,3.429938001936838
mixed,shared_half,17,145,264,0.5492424242424242,3.416730203796177
mixed,shared_half,17,146,264,0.553030303030303,3.4124166398237
mixed,shared_half,17,147,264,0.5568181818181818,3.417669152804157
mixed,shared_half,17,148,264,0.5606060606060606,3.412599855761922
mixed,shared_half,17,149,264,0.5643939393939394,3.4014070049886866
mixed,shared_half,17,150,264,0.5681818181818182,3.3942078657468837
mixed,shared_half,17,151,264,0.571969696969697,3.420363403815391
mixed,shared_half,17,152,264,0.5757575757575758,3.4053660918268895
mixed,shared_half,17,153,264,0.5795454545454546,3.3982471167536232
mixed,shared_half,17,154,264,0.5833333333333334,3.3939993963180077
mixed,shared_half,17,155,264,0.5871212121212122,3.397441629610968
mixed,shared_half,17,156,264,0.5909090909090909,3.3868863075118942
mixed,shared_half,17,157,264,0.5946969696969697,3.3756769543831044
mixed,shared_half,17,158,264,0.5984848484848485,3.3669614768921465
mixed,shared_half,17,159,264,0.6022727272727273,3.365406584082596
mixed,shared_half,17,160,264,0.6060606060606061,3.367716756458512
mixed,shared_half,17,161,264,0.6098484848484849,3.3840828490888932
mixed,shared_half,17,162,264,0.6136363636363636,3.3820329045985136
mixed,shared_half,17,163,264,0.6174242424242424,3.415549007358178
mixed,shared_half,17,164,264,0.6212121212121212,3.407806676825084
mixed,shared_half,17,165,264,0.625,3.394248277200254
mixed,shared_half,17,166,264,0.6287878787878788,3.3828372791990846
mixed,shared_half,17,167,264,0.6325757575757576,3.405041410822886
mixed,shared_half,17,168,264,0.6363636363636364,3.3914706297483215
mixed,shared_half,17,169,264,0.6401515151515151,3.376911421889675
mixed,shared_half,17,170,264,0.6439393939393939,3.3922560677371822
mixed,shared_half,17,171,264,0.6477272727272727,3.405713001402979
mixed,shared_half,17,172,264,0.6515151515151515,3.426239028173597
mixed,shared_half,17,173,264,0.6553030303030303,3.4401998708741175
mixed,shared_half,17,174,264,0.6590909090909091,3.4279001343315936
mixed,shared_half,17,175,264,0.6628787878787878,3.445091573189216
mixed,shared_half,17,176,264,0.6666666666666666,3.438885257274245
mixed,shared_half,17,177,264,0.6704545454545454,3.4356678769211255
mixed,shared_half,17,178,264,0.6742424242424242,3.4446520425501346
mixed,shared_half,17,179,264,0.678030303030303,3.443876630375154
mixed,shared_half,17,180,264,0.6818181818181818,3.46618002695241
mixed,shared_half,17,181,264,0.6856060606060606,3.454139535047528
mixed,shared_half,17,182,264,0.6893939393939394,3.4475941839792204
mixed,shared_half,17,183,264,0.6931818181818182,3.439298834142751
mixed,shared_half,17,184,264,0.696969696969697,3.4674242899545664
mixed,shared_half,17,185,264,0.7007575757575758,3.455625621321065
mixed,shared_half,17,186,264,0.7045454545454546,3.45862344665271
mixed,shared_half,17,187,264,0.7083333333333334,3.449863952559672
mixed,shared_half,17,188,264,0.7121212121212122,3.4427585795956235
mixed,shared_half,17,189,264,0.7159090909090909,3.4506455770043334
mixed,shared_half,17,190,264,0.7196969696969697,3.458733342159591
mixed,shared_half,17,191,264,0.7234848484848485,3.471181491196874
mixed,shared_half,17,192,264,0.7272727272727273,3.476911901944172
mixed,shared_half,17,193,264,0.7310606060606061,3.467001366234948
mixed,shared_half,17,194,264,0.7348484848484849,3.455547192017109
mixed,shared_half,17,195,264,0.7386363636363636,3.4591178100175255
mixed,shared_half,17,196,264,0.7424242424242424,3.459176420631978
mixed,shared_half,17,197,264,0.7462121212121212,3.451872221638087
mixed,shared_half,17,198,264,0.75,3.4530118406041
mixed,shared_half,17,199,264,0.7537878787878788,3.438183138128695
mixed,shared_half,17,200,264,0.7575757575757576,3.43498216482586
mixed,shared_half,17,201,264,0.7613636363636364,3.423317395281339
mixed,shared_half,17,202,264,0.7651515151515151,3.4095006858767523
mixed,shared_half,17,203,264,0.7689393939393939,3.4109860407951724
mixed,shared_half,17,204,264,0.7727272727272727,3.4087459226810433
mixed,shared_half,17,205,264,0.7765151515151515,3.3988894247764354
mixed,shared_half,17,206,264,0.7803030303030303,3.404012158705834
mixed,shared_half,17,207,264,0.7840909090909091,3.3957946438371867
mixed,shared_half,17,208,264,0.7878787878787878,3.393542903394219
mixed,shared_half,17,209,264,0.7916666666666666,3.424492880117209
mixed,shared_half,17,210,264,0.7954545454545454,3.430225553844973
mixed,shared_half,17,211,264,0.7992424242424242,3.429008747697179
mixed,shared_half,17,212,264,0.803030303030303,3.433850545792474
mixed,shared_half,17,213,264,0.8068181818181818,3.433269609046133
mixed,shared_half,17,214,264,0.8106060606060606,3.4244750873678744
mixed,shared_half,17,215,264,0.8143939393939394,3.414671523929627
mixed,shared_half,17,216,264,0.8181818181818182,3.4089839973580873
mixed,shared_half,17,217,264,0.821969696969697,3.405645152847921
mixed,shared_half,17,218,264,0.8257575757575758,3.3951486608787764
mixed,shared_half,17,219,264,0.8295454545454546,3.4079293620288316
mixed,shared_half,17,220,264,0.8333333333333334,3.3979406034118105
mixed,shared_half,17,221,264,0.8371212121212122,3.398548191375202
mixed,shared_half,17,222,264,0.8409090909090909,3.4002010514097325
mixed,shared_half,17,223,264,0.8446969696969697,3.3960736951387953
mixed,shared_half,17,224,264,0.8484848484848485,3.423426513199687
mixed,shared_half,17,225,264,0.8522727272727273,3.4262084597164195
mixed,shared_half,17,226,264,0.8560606060606061,3.4339654735004816
mixed,shared_half,17,227,264,0.8598484848484849,3.444021148877728
mixed,shared_half,17,228,264,0.8636363636363636,3.451073928838107
mixed,shared_half,17,229,264,0.8674242424242424,3.4675792977821867
mixed,shared_half,17,230,264,0.8712121212121212,3.483887349572081
mixed,shared_half,17,231,264,0.875,3.48738351210767
mixed,shared_half,17,232,264,0.8787878787878788,3.4835159611772357
mixed,shared_half,17,233,264,0.8825757575757576,3.4840517072193546
mixed,shared_half,17,234,264,0.8863636363636364,3.479456992151129
mixed,shared_half,17,235,264,0.8901515151515151,3.4743895281048696
mixed,shared_half,17,236,264,0.8939393939393939,3.468725320136731
mixed,shared_half,17,237,264,0.8977272727272727,3.4645806639930523
mixed,shared_half,17,238,264,0.9015151515151515,3.46649513917711
mixed,shared_half,17,239,264,0.9053030303030303,3.463498989313596
mixed,shared_half,17,240,264,0.9090909090909091,3.4719656438207074
mixed,shared_half,17,241,264,0.9128787878787878,3.4726554083154797
mixed,shared_half,17,242,264,0.9166666666666666,3.469593670550552
mixed,shared_half,17,243,264,0.9204545454545454,3.4766082266148355
mixed,shared_half,17,244,264,0.9242424242424242,3.4759023353922966
mixed,shared_half,17,245,264,0.928030303030303,3.477669970688021
mixed,shared_half,17,246,264,0.9318181818181818,3.475232260064191
mixed,shared_half,17,247,264,0.9356060606060606,3.4772075777627713
mixed,shared_half,17,248,264,0.9393939393939394,3.505875668782022
mixed,shared_half,17,249,264,0.9431818181818182,3.49900042778354
mixed,shared_half,17,250,264,0.946969696969697,3.490638059366913
mixed,shared_half,17,251,264,0.9507575757575758,3.5008877051728104
mixed,shared_half,17,252,264,0.9545454545454546,3.4951617415793734
mixed,shared_half,17,253,264,0.9583333333333334,3.485539391432879
mixed,shared_half,17,254,264,0.9621212121212122,3.4896899014300065
mixed,shared_half,17,255,264,0.9659090909090909,3.479894573932753
mixed,shared_half,17,256,264,0.9696969696969697,3.470867861863383
mixed,shared_half,17,257,264,0.9734848484848485,3.4699906677379744
mixed,shared_half,17,258,264,0.9772727272727273,3.477288890752504
mixed,shared_half,17,259,264,0.9810606060606061,3.4809065652063995
mixed,shared_half,17,260,264,0.9848484848484849,3.4712865285461207
mixed,shared_half,17,261,264,0.9886363636363636,3.4723349498763803
mixed,shared_half,17,262,264,0.9924242424242424,3.4784070720426694
mixed,shared_half,17,263,264,0.9962121212121212,3.479192667972888
mixed,shared_half,17,264,264,1.0,3.483728682049804
mixed,shared_half,29,1,264,0.003787878787878788,4.6409805661929315
mixed,shared_half,29,2,264,0.007575757575757576,4.92019215644401
mixed,shared_half,29,3,264,0.011363636363636364,3.9459051606454127
mixed,shared_half,29,4,264,0.015151515151515152,3.863589347428636
mixed,shared_half,29,5,264,0.01893939393939394,3.632794062415448
mixed,shared_half,29,6,264,0.022727272727272728,3.7963565787337177
mixed,shared_half,29,7,264,0.026515151515151516,3.794029114095587
mixed,shared_half,29,8,264,0.030303030303030304,3.7678865452271446
mixed,shared_half,29,9,264,0.03409090909090909,3.6303988756355614
mixed,shared_half,29,10,264,0.03787878787878788,3.62727439008165
mixed,shared_half,29,11,264,0.041666666666666664,3.466765962170244
mixed,shared_half,29,12,264,0.045454545454545456,3.3950927816243333
mixed,shared_half,29,13,264,0.04924242424242424,3.3595676905345426
mixed,shared_half,29,14,264,0.05303030303030303,3.5240006595337543
mixed,shared_half,29,15,264,0.056818181818181816,3.6455081076463296
mixed,shared_half,29,16,264,0.06060606060606061,3.7765242170791433
mixed,shared_half,29,17,264,0.06439393939393939,3.7937300276049553
mixed,shared_half,29,18,264,0.06818181818181818,3.910607591657838
mixed,shared_half,29,19,264,0.07196969696969698,3.789636722414634
mixed,shared_half,29,20,264,0.07575757575757576,3.7206107459539455
mixed,shared_half,29,21,264,0.07954545454545454,3.651839649990291
mixed,shared_half,29,22,264,0.08333333333333333,3.7804346121000303
mixed,shared_half,29,23,264,0.08712121212121213,3.901749789163513
mixed,shared_half,29,24,264,0.09090909090909091,3.7855967586207857
mixed,shared_half,29,25,264,0.0946969696969697,3.8635846269901823
mixed,shared_half,29,26,264,0.09848484848484848,4.081487127526037
mixed,shared_half,29,27,264,0.10227272727272728,4.087517950889079
mixed,shared_half,29,28,264,0.10606060606060606,4.043430172344862
mixed,shared_half,29,29,264,0.10984848484848485,4.116039574025264
mixed,shared_half,29,30,264,0.11363636363636363,4.015167668600495
mixed,shared_half,29,31,264,0.11742424242424243,3.9657063307645486
mixed,shared_half,29,32,264,0.12121212121212122,4.059706236924761
mixed,shared_half,29,33,264,0.125,4.048709341430703
mixed,shared_half,29,34,264,0.12878787878787878,4.039846354654546
mixed,shared_half,29,35,264,0.13257575757575757,3.950033215141754
mixed,shared_half,29,36,264,0.13636363636363635,4.016573774670417
mixed,shared_half,29,37,264,0.14015151515151514,3.9755216917514646
mixed,shared_half,29,38,264,0.14393939393939395,3.935564292911966
mixed,shared_half,29,39,264,0.14772727272727273,3.8860449430413055
mixed,shared_half,29,40,264,0.15151515151515152,3.848153867422808
mixed,shared_half,29,41,264,0.1553030303030303,3.8687088406014745
mixed,shared_half,29,42,264,0.1590909090909091,3.8505100940030252
mixed,shared_half,29,43,264,0.16287878787878787,3.973003653869121
mixed,shared_half,29,44,264,0.16666666666666666,3.9381098684159763
mixed,shared_half,29,45,264,0.17045454545454544,3.873241627511417
mixed,shared_half,29,46,264,0.17424242424242425,3.9093971821412357
mixed,shared_half,29,47,264,0.17803030303030304,3.854320570850442
mixed,shared_half,29,48,264,0.18181818181818182,3.818805374511953
mixed,shared_half,29,49,264,0.1856060606060606,3.7798740813734986
mixed,shared_half,29,50,264,0.1893939393939394,3.7503620235990405
mixed,shared_half,29,51,264,0.19318181818181818,3.738538983576524
mixed,shared_half,29,52,264,0.19696969696969696,3.753380759275446
mixed,shared_half,29,53,264,0.20075757575757575,3.72943033129661
mixed,shared_half,29,54,264,0.20454545454545456,3.8469608189444013
mixed,shared_half,29,55,264,0.20833333333333334,3.830958343132454
mixed,shared_half,29,56,264,0.21212121212121213,3.8116487747620087
mixed,shared_half,29,57,264,0.2159090909090909,3.7989530722099403
mixed,shared_half,29,58,264,0.2196969696969697,3.83336801513754
mixed,shared_half,29,59,264,0.22348484848484848,3.786937975689459
mixed,shared_half,29,60,264,0.22727272727272727,3.77492359453978
mixed,shared_half,29,61,264,0.23106060606060605,3.750183779377953
mixed,shared_half,29,62,264,0.23484848484848486,3.782341403783671
mixed,shared_half,29,63,264,0.23863636363636365,3.770272266556953
mixed,shared_half,29,64,264,0.24242424242424243,3.764102293580699
mixed,shared_half,29,65,264,0.24621212121212122,3.7556626925944885
mixed,shared_half,29,66,264,0.25,3.7742295469345977
mixed,shared_half,29,67,264,0.2537878787878788,3.7491640640158215
mixed,shared_half,29,68,264,0.25757575757575757,3.7764548231643555
mixed,shared_half,29,69,264,0.26136363636363635,3.733305036715564
mixed,shared_half,29,70,264,0.26515151515151514,3.720310755093196
mixed,shared_half,29,71,264,0.2689393939393939,3.71981380597197
mixed,shared_half,29,72,264,0.2727272727272727,3.760503456322812
mixed,shared_half,29,73,264,0.2765151515151515,3.7457903506011547
mixed,shared_half,29,74,264,0.2803030303030303,3.722225197281413
mixed,shared_half,29,75,264,0.2840909090909091,3.740747107016063
mixed,shared_half,29,76,264,0.2878787878787879,3.724747556392248
mixed,shared_half,29,77,264,0.2916666666666667,3.7662241880288043
mixed,shared_half,29,78,264,0.29545454545454547,3.7430103872247926
mixed,shared_half,29,79,264,0.29924242424242425,3.719357436524889
mixed,shared_half,29,80,264,0.30303030303030304,3.6937957703457167
mixed,shared_half,29,81,264,0.3068181818181818,3.6647393322241673
mixed,shared_half,29,82,264,0.3106060606060606,3.690610786594311
mixed,shared_half,29,83,264,0.3143939393939394,3.679257899116935
mixed,shared_half,29,84,264,0.3181818181818182,3.6502536975903634
mixed,shared_half,29,85,264,0.32196969696969696,3.6442196852306425
mixed,shared_half,29,86,264,0.32575757575757575,3.6260481166483207
mixed,shared_half,29,87,264,0.32954545454545453,3.6527715388691164
mixed,shared_half,29,88,264,0.3333333333333333,3.6446287601547684
mixed,shared_half,29,89,264,0.3371212121212121,3.6300494138759123
mixed,shared_half,29,90,264,0.3409090909090909,3.6233725103194305
mixed,shared_half,29,91,264,0.3446969696969697,3.6092044929243037
mixed,shared_half,29,92,264,0.3484848484848485,3.6049795190905285
mixed,shared_half,29,93,264,0.3522727272727273,3.607865957219022
mixed,shared_half,29,94,264,0.3560606060606061,3.5978171785014244
mixed,shared_half,29,95,264,0.35984848484848486,3.597686711414402
mixed,shared_half,29,96,264,0.36363636363636365,3.6173725469364952
mixed,shared_half,29,97,264,0.36742424242424243,3.6634053768215415
mixed,shared_half,29,98,264,0.3712121212121212,3.6816220542962523
mixed,shared_half,29,99,264,0.375,3.662082326431899
mixed,shared_half,29,100,264,0.3787878787878788,3.662862825358126
mixed,shared_half,29,101,264,0.38257575757575757,3.647040422977971
mixed,shared_half,29,102,264,0.38636363636363635,3.6271079993431514
mixed,shared_half,29,103,264,0.39015151515151514,3.61695932819264
mixed,shared_half,29,104,264,0.3939393939393939,3.60057331886785
mixed,shared_half,29,105,264,0.3977272727272727,3.6454309955783613
mixed,shared_half,29,106,264,0.4015151515151515,3.6431819697922196
mixed,shared_half,29,107,264,0.4053030303030303,3.6552160733805583
mixed,shared_half,29,108,264,0.4090909090909091,3.6417532309598935
mixed,shared_half,29,109,264,0.4128787878787879,3.632620247402345
mixed,shared_half,29,110,264,0.4166666666666667,3.6311294228052677
mixed,shared_half,29,111,264,0.42045454545454547,3.6744398020950477
mixed,shared_half,29,112,264,0.42424242424242425,3.674412400524524
mixed,shared_half,29,113,264,0.42803030303030304,3.666803401124269
mixed,shared_half,29,114,264,0.4318181818181818,3.6530435110869464
mixed,shared_half,29,115,264,0.4356060606060606,3.657959568112465
mixed,shared_half,29,116,264,0.4393939393939394,3.6597272339648264
mixed,shared_half,29,117,264,0.4431818181818182,3.6433539889422364
mixed,shared_half,29,118,264,0.44696969696969696,3.6353079398490267
mixed,shared_half,29,119,264,0.45075757575757575,3.622380149410202
mixed,shared_half,29,120,264,0.45454545454545453,3.653536655678325
mixed,shared_half,29,121,264,0.4583333333333333,3.6356619088257167
mixed,shared_half,29,122,264,0.4621212121212121,3.615887273769001
mixed,shared_half,29,123,264,0.4659090909090909,3.6380775589578502
mixed,shared_half,29,124,264,0.4696969696969697,3.677763896227171
mixed,shared_half,29,125,264,0.4734848484848485,3.6673820349531985
mixed,shared_half,29,126,264,0.4772727272727273,3.650705879208604
mixed,shared_half,29,127,264,0.4810606060606061,3.6378272576282074
mixed,shared_half,29,128,264,0.48484848484848486,3.6529065221309462
mixed,shared_half,29,129,264,0.48863636363636365,3.670876744344152
mixed,shared_half,29,130,264,0.49242424242424243,3.665351023627308
mixed,shared_half,29,131,264,0.4962121212121212,3.658723567671835
mixed,shared_half,29,132,264,0.5,3.6540810791904095
mixed,shared_half,29,133,264,0.5037878787878788,3.668529004185212
mixed,shared_half,29,134,264,0.5075757575757576,3.652428621432428
mixed,shared_half,29,135,264,0.5113636363636364,3.6919732453094696
mixed,shared_half,29,136,264,0.5151515151515151,3.667537723669988
mixed,shared_half,29,137,264,0.5189393939393939,3.653661871648808
mixed,shared_half,29,138,264,0.5227272727272727,3.6860402620182855
mixed,shared_half,29,139,264,0.5265151515151515,3.683312044175207
mixed,shared_half,29,140,264,0.5303030303030303,3.6698866752814445
mixed,shared_half,29,141,264,0.5340909090909091,3.6526935125996634
mixed,shared_half,29,142,264,0.5378787878787878,3.639511738408071
mixed,shared_half,29,143,264,0.5416666666666666,3.6448585272080436
mixed,shared_half,29,144,264,0.5454545454545454,3.62832423968905
mixed,shared_half,29,145,264,0.5492424242424242,3.6288204960870614
mixed,shared_half,29,146,264,0.553030303030303,3.6239819749761324
mixed,shared_half,29,147,264,0.5568181818181818,3.6430643495326014
mixed,shared_half,29,148,264,0.5606060606060606,3.6586184238191937
mixed,shared_half,29,149,264,0.5643939393939394,3.6767089495528587
mixed,shared_half,29,150,264,0.5681818181818182,3.6750938442032877
mixed,shared_half,29,151,264,0.571969696969697,3.680199453231616
mixed,shared_half,29,152,264,0.5757575757575758,3.6973246771750827
mixed,shared_half,29,153,264,0.5795454545454546,3.6819036366349964
mixed,shared_half,29,154,264,0.5833333333333334,3.6734531891627733
mixed,shared_half,29,155,264,0.5871212121212122,3.66862600599843
mixed,shared_half,29,156,264,0.5909090909090909,3.667410106551131
mixed,shared_half,29,157,264,0.5946969696969697,3.6627446740829965
mixed,shared_half,29,158,264,0.5984848484848485,3.6599232822717016
mixed,shared_half,29,159,264,0.6022727272727273,3.654375197072969
mixed,shared_half,29,160,264,0.6060606060606061,3.6434736548294504
mixed,shared_half,29,161,264,0.6098484848484849,3.6294815205162076
mixed,shared_half,29,162,264,0.6136363636363636,3.640451764134639
mixed,shared_half,29,163,264,0.6174242424242424,3.6220868211614463
mixed,shared_half,29,164,264,0.6212121212121212,3.6212535845768095
mixed,shared_half,29,165,264,0.625,3.6096253537507623
mixed,shared_half,29,166,264,0.6287878787878788,3.6044152774534495
mixed,shared_half,29,167,264,0.6325757575757576,3.594170957498228
mixed,shared_half,29,168,264,0.6363636363636364,3.5886294658177995
mixed,shared_half,29,169,264,0.6401515151515151,3.588704001599999
mixed,shared_half,29,170,264,0.6439393939393939,3.5795354274587705
mixed,shared_half,29,171,264,0.6477272727272727,3.5638510999477324
mixed,shared_half,29,172,264,0.6515151515151515,3.5571667429425107
mixed,shared_half,29,173,264,0.6553030303030303,3.5469284594353856
mixed,shared_half,29,174,264,0.6590909090909091,3.555249425083238
mixed,shared_half,29,175,264,0.6628787878787878,3.5558180049576316
mixed,shared_half,29,176,264,0.6666666666666666,3.5742916477069486
mixed,shared_half,29,177,264,0.6704545454545454,3.5676313361979513
mixed,shared_half,29,178,264,0.6742424242424242,3.5577389336890053
mixed,shared_half,29,179,264,0.678030303030303,3.547413147460639
mixed,shared_half,29,180,264,0.6818181818181818,3.537787922033027
mixed,shared_half,29,181,264,0.6856060606060606,3.5245224494441714
mixed,shared_half,29,182,264,0.6893939393939394,3.5115722026056364
mixed,shared_half,29,183,264,0.6931818181818182,3.505007609549961
mixed,shared_half,29,184,264,0.696969696969697,3.520505736596737
mixed,shared_half,29,185,264,0.7007575757575758,3.5080743435724964
mixed,shared_half,29,186,264,0.7045454545454546,3.4995944176154707
mixed,shared_half,29,187,264,0.7083333333333334,3.491671747800992
mixed,shared_half,29,188,264,0.7121212121212122,3.4999831222882785
mixed,shared_half,29,189,264,0.7159090909090909,3.500344841845045
mixed,shared_half,29,190,264,0.7196969696969697,3.4883724010700807
mixed,shared_half,29,191,264,0.7234848484848485,3.4826233741658856
mixed,shared_half,29,192,264,0.7272727272727273,3.4773199659683254
mixed,shared_half,29,193,264,0.7310606060606061,3.4850513559507355
mixed,shared_half,29,194,264,0.7348484848484849,3.4944099079290276
mixed,shared_half,29,195,264,0.7386363636363636,3.4914356438385123
mixed,shared_half,29,196,264,0.7424242424242424,3.523517509310686
mixed,shared_half,29,197,264,0.7462121212121212,3.531576724718653
mixed,shared_half,29,198,264,0.75,3.522276314495546
mixed,shared_half,29,199,264,0.7537878787878788,3.5365113230465215
mixed,shared_half,29,200,264,0.7575757575757576,3.527679035300931
mixed,shared_half,29,201,264,0.7613636363636364,3.5250377231016556
mixed,shared_half,29,202,264,0.7651515151515151,3.5385167654963867
mixed,shared_half,29,203,264,0.7689393939393939,3.531116383554195
mixed,shared_half,29,204,264,0.7727272727272727,3.5349776956439403
mixed,shared_half,29,205,264,0.7765151515151515,3.5239563691403673
mixed,shared_half,29,206,264,0.7803030303030303,3.5264497101558203
mixed,shared_half,29,207,264,0.7840909090909091,3.5222596382219074
mixed,shared_half,29,208,264,0.7878787878787878,3.519023537164969
mixed,shared_half,29,209,264,0.7916666666666666,3.5287070783727263
mixed,shared_half,29,210,264,0.7954545454545454,3.527810580919225
mixed,shared_half,29,211,264,0.7992424242424242,3.523772506888039
mixed,shared_half,29,212,264,0.803030303030303,3.518550931540245
mixed,shared_half,29,213,264,0.8068181818181818,3.512772502631161
mixed,shared_half,29,214,264,0.8106060606060606,3.511039884502798
mixed,shared_half,29,215,264,0.8143939393939394,3.5188632128354778
mixed,shared_half,29,216,264,0.8181818181818182,3.511582156848864
mixed,shared_half,29,217,264,0.821969696969697,3.510139924932933
mixed,shared_half,29,218,264,0.8257575757575758,3.502138576454381
mixed,shared_half,29,219,264,0.8295454545454546,3.51248333900327
mixed,shared_half,29,220,264,0.8333333333333334,3.5033432730781535
mixed,shared_half,29,221,264,0.8371212121212122,3.496613561320117
mixed,shared_half,29,222,264,0.8409090909090909,3.491844220366401
mixed,shared_half,29,223,264,0.8446969696969697,3.4796049323112164
mixed,shared_half,29,224,264,0.8484848484848485,3.478141188447206
mixed,shared_half,29,225,264,0.8522727272727273,3.4755355178585257
mixed,shared_half,29,226,264,0.8560606060606061,3.5006686323895453
mixed,shared_half,29,227,264,0.8598484848484849,3.493152511429248
mixed,shared_half,29,228,264,0.8636363636363636,3.4810345339065245
mixed,shared_half,29,229,264,0.8674242424242424,3.4806728765878834
mixed,shared_half,29,230,264,0.8712121212121212,3.4840662344041666
mixed,shared_half,29,231,264,0.875,3.4971555054009587
mixed,shared_half,29,232,264,0.8787878787878788,3.512309696890966
mixed,shared_half,29,233,264,0.8825757575757576,3.506802243229729
mixed,shared_half,29,234,264,0.8863636363636364,3.50337792492536
mixed,shared_half,29,235,264,0.8901515151515151,3.4988931552510913
mixed,shared_half,29,236,264,0.8939393939393939,3.505383694251297
mixed,shared_half,29,237,264,0.8977272727272727,3.498825958137663
mixed,shared_half,29,238,264,0.9015151515151515,3.503391278451601
mixed,shared_half,29,239,264,0.9053030303030303,3.5025575322014233
mixed,shared_half,29,240,264,0.9090909090909091,3.4929150779729334
mixed,shared_half,29,241,264,0.9128787878787878,3.497093423867883
mixed,shared_half,29,242,264,0.9166666666666666,3.4986291607087
mixed,shared_half,29,243,264,0.9204545454545454,3.5044594165709895
mixed,shared_half,29,244,264,0.9242424242424242,3.4995473668281307
mixed,shared_half,29,245,264,0.928030303030303,3.4940209030614557
mixed,shared_half,29,246,264,0.9318181818181818,3.4831703434096952
mixed,shared_half,29,247,264,0.9356060606060606,3.4824620146029
mixed,shared_half,29,248,264,0.9393939393939394,3.4756713563614747
mixed,shared_half,29,249,264,0.9431818181818182,3.486344242779932
mixed,shared_half,29,250,264,0.946969696969697,3.4765453107719293
mixed,shared_half,29,251,264,0.9507575757575758,3.471675566057279
mixed,shared_half,29,252,264,0.9545454545454546,3.4864566668042274
mixed,shared_half,29,253,264,0.9583333333333334,3.486424836672778
mixed,shared_half,29,254,264,0.9621212121212122,3.4899913576568973
mixed,shared_half,29,255,264,0.9659090909090909,3.515083362021552
mixed,shared_half,29,256,264,0.9696969696969697,3.525253635177717
mixed,shared_half,29,257,264,0.9734848484848485,3.5241941095640117
mixed,shared_half,29,258,264,0.9772727272727273,3.56123873331882
mixed,shared_half,29,259,264,0.9810606060606061,3.5516010056404133
mixed,shared_half,29,260,264,0.9848484848484849,3.5497853045944043
mixed,shared_half,29,261,264,0.9886363636363636,3.5527888972143047
mixed,shared_half,29,262,264,0.9924242424242424,3.551666669735513
mixed,shared_half,29,263,264,0.9962121212121212,3.5527643254926344
mixed,shared_half,29,264,264,1.0,3.552525134085249
mixed,shared_half,43,1,264,0.003787878787878788,1.104853383684346
mixed,shared_half,43,2,264,0.007575757575757576,1.9359838868721846
mixed,shared_half,43,3,264,0.011363636363636364,2.0328416129104308
mixed,shared_half,43,4,264,0.015151515151515152,1.7804192174619269
mixed,shared_half,43,5,264,0.01893939393939394,2.3015647439070017
mixed,shared_half,43,6,264,0.022727272727272728,2.469638221372284
mixed,shared_half,43,7,264,0.026515151515151516,2.349633833937113
mixed,shared_half,43,8,264,0.030303030303030304,2.2712544398483545
mixed,shared_half,43,9,264,0.03409090909090909,2.339339200261516
mixed,shared_half,43,10,264,0.03787878787878788,2.344840168237222
mixed,shared_half,43,11,264,0.041666666666666664,2.4930818321975883
mixed,shared_half,43,12,264,0.045454545454545456,2.4411568807233768
mixed,shared_half,43,13,264,0.04924242424242424,2.604354062833856
mixed,shared_half,43,14,264,0.05303030303030303,2.792841945820212
mixed,shared_half,43,15,264,0.056818181818181816,2.7115695278066676
mixed,shared_half,43,16,264,0.06060606060606061,2.740015728138187
mixed,shared_half,43,17,264,0.06439393939393939,2.792231206679493
mixed,shared_half,43,18,264,0.06818181818181818,2.840241572094461
mixed,shared_half,43,19,264,0.07196969696969698,2.998808554219201
mixed,shared_half,43,20,264,0.07575757575757576,3.036571185833499
mixed,shared_half,43,21,264,0.07954545454545454,3.014608602901191
mixed,shared_half,43,22,264,0.08333333333333333,3.119015066040252
mixed,shared_half,43,23,264,0.08712121212121213,3.174155802583415
mixed,shared_half,43,24,264,0.09090909090909091,3.20984692827116
mixed,shared_half,43,25,264,0.0946969696969697,3.32377458834745
mixed,shared_half,43,26,264,0.09848484848484848,3.349869775595499
mixed,shared_half,43,27,264,0.10227272727272728,3.384541441748215
mixed,shared_half,43,28,264,0.10606060606060606,3.476784164720944
mixed,shared_half,43,29,264,0.10984848484848485,3.4811667416759224
mixed,shared_half,43,30,264,0.11363636363636363,3.513783889443757
mixed,shared_half,43,31,264,0.11742424242424243,3.4852248378104567
mixed,shared_half,43,32,264,0.12121212121212122,3.4406177842557093
mixed,shared_half,43,33,264,0.125,3.517100606542344
mixed,shared_half,43,34,264,0.12878787878787878,3.4688445545681272
mixed,shared_half,43,35,264,0.13257575757575757,3.53047254204176
mixed,shared_half,43,36,264,0.13636363636363635,3.4801200801204235
mixed,shared_half,43,37,264,0.14015151515151514,3.408008015653424
mixed,shared_half,43,38,264,0.14393939393939395,3.455935694563043
mixed,shared_half,43,39,264,0.14772727272727273,3.4457402402344988
mixed,shared_half,43,40,264,0.15151515151515152,3.4178395638653654
mixed,shared_half,43,41,264,0.1553030303030303,3.4654324362278652
mixed,shared_half,43,42,264,0.1590909090909091,3.5027796882168656
mixed,shared_half,43,43,264,0.16287878787878787,3.525061814650898
mixed,shared_half,43,44,264,0.16666666666666666,3.497704706378668
mixed,shared_half,43,45,264,0.17045454545454544,3.481338723632372
mixed,shared_half,43,46,264,0.17424242424242425,3.5026328549910564
mixed,shared_half,43,47,264,0.17803030303030304,3.5100782534673702
mixed,shared_half,43,48,264,0.18181818181818182,3.5973116000700482
mixed,shared_half,43,49,264,0.1856060606060606,3.54755846755872
mixed,shared_half,43,50,264,0.1893939393939394,3.617165905405197
mixed,shared_half,43,51,264,0.19318181818181818,3.5609700992493267
mixed,shared_half,43,52,264,0.19696969696969696,3.5372467419892315
mixed,shared_half,43,53,264,0.20075757575757575,3.5492150277476484
mixed,shared_half,43,54,264,0.20454545454545456,3.551751699251135
mixed,shared_half,43,55,264,0.20833333333333334,3.528173010192726
mixed,shared_half,43,56,264,0.21212121212121213,3.488722292238528
mixed,shared_half,43,57,264,0.2159090909090909,3.470230933777011
mixed,shared_half,43,58,264,0.2196969696969697,3.450499325324084
mixed,shared_half,43,59,264,0.22348484848484848,3.4454196307643477
mixed,shared_half,43,60,264,0.22727272727272727,3.4783760636521257
mixed,shared_half,43,61,264,0.23106060606060605,3.505466312580434
mixed,shared_half,43,62,264,0.23484848484848486,3.5387227722004737
mixed,shared_half,43,63,264,0.23863636363636365,3.568610093246249
mixed,shared_half,43,64,264,0.24242424242424243,3.531453771883057
mixed,shared_half,43,65,264,0.24621212121212122,3.57098638710742
mixed,shared_half,43,66,264,0.25,3.551864267482509
mixed,shared_half,43,67,264,0.2537878787878788,3.525692635333834
mixed,shared_half,43,68,264,0.25757575757575757,3.5270556674288485
mixed,shared_half,43,69,264,0.26136363636363635,3.4885914226670565
mixed,shared_half,43,70,264,0.26515151515151514,3.4715140278956937
mixed,shared_half,43,71,264,0.2689393939393939,3.444698610251768
mixed,shared_half,43,72,264,0.2727272727272727,3.4797876247068498
mixed,shared_half,43,73,264,0.2765151515151515,3.515498212593472
mixed,shared_half,43,74,264,0.2803030303030303,3.506323692495176
mixed,shared_half,43,75,264,0.2840909090909091,3.5366668488026964
mixed,shared_half,43,76,264,0.2878787878787879,3.5249948958671373
mixed,shared_half,43,77,264,0.2916666666666667,3.54171557702327
mixed,shared_half,43,78,264,0.29545454545454547,3.512322263664628
mixed,shared_half,43,79,264,0.29924242424242425,3.4954603083684335
mixed,shared_half,43,80,264,0.30303030303030304,3.466179316164795
mixed,shared_half,43,81,264,0.3068181818181818,3.4379897332955767
mixed,shared_half,43,82,264,0.3106060606060606,3.431698649962585
mixed,shared_half,43,83,264,0.3143939393939394,3.4772055620086157
mixed,shared_half,43,84,264,0.3181818181818182,3.449110198112941
mixed,shared_half,43,85,264,0.32196969696969696,3.4295190408204634
mixed,shared_half,43,86,264,0.32575757575757575,3.430352301890323
mixed,shared_half,43,87,264,0.32954545454545453,3.4197911462858177
mixed,shared_half,43,88,264,0.3333333333333333,3.4410162401123454
mixed,shared_half,43,89,264,0.3371212121212121,3.4426441446966924
mixed,shared_half,43,90,264,0.3409090909090909,3.43557906691169
mixed,shared_half,43,91,264,0.3446969696969697,3.426697306305608
mixed,shared_half,43,92,264,0.3484848484848485,3.4272576162079798
mixed,shared_half,43,93,264,0.3522727272727273,3.424504000550508
mixed,shared_half,43,94,264,0.3560606060606061,3.4665218358267116
mixed,shared_half,43,95,264,0.35984848484848486,3.447834334289973
mixed,shared_half,43,96,264,0.36363636363636365,3.5041424761971727
mixed,shared_half,43,97,264,0.36742424242424243,3.522534119144276
mixed,shared_half,43,98,264,0.3712121212121212,3.5118356781448545
mixed,shared_half,43,99,264,0.375,3.5340081802423415
mixed,shared_half,43,100,264,0.3787878787878788,3.5180498448899953
mixed,shared_half,43,101,264,0.38257575757575757,3.519113431338317
mixed,shared_half,43,102,264,0.38636363636363635,3.5252157274083413
mixed,shared_half,43,103,264,0.39015151515151514,3.5188484970029337
mixed,shared_half,43,104,264,0.3939393939393939,3.5482282113361894
mixed,shared_half,43,105,264,0.3977272727272727,3.541666568466905
mixed,shared_half,43,106,264,0.4015151515151515,3.542526426040757
mixed,shared_half,43,107,264,0.4053030303030303,3.5277400508198875
mixed,shared_half,43,108,264,0.4090909090909091,3.507830987429046
mixed,shared_half,43,109,264,0.4128787878787879,3.4887888645303495
mixed,shared_half,43,110,264,0.4166666666666667,3.509590804216136
mixed,shared_half,43,111,264,0.42045454545454547,3.504151362383143
mixed,shared_half,43,112,264,0.42424242424242425,3.4953408764972616
mixed,shared_half,43,113,264,0.42803030303030304,3.545521027518219
mixed,shared_half,43,114,264,0.4318181818181818,3.54567306973377
mixed,shared_half,43,115,264,0.4356060606060606,3.5398744590465605
mixed,shared_half,43,116,264,0.4393939393939394,3.527286190808535
mixed,shared_half,43,117,264,0.4431818181818182,3.524165775880069
mixed,shared_half,43,118,264,0.44696969696969696,3.5065269609958194
mixed,shared_half,43,119,264,0.45075757575757575,3.4906283803336637
mixed,shared_half,43,120,264,0.45454545454545453,3.4663930321668985
mixed,shared_half,43,121,264,0.4583333333333333,3.4578447856383416
mixed,shared_half,43,122,264,0.4621212121212121,3.4506036617332336
mixed,shared_half,43,123,264,0.4659090909090909,3.429319928488566
mixed,shared_half,43,124,264,0.4696969696969697,3.432256566545153
mixed,shared_half,43,125,264,0.4734848484848485,3.415197227886287
mixed,shared_half,43,126,264,0.4772727272727273,3.396606657528084
mixed,shared_half,43,127,264,0.4810606060606061,3.391727651490282
mixed,shared_half,43,128,264,0.48484848484848486,3.3826437715406295
mixed,shared_half,43,129,264,0.48863636363636365,3.3928069763086848
mixed,shared_half,43,130,264,0.49242424242424243,3.386432759465354
mixed,shared_half,43,131,264,0.4962121212121212,3.4041065414548792
mixed,shared_half,43,132,264,0.5,3.4278397460184284
mixed,shared_half,43,133,264,0.5037878787878788,3.4532635614637033
mixed,shared_half,43,134,264,0.5075757575757576,3.439208990867482
mixed,shared_half,43,135,264,0.5113636363636364,3.444158970125171
mixed,shared_half,43,136,264,0.5151515151515151,3.451213965608829
mixed,shared_half,43,137,264,0.5189393939393939,3.4463602478451145
mixed,shared_half,43,138,264,0.5227272727272727,3.4665514596234948
mixed,shared_half,43,139,264,0.5265151515151515,3.487460623052023
mixed,shared_half,43,140,264,0.5303030303030303,3.468597439931228
mixed,shared_half,43,141,264,0.5340909090909091,3.460811060402169
mixed,shared_half,43,142,264,0.5378787878787878,3.480994794102711
mixed,shared_half,43,143,264,0.5416666666666666,3.491704244548051
mixed,shared_half,43,144,264,0.5454545454545454,3.4759336111131933
mixed,shared_half,43,145,264,0.5492424242424242,3.462656065156517
mixed,shared_half,43,146,264,0.553030303030303,3.4600420707222144
mixed,shared_half,43,147,264,0.5568181818181818,3.447033557621574
mixed,shared_half,43,148,264,0.5606060606060606,3.454111087307289
mixed,shared_half,43,149,264,0.5643939393939394,3.438343629840059
mixed,shared_half,43,150,264,0.5681818181818182,3.4257458286419107
mixed,shared_half,43,151,264,0.571969696969697,3.4240150302975225
mixed,shared_half,43,152,264,0.5757575757575758,3.450358080345574
mixed,shared_half,43,153,264,0.5795454545454546,3.447257016256459
mixed,shared_half,43,154,264,0.5833333333333334,3.4724931168053716
mixed,shared_half,43,155,264,0.5871212121212122,3.497190688696073
mixed,shared_half,43,156,264,0.5909090909090909,3.4784442598920102
mixed,shared_half,43,157,264,0.5946969696969697,3.4863373316797395
mixed,shared_half,43,158,264,0.5984848484848485,3.4744333368381954
mixed,shared_half,43,159,264,0.6022727272727273,3.459862465457637
mixed,shared_half,43,160,264,0.6060606060606061,3.4772874472529764
mixed,shared_half,43,161,264,0.6098484848484849,3.508455369178453
mixed,shared_half,43,162,264,0.6136363636363636,3.510354811242604
mixed,shared_half,43,163,264,0.6174242424242424,3.5204789473612803
mixed,shared_half,43,164,264,0.6212121212121212,3.5111038292797434
mixed,shared_half,43,165,264,0.625,3.5086597936797874
mixed,shared_half,43,166,264,0.6287878787878788,3.508435684994951
mixed,shared_half,43,167,264,0.6325757575757576,3.5031420678824743
mixed,shared_half,43,168,264,0.6363636363636364,3.4997263896860873
mixed,shared_half,43,169,264,0.6401515151515151,3.493207166454893
mixed,shared_half,43,170,264,0.6439393939393939,3.5040147385873484
mixed,shared_half,43,171,264,0.6477272727272727,3.4901132571309614
mixed,shared_half,43,172,264,0.6515151515151515,3.482123941673576
mixed,shared_half,43,173,264,0.6553030303030303,3.4739460724897584
mixed,shared_half,43,174,264,0.6590909090909091,3.4760928239546045
mixed,shared_half,43,175,264,0.6628787878787878,3.4854845898873172
mixed,shared_half,43,176,264,0.6666666666666666,3.5165817275784024
mixed,shared_half,43,177,264,0.6704545454545454,3.515816934436444
mixed,shared_half,43,178,264,0.6742424242424242,3.5168085897506614
mixed,shared_half,43,179,264,0.678030303030303,3.528605977842743
mixed,shared_half,43,180,264,0.6818181818181818,3.5255787374633396
mixed,shared_half,43,181,264,0.6856060606060606,3.52506498783738
mixed,shared_half,43,182,264,0.6893939393939394,3.5234107832992656
mixed,shared_half,43,183,264,0.6931818181818182,3.518582490921983
mixed,shared_half,43,184,264,0.696969696969697,3.5114467837501624
mixed,shared_half,43,185,264,0.7007575757575758,3.5018773108229353
mixed,shared_half,43,186,264,0.7045454545454546,3.4885564223228775
mixed,shared_half,43,187,264,0.7083333333333334,3.475938607928354
mixed,shared_half,43,188,264,0.7121212121212122,3.463685210862461
mixed,shared_half,43,189,264,0.7159090909090909,3.461022708074097
mixed,shared_half,43,190,264,0.7196969696969697,3.4512748041406787
mixed,shared_half,43,191,264,0.7234848484848485,3.44899060912304
mixed,shared_half,43,192,264,0.7272727272727273,3.437362605585678
mixed,shared_half,43,193,264,0.7310606060606061,3.435132706471239
mixed,shared_half,43,194,264,0.7348484848484849,3.446142000908753
mixed,shared_half,43,195,264,0.7386363636363636,3.4679151818848037
mixed,shared_half,43,196,264,0.7424242424242424,3.45760497751537
mixed,shared_half,43,197,264,0.7462121212121212,3.4469028471253504
mixed,shared_half,43,198,264,0.75,3.4380600614441086
mixed,shared_half,43,199,264,0.7537878787878788,3.426586537390305
mixed,shared_half,43,200,264,0.7575757575757576,3.4287082942920573
mixed,shared_half,43,201,264,0.7613636363636364,3.4566498860138752
mixed,shared_half,43,202,264,0.7651515151515151,3.4598270797461135
mixed,shared_half,43,203,264,0.7689393939393939,3.4581987198921413
mixed,shared_half,43,204,264,0.7727272727272727,3.453152360145069
mixed,shared_half,43,205,264,0.7765151515151515,3.4712464906877525
mixed,shared_half,43,206,264,0.7803030303030303,3.465894011769329
mixed,shared_half,43,207,264,0.7840909090909091,3.4555531920420837
mixed,shared_half,43,208,264,0.7878787878787878,3.4686853655574557
mixed,shared_half,43,209,264,0.7916666666666666,3.4775385112563235
mixed,shared_half,43,210,264,0.7954545454545454,3.4821463716310324
mixed,shared_half,43,211,264,0.7992424242424242,3.484610367736881
mixed,shared_half,43,212,264,0.803030303030303,3.484712149191173
mixed,shared_half,43,213,264,0.8068181818181818,3.471070363561438
mixed,shared_half,43,214,264,0.8106060606060606,3.4643315868735187
mixed,shared_half,43,215,264,0.8143939393939394,3.460951351873771
mixed,shared_half,43,216,264,0.8181818181818182,3.4732180330906792
mixed,shared_half,43,217,264,0.821969696969697,3.473988486080171
mixed,shared_half,43,218,264,0.8257575757575758,3.471870379869208
mixed,shared_half,43,219,264,0.8295454545454546,3.489675425284003
mixed,shared_half,43,220,264,0.8333333333333334,3.4983240753568863
mixed,shared_half,43,221,264,0.8371212121212122,3.49613015691583
mixed,shared_half,43,222,264,0.8409090909090909,3.499958863386776
mixed,shared_half,43,223,264,0.8446969696969697,3.502683422575547
mixed,shared_half,43,224,264,0.8484848484848485,3.4994709044324326
mixed,shared_half,43,225,264,0.8522727272727273,3.5029853872505665
mixed,shared_half,43,226,264,0.8560606060606061,3.510079697895608
mixed,shared_half,43,227,264,0.8598484848484849,3.511347614718332
mixed,shared_half,43,228,264,0.8636363636363636,3.512561796719446
mixed,shared_half,43,229,264,0.8674242424242424,3.4997052890367124
mixed,shared_half,43,230,264,0.8712121212121212,3.49203805965501
mixed,shared_half,43,231,264,0.875,3.4893767924036325
mixed,shared_half,43,232,264,0.8787878787878788,3.486190168307186
mixed,shared_half,43,233,264,0.8825757575757576,3.4831351163836155
mixed,shared_half,43,234,264,0.8863636363636364,3.483737991711638
mixed,shared_half,43,235,264,0.8901515151515151,3.4865574794683716
mixed,shared_half,43,236,264,0.8939393939393939,3.4799547363424588
mixed,shared_half,43,237,264,0.8977272727272727,3.489450462081618
mixed,shared_half,43,238,264,0.9015151515151515,3.488430033959802
mixed,shared_half,43,239,264,0.9053030303030303,3.4816850789567586
mixed,shared_half,43,240,264,0.9090909090909091,3.481290033975175
mixed,shared_half,43,241,264,0.9128787878787878,3.5048594732369347
mixed,shared_half,43,242,264,0.9166666666666666,3.5003525732522682
mixed,shared_half,43,243,264,0.9204545454545454,3.498467937963705
mixed,shared_half,43,244,264,0.9242424242424242,3.522877897505775
mixed,shared_half,43,245,264,0.928030303030303,3.5349359847779245
mixed,shared_half,43,246,264,0.9318181818181818,3.541650651122709
mixed,shared_half,43,247,264,0.9356060606060606,3.5468162320746917
mixed,shared_half,43,248,264,0.9393939393939394,3.5361143262560666
mixed,shared_half,43,249,264,0.9431818181818182,3.5302918662497853
mixed,shared_half,43,250,264,0.946969696969697,3.5608942180158567
mixed,shared_half,43,251,264,0.9507575757575758,3.5542257165515188
mixed,shared_half,43,252,264,0.9545454545454546,3.548950258920563
mixed,shared_half,43,253,264,0.9583333333333334,3.5463040320154837
mixed,shared_half,43,254,264,0.9621212121212122,3.5450003639690957
mixed,shared_half,43,255,264,0.9659090909090909,3.537068955511111
mixed,shared_half,43,256,264,0.9696969696969697,3.5301222330282234
mixed,shared_half,43,257,264,0.9734848484848485,3.5363655497759896
mixed,shared_half,43,258,264,0.9772727272727273,3.5386809879515315
mixed,shared_half,43,259,264,0.9810606060606061,3.532837994868189
mixed,shared_half,43,260,264,0.9848484848484849,3.5391947219994098
mixed,shared_half,43,261,264,0.9886363636363636,3.543718490290998
mixed,shared_half,43,262,264,0.9924242424242424,3.536346737082425
mixed,shared_half,43,263,264,0.9962121212121212,3.540193656716673
mixed,shared_half,43,264,264,1.0,3.537612050761563
mixed,shared_only,17,1,264,0.003787878787878788,3.882051128949873
mixed,shared_only,17,2,264,0.007575757575757576,3.2150810391914746
mixed,shared_only,17,3,264,0.011363636363636364,3.3217833045832292
mixed,shared_only,17,4,264,0.015151515151515152,3.89980876705351
mixed,shared_only,17,5,264,0.01893939393939394,4.188810774708315
mixed,shared_only,17,6,264,0.022727272727272728,4.046181865271789
mixed,shared_only,17,7,264,0.026515151515151516,4.107383668976702
mixed,shared_only,17,8,264,0.030303030303030304,4.062126861069171
mixed,shared_only,17,9,264,0.03409090909090909,3.815066018159852
mixed,shared_only,17,10,264,0.03787878787878788,3.7153848004577625
mixed,shared_only,17,11,264,0.041666666666666664,3.877604959561282
mixed,shared_only,17,12,264,0.045454545454545456,3.783245700531539
mixed,shared_only,17,13,264,0.04924242424242424,3.702074495848152
mixed,shared_only,17,14,264,0.05303030303030303,4.017970305969343
mixed,shared_only,17,15,264,0.056818181818181816,4.034261823936728
mixed,shared_only,17,16,264,0.06060606060606061,3.8665142184109764
mixed,shared_only,17,17,264,0.06439393939393939,3.7989100939308145
mixed,shared_only,17,18,264,0.06818181818181818,3.9765381125369643
mixed,shared_only,17,19,264,0.07196969696969698,4.268717858683579
mixed,shared_only,17,20,264,0.07575757575757576,4.161977822319265
mixed,shared_only,17,21,264,0.07954545454545454,4.202639546296434
mixed,shared_only,17,22,264,0.08333333333333333,4.222620119581659
mixed,shared_only,17,23,264,0.08712121212121213,4.1749151289973945
mixed,shared_only,17,24,264,0.09090909090909091,4.091121133724435
mixed,shared_only,17,25,264,0.0946969696969697,3.9638326954445584
mixed,shared_only,17,26,264,0.09848484848484848,3.8977013440957675
mixed,shared_only,17,27,264,0.10227272727272728,3.9560764919007605
mixed,shared_only,17,28,264,0.10606060606060606,4.025160270024282
mixed,shared_only,17,29,264,0.10984848484848485,3.9887339125375374
mixed,shared_only,17,30,264,0.11363636363636363,3.9940696149312767
mixed,shared_only,17,31,264,0.11742424242424243,3.943524264376536
mixed,shared_only,17,32,264,0.12121212121212122,3.9141765791281293
mixed,shared_only,17,33,264,0.125,3.911684908445992
mixed,shared_only,17,34,264,0.12878787878787878,3.9641138708781125
mixed,shared_only,17,35,264,0.13257575757575757,3.929758354633838
mixed,shared_only,17,36,264,0.13636363636363635,3.889221974033397
mixed,shared_only,17,37,264,0.14015151515151514,3.962085820819402
mixed,shared_only,17,38,264,0.14393939393939395,3.924554405521213
mixed,shared_only,17,39,264,0.14772727272727273,3.850191370471755
mixed,shared_only,17,40,264,0.15151515151515152,3.8998220839394073
mixed,shared_only,17,41,264,0.1553030303030303,3.8255495519107336
mixed,shared_only,17,42,264,0.1590909090909091,3.86936470538116
mixed,shared_only,17,43,264,0.16287878787878787,3.85689648181836
mixed,shared_only,17,44,264,0.16666666666666666,3.961557959508602
mixed,shared_only,17,45,264,0.17045454545454544,4.01348945623001
mixed,shared_only,17,46,264,0.17424242424242425,3.961255033879245
mixed,shared_only,17,47,264,0.17803030303030304,3.9624749531880377
mixed,shared_only,17,48,264,0.18181818181818182,3.954022827943943
mixed,shared_only,17,49,264,0.1856060606060606,3.9496504255171407
mixed,shared_only,17,50,264,0.1893939393939394,3.940238681717913
mixed,shared_only,17,51,264,0.19318181818181818,3.906930348970657
mixed,shared_only,17,52,264,0.19696969696969696,3.9012094315412424
mixed,shared_only,17,53,264,0.20075757575757575,3.9324441410505733
mixed,shared_only,17,54,264,0.20454545454545456,3.9724390563209218
mixed,shared_only,17,55,264,0.20833333333333334,4.001820657126429
mixed,shared_only,17,56,264,0.21212121212121213,3.9525840781342576
mixed,shared_only,17,57,264,0.2159090909090909,3.9372799577822497
mixed,shared_only,17,58,264,0.2196969696969697,3.888400424721293
mixed,shared_only,17,59,264,0.22348484848484848,3.9250198748265923
mixed,shared_only,17,60,264,0.22727272727272727,3.898611330333756
mixed,shared_only,17,61,264,0.23106060606060605,3.8868600155863384
mixed,shared_only,17,62,264,0.23484848484848486,3.854034279065352
mixed,shared_only,17,63,264,0.23863636363636365,3.8845819598465208
mixed,shared_only,17,64,264,0.24242424242424243,3.898371085752865
mixed,shared_only,17,65,264,0.24621212121212122,3.861770902402585
mixed,shared_only,17,66,264,0.25,3.8385340288069796
mixed,shared_only,17,67,264,0.2537878787878788,3.901042335108289
mixed,shared_only,17,68,264,0.25757575757575757,3.8628270470319914
mixed,shared_only,17,69,264,0.26136363636363635,3.8627763749834676
mixed,shared_only,17,70,264,0.26515151515151514,3.817065659076666
mixed,shared_only,17,71,264,0.2689393939393939,3.806224991575857
mixed,shared_only,17,72,264,0.2727272727272727,3.7965506750309777
mixed,shared_only,17,73,264,0.2765151515151515,3.82430656506402
mixed,shared_only,17,74,264,0.2803030303030303,3.8458269444505064
mixed,shared_only,17,75,264,0.2840909090909091,3.824683144756914
mixed,shared_only,17,76,264,0.2878787878787879,3.794039115638407
mixed,shared_only,17,77,264,0.2916666666666667,3.7701621110441543
mixed,shared_only,17,78,264,0.29545454545454547,3.7529531691400915
mixed,shared_only,17,79,264,0.29924242424242425,3.7329408772315884
mixed,shared_only,17,80,264,0.30303030303030304,3.756434463355672
mixed,shared_only,17,81,264,0.3068181818181818,3.8233303680095747
mixed,shared_only,17,82,264,0.3106060606060606,3.8120006087790848
mixed,shared_only,17,83,264,0.3143939393939394,3.8098318372984368
mixed,shared_only,17,84,264,0.3181818181818182,3.788219847772144
mixed,shared_only,17,85,264,0.32196969696969696,3.825641251542484
mixed,shared_only,17,86,264,0.32575757575757575,3.8108761683520567
mixed,shared_only,17,87,264,0.32954545454545453,3.816393057513656
mixed,shared_only,17,88,264,0.3333333333333333,3.7916059967746163
mixed,shared_only,17,89,264,0.3371212121212121,3.7759683765223024
mixed,shared_only,17,90,264,0.3409090909090909,3.76179567327119
mixed,shared_only,17,91,264,0.3446969696969697,3.7624292362184026
mixed,shared_only,17,92,264,0.3484848484848485,3.744558029958673
mixed,shared_only,17,93,264,0.3522727272727273,3.7527345354279515
mixed,shared_only,17,94,264,0.3560606060606061,3.7411009255828147
mixed,shared_only,17,95,264,0.35984848484848486,3.726036396212337
mixed,shared_only,17,96,264,0.36363636363636365,3.700122944459249
mixed,shared_only,17,97,264,0.36742424242424243,3.7247662634010408
mixed,shared_only,17,98,264,0.3712121212121212,3.6947043949326215
mixed,shared_only,17,99,264,0.375,3.723339218855368
mixed,shared_only,17,100,264,0.3787878787878788,3.710437369540025
mixed,shared_only,17,101,264,0.38257575757575757,3.7633394665019138
mixed,shared_only,17,102,264,0.38636363636363635,3.7530580986153765
mixed,shared_only,17,103,264,0.39015151515151514,3.7607082549479496
mixed,shared_only,17,104,264,0.3939393939393939,3.7660174234842247
mixed,shared_only,17,105,264,0.3977272727272727,3.766107044418851
mixed,shared_only,17,106,264,0.4015151515151515,3.7476982027417653
mixed,shared_only,17,107,264,0.4053030303030303,3.729532930744297
mixed,shared_only,17,108,264,0.4090909090909091,3.710923227310319
mixed,shared_only,17,109,264,0.4128787878787879,3.700137556048169
mixed,shared_only,17,110,264,0.4166666666666667,3.732774553283541
mixed,shared_only,17,111,264,0.42045454545454547,3.721647388155254
mixed,shared_only,17,112,264,0.42424242424242425,3.715926447505988
mixed,shared_only,17,113,264,0.42803030303030304,3.705271827126907
mixed,shared_only,17,114,264,0.4318181818181818,3.6985908213129095
mixed,shared_only,17,115,264,0.4356060606060606,3.71561546688856
mixed,shared_only,17,116,264,0.4393939393939394,3.7056741965177014
mixed,shared_only,17,117,264,0.4431818181818182,3.729087304892399
mixed,shared_only,17,118,264,0.44696969696969696,3.7224090307313413
mixed,shared_only,17,119,264,0.45075757575757575,3.710918890681967
mixed,shared_only,17,120,264,0.45454545454545453,3.703564967859442
mixed,shared_only,17,121,264,0.4583333333333333,3.7255172070912494
mixed,shared_only,17,122,264,0.4621212121212121,3.7184521500218453
mixed,shared_only,17,123,264,0.4659090909090909,3.700102776429604
mixed,shared_only,17,124,264,0.4696969696969697,3.686422402102524
mixed,shared_only,17,125,264,0.4734848484848485,3.675540926552918
mixed,shared_only,17,126,264,0.4772727272727273,3.6816896789646187
mixed,shared_only,17,127,264,0.4810606060606061,3.65682099837063
mixed,shared_only,17,128,264,0.48484848484848486,3.6687178271938485
mixed,shared_only,17,129,264,0.48863636363636365,3.654064379838024
mixed,shared_only,17,130,264,0.49242424242424243,3.641606397733716
mixed,shared_only,17,131,264,0.4962121212121212,3.625335247363012
mixed,shared_only,17,132,264,0.5,3.656539689075743
mixed,shared_only,17,133,264,0.5037878787878788,3.69425592806549
mixed,shared_only,17,134,264,0.5075757575757576,3.6897346196583487
mixed,shared_only,17,135,264,0.5113636363636364,3.680107067193274
mixed,shared_only,17,136,264,0.5151515151515151,3.6773282713096016
mixed,shared_only,17,137,264,0.5189393939393939,3.6738944124128863
mixed,shared_only,17,138,264,0.5227272727272727,3.6646763175614763
mixed,shared_only,17,139,264,0.5265151515151515,3.6711614295529817
mixed,shared_only,17,140,264,0.5303030303030303,3.693351274272594
mixed,shared_only,17,141,264,0.5340909090909091,3.6802291169813106
mixed,shared_only,17,142,264,0.5378787878787878,3.674649778209478
mixed,shared_only,17,143,264,0.5416666666666666,3.657214588413417
mixed,shared_only,17,144,264,0.5454545454545454,3.642875664504701
mixed,shared_only,17,145,264,0.5492424242424242,3.66550124651655
mixed,shared_only,17,146,264,0.553030303030303,3.6593165632920863
mixed,shared_only,17,147,264,0.5568181818181818,3.6481425103148863
mixed,shared_only,17,148,264,0.5606060606060606,3.64335192133315
mixed,shared_only,17,149,264,0.5643939393939394,3.639598930279731
mixed,shared_only,17,150,264,0.5681818181818182,3.6236014783258663
mixed,shared_only,17,151,264,0.571969696969697,3.6120489643747566
mixed,shared_only,17,152,264,0.5757575757575758,3.6151252100693894
mixed,shared_only,17,153,264,0.5795454545454546,3.595182780211643
mixed,shared_only,17,154,264,0.5833333333333334,3.590179137684103
mixed,shared_only,17,155,264,0.5871212121212122,3.5909959098117366
mixed,shared_only,17,156,264,0.5909090909090909,3.578521559648891
mixed,shared_only,17,157,264,0.5946969696969697,3.6154789185468843
mixed,shared_only,17,158,264,0.5984848484848485,3.631508866550421
mixed,shared_only,17,159,264,0.6022727272727273,3.6277123840594006
mixed,shared_only,17,160,264,0.6060606060606061,3.6524010079209193
mixed,shared_only,17,161,264,0.6098484848484849,3.6480031430480397
mixed,shared_only,17,162,264,0.6136363636363636,3.6436506668002218
mixed,shared_only,17,163,264,0.6174242424242424,3.6319706838665304
mixed,shared_only,17,164,264,0.6212121212121212,3.644604703248826
mixed,shared_only,17,165,264,0.625,3.649696957121585
mixed,shared_only,17,166,264,0.6287878787878788,3.641975464231859
mixed,shared_only,17,167,264,0.6325757575757576,3.6653766190935038
mixed,shared_only,17,168,264,0.6363636363636364,3.6512531269250146
mixed,shared_only,17,169,264,0.6401515151515151,3.6437914305288754
mixed,shared_only,17,170,264,0.6439393939393939,3.6342399094796156
mixed,shared_only,17,171,264,0.6477272727272727,3.642357332789253
mixed,shared_only,17,172,264,0.6515151515151515,3.629025336337637
mixed,shared_only,17,173,264,0.6553030303030303,3.6204935958908533
mixed,shared_only,17,174,264,0.6590909090909091,3.617966495234234
mixed,shared_only,17,175,264,0.6628787878787878,3.609757684063356
mixed,shared_only,17,176,264,0.6666666666666666,3.619775828415193
mixed,shared_only,17,177,264,0.6704545454545454,3.6167240706369355
mixed,shared_only,17,178,264,0.6742424242424242,3.6110137024769124
mixed,shared_only,17,179,264,0.678030303030303,3.6103309363560196
mixed,shared_only,17,180,264,0.6818181818181818,3.596773289982701
mixed,shared_only,17,181,264,0.6856060606060606,3.5866682573526156
mixed,shared_only,17,182,264,0.6893939393939394,3.5796124606539643
mixed,shared_only,17,183,264,0.6931818181818182,3.590082916998814
mixed,shared_only,17,184,264,0.696969696969697,3.5742773844625817
mixed,shared_only,17,185,264,0.7007575757575758,3.5651427152533133
mixed,shared_only,17,186,264,0.7045454545454546,3.5657725881778752
mixed,shared_only,17,187,264,0.7083333333333334,3.579261114180685
mixed,shared_only,17,188,264,0.7121212121212122,3.56565841322001
mixed,shared_only,17,189,264,0.7159090909090909,3.5652687204108946
mixed,shared_only,17,190,264,0.7196969696969697,3.5559622040981007
mixed,shared_only,17,191,264,0.7234848484848485,3.568641448506959
mixed,shared_only,17,192,264,0.7272727272727273,3.558776440092086
mixed,shared_only,17,193,264,0.7310606060606061,3.5562762667610617
mixed,shared_only,17,194,264,0.7348484848484849,3.551703519452225
mixed,shared_only,17,195,264,0.7386363636363636,3.5491229539956883
mixed,shared_only,17,196,264,0.7424242424242424,3.5333747680081204
mixed,shared_only,17,197,264,0.7462121212121212,3.538466364365061
mixed,shared_only,17,198,264,0.75,3.537890172462945
mixed,shared_only,17,199,264,0.7537878787878788,3.523650635427304
mixed,shared_only,17,200,264,0.7575757575757576,3.559051512823983
mixed,shared_only,17,201,264,0.7613636363636364,3.555464676992884
mixed,shared_only,17,202,264,0.7651515151515151,3.5422149307025723
mixed,shared_only,17,203,264,0.7689393939393939,3.5467900177225804
mixed,shared_only,17,204,264,0.7727272727272727,3.563116608268174
mixed,shared_only,17,205,264,0.7765151515151515,3.561328210812748
mixed,shared_only,17,206,264,0.7803030303030303,3.5829045965826167
mixed,shared_only,17,207,264,0.7840909090909091,3.5919105775577282
mixed,shared_only,17,208,264,0.7878787878787878,3.5843656671476363
mixed,shared_only,17,209,264,0.7916666666666666,3.5920005506106705
mixed,shared_only,17,210,264,0.7954545454545454,3.5943621734134776
mixed,shared_only,17,211,264,0.7992424242424242,3.590524370175318
mixed,shared_only,17,212,264,0.803030303030303,3.5928818613761253
mixed,shared_only,17,213,264,0.8068181818181818,3.5955656626072243
mixed,shared_only,17,214,264,0.8106060606060606,3.5839344311971146
mixed,shared_only,17,215,264,0.8143939393939394,3.603128403841557
mixed,shared_only,17,216,264,0.8181818181818182,3.601023276715745
mixed,shared_only,17,217,264,0.821969696969697,3.6138012824524974
mixed,shared_only,17,218,264,0.8257575757575758,3.6273898989753337
mixed,shared_only,17,219,264,0.8295454545454546,3.637669473007338
mixed,shared_only,17,220,264,0.8333333333333334,3.628571284080083
mixed,shared_only,17,221,264,0.8371212121212122,3.6341577628502524
mixed,shared_only,17,222,264,0.8409090909090909,3.6394125613309773
mixed,shared_only,17,223,264,0.8446969696969697,3.640374342873309
mixed,shared_only,17,224,264,0.8484848484848485,3.6545080364234708
mixed,shared_only,17,225,264,0.8522727272727273,3.6872656329820575
mixed,shared_only,17,226,264,0.8560606060606061,3.6867550459673817
mixed,shared_only,17,227,264,0.8598484848484849,3.6767508219882847
mixed,shared_only,17,228,264,0.8636363636363636,3.683648338550214
mixed,shared_only,17,229,264,0.8674242424242424,3.677746455729952
mixed,shared_only,17,230,264,0.8712121212121212,3.676853912219195
mixed,shared_only,17,231,264,0.875,3.6802378677715883
mixed,shared_only,17,232,264,0.8787878787878788,3.6859076896287095
mixed,shared_only,17,233,264,0.8825757575757576,3.71381252000952
mixed,shared_only,17,234,264,0.8863636363636364,3.7160973930524555
mixed,shared_only,17,235,264,0.8901515151515151,3.7146695439710555
mixed,shared_only,17,236,264,0.8939393939393939,3.7172783116461354
mixed,shared_only,17,237,264,0.8977272727272727,3.7277995754603084
mixed,shared_only,17,238,264,0.9015151515151515,3.729396384900022
mixed,shared_only,17,239,264,0.9053030303030303,3.7302169603582236
mixed,shared_only,17,240,264,0.9090909090909091,3.7188408973980227
mixed,shared_only,17,241,264,0.9128787878787878,3.7069791102261416
mixed,shared_only,17,242,264,0.9166666666666666,3.7035547887689138
mixed,shared_only,17,243,264,0.9204545454545454,3.6927285650500417
mixed,shared_only,17,244,264,0.9242424242424242,3.6983813452524594
mixed,shared_only,17,245,264,0.928030303030303,3.711625654452469
mixed,shared_only,17,246,264,0.9318181818181818,3.7155510593759296
mixed,shared_only,17,247,264,0.9356060606060606,3.7102394725314016
mixed,shared_only,17,248,264,0.9393939393939394,3.7083597198320883
mixed,shared_only,17,249,264,0.9431818181818182,3.715662439275557
mixed,shared_only,17,250,264,0.946969696969697,3.7204610207701805
mixed,shared_only,17,251,264,0.9507575757575758,3.710927311229694
mixed,shared_only,17,252,264,0.9545454545454546,3.704247414974689
mixed,shared_only,17,253,264,0.9583333333333334,3.703651608474376
mixed,shared_only,17,254,264,0.9621212121212122,3.70091968251361
mixed,shared_only,17,255,264,0.9659090909090909,3.728886015949423
mixed,shared_only,17,256,264,0.9696969696969697,3.733378919118038
mixed,shared_only,17,257,264,0.9734848484848485,3.736587392944705
mixed,shared_only,17,258,264,0.9772727272727273,3.7445082859370347
mixed,shared_only,17,259,264,0.9810606060606061,3.7363596213892767
mixed,shared_only,17,260,264,0.9848484848484849,3.74044504155871
mixed,shared_only,17,261,264,0.9886363636363636,3.7471232847562983
mixed,shared_only,17,262,264,0.9924242424242424,3.7515256075709598
mixed,shared_only,17,263,264,0.9962121212121212,3.7554733056452774
mixed,shared_only,17,264,264,1.0,3.75154123358533
mixed,shared_only,29,1,264,0.003787878787878788,3.0932160015577304
mixed,shared_only,29,2,264,0.007575757575757576,2.756618299918025
mixed,shared_only,29,3,264,0.011363636363636364,3.762313822389469
mixed,shared_only,29,4,264,0.015151515151515152,4.133005397824614
mixed,shared_only,29,5,264,0.01893939393939394,4.041577909993958
mixed,shared_only,29,6,264,0.022727272727272728,3.789894250230214
mixed,shared_only,29,7,264,0.026515151515151516,4.007809585852484
mixed,shared_only,29,8,264,0.030303030303030304,3.84113880749739
mixed,shared_only,29,9,264,0.03409090909090909,3.6618991121914255
mixed,shared_only,29,10,264,0.03787878787878788,3.6173722237206447
mixed,shared_only,29,11,264,0.041666666666666664,3.5970534990683234
mixed,shared_only,29,12,264,0.045454545454545456,3.6997798313954946
mixed,shared_only,29,13,264,0.04924242424242424,4.102383568100962
mixed,shared_only,29,14,264,0.05303030303030303,4.172069279069885
mixed,shared_only,29,15,264,0.056818181818181816,4.039899197664296
mixed,shared_only,29,16,264,0.06060606060606061,3.9292934907555708
mixed,shared_only,29,17,264,0.06439393939393939,3.921771305738247
mixed,shared_only,29,18,264,0.06818181818181818,3.8512246296239376
mixed,shared_only,29,19,264,0.07196969696969698,3.811071379197952
mixed,shared_only,29,20,264,0.07575757575757576,3.839757077183574
mixed,shared_only,29,21,264,0.07954545454545454,3.804974736558514
mixed,shared_only,29,22,264,0.08333333333333333,3.7391270732839557
mixed,shared_only,29,23,264,0.08712121212121213,3.830383117550636
mixed,shared_only,29,24,264,0.09090909090909091,3.97319396316583
mixed,shared_only,29,25,264,0.0946969696969697,4.066484338878258
mixed,shared_only,29,26,264,0.09848484848484848,4.230170088160845
mixed,shared_only,29,27,264,0.10227272727272728,4.301247211707437
mixed,shared_only,29,28,264,0.10606060606060606,4.245273350455278
mixed,shared_only,29,29,264,0.10984848484848485,4.14648052264002
mixed,shared_only,29,30,264,0.11363636363636363,4.052914036465176
mixed,shared_only,29,31,264,0.11742424242424243,4.08732843657818
mixed,shared_only,29,32,264,0.12121212121212122,4.2656367614776
mixed,shared_only,29,33,264,0.125,4.231464210226556
mixed,shared_only,29,34,264,0.12878787878787878,4.228443835161223
mixed,shared_only,29,35,264,0.13257575757575757,4.224685088908887
mixed,shared_only,29,36,264,0.13636363636363635,4.179856542139207
mixed,shared_only,29,37,264,0.14015151515151514,4.150355171668066
mixed,shared_only,29,38,264,0.14393939393939395,4.092300355338147
mixed,shared_only,29,39,264,0.14772727272727273,4.1300454878831205
mixed,shared_only,29,40,264,0.15151515151515152,4.11243022436405
mixed,shared_only,29,41,264,0.1553030303030303,4.12841409661435
mixed,shared_only,29,42,264,0.1590909090909091,4.1795912506750295
mixed,shared_only,29,43,264,0.16287878787878787,4.166918914419932
mixed,shared_only,29,44,264,0.16666666666666666,4.191901497480543
mixed,shared_only,29,45,264,0.17045454545454544,4.16633979882375
mixed,shared_only,29,46,264,0.17424242424242425,4.148102653762163
mixed,shared_only,29,47,264,0.17803030303030304,4.18766803273555
mixed,shared_only,29,48,264,0.18181818181818182,4.217899722108131
mixed,shared_only,29,49,264,0.1856060606060606,4.258710110047753
mixed,shared_only,29,50,264,0.1893939393939394,4.203635365268156
mixed,shared_only,29,51,264,0.19318181818181818,4.241670232105408
mixed,shared_only,29,52,264,0.19696969696969696,4.211066519671298
mixed,shared_only,29,53,264,0.20075757575757575,4.159611368302919
mixed,shared_only,29,54,264,0.20454545454545456,4.1240326057642385
mixed,shared_only,29,55,264,0.20833333333333334,4.1460480183595525
mixed,shared_only,29,56,264,0.21212121212121213,4.124229337454045
mixed,shared_only,29,57,264,0.2159090909090909,4.08208145736273
mixed,shared_only,29,58,264,0.2196969696969697,4.079110444580123
mixed,shared_only,29,59,264,0.22348484848484848,4.029415344631848
mixed,shared_only,29,60,264,0.22727272727272727,4.06632526184273
mixed,shared_only,29,61,264,0.23106060606060605,4.035516298574738
mixed,shared_only,29,62,264,0.23484848484848486,3.9860771084769264
mixed,shared_only,29,63,264,0.23863636363636365,3.986348485902702
mixed,shared_only,29,64,264,0.24242424242424243,3.9710396245926285
mixed,shared_only,29,65,264,0.24621212121212122,4.057466565405922
mixed,shared_only,29,66,264,0.25,4.044360443319722
mixed,shared_only,29,67,264,0.2537878787878788,4.04609427623237
mixed,shared_only,29,68,264,0.25757575757575757,4.025937078631575
mixed,shared_only,29,69,264,0.26136363636363635,4.067099477418899
mixed,shared_only,29,70,264,0.26515151515151514,4.018068595187729
mixed,shared_only,29,71,264,0.2689393939393939,4.009483132727987
mixed,shared_only,29,72,264,0.2727272727272727,4.0172148510628025
mixed,shared_only,29,73,264,0.2765151515151515,4.007929558488295
mixed,shared_only,29,74,264,0.2803030303030303,3.9921021568560016
mixed,shared_only,29,75,264,0.2840909090909091,3.9822358445661794
mixed,shared_only,29,76,264,0.2878787878787879,3.97327004965212
mixed,shared_only,29,77,264,0.2916666666666667,3.9933884382951255
mixed,shared_only,29,78,264,0.29545454545454547,3.981712198421807
mixed,shared_only,29,79,264,0.29924242424242425,3.9419832994105564
mixed,shared_only,29,80,264,0.30303030303030304,3.9073789900217917
mixed,shared_only,29,81,264,0.3068181818181818,3.9092327207420827
mixed,shared_only,29,82,264,0.3106060606060606,3.8908667635673444
mixed,shared_only,29,83,264,0.3143939393939394,3.9681856266309565
mixed,shared_only,29,84,264,0.3181818181818182,3.936349197044114
mixed,shared_only,29,85,264,0.32196969696969696,3.9248207948596914
mixed,shared_only,29,86,264,0.32575757575757575,3.9249802958819617
mixed,shared_only,29,87,264,0.32954545454545453,3.8994783445027648
mixed,shared_only,29,88,264,0.3333333333333333,3.8796315965826027
mixed,shared_only,29,89,264,0.3371212121212121,3.8610820123564085
mixed,shared_only,29,90,264,0.3409090909090909,3.8613241382105836
mixed,shared_only,29,91,264,0.3446969696969697,3.8297309450492083
mixed,shared_only,29,92,264,0.3484848484848485,3.8529021521519295
mixed,shared_only,29,93,264,0.3522727272727273,3.819878837079904
mixed,shared_only,29,94,264,0.3560606060606061,3.80736321251751
mixed,shared_only,29,95,264,0.35984848484848486,3.8053576929725503
mixed,shared_only,29,96,264,0.36363636363636365,3.8309816250579627
mixed,shared_only,29,97,264,0.36742424242424243,3.823117499948541
mixed,shared_only,29,98,264,0.3712121212121212,3.80331684903073
mixed,shared_only,29,99,264,0.375,3.781346440227682
mixed,shared_only,29,100,264,0.3787878787878788,3.754013315230251
mixed,shared_only,29,101,264,0.38257575757575757,3.7445443808659804
mixed,shared_only,29,102,264,0.38636363636363635,3.7227482797473432
mixed,shared_only,29,103,264,0.39015151515151514,3.717416041284664
mixed,shared_only,29,104,264,0.3939393939393939,3.706265036257272
mixed,shared_only,29,105,264,0.3977272727272727,3.718912781685081
mixed,shared_only,29,106,264,0.4015151515151515,3.742708711001493
mixed,shared_only,29,107,264,0.4053030303030303,3.731624696580904
mixed,shared_only,29,108,264,0.4090909090909091,3.7308283435127323
mixed,shared_only,29,109,264,0.4128787878787879,3.714675421136505
mixed,shared_only,29,110,264,0.4166666666666667,3.7026563243322475
mixed,shared_only,29,111,264,0.42045454545454547,3.678682987260967
mixed,shared_only,29,112,264,0.42424242424242425,3.700044014460493
mixed,shared_only,29,113,264,0.42803030303030304,3.6980976424407337
mixed,shared_only,29,114,264,0.4318181818181818,3.7167888731970264
mixed,shared_only,29,115,264,0.4356060606060606,3.7106499271436424
mixed,shared_only,29,116,264,0.4393939393939394,3.690185064435153
mixed,shared_only,29,117,264,0.4431818181818182,3.6860131934757723
mixed,shared_only,29,118,264,0.44696969696969696,3.6845445812740807
mixed,shared_only,29,119,264,0.45075757575757575,3.662002933509577
mixed,shared_only,29,120,264,0.45454545454545453,3.6519816920120007
mixed,shared_only,29,121,264,0.4583333333333333,3.645010484132222
mixed,shared_only,29,122,264,0.4621212121212121,3.662399285232353
mixed,shared_only,29,123,264,0.4659090909090909,3.6510803717443197
mixed,shared_only,29,124,264,0.4696969696969697,3.6389123987723955
mixed,shared_only,29,125,264,0.4734848484848485,3.6331153046630247
mixed,shared_only,29,126,264,0.4772727272727273,3.6237944066759358
mixed,shared_only,29,127,264,0.4810606060606061,3.621050523197604
mixed,shared_only,29,128,264,0.48484848484848486,3.6314177435032304
mixed,shared_only,29,129,264,0.48863636363636365,3.66015923539427
mixed,shared_only,29,130,264,0.49242424242424243,3.6563041950609447
mixed,shared_only,29,131,264,0.4962121212121212,3.6390074114411646
mixed,shared_only,29,132,264,0.5,3.6289571201675677
mixed,shared_only,29,133,264,0.5037878787878788,3.605070000152558
mixed,shared_only,29,134,264,0.5075757575757576,3.6024653989347906
mixed,shared_only,29,135,264,0.5113636363636364,3.616839155794156
mixed,shared_only,29,136,264,0.5151515151515151,3.6269813314171766
mixed,shared_only,29,137,264,0.5189393939393939,3.658935651645855
mixed,shared_only,29,138,264,0.5227272727272727,3.6465214878276213
mixed,shared_only,29,139,264,0.5265151515151515,3.655245414471497
mixed,shared_only,29,140,264,0.5303030303030303,3.6386127936129853
mixed,shared_only,29,141,264,0.5340909090909091,3.6256216452152055
mixed,shared_only,29,142,264,0.5378787878787878,3.6142460857490954
mixed,shared_only,29,143,264,0.5416666666666666,3.6141920203474154
mixed,shared_only,29,144,264,0.5454545454545454,3.6282525682561055
mixed,shared_only,29,145,264,0.5492424242424242,3.6283780127221346
mixed,shared_only,29,146,264,0.553030303030303,3.6205758459872865
mixed,shared_only,29,147,264,0.5568181818181818,3.6026858915492683
mixed,shared_only,29,148,264,0.5606060606060606,3.6128975511284587
mixed,shared_only,29,149,264,0.5643939393939394,3.6067320800123976
mixed,shared_only,29,150,264,0.5681818181818182,3.595509960713307
mixed,shared_only,29,151,264,0.571969696969697,3.58790609525529
mixed,shared_only,29,152,264,0.5757575757575758,3.581722923571307
mixed,shared_only,29,153,264,0.5795454545454546,3.5624085539234
mixed,shared_only,29,154,264,0.5833333333333334,3.5589473891163643
mixed,shared_only,29,155,264,0.5871212121212122,3.5496392504869756
mixed,shared_only,29,156,264,0.5909090909090909,3.5402985971837824
mixed,shared_only,29,157,264,0.5946969696969697,3.529005613593745
mixed,shared_only,29,158,264,0.5984848484848485,3.535676143433911
mixed,shared_only,29,159,264,0.6022727272727273,3.5281714828637756
mixed,shared_only,29,160,264,0.6060606060606061,3.518739540884065
mixed,shared_only,29,161,264,0.6098484848484849,3.5125971139079963
mixed,shared_only,29,162,264,0.6136363636363636,3.4988896898446917
mixed,shared_only,29,163,264,0.6174242424242424,3.487865596385342
mixed,shared_only,29,164,264,0.6212121212121212,3.4946826909559126
mixed,shared_only,29,165,264,0.625,3.4928160792603284
mixed,shared_only,29,166,264,0.6287878787878788,3.501891014727199
mixed,shared_only,29,167,264,0.6325757575757576,3.5384033660595193
mixed,shared_only,29,168,264,0.6363636363636364,3.572041858416761
mixed,shared_only,29,169,264,0.6401515151515151,3.565230701510692
mixed,shared_only,29,170,264,0.6439393939393939,3.5921342287893347
mixed,shared_only,29,171,264,0.6477272727272727,3.576858472418633
mixed,shared_only,29,172,264,0.6515151515151515,3.5997077069205816
mixed,shared_only,29,173,264,0.6553030303030303,3.5892862136933417
mixed,shared_only,29,174,264,0.6590909090909091,3.6081073559808816
mixed,shared_only,29,175,264,0.6628787878787878,3.6056901901480316
mixed,shared_only,29,176,264,0.6666666666666666,3.5987877320834993
mixed,shared_only,29,177,264,0.6704545454545454,3.589908846858811
mixed,shared_only,29,178,264,0.6742424242424242,3.6001280331643963
mixed,shared_only,29,179,264,0.678030303030303,3.5891219821877973
mixed,shared_only,29,180,264,0.6818181818181818,3.586145104833194
mixed,shared_only,29,181,264,0.6856060606060606,3.5875344659026993
mixed,shared_only,29,182,264,0.6893939393939394,3.5763078772707706
mixed,shared_only,29,183,264,0.6931818181818182,3.569093710468085
mixed,shared_only,29,184,264,0.696969696969697,3.558850477038397
mixed,shared_only,29,185,264,0.7007575757575758,3.569705670746324
mixed,shared_only,29,186,264,0.7045454545454546,3.5818374302074467
mixed,shared_only,29,187,264,0.7083333333333334,3.5672194622518125
mixed,shared_only,29,188,264,0.7121212121212122,3.5549148378746183
mixed,shared_only,29,189,264,0.7159090909090909,3.5538213022123797
mixed,shared_only,29,190,264,0.7196969696969697,3.5478655043924996
mixed,shared_only,29,191,264,0.7234848484848485,3.5605073317454825
mixed,shared_only,29,192,264,0.7272727272727273,3.5641725614265085
mixed,shared_only,29,193,264,0.7310606060606061,3.552253120706545
mixed,shared_only,29,194,264,0.7348484848484849,3.5469401010490316
mixed,shared_only,29,195,264,0.7386363636363636,3.5720640421255236
mixed,shared_only,29,196,264,0.7424242424242424,3.560748516802196
mixed,shared_only,29,197,264,0.7462121212121212,3.56379887381904
mixed,shared_only,29,198,264,0.75,3.5655003000697043
mixed,shared_only,29,199,264,0.7537878787878788,3.565177108415423
mixed,shared_only,29,200,264,0.7575757575757576,3.558997779566194
mixed,shared_only,29,201,264,0.7613636363636364,3.573519876105527
mixed,shared_only,29,202,264,0.7651515151515151,3.5739554318122146
mixed,shared_only,29,203,264,0.7689393939393939,3.562637374096187
mixed,shared_only,29,204,264,0.7727272727272727,3.564955596698727
mixed,shared_only,29,205,264,0.7765151515151515,3.5620647847905706
mixed,shared_only,29,206,264,0.7803030303030303,3.5576019576036506
mixed,shared_only,29,207,264,0.7840909090909091,3.548735735040318
mixed,shared_only,29,208,264,0.7878787878787878,3.545822746997931
mixed,shared_only,29,209,264,0.7916666666666666,3.5518930099450716
mixed,shared_only,29,210,264,0.7954545454545454,3.5393537544128972
mixed,shared_only,29,211,264,0.7992424242424242,3.5356320344871692
mixed,shared_only,29,212,264,0.803030303030303,3.5268475735151337
mixed,shared_only,29,213,264,0.8068181818181818,3.514019611382708
mixed,shared_only,29,214,264,0.8106060606060606,3.5078450670375996
mixed,shared_only,29,215,264,0.8143939393939394,3.509635255273204
mixed,shared_only,29,216,264,0.8181818181818182,3.5261183601322044
mixed,shared_only,29,217,264,0.821969696969697,3.526231594081501
mixed,shared_only,29,218,264,0.8257575757575758,3.557889099482662
mixed,shared_only,29,219,264,0.8295454545454546,3.570971939457764
mixed,shared_only,29,220,264,0.8333333333333334,3.5766536223622953
mixed,shared_only,29,221,264,0.8371212121212122,3.571767305330386
mixed,shared_only,29,222,264,0.8409090909090909,3.574411773529976
mixed,shared_only,29,223,264,0.8446969696969697,3.572721992795202
mixed,shared_only,29,224,264,0.8484848484848485,3.5628638892246784
mixed,shared_only,29,225,264,0.8522727272727273,3.5611419524679397
mixed,shared_only,29,226,264,0.8560606060606061,3.5658287826296116
mixed,shared_only,29,227,264,0.8598484848484849,3.5707106067875114
mixed,shared_only,29,228,264,0.8636363636363636,3.572762099067788
mixed,shared_only,29,229,264,0.8674242424242424,3.578140299744393
mixed,shared_only,29,230,264,0.8712121212121212,3.583300037785399
mixed,shared_only,29,231,264,0.875,3.583852621984179
mixed,shared_only,29,232,264,0.8787878787878788,3.583219119726393
mixed,shared_only,29,233,264,0.8825757575757576,3.5807078631379943
mixed,shared_only,29,234,264,0.8863636363636364,3.5877383869656847
mixed,shared_only,29,235,264,0.8901515151515151,3.5936487797383183
mixed,shared_only,29,236,264,0.8939393939393939,3.5892268104263834
mixed,shared_only,29,237,264,0.8977272727272727,3.584606343402657
mixed,shared_only,29,238,264,0.9015151515151515,3.5962526486142803
mixed,shared_only,29,239,264,0.9053030303030303,3.5874960271895797
mixed,shared_only,29,240,264,0.9090909090909091,3.5826610492973447
mixed,shared_only,29,241,264,0.9128787878787878,3.5841143891875826
mixed,shared_only,29,242,264,0.9166666666666666,3.579421375418892
mixed,shared_only,29,243,264,0.9204545454545454,3.577667733439749
mixed,shared_only,29,244,264,0.9242424242424242,3.600599964904821
mixed,shared_only,29,245,264,0.928030303030303,3.620254571575711
mixed,shared_only,29,246,264,0.9318181818181818,3.6262532441112834
mixed,shared_only,29,247,264,0.9356060606060606,3.636955438846517
mixed,shared_only,29,248,264,0.9393939393939394,3.6326596022899453
mixed,shared_only,29,249,264,0.9431818181818182,3.629219916906144
mixed,shared_only,29,250,264,0.946969696969697,3.6364294003407807
mixed,shared_only,29,251,264,0.9507575757575758,3.6352552901556754
mixed,shared_only,29,252,264,0.9545454545454546,3.6297129244080515
mixed,shared_only,29,253,264,0.9583333333333334,3.6407508699071047
mixed,shared_only,29,254,264,0.9621212121212122,3.6391391457753857
mixed,shared_only,29,255,264,0.9659090909090909,3.664383295732152
mixed,shared_only,29,256,264,0.9696969696969697,3.660984724642691
mixed,shared_only,29,257,264,0.9734848484848485,3.6927975233126693
mixed,shared_only,29,258,264,0.9772727272727273,3.6845349412360484
mixed,shared_only,29,259,264,0.9810606060606061,3.68298303477506
mixed,shared_only,29,260,264,0.9848484848484849,3.6858393807331207
mixed,shared_only,29,261,264,0.9886363636363636,3.700312613913811
mixed,shared_only,29,262,264,0.9924242424242424,3.7060987130203333
mixed,shared_only,29,263,264,0.9962121212121212,3.709964571421851
mixed,shared_only,29,264,264,1.0,3.714976535897096
mixed,shared_only,43,1,264,0.003787878787878788,1.109578644218085
mixed,shared_only,43,2,264,0.007575757575757576,1.7479871445458577
mixed,shared_only,43,3,264,0.011363636363636364,2.175840740627063
mixed,shared_only,43,4,264,0.015151515151515152,1.952341908874727
mixed,shared_only,43,5,264,0.01893939393939394,1.8917817808537554
mixed,shared_only,43,6,264,0.022727272727272728,2.1129528567254616
mixed,shared_only,43,7,264,0.026515151515151516,2.5805766706001685
mixed,shared_only,43,8,264,0.030303030303030304,2.5023451138131723
mixed,shared_only,43,9,264,0.03409090909090909,2.564445675072952
mixed,shared_only,43,10,264,0.03787878787878788,2.826000108184027
mixed,shared_only,43,11,264,0.041666666666666664,3.043205433723909
mixed,shared_only,43,12,264,0.045454545454545456,2.9243666890197972
mixed,shared_only,43,13,264,0.04924242424242424,3.0732917197591614
mixed,shared_only,43,14,264,0.05303030303030303,2.9962367803241863
mixed,shared_only,43,15,264,0.056818181818181816,3.1082446978654508
mixed,shared_only,43,16,264,0.06060606060606061,3.1569707117600014
mixed,shared_only,43,17,264,0.06439393939393939,3.2293818567934673
mixed,shared_only,43,18,264,0.06818181818181818,3.2045158063754133
mixed,shared_only,43,19,264,0.07196969696969698,3.2308621962052295
mixed,shared_only,43,20,264,0.07575757575757576,3.191817340323458
mixed,shared_only,43,21,264,0.07954545454545454,3.3503361676893197
mixed,shared_only,43,22,264,0.08333333333333333,3.3999601932051147
mixed,shared_only,43,23,264,0.08712121212121213,3.5511418949921607
mixed,shared_only,43,24,264,0.09090909090909091,3.500387724473679
mixed,shared_only,43,25,264,0.0946969696969697,3.6224544029511323
mixed,shared_only,43,26,264,0.09848484848484848,3.564533255610971
mixed,shared_only,43,27,264,0.10227272727272728,3.5291739933156956
mixed,shared_only,43,28,264,0.10606060606060606,3.5941873026036624
mixed,shared_only,43,29,264,0.10984848484848485,3.572939232444185
mixed,shared_only,43,30,264,0.11363636363636363,3.5662494994832605
mixed,shared_only,43,31,264,0.11742424242424243,3.53158064088099
mixed,shared_only,43,32,264,0.12121212121212122,3.698404792374881
mixed,shared_only,43,33,264,0.125,3.70491841065562
mixed,shared_only,43,34,264,0.12878787878787878,3.6714195099315496
mixed,shared_only,43,35,264,0.13257575757575757,3.593414659669709
mixed,shared_only,43,36,264,0.13636363636363635,3.6197220642394035
mixed,shared_only,43,37,264,0.14015151515151514,3.6341655314451624
mixed,shared_only,43,38,264,0.14393939393939395,3.6569904271733065
mixed,shared_only,43,39,264,0.14772727272727273,3.6206897538762415
mixed,shared_only,43,40,264,0.15151515151515152,3.680692676659531
mixed,shared_only,43,41,264,0.1553030303030303,3.626131554445853
mixed,shared_only,43,42,264,0.1590909090909091,3.7523243862027575
mixed,shared_only,43,43,264,0.16287878787878787,3.718005157145389
mixed,shared_only,43,44,264,0.16666666666666666,3.7514753366811333
mixed,shared_only,43,45,264,0.17045454545454544,3.6945792316566295
mixed,shared_only,43,46,264,0.17424242424242425,3.671996860366996
mixed,shared_only,43,47,264,0.17803030303030304,3.7232594991242607
mixed,shared_only,43,48,264,0.18181818181818182,3.7480995693970054
mixed,shared_only,43,49,264,0.1856060606060606,3.7976791917213704
mixed,shared_only,43,50,264,0.1893939393939394,3.7555790196285757
mixed,shared_only,43,51,264,0.19318181818181818,3.6992175161072987
mixed,shared_only,43,52,264,0.19696969696969696,3.7137089605840967
mixed,shared_only,43,53,264,0.20075757575757575,3.7617781956750385
mixed,shared_only,43,54,264,0.20454545454545456,3.753196957246457
mixed,shared_only,43,55,264,0.20833333333333334,3.73211870176563
mixed,shared_only,43,56,264,0.21212121212121213,3.6890811447026963
mixed,shared_only,43,57,264,0.2159090909090909,3.689622895166539
mixed,shared_only,43,58,264,0.2196969696969697,3.7090418331988393
mixed,shared_only,43,59,264,0.22348484848484848,3.7588581720476433
mixed,shared_only,43,60,264,0.22727272727272727,3.754194043240675
mixed,shared_only,43,61,264,0.23106060606060605,3.7847815792917863
mixed,shared_only,43,62,264,0.23484848484848486,3.774235267563342
mixed,shared_only,43,63,264,0.23863636363636365,3.7461351436824746
mixed,shared_only,43,64,264,0.24242424242424243,3.709925629172636
mixed,shared_only,43,65,264,0.24621212121212122,3.7008852996176467
mixed,shared_only,43,66,264,0.25,3.7257653150960954
mixed,shared_only,43,67,264,0.2537878787878788,3.718708983036947
mixed,shared_only,43,68,264,0.25757575757575757,3.7324760772113894
mixed,shared_only,43,69,264,0.26136363636363635,3.7422880978699924
mixed,shared_only,43,70,264,0.26515151515151514,3.768222623906936
mixed,shared_only,43,71,264,0.2689393939393939,3.738463793026708
mixed,shared_only,43,72,264,0.2727272727272727,3.71729048759185
mixed,shared_only,43,73,264,0.2765151515151515,3.6873579310865954
mixed,shared_only,43,74,264,0.2803030303030303,3.670344378843999
mixed,shared_only,43,75,264,0.2840909090909091,3.659084349529736
mixed,shared_only,43,76,264,0.2878787878787879,3.685333587811279
mixed,shared_only,43,77,264,0.2916666666666667,3.714328624395975
mixed,shared_only,43,78,264,0.29545454545454547,3.8036743854628403
mixed,shared_only,43,79,264,0.29924242424242425,3.8003071799905754
mixed,shared_only,43,80,264,0.30303030303030304,3.800424856877357
mixed,shared_only,43,81,264,0.3068181818181818,3.7773199980310275
mixed,shared_only,43,82,264,0.3106060606060606,3.790579015960654
mixed,shared_only,43,83,264,0.3143939393939394,3.789482260503165
mixed,shared_only,43,84,264,0.3181818181818182,3.7748035869889427
mixed,shared_only,43,85,264,0.32196969696969696,3.7433647932007252
mixed,shared_only,43,86,264,0.32575757575757575,3.710473664653539
mixed,shared_only,43,87,264,0.32954545454545453,3.7033931808326352
mixed,shared_only,43,88,264,0.3333333333333333,3.7146494323789097
mixed,shared_only,43,89,264,0.3371212121212121,3.7536803257444427
mixed,shared_only,43,90,264,0.3409090909090909,3.728745800867218
mixed,shared_only,43,91,264,0.3446969696969697,3.7140270886111972
mixed,shared_only,43,92,264,0.3484848484848485,3.7027234707957524
mixed,shared_only,43,93,264,0.3522727272727273,3.690280844532341
mixed,shared_only,43,94,264,0.3560606060606061,3.6780131799731652
mixed,shared_only,43,95,264,0.35984848484848486,3.6760095690302133
mixed,shared_only,43,96,264,0.36363636363636365,3.672260207025919
mixed,shared_only,43,97,264,0.36742424242424243,3.6594284681418006
mixed,shared_only,43,98,264,0.3712121212121212,3.666456864504579
mixed,shared_only,43,99,264,0.375,3.657312472671292
mixed,shared_only,43,100,264,0.3787878787878788,3.6853734198174912
mixed,shared_only,43,101,264,0.38257575757575757,3.660826718032361
mixed,shared_only,43,102,264,0.38636363636363635,3.6458967879834394
mixed,shared_only,43,103,264,0.39015151515151514,3.6175559616240784
mixed,shared_only,43,104,264,0.3939393939393939,3.612543303197388
mixed,shared_only,43,105,264,0.3977272727272727,3.5907929522588256
mixed,shared_only,43,106,264,0.4015151515151515,3.6230479741180677
mixed,shared_only,43,107,264,0.4053030303030303,3.653458691987704
mixed,shared_only,43,108,264,0.4090909090909091,3.648264237472351
mixed,shared_only,43,109,264,0.4128787878787879,3.63232082162182
mixed,shared_only,43,110,264,0.4166666666666667,3.6134365775358432
mixed,shared_only,43,111,264,0.42045454545454547,3.5973858586133804
mixed,shared_only,43,112,264,0.42424242424242425,3.57983022768208
mixed,shared_only,43,113,264,0.42803030303030304,3.5595990733950056
mixed,shared_only,43,114,264,0.4318181818181818,3.583583115256469
mixed,shared_only,43,115,264,0.4356060606060606,3.5781175630800504
mixed,shared_only,43,116,264,0.4393939393939394,3.5830769138929783
mixed,shared_only,43,117,264,0.4431818181818182,3.570948940173538
mixed,shared_only,43,118,264,0.44696969696969696,3.5619963793139453
mixed,shared_only,43,119,264,0.45075757575757575,3.547771256097062
mixed,shared_only,43,120,264,0.45454545454545453,3.538894959591715
mixed,shared_only,43,121,264,0.4583333333333333,3.5321483332027563
mixed,shared_only,43,122,264,0.4621212121212121,3.5524759414320886
mixed,shared_only,43,123,264,0.4659090909090909,3.5509694709440534
mixed,shared_only,43,124,264,0.4696969696969697,3.5515763173206762
mixed,shared_only,43,125,264,0.4734848484848485,3.590117533886702
mixed,shared_only,43,126,264,0.4772727272727273,3.5856502180081304
mixed,shared_only,43,127,264,0.4810606060606061,3.5746813007896514
mixed,shared_only,43,128,264,0.48484848484848486,3.5654170405834167
mixed,shared_only,43,129,264,0.48863636363636365,3.570247999760621
mixed,shared_only,43,130,264,0.49242424242424243,3.565997456757309
mixed,shared_only,43,131,264,0.4962121212121212,3.5902601914115118
mixed,shared_only,43,132,264,0.5,3.5971931673283164
mixed,shared_only,43,133,264,0.5037878787878788,3.6184768160247813
mixed,shared_only,43,134,264,0.5075757575757576,3.6019089845534262
mixed,shared_only,43,135,264,0.5113636363636364,3.5924560059342934
mixed,shared_only,43,136,264,0.5151515151515151,3.5686543334403567
mixed,shared_only,43,137,264,0.5189393939393939,3.6122545950700236
mixed,shared_only,43,138,264,0.5227272727272727,3.608921937828239
mixed,shared_only,43,139,264,0.5265151515151515,3.591783067604252
mixed,shared_only,43,140,264,0.5303030303030303,3.5718888569371243
mixed,shared_only,43,141,264,0.5340909090909091,3.5666501986751533
mixed,shared_only,43,142,264,0.5378787878787878,3.585585315154526
mixed,shared_only,43,143,264,0.5416666666666666,3.5720393472235665
mixed,shared_only,43,144,264,0.5454545454545454,3.593341279963522
mixed,shared_only,43,145,264,0.5492424242424242,3.613830933135671
mixed,shared_only,43,146,264,0.553030303030303,3.6136389924948853
mixed,shared_only,43,147,264,0.5568181818181818,3.629106367242119
mixed,shared_only,43,148,264,0.5606060606060606,3.6264357123633433
mixed,shared_only,43,149,264,0.5643939393939394,3.628225263231227
mixed,shared_only,43,150,264,0.5681818181818182,3.656915809325088
mixed,shared_only,43,151,264,0.571969696969697,3.6461776172736333
mixed,shared_only,43,152,264,0.5757575757575758,3.6798505871642795
mixed,shared_only,43,153,264,0.5795454545454546,3.656738744990131
mixed,shared_only,43,154,264,0.5833333333333334,3.661665453476343
mixed,shared_only,43,155,264,0.5871212121212122,3.660970753796657
mixed,shared_only,43,156,264,0.5909090909090909,3.6729561153856602
mixed,shared_only,43,157,264,0.5946969696969697,3.6728992463499996
mixed,shared_only,43,158,264,0.5984848484848485,3.6558173852693745
mixed,shared_only,43,159,264,0.6022727272727273,3.6521241598013923
mixed,shared_only,43,160,264,0.6060606060606061,3.648470407570256
mixed,shared_only,43,161,264,0.6098484848484849,3.6413960897413054
mixed,shared_only,43,162,264,0.6136363636363636,3.6395809435316453
mixed,shared_only,43,163,264,0.6174242424242424,3.622052351887245
mixed,shared_only,43,164,264,0.6212121212121212,3.627754506498137
mixed,shared_only,43,165,264,0.625,3.6269849504452023
mixed,shared_only,43,166,264,0.6287878787878788,3.619231232570533
mixed,shared_only,43,167,264,0.6325757575757576,3.6372897178090873
mixed,shared_only,43,168,264,0.6363636363636364,3.6388818183286546
mixed,shared_only,43,169,264,0.6401515151515151,3.652930202614165
mixed,shared_only,43,170,264,0.6439393939393939,3.672589961826709
mixed,shared_only,43,171,264,0.6477272727272727,3.6719544639072677
mixed,shared_only,43,172,264,0.6515151515151515,3.696699760687575
mixed,shared_only,43,173,264,0.6553030303030303,3.697329135235595
mixed,shared_only,43,174,264,0.6590909090909091,3.686902735299297
mixed,shared_only,43,175,264,0.6628787878787878,3.6793896799920094
mixed,shared_only,43,176,264,0.6666666666666666,3.682293370399415
mixed,shared_only,43,177,264,0.6704545454545454,3.6984726997656345
mixed,shared_only,43,178,264,0.6742424242424242,3.7287725527116393
mixed,shared_only,43,179,264,0.678030303030303,3.746749674265266
mixed,shared_only,43,180,264,0.6818181818181818,3.742759942116711
mixed,shared_only,43,181,264,0.6856060606060606,3.7291232779765844
mixed,shared_only,43,182,264,0.6893939393939394,3.7255403785596344
mixed,shared_only,43,183,264,0.6931818181818182,3.722130518599298
mixed,shared_only,43,184,264,0.696969696969697,3.714551127417471
mixed,shared_only,43,185,264,0.7007575757575758,3.7106173262996682
mixed,shared_only,43,186,264,0.7045454545454546,3.7239441756532092
mixed,shared_only,43,187,264,0.7083333333333334,3.7190968873974817
mixed,shared_only,43,188,264,0.7121212121212122,3.7239162744483347
mixed,shared_only,43,189,264,0.7159090909090909,3.7130797770502237
mixed,shared_only,43,190,264,0.7196969696969697,3.7080194454279702
mixed,shared_only,43,191,264,0.7234848484848485,3.7118537817537094
mixed,shared_only,43,192,264,0.7272727272727273,3.7078425344184076
mixed,shared_only,43,193,264,0.7310606060606061,3.704573774494309
mixed,shared_only,43,194,264,0.7348484848484849,3.691060141941143
mixed,shared_only,43,195,264,0.7386363636363636,3.690039478825553
mixed,shared_only,43,196,264,0.7424242424242424,3.6818632147936903
mixed,shared_only,43,197,264,0.7462121212121212,3.6745727783220734
mixed,shared_only,43,198,264,0.75,3.679473077772614
mixed,shared_only,43,199,264,0.7537878787878788,3.6650788719274834
mixed,shared_only,43,200,264,0.7575757575757576,3.655557174553591
mixed,shared_only,43,201,264,0.7613636363636364,3.659620419767624
mixed,shared_only,43,202,264,0.7651515151515151,3.671109432017147
mixed,shared_only,43,203,264,0.7689393939393939,3.6593265155574755
mixed,shared_only,43,204,264,0.7727272727272727,3.6716057187912328
mixed,shared_only,43,205,264,0.7765151515151515,3.659350902502995
mixed,shared_only,43,206,264,0.7803030303030303,3.6654520244369033
mixed,shared_only,43,207,264,0.7840909090909091,3.6629192750892727
mixed,shared_only,43,208,264,0.7878787878787878,3.682754143992468
mixed,shared_only,43,209,264,0.7916666666666666,3.6906804711926693
mixed,shared_only,43,210,264,0.7954545454545454,3.7179123548175386
mixed,shared_only,43,211,264,0.7992424242424242,3.7364193485496364
mixed,shared_only,43,212,264,0.803030303030303,3.7318580891358444
mixed,shared_only,43,213,264,0.8068181818181818,3.724250720437806
mixed,shared_only,43,214,264,0.8106060606060606,3.7218254200998
mixed,shared_only,43,215,264,0.8143939393939394,3.7164993611587747
mixed,shared_only,43,216,264,0.8181818181818182,3.714270415220108
mixed,shared_only,43,217,264,0.821969696969697,3.716861826957171
mixed,shared_only,43,218,264,0.8257575757575758,3.7066399644705905
mixed,shared_only,43,219,264,0.8295454545454546,3.703655195741288
mixed,shared_only,43,220,264,0.8333333333333334,3.6977868769490225
mixed,shared_only,43,221,264,0.8371212121212122,3.698878999026292
mixed,shared_only,43,222,264,0.8409090909090909,3.6944785161885507
mixed,shared_only,43,223,264,0.8446969696969697,3.6903653399142056
mixed,shared_only,43,224,264,0.8484848484848485,3.677428376934286
mixed,shared_only,43,225,264,0.8522727272727273,3.686111261936134
mixed,shared_only,43,226,264,0.8560606060606061,3.683525473551765
mixed,shared_only,43,227,264,0.8598484848484849,3.680294305825285
mixed,shared_only,43,228,264,0.8636363636363636,3.692054271220498
mixed,shared_only,43,229,264,0.8674242424242424,3.682833443656268
mixed,shared_only,43,230,264,0.8712121212121212,3.691061144950198
mixed,shared_only,43,231,264,0.875,3.685270783192517
mixed,shared_only,43,232,264,0.8787878787878788,3.6915767338396206
mixed,shared_only,43,233,264,0.8825757575757576,3.690327665766789
mixed,shared_only,43,234,264,0.8863636363636364,3.6883777984392303
mixed,shared_only,43,235,264,0.8901515151515151,3.6880027589248083
mixed,shared_only,43,236,264,0.8939393939393939,3.689553248298468
mixed,shared_only,43,237,264,0.8977272727272727,3.69785834307917
mixed,shared_only,43,238,264,0.9015151515151515,3.7005957503770857
mixed,shared_only,43,239,264,0.9053030303030303,3.6881769899965318
mixed,shared_only,43,240,264,0.9090909090909091,3.6845391165317496
mixed,shared_only,43,241,264,0.9128787878787878,3.6771384446923894
mixed,shared_only,43,242,264,0.9166666666666666,3.680827183016
mixed,shared_only,43,243,264,0.9204545454545454,3.7068906805041784
mixed,shared_only,43,244,264,0.9242424242424242,3.717805238877182
mixed,shared_only,43,245,264,0.928030303030303,3.7162321697992953
mixed,shared_only,43,246,264,0.9318181818181818,3.7432615869249397
mixed,shared_only,43,247,264,0.9356060606060606,3.752192168871661
mixed,shared_only,43,248,264,0.9393939393939394,3.786410960601826
mixed,shared_only,43,249,264,0.9431818181818182,3.782715410826596
mixed,shared_only,43,250,264,0.946969696969697,3.793884952081979
mixed,shared_only,43,251,264,0.9507575757575758,3.7971384521925224
mixed,shared_only,43,252,264,0.9545454545454546,3.803821386191728
mixed,shared_only,43,253,264,0.9583333333333334,3.7909637902213604
mixed,shared_only,43,254,264,0.9621212121212122,3.7815533309521383
mixed,shared_only,43,255,264,0.9659090909090909,3.772860584079706
mixed,shared_only,43,256,264,0.9696969696969697,3.770526723888535
mixed,shared_only,43,257,264,0.9734848484848485,3.7620798926410326
mixed,shared_only,43,258,264,0.9772727272727273,3.764816903996406
mixed,shared_only,43,259,264,0.9810606060606061,3.764663214690685
mixed,shared_only,43,260,264,0.9848484848484849,3.765098114541446
mixed,shared_only,43,261,264,0.9886363636363636,3.7717156155023597
mixed,shared_only,43,262,264,0.9924242424242424,3.7649540295182096
mixed,shared_only,43,263,264,0.9962121212121212,3.755862602001403
mixed,shared_only,43,264,264,1.0,3.752929722789303
