protocol,arm,coverage,mean_delta_e00
mixed,direct,0.003787878787878788,2.700349686819506
mixed,direct,0.007575757575757576,3.2007226810949674
mixed,direct,0.011363636363636364,3.054720012690963
mixed,direct,0.015151515151515152,2.8204409073224674
mixed,direct,0.01893939393939394,2.806917244849476
mixed,direct,0.022727272727272728,2.733383489549226
mixed,direct,0.026515151515151516,2.5917939970415698
mixed,direct,0.030303030303030304,2.4751165647708087
mixed,direct,0.03409090909090909,2.5734922285129684
mixed,direct,0.03787878787878788,2.6115337960733793
mixed,direct,0.041666666666666664,2.7370437935959626
mixed,direct,0.045454545454545456,2.757617730527286
mixed,direct,0.04924242424242424,2.8058957526380115
mixed,direct,0.05303030303030303,2.978435903951379
mixed,direct,0.056818181818181816,3.117797543966541
mixed,direct,0.06060606060606061,3.2190439615465682
mixed,direct,0.06439393939393939,3.3989217790866966
mixed,direct,0.06818181818181818,3.440736389606404
mixed,direct,0.07196969696969698,3.4710547436446233
mixed,direct,0.07575757575757576,3.4940475174282235
mixed,direct,0.07954545454545454,3.5063698128807963
mixed,direct,0.08333333333333333,3.453908480271778
mixed,direct,0.08712121212121213,3.4232804003771578
mixed,direct,0.09090909090909091,3.3719608477601857
mixed,direct,0.0946969696969697,3.334444220181188
mixed,direct,0.09848484848484848,3.3096283325740976
mixed,direct,0.10227272727272728,3.250223903474593
mixed,direct,0.10606060606060606,3.2108853335154333
mixed,direct,0.10984848484848485,3.228976046550327
mixed,direct,0.11363636363636363,3.227004287690221
mixed,direct,0.11742424242424243,3.262132587337689
mixed,direct,0.12121212121212122,3.3172497372246847
mixed,direct,0.125,3.349065355589714
mixed,direct,0.12878787878787878,3.3608353956903065
mixed,direct,0.13257575757575757,3.4138077654312067
mixed,direct,0.13636363636363635,3.4634943702880676
mixed,direct,0.14015151515151514,3.41535602676689
mixed,direct,0.14393939393939395,3.446347609625547
mixed,direct,0.14772727272727273,3.413809381161508
mixed,direct,0.15151515151515152,3.409233856684157
mixed,direct,0.1553030303030303,3.385119520015097
mixed,direct,0.1590909090909091,3.4069017654022686
mixed,direct,0.16287878787878787,3.390081185307938
mixed,direct,0.16666666666666666,3.425928495975503
mixed,direct,0.17045454545454544,3.4042545589215396
mixed,direct,0.17424242424242425,3.403341233543989
mixed,direct,0.17803030303030304,3.4217207213896006
mixed,direct,0.18181818181818182,3.462746013633385
mixed,direct,0.1856060606060606,3.4801234022059284
mixed,direct,0.1893939393939394,3.467444741999683
mixed,direct,0.19318181818181818,3.445382814995116
mixed,direct,0.19696969696969696,3.412637888881518
mixed,direct,0.20075757575757575,3.395234741938791
mixed,direct,0.20454545454545456,3.384786213351422
mixed,direct,0.20833333333333334,3.4041134684504133
mixed,direct,0.21212121212121213,3.43670501791548
mixed,direct,0.2159090909090909,3.4134370482076144
mixed,direct,0.2196969696969697,3.395601167633803
mixed,direct,0.22348484848484848,3.3952449503603988
mixed,direct,0.22727272727272727,3.4024529128594363
mixed,direct,0.23106060606060605,3.391622106589916
mixed,direct,0.23484848484848486,3.3991818282253106
mixed,direct,0.23863636363636365,3.384513833250411
mixed,direct,0.24242424242424243,3.368295366153721
mixed,direct,0.24621212121212122,3.3732325193812653
mixed,direct,0.25,3.381533797103245
mixed,direct,0.2537878787878788,3.410815882573553
mixed,direct,0.25757575757575757,3.4204094325385017
mixed,direct,0.26136363636363635,3.4136712566671457
mixed,direct,0.26515151515151514,3.426004450888888
mixed,direct,0.2689393939393939,3.418868467125011
mixed,direct,0.2727272727272727,3.418012617359398
mixed,direct,0.2765151515151515,3.4109530672899875
mixed,direct,0.2803030303030303,3.417061920657062
mixed,direct,0.2840909090909091,3.4103245493699426
mixed,direct,0.2878787878787879,3.421859150490576
mixed,direct,0.2916666666666667,3.4461647011840975
mixed,direct,0.29545454545454547,3.419317302164412
mixed,direct,0.29924242424242425,3.4111501299285067
mixed,direct,0.30303030303030304,3.4273346251407113
mixed,direct,0.3068181818181818,3.4164374548635936
mixed,direct,0.3106060606060606,3.4223328615295685
mixed,direct,0.3143939393939394,3.4198355986948505
mixed,direct,0.3181818181818182,3.4294004704385634
mixed,direct,0.32196969696969696,3.417673769636318
mixed,direct,0.32575757575757575,3.4249485484275186
mixed,direct,0.32954545454545453,3.4298080032697804
mixed,direct,0.3333333333333333,3.4286856749645764
mixed,direct,0.3371212121212121,3.411546207011666
mixed,direct,0.3409090909090909,3.4094250301611777
mixed,direct,0.3446969696969697,3.418929210891372
mixed,direct,0.3484848484848485,3.427324645237448
mixed,direct,0.3522727272727273,3.418837081723473
mixed,direct,0.3560606060606061,3.404128610020963
mixed,direct,0.35984848484848486,3.399287558453191
mixed,direct,0.36363636363636365,3.3894873827053105
mixed,direct,0.36742424242424243,3.381536141126969
mixed,direct,0.3712121212121212,3.3727120136042648
mixed,direct,0.375,3.375156949369467
mixed,direct,0.3787878787878788,3.3648755323562924
mixed,direct,0.38257575757575757,3.363823431754879
mixed,direct,0.38636363636363635,3.36108111929054
mixed,direct,0.39015151515151514,3.353287344640073
mixed,direct,0.3939393939393939,3.356474126544923
mixed,direct,0.3977272727272727,3.3405688362137833
mixed,direct,0.4015151515151515,3.357914504241947
mixed,direct,0.4053030303030303,3.355916165398375
mixed,direct,0.4090909090909091,3.3744683926582293
mixed,direct,0.4128787878787879,3.3736424701935257
mixed,direct,0.4166666666666667,3.3818443523726205
mixed,direct,0.42045454545454547,3.390917551704247
mixed,direct,0.42424242424242425,3.4060485839522734
mixed,direct,0.42803030303030304,3.4009399347509244
mixed,direct,0.4318181818181818,3.4122833662297816
mixed,direct,0.4356060606060606,3.4335264568418737
mixed,direct,0.4393939393939394,3.428599794710338
mixed,direct,0.4431818181818182,3.4423787198495392
mixed,direct,0.44696969696969696,3.456168106929244
mixed,direct,0.45075757575757575,3.4682871135284543
mixed,direct,0.45454545454545453,3.462598781143812
mixed,direct,0.4583333333333333,3.4530394780200573
mixed,direct,0.4621212121212121,3.4585163327119113
mixed,direct,0.4659090909090909,3.4497753825548423
mixed,direct,0.4696969696969697,3.4520702475134164
mixed,direct,0.4734848484848485,3.4522571191157616
mixed,direct,0.4772727272727273,3.461879899038742
mixed,direct,0.4810606060606061,3.4528821094214663
mixed,direct,0.48484848484848486,3.455635489923145
mixed,direct,0.48863636363636365,3.444206154178462
mixed,direct,0.49242424242424243,3.4485659728550453
mixed,direct,0.4962121212121212,3.4467550428717346
mixed,direct,0.5,3.431400070299216
mixed,direct,0.5037878787878788,3.4260535538022268
mixed,direct,0.5075757575757576,3.410431302844371
mixed,direct,0.5113636363636364,3.4175261369649834
mixed,direct,0.5151515151515151,3.4191176222810973
mixed,direct,0.5189393939393939,3.408894751934511
mixed,direct,0.5227272727272727,3.4002651290331136
mixed,direct,0.5265151515151515,3.4080573347179866
mixed,direct,0.5303030303030303,3.4276575628558565
mixed,direct,0.5340909090909091,3.426836258088765
mixed,direct,0.5378787878787878,3.418622460517914
mixed,direct,0.5416666666666666,3.4320361597526614
mixed,direct,0.5454545454545454,3.43512909817778
mixed,direct,0.5492424242424242,3.4321161987518667
mixed,direct,0.553030303030303,3.446147117325001
mixed,direct,0.5568181818181818,3.444876138788873
mixed,direct,0.5606060606060606,3.441086268568308
mixed,direct,0.5643939393939394,3.4469842853244224
mixed,direct,0.5681818181818182,3.447449555638156
mixed,direct,0.571969696969697,3.4473615035792644
mixed,direct,0.5757575757575758,3.4447949710580192
mixed,direct,0.5795454545454546,3.4430850393271837
mixed,direct,0.5833333333333334,3.4539194956464807
mixed,direct,0.5871212121212122,3.459607327341015
mixed,direct,0.5909090909090909,3.45031845461011
mixed,direct,0.5946969696969697,3.448287962755963
mixed,direct,0.5984848484848485,3.4525882579023666
mixed,direct,0.6022727272727273,3.4448980790114176
mixed,direct,0.6060606060606061,3.4405416883322553
mixed,direct,0.6098484848484849,3.441490883574867
mixed,direct,0.6136363636363636,3.4402177286406794
mixed,direct,0.6174242424242424,3.462770529115414
mixed,direct,0.6212121212121212,3.4664013636916486
mixed,direct,0.625,3.467324870555197
mixed,direct,0.6287878787878788,3.4882969045045122
mixed,direct,0.6325757575757576,3.4899451463920763
mixed,direct,0.6363636363636364,3.4855347971317747
mixed,direct,0.6401515151515151,3.4843080444472876
mixed,direct,0.6439393939393939,3.4772982603807736
mixed,direct,0.6477272727272727,3.4739687470745664
mixed,direct,0.6515151515151515,3.4695374025373886
mixed,direct,0.6553030303030303,3.472683014344384
mixed,direct,0.6590909090909091,3.4665926379077896
mixed,direct,0.6628787878787878,3.459388848978449
mixed,direct,0.6666666666666666,3.4593524710523234
mixed,direct,0.6704545454545454,3.453366339759725
mixed,direct,0.6742424242424242,3.4532221231534144
mixed,direct,0.678030303030303,3.460804127964718
mixed,direct,0.6818181818181818,3.4597736542734103
mixed,direct,0.6856060606060606,3.4565125387945463
mixed,direct,0.6893939393939394,3.462148018465158
mixed,direct,0.6931818181818182,3.454656845651693
mixed,direct,0.696969696969697,3.451397685562743
mixed,direct,0.7007575757575758,3.4426610863431075
mixed,direct,0.7045454545454546,3.4327670162661748
mixed,direct,0.7083333333333334,3.4324501063819923
mixed,direct,0.7121212121212122,3.4347769669371253
mixed,direct,0.7159090909090909,3.4283202360455505
mixed,direct,0.7196969696969697,3.4297036909222753
mixed,direct,0.7234848484848485,3.437143406310929
mixed,direct,0.7272727272727273,3.434040910017204
mixed,direct,0.7310606060606061,3.4367898901970944
mixed,direct,0.7348484848484849,3.4373817624056695
mixed,direct,0.7386363636363636,3.4336804874853755
mixed,direct,0.7424242424242424,3.447138085665607
mixed,direct,0.7462121212121212,3.447462741329266
mixed,direct,0.75,3.459642558484673
mixed,direct,0.7537878787878788,3.4651741222942953
mixed,direct,0.7575757575757576,3.4550945878038526
mixed,direct,0.7613636363636364,3.445743172683015
mixed,direct,0.7651515151515151,3.4449637855988633
mixed,direct,0.7689393939393939,3.448457972737454
mixed,direct,0.7727272727272727,3.4473680136889597
mixed,direct,0.7765151515151515,3.44605973670806
mixed,direct,0.7803030303030303,3.442750551529788
mixed,direct,0.7840909090909091,3.4530590373219554
mixed,direct,0.7878787878787878,3.453143466712509
mixed,direct,0.7916666666666666,3.446755542372864
mixed,direct,0.7954545454545454,3.4428099879650707
mixed,direct,0.7992424242424242,3.4442485490433334
mixed,direct,0.803030303030303,3.44073057745952
mixed,direct,0.8068181818181818,3.432383317035002
mixed,direct,0.8106060606060606,3.4265228004449813
mixed,direct,0.8143939393939394,3.431125142818091
mixed,direct,0.8181818181818182,3.4265395798720903
mixed,direct,0.821969696969697,3.416625579541402
mixed,direct,0.8257575757575758,3.426960351151975
mixed,direct,0.8295454545454546,3.4276423843417745
mixed,direct,0.8333333333333334,3.437292488469501
mixed,direct,0.8371212121212122,3.434392590598687
mixed,direct,0.8409090909090909,3.434866596579628
mixed,direct,0.8446969696969697,3.4355213883154505
mixed,direct,0.8484848484848485,3.425446353228057
mixed,direct,0.8522727272727273,3.4239274172583003
mixed,direct,0.8560606060606061,3.431650420473197
mixed,direct,0.8598484848484849,3.4312827910631802
mixed,direct,0.8636363636363636,3.436225298431045
mixed,direct,0.8674242424242424,3.436605311469615
mixed,direct,0.8712121212121212,3.4326628357729576
mixed,direct,0.875,3.43667551017166
mixed,direct,0.8787878787878788,3.4314956705327453
mixed,direct,0.8825757575757576,3.428994032202052
mixed,direct,0.8863636363636364,3.429239524976883
mixed,direct,0.8901515151515151,3.433886548799125
mixed,direct,0.8939393939393939,3.4291946952093224
mixed,direct,0.8977272727272727,3.4235637975747983
mixed,direct,0.9015151515151515,3.4208749905838842
mixed,direct,0.9053030303030303,3.4217349876885046
mixed,direct,0.9090909090909091,3.417344553396601
mixed,direct,0.9128787878787878,3.415618748782436
mixed,direct,0.9166666666666666,3.4121992898777003
mixed,direct,0.9204545454545454,3.4100478688010187
mixed,direct,0.9242424242424242,3.421734001915175
mixed,direct,0.928030303030303,3.4257843192787347
mixed,direct,0.9318181818181818,3.4213128770246133
mixed,direct,0.9356060606060606,3.4233201806374844
mixed,direct,0.9393939393939394,3.4253697145729802
mixed,direct,0.9431818181818182,3.423023853992007
mixed,direct,0.946969696969697,3.421175072714096
mixed,direct,0.9507575757575758,3.4150514811071484
mixed,direct,0.9545454545454546,3.4273483568193703
mixed,direct,0.9583333333333334,3.4312803478346816
mixed,direct,0.9621212121212122,3.4363448264376033
mixed,direct,0.9659090909090909,3.4336240206993978
mixed,direct,0.9696969696969697,3.4302954168146194
mixed,direct,0.9734848484848485,3.430573617105137
mixed,direct,0.9772727272727273,3.4324587785557505
mixed,direct,0.9810606060606061,3.4343808855940314
mixed,direct,0.9848484848484849,3.4329720439590203
mixed,direct,0.9886363636363636,3.434882857746437
mixed,direct,0.9924242424242424,3.4393790694173485
mixed,direct,0.9962121212121212,3.441652125216329
mixed,direct,1.0,3.440584026071812
mixed,tangent,0.003787878787878788,4.118799825076626
mixed,tangent,0.007575757575757576,4.342276400560286
mixed,tangent,0.011363636363636364,3.640662931200024
mixed,tangent,0.015151515151515152,3.7106478758564965
mixed,tangent,0.01893939393939394,3.303731321408833
mixed,tangent,0.022727272727272728,3.332859362706982
mixed,tangent,0.026515151515151516,3.245267257906761
mixed,tangent,0.030303030303030304,3.2029819792134173
mixed,tangent,0.03409090909090909,3.422513117973633
mixed,tangent,0.03787878787878788,3.2646766585752807
mixed,tangent,0.041666666666666664,3.5731892693203533
mixed,tangent,0.045454545454545456,3.5059286451542477
mixed,tangent,0.04924242424242424,3.5848509224863694
mixed,tangent,0.05303030303030303,3.600169280381087
mixed,tangent,0.056818181818181816,3.5495494135159213
mixed,tangent,0.06060606060606061,3.492193616917522
mixed,tangent,0.06439393939393939,3.5989614619241066
mixed,tangent,0.06818181818181818,3.603104309567513
mixed,tangent,0.07196969696969698,3.6446647030724364
mixed,tangent,0.07575757575757576,3.6546078655158944
mixed,tangent,0.07954545454545454,3.673739005520126
mixed,tangent,0.08333333333333333,3.6606801732017993
mixed,tangent,0.08712121212121213,3.618567855486566
mixed,tangent,0.09090909090909091,3.6574216372513146
mixed,tangent,0.0946969696969697,3.6706439791840535
mixed,tangent,0.09848484848484848,3.595648147799531
mixed,tangent,0.10227272727272728,3.604287329711013
mixed,tangent,0.10606060606060606,3.5265246249324744
mixed,tangent,0.10984848484848485,3.545957709244565
mixed,tangent,0.11363636363636363,3.5381148700304723
mixed,tangent,0.11742424242424243,3.5260878001676423
mixed,tangent,0.12121212121212122,3.55075064304402
mixed,tangent,0.125,3.58238887404061
mixed,tangent,0.12878787878787878,3.5821299603867467
mixed,tangent,0.13257575757575757,3.640152472721756
mixed,tangent,0.13636363636363635,3.640356794715507
mixed,tangent,0.14015151515151514,3.6411278947910337
mixed,tangent,0.14393939393939395,3.645154676268574
mixed,tangent,0.14772727272727273,3.6248112766844742
mixed,tangent,0.15151515151515152,3.5926258615067823
mixed,tangent,0.1553030303030303,3.5770569090906132
mixed,tangent,0.1590909090909091,3.545266617732389
mixed,tangent,0.16287878787878787,3.562158559313455
mixed,tangent,0.16666666666666666,3.5865211061302915
mixed,tangent,0.17045454545454544,3.588121876466614
mixed,tangent,0.17424242424242425,3.551410546833496
mixed,tangent,0.17803030303030304,3.5862864435701987
mixed,tangent,0.18181818181818182,3.555345416465009
mixed,tangent,0.1856060606060606,3.5747603771331686
mixed,tangent,0.1893939393939394,3.5424919138206667
mixed,tangent,0.19318181818181818,3.5667874819908327
mixed,tangent,0.19696969696969696,3.543859088070367
mixed,tangent,0.20075757575757575,3.523732565291954
mixed,tangent,0.20454545454545456,3.49859094449789
mixed,tangent,0.20833333333333334,3.4694098726822418
mixed,tangent,0.21212121212121213,3.438652362118395
mixed,tangent,0.2159090909090909,3.448507908750482
mixed,tangent,0.2196969696969697,3.45246643064814
mixed,tangent,0.22348484848484848,3.4295565651992064
mixed,tangent,0.22727272727272727,3.435224472172996
mixed,tangent,0.23106060606060605,3.4557518416263484
mixed,tangent,0.23484848484848486,3.450356510328722
mixed,tangent,0.23863636363636365,3.4462028147106722
mixed,tangent,0.24242424242424243,3.480468418517507
mixed,tangent,0.24621212121212122,3.493895015847365
mixed,tangent,0.25,3.5187274558496493
mixed,tangent,0.2537878787878788,3.5076348340554984
mixed,tangent,0.25757575757575757,3.5320439655979583
mixed,tangent,0.26136363636363635,3.5422038305534578
mixed,tangent,0.26515151515151514,3.5240034334752486
mixed,tangent,0.2689393939393939,3.519228210143741
mixed,tangent,0.2727272727272727,3.5452601453092876
mixed,tangent,0.2765151515151515,3.5184503139334318
mixed,tangent,0.2803030303030303,3.5145404314675748
mixed,tangent,0.2840909090909091,3.5595722235748717
mixed,tangent,0.2878787878787879,3.5652278606786063
mixed,tangent,0.2916666666666667,3.562393563363535
mixed,tangent,0.29545454545454547,3.554727977675944
mixed,tangent,0.29924242424242425,3.54620721260272
mixed,tangent,0.30303030303030304,3.538824714155458
mixed,tangent,0.3068181818181818,3.520625652526204
mixed,tangent,0.3106060606060606,3.515186992890108
mixed,tangent,0.3143939393939394,3.515264859312057
mixed,tangent,0.3181818181818182,3.495174951607654
mixed,tangent,0.32196969696969696,3.505845232211304
mixed,tangent,0.32575757575757575,3.5102030041507706
mixed,tangent,0.32954545454545453,3.4972083231637257
mixed,tangent,0.3333333333333333,3.4889434543097484
mixed,tangent,0.3371212121212121,3.481718214305751
mixed,tangent,0.3409090909090909,3.4852856151981406
mixed,tangent,0.3446969696969697,3.496197122772154
mixed,tangent,0.3484848484848485,3.4832661734685737
mixed,tangent,0.3522727272727273,3.4731166847447046
mixed,tangent,0.3560606060606061,3.4737140955327646
mixed,tangent,0.35984848484848486,3.4596705374578214
mixed,tangent,0.36363636363636365,3.459761669649843
mixed,tangent,0.36742424242424243,3.451870478505681
mixed,tangent,0.3712121212121212,3.452803723375725
mixed,tangent,0.375,3.480183047261672
mixed,tangent,0.3787878787878788,3.4838941359726423
mixed,tangent,0.38257575757575757,3.500105338309821
mixed,tangent,0.38636363636363635,3.5011413637283346
mixed,tangent,0.39015151515151514,3.5044041378828967
mixed,tangent,0.3939393939393939,3.5026169246973304
mixed,tangent,0.3977272727272727,3.4874609070505884
mixed,tangent,0.4015151515151515,3.4808317475846704
mixed,tangent,0.4053030303030303,3.49723543378053
mixed,tangent,0.4090909090909091,3.5014935714345
mixed,tangent,0.4128787878787879,3.4900999831915738
mixed,tangent,0.4166666666666667,3.49274245513295
mixed,tangent,0.42045454545454547,3.4799731017429045
mixed,tangent,0.42424242424242425,3.4734258347494884
mixed,tangent,0.42803030303030304,3.477737197641275
mixed,tangent,0.4318181818181818,3.4774998051410484
mixed,tangent,0.4356060606060606,3.4783767905044445
mixed,tangent,0.4393939393939394,3.468734289272873
mixed,tangent,0.4431818181818182,3.468990733170059
mixed,tangent,0.44696969696969696,3.482916725010089
mixed,tangent,0.45075757575757575,3.4795723795368443
mixed,tangent,0.45454545454545453,3.4645205859136747
mixed,tangent,0.4583333333333333,3.449378726403842
mixed,tangent,0.4621212121212121,3.463545675546659
mixed,tangent,0.4659090909090909,3.463838149644777
mixed,tangent,0.4696969696969697,3.4688449589931705
mixed,tangent,0.4734848484848485,3.4573946934164947
mixed,tangent,0.4772727272727273,3.474400494788823
mixed,tangent,0.4810606060606061,3.463136722989867
mixed,tangent,0.48484848484848486,3.4685517417552805
mixed,tangent,0.48863636363636365,3.465110071065954
mixed,tangent,0.49242424242424243,3.4764032320742815
mixed,tangent,0.4962121212121212,3.479538274804595
mixed,tangent,0.5,3.481540694865382
mixed,tangent,0.5037878787878788,3.4912013752578126
mixed,tangent,0.5075757575757576,3.4987181652567725
mixed,tangent,0.5113636363636364,3.5077246770728343
mixed,tangent,0.5151515151515151,3.496583961438761
mixed,tangent,0.5189393939393939,3.490779465333484
mixed,tangent,0.5227272727272727,3.4860734965434967
mixed,tangent,0.5265151515151515,3.491103479664497
mixed,tangent,0.5303030303030303,3.5074079577182093
mixed,tangent,0.5340909090909091,3.4976891139585304
mixed,tangent,0.5378787878787878,3.489490339805561
mixed,tangent,0.5416666666666666,3.495133089874102
mixed,tangent,0.5454545454545454,3.5039219720973205
mixed,tangent,0.5492424242424242,3.5110202689597343
mixed,tangent,0.553030303030303,3.500939732664109
mixed,tangent,0.5568181818181818,3.522216542106941
mixed,tangent,0.5606060606060606,3.532035277201052
mixed,tangent,0.5643939393939394,3.529000151056298
mixed,tangent,0.5681818181818182,3.527893747229592
mixed,tangent,0.571969696969697,3.5338422528491713
mixed,tangent,0.5757575757575758,3.541232706032197
mixed,tangent,0.5795454545454546,3.5426056109410573
mixed,tangent,0.5833333333333334,3.531843640592497
mixed,tangent,0.5871212121212122,3.5415047069215007
mixed,tangent,0.5909090909090909,3.5325387898644363
mixed,tangent,0.5946969696969697,3.5240154364143166
mixed,tangent,0.5984848484848485,3.5294987795979473
mixed,tangent,0.6022727272727273,3.5352701624414262
mixed,tangent,0.6060606060606061,3.5330359961100783
mixed,tangent,0.6098484848484849,3.537241579712333
mixed,tangent,0.6136363636363636,3.5454472330936784
mixed,tangent,0.6174242424242424,3.555505267433334
mixed,tangent,0.6212121212121212,3.563933372191094
mixed,tangent,0.625,3.5640537011815945
mixed,tangent,0.6287878787878788,3.557154760720462
mixed,tangent,0.6325757575757576,3.557670382612559
mixed,tangent,0.6363636363636364,3.551387833431363
mixed,tangent,0.6401515151515151,3.5407463368479193
mixed,tangent,0.6439393939393939,3.5343961786644296
mixed,tangent,0.6477272727272727,3.541546061475252
mixed,tangent,0.6515151515151515,3.548842730929507
mixed,tangent,0.6553030303030303,3.547053909492604
mixed,tangent,0.6590909090909091,3.5601023973961508
mixed,tangent,0.6628787878787878,3.549757276999223
mixed,tangent,0.6666666666666666,3.5495839550604913
mixed,tangent,0.6704545454545454,3.5480570670875338
mixed,tangent,0.6742424242424242,3.5467710096008713
mixed,tangent,0.678030303030303,3.54619003295323
mixed,tangent,0.6818181818181818,3.542973948110697
mixed,tangent,0.6856060606060606,3.5477854584049378
mixed,tangent,0.6893939393939394,3.5470191097183394
mixed,tangent,0.6931818181818182,3.540395527008469
mixed,tangent,0.696969696969697,3.549117772035686
mixed,tangent,0.7007575757575758,3.5541069054213223
mixed,tangent,0.7045454545454546,3.555648715453449
mixed,tangent,0.7083333333333334,3.54858637810351
mixed,tangent,0.7121212121212122,3.545056253526512
mixed,tangent,0.7159090909090909,3.549921007240942
mixed,tangent,0.7196969696969697,3.559224321807027
mixed,tangent,0.7234848484848485,3.5740720831148383
mixed,tangent,0.7272727272727273,3.5803001468923488
mixed,tangent,0.7310606060606061,3.581735474231035
mixed,tangent,0.7348484848484849,3.5806882947022323
mixed,tangent,0.7386363636363636,3.578982968960089
mixed,tangent,0.7424242424242424,3.5749156364203145
mixed,tangent,0.7462121212121212,3.575430784303555
mixed,tangent,0.75,3.5755554575071025
mixed,tangent,0.7537878787878788,3.574806287121252
mixed,tangent,0.7575757575757576,3.569160718722768
mixed,tangent,0.7613636363636364,3.5646925829679788
mixed,tangent,0.7651515151515151,3.562765166934657
mixed,tangent,0.7689393939393939,3.560665286407815
mixed,tangent,0.7727272727272727,3.5540541385342124
mixed,tangent,0.7765151515151515,3.544782244823389
mixed,tangent,0.7803030303030303,3.5531324343733335
mixed,tangent,0.7840909090909091,3.5534460152559895
mixed,tangent,0.7878787878787878,3.549893674430702
mixed,tangent,0.7916666666666666,3.5455093534512816
mixed,tangent,0.7954545454545454,3.54495854658078
mixed,tangent,0.7992424242424242,3.5460924903740847
mixed,tangent,0.803030303030303,3.5393228367660217
mixed,tangent,0.8068181818181818,3.5319466813995746
mixed,tangent,0.8106060606060606,3.5250411563296744
mixed,tangent,0.8143939393939394,3.519946511181686
mixed,tangent,0.8181818181818182,3.5221906736891384
mixed,tangent,0.821969696969697,3.5239224880386644
mixed,tangent,0.8257575757575758,3.5180521193400516
mixed,tangent,0.8295454545454546,3.5130735743132444
mixed,tangent,0.8333333333333334,3.512589227200982
mixed,tangent,0.8371212121212122,3.511784040135978
mixed,tangent,0.8409090909090909,3.516741244465599
mixed,tangent,0.8446969696969697,3.5153326487904573
mixed,tangent,0.8484848484848485,3.5165162526433096
mixed,tangent,0.8522727272727273,3.517609702605075
mixed,tangent,0.8560606060606061,3.5099385437780852
mixed,tangent,0.8598484848484849,3.5110970505661787
mixed,tangent,0.8636363636363636,3.5146223851216436
mixed,tangent,0.8674242424242424,3.513313145398896
mixed,tangent,0.8712121212121212,3.508422213385563
mixed,tangent,0.875,3.5103996351295756
mixed,tangent,0.8787878787878788,3.5094008665692904
mixed,tangent,0.8825757575757576,3.5087331223752583
mixed,tangent,0.8863636363636364,3.5103749971842304
mixed,tangent,0.8901515151515151,3.5096863725275202
mixed,tangent,0.8939393939393939,3.5058951632743853
mixed,tangent,0.8977272727272727,3.502715168803506
mixed,tangent,0.9015151515151515,3.500177772814402
mixed,tangent,0.9053030303030303,3.496836142701751
mixed,tangent,0.9090909090909091,3.500597337626567
mixed,tangent,0.9128787878787878,3.505734050373635
mixed,tangent,0.9166666666666666,3.501136228861768
mixed,tangent,0.9204545454545454,3.5023233116348673
mixed,tangent,0.9242424242424242,3.4978405419859304
mixed,tangent,0.928030303030303,3.5008961740525852
mixed,tangent,0.9318181818181818,3.496631485464451
mixed,tangent,0.9356060606060606,3.500200950520357
mixed,tangent,0.9393939393939394,3.4984745605966183
mixed,tangent,0.9431818181818182,3.507210234202588
mixed,tangent,0.946969696969697,3.5109468632279164
mixed,tangent,0.9507575757575758,3.507997883904031
mixed,tangent,0.9545454545454546,3.505834477498601
mixed,tangent,0.9583333333333334,3.507302818422127
mixed,tangent,0.9621212121212122,3.5048304057442023
mixed,tangent,0.9659090909090909,3.5038901514218543
mixed,tangent,0.9696969696969697,3.506656372182587
mixed,tangent,0.9734848484848485,3.511309052571415
mixed,tangent,0.9772727272727273,3.5120105778139568
mixed,tangent,0.9810606060606061,3.5142930071635203
mixed,tangent,0.9848484848484849,3.519966276997349
mixed,tangent,0.9886363636363636,3.518989672236535
mixed,tangent,0.9924242424242424,3.519088539152973
mixed,tangent,0.9962121212121212,3.5137364158614375
mixed,tangent,1.0,3.511158036581223
mixed,material,0.003787878787878788,2.970179524768085
mixed,material,0.007575757575757576,3.6465871784605137
mixed,material,0.011363636363636364,3.4200398331549327
mixed,material,0.015151515151515152,3.560745334637072
mixed,material,0.01893939393939394,3.644638574342096
mixed,material,0.022727272727272728,3.423731713799187
mixed,material,0.026515151515151516,3.319620357149303
mixed,material,0.030303030303030304,3.3813591705957067
mixed,material,0.03409090909090909,3.428038875702662
mixed,material,0.03787878787878788,3.5001971949186683
mixed,material,0.041666666666666664,3.495885033067349
mixed,material,0.045454545454545456,3.401252597407567
mixed,material,0.04924242424242424,3.4426631467895805
mixed,material,0.05303030303030303,3.5790556600178305
mixed,material,0.056818181818181816,3.6711571927245026
mixed,material,0.06060606060606061,3.7621852014345527
mixed,material,0.06439393939393939,3.74036711095529
mixed,material,0.06818181818181818,3.651458739799798
mixed,material,0.07196969696969698,3.6117767903453735
mixed,material,0.07575757575757576,3.6933052247945946
mixed,material,0.07954545454545454,3.7105959828301214
mixed,material,0.08333333333333333,3.6814248726494903
mixed,material,0.08712121212121213,3.6235645591916903
mixed,material,0.09090909090909091,3.6512927067431096
mixed,material,0.0946969696969697,3.5774932333847995
mixed,material,0.09848484848484848,3.5606145170323593
mixed,material,0.10227272727272728,3.533960960133714
mixed,material,0.10606060606060606,3.5486596082189266
mixed,material,0.10984848484848485,3.5383749809736265
mixed,material,0.11363636363636363,3.4956247740955377
mixed,material,0.11742424242424243,3.557291528979522
mixed,material,0.12121212121212122,3.598824695121181
mixed,material,0.125,3.63633536429451
mixed,material,0.12878787878787878,3.6549453746868488
mixed,material,0.13257575757575757,3.6400806006973596
mixed,material,0.13636363636363635,3.6196618461252776
mixed,material,0.14015151515151514,3.6047286511466403
mixed,material,0.14393939393939395,3.6769827224744653
mixed,material,0.14772727272727273,3.6414055299522716
mixed,material,0.15151515151515152,3.6219709071144077
mixed,material,0.1553030303030303,3.6260971242458506
mixed,material,0.1590909090909091,3.625432895907073
mixed,material,0.16287878787878787,3.6049063805456503
mixed,material,0.16666666666666666,3.5787557603396203
mixed,material,0.17045454545454544,3.5856156681158935
mixed,material,0.17424242424242425,3.573642629344438
mixed,material,0.17803030303030304,3.61452709004404
mixed,material,0.18181818181818182,3.611600879181554
mixed,material,0.1856060606060606,3.591954627621783
mixed,material,0.1893939393939394,3.6062939543800208
mixed,material,0.19318181818181818,3.5969011119939505
mixed,material,0.19696969696969696,3.587283759362915
mixed,material,0.20075757575757575,3.632822079049403
mixed,material,0.20454545454545456,3.6420148327770803
mixed,material,0.20833333333333334,3.6409281554476487
mixed,material,0.21212121212121213,3.6525669275920065
mixed,material,0.2159090909090909,3.6273556557192586
mixed,material,0.2196969696969697,3.616388579042893
mixed,material,0.22348484848484848,3.6308929681098943
mixed,material,0.22727272727272727,3.663769700395085
mixed,material,0.23106060606060605,3.6570177712608753
mixed,material,0.23484848484848486,3.6259757327451516
mixed,material,0.23863636363636365,3.615947255090363
mixed,material,0.24242424242424243,3.586578377245957
mixed,material,0.24621212121212122,3.576376474675889
mixed,material,0.25,3.55536446772431
mixed,material,0.2537878787878788,3.5300496934854366
mixed,material,0.25757575757575757,3.5370740973346018
mixed,material,0.26136363636363635,3.5190614944546774
mixed,material,0.26515151515151514,3.51382783114347
mixed,material,0.2689393939393939,3.5195527060615657
mixed,material,0.2727272727272727,3.524903859678458
mixed,material,0.2765151515151515,3.5111725474752222
mixed,material,0.2803030303030303,3.5005649681696958
mixed,material,0.2840909090909091,3.5049481045413677
mixed,material,0.2878787878787879,3.546340431121477
mixed,material,0.2916666666666667,3.53273148922276
mixed,material,0.29545454545454547,3.5409945033494648
mixed,material,0.29924242424242425,3.534607670033406
mixed,material,0.30303030303030304,3.557007305853446
mixed,material,0.3068181818181818,3.5766131721891967
mixed,material,0.3106060606060606,3.599465797711108
mixed,material,0.3143939393939394,3.5933903416560113
mixed,material,0.3181818181818182,3.590389389007818
mixed,material,0.32196969696969696,3.5760303177426684
mixed,material,0.32575757575757575,3.555762701513857
mixed,material,0.32954545454545453,3.5325438469353636
mixed,material,0.3333333333333333,3.545481321265813
mixed,material,0.3371212121212121,3.529600747987567
mixed,material,0.3409090909090909,3.528004163447067
mixed,material,0.3446969696969697,3.5428975580935282
mixed,material,0.3484848484848485,3.526079549450147
mixed,material,0.3522727272727273,3.5394356117677304
mixed,material,0.3560606060606061,3.5257944385787017
mixed,material,0.35984848484848486,3.543304634834158
mixed,material,0.36363636363636365,3.5334255226550764
mixed,material,0.36742424242424243,3.5278791151062703
mixed,material,0.3712121212121212,3.5065721464320667
mixed,material,0.375,3.514132034528607
mixed,material,0.3787878787878788,3.5208170365647864
mixed,material,0.38257575757575757,3.5027117928798503
mixed,material,0.38636363636363635,3.5062401300553883
mixed,material,0.39015151515151514,3.519992281649641
mixed,material,0.3939393939393939,3.5060955436836543
mixed,material,0.3977272727272727,3.5034896183523916
mixed,material,0.4015151515151515,3.520383361527198
mixed,material,0.4053030303030303,3.510933949726809
mixed,material,0.4090909090909091,3.4971175622233357
mixed,material,0.4128787878787879,3.4969274201714087
mixed,material,0.4166666666666667,3.5114554571481222
mixed,material,0.42045454545454547,3.507427956652483
mixed,material,0.42424242424242425,3.506202007115171
mixed,material,0.42803030303030304,3.506015830305916
mixed,material,0.4318181818181818,3.5187617718088666
mixed,material,0.4356060606060606,3.499614780910658
mixed,material,0.4393939393939394,3.494742478107136
mixed,material,0.4431818181818182,3.4947761530400108
mixed,material,0.44696969696969696,3.4879689865194154
mixed,material,0.45075757575757575,3.481980863808513
mixed,material,0.45454545454545453,3.486499651262078
mixed,material,0.4583333333333333,3.5031767625774997
mixed,material,0.4621212121212121,3.5108151403984458
mixed,material,0.4659090909090909,3.503852931529417
mixed,material,0.4696969696969697,3.511202684127501
mixed,material,0.4734848484848485,3.5066034379044932
mixed,material,0.4772727272727273,3.49960055820139
mixed,material,0.4810606060606061,3.5028081789382743
mixed,material,0.48484848484848486,3.5152656080083133
mixed,material,0.48863636363636365,3.510019213843158
mixed,material,0.49242424242424243,3.5143295654031896
mixed,material,0.4962121212121212,3.5218574580842503
mixed,material,0.5,3.506971591683724
mixed,material,0.5037878787878788,3.5070993581303207
mixed,material,0.5075757575757576,3.493820393908418
mixed,material,0.5113636363636364,3.4833355546202482
mixed,material,0.5151515151515151,3.4672034010684176
mixed,material,0.5189393939393939,3.462102911053938
mixed,material,0.5227272727272727,3.4738017057035235
mixed,material,0.5265151515151515,3.4812344394277837
mixed,material,0.5303030303030303,3.4872376044608107
mixed,material,0.5340909090909091,3.4939075819162615
mixed,material,0.5378787878787878,3.4876271060622215
mixed,material,0.5416666666666666,3.500569878519847
mixed,material,0.5454545454545454,3.492584676298724
mixed,material,0.5492424242424242,3.4963303214907584
mixed,material,0.553030303030303,3.4964776273666516
mixed,material,0.5568181818181818,3.50351805799051
mixed,material,0.5606060606060606,3.5103488348316305
mixed,material,0.5643939393939394,3.5221206294869796
mixed,material,0.5681818181818182,3.5141807897908204
mixed,material,0.571969696969697,3.5065824733721005
mixed,material,0.5757575757575758,3.4991928512230484
mixed,material,0.5795454545454546,3.4908854975027306
mixed,material,0.5833333333333334,3.4900821728645446
mixed,material,0.5871212121212122,3.4844306889479966
mixed,material,0.5909090909090909,3.4754151798680666
mixed,material,0.5946969696969697,3.4660561797281315
mixed,material,0.5984848484848485,3.466885492545091
mixed,material,0.6022727272727273,3.4712021194214326
mixed,material,0.6060606060606061,3.4685881340795386
mixed,material,0.6098484848484849,3.4559919973781406
mixed,material,0.6136363636363636,3.4563704420251504
mixed,material,0.6174242424242424,3.468980432346797
mixed,material,0.6212121212121212,3.462818809466303
mixed,material,0.625,3.464212963621579
mixed,material,0.6287878787878788,3.4577739837376757
mixed,material,0.6325757575757576,3.4666028481674935
mixed,material,0.6363636363636364,3.463137178860983
mixed,material,0.6401515151515151,3.458895339741653
mixed,material,0.6439393939393939,3.459471641801205
mixed,material,0.6477272727272727,3.4678479252431416
mixed,material,0.6515151515151515,3.4666775940674888
mixed,material,0.6553030303030303,3.461756419331086
mixed,material,0.6590909090909091,3.459593093872309
mixed,material,0.6628787878787878,3.4626076835976707
mixed,material,0.6666666666666666,3.456941538731398
mixed,material,0.6704545454545454,3.4606919792650728
mixed,material,0.6742424242424242,3.4761850683056976
mixed,material,0.678030303030303,3.4704860374195037
mixed,material,0.6818181818181818,3.4768111975193894
mixed,material,0.6856060606060606,3.4742807092371017
mixed,material,0.6893939393939394,3.471015241216285
mixed,material,0.6931818181818182,3.477923006961771
mixed,material,0.696969696969697,3.4766607180607405
mixed,material,0.7007575757575758,3.4801513111637408
mixed,material,0.7045454545454546,3.4860152658716053
mixed,material,0.7083333333333334,3.4880682081267183
mixed,material,0.7121212121212122,3.4906766807961596
mixed,material,0.7159090909090909,3.489691649736326
mixed,material,0.7196969696969697,3.4957140779138105
mixed,material,0.7234848484848485,3.5035773561893504
mixed,material,0.7272727272727273,3.5187789471097184
mixed,material,0.7310606060606061,3.5154307529257127
mixed,material,0.7348484848484849,3.5125777486281335
mixed,material,0.7386363636363636,3.513377111841845
mixed,material,0.7424242424242424,3.5105957512835793
mixed,material,0.7462121212121212,3.527091837904262
mixed,material,0.75,3.5239674037248387
mixed,material,0.7537878787878788,3.5213966211241554
mixed,material,0.7575757575757576,3.516968363265336
mixed,material,0.7613636363636364,3.515481666119188
mixed,material,0.7651515151515151,3.5247478434671926
mixed,material,0.7689393939393939,3.5201954969834026
mixed,material,0.7727272727272727,3.519308173046596
mixed,material,0.7765151515151515,3.514411263377975
mixed,material,0.7803030303030303,3.5075880781767395
mixed,material,0.7840909090909091,3.500511959331408
mixed,material,0.7878787878787878,3.4901132300731224
mixed,material,0.7916666666666666,3.4853437738449506
mixed,material,0.7954545454545454,3.4877469163917243
mixed,material,0.7992424242424242,3.4952596422277913
mixed,material,0.803030303030303,3.499157540062702
mixed,material,0.8068181818181818,3.5103730720134307
mixed,material,0.8106060606060606,3.509112518231682
mixed,material,0.8143939393939394,3.515099712229319
mixed,material,0.8181818181818182,3.506034990901204
mixed,material,0.821969696969697,3.4969988889565915
mixed,material,0.8257575757575758,3.507511791459
mixed,material,0.8295454545454546,3.5025798296566073
mixed,material,0.8333333333333334,3.512353855424949
mixed,material,0.8371212121212122,3.511427989032636
mixed,material,0.8409090909090909,3.5098979829007586
mixed,material,0.8446969696969697,3.5106989322003535
mixed,material,0.8484848484848485,3.5076284368860953
mixed,material,0.8522727272727273,3.507911718373254
mixed,material,0.8560606060606061,3.5024194367957553
mixed,material,0.8598484848484849,3.5012654617012244
mixed,material,0.8636363636363636,3.509989895790998
mixed,material,0.8674242424242424,3.502339543861042
mixed,material,0.8712121212121212,3.4997389130005043
mixed,material,0.875,3.501647822455938
mixed,material,0.8787878787878788,3.5025299337951967
mixed,material,0.8825757575757576,3.5016115781662056
mixed,material,0.8863636363636364,3.495388715304775
mixed,material,0.8901515151515151,3.494525018638265
mixed,material,0.8939393939393939,3.5018835992001347
mixed,material,0.8977272727272727,3.4964108538020433
mixed,material,0.9015151515151515,3.5025199522345694
mixed,material,0.9053030303030303,3.500427303167846
mixed,material,0.9090909090909091,3.507256658232048
mixed,material,0.9128787878787878,3.517008889599133
mixed,material,0.9166666666666666,3.5229018416290905
mixed,material,0.9204545454545454,3.524021126576961
mixed,material,0.9242424242424242,3.5200151104930253
mixed,material,0.928030303030303,3.5195471554265523
mixed,material,0.9318181818181818,3.5192699602540003
mixed,material,0.9356060606060606,3.5228388782266937
mixed,material,0.9393939393939394,3.527974987959274
mixed,material,0.9431818181818182,3.5313721772789
mixed,material,0.946969696969697,3.5226254138504607
mixed,material,0.9507575757575758,3.5229279399820306
mixed,material,0.9545454545454546,3.5230203340265844
mixed,material,0.9583333333333334,3.5224073049975195
mixed,material,0.9621212121212122,3.5153280813527084
mixed,material,0.9659090909090909,3.5117476255174633
mixed,material,0.9696969696969697,3.5157881068250103
mixed,material,0.9734848484848485,3.5120897275559115
mixed,material,0.9772727272727273,3.507267215872922
mixed,material,0.9810606060606061,3.5109906055787405
mixed,material,0.9848484848484849,3.5054324656150544
mixed,material,0.9886363636363636,3.508554573473917
mixed,material,0.9924242424242424,3.5077613221861803
mixed,material,0.9962121212121212,3.509901651187011
mixed,material,1.0,3.5141180103659195
mixed,tangent_residual,0.003787878787878788,5.051444859846936
mixed,tangent_residual,0.007575757575757576,4.359637327593817
mixed,tangent_residual,0.011363636363636364,4.2199467879317165
mixed,tangent_residual,0.015151515151515152,4.071538931789088
mixed,tangent_residual,0.01893939393939394,4.101711584665444
mixed,tangent_residual,0.022727272727272728,3.891359780514248
mixed,tangent_residual,0.026515151515151516,3.8635685101147796
mixed,tangent_residual,0.030303030303030304,3.7867323833079887
mixed,tangent_residual,0.03409090909090909,3.8134107683362415
mixed,tangent_residual,0.03787878787878788,3.6236377409949156
mixed,tangent_residual,0.041666666666666664,3.459508820876271
mixed,tangent_residual,0.045454545454545456,3.494833750796676
mixed,tangent_residual,0.04924242424242424,3.4866616075322763
mixed,tangent_residual,0.05303030303030303,3.5843796894859774
mixed,tangent_residual,0.056818181818181816,3.587979089977372
mixed,tangent_residual,0.06060606060606061,3.5680401069381062
mixed,tangent_residual,0.06439393939393939,3.523666894069938
mixed,tangent_residual,0.06818181818181818,3.5104805622637336
mixed,tangent_residual,0.07196969696969698,3.473333152340796
mixed,tangent_residual,0.07575757575757576,3.453582791651776
mixed,tangent_residual,0.07954545454545454,3.4111503394314435
mixed,tangent_residual,0.08333333333333333,3.386469718868389
mixed,tangent_residual,0.08712121212121213,3.3401427193397666
mixed,tangent_residual,0.09090909090909091,3.400221237584144
mixed,tangent_residual,0.0946969696969697,3.388068025956669
mixed,tangent_residual,0.09848484848484848,3.460945635590939
mixed,tangent_residual,0.10227272727272728,3.48180408968728
mixed,tangent_residual,0.10606060606060606,3.4720861502903713
mixed,tangent_residual,0.10984848484848485,3.451075537772559
mixed,tangent_residual,0.11363636363636363,3.4665282290843673
mixed,tangent_residual,0.11742424242424243,3.4524821445914373
mixed,tangent_residual,0.12121212121212122,3.528307771984488
mixed,tangent_residual,0.125,3.5489684112180284
mixed,tangent_residual,0.12878787878787878,3.5676392110069877
mixed,tangent_residual,0.13257575757575757,3.5291313818343184
mixed,tangent_residual,0.13636363636363635,3.5895631403102097
mixed,tangent_residual,0.14015151515151514,3.5787611622846995
mixed,tangent_residual,0.14393939393939395,3.6432812463046873
mixed,tangent_residual,0.14772727272727273,3.668384338442619
mixed,tangent_residual,0.15151515151515152,3.6500508137155574
mixed,tangent_residual,0.1553030303030303,3.6241748942346295
mixed,tangent_residual,0.1590909090909091,3.6118218095617185
mixed,tangent_residual,0.16287878787878787,3.6106619974229432
mixed,tangent_residual,0.16666666666666666,3.585610791700122
mixed,tangent_residual,0.17045454545454544,3.628646706421756
mixed,tangent_residual,0.17424242424242425,3.588163179586683
mixed,tangent_residual,0.17803030303030304,3.5745430998508145
mixed,tangent_residual,0.18181818181818182,3.569440528107279
mixed,tangent_residual,0.1856060606060606,3.5454299282978545
mixed,tangent_residual,0.1893939393939394,3.535061172589845
mixed,tangent_residual,0.19318181818181818,3.510400301239726
mixed,tangent_residual,0.19696969696969696,3.5220114944603433
mixed,tangent_residual,0.20075757575757575,3.4940820372272654
mixed,tangent_residual,0.20454545454545456,3.468560917968771
mixed,tangent_residual,0.20833333333333334,3.456830193111386
mixed,tangent_residual,0.21212121212121213,3.436596928193346
mixed,tangent_residual,0.2159090909090909,3.435020549757081
mixed,tangent_residual,0.2196969696969697,3.453824084042394
mixed,tangent_residual,0.22348484848484848,3.4665277346130945
mixed,tangent_residual,0.22727272727272727,3.4542898937415143
mixed,tangent_residual,0.23106060606060605,3.4372841728770447
mixed,tangent_residual,0.23484848484848486,3.4397690623259902
mixed,tangent_residual,0.23863636363636365,3.4106320100829173
mixed,tangent_residual,0.24242424242424243,3.387813162067006
mixed,tangent_residual,0.24621212121212122,3.385332466459945
mixed,tangent_residual,0.25,3.3678061121597356
mixed,tangent_residual,0.2537878787878788,3.4026480986089798
mixed,tangent_residual,0.25757575757575757,3.4046069594765904
mixed,tangent_residual,0.26136363636363635,3.375384807063608
mixed,tangent_residual,0.26515151515151514,3.381548036875095
mixed,tangent_residual,0.2689393939393939,3.383245633472582
mixed,tangent_residual,0.2727272727272727,3.4038721347079037
mixed,tangent_residual,0.2765151515151515,3.4046007535272103
mixed,tangent_residual,0.2803030303030303,3.4081133347664445
mixed,tangent_residual,0.2840909090909091,3.4088533112931554
mixed,tangent_residual,0.2878787878787879,3.4050557618763566
mixed,tangent_residual,0.2916666666666667,3.3887073559634264
mixed,tangent_residual,0.29545454545454547,3.3694426326760563
mixed,tangent_residual,0.29924242424242425,3.375208736609347
mixed,tangent_residual,0.30303030303030304,3.3597423616559996
mixed,tangent_residual,0.3068181818181818,3.3624946026207017
mixed,tangent_residual,0.3106060606060606,3.3618937477198703
mixed,tangent_residual,0.3143939393939394,3.3762644340470764
mixed,tangent_residual,0.3181818181818182,3.3735001184234363
mixed,tangent_residual,0.32196969696969696,3.368760644697643
mixed,tangent_residual,0.32575757575757575,3.3851834383654684
mixed,tangent_residual,0.32954545454545453,3.3773147641388372
mixed,tangent_residual,0.3333333333333333,3.3869501482629425
mixed,tangent_residual,0.3371212121212121,3.388062728296113
mixed,tangent_residual,0.3409090909090909,3.3985713510244615
mixed,tangent_residual,0.3446969696969697,3.4103865456167184
mixed,tangent_residual,0.3484848484848485,3.4129099366037856
mixed,tangent_residual,0.3522727272727273,3.4165500346088735
mixed,tangent_residual,0.3560606060606061,3.4334625659182607
mixed,tangent_residual,0.35984848484848486,3.424635504840946
mixed,tangent_residual,0.36363636363636365,3.4253706572467713
mixed,tangent_residual,0.36742424242424243,3.4146146162540068
mixed,tangent_residual,0.3712121212121212,3.4221890201914142
mixed,tangent_residual,0.375,3.427804939861702
mixed,tangent_residual,0.3787878787878788,3.418216325207631
mixed,tangent_residual,0.38257575757575757,3.4240724558214546
mixed,tangent_residual,0.38636363636363635,3.419953328893579
mixed,tangent_residual,0.39015151515151514,3.460328412925609
mixed,tangent_residual,0.3939393939393939,3.4695469116532287
mixed,tangent_residual,0.3977272727272727,3.4693681528018203
mixed,tangent_residual,0.4015151515151515,3.4733849512582737
mixed,tangent_residual,0.4053030303030303,3.477210468874239
mixed,tangent_residual,0.4090909090909091,3.4598470966703476
mixed,tangent_residual,0.4128787878787879,3.45383759622945
mixed,tangent_residual,0.4166666666666667,3.4543742466934284
mixed,tangent_residual,0.42045454545454547,3.470775376569734
mixed,tangent_residual,0.42424242424242425,3.475001856884257
mixed,tangent_residual,0.42803030303030304,3.4732984276694
mixed,tangent_residual,0.4318181818181818,3.4792392341047127
mixed,tangent_residual,0.4356060606060606,3.4760547216893083
mixed,tangent_residual,0.4393939393939394,3.495429799778991
mixed,tangent_residual,0.4431818181818182,3.503503492497675
mixed,tangent_residual,0.44696969696969696,3.508908907131476
mixed,tangent_residual,0.45075757575757575,3.4960782028066
mixed,tangent_residual,0.45454545454545453,3.4917048291659545
mixed,tangent_residual,0.4583333333333333,3.487510889682943
mixed,tangent_residual,0.4621212121212121,3.4750161011949543
mixed,tangent_residual,0.4659090909090909,3.482135757930878
mixed,tangent_residual,0.4696969696969697,3.462717983834374
mixed,tangent_residual,0.4734848484848485,3.455517978363495
mixed,tangent_residual,0.4772727272727273,3.454601641822487
mixed,tangent_residual,0.4810606060606061,3.4549899582722223
mixed,tangent_residual,0.48484848484848486,3.4594910970312096
mixed,tangent_residual,0.48863636363636365,3.4588700836458277
mixed,tangent_residual,0.49242424242424243,3.4724195787765786
mixed,tangent_residual,0.4962121212121212,3.4677864715372793
mixed,tangent_residual,0.5,3.476117201895814
mixed,tangent_residual,0.5037878787878788,3.483930983645715
mixed,tangent_residual,0.5075757575757576,3.473344555348706
mixed,tangent_residual,0.5113636363636364,3.4649442912072885
mixed,tangent_residual,0.5151515151515151,3.4680590901557315
mixed,tangent_residual,0.5189393939393939,3.4799713849383807
mixed,tangent_residual,0.5227272727272727,3.488395604661522
mixed,tangent_residual,0.5265151515151515,3.485698812967078
mixed,tangent_residual,0.5303030303030303,3.4855844546728854
mixed,tangent_residual,0.5340909090909091,3.4838209653094157
mixed,tangent_residual,0.5378787878787878,3.4872971496725644
mixed,tangent_residual,0.5416666666666666,3.482378385117997
mixed,tangent_residual,0.5454545454545454,3.485895543530503
mixed,tangent_residual,0.5492424242424242,3.4979220456754976
mixed,tangent_residual,0.553030303030303,3.5108287019685256
mixed,tangent_residual,0.5568181818181818,3.510321224730177
mixed,tangent_residual,0.5606060606060606,3.5108864206103827
mixed,tangent_residual,0.5643939393939394,3.5008462614269242
mixed,tangent_residual,0.5681818181818182,3.520732834336711
mixed,tangent_residual,0.571969696969697,3.528721902453906
mixed,tangent_residual,0.5757575757575758,3.5328237239926996
mixed,tangent_residual,0.5795454545454546,3.5279808416895673
mixed,tangent_residual,0.5833333333333334,3.5364625848796654
mixed,tangent_residual,0.5871212121212122,3.5255425197608887
mixed,tangent_residual,0.5909090909090909,3.5360664812374996
mixed,tangent_residual,0.5946969696969697,3.536754672578249
mixed,tangent_residual,0.5984848484848485,3.545116430153685
mixed,tangent_residual,0.6022727272727273,3.547464926922561
mixed,tangent_residual,0.6060606060606061,3.536333782563944
mixed,tangent_residual,0.6098484848484849,3.5437199667061043
mixed,tangent_residual,0.6136363636363636,3.542857011137427
mixed,tangent_residual,0.6174242424242424,3.5438315753962417
mixed,tangent_residual,0.6212121212121212,3.5422620434911383
mixed,tangent_residual,0.625,3.535858199533115
mixed,tangent_residual,0.6287878787878788,3.531627141107789
mixed,tangent_residual,0.6325757575757576,3.523050409522677
mixed,tangent_residual,0.6363636363636364,3.540635205275261
mixed,tangent_residual,0.6401515151515151,3.5362956769994565
mixed,tangent_residual,0.6439393939393939,3.5444956958670653
mixed,tangent_residual,0.6477272727272727,3.556990223097536
mixed,tangent_residual,0.6515151515151515,3.551605498877621
mixed,tangent_residual,0.6553030303030303,3.540672935927762
mixed,tangent_residual,0.6590909090909091,3.528043285401282
mixed,tangent_residual,0.6628787878787878,3.5331181865579944
mixed,tangent_residual,0.6666666666666666,3.5398235948709336
mixed,tangent_residual,0.6704545454545454,3.552686527634251
mixed,tangent_residual,0.6742424242424242,3.553220051356219
mixed,tangent_residual,0.678030303030303,3.5528467550759726
mixed,tangent_residual,0.6818181818181818,3.546965919111187
mixed,tangent_residual,0.6856060606060606,3.5395378860906814
mixed,tangent_residual,0.6893939393939394,3.5318630862708082
mixed,tangent_residual,0.6931818181818182,3.534364133775226
mixed,tangent_residual,0.696969696969697,3.527788976894995
mixed,tangent_residual,0.7007575757575758,3.5280406056128846
mixed,tangent_residual,0.7045454545454546,3.530127854158334
mixed,tangent_residual,0.7083333333333334,3.5257141870322646
mixed,tangent_residual,0.7121212121212122,3.52147179104127
mixed,tangent_residual,0.7159090909090909,3.5180189576478575
mixed,tangent_residual,0.7196969696969697,3.5124032687659636
mixed,tangent_residual,0.7234848484848485,3.506668715029946
mixed,tangent_residual,0.7272727272727273,3.50581049832585
mixed,tangent_residual,0.7310606060606061,3.5026652773638496
mixed,tangent_residual,0.7348484848484849,3.5025465456908353
mixed,tangent_residual,0.7386363636363636,3.498044872744348
mixed,tangent_residual,0.7424242424242424,3.493184334136945
mixed,tangent_residual,0.7462121212121212,3.4960818127704076
mixed,tangent_residual,0.75,3.4934484201143934
mixed,tangent_residual,0.7537878787878788,3.491510822140931
mixed,tangent_residual,0.7575757575757576,3.483708646145194
mixed,tangent_residual,0.7613636363636364,3.47260257328742
mixed,tangent_residual,0.7651515151515151,3.474607286820089
mixed,tangent_residual,0.7689393939393939,3.469133547677972
mixed,tangent_residual,0.7727272727272727,3.475772898620131
mixed,tangent_residual,0.7765151515151515,3.4806077196369
mixed,tangent_residual,0.7803030303030303,3.492586504395581
mixed,tangent_residual,0.7840909090909091,3.48797870936674
mixed,tangent_residual,0.7878787878787878,3.4808416524140102
mixed,tangent_residual,0.7916666666666666,3.488044038741197
mixed,tangent_residual,0.7954545454545454,3.493428201121971
mixed,tangent_residual,0.7992424242424242,3.486451875428981
mixed,tangent_residual,0.803030303030303,3.4953417269427196
mixed,tangent_residual,0.8068181818181818,3.4968404268502287
mixed,tangent_residual,0.8106060606060606,3.513529277662215
mixed,tangent_residual,0.8143939393939394,3.5103975670050054
mixed,tangent_residual,0.8181818181818182,3.5042137306197403
mixed,tangent_residual,0.821969696969697,3.509706029804749
mixed,tangent_residual,0.8257575757575758,3.5033789190814164
mixed,tangent_residual,0.8295454545454546,3.5105317011371233
mixed,tangent_residual,0.8333333333333334,3.5078105845972005
mixed,tangent_residual,0.8371212121212122,3.51229780023095
mixed,tangent_residual,0.8409090909090909,3.5027250650465995
mixed,tangent_residual,0.8446969696969697,3.5060708957365967
mixed,tangent_residual,0.8484848484848485,3.5113918367569745
mixed,tangent_residual,0.8522727272727273,3.513387765220523
mixed,tangent_residual,0.8560606060606061,3.511736021721568
mixed,tangent_residual,0.8598484848484849,3.5048200391331257
mixed,tangent_residual,0.8636363636363636,3.505780443744552
mixed,tangent_residual,0.8674242424242424,3.502419895381179
mixed,tangent_residual,0.8712121212121212,3.5073245689857813
mixed,tangent_residual,0.875,3.502352888904405
mixed,tangent_residual,0.8787878787878788,3.497245549429937
mixed,tangent_residual,0.8825757575757576,3.5054394700013023
mixed,tangent_residual,0.8863636363636364,3.50385808653653
mixed,tangent_residual,0.8901515151515151,3.5017868085553325
mixed,tangent_residual,0.8939393939393939,3.50138001127509
mixed,tangent_residual,0.8977272727272727,3.5062580710399485
mixed,tangent_residual,0.9015151515151515,3.505380716746812
mixed,tangent_residual,0.9053030303030303,3.502962048014463
mixed,tangent_residual,0.9090909090909091,3.496178145653383
mixed,tangent_residual,0.9128787878787878,3.4967534874158077
mixed,tangent_residual,0.9166666666666666,3.4911907804828513
mixed,tangent_residual,0.9204545454545454,3.4927149299608957
mixed,tangent_residual,0.9242424242424242,3.4874428632863865
mixed,tangent_residual,0.928030303030303,3.489333865992414
mixed,tangent_residual,0.9318181818181818,3.4846103951837564
mixed,tangent_residual,0.9356060606060606,3.4776522273444166
mixed,tangent_residual,0.9393939393939394,3.4768124185385614
mixed,tangent_residual,0.9431818181818182,3.4732065134230914
mixed,tangent_residual,0.946969696969697,3.4734324067133797
mixed,tangent_residual,0.9507575757575758,3.4686434322805386
mixed,tangent_residual,0.9545454545454546,3.4661200669399492
mixed,tangent_residual,0.9583333333333334,3.4705293551210024
mixed,tangent_residual,0.9621212121212122,3.468721548879342
mixed,tangent_residual,0.9659090909090909,3.4633065835332726
mixed,tangent_residual,0.9696969696969697,3.4681278842811594
mixed,tangent_residual,0.9734848484848485,3.4677119328451886
mixed,tangent_residual,0.9772727272727273,3.460459048130635
mixed,tangent_residual,0.9810606060606061,3.4565946988380793
mixed,tangent_residual,0.9848484848484849,3.456035529946161
mixed,tangent_residual,0.9886363636363636,3.453481357377738
mixed,tangent_residual,0.9924242424242424,3.4555013665900307
mixed,tangent_residual,0.9962121212121212,3.450085520248176
mixed,tangent_residual,1.0,3.450973835598575
mixed,material_residual,0.003787878787878788,4.141606089808877
mixed,material_residual,0.007575757575757576,3.567672461482329
mixed,material_residual,0.011363636363636364,3.406278952026316
mixed,material_residual,0.015151515151515152,3.436589783468138
mixed,material_residual,0.01893939393939394,3.345485873668501
mixed,material_residual,0.022727272727272728,3.275519905827395
mixed,material_residual,0.026515151515151516,3.3059238975713883
mixed,material_residual,0.030303030303030304,3.313225600514798
mixed,material_residual,0.03409090909090909,3.2421850935249874
mixed,material_residual,0.03787878787878788,3.143144172460173
mixed,material_residual,0.041666666666666664,3.142730446705863
mixed,material_residual,0.045454545454545456,3.2345573025755314
mixed,material_residual,0.04924242424242424,3.0964275013452274
mixed,material_residual,0.05303030303030303,3.1939434960558164
mixed,material_residual,0.056818181818181816,3.2808080330966902
mixed,material_residual,0.06060606060606061,3.322955390615759
mixed,material_residual,0.06439393939393939,3.297401739159931
mixed,material_residual,0.06818181818181818,3.34909544618928
mixed,material_residual,0.07196969696969698,3.36744377272418
mixed,material_residual,0.07575757575757576,3.3621742528769745
mixed,material_residual,0.07954545454545454,3.3291283299174874
mixed,material_residual,0.08333333333333333,3.2519603157241295
mixed,material_residual,0.08712121212121213,3.2317808876789313
mixed,material_residual,0.09090909090909091,3.228102949981898
mixed,material_residual,0.0946969696969697,3.2043571029900213
mixed,material_residual,0.09848484848484848,3.1881308249150924
mixed,material_residual,0.10227272727272728,3.189816045234473
mixed,material_residual,0.10606060606060606,3.2651811955920995
mixed,material_residual,0.10984848484848485,3.288953197977348
mixed,material_residual,0.11363636363636363,3.3212483932309023
mixed,material_residual,0.11742424242424243,3.2979538150732526
mixed,material_residual,0.12121212121212122,3.3348251083091527
mixed,material_residual,0.125,3.3486939891642304
mixed,material_residual,0.12878787878787878,3.427091409597624
mixed,material_residual,0.13257575757575757,3.398982440878472
mixed,material_residual,0.13636363636363635,3.4109778588358055
mixed,material_residual,0.14015151515151514,3.424522233530355
mixed,material_residual,0.14393939393939395,3.41822335471187
mixed,material_residual,0.14772727272727273,3.3810318695974484
mixed,material_residual,0.15151515151515152,3.3417709213823996
mixed,material_residual,0.1553030303030303,3.310528444212128
mixed,material_residual,0.1590909090909091,3.3393413387039934
mixed,material_residual,0.16287878787878787,3.3111253500946707
mixed,material_residual,0.16666666666666666,3.317326379413427
mixed,material_residual,0.17045454545454544,3.3066706802077985
mixed,material_residual,0.17424242424242425,3.2911315571587867
mixed,material_residual,0.17803030303030304,3.3040571441630635
mixed,material_residual,0.18181818181818182,3.3240668683786474
mixed,material_residual,0.1856060606060606,3.3101465087703854
mixed,material_residual,0.1893939393939394,3.288700724161499
mixed,material_residual,0.19318181818181818,3.3172630702903323
mixed,material_residual,0.19696969696969696,3.3228500405430794
mixed,material_residual,0.20075757575757575,3.3070024775223814
mixed,material_residual,0.20454545454545456,3.3136861997268805
mixed,material_residual,0.20833333333333334,3.2904376490087093
mixed,material_residual,0.21212121212121213,3.2773183173357245
mixed,material_residual,0.2159090909090909,3.2693801511698903
mixed,material_residual,0.2196969696969697,3.2775228075843015
mixed,material_residual,0.22348484848484848,3.285117008857268
mixed,material_residual,0.22727272727272727,3.264486890414949
mixed,material_residual,0.23106060606060605,3.266631526218312
mixed,material_residual,0.23484848484848486,3.2736991809682277
mixed,material_residual,0.23863636363636365,3.2547619272426775
mixed,material_residual,0.24242424242424243,3.22978197452083
mixed,material_residual,0.24621212121212122,3.2288659185013286
mixed,material_residual,0.25,3.232743206759506
mixed,material_residual,0.2537878787878788,3.239753588852634
mixed,material_residual,0.25757575757575757,3.260948136623997
mixed,material_residual,0.26136363636363635,3.2705929728061687
mixed,material_residual,0.26515151515151514,3.2761123517853807
mixed,material_residual,0.2689393939393939,3.272362145072766
mixed,material_residual,0.2727272727272727,3.316329034312291
mixed,material_residual,0.2765151515151515,3.3239037761113432
mixed,material_residual,0.2803030303030303,3.3317674523291143
mixed,material_residual,0.2840909090909091,3.358477117913963
mixed,material_residual,0.2878787878787879,3.3877325198141115
mixed,material_residual,0.2916666666666667,3.3804913206512435
mixed,material_residual,0.29545454545454547,3.3649027946830015
mixed,material_residual,0.29924242424242425,3.381313620288419
mixed,material_residual,0.30303030303030304,3.377554534236278
mixed,material_residual,0.3068181818181818,3.366992527118319
mixed,material_residual,0.3106060606060606,3.3754956105322584
mixed,material_residual,0.3143939393939394,3.3687696725102945
mixed,material_residual,0.3181818181818182,3.364995577575705
mixed,material_residual,0.32196969696969696,3.3822490511000205
mixed,material_residual,0.32575757575757575,3.376467627952446
mixed,material_residual,0.32954545454545453,3.3595223493546893
mixed,material_residual,0.3333333333333333,3.36067517469424
mixed,material_residual,0.3371212121212121,3.3679628991719466
mixed,material_residual,0.3409090909090909,3.3929482534655637
mixed,material_residual,0.3446969696969697,3.4101019043901153
mixed,material_residual,0.3484848484848485,3.4032449890474847
mixed,material_residual,0.3522727272727273,3.3987063344635295
mixed,material_residual,0.3560606060606061,3.404993272350987
mixed,material_residual,0.35984848484848486,3.4083171036439914
mixed,material_residual,0.36363636363636365,3.4212550285552994
mixed,material_residual,0.36742424242424243,3.4108399254079855
mixed,material_residual,0.3712121212121212,3.4269223310149726
mixed,material_residual,0.375,3.417166973058699
mixed,material_residual,0.3787878787878788,3.409070075862051
mixed,material_residual,0.38257575757575757,3.419428695629156
mixed,material_residual,0.38636363636363635,3.4063936401675163
mixed,material_residual,0.39015151515151514,3.4013371541203767
mixed,material_residual,0.3939393939393939,3.405169497641948
mixed,material_residual,0.3977272727272727,3.4000983581016713
mixed,material_residual,0.4015151515151515,3.3903872387254665
mixed,material_residual,0.4053030303030303,3.3840240831156305
mixed,material_residual,0.4090909090909091,3.4058309908047484
mixed,material_residual,0.4128787878787879,3.404896493905077
mixed,material_residual,0.4166666666666667,3.3991162705044515
mixed,material_residual,0.42045454545454547,3.394830454586082
mixed,material_residual,0.42424242424242425,3.390455540219687
mixed,material_residual,0.42803030303030304,3.392588336210137
mixed,material_residual,0.4318181818181818,3.4010895002320622
mixed,material_residual,0.4356060606060606,3.3903867495633655
mixed,material_residual,0.4393939393939394,3.378231207520077
mixed,material_residual,0.4431818181818182,3.3829062068257083
mixed,material_residual,0.44696969696969696,3.383035323673336
mixed,material_residual,0.45075757575757575,3.4043351277903877
mixed,material_residual,0.45454545454545453,3.4080012019819983
mixed,material_residual,0.4583333333333333,3.4106440889845757
mixed,material_residual,0.4621212121212121,3.4115485676206743
mixed,material_residual,0.4659090909090909,3.4066757336021056
mixed,material_residual,0.4696969696969697,3.4213181404779456
mixed,material_residual,0.4734848484848485,3.406356712735658
mixed,material_residual,0.4772727272727273,3.396734397584448
mixed,material_residual,0.4810606060606061,3.408834039616112
mixed,material_residual,0.48484848484848486,3.417547236974535
mixed,material_residual,0.48863636363636365,3.4240814038214515
mixed,material_residual,0.49242424242424243,3.421362137222983
mixed,material_residual,0.4962121212121212,3.4120609641117903
mixed,material_residual,0.5,3.425180035339436
mixed,material_residual,0.5037878787878788,3.4285469293300572
mixed,material_residual,0.5075757575757576,3.438705791540468
mixed,material_residual,0.5113636363636364,3.4451475432416707
mixed,material_residual,0.5151515151515151,3.450879719506546
mixed,material_residual,0.5189393939393939,3.441650305833266
mixed,material_residual,0.5227272727272727,3.4438903136270618
mixed,material_residual,0.5265151515151515,3.4370536491497816
mixed,material_residual,0.5303030303030303,3.440540072650927
mixed,material_residual,0.5340909090909091,3.4349165046648467
mixed,material_residual,0.5378787878787878,3.4432323628426125
mixed,material_residual,0.5416666666666666,3.443793482643386
mixed,material_residual,0.5454545454545454,3.4473690433216184
mixed,material_residual,0.5492424242424242,3.44538395976793
mixed,material_residual,0.553030303030303,3.453942808451119
mixed,material_residual,0.5568181818181818,3.4626464839950786
mixed,material_residual,0.5606060606060606,3.457077415578326
mixed,material_residual,0.5643939393939394,3.4601004688617483
mixed,material_residual,0.5681818181818182,3.4645075827560188
mixed,material_residual,0.571969696969697,3.4774356439319507
mixed,material_residual,0.5757575757575758,3.4821373118146504
mixed,material_residual,0.5795454545454546,3.4723531194953545
mixed,material_residual,0.5833333333333334,3.4878492706018562
mixed,material_residual,0.5871212121212122,3.490782266074983
mixed,material_residual,0.5909090909090909,3.4951830845201557
mixed,material_residual,0.5946969696969697,3.500027082338048
mixed,material_residual,0.5984848484848485,3.4900430813331247
mixed,material_residual,0.6022727272727273,3.4860245172261544
mixed,material_residual,0.6060606060606061,3.4851424167474447
mixed,material_residual,0.6098484848484849,3.4894957068730315
mixed,material_residual,0.6136363636363636,3.483499434023303
mixed,material_residual,0.6174242424242424,3.485831999495875
mixed,material_residual,0.6212121212121212,3.5009873462119985
mixed,material_residual,0.625,3.504684423655634
mixed,material_residual,0.6287878787878788,3.491632509175643
mixed,material_residual,0.6325757575757576,3.4873132867231633
mixed,material_residual,0.6363636363636364,3.4807964220431713
mixed,material_residual,0.6401515151515151,3.4804954675202318
mixed,material_residual,0.6439393939393939,3.480594500951335
mixed,material_residual,0.6477272727272727,3.487429127405694
mixed,material_residual,0.6515151515151515,3.4889240474113605
mixed,material_residual,0.6553030303030303,3.486626584354425
mixed,material_residual,0.6590909090909091,3.4907687393852864
mixed,material_residual,0.6628787878787878,3.4909556186914656
mixed,material_residual,0.6666666666666666,3.4966684727782944
mixed,material_residual,0.6704545454545454,3.4952182448951916
mixed,material_residual,0.6742424242424242,3.489324871187691
mixed,material_residual,0.678030303030303,3.478882713447039
mixed,material_residual,0.6818181818181818,3.4745188107571834
mixed,material_residual,0.6856060606060606,3.474236158996504
mixed,material_residual,0.6893939393939394,3.485576937044524
mixed,material_residual,0.6931818181818182,3.4767830115622704
mixed,material_residual,0.696969696969697,3.4810708679516025
mixed,material_residual,0.7007575757575758,3.478316940925296
mixed,material_residual,0.7045454545454546,3.4829467416203364
mixed,material_residual,0.7083333333333334,3.4825449398412336
mixed,material_residual,0.7121212121212122,3.4721383093522618
mixed,material_residual,0.7159090909090909,3.4795712958567955
mixed,material_residual,0.7196969696969697,3.495838006802851
mixed,material_residual,0.7234848484848485,3.4869728929554356
mixed,material_residual,0.7272727272727273,3.484938458272488
mixed,material_residual,0.7310606060606061,3.4770974687047684
mixed,material_residual,0.7348484848484849,3.4701951537964266
mixed,material_residual,0.7386363636363636,3.4642100389148673
mixed,material_residual,0.7424242424242424,3.4714776806603562
mixed,material_residual,0.7462121212121212,3.4763235730722073
mixed,material_residual,0.75,3.4713694747390806
mixed,material_residual,0.7537878787878788,3.4722639178038754
mixed,material_residual,0.7575757575757576,3.4663435803312255
mixed,material_residual,0.7613636363636364,3.475662792386636
mixed,material_residual,0.7651515151515151,3.477693498183658
mixed,material_residual,0.7689393939393939,3.472803679790941
mixed,material_residual,0.7727272727272727,3.477727477543301
mixed,material_residual,0.7765151515151515,3.4799519402935117
mixed,material_residual,0.7803030303030303,3.4771152877241587
mixed,material_residual,0.7840909090909091,3.485798295775084
mixed,material_residual,0.7878787878787878,3.484493192562239
mixed,material_residual,0.7916666666666666,3.4822442540632506
mixed,material_residual,0.7954545454545454,3.485460453314646
mixed,material_residual,0.7992424242424242,3.4807129143390902
mixed,material_residual,0.803030303030303,3.478748679659398
mixed,material_residual,0.8068181818181818,3.4803378385821717
mixed,material_residual,0.8106060606060606,3.4775595829917543
mixed,material_residual,0.8143939393939394,3.4791656929753505
mixed,material_residual,0.8181818181818182,3.4879701191905297
mixed,material_residual,0.821969696969697,3.5032909920837993
mixed,material_residual,0.8257575757575758,3.4992984479266873
mixed,material_residual,0.8295454545454546,3.4919619404629856
mixed,material_residual,0.8333333333333334,3.491741498104203
mixed,material_residual,0.8371212121212122,3.4900898368919333
mixed,material_residual,0.8409090909090909,3.4854912127202797
mixed,material_residual,0.8446969696969697,3.48712497940384
mixed,material_residual,0.8484848484848485,3.4854005049028767
mixed,material_residual,0.8522727272727273,3.490303626786955
mixed,material_residual,0.8560606060606061,3.4954736929150614
mixed,material_residual,0.8598484848484849,3.4967345083207864
mixed,material_residual,0.8636363636363636,3.4889043458186495
mixed,material_residual,0.8674242424242424,3.4865567331028124
mixed,material_residual,0.8712121212121212,3.4824179643668045
mixed,material_residual,0.875,3.483357164358028
mixed,material_residual,0.8787878787878788,3.4810149019353207
mixed,material_residual,0.8825757575757576,3.4738065758749026
mixed,material_residual,0.8863636363636364,3.4726994058447254
mixed,material_residual,0.8901515151515151,3.472731575678099
mixed,material_residual,0.8939393939393939,3.46510836107791
mixed,material_residual,0.8977272727272727,3.4679294265110836
mixed,material_residual,0.9015151515151515,3.4642660155272282
mixed,material_residual,0.9053030303030303,3.4608315241384293
mixed,material_residual,0.9090909090909091,3.456748894606149
mixed,material_residual,0.9128787878787878,3.454807392770759
mixed,material_residual,0.9166666666666666,3.4541379407079478
mixed,material_residual,0.9204545454545454,3.4522707480211365
mixed,material_residual,0.9242424242424242,3.44858579495691
mixed,material_residual,0.928030303030303,3.4386845430275486
mixed,material_residual,0.9318181818181818,3.442676329238731
mixed,material_residual,0.9356060606060606,3.452065189955849
mixed,material_residual,0.9393939393939394,3.463435039189078
mixed,material_residual,0.9431818181818182,3.461003286760651
mixed,material_residual,0.946969696969697,3.4569485232132418
mixed,material_residual,0.9507575757575758,3.4538661058194653
mixed,material_residual,0.9545454545454546,3.4602451847813884
mixed,material_residual,0.9583333333333334,3.459231336226146
mixed,material_residual,0.9621212121212122,3.4538638980540948
mixed,material_residual,0.9659090909090909,3.4553380748959945
mixed,material_residual,0.9696969696969697,3.450593690517305
mixed,material_residual,0.9734848484848485,3.4492294747499894
mixed,material_residual,0.9772727272727273,3.4474803285304367
mixed,material_residual,0.9810606060606061,3.4498066937804293
mixed,material_residual,0.9848484848484849,3.4500785921374466
mixed,material_residual,0.9886363636363636,3.4467477504321913
mixed,material_residual,0.9924242424242424,3.447644419371826
mixed,material_residual,0.9962121212121212,3.452388354714774
mixed,material_residual,1.0,3.4529078523195316
from_SLR,direct,0.007575757575757576,5.756923572070409
from_SLR,direct,0.015151515151515152,5.555043339944926
from_SLR,direct,0.022727272727272728,5.926040042380532
from_SLR,direct,0.030303030303030304,5.934201818379747
from_SLR,direct,0.03787878787878788,5.653771189317425
from_SLR,direct,0.045454545454545456,5.190985125747581
from_SLR,direct,0.05303030303030303,5.016122729807425
from_SLR,direct,0.06060606060606061,5.177689436084844
from_SLR,direct,0.06818181818181818,5.399523029432153
from_SLR,direct,0.07575757575757576,5.581500310017557
from_SLR,direct,0.08333333333333333,5.48122086865859
from_SLR,direct,0.09090909090909091,5.351167001208647
from_SLR,direct,0.09848484848484848,5.41962325735344
from_SLR,direct,0.10606060606060606,5.307025086620294
from_SLR,direct,0.11363636363636363,5.434719078573919
from_SLR,direct,0.12121212121212122,5.506336981655452
from_SLR,direct,0.12878787878787878,5.617617656143202
from_SLR,direct,0.13636363636363635,5.718230391422021
from_SLR,direct,0.14393939393939395,5.595020281487283
from_SLR,direct,0.15151515151515152,5.5572885268942
from_SLR,direct,0.1590909090909091,5.506086957897321
from_SLR,direct,0.16666666666666666,5.444934255630244
from_SLR,direct,0.17424242424242425,5.48939253098667
from_SLR,direct,0.18181818181818182,5.401712341938826
from_SLR,direct,0.1893939393939394,5.3402869082774584
from_SLR,direct,0.19696969696969696,5.341997927638698
from_SLR,direct,0.20454545454545456,5.246613664441555
from_SLR,direct,0.21212121212121213,5.219767900636666
from_SLR,direct,0.2196969696969697,5.2550943108198895
from_SLR,direct,0.22727272727272727,5.2559476707824055
from_SLR,direct,0.23484848484848486,5.308823959860254
from_SLR,direct,0.24242424242424243,5.300693490818097
from_SLR,direct,0.25,5.245899462808836
from_SLR,direct,0.25757575757575757,5.252826840945345
from_SLR,direct,0.26515151515151514,5.266906685631239
from_SLR,direct,0.2727272727272727,5.301096654249228
from_SLR,direct,0.2803030303030303,5.287366664281792
from_SLR,direct,0.2878787878787879,5.290116337155619
from_SLR,direct,0.29545454545454547,5.386547600528199
from_SLR,direct,0.30303030303030304,5.354924702977907
from_SLR,direct,0.3106060606060606,5.415079667217241
from_SLR,direct,0.3181818181818182,5.382043722337099
from_SLR,direct,0.32575757575757575,5.4215844667771576
from_SLR,direct,0.3333333333333333,5.4744845993247475
from_SLR,direct,0.3409090909090909,5.498447219612129
from_SLR,direct,0.3484848484848485,5.520351564578195
from_SLR,direct,0.3560606060606061,5.560113394387926
from_SLR,direct,0.36363636363636365,5.584657852257108
from_SLR,direct,0.3712121212121212,5.545231607284387
from_SLR,direct,0.3787878787878788,5.568463264258848
from_SLR,direct,0.38636363636363635,5.513376149818896
from_SLR,direct,0.3939393939393939,5.532282585972108
from_SLR,direct,0.4015151515151515,5.480328624862232
from_SLR,direct,0.4090909090909091,5.457037701209164
from_SLR,direct,0.4166666666666667,5.438554081698332
from_SLR,direct,0.42424242424242425,5.45507230838281
from_SLR,direct,0.4318181818181818,5.469014242189716
from_SLR,direct,0.4393939393939394,5.445963809761743
from_SLR,direct,0.44696969696969696,5.449955905220169
from_SLR,direct,0.45454545454545453,5.475302582969969
from_SLR,direct,0.4621212121212121,5.538881912214602
from_SLR,direct,0.4696969696969697,5.539839351003645
from_SLR,direct,0.4772727272727273,5.555674897332199
from_SLR,direct,0.48484848484848486,5.546769251773612
from_SLR,direct,0.49242424242424243,5.55237757433913
from_SLR,direct,0.5,5.516300020814825
from_SLR,direct,0.5075757575757576,5.51194581123456
from_SLR,direct,0.5151515151515151,5.492254812539952
from_SLR,direct,0.5227272727272727,5.462504226783262
from_SLR,direct,0.5303030303030303,5.467150702337645
from_SLR,direct,0.5378787878787878,5.429204389462885
from_SLR,direct,0.5454545454545454,5.443304955764212
from_SLR,direct,0.553030303030303,5.455322924159649
from_SLR,direct,0.5606060606060606,5.460436788567702
from_SLR,direct,0.5681818181818182,5.4464766656226224
from_SLR,direct,0.5757575757575758,5.469638523884169
from_SLR,direct,0.5833333333333334,5.481442758165808
from_SLR,direct,0.5909090909090909,5.41948467510369
from_SLR,direct,0.5984848484848485,5.423089959076422
from_SLR,direct,0.6060606060606061,5.4189255399078595
from_SLR,direct,0.6136363636363636,5.390520241283519
from_SLR,direct,0.6212121212121212,5.384509403117964
from_SLR,direct,0.6287878787878788,5.381061175571417
from_SLR,direct,0.6363636363636364,5.344781232171093
from_SLR,direct,0.6439393939393939,5.364762757557446
from_SLR,direct,0.6515151515151515,5.3480367590271
from_SLR,direct,0.6590909090909091,5.3163172659302065
from_SLR,direct,0.6666666666666666,5.316614075736495
from_SLR,direct,0.6742424242424242,5.271259557792203
from_SLR,direct,0.6818181818181818,5.287593504980847
from_SLR,direct,0.6893939393939394,5.276230106643598
from_SLR,direct,0.696969696969697,5.2594934816056265
from_SLR,direct,0.7045454545454546,5.262168191249717
from_SLR,direct,0.7121212121212122,5.262268263510713
from_SLR,direct,0.7196969696969697,5.2497146136082105
from_SLR,direct,0.7272727272727273,5.235752103467296
from_SLR,direct,0.7348484848484849,5.207268450569857
from_SLR,direct,0.7424242424242424,5.21213673155217
from_SLR,direct,0.75,5.192590419783258
from_SLR,direct,0.7575757575757576,5.198551367290505
from_SLR,direct,0.7651515151515151,5.184460169178197
from_SLR,direct,0.7727272727272727,5.154866775444558
from_SLR,direct,0.7803030303030303,5.144263889168328
from_SLR,direct,0.7878787878787878,5.144992518476214
from_SLR,direct,0.7954545454545454,5.117460123518093
from_SLR,direct,0.803030303030303,5.108754146870958
from_SLR,direct,0.8106060606060606,5.08961655961616
from_SLR,direct,0.8181818181818182,5.077869548964782
from_SLR,direct,0.8257575757575758,5.0660791549978486
from_SLR,direct,0.8333333333333334,5.045419474096549
from_SLR,direct,0.8409090909090909,5.031019498616252
from_SLR,direct,0.8484848484848485,5.049231821573677
from_SLR,direct,0.8560606060606061,5.028976863215864
from_SLR,direct,0.8636363636363636,5.007059176264534
from_SLR,direct,0.8712121212121212,5.00289479766647
from_SLR,direct,0.8787878787878788,5.0030718301181025
from_SLR,direct,0.8863636363636364,4.991135946091658
from_SLR,direct,0.8939393939393939,4.979251403908068
from_SLR,direct,0.9015151515151515,4.967897853973814
from_SLR,direct,0.9090909090909091,4.954354871637429
from_SLR,direct,0.9166666666666666,4.955054426266238
from_SLR,direct,0.9242424242424242,4.973440165282422
from_SLR,direct,0.9318181818181818,4.954345017911343
from_SLR,direct,0.9393939393939394,4.965173990962307
from_SLR,direct,0.946969696969697,4.971635650052996
from_SLR,direct,0.9545454545454546,4.971459821212567
from_SLR,direct,0.9621212121212122,4.981018151079965
from_SLR,direct,0.9696969696969697,4.983695126334445
from_SLR,direct,0.9772727272727273,4.985202435911503
from_SLR,direct,0.9848484848484849,4.994826313710579
from_SLR,direct,0.9924242424242424,5.004915019048234
from_SLR,direct,1.0,5.01934516959258
from_SLR,tangent,0.007575757575757576,5.28942240542882
from_SLR,tangent,0.015151515151515152,5.350094050853759
from_SLR,tangent,0.022727272727272728,5.3551733365042535
from_SLR,tangent,0.030303030303030304,5.086111830829487
from_SLR,tangent,0.03787878787878788,4.984813620624403
from_SLR,tangent,0.045454545454545456,5.271904603831003
from_SLR,tangent,0.05303030303030303,5.209633183070241
from_SLR,tangent,0.06060606060606061,5.322985584785383
from_SLR,tangent,0.06818181818181818,5.192554808519925
from_SLR,tangent,0.07575757575757576,5.373927420635538
from_SLR,tangent,0.08333333333333333,5.481015209744243
from_SLR,tangent,0.09090909090909091,5.702521305294785
from_SLR,tangent,0.09848484848484848,5.56047319050888
from_SLR,tangent,0.10606060606060606,5.5619266441283886
from_SLR,tangent,0.11363636363636363,5.37242283533229
from_SLR,tangent,0.12121212121212122,5.273142005162974
from_SLR,tangent,0.12878787878787878,5.131948935767209
from_SLR,tangent,0.13636363636363635,5.063220754695121
from_SLR,tangent,0.14393939393939395,5.106794976106077
from_SLR,tangent,0.15151515151515152,5.088996695949653
from_SLR,tangent,0.1590909090909091,5.188675464419168
from_SLR,tangent,0.16666666666666666,5.161447195156961
from_SLR,tangent,0.17424242424242425,5.126795827443157
from_SLR,tangent,0.18181818181818182,5.091758907584615
from_SLR,tangent,0.1893939393939394,5.179525027110016
from_SLR,tangent,0.19696969696969696,5.237347572108758
from_SLR,tangent,0.20454545454545456,5.226928588776929
from_SLR,tangent,0.21212121212121213,5.275790854478854
from_SLR,tangent,0.2196969696969697,5.280568555246739
from_SLR,tangent,0.22727272727272727,5.26867306250674
from_SLR,tangent,0.23484848484848486,5.274255470951748
from_SLR,tangent,0.24242424242424243,5.228032294835476
from_SLR,tangent,0.25,5.223965159195891
from_SLR,tangent,0.25757575757575757,5.155770166118267
from_SLR,tangent,0.26515151515151514,5.181344084955989
from_SLR,tangent,0.2727272727272727,5.214898577854152
from_SLR,tangent,0.2803030303030303,5.297599822730387
from_SLR,tangent,0.2878787878787879,5.323886455323802
from_SLR,tangent,0.29545454545454547,5.329953396600972
from_SLR,tangent,0.30303030303030304,5.331237638098854
from_SLR,tangent,0.3106060606060606,5.332862457541951
from_SLR,tangent,0.3181818181818182,5.3185382698725325
from_SLR,tangent,0.32575757575757575,5.338732600812453
from_SLR,tangent,0.3333333333333333,5.299425504050634
from_SLR,tangent,0.3409090909090909,5.335476149700933
from_SLR,tangent,0.3484848484848485,5.320362742618591
from_SLR,tangent,0.3560606060606061,5.357641319682242
from_SLR,tangent,0.36363636363636365,5.3471775829632735
from_SLR,tangent,0.3712121212121212,5.326342587134426
from_SLR,tangent,0.3787878787878788,5.312239401407798
from_SLR,tangent,0.38636363636363635,5.321255746788936
from_SLR,tangent,0.3939393939393939,5.346482508950086
from_SLR,tangent,0.4015151515151515,5.398620302556264
from_SLR,tangent,0.4090909090909091,5.424763816539696
from_SLR,tangent,0.4166666666666667,5.429099499040862
from_SLR,tangent,0.42424242424242425,5.4192539069359995
from_SLR,tangent,0.4318181818181818,5.40625747710027
from_SLR,tangent,0.4393939393939394,5.416441642839524
from_SLR,tangent,0.44696969696969696,5.403800141709543
from_SLR,tangent,0.45454545454545453,5.446007590947377
from_SLR,tangent,0.4621212121212121,5.4411110498615285
from_SLR,tangent,0.4696969696969697,5.4416356984895655
from_SLR,tangent,0.4772727272727273,5.383886220935391
from_SLR,tangent,0.48484848484848486,5.387999789366941
from_SLR,tangent,0.49242424242424243,5.382979654278974
from_SLR,tangent,0.5,5.425817707581726
from_SLR,tangent,0.5075757575757576,5.426386524837633
from_SLR,tangent,0.5151515151515151,5.412841628484152
from_SLR,tangent,0.5227272727272727,5.394099077395842
from_SLR,tangent,0.5303030303030303,5.419814449363794
from_SLR,tangent,0.5378787878787878,5.423342613002941
from_SLR,tangent,0.5454545454545454,5.3784469915305015
from_SLR,tangent,0.553030303030303,5.406081748378923
from_SLR,tangent,0.5606060606060606,5.428502269728539
from_SLR,tangent,0.5681818181818182,5.406922711874142
from_SLR,tangent,0.5757575757575758,5.425954751137806
from_SLR,tangent,0.5833333333333334,5.42594706799535
from_SLR,tangent,0.5909090909090909,5.399427738672901
from_SLR,tangent,0.5984848484848485,5.392438777431593
from_SLR,tangent,0.6060606060606061,5.378850833689363
from_SLR,tangent,0.6136363636363636,5.351557313221913
from_SLR,tangent,0.6212121212121212,5.316773156029517
from_SLR,tangent,0.6287878787878788,5.326897494240884
from_SLR,tangent,0.6363636363636364,5.33262739939812
from_SLR,tangent,0.6439393939393939,5.33092993494399
from_SLR,tangent,0.6515151515151515,5.325500534013327
from_SLR,tangent,0.6590909090909091,5.32362934883276
from_SLR,tangent,0.6666666666666666,5.3187981668517565
from_SLR,tangent,0.6742424242424242,5.273934333813649
from_SLR,tangent,0.6818181818181818,5.2693661896659725
from_SLR,tangent,0.6893939393939394,5.2636095201713085
from_SLR,tangent,0.696969696969697,5.24537111917256
from_SLR,tangent,0.7045454545454546,5.23238643089742
from_SLR,tangent,0.7121212121212122,5.214238619197652
from_SLR,tangent,0.7196969696969697,5.211755614772451
from_SLR,tangent,0.7272727272727273,5.186897373287109
from_SLR,tangent,0.7348484848484849,5.167456899078549
from_SLR,tangent,0.7424242424242424,5.1543649942742995
from_SLR,tangent,0.75,5.1396686039643305
from_SLR,tangent,0.7575757575757576,5.131946480468207
from_SLR,tangent,0.7651515151515151,5.104810119666406
from_SLR,tangent,0.7727272727272727,5.10407682577221
from_SLR,tangent,0.7803030303030303,5.072788763218461
from_SLR,tangent,0.7878787878787878,5.0473970197598295
from_SLR,tangent,0.7954545454545454,5.035465770520127
from_SLR,tangent,0.803030303030303,5.020437148418588
from_SLR,tangent,0.8106060606060606,4.9958977372119655
from_SLR,tangent,0.8181818181818182,4.977757896136123
from_SLR,tangent,0.8257575757575758,4.971873256206504
from_SLR,tangent,0.8333333333333334,4.980129383971012
from_SLR,tangent,0.8409090909090909,4.98720707039048
from_SLR,tangent,0.8484848484848485,4.978485445708281
from_SLR,tangent,0.8560606060606061,4.970816818710163
from_SLR,tangent,0.8636363636363636,4.961867164726255
from_SLR,tangent,0.8712121212121212,4.939912744666098
from_SLR,tangent,0.8787878787878788,4.925847172461712
from_SLR,tangent,0.8863636363636364,4.929565267102279
from_SLR,tangent,0.8939393939393939,4.917298892073913
from_SLR,tangent,0.9015151515151515,4.911366487420615
from_SLR,tangent,0.9090909090909091,4.897292110149228
from_SLR,tangent,0.9166666666666666,4.896139955523454
from_SLR,tangent,0.9242424242424242,4.900626798842184
from_SLR,tangent,0.9318181818181818,4.902134399541892
from_SLR,tangent,0.9393939393939394,4.8977970926273455
from_SLR,tangent,0.946969696969697,4.9052819411400055
from_SLR,tangent,0.9545454545454546,4.912421074142567
from_SLR,tangent,0.9621212121212122,4.90312451957454
from_SLR,tangent,0.9696969696969697,4.917289027506519
from_SLR,tangent,0.9772727272727273,4.92379480434862
from_SLR,tangent,0.9848484848484849,4.93438538785917
from_SLR,tangent,0.9924242424242424,4.934410192871364
from_SLR,tangent,1.0,4.953072445503625
from_SLR,material,0.007575757575757576,3.955451329814913
from_SLR,material,0.015151515151515152,5.840383055487529
from_SLR,material,0.022727272727272728,5.108892156692127
from_SLR,material,0.030303030303030304,5.468573199982728
from_SLR,material,0.03787878787878788,5.789899063504818
from_SLR,material,0.045454545454545456,5.494911655541304
from_SLR,material,0.05303030303030303,5.696296525878327
from_SLR,material,0.06060606060606061,5.61394003009471
from_SLR,material,0.06818181818181818,5.571505971967011
from_SLR,material,0.07575757575757576,5.576531835421037
from_SLR,material,0.08333333333333333,5.597015811324769
from_SLR,material,0.09090909090909091,5.444600524190553
from_SLR,material,0.09848484848484848,5.484377972020823
from_SLR,material,0.10606060606060606,5.456531362353356
from_SLR,material,0.11363636363636363,5.304551209691901
from_SLR,material,0.12121212121212122,5.45049042721478
from_SLR,material,0.12878787878787878,5.525785635280214
from_SLR,material,0.13636363636363635,5.491817462977298
from_SLR,material,0.14393939393939395,5.561818688271226
from_SLR,material,0.15151515151515152,5.717530626176212
from_SLR,material,0.1590909090909091,5.757324324756329
from_SLR,material,0.16666666666666666,5.832775952948012
from_SLR,material,0.17424242424242425,5.748463342085262
from_SLR,material,0.18181818181818182,5.673661339965649
from_SLR,material,0.1893939393939394,5.738827089643479
from_SLR,material,0.19696969696969696,5.6274736610186515
from_SLR,material,0.20454545454545456,5.598400734434638
from_SLR,material,0.21212121212121213,5.547167579386518
from_SLR,material,0.2196969696969697,5.603728939903846
from_SLR,material,0.22727272727272727,5.658923656492175
from_SLR,material,0.23484848484848486,5.627077511357094
from_SLR,material,0.24242424242424243,5.62307329189899
from_SLR,material,0.25,5.593310103285028
from_SLR,material,0.25757575757575757,5.543338404483582
from_SLR,material,0.26515151515151514,5.568613599958089
from_SLR,material,0.2727272727272727,5.557612705881085
from_SLR,material,0.2803030303030303,5.6032571990308595
from_SLR,material,0.2878787878787879,5.595033689232458
from_SLR,material,0.29545454545454547,5.518259721018531
from_SLR,material,0.30303030303030304,5.4808744108085135
from_SLR,material,0.3106060606060606,5.452966155288986
from_SLR,material,0.3181818181818182,5.416010106860238
from_SLR,material,0.32575757575757575,5.456778375588491
from_SLR,material,0.3333333333333333,5.368636006463635
from_SLR,material,0.3409090909090909,5.33174361201148
from_SLR,material,0.3484848484848485,5.37711034289369
from_SLR,material,0.3560606060606061,5.342061603382798
from_SLR,material,0.36363636363636365,5.316738077878643
from_SLR,material,0.3712121212121212,5.360844018273126
from_SLR,material,0.3787878787878788,5.347028362666593
from_SLR,material,0.38636363636363635,5.370477290627555
from_SLR,material,0.3939393939393939,5.392717577318503
from_SLR,material,0.4015151515151515,5.372479348764912
from_SLR,material,0.4090909090909091,5.377927428923538
from_SLR,material,0.4166666666666667,5.396920001332575
from_SLR,material,0.42424242424242425,5.393727129794743
from_SLR,material,0.4318181818181818,5.4217003504640315
from_SLR,material,0.4393939393939394,5.44164204002186
from_SLR,material,0.44696969696969696,5.447412013942576
from_SLR,material,0.45454545454545453,5.418371865027559
from_SLR,material,0.4621212121212121,5.4340604264385
from_SLR,material,0.4696969696969697,5.432519375732458
from_SLR,material,0.4772727272727273,5.4490970903636144
from_SLR,material,0.48484848484848486,5.427625275376424
from_SLR,material,0.49242424242424243,5.421424293516266
from_SLR,material,0.5,5.440266047383968
from_SLR,material,0.5075757575757576,5.471704183819864
from_SLR,material,0.5151515151515151,5.472981790548892
from_SLR,material,0.5227272727272727,5.456898290460708
from_SLR,material,0.5303030303030303,5.446174855990577
from_SLR,material,0.5378787878787878,5.434030939748079
from_SLR,material,0.5454545454545454,5.424260888589553
from_SLR,material,0.553030303030303,5.410939752515791
from_SLR,material,0.5606060606060606,5.4165170402996665
from_SLR,material,0.5681818181818182,5.38670948634599
from_SLR,material,0.5757575757575758,5.4043424726297244
from_SLR,material,0.5833333333333334,5.3916572536031
from_SLR,material,0.5909090909090909,5.364828646050523
from_SLR,material,0.5984848484848485,5.386774078816184
from_SLR,material,0.6060606060606061,5.364399554416508
from_SLR,material,0.6136363636363636,5.3546147154118
from_SLR,material,0.6212121212121212,5.35019738969005
from_SLR,material,0.6287878787878788,5.35082675044644
from_SLR,material,0.6363636363636364,5.309797239340109
from_SLR,material,0.6439393939393939,5.301038796776043
from_SLR,material,0.6515151515151515,5.259876266425654
from_SLR,material,0.6590909090909091,5.253065979729565
from_SLR,material,0.6666666666666666,5.229604814486433
from_SLR,material,0.6742424242424242,5.23094037373821
from_SLR,material,0.6818181818181818,5.228365534515659
from_SLR,material,0.6893939393939394,5.220931075880253
from_SLR,material,0.696969696969697,5.2145597763968725
from_SLR,material,0.7045454545454546,5.172060571574358
from_SLR,material,0.7121212121212122,5.176265842172385
from_SLR,material,0.7196969696969697,5.18055092967613
from_SLR,material,0.7272727272727273,5.173276903706942
from_SLR,material,0.7348484848484849,5.152209528394504
from_SLR,material,0.7424242424242424,5.147111669963631
from_SLR,material,0.75,5.13543466659731
from_SLR,material,0.7575757575757576,5.1193932815322505
from_SLR,material,0.7651515151515151,5.09809982302441
from_SLR,material,0.7727272727272727,5.067314697902866
from_SLR,material,0.7803030303030303,5.0346299896448405
from_SLR,material,0.7878787878787878,5.014247748731725
from_SLR,material,0.7954545454545454,4.989629091212204
from_SLR,material,0.803030303030303,4.9777841835156815
from_SLR,material,0.8106060606060606,4.976214967579456
from_SLR,material,0.8181818181818182,4.96168659857761
from_SLR,material,0.8257575757575758,4.944556962424353
from_SLR,material,0.8333333333333334,4.952988423402066
from_SLR,material,0.8409090909090909,4.943060973756011
from_SLR,material,0.8484848484848485,4.9510893694495826
from_SLR,material,0.8560606060606061,4.951316300107559
from_SLR,material,0.8636363636363636,4.930255785198924
from_SLR,material,0.8712121212121212,4.912569380935228
from_SLR,material,0.8787878787878788,4.89951070832709
from_SLR,material,0.8863636363636364,4.901104446076939
from_SLR,material,0.8939393939393939,4.901543644275489
from_SLR,material,0.9015151515151515,4.90642321554222
from_SLR,material,0.9090909090909091,4.90195632373374
from_SLR,material,0.9166666666666666,4.888615254831836
from_SLR,material,0.9242424242424242,4.894928963726897
from_SLR,material,0.9318181818181818,4.878512163250819
from_SLR,material,0.9393939393939394,4.878991638516934
from_SLR,material,0.946969696969697,4.884808716489072
from_SLR,material,0.9545454545454546,4.884109486186814
from_SLR,material,0.9621212121212122,4.889832354848621
from_SLR,material,0.9696969696969697,4.8880024736841685
from_SLR,material,0.9772727272727273,4.881689643540223
from_SLR,material,0.9848484848484849,4.8946684561368015
from_SLR,material,0.9924242424242424,4.898600787583055
from_SLR,material,1.0,4.9082529736247125
from_SLR,tangent_residual,0.007575757575757576,5.952600822911141
from_SLR,tangent_residual,0.015151515151515152,5.013429431477702
from_SLR,tangent_residual,0.022727272727272728,4.270269003007641
from_SLR,tangent_residual,0.030303030303030304,4.631236114266955
from_SLR,tangent_residual,0.03787878787878788,4.966477274469521
from_SLR,tangent_residual,0.045454545454545456,4.956584932406098
from_SLR,tangent_residual,0.05303030303030303,4.968192506335112
from_SLR,tangent_residual,0.06060606060606061,5.103333219252455
from_SLR,tangent_residual,0.06818181818181818,5.331077347509739
from_SLR,tangent_residual,0.07575757575757576,5.267021499707162
from_SLR,tangent_residual,0.08333333333333333,5.0511455416563456
from_SLR,tangent_residual,0.09090909090909091,5.101094166678938
from_SLR,tangent_residual,0.09848484848484848,5.113142378171641
from_SLR,tangent_residual,0.10606060606060606,5.103095791552574
from_SLR,tangent_residual,0.11363636363636363,5.271665461396409
from_SLR,tangent_residual,0.12121212121212122,5.168575044497667
from_SLR,tangent_residual,0.12878787878787878,5.179114885288656
from_SLR,tangent_residual,0.13636363636363635,5.1473845519560895
from_SLR,tangent_residual,0.14393939393939395,5.150540233326938
from_SLR,tangent_residual,0.15151515151515152,5.161619926798312
from_SLR,tangent_residual,0.1590909090909091,5.196265144305291
from_SLR,tangent_residual,0.16666666666666666,5.2592139809398075
from_SLR,tangent_residual,0.17424242424242425,5.236080576217812
from_SLR,tangent_residual,0.18181818181818182,5.268733784936205
from_SLR,tangent_residual,0.1893939393939394,5.250473955002481
from_SLR,tangent_residual,0.19696969696969696,5.248694484894783
from_SLR,tangent_residual,0.20454545454545456,5.21494027486021
from_SLR,tangent_residual,0.21212121212121213,5.192165218541401
from_SLR,tangent_residual,0.2196969696969697,5.193656989176371
from_SLR,tangent_residual,0.22727272727272727,5.2769712712986285
from_SLR,tangent_residual,0.23484848484848486,5.201461368989459
from_SLR,tangent_residual,0.24242424242424243,5.20927153317722
from_SLR,tangent_residual,0.25,5.20680959852998
from_SLR,tangent_residual,0.25757575757575757,5.251664824050067
from_SLR,tangent_residual,0.26515151515151514,5.302616796743021
from_SLR,tangent_residual,0.2727272727272727,5.273447115154514
from_SLR,tangent_residual,0.2803030303030303,5.194507432175744
from_SLR,tangent_residual,0.2878787878787879,5.204792527869011
from_SLR,tangent_residual,0.29545454545454547,5.286980405212513
from_SLR,tangent_residual,0.30303030303030304,5.270738958277554
from_SLR,tangent_residual,0.3106060606060606,5.32877303532302
from_SLR,tangent_residual,0.3181818181818182,5.309576959726992
from_SLR,tangent_residual,0.32575757575757575,5.3015380074991185
from_SLR,tangent_residual,0.3333333333333333,5.277304730725432
from_SLR,tangent_residual,0.3409090909090909,5.315261666426259
from_SLR,tangent_residual,0.3484848484848485,5.348843592344216
from_SLR,tangent_residual,0.3560606060606061,5.379710182487678
from_SLR,tangent_residual,0.36363636363636365,5.311419537418822
from_SLR,tangent_residual,0.3712121212121212,5.323163571816144
from_SLR,tangent_residual,0.3787878787878788,5.35804475915737
from_SLR,tangent_residual,0.38636363636363635,5.30264994986371
from_SLR,tangent_residual,0.3939393939393939,5.283844468830268
from_SLR,tangent_residual,0.4015151515151515,5.342091743383489
from_SLR,tangent_residual,0.4090909090909091,5.291784200854816
from_SLR,tangent_residual,0.4166666666666667,5.2451240378297355
from_SLR,tangent_residual,0.42424242424242425,5.312250007817574
from_SLR,tangent_residual,0.4318181818181818,5.322484507999275
from_SLR,tangent_residual,0.4393939393939394,5.349774675539543
from_SLR,tangent_residual,0.44696969696969696,5.411125739621407
from_SLR,tangent_residual,0.45454545454545453,5.428273753094277
from_SLR,tangent_residual,0.4621212121212121,5.455893750414959
from_SLR,tangent_residual,0.4696969696969697,5.470781217135499
from_SLR,tangent_residual,0.4772727272727273,5.4711090877719295
from_SLR,tangent_residual,0.48484848484848486,5.488409968589398
from_SLR,tangent_residual,0.49242424242424243,5.465359167086729
from_SLR,tangent_residual,0.5,5.432661673620668
from_SLR,tangent_residual,0.5075757575757576,5.412864409511361
from_SLR,tangent_residual,0.5151515151515151,5.420580075790615
from_SLR,tangent_residual,0.5227272727272727,5.384520719532039
from_SLR,tangent_residual,0.5303030303030303,5.40988566689546
from_SLR,tangent_residual,0.5378787878787878,5.428075362183964
from_SLR,tangent_residual,0.5454545454545454,5.437360570746468
from_SLR,tangent_residual,0.553030303030303,5.460910931837401
from_SLR,tangent_residual,0.5606060606060606,5.491975608547366
from_SLR,tangent_residual,0.5681818181818182,5.518175079255584
from_SLR,tangent_residual,0.5757575757575758,5.521648875746
from_SLR,tangent_residual,0.5833333333333334,5.517088397590224
from_SLR,tangent_residual,0.5909090909090909,5.490893407930192
from_SLR,tangent_residual,0.5984848484848485,5.471756883879791
from_SLR,tangent_residual,0.6060606060606061,5.430625331555905
from_SLR,tangent_residual,0.6136363636363636,5.423965465778356
from_SLR,tangent_residual,0.6212121212121212,5.415524306664971
from_SLR,tangent_residual,0.6287878787878788,5.41040163350331
from_SLR,tangent_residual,0.6363636363636364,5.3761913194706485
from_SLR,tangent_residual,0.6439393939393939,5.360852445730672
from_SLR,tangent_residual,0.6515151515151515,5.362603284947123
from_SLR,tangent_residual,0.6590909090909091,5.359434568549688
from_SLR,tangent_residual,0.6666666666666666,5.358728234913144
from_SLR,tangent_residual,0.6742424242424242,5.335255981743763
from_SLR,tangent_residual,0.6818181818181818,5.326308800132603
from_SLR,tangent_residual,0.6893939393939394,5.3649682205564595
from_SLR,tangent_residual,0.696969696969697,5.390825459615606
from_SLR,tangent_residual,0.7045454545454546,5.367312813648081
from_SLR,tangent_residual,0.7121212121212122,5.374892803181826
from_SLR,tangent_residual,0.7196969696969697,5.346826840985044
from_SLR,tangent_residual,0.7272727272727273,5.351029570032201
from_SLR,tangent_residual,0.7348484848484849,5.350087565084777
from_SLR,tangent_residual,0.7424242424242424,5.3563738964533245
from_SLR,tangent_residual,0.75,5.344399904667758
from_SLR,tangent_residual,0.7575757575757576,5.348015181735313
from_SLR,tangent_residual,0.7651515151515151,5.318657444344537
from_SLR,tangent_residual,0.7727272727272727,5.312251694562179
from_SLR,tangent_residual,0.7803030303030303,5.30750014245707
from_SLR,tangent_residual,0.7878787878787878,5.305847450591111
from_SLR,tangent_residual,0.7954545454545454,5.300847336520806
from_SLR,tangent_residual,0.803030303030303,5.305293599814387
from_SLR,tangent_residual,0.8106060606060606,5.305661407360276
from_SLR,tangent_residual,0.8181818181818182,5.280070088402952
from_SLR,tangent_residual,0.8257575757575758,5.255564191475077
from_SLR,tangent_residual,0.8333333333333334,5.247029966747995
from_SLR,tangent_residual,0.8409090909090909,5.229355498238803
from_SLR,tangent_residual,0.8484848484848485,5.211722128983595
from_SLR,tangent_residual,0.8560606060606061,5.189198958983917
from_SLR,tangent_residual,0.8636363636363636,5.186320274941179
from_SLR,tangent_residual,0.8712121212121212,5.1680225849682
from_SLR,tangent_residual,0.8787878787878788,5.169389870682211
from_SLR,tangent_residual,0.8863636363636364,5.151624551848873
from_SLR,tangent_residual,0.8939393939393939,5.144172869189794
from_SLR,tangent_residual,0.9015151515151515,5.15693882382358
from_SLR,tangent_residual,0.9090909090909091,5.135024652696452
from_SLR,tangent_residual,0.9166666666666666,5.128241781114251
from_SLR,tangent_residual,0.9242424242424242,5.111422305155554
from_SLR,tangent_residual,0.9318181818181818,5.098981475041605
from_SLR,tangent_residual,0.9393939393939394,5.08748057125199
from_SLR,tangent_residual,0.946969696969697,5.087014923839958
from_SLR,tangent_residual,0.9545454545454546,5.0764735587665895
from_SLR,tangent_residual,0.9621212121212122,5.061515081223398
from_SLR,tangent_residual,0.9696969696969697,5.057183407334054
from_SLR,tangent_residual,0.9772727272727273,5.050678816121417
from_SLR,tangent_residual,0.9848484848484849,5.0392416961820485
from_SLR,tangent_residual,0.9924242424242424,5.031725686297389
from_SLR,tangent_residual,1.0,5.031125308716964
from_SLR,material_residual,0.007575757575757576,5.24398326422092
from_SLR,material_residual,0.015151515151515152,5.458921446468504
from_SLR,material_residual,0.022727272727272728,5.290447070776832
from_SLR,material_residual,0.030303030303030304,4.9210512629767935
from_SLR,material_residual,0.03787878787878788,5.2393556771056495
from_SLR,material_residual,0.045454545454545456,5.141728771863419
from_SLR,material_residual,0.05303030303030303,5.191494995348557
from_SLR,material_residual,0.06060606060606061,5.082188434454941
from_SLR,material_residual,0.06818181818181818,5.099913272675991
from_SLR,material_residual,0.07575757575757576,5.045357928652764
from_SLR,material_residual,0.08333333333333333,5.050326385818933
from_SLR,material_residual,0.09090909090909091,4.889747873299344
from_SLR,material_residual,0.09848484848484848,5.020077564491918
from_SLR,material_residual,0.10606060606060606,5.214972637620248
from_SLR,material_residual,0.11363636363636363,5.262619809834514
from_SLR,material_residual,0.12121212121212122,5.166965733081575
from_SLR,material_residual,0.12878787878787878,5.364705845407367
from_SLR,material_residual,0.13636363636363635,5.363967700687259
from_SLR,material_residual,0.14393939393939395,5.374008850886351
from_SLR,material_residual,0.15151515151515152,5.36645043214385
from_SLR,material_residual,0.1590909090909091,5.307070537418293
from_SLR,material_residual,0.16666666666666666,5.345423946120714
from_SLR,material_residual,0.17424242424242425,5.3432683179527345
from_SLR,material_residual,0.18181818181818182,5.455087955436465
from_SLR,material_residual,0.1893939393939394,5.397601207528001
from_SLR,material_residual,0.19696969696969696,5.376272693157985
from_SLR,material_residual,0.20454545454545456,5.390944426393585
from_SLR,material_residual,0.21212121212121213,5.319225366043212
from_SLR,material_residual,0.2196969696969697,5.359273352661575
from_SLR,material_residual,0.22727272727272727,5.424267240814523
from_SLR,material_residual,0.23484848484848486,5.408441429837591
from_SLR,material_residual,0.24242424242424243,5.354949369218114
from_SLR,material_residual,0.25,5.380188734382614
from_SLR,material_residual,0.25757575757575757,5.383782817524785
from_SLR,material_residual,0.26515151515151514,5.411932483872398
from_SLR,material_residual,0.2727272727272727,5.439580910009077
from_SLR,material_residual,0.2803030303030303,5.549676973727787
from_SLR,material_residual,0.2878787878787879,5.584485283480664
from_SLR,material_residual,0.29545454545454547,5.634273888395075
from_SLR,material_residual,0.30303030303030304,5.6421307526548965
from_SLR,material_residual,0.3106060606060606,5.677798280659257
from_SLR,material_residual,0.3181818181818182,5.601043744543273
from_SLR,material_residual,0.32575757575757575,5.562111102082242
from_SLR,material_residual,0.3333333333333333,5.579023367830255
from_SLR,material_residual,0.3409090909090909,5.580518327559567
from_SLR,material_residual,0.3484848484848485,5.639673256730213
from_SLR,material_residual,0.3560606060606061,5.6752911876203855
from_SLR,material_residual,0.36363636363636365,5.6488605576654765
from_SLR,material_residual,0.3712121212121212,5.6668384196385295
from_SLR,material_residual,0.3787878787878788,5.757829653939538
from_SLR,material_residual,0.38636363636363635,5.672505910556191
from_SLR,material_residual,0.3939393939393939,5.6067162907753625
from_SLR,material_residual,0.4015151515151515,5.565609173267048
from_SLR,material_residual,0.4090909090909091,5.559521717878592
from_SLR,material_residual,0.4166666666666667,5.519572720179389
from_SLR,material_residual,0.42424242424242425,5.580795731185162
from_SLR,material_residual,0.4318181818181818,5.594716957645029
from_SLR,material_residual,0.4393939393939394,5.53316124656136
from_SLR,material_residual,0.44696969696969696,5.524362365694704
from_SLR,material_residual,0.45454545454545453,5.498998288952315
from_SLR,material_residual,0.4621212121212121,5.508992665209445
from_SLR,material_residual,0.4696969696969697,5.5044229987604565
from_SLR,material_residual,0.4772727272727273,5.513597725708643
from_SLR,material_residual,0.48484848484848486,5.481689615451965
from_SLR,material_residual,0.49242424242424243,5.53359685578641
from_SLR,material_residual,0.5,5.5559729907059525
from_SLR,material_residual,0.5075757575757576,5.535210575335372
from_SLR,material_residual,0.5151515151515151,5.50183621827414
from_SLR,material_residual,0.5227272727272727,5.5326907667531655
from_SLR,material_residual,0.5303030303030303,5.541374211491394
from_SLR,material_residual,0.5378787878787878,5.524941413315271
from_SLR,material_residual,0.5454545454545454,5.523342690742567
from_SLR,material_residual,0.553030303030303,5.536593151641781
from_SLR,material_residual,0.5606060606060606,5.533807168410967
from_SLR,material_residual,0.5681818181818182,5.554504478906181
from_SLR,material_residual,0.5757575757575758,5.573493537749528
from_SLR,material_residual,0.5833333333333334,5.5672149200774
from_SLR,material_residual,0.5909090909090909,5.562602727203825
from_SLR,material_residual,0.5984848484848485,5.582272443851959
from_SLR,material_residual,0.6060606060606061,5.556705792142648
from_SLR,material_residual,0.6136363636363636,5.582040169278802
from_SLR,material_residual,0.6212121212121212,5.5455431866529
from_SLR,material_residual,0.6287878787878788,5.574987489522113
from_SLR,material_residual,0.6363636363636364,5.555588406889227
from_SLR,material_residual,0.6439393939393939,5.554651130160015
from_SLR,material_residual,0.6515151515151515,5.529845962282468
from_SLR,material_residual,0.6590909090909091,5.523032991764329
from_SLR,material_residual,0.6666666666666666,5.563147378780265
from_SLR,material_residual,0.6742424242424242,5.556303300401441
from_SLR,material_residual,0.6818181818181818,5.533439014458135
from_SLR,material_residual,0.6893939393939394,5.513040778902833
from_SLR,material_residual,0.696969696969697,5.517417242199212
from_SLR,material_residual,0.7045454545454546,5.4942923978080715
from_SLR,material_residual,0.7121212121212122,5.487664913807539
from_SLR,material_residual,0.7196969696969697,5.471654914974525
from_SLR,material_residual,0.7272727272727273,5.462447932013418
from_SLR,material_residual,0.7348484848484849,5.447531090233326
from_SLR,material_residual,0.7424242424242424,5.468942991500081
from_SLR,material_residual,0.75,5.439858245998525
from_SLR,material_residual,0.7575757575757576,5.415441695612117
from_SLR,material_residual,0.7651515151515151,5.417032315867306
from_SLR,material_residual,0.7727272727272727,5.382496507883624
from_SLR,material_residual,0.7803030303030303,5.376984431046669
from_SLR,material_residual,0.7878787878787878,5.382261605138083
from_SLR,material_residual,0.7954545454545454,5.37065774853536
from_SLR,material_residual,0.803030303030303,5.349826395505832
from_SLR,material_residual,0.8106060606060606,5.346748676210208
from_SLR,material_residual,0.8181818181818182,5.317699174100626
from_SLR,material_residual,0.8257575757575758,5.30092892605231
from_SLR,material_residual,0.8333333333333334,5.27349472595483
from_SLR,material_residual,0.8409090909090909,5.256216277153489
from_SLR,material_residual,0.8484848484848485,5.240906531740237
from_SLR,material_residual,0.8560606060606061,5.232010373785642
from_SLR,material_residual,0.8636363636363636,5.2221565209197385
from_SLR,material_residual,0.8712121212121212,5.198058133901586
from_SLR,material_residual,0.8787878787878788,5.173719488373811
from_SLR,material_residual,0.8863636363636364,5.1663202646577355
from_SLR,material_residual,0.8939393939393939,5.153506869185375
from_SLR,material_residual,0.9015151515151515,5.143622973109175
from_SLR,material_residual,0.9090909090909091,5.125283556079182
from_SLR,material_residual,0.9166666666666666,5.1187911416448495
from_SLR,material_residual,0.9242424242424242,5.103692312172136
from_SLR,material_residual,0.9318181818181818,5.089400524892086
from_SLR,material_residual,0.9393939393939394,5.0730080392630255
from_SLR,material_residual,0.946969696969697,5.066053338655739
from_SLR,material_residual,0.9545454545454546,5.04904254435291
from_SLR,material_residual,0.9621212121212122,5.048217227142686
from_SLR,material_residual,0.9696969696969697,5.038870763705021
from_SLR,material_residual,0.9772727272727273,5.03180738341726
from_SLR,material_residual,0.9848484848484849,5.02010676191449
from_SLR,material_residual,0.9924242424242424,5.012328058959078
from_SLR,material_residual,1.0,5.009989328317139
from_ipod,direct,0.007575757575757576,2.834415195827272
from_ipod,direct,0.015151515151515152,3.7508345914229015
from_ipod,direct,0.022727272727272728,4.100900257461109
from_ipod,direct,0.030303030303030304,4.079749138125941
from_ipod,direct,0.03787878787878788,4.490122538287822
from_ipod,direct,0.045454545454545456,4.635204822827888
from_ipod,direct,0.05303030303030303,4.886082997895457
from_ipod,direct,0.06060606060606061,4.812534708752846
from_ipod,direct,0.06818181818181818,4.733007162137528
from_ipod,direct,0.07575757575757576,4.870227073971587
from_ipod,direct,0.08333333333333333,4.985527266256404
from_ipod,direct,0.09090909090909091,5.002581994492478
from_ipod,direct,0.09848484848484848,4.969284037550561
from_ipod,direct,0.10606060606060606,5.12849446776468
from_ipod,direct,0.11363636363636363,5.113802551976597
from_ipod,direct,0.12121212121212122,5.182719014133237
from_ipod,direct,0.12878787878787878,5.170510633177224
from_ipod,direct,0.13636363636363635,5.203168880504529
from_ipod,direct,0.14393939393939395,5.217911221640012
from_ipod,direct,0.15151515151515152,5.283223768152887
from_ipod,direct,0.1590909090909091,5.359130246297565
from_ipod,direct,0.16666666666666666,5.345777324182578
from_ipod,direct,0.17424242424242425,5.2976183130438
from_ipod,direct,0.18181818181818182,5.290866170571724
from_ipod,direct,0.1893939393939394,5.282079793090678
from_ipod,direct,0.19696969696969696,5.275132898184875
from_ipod,direct,0.20454545454545456,5.328132379488029
from_ipod,direct,0.21212121212121213,5.342352397258737
from_ipod,direct,0.2196969696969697,5.347832135802847
from_ipod,direct,0.22727272727272727,5.31667279761363
from_ipod,direct,0.23484848484848486,5.388224559538684
from_ipod,direct,0.24242424242424243,5.364997662970811
from_ipod,direct,0.25,5.362767433886732
from_ipod,direct,0.25757575757575757,5.365967537630424
from_ipod,direct,0.26515151515151514,5.4500275445770265
from_ipod,direct,0.2727272727272727,5.493905707395894
from_ipod,direct,0.2803030303030303,5.454751191617251
from_ipod,direct,0.2878787878787879,5.420494974514063
from_ipod,direct,0.29545454545454547,5.38215981996341
from_ipod,direct,0.30303030303030304,5.387247408921962
from_ipod,direct,0.3106060606060606,5.3916892360226205
from_ipod,direct,0.3181818181818182,5.378158700092423
from_ipod,direct,0.32575757575757575,5.446825906766581
from_ipod,direct,0.3333333333333333,5.457389972354057
from_ipod,direct,0.3409090909090909,5.523803251228036
from_ipod,direct,0.3484848484848485,5.530740919248898
from_ipod,direct,0.3560606060606061,5.516193314913569
from_ipod,direct,0.36363636363636365,5.557357090196697
from_ipod,direct,0.3712121212121212,5.596635365837312
from_ipod,direct,0.3787878787878788,5.6663041522296895
from_ipod,direct,0.38636363636363635,5.703334808315966
from_ipod,direct,0.3939393939393939,5.719291951391987
from_ipod,direct,0.4015151515151515,5.676008081437608
from_ipod,direct,0.4090909090909091,5.643205364133916
from_ipod,direct,0.4166666666666667,5.645637585643269
from_ipod,direct,0.42424242424242425,5.671327659114943
from_ipod,direct,0.4318181818181818,5.6558293690455175
from_ipod,direct,0.4393939393939394,5.707955885714603
from_ipod,direct,0.44696969696969696,5.688261275968517
from_ipod,direct,0.45454545454545453,5.680887507145712
from_ipod,direct,0.4621212121212121,5.707312674059776
from_ipod,direct,0.4696969696969697,5.733573502169289
from_ipod,direct,0.4772727272727273,5.726627450567999
from_ipod,direct,0.48484848484848486,5.739464814676673
from_ipod,direct,0.49242424242424243,5.7484306907761145
from_ipod,direct,0.5,5.748384248428018
from_ipod,direct,0.5075757575757576,5.733453139937876
from_ipod,direct,0.5151515151515151,5.695872106944148
from_ipod,direct,0.5227272727272727,5.695200258759578
from_ipod,direct,0.5303030303030303,5.695583442812228
from_ipod,direct,0.5378787878787878,5.6984778526948086
from_ipod,direct,0.5454545454545454,5.699358145744786
from_ipod,direct,0.553030303030303,5.6879167178451375
from_ipod,direct,0.5606060606060606,5.678587055889661
from_ipod,direct,0.5681818181818182,5.682269077255733
from_ipod,direct,0.5757575757575758,5.6612839521042675
from_ipod,direct,0.5833333333333334,5.663582541731192
from_ipod,direct,0.5909090909090909,5.7063980602392546
from_ipod,direct,0.5984848484848485,5.6919114814877965
from_ipod,direct,0.6060606060606061,5.668826620705407
from_ipod,direct,0.6136363636363636,5.672866772441317
from_ipod,direct,0.6212121212121212,5.674409285254079
from_ipod,direct,0.6287878787878788,5.675438302750815
from_ipod,direct,0.6363636363636364,5.669706151516345
from_ipod,direct,0.6439393939393939,5.666349438454522
from_ipod,direct,0.6515151515151515,5.706057174929782
from_ipod,direct,0.6590909090909091,5.724396243008074
from_ipod,direct,0.6666666666666666,5.725980034334309
from_ipod,direct,0.6742424242424242,5.7430775657431665
from_ipod,direct,0.6818181818181818,5.755413440223303
from_ipod,direct,0.6893939393939394,5.756957739756768
from_ipod,direct,0.696969696969697,5.765680162547848
from_ipod,direct,0.7045454545454546,5.7892729494943795
from_ipod,direct,0.7121212121212122,5.788478036041283
from_ipod,direct,0.7196969696969697,5.7889803528235975
from_ipod,direct,0.7272727272727273,5.788373349246492
from_ipod,direct,0.7348484848484849,5.796301825563738
from_ipod,direct,0.7424242424242424,5.805147004678709
from_ipod,direct,0.75,5.785180231628309
from_ipod,direct,0.7575757575757576,5.786328992173696
from_ipod,direct,0.7651515151515151,5.800964924278573
from_ipod,direct,0.7727272727272727,5.790058046810373
from_ipod,direct,0.7803030303030303,5.785226571788308
from_ipod,direct,0.7878787878787878,5.794445535644027
from_ipod,direct,0.7954545454545454,5.792311336004402
from_ipod,direct,0.803030303030303,5.791420565082119
from_ipod,direct,0.8106060606060606,5.7850602665530575
from_ipod,direct,0.8181818181818182,5.7648586590297946
from_ipod,direct,0.8257575757575758,5.755261073542144
from_ipod,direct,0.8333333333333334,5.759213112695391
from_ipod,direct,0.8409090909090909,5.7885538182414615
from_ipod,direct,0.8484848484848485,5.769587270289776
from_ipod,direct,0.8560606060606061,5.759541518626459
from_ipod,direct,0.8636363636363636,5.761987032854912
from_ipod,direct,0.8712121212121212,5.766243626298095
from_ipod,direct,0.8787878787878788,5.768781492987628
from_ipod,direct,0.8863636363636364,5.794374736906408
from_ipod,direct,0.8939393939393939,5.784221684016155
from_ipod,direct,0.9015151515151515,5.79651056799839
from_ipod,direct,0.9090909090909091,5.808428850828502
from_ipod,direct,0.9166666666666666,5.8193104609242114
from_ipod,direct,0.9242424242424242,5.84781087267167
from_ipod,direct,0.9318181818181818,5.85734973472691
from_ipod,direct,0.9393939393939394,5.872178639678023
from_ipod,direct,0.946969696969697,5.893036246960862
from_ipod,direct,0.9545454545454546,5.93631192901271
from_ipod,direct,0.9621212121212122,5.9470010885167275
from_ipod,direct,0.9696969696969697,5.962618613741493
from_ipod,direct,0.9772727272727273,5.962156403735773
from_ipod,direct,0.9848484848484849,5.96407510992124
from_ipod,direct,0.9924242424242424,5.963563134575878
from_ipod,direct,1.0,5.9634918983241585
from_ipod,tangent,0.007575757575757576,4.508917845809292
from_ipod,tangent,0.015151515151515152,4.855059832890638
from_ipod,tangent,0.022727272727272728,5.0372846621932945
from_ipod,tangent,0.030303030303030304,5.493483387359926
from_ipod,tangent,0.03787878787878788,5.498920129202307
from_ipod,tangent,0.045454545454545456,5.032926614326548
from_ipod,tangent,0.05303030303030303,5.518759029873565
from_ipod,tangent,0.06060606060606061,5.2920814984168265
from_ipod,tangent,0.06818181818181818,5.107116792064196
from_ipod,tangent,0.07575757575757576,5.1098166049422
from_ipod,tangent,0.08333333333333333,4.937149321152972
from_ipod,tangent,0.09090909090909091,4.818618562604722
from_ipod,tangent,0.09848484848484848,4.784098326330785
from_ipod,tangent,0.10606060606060606,4.725747163281621
from_ipod,tangent,0.11363636363636363,4.750805724079311
from_ipod,tangent,0.12121212121212122,4.701614739448521
from_ipod,tangent,0.12878787878787878,4.724088140086302
from_ipod,tangent,0.13636363636363635,4.882060775093411
from_ipod,tangent,0.14393939393939395,4.822812097356383
from_ipod,tangent,0.15151515151515152,4.812099841458794
from_ipod,tangent,0.1590909090909091,4.8550615776150465
from_ipod,tangent,0.16666666666666666,4.775278513959537
from_ipod,tangent,0.17424242424242425,4.871389625190488
from_ipod,tangent,0.18181818181818182,4.834869709636998
from_ipod,tangent,0.1893939393939394,4.826859677082292
from_ipod,tangent,0.19696969696969696,4.8126099622451965
from_ipod,tangent,0.20454545454545456,4.817345135920177
from_ipod,tangent,0.21212121212121213,4.779989932618183
from_ipod,tangent,0.2196969696969697,4.783851279577038
from_ipod,tangent,0.22727272727272727,4.811836047592267
from_ipod,tangent,0.23484848484848486,4.8254018943540276
from_ipod,tangent,0.24242424242424243,4.830014993134598
from_ipod,tangent,0.25,4.896880543423488
from_ipod,tangent,0.25757575757575757,4.890122410197866
from_ipod,tangent,0.26515151515151514,4.837034024696552
from_ipod,tangent,0.2727272727272727,4.838959206011005
from_ipod,tangent,0.2803030303030303,4.864442332688069
from_ipod,tangent,0.2878787878787879,4.824804659306667
from_ipod,tangent,0.29545454545454547,4.812721084455227
from_ipod,tangent,0.30303030303030304,4.818842394446694
from_ipod,tangent,0.3106060606060606,4.800180941687518
from_ipod,tangent,0.3181818181818182,4.784811682522838
from_ipod,tangent,0.32575757575757575,4.823907995981209
from_ipod,tangent,0.3333333333333333,4.846873933514515
from_ipod,tangent,0.3409090909090909,4.895086160279816
from_ipod,tangent,0.3484848484848485,4.903383337135683
from_ipod,tangent,0.3560606060606061,4.887166151477202
from_ipod,tangent,0.36363636363636365,4.905213313955766
from_ipod,tangent,0.3712121212121212,4.93841793803551
from_ipod,tangent,0.3787878787878788,4.9189994606992515
from_ipod,tangent,0.38636363636363635,4.950905090099298
from_ipod,tangent,0.3939393939393939,4.9377646310293075
from_ipod,tangent,0.4015151515151515,4.951356116464047
from_ipod,tangent,0.4090909090909091,5.020341840471949
from_ipod,tangent,0.4166666666666667,5.02583684622618
from_ipod,tangent,0.42424242424242425,5.017956055062721
from_ipod,tangent,0.4318181818181818,5.038665786318142
from_ipod,tangent,0.4393939393939394,5.067144048574569
from_ipod,tangent,0.44696969696969696,5.051994537603719
from_ipod,tangent,0.45454545454545453,5.024483519104121
from_ipod,tangent,0.4621212121212121,5.03117094808668
from_ipod,tangent,0.4696969696969697,5.012790947522251
from_ipod,tangent,0.4772727272727273,5.010140997915122
from_ipod,tangent,0.48484848484848486,5.0327681306529275
from_ipod,tangent,0.49242424242424243,5.038184335194345
from_ipod,tangent,0.5,5.035439015437753
from_ipod,tangent,0.5075757575757576,5.028869268638052
from_ipod,tangent,0.5151515151515151,5.00638247821855
from_ipod,tangent,0.5227272727272727,5.010666763116698
from_ipod,tangent,0.5303030303030303,4.997987909508803
from_ipod,tangent,0.5378787878787878,5.021668309812735
from_ipod,tangent,0.5454545454545454,5.049117961838426
from_ipod,tangent,0.553030303030303,5.065484577038837
from_ipod,tangent,0.5606060606060606,5.075655122083785
from_ipod,tangent,0.5681818181818182,5.068720515013495
from_ipod,tangent,0.5757575757575758,5.097909691288829
from_ipod,tangent,0.5833333333333334,5.101405034347397
from_ipod,tangent,0.5909090909090909,5.105103210545858
from_ipod,tangent,0.5984848484848485,5.124820603329811
from_ipod,tangent,0.6060606060606061,5.141026159540815
from_ipod,tangent,0.6136363636363636,5.1476960791669875
from_ipod,tangent,0.6212121212121212,5.154653600427456
from_ipod,tangent,0.6287878787878788,5.162906118535207
from_ipod,tangent,0.6363636363636364,5.161668756317979
from_ipod,tangent,0.6439393939393939,5.180143761612546
from_ipod,tangent,0.6515151515151515,5.181678398464593
from_ipod,tangent,0.6590909090909091,5.177280023705518
from_ipod,tangent,0.6666666666666666,5.166627718580787
from_ipod,tangent,0.6742424242424242,5.166702423297763
from_ipod,tangent,0.6818181818181818,5.174707692611673
from_ipod,tangent,0.6893939393939394,5.186776816432147
from_ipod,tangent,0.696969696969697,5.19732730063387
from_ipod,tangent,0.7045454545454546,5.203776443642743
from_ipod,tangent,0.7121212121212122,5.183115829476214
from_ipod,tangent,0.7196969696969697,5.197751323822672
from_ipod,tangent,0.7272727272727273,5.2101180905022355
from_ipod,tangent,0.7348484848484849,5.211709374436104
from_ipod,tangent,0.7424242424242424,5.245015499951975
from_ipod,tangent,0.75,5.249789978484487
from_ipod,tangent,0.7575757575757576,5.244178209537281
from_ipod,tangent,0.7651515151515151,5.238872627977755
from_ipod,tangent,0.7727272727272727,5.258024230466417
from_ipod,tangent,0.7803030303030303,5.26446406261836
from_ipod,tangent,0.7878787878787878,5.300476445379979
from_ipod,tangent,0.7954545454545454,5.296660984609312
from_ipod,tangent,0.803030303030303,5.278108959537911
from_ipod,tangent,0.8106060606060606,5.267321655172806
from_ipod,tangent,0.8181818181818182,5.245230033527355
from_ipod,tangent,0.8257575757575758,5.235802070216852
from_ipod,tangent,0.8333333333333334,5.243151632932853
from_ipod,tangent,0.8409090909090909,5.239926803449891
from_ipod,tangent,0.8484848484848485,5.255007245200268
from_ipod,tangent,0.8560606060606061,5.2421350944497815
from_ipod,tangent,0.8636363636363636,5.2482606780194025
from_ipod,tangent,0.8712121212121212,5.244790616929972
from_ipod,tangent,0.8787878787878788,5.239028698263367
from_ipod,tangent,0.8863636363636364,5.231328489950838
from_ipod,tangent,0.8939393939393939,5.266907161028762
from_ipod,tangent,0.9015151515151515,5.291721472761529
from_ipod,tangent,0.9090909090909091,5.294657745374619
from_ipod,tangent,0.9166666666666666,5.28720707294557
from_ipod,tangent,0.9242424242424242,5.296510687695672
from_ipod,tangent,0.9318181818181818,5.311245892997139
from_ipod,tangent,0.9393939393939394,5.328810911800695
from_ipod,tangent,0.946969696969697,5.341454674351485
from_ipod,tangent,0.9545454545454546,5.36034267974848
from_ipod,tangent,0.9621212121212122,5.376109797455482
from_ipod,tangent,0.9696969696969697,5.401733073760023
from_ipod,tangent,0.9772727272727273,5.434935715381414
from_ipod,tangent,0.9848484848484849,5.457176176416298
from_ipod,tangent,0.9924242424242424,5.443796935173981
from_ipod,tangent,1.0,5.45087256423884
from_ipod,material,0.007575757575757576,6.955855310701882
from_ipod,material,0.015151515151515152,6.479918287797905
from_ipod,material,0.022727272727272728,6.458155860116499
from_ipod,material,0.030303030303030304,6.14736736002586
from_ipod,material,0.03787878787878788,5.798068108993253
from_ipod,material,0.045454545454545456,5.5307669180012935
from_ipod,material,0.05303030303030303,5.464058381503869
from_ipod,material,0.06060606060606061,5.302465154612748
from_ipod,material,0.06818181818181818,5.271148449806654
from_ipod,material,0.07575757575757576,5.155014351570812
from_ipod,material,0.08333333333333333,5.282819708082724
from_ipod,material,0.09090909090909091,5.189072792109177
from_ipod,material,0.09848484848484848,5.198306036978351
from_ipod,material,0.10606060606060606,5.232463294457319
from_ipod,material,0.11363636363636363,5.166186676241708
from_ipod,material,0.12121212121212122,5.225466471398871
from_ipod,material,0.12878787878787878,5.179627149764901
from_ipod,material,0.13636363636363635,5.188569994179248
from_ipod,material,0.14393939393939395,5.264996386487528
from_ipod,material,0.15151515151515152,5.332875459158875
from_ipod,material,0.1590909090909091,5.370759556720057
from_ipod,material,0.16666666666666666,5.461274399012169
from_ipod,material,0.17424242424242425,5.426040339193862
from_ipod,material,0.18181818181818182,5.446354002435306
from_ipod,material,0.1893939393939394,5.512814115990597
from_ipod,material,0.19696969696969696,5.52596036601325
from_ipod,material,0.20454545454545456,5.542289816985286
from_ipod,material,0.21212121212121213,5.616763886497292
from_ipod,material,0.2196969696969697,5.684483394831325
from_ipod,material,0.22727272727272727,5.760626001930386
from_ipod,material,0.23484848484848486,5.702052692686867
from_ipod,material,0.24242424242424243,5.746717568382295
from_ipod,material,0.25,5.729933688045503
from_ipod,material,0.25757575757575757,5.75058190197246
from_ipod,material,0.26515151515151514,5.797130607992442
from_ipod,material,0.2727272727272727,5.826293735252338
from_ipod,material,0.2803030303030303,5.8160050966046954
from_ipod,material,0.2878787878787879,5.840681448080171
from_ipod,material,0.29545454545454547,5.851813722692334
from_ipod,material,0.30303030303030304,5.792729563275606
from_ipod,material,0.3106060606060606,5.809832770926339
from_ipod,material,0.3181818181818182,5.837325370280229
from_ipod,material,0.32575757575757575,5.873536803471946
from_ipod,material,0.3333333333333333,5.940513846923487
from_ipod,material,0.3409090909090909,5.982628908004284
from_ipod,material,0.3484848484848485,6.007953694760197
from_ipod,material,0.3560606060606061,6.004169570958067
from_ipod,material,0.36363636363636365,6.035225239619227
from_ipod,material,0.3712121212121212,6.07774678803898
from_ipod,material,0.3787878787878788,6.119379748919218
from_ipod,material,0.38636363636363635,6.1596118394553265
from_ipod,material,0.3939393939393939,6.147708704544422
from_ipod,material,0.4015151515151515,6.1777283917135035
from_ipod,material,0.4090909090909091,6.204875941626238
from_ipod,material,0.4166666666666667,6.2519714245450215
from_ipod,material,0.42424242424242425,6.260256793181874
from_ipod,material,0.4318181818181818,6.276394092901114
from_ipod,material,0.4393939393939394,6.328596118646371
from_ipod,material,0.44696969696969696,6.342051123174746
from_ipod,material,0.45454545454545453,6.35657725879567
from_ipod,material,0.4621212121212121,6.382518469382831
from_ipod,material,0.4696969696969697,6.400177690630698
from_ipod,material,0.4772727272727273,6.408339446995377
from_ipod,material,0.48484848484848486,6.470489123924278
from_ipod,material,0.49242424242424243,6.5109953970703325
from_ipod,material,0.5,6.541467624261709
from_ipod,material,0.5075757575757576,6.578834524909902
from_ipod,material,0.5151515151515151,6.59152856772905
from_ipod,material,0.5227272727272727,6.6455467583711645
from_ipod,material,0.5303030303030303,6.661446471016727
from_ipod,material,0.5378787878787878,6.661300360210663
from_ipod,material,0.5454545454545454,6.636669795963016
from_ipod,material,0.553030303030303,6.6556794753979664
from_ipod,material,0.5606060606060606,6.649576258784389
from_ipod,material,0.5681818181818182,6.623120571579609
from_ipod,material,0.5757575757575758,6.645781060815692
from_ipod,material,0.5833333333333334,6.636416800650035
from_ipod,material,0.5909090909090909,6.643980737019963
from_ipod,material,0.5984848484848485,6.608632362507442
from_ipod,material,0.6060606060606061,6.630059314043762
from_ipod,material,0.6136363636363636,6.622797616141221
from_ipod,material,0.6212121212121212,6.620858624125391
from_ipod,material,0.6287878787878788,6.628661742558663
from_ipod,material,0.6363636363636364,6.613932928034949
from_ipod,material,0.6439393939393939,6.597765092995407
from_ipod,material,0.6515151515151515,6.601369402446411
from_ipod,material,0.6590909090909091,6.576970018320458
from_ipod,material,0.6666666666666666,6.5468827716007505
from_ipod,material,0.6742424242424242,6.5409435630701624
from_ipod,material,0.6818181818181818,6.537150699087419
from_ipod,material,0.6893939393939394,6.540011976828325
from_ipod,material,0.696969696969697,6.531282682019092
from_ipod,material,0.7045454545454546,6.521418966332334
from_ipod,material,0.7121212121212122,6.496448632599278
from_ipod,material,0.7196969696969697,6.464719533671805
from_ipod,material,0.7272727272727273,6.45578332944388
from_ipod,material,0.7348484848484849,6.441148188316359
from_ipod,material,0.7424242424242424,6.432937257539617
from_ipod,material,0.75,6.438780861551858
from_ipod,material,0.7575757575757576,6.4336711503892685
from_ipod,material,0.7651515151515151,6.406800191285359
from_ipod,material,0.7727272727272727,6.4198270901542775
from_ipod,material,0.7803030303030303,6.4295718910343425
from_ipod,material,0.7878787878787878,6.417197865171732
from_ipod,material,0.7954545454545454,6.417389985705712
from_ipod,material,0.803030303030303,6.429898392078499
from_ipod,material,0.8106060606060606,6.445252358605373
from_ipod,material,0.8181818181818182,6.453637718212096
from_ipod,material,0.8257575757575758,6.435349939120655
from_ipod,material,0.8333333333333334,6.407139386154867
from_ipod,material,0.8409090909090909,6.388761520011637
from_ipod,material,0.8484848484848485,6.356891187241717
from_ipod,material,0.8560606060606061,6.330858586080699
from_ipod,material,0.8636363636363636,6.3138205668786105
from_ipod,material,0.8712121212121212,6.315136916872549
from_ipod,material,0.8787878787878788,6.287748015347453
from_ipod,material,0.8863636363636364,6.280043798260962
from_ipod,material,0.8939393939393939,6.261200138096105
from_ipod,material,0.9015151515151515,6.236303879901425
from_ipod,material,0.9090909090909091,6.236686063442839
from_ipod,material,0.9166666666666666,6.225383326018801
from_ipod,material,0.9242424242424242,6.228105003350046
from_ipod,material,0.9318181818181818,6.215799239663365
from_ipod,material,0.9393939393939394,6.219570197697433
from_ipod,material,0.946969696969697,6.2062843301673505
from_ipod,material,0.9545454545454546,6.206813057923401
from_ipod,material,0.9621212121212122,6.198794070013414
from_ipod,material,0.9696969696969697,6.184862044505876
from_ipod,material,0.9772727272727273,6.176815211869813
from_ipod,material,0.9848484848484849,6.161447253506171
from_ipod,material,0.9924242424242424,6.1479698309643185
from_ipod,material,1.0,6.131146160968158
from_ipod,tangent_residual,0.007575757575757576,2.7095057722732174
from_ipod,tangent_residual,0.015151515151515152,3.8864799416438083
from_ipod,tangent_residual,0.022727272727272728,3.7963160860215996
from_ipod,tangent_residual,0.030303030303030304,4.388505337666342
from_ipod,tangent_residual,0.03787878787878788,4.81215083232165
from_ipod,tangent_residual,0.045454545454545456,4.752930185328652
from_ipod,tangent_residual,0.05303030303030303,4.846283412277944
from_ipod,tangent_residual,0.06060606060606061,4.966325037902682
from_ipod,tangent_residual,0.06818181818181818,5.026689318795296
from_ipod,tangent_residual,0.07575757575757576,4.996057875500636
from_ipod,tangent_residual,0.08333333333333333,5.022194912579791
from_ipod,tangent_residual,0.09090909090909091,4.895441127089918
from_ipod,tangent_residual,0.09848484848484848,5.070432223424337
from_ipod,tangent_residual,0.10606060606060606,5.3122874529890085
from_ipod,tangent_residual,0.11363636363636363,5.386790398449372
from_ipod,tangent_residual,0.12121212121212122,5.5526619070432846
from_ipod,tangent_residual,0.12878787878787878,5.552398760830961
from_ipod,tangent_residual,0.13636363636363635,5.579908329147398
from_ipod,tangent_residual,0.14393939393939395,5.679548407861339
from_ipod,tangent_residual,0.15151515151515152,5.783299988145174
from_ipod,tangent_residual,0.1590909090909091,5.7811005271424944
from_ipod,tangent_residual,0.16666666666666666,5.7773986585272175
from_ipod,tangent_residual,0.17424242424242425,5.886848059620012
from_ipod,tangent_residual,0.18181818181818182,5.918519891265852
from_ipod,tangent_residual,0.1893939393939394,5.8660414617660335
from_ipod,tangent_residual,0.19696969696969696,5.872522882894387
from_ipod,tangent_residual,0.20454545454545456,5.933607044067627
from_ipod,tangent_residual,0.21212121212121213,5.943304474314792
from_ipod,tangent_residual,0.2196969696969697,5.953370192128227
from_ipod,tangent_residual,0.22727272727272727,5.899502197725261
from_ipod,tangent_residual,0.23484848484848486,5.864083053786696
from_ipod,tangent_residual,0.24242424242424243,5.903410296774527
from_ipod,tangent_residual,0.25,5.865467116312202
from_ipod,tangent_residual,0.25757575757575757,5.864426403031178
from_ipod,tangent_residual,0.26515151515151514,5.86416852661042
from_ipod,tangent_residual,0.2727272727272727,5.844363914793111
from_ipod,tangent_residual,0.2803030303030303,5.859355988079037
from_ipod,tangent_residual,0.2878787878787879,5.868911106607712
from_ipod,tangent_residual,0.29545454545454547,5.878466153426629
from_ipod,tangent_residual,0.30303030303030304,5.833512811642273
from_ipod,tangent_residual,0.3106060606060606,5.821344993495107
from_ipod,tangent_residual,0.3181818181818182,5.838329042317099
from_ipod,tangent_residual,0.32575757575757575,5.8392316258690675
from_ipod,tangent_residual,0.3333333333333333,5.837401639806725
from_ipod,tangent_residual,0.3409090909090909,5.8239963109310535
from_ipod,tangent_residual,0.3484848484848485,5.845802086878233
from_ipod,tangent_residual,0.3560606060606061,5.86118715836799
from_ipod,tangent_residual,0.36363636363636365,5.865051129827226
from_ipod,tangent_residual,0.3712121212121212,5.8763253154675175
from_ipod,tangent_residual,0.3787878787878788,5.874405842329743
from_ipod,tangent_residual,0.38636363636363635,5.89356015138101
from_ipod,tangent_residual,0.3939393939393939,5.891440022381232
from_ipod,tangent_residual,0.4015151515151515,5.871472045343837
from_ipod,tangent_residual,0.4090909090909091,5.887194582321566
from_ipod,tangent_residual,0.4166666666666667,5.888880176918188
from_ipod,tangent_residual,0.42424242424242425,5.87152350354222
from_ipod,tangent_residual,0.4318181818181818,5.877060593261752
from_ipod,tangent_residual,0.4393939393939394,5.861387850445954
from_ipod,tangent_residual,0.44696969696969696,5.827441170066226
from_ipod,tangent_residual,0.45454545454545453,5.836756463704482
from_ipod,tangent_residual,0.4621212121212121,5.867513051479391
from_ipod,tangent_residual,0.4696969696969697,5.887242263486468
from_ipod,tangent_residual,0.4772727272727273,5.906065929457523
from_ipod,tangent_residual,0.48484848484848486,5.933838244980476
from_ipod,tangent_residual,0.49242424242424243,5.961144936225615
from_ipod,tangent_residual,0.5,5.9380422992646205
from_ipod,tangent_residual,0.5075757575757576,5.957971939739843
from_ipod,tangent_residual,0.5151515151515151,5.94259540194155
from_ipod,tangent_residual,0.5227272727272727,5.955106658167442
from_ipod,tangent_residual,0.5303030303030303,5.966534110973935
from_ipod,tangent_residual,0.5378787878787878,5.9727840803690135
from_ipod,tangent_residual,0.5454545454545454,5.980837537282973
from_ipod,tangent_residual,0.553030303030303,5.982417218716281
from_ipod,tangent_residual,0.5606060606060606,6.020005658539284
from_ipod,tangent_residual,0.5681818181818182,6.029424849125547
from_ipod,tangent_residual,0.5757575757575758,6.057169110298325
from_ipod,tangent_residual,0.5833333333333334,6.0658926133743565
from_ipod,tangent_residual,0.5909090909090909,6.0581240099610225
from_ipod,tangent_residual,0.5984848484848485,6.052453990871282
from_ipod,tangent_residual,0.6060606060606061,6.062133738254171
from_ipod,tangent_residual,0.6136363636363636,6.060256466727478
from_ipod,tangent_residual,0.6212121212121212,6.05297253548352
from_ipod,tangent_residual,0.6287878787878788,6.039054723234353
from_ipod,tangent_residual,0.6363636363636364,6.03446793562657
from_ipod,tangent_residual,0.6439393939393939,6.020009225102285
from_ipod,tangent_residual,0.6515151515151515,6.009070161873375
from_ipod,tangent_residual,0.6590909090909091,6.005622066699343
from_ipod,tangent_residual,0.6666666666666666,5.984087577592205
from_ipod,tangent_residual,0.6742424242424242,5.982284988207122
from_ipod,tangent_residual,0.6818181818181818,5.985525272661563
from_ipod,tangent_residual,0.6893939393939394,5.98431060804218
from_ipod,tangent_residual,0.696969696969697,5.972724545091043
from_ipod,tangent_residual,0.7045454545454546,5.955976450016755
from_ipod,tangent_residual,0.7121212121212122,5.969748450890371
from_ipod,tangent_residual,0.7196969696969697,5.9677002598777245
from_ipod,tangent_residual,0.7272727272727273,5.955054759834013
from_ipod,tangent_residual,0.7348484848484849,5.967374048893043
from_ipod,tangent_residual,0.7424242424242424,5.954438045162509
from_ipod,tangent_residual,0.75,5.944720940291064
from_ipod,tangent_residual,0.7575757575757576,5.91601557449387
from_ipod,tangent_residual,0.7651515151515151,5.9410882263440135
from_ipod,tangent_residual,0.7727272727272727,5.930156285887647
from_ipod,tangent_residual,0.7803030303030303,5.9331075564697775
from_ipod,tangent_residual,0.7878787878787878,5.92730214370971
from_ipod,tangent_residual,0.7954545454545454,5.932352322421086
from_ipod,tangent_residual,0.803030303030303,5.915111049283028
from_ipod,tangent_residual,0.8106060606060606,5.910470227747304
from_ipod,tangent_residual,0.8181818181818182,5.89885648742705
from_ipod,tangent_residual,0.8257575757575758,5.909460711913675
from_ipod,tangent_residual,0.8333333333333334,5.914226116930247
from_ipod,tangent_residual,0.8409090909090909,5.907508826794853
from_ipod,tangent_residual,0.8484848484848485,5.943483454851307
from_ipod,tangent_residual,0.8560606060606061,5.92530220872298
from_ipod,tangent_residual,0.8636363636363636,5.936982046700858
from_ipod,tangent_residual,0.8712121212121212,5.927458288193484
from_ipod,tangent_residual,0.8787878787878788,5.922305927995908
from_ipod,tangent_residual,0.8863636363636364,5.928046197241265
from_ipod,tangent_residual,0.8939393939393939,5.919671267263993
from_ipod,tangent_residual,0.9015151515151515,5.912711087349834
from_ipod,tangent_residual,0.9090909090909091,5.908383062674808
from_ipod,tangent_residual,0.9166666666666666,5.922396821748303
from_ipod,tangent_residual,0.9242424242424242,5.950711283278661
from_ipod,tangent_residual,0.9318181818181818,5.973819238376798
from_ipod,tangent_residual,0.9393939393939394,5.96984085457168
from_ipod,tangent_residual,0.946969696969697,5.982233809844419
from_ipod,tangent_residual,0.9545454545454546,6.004648502380476
from_ipod,tangent_residual,0.9621212121212122,6.018766105187577
from_ipod,tangent_residual,0.9696969696969697,6.012306293337359
from_ipod,tangent_residual,0.9772727272727273,6.0145910903804
from_ipod,tangent_residual,0.9848484848484849,6.03655929893029
from_ipod,tangent_residual,0.9924242424242424,6.019856638340376
from_ipod,tangent_residual,1.0,6.01284930968252
from_ipod,material_residual,0.007575757575757576,2.7814450390047227
from_ipod,material_residual,0.015151515151515152,4.659766556182664
from_ipod,material_residual,0.022727272727272728,4.393403751824071
from_ipod,material_residual,0.030303030303030304,4.422997984809048
from_ipod,material_residual,0.03787878787878788,4.456524820464683
from_ipod,material_residual,0.045454545454545456,4.623560339336987
from_ipod,material_residual,0.05303030303030303,4.721813481845298
from_ipod,material_residual,0.06060606060606061,4.599726056686232
from_ipod,material_residual,0.06818181818181818,4.741604097745595
from_ipod,material_residual,0.07575757575757576,4.689978788011779
from_ipod,material_residual,0.08333333333333333,4.915297021727382
from_ipod,material_residual,0.09090909090909091,5.0153528006310895
from_ipod,material_residual,0.09848484848484848,4.99724095696806
from_ipod,material_residual,0.10606060606060606,4.951657922207368
from_ipod,material_residual,0.11363636363636363,4.840322927762309
from_ipod,material_residual,0.12121212121212122,4.8415781452518845
from_ipod,material_residual,0.12878787878787878,5.092397779257724
from_ipod,material_residual,0.13636363636363635,5.171796743895585
from_ipod,material_residual,0.14393939393939395,5.244891752126025
from_ipod,material_residual,0.15151515151515152,5.282268384260601
from_ipod,material_residual,0.1590909090909091,5.315916988382159
from_ipod,material_residual,0.16666666666666666,5.40699106910854
from_ipod,material_residual,0.17424242424242425,5.441170461553047
from_ipod,material_residual,0.18181818181818182,5.415306706211805
from_ipod,material_residual,0.1893939393939394,5.557366381082453
from_ipod,material_residual,0.19696969696969696,5.613262819794258
from_ipod,material_residual,0.20454545454545456,5.693030927510911
from_ipod,material_residual,0.21212121212121213,5.671903253820802
from_ipod,material_residual,0.2196969696969697,5.660045017839739
from_ipod,material_residual,0.22727272727272727,5.6825830728895435
from_ipod,material_residual,0.23484848484848486,5.689525229358387
from_ipod,material_residual,0.24242424242424243,5.797268443101007
from_ipod,material_residual,0.25,5.807881976273559
from_ipod,material_residual,0.25757575757575757,5.814028257878398
from_ipod,material_residual,0.26515151515151514,5.832637254235675
from_ipod,material_residual,0.2727272727272727,5.8706050540097605
from_ipod,material_residual,0.2803030303030303,5.913493307535785
from_ipod,material_residual,0.2878787878787879,5.963982981681576
from_ipod,material_residual,0.29545454545454547,5.9150355087025135
from_ipod,material_residual,0.30303030303030304,5.9142154152506095
from_ipod,material_residual,0.3106060606060606,5.921062317091567
from_ipod,material_residual,0.3181818181818182,5.978136463640902
from_ipod,material_residual,0.32575757575757575,5.992199153711295
from_ipod,material_residual,0.3333333333333333,6.026473765302145
from_ipod,material_residual,0.3409090909090909,6.032321096252517
from_ipod,material_residual,0.3484848484848485,6.027759608605287
from_ipod,material_residual,0.3560606060606061,6.020877360923328
from_ipod,material_residual,0.36363636363636365,6.0542352432041815
from_ipod,material_residual,0.3712121212121212,6.046077665983564
from_ipod,material_residual,0.3787878787878788,6.06968581807303
from_ipod,material_residual,0.38636363636363635,6.075113505255067
from_ipod,material_residual,0.3939393939393939,6.061459056671061
from_ipod,material_residual,0.4015151515151515,6.040746822330214
from_ipod,material_residual,0.4090909090909091,6.06884943305867
from_ipod,material_residual,0.4166666666666667,6.075221619832624
from_ipod,material_residual,0.42424242424242425,6.106095594737408
from_ipod,material_residual,0.4318181818181818,6.115578744688942
from_ipod,material_residual,0.4393939393939394,6.133966760241784
from_ipod,material_residual,0.44696969696969696,6.1608346361396
from_ipod,material_residual,0.45454545454545453,6.172365016120694
from_ipod,material_residual,0.4621212121212121,6.214978961164468
from_ipod,material_residual,0.4696969696969697,6.209255279766347
from_ipod,material_residual,0.4772727272727273,6.196903731319484
from_ipod,material_residual,0.48484848484848486,6.196399603973891
from_ipod,material_residual,0.49242424242424243,6.232634306932302
from_ipod,material_residual,0.5,6.258193671190554
from_ipod,material_residual,0.5075757575757576,6.232586755984683
from_ipod,material_residual,0.5151515151515151,6.236568628407352
from_ipod,material_residual,0.5227272727272727,6.251126172051831
from_ipod,material_residual,0.5303030303030303,6.242744342058871
from_ipod,material_residual,0.5378787878787878,6.25440417590744
from_ipod,material_residual,0.5454545454545454,6.285239987187431
from_ipod,material_residual,0.553030303030303,6.3200599070404015
from_ipod,material_residual,0.5606060606060606,6.322251205166725
from_ipod,material_residual,0.5681818181818182,6.3303947518216175
from_ipod,material_residual,0.5757575757575758,6.320095588569539
from_ipod,material_residual,0.5833333333333334,6.293738238107907
from_ipod,material_residual,0.5909090909090909,6.325801774801886
from_ipod,material_residual,0.5984848484848485,6.344924656469956
from_ipod,material_residual,0.6060606060606061,6.343534243878648
from_ipod,material_residual,0.6136363636363636,6.3414887428645486
from_ipod,material_residual,0.6212121212121212,6.323711126144279
from_ipod,material_residual,0.6287878787878788,6.3112073161043325
from_ipod,material_residual,0.6363636363636364,6.301269230749543
from_ipod,material_residual,0.6439393939393939,6.293611779680508
from_ipod,material_residual,0.6515151515151515,6.330490325814399
from_ipod,material_residual,0.6590909090909091,6.325414831121148
from_ipod,material_residual,0.6666666666666666,6.347667760743639
from_ipod,material_residual,0.6742424242424242,6.3479632860845685
from_ipod,material_residual,0.6818181818181818,6.359792768980429
from_ipod,material_residual,0.6893939393939394,6.348908251222805
from_ipod,material_residual,0.696969696969697,6.347424403426687
from_ipod,material_residual,0.7045454545454546,6.3567790741407935
from_ipod,material_residual,0.7121212121212122,6.349097621867222
from_ipod,material_residual,0.7196969696969697,6.322136260413437
from_ipod,material_residual,0.7272727272727273,6.311336517338617
from_ipod,material_residual,0.7348484848484849,6.285704439636423
from_ipod,material_residual,0.7424242424242424,6.283311669162568
from_ipod,material_residual,0.75,6.298572056414851
from_ipod,material_residual,0.7575757575757576,6.298138127994793
from_ipod,material_residual,0.7651515151515151,6.296239062745869
from_ipod,material_residual,0.7727272727272727,6.271233543640856
from_ipod,material_residual,0.7803030303030303,6.282599980871296
from_ipod,material_residual,0.7878787878787878,6.277885766288534
from_ipod,material_residual,0.7954545454545454,6.25308374853099
from_ipod,material_residual,0.803030303030303,6.2488799344118044
from_ipod,material_residual,0.8106060606060606,6.237931973050511
from_ipod,material_residual,0.8181818181818182,6.250438314286639
from_ipod,material_residual,0.8257575757575758,6.256114196461517
from_ipod,material_residual,0.8333333333333334,6.257081599669591
from_ipod,material_residual,0.8409090909090909,6.25157019077205
from_ipod,material_residual,0.8484848484848485,6.235585676091766
from_ipod,material_residual,0.8560606060606061,6.219634254703812
from_ipod,material_residual,0.8636363636363636,6.200030472440436
from_ipod,material_residual,0.8712121212121212,6.2060825884299256
from_ipod,material_residual,0.8787878787878788,6.190379673301355
from_ipod,material_residual,0.8863636363636364,6.188247262121518
from_ipod,material_residual,0.8939393939393939,6.185942473014982
from_ipod,material_residual,0.9015151515151515,6.17216232287559
from_ipod,material_residual,0.9090909090909091,6.180123684755984
from_ipod,material_residual,0.9166666666666666,6.180729251931872
from_ipod,material_residual,0.9242424242424242,6.183385661560162
from_ipod,material_residual,0.9318181818181818,6.1761024489979475
from_ipod,material_residual,0.9393939393939394,6.168199041978177
from_ipod,material_residual,0.946969696969697,6.1759093964370235
from_ipod,material_residual,0.9545454545454546,6.158443911015891
from_ipod,material_residual,0.9621212121212122,6.156144944678793
from_ipod,material_residual,0.9696969696969697,6.160783931463182
from_ipod,material_residual,0.9772727272727273,6.138007334187647
from_ipod,material_residual,0.9848484848484849,6.127930640319399
from_ipod,material_residual,0.9924242424242424,6.118574208017592
from_ipod,material_residual,1.0,6.11096654704627
