protocol,method,seed,accepted,population,coverage,mean_delta_e00
from_ipod,bias,17,1,132,0.007575757575757576,11.20881971308671
from_ipod,bias,17,2,132,0.015151515151515152,9.095000944186271
from_ipod,bias,17,3,132,0.022727272727272728,7.243581178824286
from_ipod,bias,17,4,132,0.030303030303030304,7.297740658629061
from_ipod,bias,17,5,132,0.03787878787878788,7.796235677534099
from_ipod,bias,17,6,132,0.045454545454545456,7.157179244199892
from_ipod,bias,17,7,132,0.05303030303030303,7.539468825529994
from_ipod,bias,17,8,132,0.06060606060606061,7.232078112555254
from_ipod,bias,17,9,132,0.06818181818181818,7.381082295988311
from_ipod,bias,17,10,132,0.07575757575757576,7.4025607626243985
from_ipod,bias,17,11,132,0.08333333333333333,6.9523670880835775
from_ipod,bias,17,12,132,0.09090909090909091,6.8875674178559825
from_ipod,bias,17,13,132,0.09848484848484848,6.731797005792657
from_ipod,bias,17,14,132,0.10606060606060606,6.795947596122447
from_ipod,bias,17,15,132,0.11363636363636363,6.642796118593553
from_ipod,bias,17,16,132,0.12121212121212122,6.602142629593049
from_ipod,bias,17,17,132,0.12878787878787878,6.42462211312797
from_ipod,bias,17,18,132,0.13636363636363635,6.3228468627644
from_ipod,bias,17,19,132,0.14393939393939395,6.415535180505829
from_ipod,bias,17,20,132,0.15151515151515152,6.652881112772553
from_ipod,bias,17,21,132,0.1590909090909091,6.690111951293291
from_ipod,bias,17,22,132,0.16666666666666666,6.801327913709179
from_ipod,bias,17,23,132,0.17424242424242425,6.626765978159397
from_ipod,bias,17,24,132,0.18181818181818182,6.610099633433177
from_ipod,bias,17,25,132,0.1893939393939394,6.712508094372415
from_ipod,bias,17,26,132,0.19696969696969696,6.646010039894348
from_ipod,bias,17,27,132,0.20454545454545456,6.809245922395725
from_ipod,bias,17,28,132,0.21212121212121213,7.017016294475431
from_ipod,bias,17,29,132,0.2196969696969697,6.918706812640893
from_ipod,bias,17,30,132,0.22727272727272727,6.849004835372297
from_ipod,bias,17,31,132,0.23484848484848486,6.889023304336248
from_ipod,bias,17,32,132,0.24242424242424243,6.816534871911581
from_ipod,bias,17,33,132,0.25,6.798234888390564
from_ipod,bias,17,34,132,0.25757575757575757,6.753626430065227
from_ipod,bias,17,35,132,0.26515151515151514,6.827929208605247
from_ipod,bias,17,36,132,0.2727272727272727,6.780891087203308
from_ipod,bias,17,37,132,0.2803030303030303,6.696801310016771
from_ipod,bias,17,38,132,0.2878787878787879,6.772909175239094
from_ipod,bias,17,39,132,0.29545454545454547,6.773013970129552
from_ipod,bias,17,40,132,0.30303030303030304,6.89698561047782
from_ipod,bias,17,41,132,0.3106060606060606,7.040723756129935
from_ipod,bias,17,42,132,0.3181818181818182,6.978728452475916
from_ipod,bias,17,43,132,0.32575757575757575,6.9057549147589965
from_ipod,bias,17,44,132,0.3333333333333333,6.870240725186659
from_ipod,bias,17,45,132,0.3409090909090909,6.856537377828719
from_ipod,bias,17,46,132,0.3484848484848485,6.9375568527905696
from_ipod,bias,17,47,132,0.3560606060606061,7.0868350578065975
from_ipod,bias,17,48,132,0.36363636363636365,7.227318059511216
from_ipod,bias,17,49,132,0.3712121212121212,7.24191966214933
from_ipod,bias,17,50,132,0.3787878787878788,7.373058867237204
from_ipod,bias,17,51,132,0.38636363636363635,7.361945905572416
from_ipod,bias,17,52,132,0.3939393939393939,7.356686898232085
from_ipod,bias,17,53,132,0.4015151515151515,7.315765410713323
from_ipod,bias,17,54,132,0.4090909090909091,7.294678820406711
from_ipod,bias,17,55,132,0.4166666666666667,7.396593664937625
from_ipod,bias,17,56,132,0.42424242424242425,7.3535170993210555
from_ipod,bias,17,57,132,0.4318181818181818,7.436365596270489
from_ipod,bias,17,58,132,0.4393939393939394,7.628786188106233
from_ipod,bias,17,59,132,0.44696969696969696,7.6471089714133065
from_ipod,bias,17,60,132,0.45454545454545453,7.6190705553583795
from_ipod,bias,17,61,132,0.4621212121212121,7.597979173613667
from_ipod,bias,17,62,132,0.4696969696969697,7.59746291997409
from_ipod,bias,17,63,132,0.4772727272727273,7.645841397709097
from_ipod,bias,17,64,132,0.48484848484848486,7.791486590964243
from_ipod,bias,17,65,132,0.49242424242424243,7.739028287904219
from_ipod,bias,17,66,132,0.5,7.743229257177909
from_ipod,bias,17,67,132,0.5075757575757576,7.680399234383702
from_ipod,bias,17,68,132,0.5151515151515151,7.688674004792049
from_ipod,bias,17,69,132,0.5227272727272727,7.754289624925898
from_ipod,bias,17,70,132,0.5303030303030303,7.787321323735649
from_ipod,bias,17,71,132,0.5378787878787878,7.733978687855693
from_ipod,bias,17,72,132,0.5454545454545454,7.761828880739342
from_ipod,bias,17,73,132,0.553030303030303,7.7492970030488095
from_ipod,bias,17,74,132,0.5606060606060606,7.822067112547697
from_ipod,bias,17,75,132,0.5681818181818182,7.841871622370962
from_ipod,bias,17,76,132,0.5757575757575758,7.875769815528376
from_ipod,bias,17,77,132,0.5833333333333334,7.838517947633497
from_ipod,bias,17,78,132,0.5909090909090909,7.916444829433781
from_ipod,bias,17,79,132,0.5984848484848485,7.903854376747297
from_ipod,bias,17,80,132,0.6060606060606061,7.950056048113258
from_ipod,bias,17,81,132,0.6136363636363636,7.905700012032896
from_ipod,bias,17,82,132,0.6212121212121212,7.894675407032838
from_ipod,bias,17,83,132,0.6287878787878788,7.884948501908669
from_ipod,bias,17,84,132,0.6363636363636364,7.937586924793891
from_ipod,bias,17,85,132,0.6439393939393939,8.002492615806835
from_ipod,bias,17,86,132,0.6515151515151515,7.978044215924253
from_ipod,bias,17,87,132,0.6590909090909091,7.974399396440187
from_ipod,bias,17,88,132,0.6666666666666666,7.962684793744457
from_ipod,bias,17,89,132,0.6742424242424242,8.026227055326915
from_ipod,bias,17,90,132,0.6818181818181818,8.026289829470304
from_ipod,bias,17,91,132,0.6893939393939394,7.9976800269947015
from_ipod,bias,17,92,132,0.696969696969697,8.044120346106215
from_ipod,bias,17,93,132,0.7045454545454546,8.051397055515425
from_ipod,bias,17,94,132,0.7121212121212122,8.114726564310756
from_ipod,bias,17,95,132,0.7196969696969697,8.136890256930668
from_ipod,bias,17,96,132,0.7272727272727273,8.180452598234933
from_ipod,bias,17,97,132,0.7348484848484849,8.178683770988327
from_ipod,bias,17,98,132,0.7424242424242424,8.188751594217115
from_ipod,bias,17,99,132,0.75,8.172811911762127
from_ipod,bias,17,100,132,0.7575757575757576,8.21352425754395
from_ipod,bias,17,101,132,0.7651515151515151,8.20232433506626
from_ipod,bias,17,102,132,0.7727272727272727,8.26690176894503
from_ipod,bias,17,103,132,0.7803030303030303,8.323542185433377
from_ipod,bias,17,104,132,0.7878787878787878,8.382918525232185
from_ipod,bias,17,105,132,0.7954545454545454,8.363459512252302
from_ipod,bias,17,106,132,0.803030303030303,8.365838965663558
from_ipod,bias,17,107,132,0.8106060606060606,8.349235319530878
from_ipod,bias,17,108,132,0.8181818181818182,8.351610776676106
from_ipod,bias,17,109,132,0.8257575757575758,8.312622197239438
from_ipod,bias,17,110,132,0.8333333333333334,8.267695339523895
from_ipod,bias,17,111,132,0.8409090909090909,8.31950121685167
from_ipod,bias,17,112,132,0.8484848484848485,8.367743853951726
from_ipod,bias,17,113,132,0.8560606060606061,8.40498197907737
from_ipod,bias,17,114,132,0.8636363636363636,8.453260681359165
from_ipod,bias,17,115,132,0.8712121212121212,8.425620156743033
from_ipod,bias,17,116,132,0.8787878787878788,8.414523061041951
from_ipod,bias,17,117,132,0.8863636363636364,8.450054828415096
from_ipod,bias,17,118,132,0.8939393939393939,8.424118562196043
from_ipod,bias,17,119,132,0.9015151515151515,8.431924400742169
from_ipod,bias,17,120,132,0.9090909090909091,8.454731667480646
from_ipod,bias,17,121,132,0.9166666666666666,8.444723911495094
from_ipod,bias,17,122,132,0.9242424242424242,8.424791663502802
from_ipod,bias,17,123,132,0.9318181818181818,8.443866751289438
from_ipod,bias,17,124,132,0.9393939393939394,8.442093363478193
from_ipod,bias,17,125,132,0.946969696969697,8.432693907552311
from_ipod,bias,17,126,132,0.9545454545454546,8.44254339460626
from_ipod,bias,17,127,132,0.9621212121212122,8.426860884841323
from_ipod,bias,17,128,132,0.9696969696969697,8.446956697314024
from_ipod,bias,17,129,132,0.9772727272727273,8.410702949771862
from_ipod,bias,17,130,132,0.9848484848484849,8.408976031309335
from_ipod,bias,17,131,132,0.9924242424242424,8.36810330643692
from_ipod,bias,17,132,132,1.0,8.362325810705984
from_ipod,bias,29,1,132,0.007575757575757576,11.753987175666554
from_ipod,bias,29,2,132,0.015151515151515152,7.867426471523899
from_ipod,bias,29,3,132,0.022727272727272728,9.044931875213953
from_ipod,bias,29,4,132,0.030303030303030304,8.120429854958754
from_ipod,bias,29,5,132,0.03787878787878788,7.401960316929002
from_ipod,bias,29,6,132,0.045454545454545456,7.923276591433204
from_ipod,bias,29,7,132,0.05303030303030303,7.445158250921445
from_ipod,bias,29,8,132,0.06060606060606061,7.768845341375378
from_ipod,bias,29,9,132,0.06818181818181818,7.4529631260296725
from_ipod,bias,29,10,132,0.07575757575757576,7.441662339254063
from_ipod,bias,29,11,132,0.08333333333333333,7.257926713931969
from_ipod,bias,29,12,132,0.09090909090909091,7.463517655617291
from_ipod,bias,29,13,132,0.09848484848484848,7.087902740493683
from_ipod,bias,29,14,132,0.10606060606060606,7.167300853937808
from_ipod,bias,29,15,132,0.11363636363636363,7.020930143855504
from_ipod,bias,29,16,132,0.12121212121212122,7.106971164844392
from_ipod,bias,29,17,132,0.12878787878787878,7.048523180311172
from_ipod,bias,29,18,132,0.13636363636363635,7.016205417458552
from_ipod,bias,29,19,132,0.14393939393939395,7.208032572953482
from_ipod,bias,29,20,132,0.15151515151515152,7.057369192343894
from_ipod,bias,29,21,132,0.1590909090909091,7.083201789990516
from_ipod,bias,29,22,132,0.16666666666666666,6.883418702419193
from_ipod,bias,29,23,132,0.17424242424242425,6.738307942824615
from_ipod,bias,29,24,132,0.18181818181818182,6.883350000629317
from_ipod,bias,29,25,132,0.1893939393939394,6.903192235517891
from_ipod,bias,29,26,132,0.19696969696969696,6.964935766257737
from_ipod,bias,29,27,132,0.20454545454545456,6.988076241421322
from_ipod,bias,29,28,132,0.21212121212121213,7.028763825178168
from_ipod,bias,29,29,132,0.2196969696969697,7.000075731529152
from_ipod,bias,29,30,132,0.22727272727272727,7.098603020345899
from_ipod,bias,29,31,132,0.23484848484848486,7.206183094277434
from_ipod,bias,29,32,132,0.24242424242424243,7.167727987007861
from_ipod,bias,29,33,132,0.25,7.2437262454558216
from_ipod,bias,29,34,132,0.25757575757575757,7.12127525230517
from_ipod,bias,29,35,132,0.26515151515151514,7.152470701366193
from_ipod,bias,29,36,132,0.2727272727272727,7.252884691897315
from_ipod,bias,29,37,132,0.2803030303030303,7.3750136137660744
from_ipod,bias,29,38,132,0.2878787878787879,7.390278399144476
from_ipod,bias,29,39,132,0.29545454545454547,7.298982083937742
from_ipod,bias,29,40,132,0.30303030303030304,7.237794562044063
from_ipod,bias,29,41,132,0.3106060606060606,7.234699696116855
from_ipod,bias,29,42,132,0.3181818181818182,7.186209923832742
from_ipod,bias,29,43,132,0.32575757575757575,7.249560001751161
from_ipod,bias,29,44,132,0.3333333333333333,7.388054689799943
from_ipod,bias,29,45,132,0.3409090909090909,7.519056761143558
from_ipod,bias,29,46,132,0.3484848484848485,7.474718776908771
from_ipod,bias,29,47,132,0.3560606060606061,7.5406826937653255
from_ipod,bias,29,48,132,0.36363636363636365,7.647705649185344
from_ipod,bias,29,49,132,0.3712121212121212,7.6427517430783265
from_ipod,bias,29,50,132,0.3787878787878788,7.630930468187042
from_ipod,bias,29,51,132,0.38636363636363635,7.672826367000417
from_ipod,bias,29,52,132,0.3939393939393939,7.6889231365308195
from_ipod,bias,29,53,132,0.4015151515151515,7.659387795094208
from_ipod,bias,29,54,132,0.4090909090909091,7.663352727945944
from_ipod,bias,29,55,132,0.4166666666666667,7.66913144081626
from_ipod,bias,29,56,132,0.42424242424242425,7.6671306620531166
from_ipod,bias,29,57,132,0.4318181818181818,7.620289859354891
from_ipod,bias,29,58,132,0.4393939393939394,7.5994097548959765
from_ipod,bias,29,59,132,0.44696969696969696,7.5911800023406535
from_ipod,bias,29,60,132,0.45454545454545453,7.569476422240705
from_ipod,bias,29,61,132,0.4621212121212121,7.574825212771071
from_ipod,bias,29,62,132,0.4696969696969697,7.60739395095832
from_ipod,bias,29,63,132,0.4772727272727273,7.661518581704521
from_ipod,bias,29,64,132,0.48484848484848486,7.6139939368567475
from_ipod,bias,29,65,132,0.49242424242424243,7.584433575161368
from_ipod,bias,29,66,132,0.5,7.604180945435012
from_ipod,bias,29,67,132,0.5075757575757576,7.642076398093262
from_ipod,bias,29,68,132,0.5151515151515151,7.620000768229913
from_ipod,bias,29,69,132,0.5227272727272727,7.603292624496746
from_ipod,bias,29,70,132,0.5303030303030303,7.74542980084057
from_ipod,bias,29,71,132,0.5378787878787878,7.803887281998184
from_ipod,bias,29,72,132,0.5454545454545454,7.822354289402028
from_ipod,bias,29,73,132,0.553030303030303,7.791553515998815
from_ipod,bias,29,74,132,0.5606060606060606,7.761977624345042
from_ipod,bias,29,75,132,0.5681818181818182,7.722631196320742
from_ipod,bias,29,76,132,0.5757575757575758,7.724151080610668
from_ipod,bias,29,77,132,0.5833333333333334,7.8244406216579
from_ipod,bias,29,78,132,0.5909090909090909,7.870241889338711
from_ipod,bias,29,79,132,0.5984848484848485,7.876160209778162
from_ipod,bias,29,80,132,0.6060606060606061,7.887102546236423
from_ipod,bias,29,81,132,0.6136363636363636,7.867523402830661
from_ipod,bias,29,82,132,0.6212121212121212,7.855274795397463
from_ipod,bias,29,83,132,0.6287878787878788,7.83943561785556
from_ipod,bias,29,84,132,0.6363636363636364,7.839630818529698
from_ipod,bias,29,85,132,0.6439393939393939,7.886375332453149
from_ipod,bias,29,86,132,0.6515151515151515,7.887994195730441
from_ipod,bias,29,87,132,0.6590909090909091,7.91714088310136
from_ipod,bias,29,88,132,0.6666666666666666,7.904093472769161
from_ipod,bias,29,89,132,0.6742424242424242,7.895326928720014
from_ipod,bias,29,90,132,0.6818181818181818,7.925169830283338
from_ipod,bias,29,91,132,0.6893939393939394,7.9371085523172535
from_ipod,bias,29,92,132,0.696969696969697,7.907968960070655
from_ipod,bias,29,93,132,0.7045454545454546,7.923797571664516
from_ipod,bias,29,94,132,0.7121212121212122,7.943173501475198
from_ipod,bias,29,95,132,0.7196969696969697,7.966688457516387
from_ipod,bias,29,96,132,0.7272727272727273,8.014061618018845
from_ipod,bias,29,97,132,0.7348484848484849,8.048088648779325
from_ipod,bias,29,98,132,0.7424242424242424,8.013577665430109
from_ipod,bias,29,99,132,0.75,7.979019797247442
from_ipod,bias,29,100,132,0.7575757575757576,7.967973058389074
from_ipod,bias,29,101,132,0.7651515151515151,7.997075308025822
from_ipod,bias,29,102,132,0.7727272727272727,7.974401321949589
from_ipod,bias,29,103,132,0.7803030303030303,7.955353771522113
from_ipod,bias,29,104,132,0.7878787878787878,7.95375135819483
from_ipod,bias,29,105,132,0.7954545454545454,7.993540919963809
from_ipod,bias,29,106,132,0.803030303030303,8.020921847707834
from_ipod,bias,29,107,132,0.8106060606060606,8.041187473237978
from_ipod,bias,29,108,132,0.8181818181818182,8.09222051945664
from_ipod,bias,29,109,132,0.8257575757575758,8.138110181003606
from_ipod,bias,29,110,132,0.8333333333333334,8.118668172942256
from_ipod,bias,29,111,132,0.8409090909090909,8.153131916881854
from_ipod,bias,29,112,132,0.8484848484848485,8.118062255624311
from_ipod,bias,29,113,132,0.8560606060606061,8.159625151025503
from_ipod,bias,29,114,132,0.8636363636363636,8.139306387352377
from_ipod,bias,29,115,132,0.8712121212121212,8.122518674248411
from_ipod,bias,29,116,132,0.8787878787878788,8.124794293305783
from_ipod,bias,29,117,132,0.8863636363636364,8.168998191447244
from_ipod,bias,29,118,132,0.8939393939393939,8.205031499032513
from_ipod,bias,29,119,132,0.9015151515151515,8.214394439089455
from_ipod,bias,29,120,132,0.9090909090909091,8.226467211851034
from_ipod,bias,29,121,132,0.9166666666666666,8.219507499626625
from_ipod,bias,29,122,132,0.9242424242424242,8.23110444540136
from_ipod,bias,29,123,132,0.9318181818181818,8.25917229490085
from_ipod,bias,29,124,132,0.9393939393939394,8.28030079147067
from_ipod,bias,29,125,132,0.946969696969697,8.291190187714573
from_ipod,bias,29,126,132,0.9545454545454546,8.267003216645021
from_ipod,bias,29,127,132,0.9621212121212122,8.286160885976953
from_ipod,bias,29,128,132,0.9696969696969697,8.283807276171197
from_ipod,bias,29,129,132,0.9772727272727273,8.280446188008446
from_ipod,bias,29,130,132,0.9848484848484849,8.24842082484325
from_ipod,bias,29,131,132,0.9924242424242424,8.243499021988772
from_ipod,bias,29,132,132,1.0,8.208275603063267
from_ipod,bias,43,1,132,0.007575757575757576,4.764176852070261
from_ipod,bias,43,2,132,0.015151515151515152,8.100734162483768
from_ipod,bias,43,3,132,0.022727272727272728,6.893702629497807
from_ipod,bias,43,4,132,0.030303030303030304,7.476460559379077
from_ipod,bias,43,5,132,0.03787878787878788,7.144397183520782
from_ipod,bias,43,6,132,0.045454545454545456,7.5815951524743825
from_ipod,bias,43,7,132,0.05303030303030303,7.342817532523567
from_ipod,bias,43,8,132,0.06060606060606061,7.373900938509217
from_ipod,bias,43,9,132,0.06818181818181818,7.7902391369340585
from_ipod,bias,43,10,132,0.07575757575757576,7.834336130207438
from_ipod,bias,43,11,132,0.08333333333333333,7.349939765122169
from_ipod,bias,43,12,132,0.09090909090909091,7.128851547527095
from_ipod,bias,43,13,132,0.09848484848484848,7.198079944734786
from_ipod,bias,43,14,132,0.10606060606060606,7.3901086161342615
from_ipod,bias,43,15,132,0.11363636363636363,7.371563953722439
from_ipod,bias,43,16,132,0.12121212121212122,7.611102147576445
from_ipod,bias,43,17,132,0.12878787878787878,7.619375958351392
from_ipod,bias,43,18,132,0.13636363636363635,7.420869290653733
from_ipod,bias,43,19,132,0.14393939393939395,7.311326437967331
from_ipod,bias,43,20,132,0.15151515151515152,7.178983350694432
from_ipod,bias,43,21,132,0.1590909090909091,7.115345439790671
from_ipod,bias,43,22,132,0.16666666666666666,7.263026158089022
from_ipod,bias,43,23,132,0.17424242424242425,7.308042725039803
from_ipod,bias,43,24,132,0.18181818181818182,7.168619742109347
from_ipod,bias,43,25,132,0.1893939393939394,7.176018828534387
from_ipod,bias,43,26,132,0.19696969696969696,7.0990488852958
from_ipod,bias,43,27,132,0.20454545454545456,6.948115373338023
from_ipod,bias,43,28,132,0.21212121212121213,6.935669010800104
from_ipod,bias,43,29,132,0.2196969696969697,7.056190421247563
from_ipod,bias,43,30,132,0.22727272727272727,7.221318481466452
from_ipod,bias,43,31,132,0.23484848484848486,7.247535694070901
from_ipod,bias,43,32,132,0.24242424242424243,7.441883409136579
from_ipod,bias,43,33,132,0.25,7.378244787049927
from_ipod,bias,43,34,132,0.25757575757575757,7.474564925578365
from_ipod,bias,43,35,132,0.26515151515151514,7.374766447283545
from_ipod,bias,43,36,132,0.2727272727272727,7.35143660076467
from_ipod,bias,43,37,132,0.2803030303030303,7.3546466933604
from_ipod,bias,43,38,132,0.2878787878787879,7.3170627263710255
from_ipod,bias,43,39,132,0.29545454545454547,7.280252032261444
from_ipod,bias,43,40,132,0.30303030303030304,7.476793002225278
from_ipod,bias,43,41,132,0.3106060606060606,7.560823362697931
from_ipod,bias,43,42,132,0.3181818181818182,7.558072205987067
from_ipod,bias,43,43,132,0.32575757575757575,7.73176676237297
from_ipod,bias,43,44,132,0.3333333333333333,7.7629563476819525
from_ipod,bias,43,45,132,0.3409090909090909,7.760671115117167
from_ipod,bias,43,46,132,0.3484848484848485,7.8951077932621
from_ipod,bias,43,47,132,0.3560606060606061,7.846449156850219
from_ipod,bias,43,48,132,0.36363636363636365,7.910116889126257
from_ipod,bias,43,49,132,0.3712121212121212,7.99845910495087
from_ipod,bias,43,50,132,0.3787878787878788,7.945719053854463
from_ipod,bias,43,51,132,0.38636363636363635,8.06933553270944
from_ipod,bias,43,52,132,0.3939393939393939,8.018113524064795
from_ipod,bias,43,53,132,0.4015151515151515,8.013856031845217
from_ipod,bias,43,54,132,0.4090909090909091,8.119235103668757
from_ipod,bias,43,55,132,0.4166666666666667,8.11681708262356
from_ipod,bias,43,56,132,0.42424242424242425,8.155162836392773
from_ipod,bias,43,57,132,0.4318181818181818,8.143568133948744
from_ipod,bias,43,58,132,0.4393939393939394,8.077134502403316
from_ipod,bias,43,59,132,0.44696969696969696,8.047013475787182
from_ipod,bias,43,60,132,0.45454545454545453,8.088134677003044
from_ipod,bias,43,61,132,0.4621212121212121,8.281183995479918
from_ipod,bias,43,62,132,0.4696969696969697,8.325201346213047
from_ipod,bias,43,63,132,0.4772727272727273,8.2698098733135
from_ipod,bias,43,64,132,0.48484848484848486,8.336098509484934
from_ipod,bias,43,65,132,0.49242424242424243,8.348429629564388
from_ipod,bias,43,66,132,0.5,8.289406515071603
from_ipod,bias,43,67,132,0.5075757575757576,8.263150271591911
from_ipod,bias,43,68,132,0.5151515151515151,8.27551110314504
from_ipod,bias,43,69,132,0.5227272727272727,8.304197593507444
from_ipod,bias,43,70,132,0.5303030303030303,8.297725644247668
from_ipod,bias,43,71,132,0.5378787878787878,8.270608920047302
from_ipod,bias,43,72,132,0.5454545454545454,8.33275371276809
from_ipod,bias,43,73,132,0.553030303030303,8.466249384475775
from_ipod,bias,43,74,132,0.5606060606060606,8.461238497988974
from_ipod,bias,43,75,132,0.5681818181818182,8.466910852490873
from_ipod,bias,43,76,132,0.5757575757575758,8.500307296774169
from_ipod,bias,43,77,132,0.5833333333333334,8.458647342449183
from_ipod,bias,43,78,132,0.5909090909090909,8.47152279056671
from_ipod,bias,43,79,132,0.5984848484848485,8.429316705466505
from_ipod,bias,43,80,132,0.6060606060606061,8.393376627186944
from_ipod,bias,43,81,132,0.6136363636363636,8.383304723559256
from_ipod,bias,43,82,132,0.6212121212121212,8.446103812628548
from_ipod,bias,43,83,132,0.6287878787878788,8.423204970146566
from_ipod,bias,43,84,132,0.6363636363636364,8.409681420502992
from_ipod,bias,43,85,132,0.6439393939393939,8.481432595720594
from_ipod,bias,43,86,132,0.6515151515151515,8.524085989796365
from_ipod,bias,43,87,132,0.6590909090909091,8.582652278111585
from_ipod,bias,43,88,132,0.6666666666666666,8.647855646465374
from_ipod,bias,43,89,132,0.6742424242424242,8.665581370573783
from_ipod,bias,43,90,132,0.6818181818181818,8.690517335815995
from_ipod,bias,43,91,132,0.6893939393939394,8.729889303837162
from_ipod,bias,43,92,132,0.696969696969697,8.769542898934585
from_ipod,bias,43,93,132,0.7045454545454546,8.831046826128349
from_ipod,bias,43,94,132,0.7121212121212122,8.893233097029258
from_ipod,bias,43,95,132,0.7196969696969697,8.873280770653839
from_ipod,bias,43,96,132,0.7272727272727273,8.916422341861773
from_ipod,bias,43,97,132,0.7348484848484849,8.977658333190009
from_ipod,bias,43,98,132,0.7424242424242424,8.984902270912615
from_ipod,bias,43,99,132,0.75,8.96995533320032
from_ipod,bias,43,100,132,0.7575757575757576,9.02233718540086
from_ipod,bias,43,101,132,0.7651515151515151,9.091086360713193
from_ipod,bias,43,102,132,0.7727272727272727,9.078954395679284
from_ipod,bias,43,103,132,0.7803030303030303,9.055448576211871
from_ipod,bias,43,104,132,0.7878787878787878,9.09543888679701
from_ipod,bias,43,105,132,0.7954545454545454,9.099148502499537
from_ipod,bias,43,106,132,0.803030303030303,9.08269385526535
from_ipod,bias,43,107,132,0.8106060606060606,9.047022627772566
from_ipod,bias,43,108,132,0.8181818181818182,9.03961163281983
from_ipod,bias,43,109,132,0.8257575757575758,9.03123554267305
from_ipod,bias,43,110,132,0.8333333333333334,8.995238702528251
from_ipod,bias,43,111,132,0.8409090909090909,8.974218806474141
from_ipod,bias,43,112,132,0.8484848484848485,9.026587014218295
from_ipod,bias,43,113,132,0.8560606060606061,8.98067707564992
from_ipod,bias,43,114,132,0.8636363636363636,9.03001184087316
from_ipod,bias,43,115,132,0.8712121212121212,9.063498629809327
from_ipod,bias,43,116,132,0.8787878787878788,9.05992213512894
from_ipod,bias,43,117,132,0.8863636363636364,9.052285666197866
from_ipod,bias,43,118,132,0.8939393939393939,9.02160774996046
from_ipod,bias,43,119,132,0.9015151515151515,9.066194210095649
from_ipod,bias,43,120,132,0.9090909090909091,9.043857142714888
from_ipod,bias,43,121,132,0.9166666666666666,9.063596372543934
from_ipod,bias,43,122,132,0.9242424242424242,9.069408743247427
from_ipod,bias,43,123,132,0.9318181818181818,9.093513655469195
from_ipod,bias,43,124,132,0.9393939393939394,9.087615403058418
from_ipod,bias,43,125,132,0.946969696969697,9.09422558718896
from_ipod,bias,43,126,132,0.9545454545454546,9.090761080913001
from_ipod,bias,43,127,132,0.9621212121212122,9.11049034830127
from_ipod,bias,43,128,132,0.9696969696969697,9.093299605137382
from_ipod,bias,43,129,132,0.9772727272727273,9.050574938928365
from_ipod,bias,43,130,132,0.9848484848484849,9.04551641237493
from_ipod,bias,43,131,132,0.9924242424242424,9.002165392016567
from_ipod,bias,43,132,132,1.0,8.992520922200306
from_ipod,fixed_grid,17,1,132,0.007575757575757576,3.8462794997528964
from_ipod,fixed_grid,17,2,132,0.015151515151515152,5.784242384370701
from_ipod,fixed_grid,17,3,132,0.022727272727272728,5.391157595468482
from_ipod,fixed_grid,17,4,132,0.030303030303030304,5.820507956222815
from_ipod,fixed_grid,17,5,132,0.03787878787878788,5.666546587576059
from_ipod,fixed_grid,17,6,132,0.045454545454545456,5.791385882353613
from_ipod,fixed_grid,17,7,132,0.05303030303030303,5.890116819928648
from_ipod,fixed_grid,17,8,132,0.06060606060606061,5.255230847442512
from_ipod,fixed_grid,17,9,132,0.06818181818181818,5.025954424450102
from_ipod,fixed_grid,17,10,132,0.07575757575757576,5.010981219615783
from_ipod,fixed_grid,17,11,132,0.08333333333333333,5.098967407371442
from_ipod,fixed_grid,17,12,132,0.09090909090909091,4.980725107995942
from_ipod,fixed_grid,17,13,132,0.09848484848484848,4.9664278705341625
from_ipod,fixed_grid,17,14,132,0.10606060606060606,4.990787992547714
from_ipod,fixed_grid,17,15,132,0.11363636363636363,4.936997097830817
from_ipod,fixed_grid,17,16,132,0.12121212121212122,4.743495563335342
from_ipod,fixed_grid,17,17,132,0.12878787878787878,4.937866367935432
from_ipod,fixed_grid,17,18,132,0.13636363636363635,5.002711829459809
from_ipod,fixed_grid,17,19,132,0.14393939393939395,5.018714790321876
from_ipod,fixed_grid,17,20,132,0.15151515151515152,4.994691451651102
from_ipod,fixed_grid,17,21,132,0.1590909090909091,5.012764702428162
from_ipod,fixed_grid,17,22,132,0.16666666666666666,4.971132467522627
from_ipod,fixed_grid,17,23,132,0.17424242424242425,4.976111280460904
from_ipod,fixed_grid,17,24,132,0.18181818181818182,4.832534792863325
from_ipod,fixed_grid,17,25,132,0.1893939393939394,4.9041001048346455
from_ipod,fixed_grid,17,26,132,0.19696969696969696,4.789376797792037
from_ipod,fixed_grid,17,27,132,0.20454545454545456,4.833931302097199
from_ipod,fixed_grid,17,28,132,0.21212121212121213,4.932234214351659
from_ipod,fixed_grid,17,29,132,0.2196969696969697,4.8387969550939705
from_ipod,fixed_grid,17,30,132,0.22727272727272727,4.845228422085331
from_ipod,fixed_grid,17,31,132,0.23484848484848486,4.8907797694989865
from_ipod,fixed_grid,17,32,132,0.24242424242424243,4.8195314793452395
from_ipod,fixed_grid,17,33,132,0.25,4.798671250436619
from_ipod,fixed_grid,17,34,132,0.25757575757575757,4.728536381212345
from_ipod,fixed_grid,17,35,132,0.26515151515151514,4.723976539918883
from_ipod,fixed_grid,17,36,132,0.2727272727272727,4.675079163672967
from_ipod,fixed_grid,17,37,132,0.2803030303030303,4.61972006731457
from_ipod,fixed_grid,17,38,132,0.2878787878787879,4.578157399090345
from_ipod,fixed_grid,17,39,132,0.29545454545454547,4.660005007898242
from_ipod,fixed_grid,17,40,132,0.30303030303030304,4.680853052006641
from_ipod,fixed_grid,17,41,132,0.3106060606060606,4.692040547248485
from_ipod,fixed_grid,17,42,132,0.3181818181818182,4.647740991904707
from_ipod,fixed_grid,17,43,132,0.32575757575757575,4.691896105606261
from_ipod,fixed_grid,17,44,132,0.3333333333333333,4.731977814621531
from_ipod,fixed_grid,17,45,132,0.3409090909090909,4.738726568912047
from_ipod,fixed_grid,17,46,132,0.3484848484848485,4.769715738125297
from_ipod,fixed_grid,17,47,132,0.3560606060606061,4.749921814753818
from_ipod,fixed_grid,17,48,132,0.36363636363636365,4.927732839063773
from_ipod,fixed_grid,17,49,132,0.3712121212121212,4.946957871686604
from_ipod,fixed_grid,17,50,132,0.3787878787878788,4.918493509568608
from_ipod,fixed_grid,17,51,132,0.38636363636363635,4.992265196580586
from_ipod,fixed_grid,17,52,132,0.3939393939393939,5.091463468763384
from_ipod,fixed_grid,17,53,132,0.4015151515151515,5.197126400660575
from_ipod,fixed_grid,17,54,132,0.4090909090909091,5.167403237085331
from_ipod,fixed_grid,17,55,132,0.4166666666666667,5.2656711575467945
from_ipod,fixed_grid,17,56,132,0.42424242424242425,5.22675968354421
from_ipod,fixed_grid,17,57,132,0.4318181818181818,5.230841162869476
from_ipod,fixed_grid,17,58,132,0.4393939393939394,5.222039773030425
from_ipod,fixed_grid,17,59,132,0.44696969696969696,5.259488115601776
from_ipod,fixed_grid,17,60,132,0.45454545454545453,5.371693486206675
from_ipod,fixed_grid,17,61,132,0.4621212121212121,5.381271564272182
from_ipod,fixed_grid,17,62,132,0.4696969696969697,5.378367721203614
from_ipod,fixed_grid,17,63,132,0.4772727272727273,5.401637684388274
from_ipod,fixed_grid,17,64,132,0.48484848484848486,5.406311098708528
from_ipod,fixed_grid,17,65,132,0.49242424242424243,5.4568592332192285
from_ipod,fixed_grid,17,66,132,0.5,5.44579914984516
from_ipod,fixed_grid,17,67,132,0.5075757575757576,5.429169562384346
from_ipod,fixed_grid,17,68,132,0.5151515151515151,5.476638608425345
from_ipod,fixed_grid,17,69,132,0.5227272727272727,5.479567983687365
from_ipod,fixed_grid,17,70,132,0.5303030303030303,5.460858111886818
from_ipod,fixed_grid,17,71,132,0.5378787878787878,5.472379424845875
from_ipod,fixed_grid,17,72,132,0.5454545454545454,5.451829475316604
from_ipod,fixed_grid,17,73,132,0.553030303030303,5.404408301111952
from_ipod,fixed_grid,17,74,132,0.5606060606060606,5.421098049544872
from_ipod,fixed_grid,17,75,132,0.5681818181818182,5.361943925408017
from_ipod,fixed_grid,17,76,132,0.5757575757575758,5.406303971802164
from_ipod,fixed_grid,17,77,132,0.5833333333333334,5.468497552653032
from_ipod,fixed_grid,17,78,132,0.5909090909090909,5.471434148714713
from_ipod,fixed_grid,17,79,132,0.5984848484848485,5.508883586870505
from_ipod,fixed_grid,17,80,132,0.6060606060606061,5.487001567294181
from_ipod,fixed_grid,17,81,132,0.6136363636363636,5.459932690334434
from_ipod,fixed_grid,17,82,132,0.6212121212121212,5.482589203951918
from_ipod,fixed_grid,17,83,132,0.6287878787878788,5.559232353281415
from_ipod,fixed_grid,17,84,132,0.6363636363636364,5.604410523348585
from_ipod,fixed_grid,17,85,132,0.6439393939393939,5.627903623542461
from_ipod,fixed_grid,17,86,132,0.6515151515151515,5.638196002972595
from_ipod,fixed_grid,17,87,132,0.6590909090909091,5.652978384022134
from_ipod,fixed_grid,17,88,132,0.6666666666666666,5.637375836184182
from_ipod,fixed_grid,17,89,132,0.6742424242424242,5.630158199719159
from_ipod,fixed_grid,17,90,132,0.6818181818181818,5.6486741258268305
from_ipod,fixed_grid,17,91,132,0.6893939393939394,5.66663242724797
from_ipod,fixed_grid,17,92,132,0.696969696969697,5.670063471524812
from_ipod,fixed_grid,17,93,132,0.7045454545454546,5.693755890237312
from_ipod,fixed_grid,17,94,132,0.7121212121212122,5.7247309377587765
from_ipod,fixed_grid,17,95,132,0.7196969696969697,5.726292155569416
from_ipod,fixed_grid,17,96,132,0.7272727272727273,5.761305230803049
from_ipod,fixed_grid,17,97,132,0.7348484848484849,5.815109373831672
from_ipod,fixed_grid,17,98,132,0.7424242424242424,5.851774677988261
from_ipod,fixed_grid,17,99,132,0.75,5.854781775128564
from_ipod,fixed_grid,17,100,132,0.7575757575757576,5.8345192569368916
from_ipod,fixed_grid,17,101,132,0.7651515151515151,5.815778756300174
from_ipod,fixed_grid,17,102,132,0.7727272727272727,5.795610580043317
from_ipod,fixed_grid,17,103,132,0.7803030303030303,5.8235470735006585
from_ipod,fixed_grid,17,104,132,0.7878787878787878,5.8385219199693745
from_ipod,fixed_grid,17,105,132,0.7954545454545454,5.848932983878711
from_ipod,fixed_grid,17,106,132,0.803030303030303,5.869962135161076
from_ipod,fixed_grid,17,107,132,0.8106060606060606,5.883805155677506
from_ipod,fixed_grid,17,108,132,0.8181818181818182,5.872869700499536
from_ipod,fixed_grid,17,109,132,0.8257575757575758,5.888944969745354
from_ipod,fixed_grid,17,110,132,0.8333333333333334,5.8765971696533645
from_ipod,fixed_grid,17,111,132,0.8409090909090909,5.8790486865091465
from_ipod,fixed_grid,17,112,132,0.8484848484848485,5.8490310854150875
from_ipod,fixed_grid,17,113,132,0.8560606060606061,5.846755345809395
from_ipod,fixed_grid,17,114,132,0.8636363636363636,5.8752736399159655
from_ipod,fixed_grid,17,115,132,0.8712121212121212,5.831915702729591
from_ipod,fixed_grid,17,116,132,0.8787878787878788,5.805255488630763
from_ipod,fixed_grid,17,117,132,0.8863636363636364,5.831458819070874
from_ipod,fixed_grid,17,118,132,0.8939393939393939,5.811719292592384
from_ipod,fixed_grid,17,119,132,0.9015151515151515,5.841876929637953
from_ipod,fixed_grid,17,120,132,0.9090909090909091,5.8259222991616335
from_ipod,fixed_grid,17,121,132,0.9166666666666666,5.807838155303408
from_ipod,fixed_grid,17,122,132,0.9242424242424242,5.777823740697646
from_ipod,fixed_grid,17,123,132,0.9318181818181818,5.771868031192307
from_ipod,fixed_grid,17,124,132,0.9393939393939394,5.7861946630790495
from_ipod,fixed_grid,17,125,132,0.946969696969697,5.828989754173368
from_ipod,fixed_grid,17,126,132,0.9545454545454546,5.857718414675911
from_ipod,fixed_grid,17,127,132,0.9621212121212122,5.821525134691032
from_ipod,fixed_grid,17,128,132,0.9696969696969697,5.804511389895192
from_ipod,fixed_grid,17,129,132,0.9772727272727273,5.785709805952081
from_ipod,fixed_grid,17,130,132,0.9848484848484849,5.783252967356309
from_ipod,fixed_grid,17,131,132,0.9924242424242424,5.82949208102135
from_ipod,fixed_grid,17,132,132,1.0,5.8467124291594725
from_ipod,fixed_grid,29,1,132,0.007575757575757576,2.14346719679848
from_ipod,fixed_grid,29,2,132,0.015151515151515152,2.4501720315847706
from_ipod,fixed_grid,29,3,132,0.022727272727272728,2.826649183204879
from_ipod,fixed_grid,29,4,132,0.030303030303030304,3.5535420327775524
from_ipod,fixed_grid,29,5,132,0.03787878787878788,4.018394048537033
from_ipod,fixed_grid,29,6,132,0.045454545454545456,4.5224977939229385
from_ipod,fixed_grid,29,7,132,0.05303030303030303,4.438510371020547
from_ipod,fixed_grid,29,8,132,0.06060606060606061,4.347928575001011
from_ipod,fixed_grid,29,9,132,0.06818181818181818,4.0312894940787745
from_ipod,fixed_grid,29,10,132,0.07575757575757576,3.993010530140199
from_ipod,fixed_grid,29,11,132,0.08333333333333333,3.967690936336752
from_ipod,fixed_grid,29,12,132,0.09090909090909091,3.771270847788845
from_ipod,fixed_grid,29,13,132,0.09848484848484848,3.6538632500175714
from_ipod,fixed_grid,29,14,132,0.10606060606060606,3.747316061817635
from_ipod,fixed_grid,29,15,132,0.11363636363636363,3.867903121375368
from_ipod,fixed_grid,29,16,132,0.12121212121212122,3.715222225584035
from_ipod,fixed_grid,29,17,132,0.12878787878787878,3.7691046912604906
from_ipod,fixed_grid,29,18,132,0.13636363636363635,3.7730678825171284
from_ipod,fixed_grid,29,19,132,0.14393939393939395,4.0656647600502085
from_ipod,fixed_grid,29,20,132,0.15151515151515152,4.159068677808975
from_ipod,fixed_grid,29,21,132,0.1590909090909091,4.078976763580755
from_ipod,fixed_grid,29,22,132,0.16666666666666666,4.0671753568389555
from_ipod,fixed_grid,29,23,132,0.17424242424242425,4.077405583473007
from_ipod,fixed_grid,29,24,132,0.18181818181818182,4.034256159137654
from_ipod,fixed_grid,29,25,132,0.1893939393939394,3.952230212123183
from_ipod,fixed_grid,29,26,132,0.19696969696969696,3.9559930707587845
from_ipod,fixed_grid,29,27,132,0.20454545454545456,3.9390654612077953
from_ipod,fixed_grid,29,28,132,0.21212121212121213,3.998633265002089
from_ipod,fixed_grid,29,29,132,0.2196969696969697,3.98273086851533
from_ipod,fixed_grid,29,30,132,0.22727272727272727,3.983069810085261
from_ipod,fixed_grid,29,31,132,0.23484848484848486,3.996897240696142
from_ipod,fixed_grid,29,32,132,0.24242424242424243,4.076878257549525
from_ipod,fixed_grid,29,33,132,0.25,4.123466791236594
from_ipod,fixed_grid,29,34,132,0.25757575757575757,4.0269082223417385
from_ipod,fixed_grid,29,35,132,0.26515151515151514,3.9928020054975084
from_ipod,fixed_grid,29,36,132,0.2727272727272727,4.067302133845863
from_ipod,fixed_grid,29,37,132,0.2803030303030303,4.0107292725728385
from_ipod,fixed_grid,29,38,132,0.2878787878787879,3.9651709581014725
from_ipod,fixed_grid,29,39,132,0.29545454545454547,3.978719981333709
from_ipod,fixed_grid,29,40,132,0.30303030303030304,3.910825194043278
from_ipod,fixed_grid,29,41,132,0.3106060606060606,3.889744643418533
from_ipod,fixed_grid,29,42,132,0.3181818181818182,3.8300167544043053
from_ipod,fixed_grid,29,43,132,0.32575757575757575,3.8442384754476153
from_ipod,fixed_grid,29,44,132,0.3333333333333333,3.899953002898528
from_ipod,fixed_grid,29,45,132,0.3409090909090909,3.841548773564434
from_ipod,fixed_grid,29,46,132,0.3484848484848485,3.88640316964036
from_ipod,fixed_grid,29,47,132,0.3560606060606061,3.985637288819944
from_ipod,fixed_grid,29,48,132,0.36363636363636365,4.06573734247463
from_ipod,fixed_grid,29,49,132,0.3712121212121212,4.069069402010113
from_ipod,fixed_grid,29,50,132,0.3787878787878788,4.150900921214644
from_ipod,fixed_grid,29,51,132,0.38636363636363635,4.271824566587952
from_ipod,fixed_grid,29,52,132,0.3939393939393939,4.339663025213123
from_ipod,fixed_grid,29,53,132,0.4015151515151515,4.338212889634202
from_ipod,fixed_grid,29,54,132,0.4090909090909091,4.355956731148115
from_ipod,fixed_grid,29,55,132,0.4166666666666667,4.307087370206303
from_ipod,fixed_grid,29,56,132,0.42424242424242425,4.278834453806371
from_ipod,fixed_grid,29,57,132,0.4318181818181818,4.3156910183015835
from_ipod,fixed_grid,29,58,132,0.4393939393939394,4.312561017671647
from_ipod,fixed_grid,29,59,132,0.44696969696969696,4.348391475462835
from_ipod,fixed_grid,29,60,132,0.45454545454545453,4.371732825962239
from_ipod,fixed_grid,29,61,132,0.4621212121212121,4.40138594160333
from_ipod,fixed_grid,29,62,132,0.4696969696969697,4.375805431699227
from_ipod,fixed_grid,29,63,132,0.4772727272727273,4.467853464322395
from_ipod,fixed_grid,29,64,132,0.48484848484848486,4.476247885268492
from_ipod,fixed_grid,29,65,132,0.49242424242424243,4.549941992272807
from_ipod,fixed_grid,29,66,132,0.5,4.5252570865268655
from_ipod,fixed_grid,29,67,132,0.5075757575757576,4.585759794428313
from_ipod,fixed_grid,29,68,132,0.5151515151515151,4.564608965689786
from_ipod,fixed_grid,29,69,132,0.5227272727272727,4.526145200032141
from_ipod,fixed_grid,29,70,132,0.5303030303030303,4.523631119571484
from_ipod,fixed_grid,29,71,132,0.5378787878787878,4.521102749612214
from_ipod,fixed_grid,29,72,132,0.5454545454545454,4.599653855812483
from_ipod,fixed_grid,29,73,132,0.553030303030303,4.60804218964893
from_ipod,fixed_grid,29,74,132,0.5606060606060606,4.61532094101116
from_ipod,fixed_grid,29,75,132,0.5681818181818182,4.592741487346671
from_ipod,fixed_grid,29,76,132,0.5757575757575758,4.554145309381673
from_ipod,fixed_grid,29,77,132,0.5833333333333334,4.6241115223400335
from_ipod,fixed_grid,29,78,132,0.5909090909090909,4.652479034442238
from_ipod,fixed_grid,29,79,132,0.5984848484848485,4.647777826327258
from_ipod,fixed_grid,29,80,132,0.6060606060606061,4.669493618964056
from_ipod,fixed_grid,29,81,132,0.6136363636363636,4.67781977643431
from_ipod,fixed_grid,29,82,132,0.6212121212121212,4.635196305139186
from_ipod,fixed_grid,29,83,132,0.6287878787878788,4.65566327636157
from_ipod,fixed_grid,29,84,132,0.6363636363636364,4.639595223072449
from_ipod,fixed_grid,29,85,132,0.6439393939393939,4.614913692681137
from_ipod,fixed_grid,29,86,132,0.6515151515151515,4.6203502669608065
from_ipod,fixed_grid,29,87,132,0.6590909090909091,4.639200794817568
from_ipod,fixed_grid,29,88,132,0.6666666666666666,4.653208266584513
from_ipod,fixed_grid,29,89,132,0.6742424242424242,4.675990754777776
from_ipod,fixed_grid,29,90,132,0.6818181818181818,4.689721358373831
from_ipod,fixed_grid,29,91,132,0.6893939393939394,4.708005976063153
from_ipod,fixed_grid,29,92,132,0.696969696969697,4.681434296213072
from_ipod,fixed_grid,29,93,132,0.7045454545454546,4.736845495158102
from_ipod,fixed_grid,29,94,132,0.7121212121212122,4.723048669730614
from_ipod,fixed_grid,29,95,132,0.7196969696969697,4.719703090853417
from_ipod,fixed_grid,29,96,132,0.7272727272727273,4.7205546295062435
from_ipod,fixed_grid,29,97,132,0.7348484848484849,4.714208061153646
from_ipod,fixed_grid,29,98,132,0.7424242424242424,4.737987715658722
from_ipod,fixed_grid,29,99,132,0.75,4.773899073374153
from_ipod,fixed_grid,29,100,132,0.7575757575757576,4.793088169276091
from_ipod,fixed_grid,29,101,132,0.7651515151515151,4.825492431822861
from_ipod,fixed_grid,29,102,132,0.7727272727272727,4.787298422543381
from_ipod,fixed_grid,29,103,132,0.7803030303030303,4.806018432813147
from_ipod,fixed_grid,29,104,132,0.7878787878787878,4.796491778467824
from_ipod,fixed_grid,29,105,132,0.7954545454545454,4.835195752405524
from_ipod,fixed_grid,29,106,132,0.803030303030303,4.818436230116238
from_ipod,fixed_grid,29,107,132,0.8106060606060606,4.8248124090757205
from_ipod,fixed_grid,29,108,132,0.8181818181818182,4.867100129719194
from_ipod,fixed_grid,29,109,132,0.8257575757575758,4.868413338586635
from_ipod,fixed_grid,29,110,132,0.8333333333333334,4.876789291973417
from_ipod,fixed_grid,29,111,132,0.8409090909090909,4.859630807633827
from_ipod,fixed_grid,29,112,132,0.8484848484848485,4.859234133858188
from_ipod,fixed_grid,29,113,132,0.8560606060606061,4.899061857621639
from_ipod,fixed_grid,29,114,132,0.8636363636363636,4.863768145037482
from_ipod,fixed_grid,29,115,132,0.8712121212121212,4.8722956058848705
from_ipod,fixed_grid,29,116,132,0.8787878787878788,4.8984424182031905
from_ipod,fixed_grid,29,117,132,0.8863636363636364,4.939487077602228
from_ipod,fixed_grid,29,118,132,0.8939393939393939,4.974970487692246
from_ipod,fixed_grid,29,119,132,0.9015151515151515,4.968098188478946
from_ipod,fixed_grid,29,120,132,0.9090909090909091,4.9804792520232315
from_ipod,fixed_grid,29,121,132,0.9166666666666666,4.9609280047811195
from_ipod,fixed_grid,29,122,132,0.9242424242424242,4.940466846254578
from_ipod,fixed_grid,29,123,132,0.9318181818181818,4.917447977134034
from_ipod,fixed_grid,29,124,132,0.9393939393939394,4.917799828190741
from_ipod,fixed_grid,29,125,132,0.946969696969697,4.900352424926622
from_ipod,fixed_grid,29,126,132,0.9545454545454546,4.896273499800167
from_ipod,fixed_grid,29,127,132,0.9621212121212122,4.940624884146244
from_ipod,fixed_grid,29,128,132,0.9696969696969697,4.921628879741092
from_ipod,fixed_grid,29,129,132,0.9772727272727273,4.905976933791621
from_ipod,fixed_grid,29,130,132,0.9848484848484849,4.900136384994367
from_ipod,fixed_grid,29,131,132,0.9924242424242424,4.956764290875447
from_ipod,fixed_grid,29,132,132,1.0,4.9716641269263535
from_ipod,fixed_grid,43,1,132,0.007575757575757576,1.4265044014181234
from_ipod,fixed_grid,43,2,132,0.015151515151515152,1.9424707820227227
from_ipod,fixed_grid,43,3,132,0.022727272727272728,2.2659945869615354
from_ipod,fixed_grid,43,4,132,0.030303030303030304,3.1569006700281417
from_ipod,fixed_grid,43,5,132,0.03787878787878788,3.296648143714988
from_ipod,fixed_grid,43,6,132,0.045454545454545456,3.6973855202994876
from_ipod,fixed_grid,43,7,132,0.05303030303030303,3.8022179536166667
from_ipod,fixed_grid,43,8,132,0.06060606060606061,3.976606129476721
from_ipod,fixed_grid,43,9,132,0.06818181818181818,3.9846658446075245
from_ipod,fixed_grid,43,10,132,0.07575757575757576,3.848335567182274
from_ipod,fixed_grid,43,11,132,0.08333333333333333,3.7297937664074707
from_ipod,fixed_grid,43,12,132,0.09090909090909091,3.8740338244329906
from_ipod,fixed_grid,43,13,132,0.09848484848484848,3.759683596440237
from_ipod,fixed_grid,43,14,132,0.10606060606060606,3.705408778343134
from_ipod,fixed_grid,43,15,132,0.11363636363636363,3.6227089947677587
from_ipod,fixed_grid,43,16,132,0.12121212121212122,3.612759830364563
from_ipod,fixed_grid,43,17,132,0.12878787878787878,3.5830762040961126
from_ipod,fixed_grid,43,18,132,0.13636363636363635,3.6655144151714714
from_ipod,fixed_grid,43,19,132,0.14393939393939395,3.693096866780298
from_ipod,fixed_grid,43,20,132,0.15151515151515152,3.7114821749852007
from_ipod,fixed_grid,43,21,132,0.1590909090909091,3.7736200824911803
from_ipod,fixed_grid,43,22,132,0.16666666666666666,3.6858693867125933
from_ipod,fixed_grid,43,23,132,0.17424242424242425,3.639354666718881
from_ipod,fixed_grid,43,24,132,0.18181818181818182,3.6453747484380905
from_ipod,fixed_grid,43,25,132,0.1893939393939394,3.6441579617923114
from_ipod,fixed_grid,43,26,132,0.19696969696969696,3.552676023160073
from_ipod,fixed_grid,43,27,132,0.20454545454545456,3.561287573631865
from_ipod,fixed_grid,43,28,132,0.21212121212121213,3.5989600774435604
from_ipod,fixed_grid,43,29,132,0.2196969696969697,3.578275025166142
from_ipod,fixed_grid,43,30,132,0.22727272727272727,3.6407757797689664
from_ipod,fixed_grid,43,31,132,0.23484848484848486,3.723946605506024
from_ipod,fixed_grid,43,32,132,0.24242424242424243,3.6667526810141307
from_ipod,fixed_grid,43,33,132,0.25,3.658445710511036
from_ipod,fixed_grid,43,34,132,0.25757575757575757,3.690338871923432
from_ipod,fixed_grid,43,35,132,0.26515151515151514,3.6320383374661493
from_ipod,fixed_grid,43,36,132,0.2727272727272727,3.638076363407576
from_ipod,fixed_grid,43,37,132,0.2803030303030303,3.5845845965637717
from_ipod,fixed_grid,43,38,132,0.2878787878787879,3.6197967367773445
from_ipod,fixed_grid,43,39,132,0.29545454545454547,3.5751378252778774
from_ipod,fixed_grid,43,40,132,0.30303030303030304,3.6345174755746825
from_ipod,fixed_grid,43,41,132,0.3106060606060606,3.682065481400075
from_ipod,fixed_grid,43,42,132,0.3181818181818182,3.696092856274026
from_ipod,fixed_grid,43,43,132,0.32575757575757575,3.8372283702818426
from_ipod,fixed_grid,43,44,132,0.3333333333333333,3.8414352887596706
from_ipod,fixed_grid,43,45,132,0.3409090909090909,3.8435132949120248
from_ipod,fixed_grid,43,46,132,0.3484848484848485,3.837998116855188
from_ipod,fixed_grid,43,47,132,0.3560606060606061,3.798370887845147
from_ipod,fixed_grid,43,48,132,0.36363636363636365,3.8992930025279624
from_ipod,fixed_grid,43,49,132,0.3712121212121212,3.904772555296874
from_ipod,fixed_grid,43,50,132,0.3787878787878788,3.8752581169551967
from_ipod,fixed_grid,43,51,132,0.38636363636363635,3.9719385411929014
from_ipod,fixed_grid,43,52,132,0.3939393939393939,3.958366331789831
from_ipod,fixed_grid,43,53,132,0.4015151515151515,4.090491960026172
from_ipod,fixed_grid,43,54,132,0.4090909090909091,4.108038488669615
from_ipod,fixed_grid,43,55,132,0.4166666666666667,4.151553230781668
from_ipod,fixed_grid,43,56,132,0.42424242424242425,4.131132934452402
from_ipod,fixed_grid,43,57,132,0.4318181818181818,4.162345099995787
from_ipod,fixed_grid,43,58,132,0.4393939393939394,4.167164280686473
from_ipod,fixed_grid,43,59,132,0.44696969696969696,4.12155190215482
from_ipod,fixed_grid,43,60,132,0.45454545454545453,4.150953306076747
from_ipod,fixed_grid,43,61,132,0.4621212121212121,4.129434826389516
from_ipod,fixed_grid,43,62,132,0.4696969696969697,4.137230842230969
from_ipod,fixed_grid,43,63,132,0.4772727272727273,4.177706714646322
from_ipod,fixed_grid,43,64,132,0.48484848484848486,4.225943332558974
from_ipod,fixed_grid,43,65,132,0.49242424242424243,4.242853071096956
from_ipod,fixed_grid,43,66,132,0.5,4.212191736437722
from_ipod,fixed_grid,43,67,132,0.5075757575757576,4.216610967357472
from_ipod,fixed_grid,43,68,132,0.5151515151515151,4.229931595274334
from_ipod,fixed_grid,43,69,132,0.5227272727272727,4.20699198469154
from_ipod,fixed_grid,43,70,132,0.5303030303030303,4.2874203542514175
from_ipod,fixed_grid,43,71,132,0.5378787878787878,4.2943051462935315
from_ipod,fixed_grid,43,72,132,0.5454545454545454,4.273047513983303
from_ipod,fixed_grid,43,73,132,0.553030303030303,4.273495482799089
from_ipod,fixed_grid,43,74,132,0.5606060606060606,4.3541365019692755
from_ipod,fixed_grid,43,75,132,0.5681818181818182,4.299949482933466
from_ipod,fixed_grid,43,76,132,0.5757575757575758,4.3126715117124785
from_ipod,fixed_grid,43,77,132,0.5833333333333334,4.3219016976370925
from_ipod,fixed_grid,43,78,132,0.5909090909090909,4.354842564566846
from_ipod,fixed_grid,43,79,132,0.5984848484848485,4.35564102827051
from_ipod,fixed_grid,43,80,132,0.6060606060606061,4.349149960689183
from_ipod,fixed_grid,43,81,132,0.6136363636363636,4.351192499439433
from_ipod,fixed_grid,43,82,132,0.6212121212121212,4.356307359727129
from_ipod,fixed_grid,43,83,132,0.6287878787878788,4.435938336533269
from_ipod,fixed_grid,43,84,132,0.6363636363636364,4.471917991507501
from_ipod,fixed_grid,43,85,132,0.6439393939393939,4.4366700484637995
from_ipod,fixed_grid,43,86,132,0.6515151515151515,4.454580829424869
from_ipod,fixed_grid,43,87,132,0.6590909090909091,4.434302964940898
from_ipod,fixed_grid,43,88,132,0.6666666666666666,4.419453518670492
from_ipod,fixed_grid,43,89,132,0.6742424242424242,4.436292635692278
from_ipod,fixed_grid,43,90,132,0.6818181818181818,4.447603053914956
from_ipod,fixed_grid,43,91,132,0.6893939393939394,4.4247426426526415
from_ipod,fixed_grid,43,92,132,0.696969696969697,4.452441316505395
from_ipod,fixed_grid,43,93,132,0.7045454545454546,4.453010796685644
from_ipod,fixed_grid,43,94,132,0.7121212121212122,4.470569106800463
from_ipod,fixed_grid,43,95,132,0.7196969696969697,4.487283374717517
from_ipod,fixed_grid,43,96,132,0.7272727272727273,4.509634893040938
from_ipod,fixed_grid,43,97,132,0.7348484848484849,4.500984857767136
from_ipod,fixed_grid,43,98,132,0.7424242424242424,4.50543340691003
from_ipod,fixed_grid,43,99,132,0.75,4.504861748320229
from_ipod,fixed_grid,43,100,132,0.7575757575757576,4.516184797252237
from_ipod,fixed_grid,43,101,132,0.7651515151515151,4.5525535128338666
from_ipod,fixed_grid,43,102,132,0.7727272727272727,4.543411441632513
from_ipod,fixed_grid,43,103,132,0.7803030303030303,4.53367947897812
from_ipod,fixed_grid,43,104,132,0.7878787878787878,4.525616082263529
from_ipod,fixed_grid,43,105,132,0.7954545454545454,4.548911898556068
from_ipod,fixed_grid,43,106,132,0.803030303030303,4.559285409637227
from_ipod,fixed_grid,43,107,132,0.8106060606060606,4.612517019068198
from_ipod,fixed_grid,43,108,132,0.8181818181818182,4.620187577927222
from_ipod,fixed_grid,43,109,132,0.8257575757575758,4.634782468940147
from_ipod,fixed_grid,43,110,132,0.8333333333333334,4.663191670119083
from_ipod,fixed_grid,43,111,132,0.8409090909090909,4.694189016926051
from_ipod,fixed_grid,43,112,132,0.8484848484848485,4.69604133450706
from_ipod,fixed_grid,43,113,132,0.8560606060606061,4.70314504255025
from_ipod,fixed_grid,43,114,132,0.8636363636363636,4.675551824252011
from_ipod,fixed_grid,43,115,132,0.8712121212121212,4.673397818187083
from_ipod,fixed_grid,43,116,132,0.8787878787878788,4.673752180669021
from_ipod,fixed_grid,43,117,132,0.8863636363636364,4.699926090041964
from_ipod,fixed_grid,43,118,132,0.8939393939393939,4.719357759556438
from_ipod,fixed_grid,43,119,132,0.9015151515151515,4.700954842134306
from_ipod,fixed_grid,43,120,132,0.9090909090909091,4.669818237296579
from_ipod,fixed_grid,43,121,132,0.9166666666666666,4.680126292459184
from_ipod,fixed_grid,43,122,132,0.9242424242424242,4.664800624353939
from_ipod,fixed_grid,43,123,132,0.9318181818181818,4.6529833171765205
from_ipod,fixed_grid,43,124,132,0.9393939393939394,4.633534882858777
from_ipod,fixed_grid,43,125,132,0.946969696969697,4.621138269620595
from_ipod,fixed_grid,43,126,132,0.9545454545454546,4.598596989658837
from_ipod,fixed_grid,43,127,132,0.9621212121212122,4.589203365151463
from_ipod,fixed_grid,43,128,132,0.9696969696969697,4.62018052654896
from_ipod,fixed_grid,43,129,132,0.9772727272727273,4.623403751332115
from_ipod,fixed_grid,43,130,132,0.9848484848484849,4.612447508941986
from_ipod,fixed_grid,43,131,132,0.9924242424242424,4.655081720409151
from_ipod,fixed_grid,43,132,132,1.0,4.657457597135684
from_ipod,global,17,1,132,0.007575757575757576,2.2886207972650876
from_ipod,global,17,2,132,0.015151515151515152,2.367301509595973
from_ipod,global,17,3,132,0.022727272727272728,2.890174324576444
from_ipod,global,17,4,132,0.030303030303030304,2.703871860703813
from_ipod,global,17,5,132,0.03787878787878788,2.5292020646594975
from_ipod,global,17,6,132,0.045454545454545456,3.4028061227867945
from_ipod,global,17,7,132,0.05303030303030303,3.2909112346983886
from_ipod,global,17,8,132,0.06060606060606061,3.704891899735202
from_ipod,global,17,9,132,0.06818181818181818,3.6172622611051843
from_ipod,global,17,10,132,0.07575757575757576,3.640055979193845
from_ipod,global,17,11,132,0.08333333333333333,3.604522464160976
from_ipod,global,17,12,132,0.09090909090909091,4.001824539853579
from_ipod,global,17,13,132,0.09848484848484848,4.110725879794519
from_ipod,global,17,14,132,0.10606060606060606,4.349116368891209
from_ipod,global,17,15,132,0.11363636363636363,4.461481867940373
from_ipod,global,17,16,132,0.12121212121212122,4.592571070792951
from_ipod,global,17,17,132,0.12878787878787878,4.644889873786064
from_ipod,global,17,18,132,0.13636363636363635,4.785053844018262
from_ipod,global,17,19,132,0.14393939393939395,4.770298393192142
from_ipod,global,17,20,132,0.15151515151515152,4.770562786182551
from_ipod,global,17,21,132,0.1590909090909091,4.76248618212357
from_ipod,global,17,22,132,0.16666666666666666,4.769016893323691
from_ipod,global,17,23,132,0.17424242424242425,4.69570354786164
from_ipod,global,17,24,132,0.18181818181818182,4.611844494345117
from_ipod,global,17,25,132,0.1893939393939394,4.710586351493664
from_ipod,global,17,26,132,0.19696969696969696,4.670312368529144
from_ipod,global,17,27,132,0.20454545454545456,4.579909309213423
from_ipod,global,17,28,132,0.21212121212121213,4.6547121413226575
from_ipod,global,17,29,132,0.2196969696969697,4.690811127112999
from_ipod,global,17,30,132,0.22727272727272727,4.827916435692415
from_ipod,global,17,31,132,0.23484848484848486,4.866815587965585
from_ipod,global,17,32,132,0.24242424242424243,4.827407682564415
from_ipod,global,17,33,132,0.25,4.9774458667400765
from_ipod,global,17,34,132,0.25757575757575757,5.1317081767825385
from_ipod,global,17,35,132,0.26515151515151514,5.12377387828124
from_ipod,global,17,36,132,0.2727272727272727,5.079090810233767
from_ipod,global,17,37,132,0.2803030303030303,5.0643480881064376
from_ipod,global,17,38,132,0.2878787878787879,5.12279716367204
from_ipod,global,17,39,132,0.29545454545454547,5.11023339475078
from_ipod,global,17,40,132,0.30303030303030304,5.069692823233298
from_ipod,global,17,41,132,0.3106060606060606,5.179976367300471
from_ipod,global,17,42,132,0.3181818181818182,5.153708230732137
from_ipod,global,17,43,132,0.32575757575757575,5.1246382820497764
from_ipod,global,17,44,132,0.3333333333333333,5.046729158286521
from_ipod,global,17,45,132,0.3409090909090909,5.019443778758176
from_ipod,global,17,46,132,0.3484848484848485,5.03347962454317
from_ipod,global,17,47,132,0.3560606060606061,5.050122556384051
from_ipod,global,17,48,132,0.36363636363636365,5.036371576221819
from_ipod,global,17,49,132,0.3712121212121212,5.001164264145099
from_ipod,global,17,50,132,0.3787878787878788,5.036508021256554
from_ipod,global,17,51,132,0.38636363636363635,5.022202364696766
from_ipod,global,17,52,132,0.3939393939393939,5.012291244105407
from_ipod,global,17,53,132,0.4015151515151515,5.037411781717874
from_ipod,global,17,54,132,0.4090909090909091,5.007802800013172
from_ipod,global,17,55,132,0.4166666666666667,5.003318631814473
from_ipod,global,17,56,132,0.42424242424242425,5.122446753808553
from_ipod,global,17,57,132,0.4318181818181818,5.045979115745522
from_ipod,global,17,58,132,0.4393939393939394,5.003888593923346
from_ipod,global,17,59,132,0.44696969696969696,4.957628973916492
from_ipod,global,17,60,132,0.45454545454545453,5.053651084399974
from_ipod,global,17,61,132,0.4621212121212121,5.1657092065643075
from_ipod,global,17,62,132,0.4696969696969697,5.178199258204619
from_ipod,global,17,63,132,0.4772727272727273,5.1970665428848974
from_ipod,global,17,64,132,0.48484848484848486,5.196196844871639
from_ipod,global,17,65,132,0.49242424242424243,5.2809682960310855
from_ipod,global,17,66,132,0.5,5.231570372348014
from_ipod,global,17,67,132,0.5075757575757576,5.222212493049515
from_ipod,global,17,68,132,0.5151515151515151,5.191749455358624
from_ipod,global,17,69,132,0.5227272727272727,5.17843239847671
from_ipod,global,17,70,132,0.5303030303030303,5.169263448493667
from_ipod,global,17,71,132,0.5378787878787878,5.1332671207607365
from_ipod,global,17,72,132,0.5454545454545454,5.1238025436868115
from_ipod,global,17,73,132,0.553030303030303,5.077783331549574
from_ipod,global,17,74,132,0.5606060606060606,5.081725635965047
from_ipod,global,17,75,132,0.5681818181818182,5.111081571717908
from_ipod,global,17,76,132,0.5757575757575758,5.144071859593536
from_ipod,global,17,77,132,0.5833333333333334,5.152373070220036
from_ipod,global,17,78,132,0.5909090909090909,5.126915723026706
from_ipod,global,17,79,132,0.5984848484848485,5.114706744644868
from_ipod,global,17,80,132,0.6060606060606061,5.110744085563095
from_ipod,global,17,81,132,0.6136363636363636,5.136398116534221
from_ipod,global,17,82,132,0.6212121212121212,5.161980538647034
from_ipod,global,17,83,132,0.6287878787878788,5.1607180793101
from_ipod,global,17,84,132,0.6363636363636364,5.1816963273816
from_ipod,global,17,85,132,0.6439393939393939,5.154817569869885
from_ipod,global,17,86,132,0.6515151515151515,5.207928550407666
from_ipod,global,17,87,132,0.6590909090909091,5.208206811056926
from_ipod,global,17,88,132,0.6666666666666666,5.216626800525529
from_ipod,global,17,89,132,0.6742424242424242,5.268525482246454
from_ipod,global,17,90,132,0.6818181818181818,5.289934764619411
from_ipod,global,17,91,132,0.6893939393939394,5.282581859261325
from_ipod,global,17,92,132,0.696969696969697,5.241457275532435
from_ipod,global,17,93,132,0.7045454545454546,5.2522474581180045
from_ipod,global,17,94,132,0.7121212121212122,5.257690210228974
from_ipod,global,17,95,132,0.7196969696969697,5.250459761486778
from_ipod,global,17,96,132,0.7272727272727273,5.256722143048623
from_ipod,global,17,97,132,0.7348484848484849,5.242986274784785
from_ipod,global,17,98,132,0.7424242424242424,5.250347680835406
from_ipod,global,17,99,132,0.75,5.265247295981657
from_ipod,global,17,100,132,0.7575757575757576,5.227603510180881
from_ipod,global,17,101,132,0.7651515151515151,5.271108141013277
from_ipod,global,17,102,132,0.7727272727272727,5.2876861010322065
from_ipod,global,17,103,132,0.7803030303030303,5.304640722106259
from_ipod,global,17,104,132,0.7878787878787878,5.314173896177236
from_ipod,global,17,105,132,0.7954545454545454,5.297147035295597
from_ipod,global,17,106,132,0.803030303030303,5.316663844979906
from_ipod,global,17,107,132,0.8106060606060606,5.314460108875052
from_ipod,global,17,108,132,0.8181818181818182,5.32984217827978
from_ipod,global,17,109,132,0.8257575757575758,5.337931518540401
from_ipod,global,17,110,132,0.8333333333333334,5.388363439903331
from_ipod,global,17,111,132,0.8409090909090909,5.406619177945417
from_ipod,global,17,112,132,0.8484848484848485,5.44250553660119
from_ipod,global,17,113,132,0.8560606060606061,5.432235573358895
from_ipod,global,17,114,132,0.8636363636363636,5.461590023570882
from_ipod,global,17,115,132,0.8712121212121212,5.471162422299324
from_ipod,global,17,116,132,0.8787878787878788,5.461586166574066
from_ipod,global,17,117,132,0.8863636363636364,5.4784087189210044
from_ipod,global,17,118,132,0.8939393939393939,5.486613763119759
from_ipod,global,17,119,132,0.9015151515151515,5.471821965959223
from_ipod,global,17,120,132,0.9090909090909091,5.4849684427774426
from_ipod,global,17,121,132,0.9166666666666666,5.480594532403128
from_ipod,global,17,122,132,0.9242424242424242,5.474092550466817
from_ipod,global,17,123,132,0.9318181818181818,5.451654796531507
from_ipod,global,17,124,132,0.9393939393939394,5.438511539159748
from_ipod,global,17,125,132,0.946969696969697,5.444118125644904
from_ipod,global,17,126,132,0.9545454545454546,5.429393326851155
from_ipod,global,17,127,132,0.9621212121212122,5.403770106627169
from_ipod,global,17,128,132,0.9696969696969697,5.410590997477788
from_ipod,global,17,129,132,0.9772727272727273,5.430501226429641
from_ipod,global,17,130,132,0.9848484848484849,5.4056505519785825
from_ipod,global,17,131,132,0.9924242424242424,5.44485475764735
from_ipod,global,17,132,132,1.0,5.43415033716601
from_ipod,global,29,1,132,0.007575757575757576,6.331921233886814
from_ipod,global,29,2,132,0.015151515151515152,5.197662199334219
from_ipod,global,29,3,132,0.022727272727272728,4.438601696437803
from_ipod,global,29,4,132,0.030303030303030304,4.857314334971456
from_ipod,global,29,5,132,0.03787878787878788,4.888680279357446
from_ipod,global,29,6,132,0.045454545454545456,4.770480573057829
from_ipod,global,29,7,132,0.05303030303030303,5.111261858485846
from_ipod,global,29,8,132,0.06060606060606061,4.899234179082072
from_ipod,global,29,9,132,0.06818181818181818,4.6972388005188455
from_ipod,global,29,10,132,0.07575757575757576,4.679520791619433
from_ipod,global,29,11,132,0.08333333333333333,4.460363826870686
from_ipod,global,29,12,132,0.09090909090909091,4.39259429019689
from_ipod,global,29,13,132,0.09848484848484848,4.382618117678441
from_ipod,global,29,14,132,0.10606060606060606,4.767177689388788
from_ipod,global,29,15,132,0.11363636363636363,4.709245725355925
from_ipod,global,29,16,132,0.12121212121212122,4.762848376208891
from_ipod,global,29,17,132,0.12878787878787878,4.855516394282086
from_ipod,global,29,18,132,0.13636363636363635,4.7104547718252405
from_ipod,global,29,19,132,0.14393939393939395,4.609086234011436
from_ipod,global,29,20,132,0.15151515151515152,4.503336127912677
from_ipod,global,29,21,132,0.1590909090909091,4.481288390872212
from_ipod,global,29,22,132,0.16666666666666666,4.458801941556346
from_ipod,global,29,23,132,0.17424242424242425,4.51219323590952
from_ipod,global,29,24,132,0.18181818181818182,4.540324578770027
from_ipod,global,29,25,132,0.1893939393939394,4.597507014743839
from_ipod,global,29,26,132,0.19696969696969696,4.649962290052118
from_ipod,global,29,27,132,0.20454545454545456,4.647661527281282
from_ipod,global,29,28,132,0.21212121212121213,4.560807630088302
from_ipod,global,29,29,132,0.2196969696969697,4.7263480073177115
from_ipod,global,29,30,132,0.22727272727272727,4.813651418079816
from_ipod,global,29,31,132,0.23484848484848486,4.886097699777277
from_ipod,global,29,32,132,0.24242424242424243,4.890437196841567
from_ipod,global,29,33,132,0.25,4.927775465996564
from_ipod,global,29,34,132,0.25757575757575757,4.907124110856013
from_ipod,global,29,35,132,0.26515151515151514,4.892608127048078
from_ipod,global,29,36,132,0.2727272727272727,4.818881617323488
from_ipod,global,29,37,132,0.2803030303030303,4.860348894010244
from_ipod,global,29,38,132,0.2878787878787879,4.88481777203963
from_ipod,global,29,39,132,0.29545454545454547,4.931199857999483
from_ipod,global,29,40,132,0.30303030303030304,4.976704244251824
from_ipod,global,29,41,132,0.3106060606060606,4.931360210001094
from_ipod,global,29,42,132,0.3181818181818182,5.06940491012762
from_ipod,global,29,43,132,0.32575757575757575,5.014973428218881
from_ipod,global,29,44,132,0.3333333333333333,4.993269117935211
from_ipod,global,29,45,132,0.3409090909090909,4.946678963188531
from_ipod,global,29,46,132,0.3484848484848485,4.899490505569169
from_ipod,global,29,47,132,0.3560606060606061,4.983009394410998
from_ipod,global,29,48,132,0.36363636363636365,4.915701528983526
from_ipod,global,29,49,132,0.3712121212121212,4.940301230915118
from_ipod,global,29,50,132,0.3787878787878788,5.068788494235936
from_ipod,global,29,51,132,0.38636363636363635,5.066824760239672
from_ipod,global,29,52,132,0.3939393939393939,5.015044360516024
from_ipod,global,29,53,132,0.4015151515151515,5.005397440649154
from_ipod,global,29,54,132,0.4090909090909091,5.11796994835692
from_ipod,global,29,55,132,0.4166666666666667,5.061566403243723
from_ipod,global,29,56,132,0.42424242424242425,5.142080283946052
from_ipod,global,29,57,132,0.4318181818181818,5.101330665091388
from_ipod,global,29,58,132,0.4393939393939394,5.13082723827386
from_ipod,global,29,59,132,0.44696969696969696,5.200031570647863
from_ipod,global,29,60,132,0.45454545454545453,5.238794197074924
from_ipod,global,29,61,132,0.4621212121212121,5.246853489533462
from_ipod,global,29,62,132,0.4696969696969697,5.241064874896667
from_ipod,global,29,63,132,0.4772727272727273,5.183201515673724
from_ipod,global,29,64,132,0.48484848484848486,5.222823898791838
from_ipod,global,29,65,132,0.49242424242424243,5.245447422800753
from_ipod,global,29,66,132,0.5,5.192266201420314
from_ipod,global,29,67,132,0.5075757575757576,5.2345053732229685
from_ipod,global,29,68,132,0.5151515151515151,5.3028283154944456
from_ipod,global,29,69,132,0.5227272727272727,5.315805156043371
from_ipod,global,29,70,132,0.5303030303030303,5.292294487307385
from_ipod,global,29,71,132,0.5378787878787878,5.327462978270838
from_ipod,global,29,72,132,0.5454545454545454,5.319738784945236
from_ipod,global,29,73,132,0.553030303030303,5.337806228347332
from_ipod,global,29,74,132,0.5606060606060606,5.320835411755477
from_ipod,global,29,75,132,0.5681818181818182,5.404431585050582
from_ipod,global,29,76,132,0.5757575757575758,5.358900296774762
from_ipod,global,29,77,132,0.5833333333333334,5.365147470553575
from_ipod,global,29,78,132,0.5909090909090909,5.341265067814873
from_ipod,global,29,79,132,0.5984848484848485,5.341390176167404
from_ipod,global,29,80,132,0.6060606060606061,5.37251959611531
from_ipod,global,29,81,132,0.6136363636363636,5.3899681242321735
from_ipod,global,29,82,132,0.6212121212121212,5.397258364667593
from_ipod,global,29,83,132,0.6287878787878788,5.359589749177517
from_ipod,global,29,84,132,0.6363636363636364,5.354947634977743
from_ipod,global,29,85,132,0.6439393939393939,5.420309006909329
from_ipod,global,29,86,132,0.6515151515151515,5.454380057268862
from_ipod,global,29,87,132,0.6590909090909091,5.470938516521456
from_ipod,global,29,88,132,0.6666666666666666,5.4920946153607995
from_ipod,global,29,89,132,0.6742424242424242,5.48121409449782
from_ipod,global,29,90,132,0.6818181818181818,5.491282066492834
from_ipod,global,29,91,132,0.6893939393939394,5.474109917951562
from_ipod,global,29,92,132,0.696969696969697,5.47931405477166
from_ipod,global,29,93,132,0.7045454545454546,5.502405072739627
from_ipod,global,29,94,132,0.7121212121212122,5.498326443217982
from_ipod,global,29,95,132,0.7196969696969697,5.502569188424711
from_ipod,global,29,96,132,0.7272727272727273,5.510560853105781
from_ipod,global,29,97,132,0.7348484848484849,5.541035661862592
from_ipod,global,29,98,132,0.7424242424242424,5.5561737180279565
from_ipod,global,29,99,132,0.75,5.553962860954528
from_ipod,global,29,100,132,0.7575757575757576,5.555710356330627
from_ipod,global,29,101,132,0.7651515151515151,5.592958918483398
from_ipod,global,29,102,132,0.7727272727272727,5.556811119753491
from_ipod,global,29,103,132,0.7803030303030303,5.542305144980319
from_ipod,global,29,104,132,0.7878787878787878,5.535702122171656
from_ipod,global,29,105,132,0.7954545454545454,5.572816490199207
from_ipod,global,29,106,132,0.803030303030303,5.592382865529795
from_ipod,global,29,107,132,0.8106060606060606,5.57332454947734
from_ipod,global,29,108,132,0.8181818181818182,5.5835381805794855
from_ipod,global,29,109,132,0.8257575757575758,5.620007867611974
from_ipod,global,29,110,132,0.8333333333333334,5.607396812474659
from_ipod,global,29,111,132,0.8409090909090909,5.624885014450213
from_ipod,global,29,112,132,0.8484848484848485,5.599670751166205
from_ipod,global,29,113,132,0.8560606060606061,5.58414874308577
from_ipod,global,29,114,132,0.8636363636363636,5.605223127601024
from_ipod,global,29,115,132,0.8712121212121212,5.6188644298788715
from_ipod,global,29,116,132,0.8787878787878788,5.63093514886357
from_ipod,global,29,117,132,0.8863636363636364,5.6754765591698515
from_ipod,global,29,118,132,0.8939393939393939,5.687190053363305
from_ipod,global,29,119,132,0.9015151515151515,5.724571690314964
from_ipod,global,29,120,132,0.9090909090909091,5.721695908064178
from_ipod,global,29,121,132,0.9166666666666666,5.719604679473519
from_ipod,global,29,122,132,0.9242424242424242,5.7689621642252344
from_ipod,global,29,123,132,0.9318181818181818,5.7602974447278505
from_ipod,global,29,124,132,0.9393939393939394,5.733906755718503
from_ipod,global,29,125,132,0.946969696969697,5.721691198958246
from_ipod,global,29,126,132,0.9545454545454546,5.7107772874595755
from_ipod,global,29,127,132,0.9621212121212122,5.689848141195672
from_ipod,global,29,128,132,0.9696969696969697,5.707346433657738
from_ipod,global,29,129,132,0.9772727272727273,5.703800683071229
from_ipod,global,29,130,132,0.9848484848484849,5.673125212223511
from_ipod,global,29,131,132,0.9924242424242424,5.701261918702459
from_ipod,global,29,132,132,1.0,5.690230146239952
from_ipod,global,43,1,132,0.007575757575757576,1.9701028704564347
from_ipod,global,43,2,132,0.015151515151515152,3.854701681401116
from_ipod,global,43,3,132,0.022727272727272728,3.2103247819501566
from_ipod,global,43,4,132,0.030303030303030304,3.001948957720759
from_ipod,global,43,5,132,0.03787878787878788,2.9442494454970265
from_ipod,global,43,6,132,0.045454545454545456,3.4578066037343027
from_ipod,global,43,7,132,0.05303030303030303,3.519450523750611
from_ipod,global,43,8,132,0.06060606060606061,3.9083191410866482
from_ipod,global,43,9,132,0.06818181818181818,3.9596113812909213
from_ipod,global,43,10,132,0.07575757575757576,3.7471186832824657
from_ipod,global,43,11,132,0.08333333333333333,3.8692891759045343
from_ipod,global,43,12,132,0.09090909090909091,3.8039384308221122
from_ipod,global,43,13,132,0.09848484848484848,3.687237064468227
from_ipod,global,43,14,132,0.10606060606060606,3.7175545630717477
from_ipod,global,43,15,132,0.11363636363636363,3.631220486386077
from_ipod,global,43,16,132,0.12121212121212122,3.616801874271225
from_ipod,global,43,17,132,0.12878787878787878,3.8897764670613006
from_ipod,global,43,18,132,0.13636363636363635,3.7362798635805694
from_ipod,global,43,19,132,0.14393939393939395,3.6967419379032602
from_ipod,global,43,20,132,0.15151515151515152,3.7574115535789483
from_ipod,global,43,21,132,0.1590909090909091,3.728598968495917
from_ipod,global,43,22,132,0.16666666666666666,3.788292235221144
from_ipod,global,43,23,132,0.17424242424242425,3.795568374750374
from_ipod,global,43,24,132,0.18181818181818182,3.8134256500802706
from_ipod,global,43,25,132,0.1893939393939394,3.8805223355627536
from_ipod,global,43,26,132,0.19696969696969696,3.9089348118179967
from_ipod,global,43,27,132,0.20454545454545456,3.8983514520086135
from_ipod,global,43,28,132,0.21212121212121213,3.99058167231761
from_ipod,global,43,29,132,0.2196969696969697,3.9806666276003058
from_ipod,global,43,30,132,0.22727272727272727,3.9429579392432066
from_ipod,global,43,31,132,0.23484848484848486,3.8869986393427016
from_ipod,global,43,32,132,0.24242424242424243,3.87521266107448
from_ipod,global,43,33,132,0.25,3.8100207183145836
from_ipod,global,43,34,132,0.25757575757575757,3.8418889746383966
from_ipod,global,43,35,132,0.26515151515151514,3.882742809666145
from_ipod,global,43,36,132,0.2727272727272727,3.904784117053079
from_ipod,global,43,37,132,0.2803030303030303,3.881568724701527
from_ipod,global,43,38,132,0.2878787878787879,3.872907304595755
from_ipod,global,43,39,132,0.29545454545454547,3.9557180253626916
from_ipod,global,43,40,132,0.30303030303030304,3.972853605754507
from_ipod,global,43,41,132,0.3106060606060606,4.115407252170908
from_ipod,global,43,42,132,0.3181818181818182,4.252412129101387
from_ipod,global,43,43,132,0.32575757575757575,4.355495850428903
from_ipod,global,43,44,132,0.3333333333333333,4.289729365764457
from_ipod,global,43,45,132,0.3409090909090909,4.3668876012323
from_ipod,global,43,46,132,0.3484848484848485,4.415126888680941
from_ipod,global,43,47,132,0.3560606060606061,4.40023168965162
from_ipod,global,43,48,132,0.36363636363636365,4.526118045035726
from_ipod,global,43,49,132,0.3712121212121212,4.53086305308644
from_ipod,global,43,50,132,0.3787878787878788,4.477240785127317
from_ipod,global,43,51,132,0.38636363636363635,4.467340126238002
from_ipod,global,43,52,132,0.3939393939393939,4.456488711139633
from_ipod,global,43,53,132,0.4015151515151515,4.4782088705224385
from_ipod,global,43,54,132,0.4090909090909091,4.48622363687231
from_ipod,global,43,55,132,0.4166666666666667,4.522837470174627
from_ipod,global,43,56,132,0.42424242424242425,4.661452994448296
from_ipod,global,43,57,132,0.4318181818181818,4.688217033544833
from_ipod,global,43,58,132,0.4393939393939394,4.721950262259831
from_ipod,global,43,59,132,0.44696969696969696,4.709043304960747
from_ipod,global,43,60,132,0.45454545454545453,4.784154747142367
from_ipod,global,43,61,132,0.4621212121212121,4.776906609369442
from_ipod,global,43,62,132,0.4696969696969697,4.8074350903002605
from_ipod,global,43,63,132,0.4772727272727273,4.759096349304903
from_ipod,global,43,64,132,0.48484848484848486,4.7824348774280745
from_ipod,global,43,65,132,0.49242424242424243,4.769448188987871
from_ipod,global,43,66,132,0.5,4.810878761804635
from_ipod,global,43,67,132,0.5075757575757576,4.758446993414968
from_ipod,global,43,68,132,0.5151515151515151,4.851261851536655
from_ipod,global,43,69,132,0.5227272727272727,4.81515122199848
from_ipod,global,43,70,132,0.5303030303030303,4.813016332245139
from_ipod,global,43,71,132,0.5378787878787878,4.82602853277494
from_ipod,global,43,72,132,0.5454545454545454,4.911763775492942
from_ipod,global,43,73,132,0.553030303030303,4.903791563947305
from_ipod,global,43,74,132,0.5606060606060606,4.8864294236678125
from_ipod,global,43,75,132,0.5681818181818182,4.8860245462755465
from_ipod,global,43,76,132,0.5757575757575758,4.840986088789725
from_ipod,global,43,77,132,0.5833333333333334,4.85075088720215
from_ipod,global,43,78,132,0.5909090909090909,4.860755122948043
from_ipod,global,43,79,132,0.5984848484848485,4.85788291749399
from_ipod,global,43,80,132,0.6060606060606061,4.892679607215308
from_ipod,global,43,81,132,0.6136363636363636,4.891090881953107
from_ipod,global,43,82,132,0.6212121212121212,4.90392836184484
from_ipod,global,43,83,132,0.6287878787878788,4.8846998034950655
from_ipod,global,43,84,132,0.6363636363636364,4.8754593136058775
from_ipod,global,43,85,132,0.6439393939393939,4.9627544168416335
from_ipod,global,43,86,132,0.6515151515151515,4.987862189816481
from_ipod,global,43,87,132,0.6590909090909091,4.991291755234536
from_ipod,global,43,88,132,0.6666666666666666,5.017573189501107
from_ipod,global,43,89,132,0.6742424242424242,5.027205936356541
from_ipod,global,43,90,132,0.6818181818181818,5.0614410294148255
from_ipod,global,43,91,132,0.6893939393939394,5.055383755172983
from_ipod,global,43,92,132,0.696969696969697,5.067942530399401
from_ipod,global,43,93,132,0.7045454545454546,5.0765552160144765
from_ipod,global,43,94,132,0.7121212121212122,5.076834413200281
from_ipod,global,43,95,132,0.7196969696969697,5.0391712769246215
from_ipod,global,43,96,132,0.7272727272727273,5.067120602540122
from_ipod,global,43,97,132,0.7348484848484849,5.088786633355663
from_ipod,global,43,98,132,0.7424242424242424,5.154118520490783
from_ipod,global,43,99,132,0.75,5.162697649277985
from_ipod,global,43,100,132,0.7575757575757576,5.173338115077629
from_ipod,global,43,101,132,0.7651515151515151,5.192482607022453
from_ipod,global,43,102,132,0.7727272727272727,5.188767670416212
from_ipod,global,43,103,132,0.7803030303030303,5.182801080912447
from_ipod,global,43,104,132,0.7878787878787878,5.196735633642935
from_ipod,global,43,105,132,0.7954545454545454,5.241374726380695
from_ipod,global,43,106,132,0.803030303030303,5.257906369536359
from_ipod,global,43,107,132,0.8106060606060606,5.27928051065811
from_ipod,global,43,108,132,0.8181818181818182,5.280509617617092
from_ipod,global,43,109,132,0.8257575757575758,5.282041546841716
from_ipod,global,43,110,132,0.8333333333333334,5.326454166182954
from_ipod,global,43,111,132,0.8409090909090909,5.348098257217645
from_ipod,global,43,112,132,0.8484848484848485,5.34808464185174
from_ipod,global,43,113,132,0.8560606060606061,5.335047726919798
from_ipod,global,43,114,132,0.8636363636363636,5.345900957323958
from_ipod,global,43,115,132,0.8712121212121212,5.388311067849258
from_ipod,global,43,116,132,0.8787878787878788,5.373013049984477
from_ipod,global,43,117,132,0.8863636363636364,5.385648015505024
from_ipod,global,43,118,132,0.8939393939393939,5.373716035919984
from_ipod,global,43,119,132,0.9015151515151515,5.374007521383048
from_ipod,global,43,120,132,0.9090909090909091,5.409326261523128
from_ipod,global,43,121,132,0.9166666666666666,5.405036999682773
from_ipod,global,43,122,132,0.9242424242424242,5.433847342863147
from_ipod,global,43,123,132,0.9318181818181818,5.426827732320245
from_ipod,global,43,124,132,0.9393939393939394,5.40666986183565
from_ipod,global,43,125,132,0.946969696969697,5.379207023083885
from_ipod,global,43,126,132,0.9545454545454546,5.389493936733947
from_ipod,global,43,127,132,0.9621212121212122,5.376028556360104
from_ipod,global,43,128,132,0.9696969696969697,5.392697008646235
from_ipod,global,43,129,132,0.9772727272727273,5.39760713339731
from_ipod,global,43,130,132,0.9848484848484849,5.377524301598243
from_ipod,global,43,131,132,0.9924242424242424,5.397808170790947
from_ipod,global,43,132,132,1.0,5.3735477869159665
from_ipod,learned,17,1,132,0.007575757575757576,1.9624372792574707
from_ipod,learned,17,2,132,0.015151515151515152,2.3928510119271382
from_ipod,learned,17,3,132,0.022727272727272728,2.4093696536571017
from_ipod,learned,17,4,132,0.030303030303030304,3.0889637794975933
from_ipod,learned,17,5,132,0.03787878787878788,3.5188000704662246
from_ipod,learned,17,6,132,0.045454545454545456,4.070476735717601
from_ipod,learned,17,7,132,0.05303030303030303,4.177355634593559
from_ipod,learned,17,8,132,0.06060606060606061,3.8249263763928325
from_ipod,learned,17,9,132,0.06818181818181818,3.782512263116052
from_ipod,learned,17,10,132,0.07575757575757576,3.877561183857776
from_ipod,learned,17,11,132,0.08333333333333333,3.801002741046234
from_ipod,learned,17,12,132,0.09090909090909091,3.764698883338833
from_ipod,learned,17,13,132,0.09848484848484848,3.6833736707378475
from_ipod,learned,17,14,132,0.10606060606060606,3.556613164898363
from_ipod,learned,17,15,132,0.11363636363636363,3.725814072614729
from_ipod,learned,17,16,132,0.12121212121212122,3.760942871286017
from_ipod,learned,17,17,132,0.12878787878787878,3.8651060581950314
from_ipod,learned,17,18,132,0.13636363636363635,3.8974782659710203
from_ipod,learned,17,19,132,0.14393939393939395,3.855236776737083
from_ipod,learned,17,20,132,0.15151515151515152,3.842128895715215
from_ipod,learned,17,21,132,0.1590909090909091,3.9353286365732636
from_ipod,learned,17,22,132,0.16666666666666666,3.8093937478717277
from_ipod,learned,17,23,132,0.17424242424242425,3.726749177531475
from_ipod,learned,17,24,132,0.18181818181818182,3.6424324171920213
from_ipod,learned,17,25,132,0.1893939393939394,3.653644206843424
from_ipod,learned,17,26,132,0.19696969696969696,3.589637247941108
from_ipod,learned,17,27,132,0.20454545454545456,3.67512277009479
from_ipod,learned,17,28,132,0.21212121212121213,3.6344558111413217
from_ipod,learned,17,29,132,0.2196969696969697,3.549913786477772
from_ipod,learned,17,30,132,0.22727272727272727,3.545104739357088
from_ipod,learned,17,31,132,0.23484848484848486,3.6218048486287064
from_ipod,learned,17,32,132,0.24242424242424243,3.6960302202637325
from_ipod,learned,17,33,132,0.25,3.806027801893532
from_ipod,learned,17,34,132,0.25757575757575757,3.722519252379403
from_ipod,learned,17,35,132,0.26515151515151514,3.725563177475015
from_ipod,learned,17,36,132,0.2727272727272727,3.7804374375696757
from_ipod,learned,17,37,132,0.2803030303030303,3.700535932532415
from_ipod,learned,17,38,132,0.2878787878787879,3.708129074542373
from_ipod,learned,17,39,132,0.29545454545454547,3.720051008920169
from_ipod,learned,17,40,132,0.30303030303030304,3.776626819318051
from_ipod,learned,17,41,132,0.3106060606060606,3.8146709152476643
from_ipod,learned,17,42,132,0.3181818181818182,3.8450914698890055
from_ipod,learned,17,43,132,0.32575757575757575,3.8209330257149547
from_ipod,learned,17,44,132,0.3333333333333333,3.85102431888146
from_ipod,learned,17,45,132,0.3409090909090909,3.915586253995406
from_ipod,learned,17,46,132,0.3484848484848485,3.9305712259353096
from_ipod,learned,17,47,132,0.3560606060606061,3.8994592476234096
from_ipod,learned,17,48,132,0.36363636363636365,3.8830079261634958
from_ipod,learned,17,49,132,0.3712121212121212,3.952169643703703
from_ipod,learned,17,50,132,0.3787878787878788,4.032752443491965
from_ipod,learned,17,51,132,0.38636363636363635,4.094766190592527
from_ipod,learned,17,52,132,0.3939393939393939,4.072824415715569
from_ipod,learned,17,53,132,0.4015151515151515,4.053082622700116
from_ipod,learned,17,54,132,0.4090909090909091,4.162414152326283
from_ipod,learned,17,55,132,0.4166666666666667,4.314134607419463
from_ipod,learned,17,56,132,0.42424242424242425,4.328355838679424
from_ipod,learned,17,57,132,0.4318181818181818,4.4221015785977
from_ipod,learned,17,58,132,0.4393939393939394,4.452608744279433
from_ipod,learned,17,59,132,0.44696969696969696,4.50303949908219
from_ipod,learned,17,60,132,0.45454545454545453,4.622974553858613
from_ipod,learned,17,61,132,0.4621212121212121,4.609262134584326
from_ipod,learned,17,62,132,0.4696969696969697,4.622751927874598
from_ipod,learned,17,63,132,0.4772727272727273,4.6418377681665985
from_ipod,learned,17,64,132,0.48484848484848486,4.638729472544506
from_ipod,learned,17,65,132,0.49242424242424243,4.664066846450875
from_ipod,learned,17,66,132,0.5,4.720250294322796
from_ipod,learned,17,67,132,0.5075757575757576,4.7891457662887
from_ipod,learned,17,68,132,0.5151515151515151,4.832192718350611
from_ipod,learned,17,69,132,0.5227272727272727,4.817802577834582
from_ipod,learned,17,70,132,0.5303030303030303,4.866893802935634
from_ipod,learned,17,71,132,0.5378787878787878,4.874072162887284
from_ipod,learned,17,72,132,0.5454545454545454,4.852579082433553
from_ipod,learned,17,73,132,0.553030303030303,4.8458520507845115
from_ipod,learned,17,74,132,0.5606060606060606,4.785811709653591
from_ipod,learned,17,75,132,0.5681818181818182,4.744671288808359
from_ipod,learned,17,76,132,0.5757575757575758,4.766850619831523
from_ipod,learned,17,77,132,0.5833333333333334,4.769699524997968
from_ipod,learned,17,78,132,0.5909090909090909,4.784610745102584
from_ipod,learned,17,79,132,0.5984848484848485,4.763589962069014
from_ipod,learned,17,80,132,0.6060606060606061,4.806545489990191
from_ipod,learned,17,81,132,0.6136363636363636,4.843618415417377
from_ipod,learned,17,82,132,0.6212121212121212,4.884620929252104
from_ipod,learned,17,83,132,0.6287878787878788,4.90872076659707
from_ipod,learned,17,84,132,0.6363636363636364,4.916120394577201
from_ipod,learned,17,85,132,0.6439393939393939,4.924534682299751
from_ipod,learned,17,86,132,0.6515151515151515,4.941017301346721
from_ipod,learned,17,87,132,0.6590909090909091,5.011127621609476
from_ipod,learned,17,88,132,0.6666666666666666,5.011779952296664
from_ipod,learned,17,89,132,0.6742424242424242,5.021475353444983
from_ipod,learned,17,90,132,0.6818181818181818,5.062354293941331
from_ipod,learned,17,91,132,0.6893939393939394,5.078658499006524
from_ipod,learned,17,92,132,0.696969696969697,5.060845914291066
from_ipod,learned,17,93,132,0.7045454545454546,5.094852118619498
from_ipod,learned,17,94,132,0.7121212121212122,5.0856307370507245
from_ipod,learned,17,95,132,0.7196969696969697,5.0920543478582205
from_ipod,learned,17,96,132,0.7272727272727273,5.142623774523562
from_ipod,learned,17,97,132,0.7348484848484849,5.151787637058783
from_ipod,learned,17,98,132,0.7424242424242424,5.162003689029317
from_ipod,learned,17,99,132,0.75,5.156741875947329
from_ipod,learned,17,100,132,0.7575757575757576,5.201437287994082
from_ipod,learned,17,101,132,0.7651515151515151,5.207873977960708
from_ipod,learned,17,102,132,0.7727272727272727,5.1933526734075866
from_ipod,learned,17,103,132,0.7803030303030303,5.1785957209868405
from_ipod,learned,17,104,132,0.7878787878787878,5.164113812178159
from_ipod,learned,17,105,132,0.7954545454545454,5.187982238138193
from_ipod,learned,17,106,132,0.803030303030303,5.213330968915533
from_ipod,learned,17,107,132,0.8106060606060606,5.233707243263384
from_ipod,learned,17,108,132,0.8181818181818182,5.2435635944598165
from_ipod,learned,17,109,132,0.8257575757575758,5.265739792401652
from_ipod,learned,17,110,132,0.8333333333333334,5.298596790808289
from_ipod,learned,17,111,132,0.8409090909090909,5.308567499054998
from_ipod,learned,17,112,132,0.8484848484848485,5.3433712805279105
from_ipod,learned,17,113,132,0.8560606060606061,5.342787833806185
from_ipod,learned,17,114,132,0.8636363636363636,5.32004149993237
from_ipod,learned,17,115,132,0.8712121212121212,5.312571159761041
from_ipod,learned,17,116,132,0.8787878787878788,5.345640558747192
from_ipod,learned,17,117,132,0.8863636363636364,5.311978447228955
from_ipod,learned,17,118,132,0.8939393939393939,5.336148586675318
from_ipod,learned,17,119,132,0.9015151515151515,5.32808221134267
from_ipod,learned,17,120,132,0.9090909090909091,5.30714048952009
from_ipod,learned,17,121,132,0.9166666666666666,5.290502141628055
from_ipod,learned,17,122,132,0.9242424242424242,5.333331589657463
from_ipod,learned,17,123,132,0.9318181818181818,5.344749156217587
from_ipod,learned,17,124,132,0.9393939393939394,5.335627170389831
from_ipod,learned,17,125,132,0.946969696969697,5.320259500930417
from_ipod,learned,17,126,132,0.9545454545454546,5.346847213054385
from_ipod,learned,17,127,132,0.9621212121212122,5.310623181731038
from_ipod,learned,17,128,132,0.9696969696969697,5.288686874012345
from_ipod,learned,17,129,132,0.9772727272727273,5.286992253148
from_ipod,learned,17,130,132,0.9848484848484849,5.268082245195814
from_ipod,learned,17,131,132,0.9924242424242424,5.300256522113446
from_ipod,learned,17,132,132,1.0,5.293264159839462
from_ipod,learned,29,1,132,0.007575757575757576,1.869293711293482
from_ipod,learned,29,2,132,0.015151515151515152,2.252551175522351
from_ipod,learned,29,3,132,0.022727272727272728,2.8027276892157693
from_ipod,learned,29,4,132,0.030303030303030304,3.4862822031097713
from_ipod,learned,29,5,132,0.03787878787878788,4.1188649247602696
from_ipod,learned,29,6,132,0.045454545454545456,4.392004264436241
from_ipod,learned,29,7,132,0.05303030303030303,4.3770216413270555
from_ipod,learned,29,8,132,0.06060606060606061,4.306442207414118
from_ipod,learned,29,9,132,0.06818181818181818,3.986001207316555
from_ipod,learned,29,10,132,0.07575757575757576,3.923646144326514
from_ipod,learned,29,11,132,0.08333333333333333,3.8667688747889346
from_ipod,learned,29,12,132,0.09090909090909091,3.7041689570120813
from_ipod,learned,29,13,132,0.09848484848484848,3.781827508194492
from_ipod,learned,29,14,132,0.10606060606060606,3.675909414315934
from_ipod,learned,29,15,132,0.11363636363636363,3.784012924683291
from_ipod,learned,29,16,132,0.12121212121212122,3.642858729885993
from_ipod,learned,29,17,132,0.12878787878787878,3.7600261245175726
from_ipod,learned,29,18,132,0.13636363636363635,4.07226949381872
from_ipod,learned,29,19,132,0.14393939393939395,4.051600639479675
from_ipod,learned,29,20,132,0.15151515151515152,3.9577438039484667
from_ipod,learned,29,21,132,0.1590909090909091,3.994417924053194
from_ipod,learned,29,22,132,0.16666666666666666,4.0017444763334735
from_ipod,learned,29,23,132,0.17424242424242425,3.914816466494036
from_ipod,learned,29,24,132,0.18181818181818182,3.9101172110086613
from_ipod,learned,29,25,132,0.1893939393939394,3.940575197018412
from_ipod,learned,29,26,132,0.19696969696969696,3.922024779517319
from_ipod,learned,29,27,132,0.20454545454545456,3.882420723860203
from_ipod,learned,29,28,132,0.21212121212121213,3.946045938556406
from_ipod,learned,29,29,132,0.2196969696969697,3.934173650183294
from_ipod,learned,29,30,132,0.22727272727272727,3.930374329654969
from_ipod,learned,29,31,132,0.23484848484848486,4.004678851808914
from_ipod,learned,29,32,132,0.24242424242424243,4.020184385593399
from_ipod,learned,29,33,132,0.25,4.087904330526044
from_ipod,learned,29,34,132,0.25757575757575757,4.038918696276056
from_ipod,learned,29,35,132,0.26515151515151514,4.087526412440682
from_ipod,learned,29,36,132,0.2727272727272727,4.002185661162196
from_ipod,learned,29,37,132,0.2803030303030303,3.939940310877408
from_ipod,learned,29,38,132,0.2878787878787879,3.8858090303735344
from_ipod,learned,29,39,132,0.29545454545454547,3.9030608778309173
from_ipod,learned,29,40,132,0.30303030303030304,3.829778240267612
from_ipod,learned,29,41,132,0.3106060606060606,3.8402066141094204
from_ipod,learned,29,42,132,0.3181818181818182,3.780188374619822
from_ipod,learned,29,43,132,0.32575757575757575,3.7603614628731394
from_ipod,learned,29,44,132,0.3333333333333333,3.8146820332929563
from_ipod,learned,29,45,132,0.3409090909090909,3.7547610546826107
from_ipod,learned,29,46,132,0.3484848484848485,3.7941021640788253
from_ipod,learned,29,47,132,0.3560606060606061,3.795343633565446
from_ipod,learned,29,48,132,0.36363636363636365,3.8795133611652006
from_ipod,learned,29,49,132,0.3712121212121212,3.966441721268173
from_ipod,learned,29,50,132,0.3787878787878788,4.050177237521024
from_ipod,learned,29,51,132,0.38636363636363635,4.175212450666139
from_ipod,learned,29,52,132,0.3939393939393939,4.175117136886762
from_ipod,learned,29,53,132,0.4015151515151515,4.241278241071906
from_ipod,learned,29,54,132,0.4090909090909091,4.255277866468187
from_ipod,learned,29,55,132,0.4166666666666667,4.209907736567688
from_ipod,learned,29,56,132,0.42424242424242425,4.183252237645729
from_ipod,learned,29,57,132,0.4318181818181818,4.222510068276461
from_ipod,learned,29,58,132,0.4393939393939394,4.2219448112376705
from_ipod,learned,29,59,132,0.44696969696969696,4.25928127300376
from_ipod,learned,29,60,132,0.45454545454545453,4.283090923663484
from_ipod,learned,29,61,132,0.4621212121212121,4.311262537522787
from_ipod,learned,29,62,132,0.4696969696969697,4.284614580834783
from_ipod,learned,29,63,132,0.4772727272727273,4.372283506582947
from_ipod,learned,29,64,132,0.48484848484848486,4.385131966549968
from_ipod,learned,29,65,132,0.49242424242424243,4.362487298860809
from_ipod,learned,29,66,132,0.5,4.435534591889331
from_ipod,learned,29,67,132,0.5075757575757576,4.410020241413034
from_ipod,learned,29,68,132,0.5151515151515151,4.374657848838362
from_ipod,learned,29,69,132,0.5227272727272727,4.373250481225486
from_ipod,learned,29,70,132,0.5303030303030303,4.372700498955669
from_ipod,learned,29,71,132,0.5378787878787878,4.449925476160617
from_ipod,learned,29,72,132,0.5454545454545454,4.52786359453003
from_ipod,learned,29,73,132,0.553030303030303,4.579140977791138
from_ipod,learned,29,74,132,0.5606060606060606,4.587522207185785
from_ipod,learned,29,75,132,0.5681818181818182,4.55155639085332
from_ipod,learned,29,76,132,0.5757575757575758,4.52547981974015
from_ipod,learned,29,77,132,0.5833333333333334,4.522531150161405
from_ipod,learned,29,78,132,0.5909090909090909,4.551662535223712
from_ipod,learned,29,79,132,0.5984848484848485,4.5546726805973305
from_ipod,learned,29,80,132,0.6060606060606061,4.565532845727349
from_ipod,learned,29,81,132,0.6136363636363636,4.583406217827293
from_ipod,learned,29,82,132,0.6212121212121212,4.601351780306563
from_ipod,learned,29,83,132,0.6287878787878788,4.558887063130037
from_ipod,learned,29,84,132,0.6363636363636364,4.543368535182414
from_ipod,learned,29,85,132,0.6439393939393939,4.521412251971298
from_ipod,learned,29,86,132,0.6515151515151515,4.528887493515934
from_ipod,learned,29,87,132,0.6590909090909091,4.543392871120095
from_ipod,learned,29,88,132,0.6666666666666666,4.561866877866958
from_ipod,learned,29,89,132,0.6742424242424242,4.586833627906954
from_ipod,learned,29,90,132,0.6818181818181818,4.601760495995145
from_ipod,learned,29,91,132,0.6893939393939394,4.621145407323804
from_ipod,learned,29,92,132,0.696969696969697,4.609885390945219
from_ipod,learned,29,93,132,0.7045454545454546,4.580838425178562
from_ipod,learned,29,94,132,0.7121212121212122,4.6296882455295165
from_ipod,learned,29,95,132,0.7196969696969697,4.627283808344532
from_ipod,learned,29,96,132,0.7272727272727273,4.652924928078461
from_ipod,learned,29,97,132,0.7348484848484849,4.648727852884051
from_ipod,learned,29,98,132,0.7424242424242424,4.64230742574533
from_ipod,learned,29,99,132,0.75,4.662911673878563
from_ipod,learned,29,100,132,0.7575757575757576,4.703566916995147
from_ipod,learned,29,101,132,0.7651515151515151,4.733403857303184
from_ipod,learned,29,102,132,0.7727272727272727,4.751948781559784
from_ipod,learned,29,103,132,0.7803030303030303,4.7138382379597905
from_ipod,learned,29,104,132,0.7878787878787878,4.706478044082165
from_ipod,learned,29,105,132,0.7954545454545454,4.747621689129167
from_ipod,learned,29,106,132,0.803030303030303,4.7337920792787775
from_ipod,learned,29,107,132,0.8106060606060606,4.73943217551051
from_ipod,learned,29,108,132,0.8181818181818182,4.783019371116512
from_ipod,learned,29,109,132,0.8257575757575758,4.7832671911479325
from_ipod,learned,29,110,132,0.8333333333333334,4.790843726332148
from_ipod,learned,29,111,132,0.8409090909090909,4.774733892714915
from_ipod,learned,29,112,132,0.8484848484848485,4.809719950649806
from_ipod,learned,29,113,132,0.8560606060606061,4.7765370741560425
from_ipod,learned,29,114,132,0.8636363636363636,4.778962038399679
from_ipod,learned,29,115,132,0.8712121212121212,4.786676726621178
from_ipod,learned,29,116,132,0.8787878787878788,4.809082549882863
from_ipod,learned,29,117,132,0.8863636363636364,4.848173925665442
from_ipod,learned,29,118,132,0.8939393939393939,4.878349313972694
from_ipod,learned,29,119,132,0.9015151515151515,4.871182461459182
from_ipod,learned,29,120,132,0.9090909090909091,4.879669697255907
from_ipod,learned,29,121,132,0.9166666666666666,4.858764473097174
from_ipod,learned,29,122,132,0.9242424242424242,4.843005666937859
from_ipod,learned,29,123,132,0.9318181818181818,4.819769035660969
from_ipod,learned,29,124,132,0.9393939393939394,4.8191818482607625
from_ipod,learned,29,125,132,0.946969696969697,4.801011533230553
from_ipod,learned,29,126,132,0.9545454545454546,4.799502754969445
from_ipod,learned,29,127,132,0.9621212121212122,4.781478487437672
from_ipod,learned,29,128,132,0.9696969696969697,4.8300223975456404
from_ipod,learned,29,129,132,0.9772727272727273,4.812461126946895
from_ipod,learned,29,130,132,0.9848484848484849,4.814012688431509
from_ipod,learned,29,131,132,0.9924242424242424,4.875149936165061
from_ipod,learned,29,132,132,1.0,4.897703044295902
from_ipod,learned,43,1,132,0.007575757575757576,1.8474390638797251
from_ipod,learned,43,2,132,0.015151515151515152,3.28801331464233
from_ipod,learned,43,3,132,0.022727272727272728,3.1470486625857768
from_ipod,learned,43,4,132,0.030303030303030304,3.499161709709928
from_ipod,learned,43,5,132,0.03787878787878788,3.558280258361639
from_ipod,learned,43,6,132,0.045454545454545456,4.071257172902236
from_ipod,learned,43,7,132,0.05303030303030303,4.087226614812943
from_ipod,learned,43,8,132,0.06060606060606061,3.946785148495321
from_ipod,learned,43,9,132,0.06818181818181818,3.690860174637643
from_ipod,learned,43,10,132,0.07575757575757576,3.905140351807964
from_ipod,learned,43,11,132,0.08333333333333333,3.7930482725188255
from_ipod,learned,43,12,132,0.09090909090909091,3.766733404852291
from_ipod,learned,43,13,132,0.09848484848484848,3.8302810088230714
from_ipod,learned,43,14,132,0.10606060606060606,3.7535326095313217
from_ipod,learned,43,15,132,0.11363636363636363,3.615974168210506
from_ipod,learned,43,16,132,0.12121212121212122,3.7210119362723284
from_ipod,learned,43,17,132,0.12878787878787878,3.844072996831518
from_ipod,learned,43,18,132,0.13636363636363635,3.8573335952646355
from_ipod,learned,43,19,132,0.14393939393939395,3.9246871997900845
from_ipod,learned,43,20,132,0.15151515151515152,3.8584193913166955
from_ipod,learned,43,21,132,0.1590909090909091,3.850199141887564
from_ipod,learned,43,22,132,0.16666666666666666,3.742697970785937
from_ipod,learned,43,23,132,0.17424242424242425,3.662890912375003
from_ipod,learned,43,24,132,0.18181818181818182,3.6725440829328044
from_ipod,learned,43,25,132,0.1893939393939394,3.671225781612545
from_ipod,learned,43,26,132,0.19696969696969696,3.6330345492974576
from_ipod,learned,43,27,132,0.20454545454545456,3.674493156133381
from_ipod,learned,43,28,132,0.21212121212121213,3.6149268138427475
from_ipod,learned,43,29,132,0.2196969696969697,3.6923931174690856
from_ipod,learned,43,30,132,0.22727272727272727,3.5904565531495503
from_ipod,learned,43,31,132,0.23484848484848486,3.6521984966117893
from_ipod,learned,43,32,132,0.24242424242424243,3.7144316221935716
from_ipod,learned,43,33,132,0.25,3.6465538548951733
from_ipod,learned,43,34,132,0.25757575757575757,3.6342263343145857
from_ipod,learned,43,35,132,0.26515151515151514,3.6414644120424793
from_ipod,learned,43,36,132,0.2727272727272727,3.653224722734248
from_ipod,learned,43,37,132,0.2803030303030303,3.693470250793882
from_ipod,learned,43,38,132,0.2878787878787879,3.6999434544891905
from_ipod,learned,43,39,132,0.29545454545454547,3.756518613547016
from_ipod,learned,43,40,132,0.30303030303030304,3.7636957657830052
from_ipod,learned,43,41,132,0.3106060606060606,3.696746920573363
from_ipod,learned,43,42,132,0.3181818181818182,3.6347362940114403
from_ipod,learned,43,43,132,0.32575757575757575,3.677631416218753
from_ipod,learned,43,44,132,0.3333333333333333,3.6878502599872687
from_ipod,learned,43,45,132,0.3409090909090909,3.8066278618143885
from_ipod,learned,43,46,132,0.3484848484848485,3.756886821998331
from_ipod,learned,43,47,132,0.3560606060606061,3.75792707705354
from_ipod,learned,43,48,132,0.36363636363636365,3.8064534108698953
from_ipod,learned,43,49,132,0.3712121212121212,3.877549746634317
from_ipod,learned,43,50,132,0.3787878787878788,3.9228392737879845
from_ipod,learned,43,51,132,0.38636363636363635,3.9970385976600458
from_ipod,learned,43,52,132,0.3939393939393939,3.944477549549632
from_ipod,learned,43,53,132,0.4015151515151515,4.020050952329422
from_ipod,learned,43,54,132,0.4090909090909091,4.137393280060755
from_ipod,learned,43,55,132,0.4166666666666667,4.105437757500933
from_ipod,learned,43,56,132,0.42424242424242425,4.179918057355852
from_ipod,learned,43,57,132,0.4318181818181818,4.154618417797107
from_ipod,learned,43,58,132,0.4393939393939394,4.175793500795893
from_ipod,learned,43,59,132,0.44696969696969696,4.196353753523231
from_ipod,learned,43,60,132,0.45454545454545453,4.157855082805979
from_ipod,learned,43,61,132,0.4621212121212121,4.171986281352677
from_ipod,learned,43,62,132,0.4696969696969697,4.138172534995584
from_ipod,learned,43,63,132,0.4772727272727273,4.112562302765447
from_ipod,learned,43,64,132,0.48484848484848486,4.1919543644595025
from_ipod,learned,43,65,132,0.49242424242424243,4.173488925857744
from_ipod,learned,43,66,132,0.5,4.198005955118152
from_ipod,learned,43,67,132,0.5075757575757576,4.191727683671033
from_ipod,learned,43,68,132,0.5151515151515151,4.198567504898631
from_ipod,learned,43,69,132,0.5227272727272727,4.196343761035644
from_ipod,learned,43,70,132,0.5303030303030303,4.228558421703153
from_ipod,learned,43,71,132,0.5378787878787878,4.222070171187904
from_ipod,learned,43,72,132,0.5454545454545454,4.2858624202448965
from_ipod,learned,43,73,132,0.553030303030303,4.281887314489652
from_ipod,learned,43,74,132,0.5606060606060606,4.334072940212332
from_ipod,learned,43,75,132,0.5681818181818182,4.335102008975519
from_ipod,learned,43,76,132,0.5757575757575758,4.363561667217931
from_ipod,learned,43,77,132,0.5833333333333334,4.322685012057346
from_ipod,learned,43,78,132,0.5909090909090909,4.286138710217406
from_ipod,learned,43,79,132,0.5984848484848485,4.302504172267641
from_ipod,learned,43,80,132,0.6060606060606061,4.280378409024799
from_ipod,learned,43,81,132,0.6136363636363636,4.2900407921216965
from_ipod,learned,43,82,132,0.6212121212121212,4.328480928629535
from_ipod,learned,43,83,132,0.6287878787878788,4.3431438647604
from_ipod,learned,43,84,132,0.6363636363636364,4.330303384248274
from_ipod,learned,43,85,132,0.6439393939393939,4.341884755514314
from_ipod,learned,43,86,132,0.6515151515151515,4.410842440407273
from_ipod,learned,43,87,132,0.6590909090909091,4.4719015235607635
from_ipod,learned,43,88,132,0.6666666666666666,4.488391007170316
from_ipod,learned,43,89,132,0.6742424242424242,4.510601265881108
from_ipod,learned,43,90,132,0.6818181818181818,4.490346048193602
from_ipod,learned,43,91,132,0.6893939393939394,4.510376641784056
from_ipod,learned,43,92,132,0.696969696969697,4.525185448921389
from_ipod,learned,43,93,132,0.7045454545454546,4.531162664482858
from_ipod,learned,43,94,132,0.7121212121212122,4.554244540863738
from_ipod,learned,43,95,132,0.7196969696969697,4.54320126387348
from_ipod,learned,43,96,132,0.7272727272727273,4.537519555268527
from_ipod,learned,43,97,132,0.7348484848484849,4.553314661829227
from_ipod,learned,43,98,132,0.7424242424242424,4.528797006942529
from_ipod,learned,43,99,132,0.75,4.554779576822795
from_ipod,learned,43,100,132,0.7575757575757576,4.536697571609335
from_ipod,learned,43,101,132,0.7651515151515151,4.568022852554547
from_ipod,learned,43,102,132,0.7727272727272727,4.613154622205028
from_ipod,learned,43,103,132,0.7803030303030303,4.601009796510382
from_ipod,learned,43,104,132,0.7878787878787878,4.602282614761496
from_ipod,learned,43,105,132,0.7954545454545454,4.60203902797661
from_ipod,learned,43,106,132,0.803030303030303,4.588501232496894
from_ipod,learned,43,107,132,0.8106060606060606,4.594402975394651
from_ipod,learned,43,108,132,0.8181818181818182,4.643487705718193
from_ipod,learned,43,109,132,0.8257575757575758,4.649321433089273
from_ipod,learned,43,110,132,0.8333333333333334,4.693216754918455
from_ipod,learned,43,111,132,0.8409090909090909,4.6959380918842735
from_ipod,learned,43,112,132,0.8484848484848485,4.691451136386208
from_ipod,learned,43,113,132,0.8560606060606061,4.721281944480266
from_ipod,learned,43,114,132,0.8636363636363636,4.688217838018225
from_ipod,learned,43,115,132,0.8712121212121212,4.673668402862128
from_ipod,learned,43,116,132,0.8787878787878788,4.67680729025638
from_ipod,learned,43,117,132,0.8863636363636364,4.648588302098194
from_ipod,learned,43,118,132,0.8939393939393939,4.652204491664267
from_ipod,learned,43,119,132,0.9015151515151515,4.632486609240135
from_ipod,learned,43,120,132,0.9090909090909091,4.66019248431537
from_ipod,learned,43,121,132,0.9166666666666666,4.683552160658614
from_ipod,learned,43,122,132,0.9242424242424242,4.661414210543566
from_ipod,learned,43,123,132,0.9318181818181818,4.64460079447781
from_ipod,learned,43,124,132,0.9393939393939394,4.633255194233945
from_ipod,learned,43,125,132,0.946969696969697,4.6228413844413705
from_ipod,learned,43,126,132,0.9545454545454546,4.633134992328874
from_ipod,learned,43,127,132,0.9621212121212122,4.614550724814267
from_ipod,learned,43,128,132,0.9696969696969697,4.6636159322367154
from_ipod,learned,43,129,132,0.9772727272727273,4.646335424320737
from_ipod,learned,43,130,132,0.9848484848484849,4.658042713108389
from_ipod,learned,43,131,132,0.9924242424242424,4.71045827789027
from_ipod,learned,43,132,132,1.0,4.729830671606107
from_SLR,bias,17,1,132,0.007575757575757576,14.071865669733823
from_SLR,bias,17,2,132,0.015151515151515152,10.560004813559821
from_SLR,bias,17,3,132,0.022727272727272728,11.73234003648978
from_SLR,bias,17,4,132,0.030303030303030304,10.80093406190397
from_SLR,bias,17,5,132,0.03787878787878788,10.054327304691379
from_SLR,bias,17,6,132,0.045454545454545456,10.37008634918237
from_SLR,bias,17,7,132,0.05303030303030303,9.198742008839135
from_SLR,bias,17,8,132,0.06060606060606061,8.283064849748571
from_SLR,bias,17,9,132,0.06818181818181818,8.15941925606144
from_SLR,bias,17,10,132,0.07575757575757576,7.9955577097303445
from_SLR,bias,17,11,132,0.08333333333333333,8.024958196127516
from_SLR,bias,17,12,132,0.09090909090909091,7.9651526451139425
from_SLR,bias,17,13,132,0.09848484848484848,8.02013824853638
from_SLR,bias,17,14,132,0.10606060606060606,7.865936335203695
from_SLR,bias,17,15,132,0.11363636363636363,7.880444267289096
from_SLR,bias,17,16,132,0.12121212121212122,7.763133509073405
from_SLR,bias,17,17,132,0.12878787878787878,7.925361718589411
from_SLR,bias,17,18,132,0.13636363636363635,8.122407151219
from_SLR,bias,17,19,132,0.14393939393939395,7.972740765715237
from_SLR,bias,17,20,132,0.15151515151515152,7.856131063898303
from_SLR,bias,17,21,132,0.1590909090909091,7.585335817762562
from_SLR,bias,17,22,132,0.16666666666666666,7.380997625319207
from_SLR,bias,17,23,132,0.17424242424242425,7.563780786639371
from_SLR,bias,17,24,132,0.18181818181818182,7.4865093010968815
from_SLR,bias,17,25,132,0.1893939393939394,7.39997764590387
from_SLR,bias,17,26,132,0.19696969696969696,7.320343445805113
from_SLR,bias,17,27,132,0.20454545454545456,7.257072946370347
from_SLR,bias,17,28,132,0.21212121212121213,7.212700965379351
from_SLR,bias,17,29,132,0.2196969696969697,7.215462066713495
from_SLR,bias,17,30,132,0.22727272727272727,7.335394686675486
from_SLR,bias,17,31,132,0.23484848484848486,7.200046465083535
from_SLR,bias,17,32,132,0.24242424242424243,7.288396206847463
from_SLR,bias,17,33,132,0.25,7.130961652771381
from_SLR,bias,17,34,132,0.25757575757575757,7.0626029293874595
from_SLR,bias,17,35,132,0.26515151515151514,7.0256115980857965
from_SLR,bias,17,36,132,0.2727272727272727,6.9052456513158385
from_SLR,bias,17,37,132,0.2803030303030303,6.850691581470735
from_SLR,bias,17,38,132,0.2878787878787879,6.725993636607285
from_SLR,bias,17,39,132,0.29545454545454547,6.766851352589949
from_SLR,bias,17,40,132,0.30303030303030304,6.717504899920337
from_SLR,bias,17,41,132,0.3106060606060606,6.658389873322371
from_SLR,bias,17,42,132,0.3181818181818182,6.666006217670806
from_SLR,bias,17,43,132,0.32575757575757575,6.619157521247538
from_SLR,bias,17,44,132,0.3333333333333333,6.523960770526355
from_SLR,bias,17,45,132,0.3409090909090909,6.484810631864726
from_SLR,bias,17,46,132,0.3484848484848485,6.479940664971727
from_SLR,bias,17,47,132,0.3560606060606061,6.416817083199552
from_SLR,bias,17,48,132,0.36363636363636365,6.3091447133298635
from_SLR,bias,17,49,132,0.3712121212121212,6.330237789971752
from_SLR,bias,17,50,132,0.3787878787878788,6.33113945122882
from_SLR,bias,17,51,132,0.38636363636363635,6.281453778516956
from_SLR,bias,17,52,132,0.3939393939393939,6.2934880477670525
from_SLR,bias,17,53,132,0.4015151515151515,6.318591026123969
from_SLR,bias,17,54,132,0.4090909090909091,6.386651407141987
from_SLR,bias,17,55,132,0.4166666666666667,6.395571632482118
from_SLR,bias,17,56,132,0.42424242424242425,6.330522739062604
from_SLR,bias,17,57,132,0.4318181818181818,6.369181026879858
from_SLR,bias,17,58,132,0.4393939393939394,6.297661987922556
from_SLR,bias,17,59,132,0.44696969696969696,6.295573553381076
from_SLR,bias,17,60,132,0.45454545454545453,6.370154094444498
from_SLR,bias,17,61,132,0.4621212121212121,6.35089943183277
from_SLR,bias,17,62,132,0.4696969696969697,6.301505992288474
from_SLR,bias,17,63,132,0.4772727272727273,6.343986789768125
from_SLR,bias,17,64,132,0.48484848484848486,6.315420056092433
from_SLR,bias,17,65,132,0.49242424242424243,6.3200378570895746
from_SLR,bias,17,66,132,0.5,6.3031256240691595
from_SLR,bias,17,67,132,0.5075757575757576,6.222720543140727
from_SLR,bias,17,68,132,0.5151515151515151,6.2023510880346056
from_SLR,bias,17,69,132,0.5227272727272727,6.141237551144051
from_SLR,bias,17,70,132,0.5303030303030303,6.134166596806285
from_SLR,bias,17,71,132,0.5378787878787878,6.170201238990175
from_SLR,bias,17,72,132,0.5454545454545454,6.217892519106906
from_SLR,bias,17,73,132,0.553030303030303,6.201208303353087
from_SLR,bias,17,74,132,0.5606060606060606,6.239107838345685
from_SLR,bias,17,75,132,0.5681818181818182,6.206286144677054
from_SLR,bias,17,76,132,0.5757575757575758,6.202617726764591
from_SLR,bias,17,77,132,0.5833333333333334,6.18698488356158
from_SLR,bias,17,78,132,0.5909090909090909,6.162931074836164
from_SLR,bias,17,79,132,0.5984848484848485,6.209828659474158
from_SLR,bias,17,80,132,0.6060606060606061,6.1603885682210215
from_SLR,bias,17,81,132,0.6136363636363636,6.188483026299984
from_SLR,bias,17,82,132,0.6212121212121212,6.145843886286619
from_SLR,bias,17,83,132,0.6287878787878788,6.184497775035956
from_SLR,bias,17,84,132,0.6363636363636364,6.1652885082071665
from_SLR,bias,17,85,132,0.6439393939393939,6.223785378952163
from_SLR,bias,17,86,132,0.6515151515151515,6.264136100703654
from_SLR,bias,17,87,132,0.6590909090909091,6.30337564463304
from_SLR,bias,17,88,132,0.6666666666666666,6.282801433345397
from_SLR,bias,17,89,132,0.6742424242424242,6.287900834126768
from_SLR,bias,17,90,132,0.6818181818181818,6.342074258106122
from_SLR,bias,17,91,132,0.6893939393939394,6.330727828068729
from_SLR,bias,17,92,132,0.696969696969697,6.326839548797257
from_SLR,bias,17,93,132,0.7045454545454546,6.2959436795331065
from_SLR,bias,17,94,132,0.7121212121212122,6.241345712980483
from_SLR,bias,17,95,132,0.7196969696969697,6.234766938409897
from_SLR,bias,17,96,132,0.7272727272727273,6.233024763122429
from_SLR,bias,17,97,132,0.7348484848484849,6.300154166237414
from_SLR,bias,17,98,132,0.7424242424242424,6.275540507021084
from_SLR,bias,17,99,132,0.75,6.268892802826163
from_SLR,bias,17,100,132,0.7575757575757576,6.343640619531999
from_SLR,bias,17,101,132,0.7651515151515151,6.370780109142405
from_SLR,bias,17,102,132,0.7727272727272727,6.327801965985587
from_SLR,bias,17,103,132,0.7803030303030303,6.342994431780623
from_SLR,bias,17,104,132,0.7878787878787878,6.397108471055954
from_SLR,bias,17,105,132,0.7954545454545454,6.378806711306978
from_SLR,bias,17,106,132,0.803030303030303,6.362727816085918
from_SLR,bias,17,107,132,0.8106060606060606,6.34457225923859
from_SLR,bias,17,108,132,0.8181818181818182,6.395329906231716
from_SLR,bias,17,109,132,0.8257575757575758,6.380657765585021
from_SLR,bias,17,110,132,0.8333333333333334,6.387079443906971
from_SLR,bias,17,111,132,0.8409090909090909,6.44893674762323
from_SLR,bias,17,112,132,0.8484848484848485,6.505039642857804
from_SLR,bias,17,113,132,0.8560606060606061,6.55739014163193
from_SLR,bias,17,114,132,0.8636363636363636,6.522151657029348
from_SLR,bias,17,115,132,0.8712121212121212,6.51058075393431
from_SLR,bias,17,116,132,0.8787878787878788,6.507192009555629
from_SLR,bias,17,117,132,0.8863636363636364,6.490827740859138
from_SLR,bias,17,118,132,0.8939393939393939,6.489087506502492
from_SLR,bias,17,119,132,0.9015151515151515,6.467551057801231
from_SLR,bias,17,120,132,0.9090909090909091,6.467321951509302
from_SLR,bias,17,121,132,0.9166666666666666,6.4769719204344955
from_SLR,bias,17,122,132,0.9242424242424242,6.454925099968427
from_SLR,bias,17,123,132,0.9318181818181818,6.463171070371875
from_SLR,bias,17,124,132,0.9393939393939394,6.505084168843193
from_SLR,bias,17,125,132,0.946969696969697,6.490837549682193
from_SLR,bias,17,126,132,0.9545454545454546,6.492774930604446
from_SLR,bias,17,127,132,0.9621212121212122,6.521721990975821
from_SLR,bias,17,128,132,0.9696969696969697,6.557464112845865
from_SLR,bias,17,129,132,0.9772727272727273,6.556422609022844
from_SLR,bias,17,130,132,0.9848484848484849,6.52218430853852
from_SLR,bias,17,131,132,0.9924242424242424,6.510330597181764
from_SLR,bias,17,132,132,1.0,6.510694434620352
from_SLR,bias,29,1,132,0.007575757575757576,3.570654357035721
from_SLR,bias,29,2,132,0.015151515151515152,5.543665241122384
from_SLR,bias,29,3,132,0.022727272727272728,5.806743187237728
from_SLR,bias,29,4,132,0.030303030303030304,5.1605514135886645
from_SLR,bias,29,5,132,0.03787878787878788,4.88697393368574
from_SLR,bias,29,6,132,0.045454545454545456,5.645015619363952
from_SLR,bias,29,7,132,0.05303030303030303,5.880326156541843
from_SLR,bias,29,8,132,0.06060606060606061,6.018910154781458
from_SLR,bias,29,9,132,0.06818181818181818,6.355271406801201
from_SLR,bias,29,10,132,0.07575757575757576,6.55476681447571
from_SLR,bias,29,11,132,0.08333333333333333,6.399067009391101
from_SLR,bias,29,12,132,0.09090909090909091,6.154979796425654
from_SLR,bias,29,13,132,0.09848484848484848,6.33041891648343
from_SLR,bias,29,14,132,0.10606060606060606,6.028859308557897
from_SLR,bias,29,15,132,0.11363636363636363,5.918150098984228
from_SLR,bias,29,16,132,0.12121212121212122,6.046974066331606
from_SLR,bias,29,17,132,0.12878787878787878,6.202373893251399
from_SLR,bias,29,18,132,0.13636363636363635,6.243189949251825
from_SLR,bias,29,19,132,0.14393939393939395,6.397963664923216
from_SLR,bias,29,20,132,0.15151515151515152,6.244706287065935
from_SLR,bias,29,21,132,0.1590909090909091,6.055860466635387
from_SLR,bias,29,22,132,0.16666666666666666,6.206681375736602
from_SLR,bias,29,23,132,0.17424242424242425,6.594941784924503
from_SLR,bias,29,24,132,0.18181818181818182,6.758294648726806
from_SLR,bias,29,25,132,0.1893939393939394,6.870232998152918
from_SLR,bias,29,26,132,0.19696969696969696,6.7191514599177715
from_SLR,bias,29,27,132,0.20454545454545456,6.816602115796248
from_SLR,bias,29,28,132,0.21212121212121213,6.628979535095807
from_SLR,bias,29,29,132,0.2196969696969697,6.571025032363708
from_SLR,bias,29,30,132,0.22727272727272727,6.605493708318756
from_SLR,bias,29,31,132,0.23484848484848486,6.681068058582846
from_SLR,bias,29,32,132,0.24242424242424243,6.690090450314856
from_SLR,bias,29,33,132,0.25,6.6917782037710145
from_SLR,bias,29,34,132,0.25757575757575757,6.703122038306505
from_SLR,bias,29,35,132,0.26515151515151514,6.669943480910545
from_SLR,bias,29,36,132,0.2727272727272727,6.602121583682814
from_SLR,bias,29,37,132,0.2803030303030303,6.5311841457068684
from_SLR,bias,29,38,132,0.2878787878787879,6.523198851978425
from_SLR,bias,29,39,132,0.29545454545454547,6.40385275436654
from_SLR,bias,29,40,132,0.30303030303030304,6.338391102231841
from_SLR,bias,29,41,132,0.3106060606060606,6.343915018786978
from_SLR,bias,29,42,132,0.3181818181818182,6.266552064381257
from_SLR,bias,29,43,132,0.32575757575757575,6.370022229682033
from_SLR,bias,29,44,132,0.3333333333333333,6.349367027127649
from_SLR,bias,29,45,132,0.3409090909090909,6.323037847618381
from_SLR,bias,29,46,132,0.3484848484848485,6.265951919220891
from_SLR,bias,29,47,132,0.3560606060606061,6.2075253284292335
from_SLR,bias,29,48,132,0.36363636363636365,6.352665731410621
from_SLR,bias,29,49,132,0.3712121212121212,6.319912144617388
from_SLR,bias,29,50,132,0.3787878787878788,6.2327602557
from_SLR,bias,29,51,132,0.38636363636363635,6.204465126135175
from_SLR,bias,29,52,132,0.3939393939393939,6.119721928728291
from_SLR,bias,29,53,132,0.4015151515151515,6.066448398191995
from_SLR,bias,29,54,132,0.4090909090909091,6.092124091855239
from_SLR,bias,29,55,132,0.4166666666666667,6.057505856413429
from_SLR,bias,29,56,132,0.42424242424242425,6.028319692016604
from_SLR,bias,29,57,132,0.4318181818181818,6.0186670052363365
from_SLR,bias,29,58,132,0.4393939393939394,6.065239260279898
from_SLR,bias,29,59,132,0.44696969696969696,6.092408885591737
from_SLR,bias,29,60,132,0.45454545454545453,6.080833231901362
from_SLR,bias,29,61,132,0.4621212121212121,6.2520889246385725
from_SLR,bias,29,62,132,0.4696969696969697,6.175660093106378
from_SLR,bias,29,63,132,0.4772727272727273,6.190912767680128
from_SLR,bias,29,64,132,0.48484848484848486,6.16896882986078
from_SLR,bias,29,65,132,0.49242424242424243,6.1059407853281975
from_SLR,bias,29,66,132,0.5,6.15718155820714
from_SLR,bias,29,67,132,0.5075757575757576,6.274919679899148
from_SLR,bias,29,68,132,0.5151515151515151,6.248689198384898
from_SLR,bias,29,69,132,0.5227272727272727,6.269642080368572
from_SLR,bias,29,70,132,0.5303030303030303,6.346384390531483
from_SLR,bias,29,71,132,0.5378787878787878,6.346719787609568
from_SLR,bias,29,72,132,0.5454545454545454,6.33114870433403
from_SLR,bias,29,73,132,0.553030303030303,6.258932751755826
from_SLR,bias,29,74,132,0.5606060606060606,6.203394087925963
from_SLR,bias,29,75,132,0.5681818181818182,6.156102825129796
from_SLR,bias,29,76,132,0.5757575757575758,6.217072404012593
from_SLR,bias,29,77,132,0.5833333333333334,6.190995185182618
from_SLR,bias,29,78,132,0.5909090909090909,6.179860973039924
from_SLR,bias,29,79,132,0.5984848484848485,6.218090036508481
from_SLR,bias,29,80,132,0.6060606060606061,6.185819900053244
from_SLR,bias,29,81,132,0.6136363636363636,6.2407876500463
from_SLR,bias,29,82,132,0.6212121212121212,6.261799215630767
from_SLR,bias,29,83,132,0.6287878787878788,6.2429155602667725
from_SLR,bias,29,84,132,0.6363636363636364,6.24073533559458
from_SLR,bias,29,85,132,0.6439393939393939,6.202346486363137
from_SLR,bias,29,86,132,0.6515151515151515,6.147085851204942
from_SLR,bias,29,87,132,0.6590909090909091,6.118980685933508
from_SLR,bias,29,88,132,0.6666666666666666,6.103218075682833
from_SLR,bias,29,89,132,0.6742424242424242,6.084321901142998
from_SLR,bias,29,90,132,0.6818181818181818,6.05206764531132
from_SLR,bias,29,91,132,0.6893939393939394,6.038292871747712
from_SLR,bias,29,92,132,0.696969696969697,6.026882713792914
from_SLR,bias,29,93,132,0.7045454545454546,6.050273712167924
from_SLR,bias,29,94,132,0.7121212121212122,6.106689202379784
from_SLR,bias,29,95,132,0.7196969696969697,6.078754289061036
from_SLR,bias,29,96,132,0.7272727272727273,6.142273297595377
from_SLR,bias,29,97,132,0.7348484848484849,6.104688629223857
from_SLR,bias,29,98,132,0.7424242424242424,6.1556750226517085
from_SLR,bias,29,99,132,0.75,6.138067509120368
from_SLR,bias,29,100,132,0.7575757575757576,6.183960506789839
from_SLR,bias,29,101,132,0.7651515151515151,6.160391685289069
from_SLR,bias,29,102,132,0.7727272727272727,6.185423014605327
from_SLR,bias,29,103,132,0.7803030303030303,6.207433423180414
from_SLR,bias,29,104,132,0.7878787878787878,6.257626079091057
from_SLR,bias,29,105,132,0.7954545454545454,6.243412052692628
from_SLR,bias,29,106,132,0.803030303030303,6.241192250627085
from_SLR,bias,29,107,132,0.8106060606060606,6.230046707391715
from_SLR,bias,29,108,132,0.8181818181818182,6.1885294011137555
from_SLR,bias,29,109,132,0.8257575757575758,6.145069141631079
from_SLR,bias,29,110,132,0.8333333333333334,6.171128242674451
from_SLR,bias,29,111,132,0.8409090909090909,6.157022331555055
from_SLR,bias,29,112,132,0.8484848484848485,6.127719151465861
from_SLR,bias,29,113,132,0.8560606060606061,6.141661860952937
from_SLR,bias,29,114,132,0.8636363636363636,6.1962169657001525
from_SLR,bias,29,115,132,0.8712121212121212,6.179728679199309
from_SLR,bias,29,116,132,0.8787878787878788,6.204038769536113
from_SLR,bias,29,117,132,0.8863636363636364,6.208768932566437
from_SLR,bias,29,118,132,0.8939393939393939,6.188574487439317
from_SLR,bias,29,119,132,0.9015151515151515,6.202863316576443
from_SLR,bias,29,120,132,0.9090909090909091,6.186326469643048
from_SLR,bias,29,121,132,0.9166666666666666,6.164277938614653
from_SLR,bias,29,122,132,0.9242424242424242,6.16383639276698
from_SLR,bias,29,123,132,0.9318181818181818,6.155104877992296
from_SLR,bias,29,124,132,0.9393939393939394,6.149447079292361
from_SLR,bias,29,125,132,0.946969696969697,6.1494344922963196
from_SLR,bias,29,126,132,0.9545454545454546,6.131526829233311
from_SLR,bias,29,127,132,0.9621212121212122,6.173831792730072
from_SLR,bias,29,128,132,0.9696969696969697,6.197388000479795
from_SLR,bias,29,129,132,0.9772727272727273,6.170720131350976
from_SLR,bias,29,130,132,0.9848484848484849,6.175411427335571
from_SLR,bias,29,131,132,0.9924242424242424,6.179989800955477
from_SLR,bias,29,132,132,1.0,6.186049613088792
from_SLR,bias,43,1,132,0.007575757575757576,5.657436098489098
from_SLR,bias,43,2,132,0.015151515151515152,8.432256783990262
from_SLR,bias,43,3,132,0.022727272727272728,7.287285278494288
from_SLR,bias,43,4,132,0.030303030303030304,6.683561913497866
from_SLR,bias,43,5,132,0.03787878787878788,6.3098417884579066
from_SLR,bias,43,6,132,0.045454545454545456,6.7499835139523485
from_SLR,bias,43,7,132,0.05303030303030303,5.99800942611463
from_SLR,bias,43,8,132,0.06060606060606061,6.281138876067418
from_SLR,bias,43,9,132,0.06818181818181818,6.130026403147183
from_SLR,bias,43,10,132,0.07575757575757576,5.739193789226153
from_SLR,bias,43,11,132,0.08333333333333333,5.6517129570066045
from_SLR,bias,43,12,132,0.09090909090909091,5.701169504781866
from_SLR,bias,43,13,132,0.09848484848484848,6.106176806615739
from_SLR,bias,43,14,132,0.10606060606060606,6.116707544471998
from_SLR,bias,43,15,132,0.11363636363636363,6.191611949091189
from_SLR,bias,43,16,132,0.12121212121212122,6.078019002407751
from_SLR,bias,43,17,132,0.12878787878787878,5.943706579208896
from_SLR,bias,43,18,132,0.13636363636363635,5.8591116775073235
from_SLR,bias,43,19,132,0.14393939393939395,5.967078180266212
from_SLR,bias,43,20,132,0.15151515151515152,6.104649730821612
from_SLR,bias,43,21,132,0.1590909090909091,6.172880845502472
from_SLR,bias,43,22,132,0.16666666666666666,5.99037159165522
from_SLR,bias,43,23,132,0.17424242424242425,5.894238008016023
from_SLR,bias,43,24,132,0.18181818181818182,5.749473175139873
from_SLR,bias,43,25,132,0.1893939393939394,5.881964353311489
from_SLR,bias,43,26,132,0.19696969696969696,5.807812931012984
from_SLR,bias,43,27,132,0.20454545454545456,5.676175577926616
from_SLR,bias,43,28,132,0.21212121212121213,5.6174368019062175
from_SLR,bias,43,29,132,0.2196969696969697,5.647887415023406
from_SLR,bias,43,30,132,0.22727272727272727,5.7138476131001745
from_SLR,bias,43,31,132,0.23484848484848486,5.5878885739995985
from_SLR,bias,43,32,132,0.24242424242424243,5.5844534278029
from_SLR,bias,43,33,132,0.25,5.588503452034299
from_SLR,bias,43,34,132,0.25757575757575757,5.4909784974776334
from_SLR,bias,43,35,132,0.26515151515151514,5.580049000816978
from_SLR,bias,43,36,132,0.2727272727272727,5.664144370064053
from_SLR,bias,43,37,132,0.2803030303030303,5.709036505796036
from_SLR,bias,43,38,132,0.2878787878787879,5.702809065765865
from_SLR,bias,43,39,132,0.29545454545454547,5.703809531535502
from_SLR,bias,43,40,132,0.30303030303030304,5.698239685036942
from_SLR,bias,43,41,132,0.3106060606060606,5.68831966739858
from_SLR,bias,43,42,132,0.3181818181818182,5.650326768549492
from_SLR,bias,43,43,132,0.32575757575757575,5.644697018436921
from_SLR,bias,43,44,132,0.3333333333333333,5.654457119176823
from_SLR,bias,43,45,132,0.3409090909090909,5.672291086214265
from_SLR,bias,43,46,132,0.3484848484848485,5.742238708392076
from_SLR,bias,43,47,132,0.3560606060606061,5.718731428201171
from_SLR,bias,43,48,132,0.36363636363636365,5.742895180388068
from_SLR,bias,43,49,132,0.3712121212121212,5.721812420198494
from_SLR,bias,43,50,132,0.3787878787878788,5.6515998577955076
from_SLR,bias,43,51,132,0.38636363636363635,5.582213966078711
from_SLR,bias,43,52,132,0.3939393939393939,5.5880307992237395
from_SLR,bias,43,53,132,0.4015151515151515,5.610996924058473
from_SLR,bias,43,54,132,0.4090909090909091,5.607373856661992
from_SLR,bias,43,55,132,0.4166666666666667,5.639667531661769
from_SLR,bias,43,56,132,0.42424242424242425,5.701190926449698
from_SLR,bias,43,57,132,0.4318181818181818,5.786722936212303
from_SLR,bias,43,58,132,0.4393939393939394,5.823705528273784
from_SLR,bias,43,59,132,0.44696969696969696,5.784594143750034
from_SLR,bias,43,60,132,0.45454545454545453,5.773727089444119
from_SLR,bias,43,61,132,0.4621212121212121,5.78539008170926
from_SLR,bias,43,62,132,0.4696969696969697,5.789928651606652
from_SLR,bias,43,63,132,0.4772727272727273,5.75909683362039
from_SLR,bias,43,64,132,0.48484848484848486,5.776127797589458
from_SLR,bias,43,65,132,0.49242424242424243,5.740104614475917
from_SLR,bias,43,66,132,0.5,5.761217567091195
from_SLR,bias,43,67,132,0.5075757575757576,5.714126113047027
from_SLR,bias,43,68,132,0.5151515151515151,5.684075805343818
from_SLR,bias,43,69,132,0.5227272727272727,5.690653094172658
from_SLR,bias,43,70,132,0.5303030303030303,5.6539046260791235
from_SLR,bias,43,71,132,0.5378787878787878,5.598486315157772
from_SLR,bias,43,72,132,0.5454545454545454,5.622776433207857
from_SLR,bias,43,73,132,0.553030303030303,5.678507724738998
from_SLR,bias,43,74,132,0.5606060606060606,5.697021854840597
from_SLR,bias,43,75,132,0.5681818181818182,5.762590805778791
from_SLR,bias,43,76,132,0.5757575757575758,5.746947479004298
from_SLR,bias,43,77,132,0.5833333333333334,5.748204819766655
from_SLR,bias,43,78,132,0.5909090909090909,5.764132054636834
from_SLR,bias,43,79,132,0.5984848484848485,5.789449842428458
from_SLR,bias,43,80,132,0.6060606060606061,5.787324487271675
from_SLR,bias,43,81,132,0.6136363636363636,5.7802954728148
from_SLR,bias,43,82,132,0.6212121212121212,5.75859904954819
from_SLR,bias,43,83,132,0.6287878787878788,5.743663779298702
from_SLR,bias,43,84,132,0.6363636363636364,5.750919990568863
from_SLR,bias,43,85,132,0.6439393939393939,5.7241857045936495
from_SLR,bias,43,86,132,0.6515151515151515,5.779378909106675
from_SLR,bias,43,87,132,0.6590909090909091,5.809717591064482
from_SLR,bias,43,88,132,0.6666666666666666,5.789860281877988
from_SLR,bias,43,89,132,0.6742424242424242,5.772071736290275
from_SLR,bias,43,90,132,0.6818181818181818,5.767933695656019
from_SLR,bias,43,91,132,0.6893939393939394,5.778342671730548
from_SLR,bias,43,92,132,0.696969696969697,5.849350235602844
from_SLR,bias,43,93,132,0.7045454545454546,5.906148416990167
from_SLR,bias,43,94,132,0.7121212121212122,5.981673882928664
from_SLR,bias,43,95,132,0.7196969696969697,5.999204896115984
from_SLR,bias,43,96,132,0.7272727272727273,6.054021645552205
from_SLR,bias,43,97,132,0.7348484848484849,6.043513333902435
from_SLR,bias,43,98,132,0.7424242424242424,6.04441155482442
from_SLR,bias,43,99,132,0.75,6.020589697559115
from_SLR,bias,43,100,132,0.7575757575757576,5.978447368448868
from_SLR,bias,43,101,132,0.7651515151515151,5.944242503200881
from_SLR,bias,43,102,132,0.7727272727272727,5.987820167874623
from_SLR,bias,43,103,132,0.7803030303030303,6.070633357105194
from_SLR,bias,43,104,132,0.7878787878787878,6.099032661675809
from_SLR,bias,43,105,132,0.7954545454545454,6.089647960955783
from_SLR,bias,43,106,132,0.803030303030303,6.090123536142813
from_SLR,bias,43,107,132,0.8106060606060606,6.175847703053458
from_SLR,bias,43,108,132,0.8181818181818182,6.175880968882092
from_SLR,bias,43,109,132,0.8257575757575758,6.239793694863981
from_SLR,bias,43,110,132,0.8333333333333334,6.307937466140855
from_SLR,bias,43,111,132,0.8409090909090909,6.297124983094024
from_SLR,bias,43,112,132,0.8484848484848485,6.3636537601962875
from_SLR,bias,43,113,132,0.8560606060606061,6.362205408825708
from_SLR,bias,43,114,132,0.8636363636363636,6.330387902568376
from_SLR,bias,43,115,132,0.8712121212121212,6.4008611429563045
from_SLR,bias,43,116,132,0.8787878787878788,6.411920071793633
from_SLR,bias,43,117,132,0.8863636363636364,6.474234568482202
from_SLR,bias,43,118,132,0.8939393939393939,6.457167506747307
from_SLR,bias,43,119,132,0.9015151515151515,6.465112740662349
from_SLR,bias,43,120,132,0.9090909090909091,6.4531340954232075
from_SLR,bias,43,121,132,0.9166666666666666,6.44220513380326
from_SLR,bias,43,122,132,0.9242424242424242,6.454141942379962
from_SLR,bias,43,123,132,0.9318181818181818,6.46414201900924
from_SLR,bias,43,124,132,0.9393939393939394,6.507511433601461
from_SLR,bias,43,125,132,0.946969696969697,6.51725588005008
from_SLR,bias,43,126,132,0.9545454545454546,6.5352846152594815
from_SLR,bias,43,127,132,0.9621212121212122,6.546833882872182
from_SLR,bias,43,128,132,0.9696969696969697,6.538499745918619
from_SLR,bias,43,129,132,0.9772727272727273,6.557684637535032
from_SLR,bias,43,130,132,0.9848484848484849,6.535487256890147
from_SLR,bias,43,131,132,0.9924242424242424,6.5272469654639655
from_SLR,bias,43,132,132,1.0,6.511690084292697
from_SLR,fixed_grid,17,1,132,0.007575757575757576,2.4710899125127455
from_SLR,fixed_grid,17,2,132,0.015151515151515152,5.666386877513301
from_SLR,fixed_grid,17,3,132,0.022727272727272728,5.235145450315403
from_SLR,fixed_grid,17,4,132,0.030303030303030304,4.8239353342009785
from_SLR,fixed_grid,17,5,132,0.03787878787878788,4.391300512065856
from_SLR,fixed_grid,17,6,132,0.045454545454545456,4.011727476773607
from_SLR,fixed_grid,17,7,132,0.05303030303030303,3.651476530001926
from_SLR,fixed_grid,17,8,132,0.06060606060606061,3.4815813032892455
from_SLR,fixed_grid,17,9,132,0.06818181818181818,3.3537028403763056
from_SLR,fixed_grid,17,10,132,0.07575757575757576,3.780647109319541
from_SLR,fixed_grid,17,11,132,0.08333333333333333,4.010725553676812
from_SLR,fixed_grid,17,12,132,0.09090909090909091,4.265849026799228
from_SLR,fixed_grid,17,13,132,0.09848484848484848,4.514303050349744
from_SLR,fixed_grid,17,14,132,0.10606060606060606,4.360834033017944
from_SLR,fixed_grid,17,15,132,0.11363636363636363,4.410362051576195
from_SLR,fixed_grid,17,16,132,0.12121212121212122,4.3060688938925615
from_SLR,fixed_grid,17,17,132,0.12878787878787878,4.208691026389647
from_SLR,fixed_grid,17,18,132,0.13636363636363635,4.5288521179902865
from_SLR,fixed_grid,17,19,132,0.14393939393939395,4.638548323536914
from_SLR,fixed_grid,17,20,132,0.15151515151515152,4.540711346808252
from_SLR,fixed_grid,17,21,132,0.1590909090909091,4.7444265006784985
from_SLR,fixed_grid,17,22,132,0.16666666666666666,4.674705161268757
from_SLR,fixed_grid,17,23,132,0.17424242424242425,4.6264008890681385
from_SLR,fixed_grid,17,24,132,0.18181818181818182,4.507289990073564
from_SLR,fixed_grid,17,25,132,0.1893939393939394,4.535882307465847
from_SLR,fixed_grid,17,26,132,0.19696969696969696,4.449397841747519
from_SLR,fixed_grid,17,27,132,0.20454545454545456,4.4246857015512875
from_SLR,fixed_grid,17,28,132,0.21212121212121213,4.364946547031088
from_SLR,fixed_grid,17,29,132,0.2196969696969697,4.2639962957350575
from_SLR,fixed_grid,17,30,132,0.22727272727272727,4.209627990610526
from_SLR,fixed_grid,17,31,132,0.23484848484848486,4.270821820424789
from_SLR,fixed_grid,17,32,132,0.24242424242424243,4.3279657653073995
from_SLR,fixed_grid,17,33,132,0.25,4.287987449592681
from_SLR,fixed_grid,17,34,132,0.25757575757575757,4.340303506847896
from_SLR,fixed_grid,17,35,132,0.26515151515151514,4.3912085070162945
from_SLR,fixed_grid,17,36,132,0.2727272727272727,4.503609959148398
from_SLR,fixed_grid,17,37,132,0.2803030303030303,4.4580007517548665
from_SLR,fixed_grid,17,38,132,0.2878787878787879,4.543442313719856
from_SLR,fixed_grid,17,39,132,0.29545454545454547,4.515476026364699
from_SLR,fixed_grid,17,40,132,0.30303030303030304,4.473592767207657
from_SLR,fixed_grid,17,41,132,0.3106060606060606,4.409125638373773
from_SLR,fixed_grid,17,42,132,0.3181818181818182,4.538173794924004
from_SLR,fixed_grid,17,43,132,0.32575757575757575,4.617746830194993
from_SLR,fixed_grid,17,44,132,0.3333333333333333,4.610266292590218
from_SLR,fixed_grid,17,45,132,0.3409090909090909,4.626869511373722
from_SLR,fixed_grid,17,46,132,0.3484848484848485,4.6185024674728785
from_SLR,fixed_grid,17,47,132,0.3560606060606061,4.623087168930431
from_SLR,fixed_grid,17,48,132,0.36363636363636365,4.5602891122157105
from_SLR,fixed_grid,17,49,132,0.3712121212121212,4.559018058643674
from_SLR,fixed_grid,17,50,132,0.3787878787878788,4.53188438117211
from_SLR,fixed_grid,17,51,132,0.38636363636363635,4.610648167945638
from_SLR,fixed_grid,17,52,132,0.3939393939393939,4.567123805862706
from_SLR,fixed_grid,17,53,132,0.4015151515151515,4.560246381121962
from_SLR,fixed_grid,17,54,132,0.4090909090909091,4.587270857401268
from_SLR,fixed_grid,17,55,132,0.4166666666666667,4.588812476455535
from_SLR,fixed_grid,17,56,132,0.42424242424242425,4.536150127198412
from_SLR,fixed_grid,17,57,132,0.4318181818181818,4.561619958508744
from_SLR,fixed_grid,17,58,132,0.4393939393939394,4.517766111608426
from_SLR,fixed_grid,17,59,132,0.44696969696969696,4.486351379577501
from_SLR,fixed_grid,17,60,132,0.45454545454545453,4.436059979660128
from_SLR,fixed_grid,17,61,132,0.4621212121212121,4.41134477115715
from_SLR,fixed_grid,17,62,132,0.4696969696969697,4.440140007144168
from_SLR,fixed_grid,17,63,132,0.4772727272727273,4.386815333596958
from_SLR,fixed_grid,17,64,132,0.48484848484848486,4.3951287272773065
from_SLR,fixed_grid,17,65,132,0.49242424242424243,4.376979004000459
from_SLR,fixed_grid,17,66,132,0.5,4.342235176265109
from_SLR,fixed_grid,17,67,132,0.5075757575757576,4.367347127261434
from_SLR,fixed_grid,17,68,132,0.5151515151515151,4.410837796981473
from_SLR,fixed_grid,17,69,132,0.5227272727272727,4.415888301415727
from_SLR,fixed_grid,17,70,132,0.5303030303030303,4.44930790555205
from_SLR,fixed_grid,17,71,132,0.5378787878787878,4.414272545952418
from_SLR,fixed_grid,17,72,132,0.5454545454545454,4.3723488281225595
from_SLR,fixed_grid,17,73,132,0.553030303030303,4.420129870423953
from_SLR,fixed_grid,17,74,132,0.5606060606060606,4.379651293747808
from_SLR,fixed_grid,17,75,132,0.5681818181818182,4.440845368376753
from_SLR,fixed_grid,17,76,132,0.5757575757575758,4.489982556865873
from_SLR,fixed_grid,17,77,132,0.5833333333333334,4.544162767254566
from_SLR,fixed_grid,17,78,132,0.5909090909090909,4.568996372912616
from_SLR,fixed_grid,17,79,132,0.5984848484848485,4.556300757342697
from_SLR,fixed_grid,17,80,132,0.6060606060606061,4.540801352766307
from_SLR,fixed_grid,17,81,132,0.6136363636363636,4.534889111612572
from_SLR,fixed_grid,17,82,132,0.6212121212121212,4.585500606848661
from_SLR,fixed_grid,17,83,132,0.6287878787878788,4.558592910749195
from_SLR,fixed_grid,17,84,132,0.6363636363636364,4.57475901751396
from_SLR,fixed_grid,17,85,132,0.6439393939393939,4.570267694232988
from_SLR,fixed_grid,17,86,132,0.6515151515151515,4.544568069909735
from_SLR,fixed_grid,17,87,132,0.6590909090909091,4.497582105147452
from_SLR,fixed_grid,17,88,132,0.6666666666666666,4.467627543805024
from_SLR,fixed_grid,17,89,132,0.6742424242424242,4.5176640009338795
from_SLR,fixed_grid,17,90,132,0.6818181818181818,4.505729132421567
from_SLR,fixed_grid,17,91,132,0.6893939393939394,4.491491429954245
from_SLR,fixed_grid,17,92,132,0.696969696969697,4.553169600905142
from_SLR,fixed_grid,17,93,132,0.7045454545454546,4.594767886581263
from_SLR,fixed_grid,17,94,132,0.7121212121212122,4.553171961922549
from_SLR,fixed_grid,17,95,132,0.7196969696969697,4.592198209867281
from_SLR,fixed_grid,17,96,132,0.7272727272727273,4.597943915807478
from_SLR,fixed_grid,17,97,132,0.7348484848484849,4.608389365641867
from_SLR,fixed_grid,17,98,132,0.7424242424242424,4.613815843931754
from_SLR,fixed_grid,17,99,132,0.75,4.630495635332851
from_SLR,fixed_grid,17,100,132,0.7575757575757576,4.652750509369983
from_SLR,fixed_grid,17,101,132,0.7651515151515151,4.667189769977785
from_SLR,fixed_grid,17,102,132,0.7727272727272727,4.734401254194499
from_SLR,fixed_grid,17,103,132,0.7803030303030303,4.699658100066104
from_SLR,fixed_grid,17,104,132,0.7878787878787878,4.673756936145114
from_SLR,fixed_grid,17,105,132,0.7954545454545454,4.68895223351729
from_SLR,fixed_grid,17,106,132,0.803030303030303,4.66978897583931
from_SLR,fixed_grid,17,107,132,0.8106060606060606,4.720208889338902
from_SLR,fixed_grid,17,108,132,0.8181818181818182,4.759278157924941
from_SLR,fixed_grid,17,109,132,0.8257575757575758,4.72153634612868
from_SLR,fixed_grid,17,110,132,0.8333333333333334,4.772329347851856
from_SLR,fixed_grid,17,111,132,0.8409090909090909,4.760688073401469
from_SLR,fixed_grid,17,112,132,0.8484848484848485,4.728978212622819
from_SLR,fixed_grid,17,113,132,0.8560606060606061,4.7944898936117895
from_SLR,fixed_grid,17,114,132,0.8636363636363636,4.820221200663888
from_SLR,fixed_grid,17,115,132,0.8712121212121212,4.7957700520670405
from_SLR,fixed_grid,17,116,132,0.8787878787878788,4.780451859407303
from_SLR,fixed_grid,17,117,132,0.8863636363636364,4.790362371667673
from_SLR,fixed_grid,17,118,132,0.8939393939393939,4.794305417884697
from_SLR,fixed_grid,17,119,132,0.9015151515151515,4.768657437501315
from_SLR,fixed_grid,17,120,132,0.9090909090909091,4.75473217361761
from_SLR,fixed_grid,17,121,132,0.9166666666666666,4.759867684113004
from_SLR,fixed_grid,17,122,132,0.9242424242424242,4.764101084931261
from_SLR,fixed_grid,17,123,132,0.9318181818181818,4.76816539962838
from_SLR,fixed_grid,17,124,132,0.9393939393939394,4.752674737195166
from_SLR,fixed_grid,17,125,132,0.946969696969697,4.737411376463806
from_SLR,fixed_grid,17,126,132,0.9545454545454546,4.750090353057258
from_SLR,fixed_grid,17,127,132,0.9621212121212122,4.734584317642341
from_SLR,fixed_grid,17,128,132,0.9696969696969697,4.717646165114141
from_SLR,fixed_grid,17,129,132,0.9772727272727273,4.725098624213426
from_SLR,fixed_grid,17,130,132,0.9848484848484849,4.738727725961491
from_SLR,fixed_grid,17,131,132,0.9924242424242424,4.752311530662747
from_SLR,fixed_grid,17,132,132,1.0,4.781047432373573
from_SLR,fixed_grid,29,1,132,0.007575757575757576,5.045057552420201
from_SLR,fixed_grid,29,2,132,0.015151515151515152,7.2772714995558285
from_SLR,fixed_grid,29,3,132,0.022727272727272728,8.081982598580636
from_SLR,fixed_grid,29,4,132,0.030303030303030304,7.288816614003854
from_SLR,fixed_grid,29,5,132,0.03787878787878788,7.111221432434368
from_SLR,fixed_grid,29,6,132,0.045454545454545456,7.4221938867940365
from_SLR,fixed_grid,29,7,132,0.05303030303030303,6.460717616414633
from_SLR,fixed_grid,29,8,132,0.06060606060606061,6.040711932292588
from_SLR,fixed_grid,29,9,132,0.06818181818181818,5.900172620197274
from_SLR,fixed_grid,29,10,132,0.07575757575757576,6.189042932704348
from_SLR,fixed_grid,29,11,132,0.08333333333333333,5.940077812167015
from_SLR,fixed_grid,29,12,132,0.09090909090909091,6.021834468400374
from_SLR,fixed_grid,29,13,132,0.09848484848484848,6.26505494305114
from_SLR,fixed_grid,29,14,132,0.10606060606060606,6.212665550152697
from_SLR,fixed_grid,29,15,132,0.11363636363636363,5.972275529076795
from_SLR,fixed_grid,29,16,132,0.12121212121212122,6.0131140088801125
from_SLR,fixed_grid,29,17,132,0.12878787878787878,5.765411987719454
from_SLR,fixed_grid,29,18,132,0.13636363636363635,5.714728921350261
from_SLR,fixed_grid,29,19,132,0.14393939393939395,5.590171286723543
from_SLR,fixed_grid,29,20,132,0.15151515151515152,5.723044100552873
from_SLR,fixed_grid,29,21,132,0.1590909090909091,5.725648064393256
from_SLR,fixed_grid,29,22,132,0.16666666666666666,5.964431806045486
from_SLR,fixed_grid,29,23,132,0.17424242424242425,5.887297715166616
from_SLR,fixed_grid,29,24,132,0.18181818181818182,6.035126858532371
from_SLR,fixed_grid,29,25,132,0.1893939393939394,6.033403259918125
from_SLR,fixed_grid,29,26,132,0.19696969696969696,5.899534954188638
from_SLR,fixed_grid,29,27,132,0.20454545454545456,5.779542684694517
from_SLR,fixed_grid,29,28,132,0.21212121212121213,5.832473264531785
from_SLR,fixed_grid,29,29,132,0.2196969696969697,5.9187888513941855
from_SLR,fixed_grid,29,30,132,0.22727272727272727,5.824126016900519
from_SLR,fixed_grid,29,31,132,0.23484848484848486,5.81081946482899
from_SLR,fixed_grid,29,32,132,0.24242424242424243,5.733969499612465
from_SLR,fixed_grid,29,33,132,0.25,5.7195058323885695
from_SLR,fixed_grid,29,34,132,0.25757575757575757,5.720237784851498
from_SLR,fixed_grid,29,35,132,0.26515151515151514,5.761309436556668
from_SLR,fixed_grid,29,36,132,0.2727272727272727,5.757027451543855
from_SLR,fixed_grid,29,37,132,0.2803030303030303,5.8188166240179156
from_SLR,fixed_grid,29,38,132,0.2878787878787879,5.801515942925675
from_SLR,fixed_grid,29,39,132,0.29545454545454547,5.700673080387418
from_SLR,fixed_grid,29,40,132,0.30303030303030304,5.582302485104258
from_SLR,fixed_grid,29,41,132,0.3106060606060606,5.579231935632072
from_SLR,fixed_grid,29,42,132,0.3181818181818182,5.506454078609339
from_SLR,fixed_grid,29,43,132,0.32575757575757575,5.529159664946232
from_SLR,fixed_grid,29,44,132,0.3333333333333333,5.537044884881244
from_SLR,fixed_grid,29,45,132,0.3409090909090909,5.619966667799442
from_SLR,fixed_grid,29,46,132,0.3484848484848485,5.513883595966844
from_SLR,fixed_grid,29,47,132,0.3560606060606061,5.526699648785044
from_SLR,fixed_grid,29,48,132,0.36363636363636365,5.471051691333713
from_SLR,fixed_grid,29,49,132,0.3712121212121212,5.443205640878193
from_SLR,fixed_grid,29,50,132,0.3787878787878788,5.498760106746277
from_SLR,fixed_grid,29,51,132,0.38636363636363635,5.607787563383861
from_SLR,fixed_grid,29,52,132,0.3939393939393939,5.576123033285579
from_SLR,fixed_grid,29,53,132,0.4015151515151515,5.635834301868809
from_SLR,fixed_grid,29,54,132,0.4090909090909091,5.659504621572223
from_SLR,fixed_grid,29,55,132,0.4166666666666667,5.717694589658607
from_SLR,fixed_grid,29,56,132,0.42424242424242425,5.707272772891572
from_SLR,fixed_grid,29,57,132,0.4318181818181818,5.692284747404935
from_SLR,fixed_grid,29,58,132,0.4393939393939394,5.628216873481943
from_SLR,fixed_grid,29,59,132,0.44696969696969696,5.596817666335632
from_SLR,fixed_grid,29,60,132,0.45454545454545453,5.6837092369952
from_SLR,fixed_grid,29,61,132,0.4621212121212121,5.703475393244439
from_SLR,fixed_grid,29,62,132,0.4696969696969697,5.6694057173389565
from_SLR,fixed_grid,29,63,132,0.4772727272727273,5.6681423121474
from_SLR,fixed_grid,29,64,132,0.48484848484848486,5.6399897607607645
from_SLR,fixed_grid,29,65,132,0.49242424242424243,5.658519114824372
from_SLR,fixed_grid,29,66,132,0.5,5.6797452838775335
from_SLR,fixed_grid,29,67,132,0.5075757575757576,5.6577962308271745
from_SLR,fixed_grid,29,68,132,0.5151515151515151,5.620828336244344
from_SLR,fixed_grid,29,69,132,0.5227272727272727,5.61531805586273
from_SLR,fixed_grid,29,70,132,0.5303030303030303,5.575856129652596
from_SLR,fixed_grid,29,71,132,0.5378787878787878,5.535966485681461
from_SLR,fixed_grid,29,72,132,0.5454545454545454,5.578637423710479
from_SLR,fixed_grid,29,73,132,0.553030303030303,5.589490103477185
from_SLR,fixed_grid,29,74,132,0.5606060606060606,5.5839998970997575
from_SLR,fixed_grid,29,75,132,0.5681818181818182,5.5851772226780865
from_SLR,fixed_grid,29,76,132,0.5757575757575758,5.642290314873136
from_SLR,fixed_grid,29,77,132,0.5833333333333334,5.64497004973537
from_SLR,fixed_grid,29,78,132,0.5909090909090909,5.632340882138223
from_SLR,fixed_grid,29,79,132,0.5984848484848485,5.685599481907972
from_SLR,fixed_grid,29,80,132,0.6060606060606061,5.626796495035454
from_SLR,fixed_grid,29,81,132,0.6136363636363636,5.623826778588476
from_SLR,fixed_grid,29,82,132,0.6212121212121212,5.667530496562453
from_SLR,fixed_grid,29,83,132,0.6287878787878788,5.705748724399973
from_SLR,fixed_grid,29,84,132,0.6363636363636364,5.6841451152149505
from_SLR,fixed_grid,29,85,132,0.6439393939393939,5.679933939932963
from_SLR,fixed_grid,29,86,132,0.6515151515151515,5.68709657327098
from_SLR,fixed_grid,29,87,132,0.6590909090909091,5.693208780617546
from_SLR,fixed_grid,29,88,132,0.6666666666666666,5.7227558842340995
from_SLR,fixed_grid,29,89,132,0.6742424242424242,5.7217338355082745
from_SLR,fixed_grid,29,90,132,0.6818181818181818,5.731128268284398
from_SLR,fixed_grid,29,91,132,0.6893939393939394,5.737081766333253
from_SLR,fixed_grid,29,92,132,0.696969696969697,5.748562439820858
from_SLR,fixed_grid,29,93,132,0.7045454545454546,5.711079551061263
from_SLR,fixed_grid,29,94,132,0.7121212121212122,5.7738619263741375
from_SLR,fixed_grid,29,95,132,0.7196969696969697,5.739330665090531
from_SLR,fixed_grid,29,96,132,0.7272727272727273,5.715238407583164
from_SLR,fixed_grid,29,97,132,0.7348484848484849,5.701311579235741
from_SLR,fixed_grid,29,98,132,0.7424242424242424,5.710151950451957
from_SLR,fixed_grid,29,99,132,0.75,5.7256879980509625
from_SLR,fixed_grid,29,100,132,0.7575757575757576,5.713529058013928
from_SLR,fixed_grid,29,101,132,0.7651515151515151,5.748641873596167
from_SLR,fixed_grid,29,102,132,0.7727272727272727,5.8004929056758625
from_SLR,fixed_grid,29,103,132,0.7803030303030303,5.781636830682193
from_SLR,fixed_grid,29,104,132,0.7878787878787878,5.8228668959868015
from_SLR,fixed_grid,29,105,132,0.7954545454545454,5.833873299836582
from_SLR,fixed_grid,29,106,132,0.803030303030303,5.886448554628698
from_SLR,fixed_grid,29,107,132,0.8106060606060606,5.95019224979821
from_SLR,fixed_grid,29,108,132,0.8181818181818182,5.9706439999164385
from_SLR,fixed_grid,29,109,132,0.8257575757575758,5.927294921455168
from_SLR,fixed_grid,29,110,132,0.8333333333333334,5.915925927875616
from_SLR,fixed_grid,29,111,132,0.8409090909090909,5.8872099745354225
from_SLR,fixed_grid,29,112,132,0.8484848484848485,5.9164696747987575
from_SLR,fixed_grid,29,113,132,0.8560606060606061,5.913370243942766
from_SLR,fixed_grid,29,114,132,0.8636363636363636,5.901209221294878
from_SLR,fixed_grid,29,115,132,0.8712121212121212,5.889968090148649
from_SLR,fixed_grid,29,116,132,0.8787878787878788,5.904816402733224
from_SLR,fixed_grid,29,117,132,0.8863636363636364,5.875839550538443
from_SLR,fixed_grid,29,118,132,0.8939393939393939,5.938221798161104
from_SLR,fixed_grid,29,119,132,0.9015151515151515,5.944845629113494
from_SLR,fixed_grid,29,120,132,0.9090909090909091,5.927105956158269
from_SLR,fixed_grid,29,121,132,0.9166666666666666,5.899282583477746
from_SLR,fixed_grid,29,122,132,0.9242424242424242,5.884328058362604
from_SLR,fixed_grid,29,123,132,0.9318181818181818,5.876884950092268
from_SLR,fixed_grid,29,124,132,0.9393939393939394,5.874367664133801
from_SLR,fixed_grid,29,125,132,0.946969696969697,5.864374631062948
from_SLR,fixed_grid,29,126,132,0.9545454545454546,5.8638922449686195
from_SLR,fixed_grid,29,127,132,0.9621212121212122,5.864004986006146
from_SLR,fixed_grid,29,128,132,0.9696969696969697,5.855651586676153
from_SLR,fixed_grid,29,129,132,0.9772727272727273,5.85518632682485
from_SLR,fixed_grid,29,130,132,0.9848484848484849,5.851355249900785
from_SLR,fixed_grid,29,131,132,0.9924242424242424,5.843850824905529
from_SLR,fixed_grid,29,132,132,1.0,5.839161856028463
from_SLR,fixed_grid,43,1,132,0.007575757575757576,3.0735935559076943
from_SLR,fixed_grid,43,2,132,0.015151515151515152,3.3474879085395486
from_SLR,fixed_grid,43,3,132,0.022727272727272728,3.4015419338719863
from_SLR,fixed_grid,43,4,132,0.030303030303030304,3.122045707950899
from_SLR,fixed_grid,43,5,132,0.03787878787878788,2.8138549826853683
from_SLR,fixed_grid,43,6,132,0.045454545454545456,2.880884302557508
from_SLR,fixed_grid,43,7,132,0.05303030303030303,3.065575727610967
from_SLR,fixed_grid,43,8,132,0.06060606060606061,3.0061964544466786
from_SLR,fixed_grid,43,9,132,0.06818181818181818,3.0539352394166865
from_SLR,fixed_grid,43,10,132,0.07575757575757576,2.9305713581389115
from_SLR,fixed_grid,43,11,132,0.08333333333333333,2.862838706266432
from_SLR,fixed_grid,43,12,132,0.09090909090909091,3.121038861238011
from_SLR,fixed_grid,43,13,132,0.09848484848484848,3.132188538457515
from_SLR,fixed_grid,43,14,132,0.10606060606060606,3.0642089375244725
from_SLR,fixed_grid,43,15,132,0.11363636363636363,3.4719367515626542
from_SLR,fixed_grid,43,16,132,0.12121212121212122,3.3826803663778895
from_SLR,fixed_grid,43,17,132,0.12878787878787878,3.7022735653623005
from_SLR,fixed_grid,43,18,132,0.13636363636363635,3.617975230957566
from_SLR,fixed_grid,43,19,132,0.14393939393939395,3.520289674541961
from_SLR,fixed_grid,43,20,132,0.15151515151515152,3.5439782664911412
from_SLR,fixed_grid,43,21,132,0.1590909090909091,3.4531400610182863
from_SLR,fixed_grid,43,22,132,0.16666666666666666,3.355058127729762
from_SLR,fixed_grid,43,23,132,0.17424242424242425,3.4820818593101577
from_SLR,fixed_grid,43,24,132,0.18181818181818182,3.3858358201567955
from_SLR,fixed_grid,43,25,132,0.1893939393939394,3.426555409389885
from_SLR,fixed_grid,43,26,132,0.19696969696969696,3.4985757758456724
from_SLR,fixed_grid,43,27,132,0.20454545454545456,3.455665145777454
from_SLR,fixed_grid,43,28,132,0.21212121212121213,3.4666389101718553
from_SLR,fixed_grid,43,29,132,0.2196969696969697,3.4346626351772507
from_SLR,fixed_grid,43,30,132,0.22727272727272727,3.565051104524282
from_SLR,fixed_grid,43,31,132,0.23484848484848486,3.5766963500576843
from_SLR,fixed_grid,43,32,132,0.24242424242424243,3.548250635907709
from_SLR,fixed_grid,43,33,132,0.25,3.5319650415963206
from_SLR,fixed_grid,43,34,132,0.25757575757575757,3.637698303493419
from_SLR,fixed_grid,43,35,132,0.26515151515151514,3.7737371199183536
from_SLR,fixed_grid,43,36,132,0.2727272727272727,3.8309142278350867
from_SLR,fixed_grid,43,37,132,0.2803030303030303,3.7597661355767307
from_SLR,fixed_grid,43,38,132,0.2878787878787879,3.735254296974253
from_SLR,fixed_grid,43,39,132,0.29545454545454547,3.7503832276727533
from_SLR,fixed_grid,43,40,132,0.30303030303030304,3.8181784366002476
from_SLR,fixed_grid,43,41,132,0.3106060606060606,3.989860374486085
from_SLR,fixed_grid,43,42,132,0.3181818181818182,4.005047214093967
from_SLR,fixed_grid,43,43,132,0.32575757575757575,4.006177528348101
from_SLR,fixed_grid,43,44,132,0.3333333333333333,4.01113968278106
from_SLR,fixed_grid,43,45,132,0.3409090909090909,4.006147056595877
from_SLR,fixed_grid,43,46,132,0.3484848484848485,4.165974749386579
from_SLR,fixed_grid,43,47,132,0.3560606060606061,4.291907998635311
from_SLR,fixed_grid,43,48,132,0.36363636363636365,4.297122121454332
from_SLR,fixed_grid,43,49,132,0.3712121212121212,4.337684035303313
from_SLR,fixed_grid,43,50,132,0.3787878787878788,4.4563654597531555
from_SLR,fixed_grid,43,51,132,0.38636363636363635,4.433083876317254
from_SLR,fixed_grid,43,52,132,0.3939393939393939,4.467747928732664
from_SLR,fixed_grid,43,53,132,0.4015151515151515,4.459043383657456
from_SLR,fixed_grid,43,54,132,0.4090909090909091,4.481492644380141
from_SLR,fixed_grid,43,55,132,0.4166666666666667,4.569679025530108
from_SLR,fixed_grid,43,56,132,0.42424242424242425,4.5414364046352125
from_SLR,fixed_grid,43,57,132,0.4318181818181818,4.63216134868991
from_SLR,fixed_grid,43,58,132,0.4393939393939394,4.686593121766735
from_SLR,fixed_grid,43,59,132,0.44696969696969696,4.637102360167692
from_SLR,fixed_grid,43,60,132,0.45454545454545453,4.712640742332924
from_SLR,fixed_grid,43,61,132,0.4621212121212121,4.718290400034406
from_SLR,fixed_grid,43,62,132,0.4696969696969697,4.741959169467402
from_SLR,fixed_grid,43,63,132,0.4772727272727273,4.763779891930871
from_SLR,fixed_grid,43,64,132,0.48484848484848486,4.811910690091375
from_SLR,fixed_grid,43,65,132,0.49242424242424243,4.824913168548637
from_SLR,fixed_grid,43,66,132,0.5,4.794063261050661
from_SLR,fixed_grid,43,67,132,0.5075757575757576,4.7627181499163065
from_SLR,fixed_grid,43,68,132,0.5151515151515151,4.768729765201819
from_SLR,fixed_grid,43,69,132,0.5227272727272727,4.819846414197449
from_SLR,fixed_grid,43,70,132,0.5303030303030303,4.795627948248002
from_SLR,fixed_grid,43,71,132,0.5378787878787878,4.748374852746253
from_SLR,fixed_grid,43,72,132,0.5454545454545454,4.770826195654838
from_SLR,fixed_grid,43,73,132,0.553030303030303,4.8511627215635365
from_SLR,fixed_grid,43,74,132,0.5606060606060606,4.820156319434848
from_SLR,fixed_grid,43,75,132,0.5681818181818182,4.80227127519081
from_SLR,fixed_grid,43,76,132,0.5757575757575758,4.825419181904503
from_SLR,fixed_grid,43,77,132,0.5833333333333334,4.8360307245420735
from_SLR,fixed_grid,43,78,132,0.5909090909090909,4.875395381510163
from_SLR,fixed_grid,43,79,132,0.5984848484848485,4.858768883901676
from_SLR,fixed_grid,43,80,132,0.6060606060606061,4.815257551866091
from_SLR,fixed_grid,43,81,132,0.6136363636363636,4.835243123465479
from_SLR,fixed_grid,43,82,132,0.6212121212121212,4.8735664811574555
from_SLR,fixed_grid,43,83,132,0.6287878787878788,4.845355351863542
from_SLR,fixed_grid,43,84,132,0.6363636363636364,4.813372599194848
from_SLR,fixed_grid,43,85,132,0.6439393939393939,4.855543469158348
from_SLR,fixed_grid,43,86,132,0.6515151515151515,4.904046271207122
from_SLR,fixed_grid,43,87,132,0.6590909090909091,4.893274182195241
from_SLR,fixed_grid,43,88,132,0.6666666666666666,4.8770036727964055
from_SLR,fixed_grid,43,89,132,0.6742424242424242,4.91298640780789
from_SLR,fixed_grid,43,90,132,0.6818181818181818,4.946691245975632
from_SLR,fixed_grid,43,91,132,0.6893939393939394,4.951533978266296
from_SLR,fixed_grid,43,92,132,0.696969696969697,4.94043879846962
from_SLR,fixed_grid,43,93,132,0.7045454545454546,4.987631132894979
from_SLR,fixed_grid,43,94,132,0.7121212121212122,4.949567262014353
from_SLR,fixed_grid,43,95,132,0.7196969696969697,4.964946862810992
from_SLR,fixed_grid,43,96,132,0.7272727272727273,4.971569537060642
from_SLR,fixed_grid,43,97,132,0.7348484848484849,4.992619071462361
from_SLR,fixed_grid,43,98,132,0.7424242424242424,4.977941890458586
from_SLR,fixed_grid,43,99,132,0.75,5.035081589585498
from_SLR,fixed_grid,43,100,132,0.7575757575757576,5.070966660721754
from_SLR,fixed_grid,43,101,132,0.7651515151515151,5.084044664213918
from_SLR,fixed_grid,43,102,132,0.7727272727272727,5.047597931759898
from_SLR,fixed_grid,43,103,132,0.7803030303030303,5.106182809569339
from_SLR,fixed_grid,43,104,132,0.7878787878787878,5.078272249087721
from_SLR,fixed_grid,43,105,132,0.7954545454545454,5.127385818490587
from_SLR,fixed_grid,43,106,132,0.803030303030303,5.10253836460297
from_SLR,fixed_grid,43,107,132,0.8106060606060606,5.1092280962866905
from_SLR,fixed_grid,43,108,132,0.8181818181818182,5.1526122025547645
from_SLR,fixed_grid,43,109,132,0.8257575757575758,5.197378239944041
from_SLR,fixed_grid,43,110,132,0.8333333333333334,5.166240157769258
from_SLR,fixed_grid,43,111,132,0.8409090909090909,5.145258325881414
from_SLR,fixed_grid,43,112,132,0.8484848484848485,5.157285957200911
from_SLR,fixed_grid,43,113,132,0.8560606060606061,5.189626020446743
from_SLR,fixed_grid,43,114,132,0.8636363636363636,5.1830007463369006
from_SLR,fixed_grid,43,115,132,0.8712121212121212,5.241430824946209
from_SLR,fixed_grid,43,116,132,0.8787878787878788,5.232512097968027
from_SLR,fixed_grid,43,117,132,0.8863636363636364,5.259225327645512
from_SLR,fixed_grid,43,118,132,0.8939393939393939,5.270656374798595
from_SLR,fixed_grid,43,119,132,0.9015151515151515,5.261301995020827
from_SLR,fixed_grid,43,120,132,0.9090909090909091,5.262771711405092
from_SLR,fixed_grid,43,121,132,0.9166666666666666,5.27049904392318
from_SLR,fixed_grid,43,122,132,0.9242424242424242,5.277569450565895
from_SLR,fixed_grid,43,123,132,0.9318181818181818,5.259602249920932
from_SLR,fixed_grid,43,124,132,0.9393939393939394,5.2492066511314395
from_SLR,fixed_grid,43,125,132,0.946969696969697,5.261955322390883
from_SLR,fixed_grid,43,126,132,0.9545454545454546,5.243952324527208
from_SLR,fixed_grid,43,127,132,0.9621212121212122,5.224260693702903
from_SLR,fixed_grid,43,128,132,0.9696969696969697,5.208763591927213
from_SLR,fixed_grid,43,129,132,0.9772727272727273,5.214151096816625
from_SLR,fixed_grid,43,130,132,0.9848484848484849,5.21884359409238
from_SLR,fixed_grid,43,131,132,0.9924242424242424,5.2266313027331845
from_SLR,fixed_grid,43,132,132,1.0,5.226805976962852
from_SLR,global,17,1,132,0.007575757575757576,9.062095707636123
from_SLR,global,17,2,132,0.015151515151515152,5.912870149081621
from_SLR,global,17,3,132,0.022727272727272728,5.999890128671105
from_SLR,global,17,4,132,0.030303030303030304,5.721972246211257
from_SLR,global,17,5,132,0.03787878787878788,4.987319853806011
from_SLR,global,17,6,132,0.045454545454545456,4.682021782066806
from_SLR,global,17,7,132,0.05303030303030303,4.537266593437364
from_SLR,global,17,8,132,0.06060606060606061,4.529076656755949
from_SLR,global,17,9,132,0.06818181818181818,4.803261432039931
from_SLR,global,17,10,132,0.07575757575757576,4.752848878673949
from_SLR,global,17,11,132,0.08333333333333333,4.674020998241179
from_SLR,global,17,12,132,0.09090909090909091,4.907706414997335
from_SLR,global,17,13,132,0.09848484848484848,4.633157334275298
from_SLR,global,17,14,132,0.10606060606060606,4.476255420475245
from_SLR,global,17,15,132,0.11363636363636363,4.424761262497098
from_SLR,global,17,16,132,0.12121212121212122,4.582761315137378
from_SLR,global,17,17,132,0.12878787878787878,4.389861888578534
from_SLR,global,17,18,132,0.13636363636363635,4.267563955017586
from_SLR,global,17,19,132,0.14393939393939395,4.357794174429214
from_SLR,global,17,20,132,0.15151515151515152,4.587509148129021
from_SLR,global,17,21,132,0.1590909090909091,4.8076944581115795
from_SLR,global,17,22,132,0.16666666666666666,4.688247696615898
from_SLR,global,17,23,132,0.17424242424242425,4.6461947922558915
from_SLR,global,17,24,132,0.18181818181818182,4.70773541472861
from_SLR,global,17,25,132,0.1893939393939394,4.932900546291077
from_SLR,global,17,26,132,0.19696969696969696,4.8372499981117265
from_SLR,global,17,27,132,0.20454545454545456,4.8425848607421536
from_SLR,global,17,28,132,0.21212121212121213,4.886017939726022
from_SLR,global,17,29,132,0.2196969696969697,4.883149930069612
from_SLR,global,17,30,132,0.22727272727272727,4.869258004375615
from_SLR,global,17,31,132,0.23484848484848486,4.829729288591125
from_SLR,global,17,32,132,0.24242424242424243,4.756539779711873
from_SLR,global,17,33,132,0.25,4.7230635515680275
from_SLR,global,17,34,132,0.25757575757575757,4.859011451463919
from_SLR,global,17,35,132,0.26515151515151514,4.914766318545837
from_SLR,global,17,36,132,0.2727272727272727,4.907802960618216
from_SLR,global,17,37,132,0.2803030303030303,4.89961532639405
from_SLR,global,17,38,132,0.2878787878787879,4.853159343645451
from_SLR,global,17,39,132,0.29545454545454547,4.8249930043847415
from_SLR,global,17,40,132,0.30303030303030304,4.815292866219375
from_SLR,global,17,41,132,0.3106060606060606,4.902367239115961
from_SLR,global,17,42,132,0.3181818181818182,4.835077970637595
from_SLR,global,17,43,132,0.32575757575757575,4.820638947250826
from_SLR,global,17,44,132,0.3333333333333333,4.754963868507288
from_SLR,global,17,45,132,0.3409090909090909,4.697855956724981
from_SLR,global,17,46,132,0.3484848484848485,4.769873784558378
from_SLR,global,17,47,132,0.3560606060606061,4.787909727199274
from_SLR,global,17,48,132,0.36363636363636365,4.742190050313209
from_SLR,global,17,49,132,0.3712121212121212,4.732536471011668
from_SLR,global,17,50,132,0.3787878787878788,4.855985038936726
from_SLR,global,17,51,132,0.38636363636363635,4.8658688728125545
from_SLR,global,17,52,132,0.3939393939393939,4.8558364151291595
from_SLR,global,17,53,132,0.4015151515151515,4.92311858425167
from_SLR,global,17,54,132,0.4090909090909091,4.858681473630821
from_SLR,global,17,55,132,0.4166666666666667,4.930747146588842
from_SLR,global,17,56,132,0.42424242424242425,4.934596514372845
from_SLR,global,17,57,132,0.4318181818181818,4.948788234402554
from_SLR,global,17,58,132,0.4393939393939394,4.9979844538538245
from_SLR,global,17,59,132,0.44696969696969696,5.037062688465387
from_SLR,global,17,60,132,0.45454545454545453,5.034789491783493
from_SLR,global,17,61,132,0.4621212121212121,5.06538683554522
from_SLR,global,17,62,132,0.4696969696969697,5.040891454158765
from_SLR,global,17,63,132,0.4772727272727273,4.980621537760535
from_SLR,global,17,64,132,0.48484848484848486,4.947568244108571
from_SLR,global,17,65,132,0.49242424242424243,4.982998574776938
from_SLR,global,17,66,132,0.5,5.023018547001428
from_SLR,global,17,67,132,0.5075757575757576,4.9963544741450985
from_SLR,global,17,68,132,0.5151515151515151,5.019550136109456
from_SLR,global,17,69,132,0.5227272727272727,5.047807432211578
from_SLR,global,17,70,132,0.5303030303030303,5.027186487621004
from_SLR,global,17,71,132,0.5378787878787878,5.03384973621023
from_SLR,global,17,72,132,0.5454545454545454,5.0061556964736535
from_SLR,global,17,73,132,0.553030303030303,5.051080485997719
from_SLR,global,17,74,132,0.5606060606060606,5.019324987363993
from_SLR,global,17,75,132,0.5681818181818182,5.017146931012837
from_SLR,global,17,76,132,0.5757575757575758,4.986641901911433
from_SLR,global,17,77,132,0.5833333333333334,4.953043511535331
from_SLR,global,17,78,132,0.5909090909090909,4.913383428439616
from_SLR,global,17,79,132,0.5984848484848485,4.933060368865101
from_SLR,global,17,80,132,0.6060606060606061,4.884916189925802
from_SLR,global,17,81,132,0.6136363636363636,4.914139396501194
from_SLR,global,17,82,132,0.6212121212121212,4.961659932339035
from_SLR,global,17,83,132,0.6287878787878788,4.934470357425307
from_SLR,global,17,84,132,0.6363636363636364,4.927778512357401
from_SLR,global,17,85,132,0.6439393939393939,4.8775147055156385
from_SLR,global,17,86,132,0.6515151515151515,4.960122247429476
from_SLR,global,17,87,132,0.6590909090909091,4.989366253108554
from_SLR,global,17,88,132,0.6666666666666666,4.995185645680693
from_SLR,global,17,89,132,0.6742424242424242,4.996643023537041
from_SLR,global,17,90,132,0.6818181818181818,5.056682013911391
from_SLR,global,17,91,132,0.6893939393939394,5.100004311311672
from_SLR,global,17,92,132,0.696969696969697,5.120319798722456
from_SLR,global,17,93,132,0.7045454545454546,5.140688971504759
from_SLR,global,17,94,132,0.7121212121212122,5.131943663274858
from_SLR,global,17,95,132,0.7196969696969697,5.1393665738163055
from_SLR,global,17,96,132,0.7272727272727273,5.115410675922609
from_SLR,global,17,97,132,0.7348484848484849,5.1028658609085085
from_SLR,global,17,98,132,0.7424242424242424,5.1301702162413205
from_SLR,global,17,99,132,0.75,5.149860953638421
from_SLR,global,17,100,132,0.7575757575757576,5.1162448843891335
from_SLR,global,17,101,132,0.7651515151515151,5.136448425020577
from_SLR,global,17,102,132,0.7727272727272727,5.171288759503446
from_SLR,global,17,103,132,0.7803030303030303,5.206590997255262
from_SLR,global,17,104,132,0.7878787878787878,5.210099090273305
from_SLR,global,17,105,132,0.7954545454545454,5.172139814307252
from_SLR,global,17,106,132,0.803030303030303,5.162846100438445
from_SLR,global,17,107,132,0.8106060606060606,5.17110097084333
from_SLR,global,17,108,132,0.8181818181818182,5.224327623046393
from_SLR,global,17,109,132,0.8257575757575758,5.201266014996383
from_SLR,global,17,110,132,0.8333333333333334,5.2321613798955955
from_SLR,global,17,111,132,0.8409090909090909,5.241605919067542
from_SLR,global,17,112,132,0.8484848484848485,5.215961986263544
from_SLR,global,17,113,132,0.8560606060606061,5.194328531973922
from_SLR,global,17,114,132,0.8636363636363636,5.17186023775828
from_SLR,global,17,115,132,0.8712121212121212,5.210126126904525
from_SLR,global,17,116,132,0.8787878787878788,5.244239074024434
from_SLR,global,17,117,132,0.8863636363636364,5.229014505503149
from_SLR,global,17,118,132,0.8939393939393939,5.23115642351947
from_SLR,global,17,119,132,0.9015151515151515,5.242602513568044
from_SLR,global,17,120,132,0.9090909090909091,5.212301068685069
from_SLR,global,17,121,132,0.9166666666666666,5.21338092592885
from_SLR,global,17,122,132,0.9242424242424242,5.184825539347417
from_SLR,global,17,123,132,0.9318181818181818,5.191585750095504
from_SLR,global,17,124,132,0.9393939393939394,5.223663001192068
from_SLR,global,17,125,132,0.946969696969697,5.232625483351826
from_SLR,global,17,126,132,0.9545454545454546,5.203592952888384
from_SLR,global,17,127,132,0.9621212121212122,5.214275900357181
from_SLR,global,17,128,132,0.9696969696969697,5.200481261948278
from_SLR,global,17,129,132,0.9772727272727273,5.1776975373275365
from_SLR,global,17,130,132,0.9848484848484849,5.1885433820381985
from_SLR,global,17,131,132,0.9924242424242424,5.210684282407207
from_SLR,global,17,132,132,1.0,5.240971619943733
from_SLR,global,29,1,132,0.007575757575757576,3.024025800704291
from_SLR,global,29,2,132,0.015151515151515152,3.1723809452586744
from_SLR,global,29,3,132,0.022727272727272728,3.3568752582053705
from_SLR,global,29,4,132,0.030303030303030304,3.647371633752455
from_SLR,global,29,5,132,0.03787878787878788,4.609443325912598
from_SLR,global,29,6,132,0.045454545454545456,4.228774010472377
from_SLR,global,29,7,132,0.05303030303030303,4.275679888877639
from_SLR,global,29,8,132,0.06060606060606061,3.8796809663375305
from_SLR,global,29,9,132,0.06818181818181818,3.900621490137549
from_SLR,global,29,10,132,0.07575757575757576,3.7425494776890638
from_SLR,global,29,11,132,0.08333333333333333,3.683489301456166
from_SLR,global,29,12,132,0.09090909090909091,3.759043323463363
from_SLR,global,29,13,132,0.09848484848484848,3.8687671834918547
from_SLR,global,29,14,132,0.10606060606060606,3.7565936455375932
from_SLR,global,29,15,132,0.11363636363636363,3.7010287799658803
from_SLR,global,29,16,132,0.12121212121212122,3.8343116813512985
from_SLR,global,29,17,132,0.12878787878787878,3.9150419269142587
from_SLR,global,29,18,132,0.13636363636363635,3.9148302733332585
from_SLR,global,29,19,132,0.14393939393939395,3.922702787613148
from_SLR,global,29,20,132,0.15151515151515152,4.171741434014125
from_SLR,global,29,21,132,0.1590909090909091,4.170062110979253
from_SLR,global,29,22,132,0.16666666666666666,4.124614147122741
from_SLR,global,29,23,132,0.17424242424242425,4.316849195816455
from_SLR,global,29,24,132,0.18181818181818182,4.312999810423679
from_SLR,global,29,25,132,0.1893939393939394,4.341940637198502
from_SLR,global,29,26,132,0.19696969696969696,4.269038854983936
from_SLR,global,29,27,132,0.20454545454545456,4.267408385881276
from_SLR,global,29,28,132,0.21212121212121213,4.2774621128366785
from_SLR,global,29,29,132,0.2196969696969697,4.256730165703254
from_SLR,global,29,30,132,0.22727272727272727,4.376763110085644
from_SLR,global,29,31,132,0.23484848484848486,4.4614936205736635
from_SLR,global,29,32,132,0.24242424242424243,4.466358718428859
from_SLR,global,29,33,132,0.25,4.471351761691642
from_SLR,global,29,34,132,0.25757575757575757,4.554699509060344
from_SLR,global,29,35,132,0.26515151515151514,4.635610798929939
from_SLR,global,29,36,132,0.2727272727272727,4.6809618760963705
from_SLR,global,29,37,132,0.2803030303030303,4.748056195655449
from_SLR,global,29,38,132,0.2878787878787879,4.760010041093841
from_SLR,global,29,39,132,0.29545454545454547,4.897860153664667
from_SLR,global,29,40,132,0.30303030303030304,4.852286840180228
from_SLR,global,29,41,132,0.3106060606060606,4.9794965598178464
from_SLR,global,29,42,132,0.3181818181818182,4.912013655320531
from_SLR,global,29,43,132,0.32575757575757575,4.992931640859524
from_SLR,global,29,44,132,0.3333333333333333,5.037925207632032
from_SLR,global,29,45,132,0.3409090909090909,5.0096536626538715
from_SLR,global,29,46,132,0.3484848484848485,5.03879433769024
from_SLR,global,29,47,132,0.3560606060606061,5.020047325704997
from_SLR,global,29,48,132,0.36363636363636365,5.111009635030508
from_SLR,global,29,49,132,0.3712121212121212,5.030266072870903
from_SLR,global,29,50,132,0.3787878787878788,5.1230006205309815
from_SLR,global,29,51,132,0.38636363636363635,5.097906975107162
from_SLR,global,29,52,132,0.3939393939393939,5.015154957131132
from_SLR,global,29,53,132,0.4015151515151515,4.956306325565197
from_SLR,global,29,54,132,0.4090909090909091,4.925201892890173
from_SLR,global,29,55,132,0.4166666666666667,4.958624620936396
from_SLR,global,29,56,132,0.42424242424242425,4.95429092956987
from_SLR,global,29,57,132,0.4318181818181818,4.902441212344538
from_SLR,global,29,58,132,0.4393939393939394,4.89227333919641
from_SLR,global,29,59,132,0.44696969696969696,4.873641152316905
from_SLR,global,29,60,132,0.45454545454545453,4.904102901261715
from_SLR,global,29,61,132,0.4621212121212121,4.964156012023858
from_SLR,global,29,62,132,0.4696969696969697,4.927736302534361
from_SLR,global,29,63,132,0.4772727272727273,4.911509775949969
from_SLR,global,29,64,132,0.48484848484848486,4.870046539355416
from_SLR,global,29,65,132,0.49242424242424243,4.8910405894446916
from_SLR,global,29,66,132,0.5,4.8325701184192535
from_SLR,global,29,67,132,0.5075757575757576,4.830965664974046
from_SLR,global,29,68,132,0.5151515151515151,4.820385003061346
from_SLR,global,29,69,132,0.5227272727272727,4.867094445355378
from_SLR,global,29,70,132,0.5303030303030303,4.826376133987096
from_SLR,global,29,71,132,0.5378787878787878,4.824852732829537
from_SLR,global,29,72,132,0.5454545454545454,4.788947948261692
from_SLR,global,29,73,132,0.553030303030303,4.814753199702264
from_SLR,global,29,74,132,0.5606060606060606,4.872486785459072
from_SLR,global,29,75,132,0.5681818181818182,4.875672737436376
from_SLR,global,29,76,132,0.5757575757575758,4.909474931828864
from_SLR,global,29,77,132,0.5833333333333334,4.881248689494156
from_SLR,global,29,78,132,0.5909090909090909,4.893644175599759
from_SLR,global,29,79,132,0.5984848484848485,4.859745495993642
from_SLR,global,29,80,132,0.6060606060606061,4.84630143863078
from_SLR,global,29,81,132,0.6136363636363636,4.860889170822576
from_SLR,global,29,82,132,0.6212121212121212,4.839709633656983
from_SLR,global,29,83,132,0.6287878787878788,4.876418659485854
from_SLR,global,29,84,132,0.6363636363636364,4.85910052446337
from_SLR,global,29,85,132,0.6439393939393939,4.840385285092625
from_SLR,global,29,86,132,0.6515151515151515,4.834908324432772
from_SLR,global,29,87,132,0.6590909090909091,4.8452716213090214
from_SLR,global,29,88,132,0.6666666666666666,4.889881375342779
from_SLR,global,29,89,132,0.6742424242424242,4.852380676787583
from_SLR,global,29,90,132,0.6818181818181818,4.886630296163183
from_SLR,global,29,91,132,0.6893939393939394,4.861012580078941
from_SLR,global,29,92,132,0.696969696969697,4.8997355583316695
from_SLR,global,29,93,132,0.7045454545454546,4.859098865886055
from_SLR,global,29,94,132,0.7121212121212122,4.913944137576288
from_SLR,global,29,95,132,0.7196969696969697,4.910741428207163
from_SLR,global,29,96,132,0.7272727272727273,4.952044906199308
from_SLR,global,29,97,132,0.7348484848484849,4.939057211226123
from_SLR,global,29,98,132,0.7424242424242424,4.953743557088247
from_SLR,global,29,99,132,0.75,4.993660111249232
from_SLR,global,29,100,132,0.7575757575757576,4.998221462831301
from_SLR,global,29,101,132,0.7651515151515151,4.968370303276746
from_SLR,global,29,102,132,0.7727272727272727,4.9813058188554935
from_SLR,global,29,103,132,0.7803030303030303,5.004237299642129
from_SLR,global,29,104,132,0.7878787878787878,4.973669602897909
from_SLR,global,29,105,132,0.7954545454545454,5.021311105643572
from_SLR,global,29,106,132,0.803030303030303,5.035324576631465
from_SLR,global,29,107,132,0.8106060606060606,4.99150899935388
from_SLR,global,29,108,132,0.8181818181818182,4.9688658355288755
from_SLR,global,29,109,132,0.8257575757575758,5.013965060397785
from_SLR,global,29,110,132,0.8333333333333334,5.071483294169802
from_SLR,global,29,111,132,0.8409090909090909,5.106926359362999
from_SLR,global,29,112,132,0.8484848484848485,5.076710981963534
from_SLR,global,29,113,132,0.8560606060606061,5.082961278379081
from_SLR,global,29,114,132,0.8636363636363636,5.0717003795864
from_SLR,global,29,115,132,0.8712121212121212,5.093202859561616
from_SLR,global,29,116,132,0.8787878787878788,5.0835811071014065
from_SLR,global,29,117,132,0.8863636363636364,5.140706042769167
from_SLR,global,29,118,132,0.8939393939393939,5.119165161873491
from_SLR,global,29,119,132,0.9015151515151515,5.106303208763844
from_SLR,global,29,120,132,0.9090909090909091,5.1139260631015055
from_SLR,global,29,121,132,0.9166666666666666,5.119418745728197
from_SLR,global,29,122,132,0.9242424242424242,5.123469752009842
from_SLR,global,29,123,132,0.9318181818181818,5.126953829339597
from_SLR,global,29,124,132,0.9393939393939394,5.104638583796089
from_SLR,global,29,125,132,0.946969696969697,5.0841881756042415
from_SLR,global,29,126,132,0.9545454545454546,5.065999457979766
from_SLR,global,29,127,132,0.9621212121212122,5.041937960750377
from_SLR,global,29,128,132,0.9696969696969697,5.05418800241007
from_SLR,global,29,129,132,0.9772727272727273,5.060561020984208
from_SLR,global,29,130,132,0.9848484848484849,5.072857282274275
from_SLR,global,29,131,132,0.9924242424242424,5.0871653476917595
from_SLR,global,29,132,132,1.0,5.099554526886152
from_SLR,global,43,1,132,0.007575757575757576,3.9971845501769647
from_SLR,global,43,2,132,0.015151515151515152,6.171456301868849
from_SLR,global,43,3,132,0.022727272727272728,4.799261089554755
from_SLR,global,43,4,132,0.030303030303030304,5.227129817022641
from_SLR,global,43,5,132,0.03787878787878788,5.19234278399808
from_SLR,global,43,6,132,0.045454545454545456,5.641963520633112
from_SLR,global,43,7,132,0.05303030303030303,5.875264690560619
from_SLR,global,43,8,132,0.06060606060606061,5.648423273709754
from_SLR,global,43,9,132,0.06818181818181818,5.23336764514659
from_SLR,global,43,10,132,0.07575757575757576,5.0815228224512765
from_SLR,global,43,11,132,0.08333333333333333,4.888997930217501
from_SLR,global,43,12,132,0.09090909090909091,4.554211952704635
from_SLR,global,43,13,132,0.09848484848484848,4.7620240443692445
from_SLR,global,43,14,132,0.10606060606060606,4.997816098634379
from_SLR,global,43,15,132,0.11363636363636363,4.901832292561818
from_SLR,global,43,16,132,0.12121212121212122,4.935471916583896
from_SLR,global,43,17,132,0.12878787878787878,4.992680603465747
from_SLR,global,43,18,132,0.13636363636363635,4.88406065594327
from_SLR,global,43,19,132,0.14393939393939395,4.837977058796878
from_SLR,global,43,20,132,0.15151515151515152,4.872203165946514
from_SLR,global,43,21,132,0.1590909090909091,4.754454605197461
from_SLR,global,43,22,132,0.16666666666666666,4.963155990229463
from_SLR,global,43,23,132,0.17424242424242425,5.005398777549233
from_SLR,global,43,24,132,0.18181818181818182,5.025634528705292
from_SLR,global,43,25,132,0.1893939393939394,5.043482402124876
from_SLR,global,43,26,132,0.19696969696969696,4.896970254340963
from_SLR,global,43,27,132,0.20454545454545456,4.932218772938983
from_SLR,global,43,28,132,0.21212121212121213,4.971204107200953
from_SLR,global,43,29,132,0.2196969696969697,4.98777855434352
from_SLR,global,43,30,132,0.22727272727272727,5.0121564487711305
from_SLR,global,43,31,132,0.23484848484848486,4.9358892287329486
from_SLR,global,43,32,132,0.24242424242424243,4.860764927346949
from_SLR,global,43,33,132,0.25,4.815160139191605
from_SLR,global,43,34,132,0.25757575757575757,4.7602045498675345
from_SLR,global,43,35,132,0.26515151515151514,4.851765878499935
from_SLR,global,43,36,132,0.2727272727272727,4.944941162814941
from_SLR,global,43,37,132,0.2803030303030303,4.867915339393674
from_SLR,global,43,38,132,0.2878787878787879,4.946181973379248
from_SLR,global,43,39,132,0.29545454545454547,5.00237205344858
from_SLR,global,43,40,132,0.30303030303030304,5.090977477166113
from_SLR,global,43,41,132,0.3106060606060606,5.178633856173814
from_SLR,global,43,42,132,0.3181818181818182,5.238033578880774
from_SLR,global,43,43,132,0.32575757575757575,5.191029228258787
from_SLR,global,43,44,132,0.3333333333333333,5.149408816724034
from_SLR,global,43,45,132,0.3409090909090909,5.183352107273381
from_SLR,global,43,46,132,0.3484848484848485,5.162134139616539
from_SLR,global,43,47,132,0.3560606060606061,5.195736421675771
from_SLR,global,43,48,132,0.36363636363636365,5.129638067464147
from_SLR,global,43,49,132,0.3712121212121212,5.058793708416538
from_SLR,global,43,50,132,0.3787878787878788,5.072102087987415
from_SLR,global,43,51,132,0.38636363636363635,5.088809261691292
from_SLR,global,43,52,132,0.3939393939393939,5.0657194115814255
from_SLR,global,43,53,132,0.4015151515151515,5.092126775532998
from_SLR,global,43,54,132,0.4090909090909091,5.120968465477487
from_SLR,global,43,55,132,0.4166666666666667,5.132438141813024
from_SLR,global,43,56,132,0.42424242424242425,5.138810139722987
from_SLR,global,43,57,132,0.4318181818181818,5.070569541040634
from_SLR,global,43,58,132,0.4393939393939394,5.10425454581342
from_SLR,global,43,59,132,0.44696969696969696,5.114829032932337
from_SLR,global,43,60,132,0.45454545454545453,5.134962015001299
from_SLR,global,43,61,132,0.4621212121212121,5.221849586115395
from_SLR,global,43,62,132,0.4696969696969697,5.151105072443619
from_SLR,global,43,63,132,0.4772727272727273,5.138677139001955
from_SLR,global,43,64,132,0.48484848484848486,5.169644602851594
from_SLR,global,43,65,132,0.49242424242424243,5.1390639064414145
from_SLR,global,43,66,132,0.5,5.094972507870165
from_SLR,global,43,67,132,0.5075757575757576,5.094024131511484
from_SLR,global,43,68,132,0.5151515151515151,5.105452257138677
from_SLR,global,43,69,132,0.5227272727272727,5.173628397429327
from_SLR,global,43,70,132,0.5303030303030303,5.247102526703403
from_SLR,global,43,71,132,0.5378787878787878,5.330320217121232
from_SLR,global,43,72,132,0.5454545454545454,5.278977037101138
from_SLR,global,43,73,132,0.553030303030303,5.218730696798344
from_SLR,global,43,74,132,0.5606060606060606,5.224858691607629
from_SLR,global,43,75,132,0.5681818181818182,5.2343784524637735
from_SLR,global,43,76,132,0.5757575757575758,5.244062717662562
from_SLR,global,43,77,132,0.5833333333333334,5.212696136163178
from_SLR,global,43,78,132,0.5909090909090909,5.1732248748356024
from_SLR,global,43,79,132,0.5984848484848485,5.146176655105692
from_SLR,global,43,80,132,0.6060606060606061,5.127340390302335
from_SLR,global,43,81,132,0.6136363636363636,5.155112893657931
from_SLR,global,43,82,132,0.6212121212121212,5.197702321064429
from_SLR,global,43,83,132,0.6287878787878788,5.189928019681264
from_SLR,global,43,84,132,0.6363636363636364,5.170126550595081
from_SLR,global,43,85,132,0.6439393939393939,5.138384213910005
from_SLR,global,43,86,132,0.6515151515151515,5.204988023093975
from_SLR,global,43,87,132,0.6590909090909091,5.2237235188701305
from_SLR,global,43,88,132,0.6666666666666666,5.214329505559697
from_SLR,global,43,89,132,0.6742424242424242,5.195482647375725
from_SLR,global,43,90,132,0.6818181818181818,5.199915622454513
from_SLR,global,43,91,132,0.6893939393939394,5.206103542856026
from_SLR,global,43,92,132,0.696969696969697,5.283006061108633
from_SLR,global,43,93,132,0.7045454545454546,5.269841919973004
from_SLR,global,43,94,132,0.7121212121212122,5.2754383605626645
from_SLR,global,43,95,132,0.7196969696969697,5.2863187629667845
from_SLR,global,43,96,132,0.7272727272727273,5.319684775059201
from_SLR,global,43,97,132,0.7348484848484849,5.309261435301286
from_SLR,global,43,98,132,0.7424242424242424,5.329449268661247
from_SLR,global,43,99,132,0.75,5.327592411014425
from_SLR,global,43,100,132,0.7575757575757576,5.353031263016507
from_SLR,global,43,101,132,0.7651515151515151,5.425473644686676
from_SLR,global,43,102,132,0.7727272727272727,5.4892954556496605
from_SLR,global,43,103,132,0.7803030303030303,5.543529387729389
from_SLR,global,43,104,132,0.7878787878787878,5.579606769596863
from_SLR,global,43,105,132,0.7954545454545454,5.5581929487611745
from_SLR,global,43,106,132,0.803030303030303,5.615364267296689
from_SLR,global,43,107,132,0.8106060606060606,5.573381350918912
from_SLR,global,43,108,132,0.8181818181818182,5.559341120056152
from_SLR,global,43,109,132,0.8257575757575758,5.577310564066021
from_SLR,global,43,110,132,0.8333333333333334,5.583374033219947
from_SLR,global,43,111,132,0.8409090909090909,5.580330037358275
from_SLR,global,43,112,132,0.8484848484848485,5.549555071661741
from_SLR,global,43,113,132,0.8560606060606061,5.538768143850222
from_SLR,global,43,114,132,0.8636363636363636,5.53949084292977
from_SLR,global,43,115,132,0.8712121212121212,5.57877040486099
from_SLR,global,43,116,132,0.8787878787878788,5.641694145629546
from_SLR,global,43,117,132,0.8863636363636364,5.639238444453265
from_SLR,global,43,118,132,0.8939393939393939,5.605038521972919
from_SLR,global,43,119,132,0.9015151515151515,5.614942545202913
from_SLR,global,43,120,132,0.9090909090909091,5.605395950693719
from_SLR,global,43,121,132,0.9166666666666666,5.576248548430858
from_SLR,global,43,122,132,0.9242424242424242,5.579787665129571
from_SLR,global,43,123,132,0.9318181818181818,5.5729139750027175
from_SLR,global,43,124,132,0.9393939393939394,5.574759197245614
from_SLR,global,43,125,132,0.946969696969697,5.5765409783292945
from_SLR,global,43,126,132,0.9545454545454546,5.5736834459018585
from_SLR,global,43,127,132,0.9621212121212122,5.563340628348703
from_SLR,global,43,128,132,0.9696969696969697,5.559559870167073
from_SLR,global,43,129,132,0.9772727272727273,5.551270228575202
from_SLR,global,43,130,132,0.9848484848484849,5.550462931519959
from_SLR,global,43,131,132,0.9924242424242424,5.542545381457912
from_SLR,global,43,132,132,1.0,5.551200492747925
from_SLR,learned,17,1,132,0.007575757575757576,2.3466693367474893
from_SLR,learned,17,2,132,0.015151515151515152,5.491979606966195
from_SLR,learned,17,3,132,0.022727272727272728,5.183610255613739
from_SLR,learned,17,4,132,0.030303030303030304,4.758613341180526
from_SLR,learned,17,5,132,0.03787878787878788,4.339585828510929
from_SLR,learned,17,6,132,0.045454545454545456,3.9664207147664805
from_SLR,learned,17,7,132,0.05303030303030303,3.6078612245095742
from_SLR,learned,17,8,132,0.06060606060606061,3.448285744102151
from_SLR,learned,17,9,132,0.06818181818181818,3.3245253495119296
from_SLR,learned,17,10,132,0.07575757575757576,3.5960421592787277
from_SLR,learned,17,11,132,0.08333333333333333,3.9380458090679427
from_SLR,learned,17,12,132,0.09090909090909091,4.177974651577446
from_SLR,learned,17,13,132,0.09848484848484848,4.425579342986389
from_SLR,learned,17,14,132,0.10606060606060606,4.285716364941128
from_SLR,learned,17,15,132,0.11363636363636363,4.3192289675904805
from_SLR,learned,17,16,132,0.12121212121212122,4.211096011447747
from_SLR,learned,17,17,132,0.12878787878787878,4.117938944342054
from_SLR,learned,17,18,132,0.13636363636363635,4.431836655967426
from_SLR,learned,17,19,132,0.14393939393939395,4.53109303576723
from_SLR,learned,17,20,132,0.15151515151515152,4.431824872239924
from_SLR,learned,17,21,132,0.1590909090909091,4.6362377105076025
from_SLR,learned,17,22,132,0.16666666666666666,4.564943753823215
from_SLR,learned,17,23,132,0.17424242424242425,4.582921735934048
from_SLR,learned,17,24,132,0.18181818181818182,4.535655351601875
from_SLR,learned,17,25,132,0.1893939393939394,4.420075122123066
from_SLR,learned,17,26,132,0.19696969696969696,4.335225252077729
from_SLR,learned,17,27,132,0.20454545454545456,4.237527977336042
from_SLR,learned,17,28,132,0.21212121212121213,4.218852092503858
from_SLR,learned,17,29,132,0.2196969696969697,4.170471628765963
from_SLR,learned,17,30,132,0.22727272727272727,4.116929371197093
from_SLR,learned,17,31,132,0.23484848484848486,4.178972574779501
from_SLR,learned,17,32,132,0.24242424242424243,4.235032810084496
from_SLR,learned,17,33,132,0.25,4.198212916774726
from_SLR,learned,17,34,132,0.25757575757575757,4.251308511658252
from_SLR,learned,17,35,132,0.26515151515151514,4.30283399132555
from_SLR,learned,17,36,132,0.2727272727272727,4.412284929795741
from_SLR,learned,17,37,132,0.2803030303030303,4.378393806564197
from_SLR,learned,17,38,132,0.2878787878787879,4.333820419800634
from_SLR,learned,17,39,132,0.29545454545454547,4.419869240778298
from_SLR,learned,17,40,132,0.30303030303030304,4.3527123926992335
from_SLR,learned,17,41,132,0.3106060606060606,4.316689595271933
from_SLR,learned,17,42,132,0.3181818181818182,4.446040981699182
from_SLR,learned,17,43,132,0.32575757575757575,4.43842343493609
from_SLR,learned,17,44,132,0.3333333333333333,4.51768914956049
from_SLR,learned,17,45,132,0.3409090909090909,4.541817401470466
from_SLR,learned,17,46,132,0.3484848484848485,4.5321626144487315
from_SLR,learned,17,47,132,0.3560606060606061,4.538268288753675
from_SLR,learned,17,48,132,0.36363636363636365,4.476597084311568
from_SLR,learned,17,49,132,0.3712121212121212,4.471469720280573
from_SLR,learned,17,50,132,0.3787878787878788,4.442141373632486
from_SLR,learned,17,51,132,0.38636363636363635,4.516488804539432
from_SLR,learned,17,52,132,0.3939393939393939,4.514193191357851
from_SLR,learned,17,53,132,0.4015151515151515,4.467263297068494
from_SLR,learned,17,54,132,0.4090909090909091,4.497168515471496
from_SLR,learned,17,55,132,0.4166666666666667,4.4954881794786345
from_SLR,learned,17,56,132,0.42424242424242425,4.450980698445276
from_SLR,learned,17,57,132,0.4318181818181818,4.4723086593623025
from_SLR,learned,17,58,132,0.4393939393939394,4.42274313980251
from_SLR,learned,17,59,132,0.44696969696969696,4.371387431860153
from_SLR,learned,17,60,132,0.45454545454545453,4.338989016057064
from_SLR,learned,17,61,132,0.4621212121212121,4.313393623449857
from_SLR,learned,17,62,132,0.4696969696969697,4.319695235857957
from_SLR,learned,17,63,132,0.4772727272727273,4.267113142759724
from_SLR,learned,17,64,132,0.48484848484848486,4.292490823797313
from_SLR,learned,17,65,132,0.49242424242424243,4.275022211164617
from_SLR,learned,17,66,132,0.5,4.240885754833756
from_SLR,learned,17,67,132,0.5075757575757576,4.197548161011354
from_SLR,learned,17,68,132,0.5151515151515151,4.245173231776077
from_SLR,learned,17,69,132,0.5227272727272727,4.251719890612921
from_SLR,learned,17,70,132,0.5303030303030303,4.274881142340126
from_SLR,learned,17,71,132,0.5378787878787878,4.306531147843839
from_SLR,learned,17,72,132,0.5454545454545454,4.272637215675733
from_SLR,learned,17,73,132,0.553030303030303,4.3171144542620565
from_SLR,learned,17,74,132,0.5606060606060606,4.3732803495422985
from_SLR,learned,17,75,132,0.5681818181818182,4.330079444937557
from_SLR,learned,17,76,132,0.5757575757575758,4.386184204893799
from_SLR,learned,17,77,132,0.5833333333333334,4.430216804033222
from_SLR,learned,17,78,132,0.5909090909090909,4.457185511713973
from_SLR,learned,17,79,132,0.5984848484848485,4.4407690532661865
from_SLR,learned,17,80,132,0.6060606060606061,4.427395070635868
from_SLR,learned,17,81,132,0.6136363636363636,4.423699563524377
from_SLR,learned,17,82,132,0.6212121212121212,4.471056190481454
from_SLR,learned,17,83,132,0.6287878787878788,4.443373230148892
from_SLR,learned,17,84,132,0.6363636363636364,4.461880681140066
from_SLR,learned,17,85,132,0.6439393939393939,4.437054479475342
from_SLR,learned,17,86,132,0.6515151515151515,4.435673523935384
from_SLR,learned,17,87,132,0.6590909090909091,4.389247586174681
from_SLR,learned,17,88,132,0.6666666666666666,4.436538771322283
from_SLR,learned,17,89,132,0.6742424242424242,4.405538257564935
from_SLR,learned,17,90,132,0.6818181818181818,4.390318373132571
from_SLR,learned,17,91,132,0.6893939393939394,4.4499521646748725
from_SLR,learned,17,92,132,0.696969696969697,4.436473354184312
from_SLR,learned,17,93,132,0.7045454545454546,4.475646826160591
from_SLR,learned,17,94,132,0.7121212121212122,4.437600784301723
from_SLR,learned,17,95,132,0.7196969696969697,4.475993110769028
from_SLR,learned,17,96,132,0.7272727272727273,4.479127074421427
from_SLR,learned,17,97,132,0.7348484848484849,4.487909981039369
from_SLR,learned,17,98,132,0.7424242424242424,4.507940163354634
from_SLR,learned,17,99,132,0.75,4.516900049206549
from_SLR,learned,17,100,132,0.7575757575757576,4.536967126309914
from_SLR,learned,17,101,132,0.7651515151515151,4.552565626142685
from_SLR,learned,17,102,132,0.7727272727272727,4.61734993499491
from_SLR,learned,17,103,132,0.7803030303030303,4.583969641973601
from_SLR,learned,17,104,132,0.7878787878787878,4.557153905812269
from_SLR,learned,17,105,132,0.7954545454545454,4.537179876917692
from_SLR,learned,17,106,132,0.803030303030303,4.554638110970392
from_SLR,learned,17,107,132,0.8106060606060606,4.602464906852372
from_SLR,learned,17,108,132,0.8181818181818182,4.6394002422109475
from_SLR,learned,17,109,132,0.8257575757575758,4.6034134372474345
from_SLR,learned,17,110,132,0.8333333333333334,4.652096055497681
from_SLR,learned,17,111,132,0.8409090909090909,4.638893138518611
from_SLR,learned,17,112,132,0.8484848484848485,4.6056921311275705
from_SLR,learned,17,113,132,0.8560606060606061,4.6298928717385115
from_SLR,learned,17,114,132,0.8636363636363636,4.6922534059354195
from_SLR,learned,17,115,132,0.8712121212121212,4.67486486431216
from_SLR,learned,17,116,132,0.8787878787878788,4.651526646027271
from_SLR,learned,17,117,132,0.8863636363636364,4.663866554829757
from_SLR,learned,17,118,132,0.8939393939393939,4.6694467948916625
from_SLR,learned,17,119,132,0.9015151515151515,4.644768553354158
from_SLR,learned,17,120,132,0.9090909090909091,4.629147664014366
from_SLR,learned,17,121,132,0.9166666666666666,4.6357668190552195
from_SLR,learned,17,122,132,0.9242424242424242,4.642649492838609
from_SLR,learned,17,123,132,0.9318181818181818,4.648136762690499
from_SLR,learned,17,124,132,0.9393939393939394,4.630403354032791
from_SLR,learned,17,125,132,0.946969696969697,4.613146431476624
from_SLR,learned,17,126,132,0.9545454545454546,4.628413277413215
from_SLR,learned,17,127,132,0.9621212121212122,4.6116546288720945
from_SLR,learned,17,128,132,0.9696969696969697,4.594301178243283
from_SLR,learned,17,129,132,0.9772727272727273,4.604670229579582
from_SLR,learned,17,130,132,0.9848484848484849,4.621371005885831
from_SLR,learned,17,131,132,0.9924242424242424,4.6390177392611225
from_SLR,learned,17,132,132,1.0,4.671081894240946
from_SLR,learned,29,1,132,0.007575757575757576,9.373296844543738
from_SLR,learned,29,2,132,0.015151515151515152,6.967655439165315
from_SLR,learned,29,3,132,0.022727272727272728,7.656832293109431
from_SLR,learned,29,4,132,0.030303030303030304,7.3081513661943855
from_SLR,learned,29,5,132,0.03787878787878788,6.400683705555418
from_SLR,learned,29,6,132,0.045454545454545456,6.082603855574053
from_SLR,learned,29,7,132,0.05303030303030303,6.479634945543452
from_SLR,learned,29,8,132,0.06060606060606061,6.254161267960497
from_SLR,learned,29,9,132,0.06818181818181818,5.687060088174781
from_SLR,learned,29,10,132,0.07575757575757576,5.689367778278195
from_SLR,learned,29,11,132,0.08333333333333333,5.449832797602617
from_SLR,learned,29,12,132,0.09090909090909091,5.7033940646447805
from_SLR,learned,29,13,132,0.09848484848484848,5.717042932416733
from_SLR,learned,29,14,132,0.10606060606060606,5.457366459304374
from_SLR,learned,29,15,132,0.11363636363636363,5.26153357872027
from_SLR,learned,29,16,132,0.12121212121212122,5.345103737801673
from_SLR,learned,29,17,132,0.12878787878787878,5.3602964977021506
from_SLR,learned,29,18,132,0.13636363636363635,5.304500579251268
from_SLR,learned,29,19,132,0.14393939393939395,5.3210238365756695
from_SLR,learned,29,20,132,0.15151515151515152,5.319309832119553
from_SLR,learned,29,21,132,0.1590909090909091,5.352986591146755
from_SLR,learned,29,22,132,0.16666666666666666,5.509399489271195
from_SLR,learned,29,23,132,0.17424242424242425,5.683779110305582
from_SLR,learned,29,24,132,0.18181818181818182,5.899763776552838
from_SLR,learned,29,25,132,0.1893939393939394,5.800231704122862
from_SLR,learned,29,26,132,0.19696969696969696,5.7118757927870565
from_SLR,learned,29,27,132,0.20454545454545456,5.787856493993112
from_SLR,learned,29,28,132,0.21212121212121213,5.71562910889768
from_SLR,learned,29,29,132,0.2196969696969697,5.805571670755199
from_SLR,learned,29,30,132,0.22727272727272727,5.885142607242043
from_SLR,learned,29,31,132,0.23484848484848486,5.77011136655716
from_SLR,learned,29,32,132,0.24242424242424243,5.762420336128855
from_SLR,learned,29,33,132,0.25,5.828916564429925
from_SLR,learned,29,34,132,0.25757575757575757,5.760318448499732
from_SLR,learned,29,35,132,0.26515151515151514,5.663962716357195
from_SLR,learned,29,36,132,0.2727272727272727,5.8157926672193465
from_SLR,learned,29,37,132,0.2803030303030303,5.728881121109214
from_SLR,learned,29,38,132,0.2878787878787879,5.59394031869945
from_SLR,learned,29,39,132,0.29545454545454547,5.634424644537919
from_SLR,learned,29,40,132,0.30303030303030304,5.640570722505387
from_SLR,learned,29,41,132,0.3106060606060606,5.626489759666652
from_SLR,learned,29,42,132,0.3181818181818182,5.653262197692841
from_SLR,learned,29,43,132,0.32575757575757575,5.6782054294607285
from_SLR,learned,29,44,132,0.3333333333333333,5.7161002407103245
from_SLR,learned,29,45,132,0.3409090909090909,5.760104619091961
from_SLR,learned,29,46,132,0.3484848484848485,5.818893185989993
from_SLR,learned,29,47,132,0.3560606060606061,5.889569871062728
from_SLR,learned,29,48,132,0.36363636363636365,5.909122378373524
from_SLR,learned,29,49,132,0.3712121212121212,5.9674742296127485
from_SLR,learned,29,50,132,0.3787878787878788,5.973123305955536
from_SLR,learned,29,51,132,0.38636363636363635,5.934988774564015
from_SLR,learned,29,52,132,0.3939393939393939,5.933308680783617
from_SLR,learned,29,53,132,0.4015151515151515,5.87009700247403
from_SLR,learned,29,54,132,0.4090909090909091,5.808188701954799
from_SLR,learned,29,55,132,0.4166666666666667,5.719935477659123
from_SLR,learned,29,56,132,0.42424242424242425,5.751946711003184
from_SLR,learned,29,57,132,0.4318181818181818,5.69658895183621
from_SLR,learned,29,58,132,0.4393939393939394,5.710530660482161
from_SLR,learned,29,59,132,0.44696969696969696,5.740921449019177
from_SLR,learned,29,60,132,0.45454545454545453,5.830180754670898
from_SLR,learned,29,61,132,0.4621212121212121,5.782933038552885
from_SLR,learned,29,62,132,0.4696969696969697,5.76265731248058
from_SLR,learned,29,63,132,0.4772727272727273,5.7432606338435
from_SLR,learned,29,64,132,0.48484848484848486,5.769955105146058
from_SLR,learned,29,65,132,0.49242424242424243,5.777904732779115
from_SLR,learned,29,66,132,0.5,5.7347645709672435
from_SLR,learned,29,67,132,0.5075757575757576,5.705847559349499
from_SLR,learned,29,68,132,0.5151515151515151,5.691094756645006
from_SLR,learned,29,69,132,0.5227272727272727,5.685596262517047
from_SLR,learned,29,70,132,0.5303030303030303,5.694129273950994
from_SLR,learned,29,71,132,0.5378787878787878,5.7223991252129185
from_SLR,learned,29,72,132,0.5454545454545454,5.6872102258953365
from_SLR,learned,29,73,132,0.553030303030303,5.673999594436871
from_SLR,learned,29,74,132,0.5606060606060606,5.6840831729982115
from_SLR,learned,29,75,132,0.5681818181818182,5.657144724296175
from_SLR,learned,29,76,132,0.5757575757575758,5.645575295758731
from_SLR,learned,29,77,132,0.5833333333333334,5.60951692343491
from_SLR,learned,29,78,132,0.5909090909090909,5.625466840990155
from_SLR,learned,29,79,132,0.5984848484848485,5.687154154170023
from_SLR,learned,29,80,132,0.6060606060606061,5.697515552110964
from_SLR,learned,29,81,132,0.6136363636363636,5.7073846522992255
from_SLR,learned,29,82,132,0.6212121212121212,5.70382863345906
from_SLR,learned,29,83,132,0.6287878787878788,5.653867421826356
from_SLR,learned,29,84,132,0.6363636363636364,5.656011741793819
from_SLR,learned,29,85,132,0.6439393939393939,5.711469830919754
from_SLR,learned,29,86,132,0.6515151515151515,5.7274005725331065
from_SLR,learned,29,87,132,0.6590909090909091,5.768857260709776
from_SLR,learned,29,88,132,0.6666666666666666,5.784013401918899
from_SLR,learned,29,89,132,0.6742424242424242,5.821860213386484
from_SLR,learned,29,90,132,0.6818181818181818,5.792539883372865
from_SLR,learned,29,91,132,0.6893939393939394,5.800019565206928
from_SLR,learned,29,92,132,0.696969696969697,5.843512262909204
from_SLR,learned,29,93,132,0.7045454545454546,5.831046623028581
from_SLR,learned,29,94,132,0.7121212121212122,5.848364236499683
from_SLR,learned,29,95,132,0.7196969696969697,5.914307796210734
from_SLR,learned,29,96,132,0.7272727272727273,5.910220286083951
from_SLR,learned,29,97,132,0.7348484848484849,5.924107945091575
from_SLR,learned,29,98,132,0.7424242424242424,5.8952534641157275
from_SLR,learned,29,99,132,0.75,5.9359095668854245
from_SLR,learned,29,100,132,0.7575757575757576,5.916648163966869
from_SLR,learned,29,101,132,0.7651515151515151,5.933141179560115
from_SLR,learned,29,102,132,0.7727272727272727,5.925970336378792
from_SLR,learned,29,103,132,0.7803030303030303,5.940713547562851
from_SLR,learned,29,104,132,0.7878787878787878,5.993651680105577
from_SLR,learned,29,105,132,0.7954545454545454,5.979308569195835
from_SLR,learned,29,106,132,0.803030303030303,5.949080764131368
from_SLR,learned,29,107,132,0.8106060606060606,6.002246788950492
from_SLR,learned,29,108,132,0.8181818181818182,5.951514102174614
from_SLR,learned,29,109,132,0.8257575757575758,5.991477464908082
from_SLR,learned,29,110,132,0.8333333333333334,6.054972554839459
from_SLR,learned,29,111,132,0.8409090909090909,6.027575735502365
from_SLR,learned,29,112,132,0.8484848484848485,6.020194276858453
from_SLR,learned,29,113,132,0.8560606060606061,6.014647888792721
from_SLR,learned,29,114,132,0.8636363636363636,6.023118524653126
from_SLR,learned,29,115,132,0.8712121212121212,6.054480654217456
from_SLR,learned,29,116,132,0.8787878787878788,6.0629815090246
from_SLR,learned,29,117,132,0.8863636363636364,6.0559305292691095
from_SLR,learned,29,118,132,0.8939393939393939,6.118336449453462
from_SLR,learned,29,119,132,0.9015151515151515,6.118013749090214
from_SLR,learned,29,120,132,0.9090909090909091,6.087687258785231
from_SLR,learned,29,121,132,0.9166666666666666,6.078793672433331
from_SLR,learned,29,122,132,0.9242424242424242,6.080378539234207
from_SLR,learned,29,123,132,0.9318181818181818,6.065005792814958
from_SLR,learned,29,124,132,0.9393939393939394,6.052224813269397
from_SLR,learned,29,125,132,0.946969696969697,6.039854756781517
from_SLR,learned,29,126,132,0.9545454545454546,6.041846832336647
from_SLR,learned,29,127,132,0.9621212121212122,6.039151051774465
from_SLR,learned,29,128,132,0.9696969696969697,6.0284753001466
from_SLR,learned,29,129,132,0.9772727272727273,6.0292735897487
from_SLR,learned,29,130,132,0.9848484848484849,6.025459105615575
from_SLR,learned,29,131,132,0.9924242424242424,6.019662955320955
from_SLR,learned,29,132,132,1.0,6.02181962346947
from_SLR,learned,43,1,132,0.007575757575757576,4.583181336935862
from_SLR,learned,43,2,132,0.015151515151515152,5.7345594586323045
from_SLR,learned,43,3,132,0.022727272727272728,5.98494964445354
from_SLR,learned,43,4,132,0.030303030303030304,5.7999321711206715
from_SLR,learned,43,5,132,0.03787878787878788,6.087409598957843
from_SLR,learned,43,6,132,0.045454545454545456,5.6830828001746205
from_SLR,learned,43,7,132,0.05303030303030303,5.102036380217711
from_SLR,learned,43,8,132,0.06060606060606061,5.021733893224687
from_SLR,learned,43,9,132,0.06818181818181818,5.346351940663621
from_SLR,learned,43,10,132,0.07575757575757576,5.243727119590125
from_SLR,learned,43,11,132,0.08333333333333333,5.805701996308046
from_SLR,learned,43,12,132,0.09090909090909091,5.6491585617134605
from_SLR,learned,43,13,132,0.09848484848484848,5.668825797426498
from_SLR,learned,43,14,132,0.10606060606060606,6.035490501108867
from_SLR,learned,43,15,132,0.11363636363636363,6.222333785392253
from_SLR,learned,43,16,132,0.12121212121212122,6.088273354381431
from_SLR,learned,43,17,132,0.12878787878787878,6.06426409398636
from_SLR,learned,43,18,132,0.13636363636363635,5.8023557952892295
from_SLR,learned,43,19,132,0.14393939393939395,5.797937817696204
from_SLR,learned,43,20,132,0.15151515151515152,5.907201710988668
from_SLR,learned,43,21,132,0.1590909090909091,5.7921706096512615
from_SLR,learned,43,22,132,0.16666666666666666,5.567945025293846
from_SLR,learned,43,23,132,0.17424242424242425,5.421066011272493
from_SLR,learned,43,24,132,0.18181818181818182,5.466921906297798
from_SLR,learned,43,25,132,0.1893939393939394,5.419829517236427
from_SLR,learned,43,26,132,0.19696969696969696,5.455739739713544
from_SLR,learned,43,27,132,0.20454545454545456,5.54157506745304
from_SLR,learned,43,28,132,0.21212121212121213,5.686137471980387
from_SLR,learned,43,29,132,0.2196969696969697,5.861392317142842
from_SLR,learned,43,30,132,0.22727272727272727,5.955375980893822
from_SLR,learned,43,31,132,0.23484848484848486,6.054388533733233
from_SLR,learned,43,32,132,0.24242424242424243,6.06178009599455
from_SLR,learned,43,33,132,0.25,5.951680707366815
from_SLR,learned,43,34,132,0.25757575757575757,5.920083599236478
from_SLR,learned,43,35,132,0.26515151515151514,5.885279526438994
from_SLR,learned,43,36,132,0.2727272727272727,5.905935122638628
from_SLR,learned,43,37,132,0.2803030303030303,5.933602336328219
from_SLR,learned,43,38,132,0.2878787878787879,6.130686502276912
from_SLR,learned,43,39,132,0.29545454545454547,6.131720677889559
from_SLR,learned,43,40,132,0.30303030303030304,6.171912909983333
from_SLR,learned,43,41,132,0.3106060606060606,6.060860168904112
from_SLR,learned,43,42,132,0.3181818181818182,6.221250357384272
from_SLR,learned,43,43,132,0.32575757575757575,6.228681286404438
from_SLR,learned,43,44,132,0.3333333333333333,6.220359425816064
from_SLR,learned,43,45,132,0.3409090909090909,6.255354660842117
from_SLR,learned,43,46,132,0.3484848484848485,6.397510717186101
from_SLR,learned,43,47,132,0.3560606060606061,6.454536879758426
from_SLR,learned,43,48,132,0.36363636363636365,6.616452086787555
from_SLR,learned,43,49,132,0.3712121212121212,6.613532165264378
from_SLR,learned,43,50,132,0.3787878787878788,6.592511560573769
from_SLR,learned,43,51,132,0.38636363636363635,6.641037325894833
from_SLR,learned,43,52,132,0.3939393939393939,6.528014774066228
from_SLR,learned,43,53,132,0.4015151515151515,6.620106827530571
from_SLR,learned,43,54,132,0.4090909090909091,6.577670747638569
from_SLR,learned,43,55,132,0.4166666666666667,6.685117989400144
from_SLR,learned,43,56,132,0.42424242424242425,6.718876820632384
from_SLR,learned,43,57,132,0.4318181818181818,6.770351954849585
from_SLR,learned,43,58,132,0.4393939393939394,6.768419975990484
from_SLR,learned,43,59,132,0.44696969696969696,6.748894691995174
from_SLR,learned,43,60,132,0.45454545454545453,6.742274997536191
from_SLR,learned,43,61,132,0.4621212121212121,6.7384829168899385
from_SLR,learned,43,62,132,0.4696969696969697,6.722799290296203
from_SLR,learned,43,63,132,0.4772727272727273,6.7756239517244605
from_SLR,learned,43,64,132,0.48484848484848486,6.727652645133685
from_SLR,learned,43,65,132,0.49242424242424243,6.809906170089419
from_SLR,learned,43,66,132,0.5,6.838379046738666
from_SLR,learned,43,67,132,0.5075757575757576,6.8253044865741925
from_SLR,learned,43,68,132,0.5151515151515151,6.796437931387758
from_SLR,learned,43,69,132,0.5227272727272727,6.864299916256098
from_SLR,learned,43,70,132,0.5303030303030303,6.852973393081687
from_SLR,learned,43,71,132,0.5378787878787878,6.785599845981687
from_SLR,learned,43,72,132,0.5454545454545454,6.865631936846154
from_SLR,learned,43,73,132,0.553030303030303,6.880633955088633
from_SLR,learned,43,74,132,0.5606060606060606,6.871071879259884
from_SLR,learned,43,75,132,0.5681818181818182,6.8986250863795355
from_SLR,learned,43,76,132,0.5757575757575758,6.879912217880604
from_SLR,learned,43,77,132,0.5833333333333334,6.888418189182871
from_SLR,learned,43,78,132,0.5909090909090909,6.820005537462318
from_SLR,learned,43,79,132,0.5984848484848485,6.7857379346337465
from_SLR,learned,43,80,132,0.6060606060606061,6.780678052215256
from_SLR,learned,43,81,132,0.6136363636363636,6.736435951424345
from_SLR,learned,43,82,132,0.6212121212121212,6.760184469574317
from_SLR,learned,43,83,132,0.6287878787878788,6.8015528189528895
from_SLR,learned,43,84,132,0.6363636363636364,6.872167314111733
from_SLR,learned,43,85,132,0.6439393939393939,6.902852360280056
from_SLR,learned,43,86,132,0.6515151515151515,6.928159053585765
from_SLR,learned,43,87,132,0.6590909090909091,6.904622380146472
from_SLR,learned,43,88,132,0.6666666666666666,6.936551815166183
from_SLR,learned,43,89,132,0.6742424242424242,6.925578035432797
from_SLR,learned,43,90,132,0.6818181818181818,6.9053148400765245
from_SLR,learned,43,91,132,0.6893939393939394,6.952611693487762
from_SLR,learned,43,92,132,0.696969696969697,6.991029535679168
from_SLR,learned,43,93,132,0.7045454545454546,6.9689183509432
from_SLR,learned,43,94,132,0.7121212121212122,6.968860389401591
from_SLR,learned,43,95,132,0.7196969696969697,6.9602102636677
from_SLR,learned,43,96,132,0.7272727272727273,6.909490590990352
from_SLR,learned,43,97,132,0.7348484848484849,6.8810441492142855
from_SLR,learned,43,98,132,0.7424242424242424,6.920392681448546
from_SLR,learned,43,99,132,0.75,6.914265031248422
from_SLR,learned,43,100,132,0.7575757575757576,6.932777875254529
from_SLR,learned,43,101,132,0.7651515151515151,6.928077150346686
from_SLR,learned,43,102,132,0.7727272727272727,6.89643122310403
from_SLR,learned,43,103,132,0.7803030303030303,6.860231532973784
from_SLR,learned,43,104,132,0.7878787878787878,6.906229654322568
from_SLR,learned,43,105,132,0.7954545454545454,6.962099310959822
from_SLR,learned,43,106,132,0.803030303030303,6.931156115017829
from_SLR,learned,43,107,132,0.8106060606060606,6.959766471920256
from_SLR,learned,43,108,132,0.8181818181818182,6.9448582976865385
from_SLR,learned,43,109,132,0.8257575757575758,6.9777170770308
from_SLR,learned,43,110,132,0.8333333333333334,6.94123157925455
from_SLR,learned,43,111,132,0.8409090909090909,6.914585691479246
from_SLR,learned,43,112,132,0.8484848484848485,6.932761164865803
from_SLR,learned,43,113,132,0.8560606060606061,6.92050369722219
from_SLR,learned,43,114,132,0.8636363636363636,6.971568688881458
from_SLR,learned,43,115,132,0.8712121212121212,6.985727624339699
from_SLR,learned,43,116,132,0.8787878787878788,6.97396111924395
from_SLR,learned,43,117,132,0.8863636363636364,6.986823158896516
from_SLR,learned,43,118,132,0.8939393939393939,6.989004939044091
from_SLR,learned,43,119,132,0.9015151515151515,6.974465387224591
from_SLR,learned,43,120,132,0.9090909090909091,6.962172946027824
from_SLR,learned,43,121,132,0.9166666666666666,6.9624414968563535
from_SLR,learned,43,122,132,0.9242424242424242,6.96228274655508
from_SLR,learned,43,123,132,0.9318181818181818,6.937481846492441
from_SLR,learned,43,124,132,0.9393939393939394,6.907702378309286
from_SLR,learned,43,125,132,0.946969696969697,6.9103318883511164
from_SLR,learned,43,126,132,0.9545454545454546,6.884705309376874
from_SLR,learned,43,127,132,0.9621212121212122,6.853015604514532
from_SLR,learned,43,128,132,0.9696969696969697,6.821824697801969
from_SLR,learned,43,129,132,0.9772727272727273,6.821359965196705
from_SLR,learned,43,130,132,0.9848484848484849,6.811626507626477
from_SLR,learned,43,131,132,0.9924242424242424,6.811629749913995
from_SLR,learned,43,132,132,1.0,6.808771200637786
mixed,bias,17,1,264,0.003787878787878788,7.162846398278035
mixed,bias,17,2,264,0.007575757575757576,7.032878047684827
mixed,bias,17,3,264,0.011363636363636364,6.8536733763171
mixed,bias,17,4,264,0.015151515151515152,5.823927398573996
mixed,bias,17,5,264,0.01893939393939394,5.105578470721286
mixed,bias,17,6,264,0.022727272727272728,5.305754989595328
mixed,bias,17,7,264,0.026515151515151516,5.440224807391897
mixed,bias,17,8,264,0.030303030303030304,5.3737276158175105
mixed,bias,17,9,264,0.03409090909090909,5.326862743142395
mixed,bias,17,10,264,0.03787878787878788,5.244914983143918
mixed,bias,17,11,264,0.041666666666666664,5.330492667603153
mixed,bias,17,12,264,0.045454545454545456,5.398133668956859
mixed,bias,17,13,264,0.04924242424242424,5.2299434456277805
mixed,bias,17,14,264,0.05303030303030303,5.418435047417604
mixed,bias,17,15,264,0.056818181818181816,5.3719502470852944
mixed,bias,17,16,264,0.06060606060606061,5.101055927907271
mixed,bias,17,17,264,0.06439393939393939,5.022387922292638
mixed,bias,17,18,264,0.06818181818181818,4.8599912413278155
mixed,bias,17,19,264,0.07196969696969698,4.958611373657976
mixed,bias,17,20,264,0.07575757575757576,4.824659142373889
mixed,bias,17,21,264,0.07954545454545454,4.788218759147626
mixed,bias,17,22,264,0.08333333333333333,4.883451399786697
mixed,bias,17,23,264,0.08712121212121213,4.837071996228059
mixed,bias,17,24,264,0.09090909090909091,4.789393163138208
mixed,bias,17,25,264,0.0946969696969697,4.746421928022864
mixed,bias,17,26,264,0.09848484848484848,4.6744615201717306
mixed,bias,17,27,264,0.10227272727272728,4.666300717424801
mixed,bias,17,28,264,0.10606060606060606,4.6052698135341545
mixed,bias,17,29,264,0.10984848484848485,4.701087144393445
mixed,bias,17,30,264,0.11363636363636363,4.656335951626925
mixed,bias,17,31,264,0.11742424242424243,4.718183111086212
mixed,bias,17,32,264,0.12121212121212122,4.785838896862375
mixed,bias,17,33,264,0.125,4.704635921741305
mixed,bias,17,34,264,0.12878787878787878,4.765471991286965
mixed,bias,17,35,264,0.13257575757575757,4.779119721100277
mixed,bias,17,36,264,0.13636363636363635,4.81937460126046
mixed,bias,17,37,264,0.14015151515151514,4.791391160264235
mixed,bias,17,38,264,0.14393939393939395,4.7425684974010425
mixed,bias,17,39,264,0.14772727272727273,4.724011207655961
mixed,bias,17,40,264,0.15151515151515152,4.790755319525045
mixed,bias,17,41,264,0.1553030303030303,4.744282658279745
mixed,bias,17,42,264,0.1590909090909091,4.815546780135683
mixed,bias,17,43,264,0.16287878787878787,4.839683801166382
mixed,bias,17,44,264,0.16666666666666666,4.846377192335848
mixed,bias,17,45,264,0.17045454545454544,4.801193258670113
mixed,bias,17,46,264,0.17424242424242425,4.774263083052749
mixed,bias,17,47,264,0.17803030303030304,4.704594354983352
mixed,bias,17,48,264,0.18181818181818182,4.694508019600565
mixed,bias,17,49,264,0.1856060606060606,4.718505373158489
mixed,bias,17,50,264,0.1893939393939394,4.696432774228325
mixed,bias,17,51,264,0.19318181818181818,4.719728016637236
mixed,bias,17,52,264,0.19696969696969696,4.77779163927965
mixed,bias,17,53,264,0.20075757575757575,4.888268304469427
mixed,bias,17,54,264,0.20454545454545456,4.998991895867376
mixed,bias,17,55,264,0.20833333333333334,4.999248924622482
mixed,bias,17,56,264,0.21212121212121213,5.037047566049149
mixed,bias,17,57,264,0.2159090909090909,5.0626432569655
mixed,bias,17,58,264,0.2196969696969697,5.120697155552515
mixed,bias,17,59,264,0.22348484848484848,5.1528522586659635
mixed,bias,17,60,264,0.22727272727272727,5.172280873664612
mixed,bias,17,61,264,0.23106060606060605,5.136998239758938
mixed,bias,17,62,264,0.23484848484848486,5.109112876332082
mixed,bias,17,63,264,0.23863636363636365,5.066055983130223
mixed,bias,17,64,264,0.24242424242424243,5.04516529618111
mixed,bias,17,65,264,0.24621212121212122,5.0665232695036355
mixed,bias,17,66,264,0.25,5.035913266079516
mixed,bias,17,67,264,0.2537878787878788,5.019663363060852
mixed,bias,17,68,264,0.25757575757575757,4.971419590818362
mixed,bias,17,69,264,0.26136363636363635,4.964574851923646
mixed,bias,17,70,264,0.26515151515151514,4.969121940488577
mixed,bias,17,71,264,0.2689393939393939,4.951168046311722
mixed,bias,17,72,264,0.2727272727272727,4.957962601045266
mixed,bias,17,73,264,0.2765151515151515,4.949889883493195
mixed,bias,17,74,264,0.2803030303030303,4.943213938882779
mixed,bias,17,75,264,0.2840909090909091,5.033614167996606
mixed,bias,17,76,264,0.2878787878787879,5.040955822781013
mixed,bias,17,77,264,0.2916666666666667,5.032947631459477
mixed,bias,17,78,264,0.29545454545454547,5.01944234046237
mixed,bias,17,79,264,0.29924242424242425,5.018709522943534
mixed,bias,17,80,264,0.30303030303030304,5.01881879864561
mixed,bias,17,81,264,0.3068181818181818,5.0297582055358925
mixed,bias,17,82,264,0.3106060606060606,5.040791592741671
mixed,bias,17,83,264,0.3143939393939394,5.00768781786937
mixed,bias,17,84,264,0.3181818181818182,4.964491407073116
mixed,bias,17,85,264,0.32196969696969696,4.968240274343147
mixed,bias,17,86,264,0.32575757575757575,4.938866105300508
mixed,bias,17,87,264,0.32954545454545453,5.00136302969283
mixed,bias,17,88,264,0.3333333333333333,5.085191407907699
mixed,bias,17,89,264,0.3371212121212121,5.093034080563607
mixed,bias,17,90,264,0.3409090909090909,5.086328726161897
mixed,bias,17,91,264,0.3446969696969697,5.1528818883221925
mixed,bias,17,92,264,0.3484848484848485,5.141801335834647
mixed,bias,17,93,264,0.3522727272727273,5.211769892554005
mixed,bias,17,94,264,0.3560606060606061,5.198950122499992
mixed,bias,17,95,264,0.35984848484848486,5.17032759786433
mixed,bias,17,96,264,0.36363636363636365,5.152845864750077
mixed,bias,17,97,264,0.36742424242424243,5.141824202608422
mixed,bias,17,98,264,0.3712121212121212,5.1716356702069515
mixed,bias,17,99,264,0.375,5.161478729091131
mixed,bias,17,100,264,0.3787878787878788,5.143996548279797
mixed,bias,17,101,264,0.38257575757575757,5.1336194882137915
mixed,bias,17,102,264,0.38636363636363635,5.1467516282962515
mixed,bias,17,103,264,0.39015151515151514,5.165530352152364
mixed,bias,17,104,264,0.3939393939393939,5.176544595399561
mixed,bias,17,105,264,0.3977272727272727,5.180149418295064
mixed,bias,17,106,264,0.4015151515151515,5.201009213465704
mixed,bias,17,107,264,0.4053030303030303,5.201407461718353
mixed,bias,17,108,264,0.4090909090909091,5.230889934181464
mixed,bias,17,109,264,0.4128787878787879,5.2032749672049095
mixed,bias,17,110,264,0.4166666666666667,5.219838141435911
mixed,bias,17,111,264,0.42045454545454547,5.226921159099954
mixed,bias,17,112,264,0.42424242424242425,5.279208400994272
mixed,bias,17,113,264,0.42803030303030304,5.268361258201077
mixed,bias,17,114,264,0.4318181818181818,5.243022734158681
mixed,bias,17,115,264,0.4356060606060606,5.251404342273409
mixed,bias,17,116,264,0.4393939393939394,5.2611918198760295
mixed,bias,17,117,264,0.4431818181818182,5.238482318911082
mixed,bias,17,118,264,0.44696969696969696,5.21168594707979
mixed,bias,17,119,264,0.45075757575757575,5.19986192183134
mixed,bias,17,120,264,0.45454545454545453,5.210365778449412
mixed,bias,17,121,264,0.4583333333333333,5.209013736394266
mixed,bias,17,122,264,0.4621212121212121,5.205590342849979
mixed,bias,17,123,264,0.4659090909090909,5.182918176530406
mixed,bias,17,124,264,0.4696969696969697,5.156803063499096
mixed,bias,17,125,264,0.4734848484848485,5.130081646751508
mixed,bias,17,126,264,0.4772727272727273,5.1276573454078385
mixed,bias,17,127,264,0.4810606060606061,5.110326983813424
mixed,bias,17,128,264,0.48484848484848486,5.089432494720321
mixed,bias,17,129,264,0.48863636363636365,5.141301300299376
mixed,bias,17,130,264,0.49242424242424243,5.164161171968438
mixed,bias,17,131,264,0.4962121212121212,5.150219671993008
mixed,bias,17,132,264,0.5,5.1444371611115844
mixed,bias,17,133,264,0.5037878787878788,5.124527968786734
mixed,bias,17,134,264,0.5075757575757576,5.141506706511781
mixed,bias,17,135,264,0.5113636363636364,5.13928714283371
mixed,bias,17,136,264,0.5151515151515151,5.159732913349648
mixed,bias,17,137,264,0.5189393939393939,5.1714788903428675
mixed,bias,17,138,264,0.5227272727272727,5.164524462872961
mixed,bias,17,139,264,0.5265151515151515,5.167938761107415
mixed,bias,17,140,264,0.5303030303030303,5.1920059792317765
mixed,bias,17,141,264,0.5340909090909091,5.196325845724535
mixed,bias,17,142,264,0.5378787878787878,5.186534438035962
mixed,bias,17,143,264,0.5416666666666666,5.2042239905908865
mixed,bias,17,144,264,0.5454545454545454,5.194486328908596
mixed,bias,17,145,264,0.5492424242424242,5.182841513498169
mixed,bias,17,146,264,0.553030303030303,5.194570234327225
mixed,bias,17,147,264,0.5568181818181818,5.200378430036144
mixed,bias,17,148,264,0.5606060606060606,5.205061748798378
mixed,bias,17,149,264,0.5643939393939394,5.209365235962022
mixed,bias,17,150,264,0.5681818181818182,5.193065506535533
mixed,bias,17,151,264,0.571969696969697,5.182157925006807
mixed,bias,17,152,264,0.5757575757575758,5.186016491999594
mixed,bias,17,153,264,0.5795454545454546,5.185169163926332
mixed,bias,17,154,264,0.5833333333333334,5.204371242289046
mixed,bias,17,155,264,0.5871212121212122,5.213465149407678
mixed,bias,17,156,264,0.5909090909090909,5.232387973936224
mixed,bias,17,157,264,0.5946969696969697,5.230300207893736
mixed,bias,17,158,264,0.5984848484848485,5.218670606632867
mixed,bias,17,159,264,0.6022727272727273,5.212511424841982
mixed,bias,17,160,264,0.6060606060606061,5.225711195613236
mixed,bias,17,161,264,0.6098484848484849,5.2201824453919805
mixed,bias,17,162,264,0.6136363636363636,5.2228838035806096
mixed,bias,17,163,264,0.6174242424242424,5.23234662312655
mixed,bias,17,164,264,0.6212121212121212,5.238648134212365
mixed,bias,17,165,264,0.625,5.238377988250036
mixed,bias,17,166,264,0.6287878787878788,5.257221268638882
mixed,bias,17,167,264,0.6325757575757576,5.26499975170057
mixed,bias,17,168,264,0.6363636363636364,5.272016828517123
mixed,bias,17,169,264,0.6401515151515151,5.255640233407632
mixed,bias,17,170,264,0.6439393939393939,5.260685293803085
mixed,bias,17,171,264,0.6477272727272727,5.2483149633347645
mixed,bias,17,172,264,0.6515151515151515,5.241179485233032
mixed,bias,17,173,264,0.6553030303030303,5.241179335063526
mixed,bias,17,174,264,0.6590909090909091,5.242013035773303
mixed,bias,17,175,264,0.6628787878787878,5.234742452769196
mixed,bias,17,176,264,0.6666666666666666,5.274440310920808
mixed,bias,17,177,264,0.6704545454545454,5.2866179094937324
mixed,bias,17,178,264,0.6742424242424242,5.263595350973659
mixed,bias,17,179,264,0.678030303030303,5.267603948172178
mixed,bias,17,180,264,0.6818181818181818,5.2590332632963
mixed,bias,17,181,264,0.6856060606060606,5.239280326680071
mixed,bias,17,182,264,0.6893939393939394,5.265059057613372
mixed,bias,17,183,264,0.6931818181818182,5.259711993967794
mixed,bias,17,184,264,0.696969696969697,5.247694030954102
mixed,bias,17,185,264,0.7007575757575758,5.248262495037351
mixed,bias,17,186,264,0.7045454545454546,5.230848330855321
mixed,bias,17,187,264,0.7083333333333334,5.258557472205458
mixed,bias,17,188,264,0.7121212121212122,5.245106547379212
mixed,bias,17,189,264,0.7159090909090909,5.230518037823805
mixed,bias,17,190,264,0.7196969696969697,5.259493286412873
mixed,bias,17,191,264,0.7234848484848485,5.2570145038380725
mixed,bias,17,192,264,0.7272727272727273,5.26262664947722
mixed,bias,17,193,264,0.7310606060606061,5.263872571213225
mixed,bias,17,194,264,0.7348484848484849,5.258154706994195
mixed,bias,17,195,264,0.7386363636363636,5.269970772221603
mixed,bias,17,196,264,0.7424242424242424,5.264518516783951
mixed,bias,17,197,264,0.7462121212121212,5.3014665686366556
mixed,bias,17,198,264,0.75,5.287529424502982
mixed,bias,17,199,264,0.7537878787878788,5.290800184476124
mixed,bias,17,200,264,0.7575757575757576,5.283358002240701
mixed,bias,17,201,264,0.7613636363636364,5.297515313794781
mixed,bias,17,202,264,0.7651515151515151,5.280936549652893
mixed,bias,17,203,264,0.7689393939393939,5.267101499152913
mixed,bias,17,204,264,0.7727272727272727,5.2922299169931675
mixed,bias,17,205,264,0.7765151515151515,5.30014396286676
mixed,bias,17,206,264,0.7803030303030303,5.2995241404072155
mixed,bias,17,207,264,0.7840909090909091,5.29566170133768
mixed,bias,17,208,264,0.7878787878787878,5.296456776897086
mixed,bias,17,209,264,0.7916666666666666,5.280661910392074
mixed,bias,17,210,264,0.7954545454545454,5.294294738864482
mixed,bias,17,211,264,0.7992424242424242,5.288645769406073
mixed,bias,17,212,264,0.803030303030303,5.287070060918451
mixed,bias,17,213,264,0.8068181818181818,5.26883377241897
mixed,bias,17,214,264,0.8106060606060606,5.265604878710352
mixed,bias,17,215,264,0.8143939393939394,5.267219055775037
mixed,bias,17,216,264,0.8181818181818182,5.257271122628071
mixed,bias,17,217,264,0.821969696969697,5.244071858807755
mixed,bias,17,218,264,0.8257575757575758,5.22964528341895
mixed,bias,17,219,264,0.8295454545454546,5.211881174796288
mixed,bias,17,220,264,0.8333333333333334,5.220506833346113
mixed,bias,17,221,264,0.8371212121212122,5.222709228379342
mixed,bias,17,222,264,0.8409090909090909,5.234483013547217
mixed,bias,17,223,264,0.8446969696969697,5.241266427349776
mixed,bias,17,224,264,0.8484848484848485,5.230764078897715
mixed,bias,17,225,264,0.8522727272727273,5.216092411649608
mixed,bias,17,226,264,0.8560606060606061,5.219033034811591
mixed,bias,17,227,264,0.8598484848484849,5.213518738037987
mixed,bias,17,228,264,0.8636363636363636,5.208053077276488
mixed,bias,17,229,264,0.8674242424242424,5.240023923339002
mixed,bias,17,230,264,0.8712121212121212,5.22429876513233
mixed,bias,17,231,264,0.875,5.2234027718636495
mixed,bias,17,232,264,0.8787878787878788,5.232302571433673
mixed,bias,17,233,264,0.8825757575757576,5.219748384915579
mixed,bias,17,234,264,0.8863636363636364,5.224887497466063
mixed,bias,17,235,264,0.8901515151515151,5.215330345254386
mixed,bias,17,236,264,0.8939393939393939,5.2037919692447145
mixed,bias,17,237,264,0.8977272727272727,5.21275771260554
mixed,bias,17,238,264,0.9015151515151515,5.198848307528956
mixed,bias,17,239,264,0.9053030303030303,5.211144518047071
mixed,bias,17,240,264,0.9090909090909091,5.202933393489919
mixed,bias,17,241,264,0.9128787878787878,5.196495626309157
mixed,bias,17,242,264,0.9166666666666666,5.1993753650166035
mixed,bias,17,243,264,0.9204545454545454,5.182996020506523
mixed,bias,17,244,264,0.9242424242424242,5.172987335460668
mixed,bias,17,245,264,0.928030303030303,5.166509252153044
mixed,bias,17,246,264,0.9318181818181818,5.155661281494813
mixed,bias,17,247,264,0.9356060606060606,5.143480162630704
mixed,bias,17,248,264,0.9393939393939394,5.14038563032203
mixed,bias,17,249,264,0.9431818181818182,5.129915704277643
mixed,bias,17,250,264,0.946969696969697,5.119659763201362
mixed,bias,17,251,264,0.9507575757575758,5.11388482051224
mixed,bias,17,252,264,0.9545454545454546,5.129062925063834
mixed,bias,17,253,264,0.9583333333333334,5.118531383720065
mixed,bias,17,254,264,0.9621212121212122,5.104682381506353
mixed,bias,17,255,264,0.9659090909090909,5.09003852896549
mixed,bias,17,256,264,0.9696969696969697,5.082251854569986
mixed,bias,17,257,264,0.9734848484848485,5.0834911112381524
mixed,bias,17,258,264,0.9772727272727273,5.074427707706227
mixed,bias,17,259,264,0.9810606060606061,5.07923814341051
mixed,bias,17,260,264,0.9848484848484849,5.0674724213816305
mixed,bias,17,261,264,0.9886363636363636,5.072889782572594
mixed,bias,17,262,264,0.9924242424242424,5.071567852662
mixed,bias,17,263,264,0.9962121212121212,5.085659928284151
mixed,bias,17,264,264,1.0,5.073113279506747
mixed,bias,29,1,264,0.003787878787878788,9.852812275796703
mixed,bias,29,2,264,0.007575757575757576,8.716947226789726
mixed,bias,29,3,264,0.011363636363636364,7.242983828736829
mixed,bias,29,4,264,0.015151515151515152,8.278362555337065
mixed,bias,29,5,264,0.01893939393939394,8.431951554955916
mixed,bias,29,6,264,0.022727272727272728,8.316041446305602
mixed,bias,29,7,264,0.026515151515151516,8.228255417998417
mixed,bias,29,8,264,0.030303030303030304,7.342421284195633
mixed,bias,29,9,264,0.03409090909090909,7.32503624588405
mixed,bias,29,10,264,0.03787878787878788,6.92685505026413
mixed,bias,29,11,264,0.041666666666666664,7.235318703859847
mixed,bias,29,12,264,0.045454545454545456,7.140930467694202
mixed,bias,29,13,264,0.04924242424242424,6.979590834024014
mixed,bias,29,14,264,0.05303030303030303,7.177282697872821
mixed,bias,29,15,264,0.056818181818181816,6.997380618024639
mixed,bias,29,16,264,0.06060606060606061,6.915943520328794
mixed,bias,29,17,264,0.06439393939393939,6.698472522700692
mixed,bias,29,18,264,0.06818181818181818,6.749767221391881
mixed,bias,29,19,264,0.07196969696969698,6.620058659124956
mixed,bias,29,20,264,0.07575757575757576,6.71797937955476
mixed,bias,29,21,264,0.07954545454545454,6.685563464150218
mixed,bias,29,22,264,0.08333333333333333,6.772946514909671
mixed,bias,29,23,264,0.08712121212121213,6.521932754115118
mixed,bias,29,24,264,0.09090909090909091,6.513305204618092
mixed,bias,29,25,264,0.0946969696969697,6.388615402792352
mixed,bias,29,26,264,0.09848484848484848,6.541326956946297
mixed,bias,29,27,264,0.10227272727272728,6.486629405176142
mixed,bias,29,28,264,0.10606060606060606,6.559023475054836
mixed,bias,29,29,264,0.10984848484848485,6.512444032332607
mixed,bias,29,30,264,0.11363636363636363,6.449617432873313
mixed,bias,29,31,264,0.11742424242424243,6.302963617228013
mixed,bias,29,32,264,0.12121212121212122,6.2468328352793865
mixed,bias,29,33,264,0.125,6.1700703017404654
mixed,bias,29,34,264,0.12878787878787878,6.133413607325458
mixed,bias,29,35,264,0.13257575757575757,6.023041222603901
mixed,bias,29,36,264,0.13636363636363635,6.111511347340585
mixed,bias,29,37,264,0.14015151515151514,6.1306570455915
mixed,bias,29,38,264,0.14393939393939395,6.140837495026766
mixed,bias,29,39,264,0.14772727272727273,6.0546838027335355
mixed,bias,29,40,264,0.15151515151515152,6.025537452578463
mixed,bias,29,41,264,0.1553030303030303,6.083030495492207
mixed,bias,29,42,264,0.1590909090909091,6.20287375810458
mixed,bias,29,43,264,0.16287878787878787,6.0879855256939805
mixed,bias,29,44,264,0.16666666666666666,6.01302763929551
mixed,bias,29,45,264,0.17045454545454544,6.041661280323447
mixed,bias,29,46,264,0.17424242424242425,6.150834207158684
mixed,bias,29,47,264,0.17803030303030304,6.215111846703134
mixed,bias,29,48,264,0.18181818181818182,6.2144471671212
mixed,bias,29,49,264,0.1856060606060606,6.22409339987344
mixed,bias,29,50,264,0.1893939393939394,6.145998044435835
mixed,bias,29,51,264,0.19318181818181818,6.159302870239572
mixed,bias,29,52,264,0.19696969696969696,6.1454717132531576
mixed,bias,29,53,264,0.20075757575757575,6.137859213825518
mixed,bias,29,54,264,0.20454545454545456,6.092723911795566
mixed,bias,29,55,264,0.20833333333333334,6.087116174626179
mixed,bias,29,56,264,0.21212121212121213,6.085300126634643
mixed,bias,29,57,264,0.2159090909090909,6.009944752084314
mixed,bias,29,58,264,0.2196969696969697,5.962085793920062
mixed,bias,29,59,264,0.22348484848484848,5.954486746301349
mixed,bias,29,60,264,0.22727272727272727,5.968570019058512
mixed,bias,29,61,264,0.23106060606060605,5.979463784373379
mixed,bias,29,62,264,0.23484848484848486,5.922516296529136
mixed,bias,29,63,264,0.23863636363636365,5.951313022520998
mixed,bias,29,64,264,0.24242424242424243,6.015655660630262
mixed,bias,29,65,264,0.24621212121212122,6.04792603117798
mixed,bias,29,66,264,0.25,6.121210524905152
mixed,bias,29,67,264,0.2537878787878788,6.090071151823339
mixed,bias,29,68,264,0.25757575757575757,6.095071252740868
mixed,bias,29,69,264,0.26136363636363635,6.07534293802959
mixed,bias,29,70,264,0.26515151515151514,6.068862137353928
mixed,bias,29,71,264,0.2689393939393939,6.078178853912405
mixed,bias,29,72,264,0.2727272727272727,6.057160339797152
mixed,bias,29,73,264,0.2765151515151515,6.004737645703999
mixed,bias,29,74,264,0.2803030303030303,5.9840439023933625
mixed,bias,29,75,264,0.2840909090909091,5.989121191504825
mixed,bias,29,76,264,0.2878787878787879,5.985774724534318
mixed,bias,29,77,264,0.2916666666666667,6.023207622116783
mixed,bias,29,78,264,0.29545454545454547,6.033817866841797
mixed,bias,29,79,264,0.29924242424242425,6.000565184068068
mixed,bias,29,80,264,0.30303030303030304,5.954014247491755
mixed,bias,29,81,264,0.3068181818181818,5.93852142168418
mixed,bias,29,82,264,0.3106060606060606,5.986735086124997
mixed,bias,29,83,264,0.3143939393939394,5.978441088663516
mixed,bias,29,84,264,0.3181818181818182,6.030607006721813
mixed,bias,29,85,264,0.32196969696969696,6.014849423509572
mixed,bias,29,86,264,0.32575757575757575,5.996229266673686
mixed,bias,29,87,264,0.32954545454545453,5.983481270387268
mixed,bias,29,88,264,0.3333333333333333,6.021405693588303
mixed,bias,29,89,264,0.3371212121212121,6.023402140054662
mixed,bias,29,90,264,0.3409090909090909,6.025068625049049
mixed,bias,29,91,264,0.3446969696969697,6.035816812067679
mixed,bias,29,92,264,0.3484848484848485,6.03723056266121
mixed,bias,29,93,264,0.3522727272727273,6.012861844287809
mixed,bias,29,94,264,0.3560606060606061,6.0996397651365175
mixed,bias,29,95,264,0.35984848484848486,6.12974557694707
mixed,bias,29,96,264,0.36363636363636365,6.129397114393019
mixed,bias,29,97,264,0.36742424242424243,6.106757941316717
mixed,bias,29,98,264,0.3712121212121212,6.072335230142811
mixed,bias,29,99,264,0.375,6.093050803442743
mixed,bias,29,100,264,0.3787878787878788,6.052489554911839
mixed,bias,29,101,264,0.38257575757575757,6.060580307690836
mixed,bias,29,102,264,0.38636363636363635,6.038268250392742
mixed,bias,29,103,264,0.39015151515151514,6.052831507275904
mixed,bias,29,104,264,0.3939393939393939,6.115298215784407
mixed,bias,29,105,264,0.3977272727272727,6.075987430701799
mixed,bias,29,106,264,0.4015151515151515,6.081510624960401
mixed,bias,29,107,264,0.4053030303030303,6.081469528918803
mixed,bias,29,108,264,0.4090909090909091,6.063773277214314
mixed,bias,29,109,264,0.4128787878787879,6.067751686814896
mixed,bias,29,110,264,0.4166666666666667,6.095826401466758
mixed,bias,29,111,264,0.42045454545454547,6.08786315626267
mixed,bias,29,112,264,0.42424242424242425,6.106765475087164
mixed,bias,29,113,264,0.42803030303030304,6.086342276074882
mixed,bias,29,114,264,0.4318181818181818,6.093856998454556
mixed,bias,29,115,264,0.4356060606060606,6.0608943816120595
mixed,bias,29,116,264,0.4393939393939394,6.055780112803827
mixed,bias,29,117,264,0.4431818181818182,6.059420969020183
mixed,bias,29,118,264,0.44696969696969696,6.053773211344655
mixed,bias,29,119,264,0.45075757575757575,6.093195028375943
mixed,bias,29,120,264,0.45454545454545453,6.081525087845751
mixed,bias,29,121,264,0.4583333333333333,6.095797785569734
mixed,bias,29,122,264,0.4621212121212121,6.090534793791264
mixed,bias,29,123,264,0.4659090909090909,6.105456718406862
mixed,bias,29,124,264,0.4696969696969697,6.081122998998422
mixed,bias,29,125,264,0.4734848484848485,6.073320896595856
mixed,bias,29,126,264,0.4772727272727273,6.07271488962608
mixed,bias,29,127,264,0.4810606060606061,6.080590446937546
mixed,bias,29,128,264,0.48484848484848486,6.061660736404818
mixed,bias,29,129,264,0.48863636363636365,6.072280914334361
mixed,bias,29,130,264,0.49242424242424243,6.058846728138985
mixed,bias,29,131,264,0.4962121212121212,6.0849424616904075
mixed,bias,29,132,264,0.5,6.074987816662273
mixed,bias,29,133,264,0.5037878787878788,6.07122984205698
mixed,bias,29,134,264,0.5075757575757576,6.091278301057443
mixed,bias,29,135,264,0.5113636363636364,6.084470332255094
mixed,bias,29,136,264,0.5151515151515151,6.054246853848968
mixed,bias,29,137,264,0.5189393939393939,6.0312805620316325
mixed,bias,29,138,264,0.5227272727272727,6.01657190114672
mixed,bias,29,139,264,0.5265151515151515,6.00939199795907
mixed,bias,29,140,264,0.5303030303030303,5.997482146694863
mixed,bias,29,141,264,0.5340909090909091,6.022314676149585
mixed,bias,29,142,264,0.5378787878787878,6.042180344779706
mixed,bias,29,143,264,0.5416666666666666,6.050985292277353
mixed,bias,29,144,264,0.5454545454545454,6.047595817853483
mixed,bias,29,145,264,0.5492424242424242,6.038982627487796
mixed,bias,29,146,264,0.553030303030303,6.050171897671322
mixed,bias,29,147,264,0.5568181818181818,6.075916629337336
mixed,bias,29,148,264,0.5606060606060606,6.054931711023317
mixed,bias,29,149,264,0.5643939393939394,6.058365172984224
mixed,bias,29,150,264,0.5681818181818182,6.097900200494535
mixed,bias,29,151,264,0.571969696969697,6.115101796818125
mixed,bias,29,152,264,0.5757575757575758,6.109452766275701
mixed,bias,29,153,264,0.5795454545454546,6.085925391559795
mixed,bias,29,154,264,0.5833333333333334,6.103424659618914
mixed,bias,29,155,264,0.5871212121212122,6.118642767247855
mixed,bias,29,156,264,0.5909090909090909,6.0886476187887135
mixed,bias,29,157,264,0.5946969696969697,6.079804553961669
mixed,bias,29,158,264,0.5984848484848485,6.119647012078796
mixed,bias,29,159,264,0.6022727272727273,6.116595887438137
mixed,bias,29,160,264,0.6060606060606061,6.159914361602356
mixed,bias,29,161,264,0.6098484848484849,6.153278784559417
mixed,bias,29,162,264,0.6136363636363636,6.181453608717222
mixed,bias,29,163,264,0.6174242424242424,6.202799708964268
mixed,bias,29,164,264,0.6212121212121212,6.204331866197417
mixed,bias,29,165,264,0.625,6.177298065359776
mixed,bias,29,166,264,0.6287878787878788,6.195596028853741
mixed,bias,29,167,264,0.6325757575757576,6.1934970977821
mixed,bias,29,168,264,0.6363636363636364,6.175007993280799
mixed,bias,29,169,264,0.6401515151515151,6.184071372570242
mixed,bias,29,170,264,0.6439393939393939,6.193712780456005
mixed,bias,29,171,264,0.6477272727272727,6.171770393592902
mixed,bias,29,172,264,0.6515151515151515,6.149913644992669
mixed,bias,29,173,264,0.6553030303030303,6.156289270585565
mixed,bias,29,174,264,0.6590909090909091,6.162942619770858
mixed,bias,29,175,264,0.6628787878787878,6.168945747795494
mixed,bias,29,176,264,0.6666666666666666,6.156144476766108
mixed,bias,29,177,264,0.6704545454545454,6.145473549666002
mixed,bias,29,178,264,0.6742424242424242,6.129009930321763
mixed,bias,29,179,264,0.678030303030303,6.125361872428528
mixed,bias,29,180,264,0.6818181818181818,6.139883036526029
mixed,bias,29,181,264,0.6856060606060606,6.139721500894891
mixed,bias,29,182,264,0.6893939393939394,6.128972608392771
mixed,bias,29,183,264,0.6931818181818182,6.151067263614292
mixed,bias,29,184,264,0.696969696969697,6.137233803263051
mixed,bias,29,185,264,0.7007575757575758,6.123461047658619
mixed,bias,29,186,264,0.7045454545454546,6.111113880708205
mixed,bias,29,187,264,0.7083333333333334,6.1240724995147255
mixed,bias,29,188,264,0.7121212121212122,6.112197353316046
mixed,bias,29,189,264,0.7159090909090909,6.108164968611731
mixed,bias,29,190,264,0.7196969696969697,6.102599995299969
mixed,bias,29,191,264,0.7234848484848485,6.115020705516949
mixed,bias,29,192,264,0.7272727272727273,6.11024520800645
mixed,bias,29,193,264,0.7310606060606061,6.141590376453735
mixed,bias,29,194,264,0.7348484848484849,6.121398946487661
mixed,bias,29,195,264,0.7386363636363636,6.131375811769014
mixed,bias,29,196,264,0.7424242424242424,6.1383558313662485
mixed,bias,29,197,264,0.7462121212121212,6.1508561108833035
mixed,bias,29,198,264,0.75,6.136306747270009
mixed,bias,29,199,264,0.7537878787878788,6.158787647184123
mixed,bias,29,200,264,0.7575757575757576,6.142651682392152
mixed,bias,29,201,264,0.7613636363636364,6.147386446612312
mixed,bias,29,202,264,0.7651515151515151,6.144020617530524
mixed,bias,29,203,264,0.7689393939393939,6.141728610485671
mixed,bias,29,204,264,0.7727272727272727,6.133353810342971
mixed,bias,29,205,264,0.7765151515151515,6.125007343028482
mixed,bias,29,206,264,0.7803030303030303,6.113675239464037
mixed,bias,29,207,264,0.7840909090909091,6.099492414458837
mixed,bias,29,208,264,0.7878787878787878,6.098175102431241
mixed,bias,29,209,264,0.7916666666666666,6.106350321858608
mixed,bias,29,210,264,0.7954545454545454,6.084862342200992
mixed,bias,29,211,264,0.7992424242424242,6.082866529644735
mixed,bias,29,212,264,0.803030303030303,6.100730091837193
mixed,bias,29,213,264,0.8068181818181818,6.095814051949977
mixed,bias,29,214,264,0.8106060606060606,6.088983093975843
mixed,bias,29,215,264,0.8143939393939394,6.0893945067492385
mixed,bias,29,216,264,0.8181818181818182,6.071478432105202
mixed,bias,29,217,264,0.821969696969697,6.079518045599454
mixed,bias,29,218,264,0.8257575757575758,6.063920271712726
mixed,bias,29,219,264,0.8295454545454546,6.067915045027066
mixed,bias,29,220,264,0.8333333333333334,6.053755843015208
mixed,bias,29,221,264,0.8371212121212122,6.0610412508507086
mixed,bias,29,222,264,0.8409090909090909,6.047728067358452
mixed,bias,29,223,264,0.8446969696969697,6.030951808847588
mixed,bias,29,224,264,0.8484848484848485,6.017732257504618
mixed,bias,29,225,264,0.8522727272727273,5.996071480472523
mixed,bias,29,226,264,0.8560606060606061,5.983932606793817
mixed,bias,29,227,264,0.8598484848484849,5.974184181612891
mixed,bias,29,228,264,0.8636363636363636,5.981350686681315
mixed,bias,29,229,264,0.8674242424242424,5.971704757086514
mixed,bias,29,230,264,0.8712121212121212,5.958419795956472
mixed,bias,29,231,264,0.875,5.937871560291445
mixed,bias,29,232,264,0.8787878787878788,5.930134283945057
mixed,bias,29,233,264,0.8825757575757576,5.917531926348166
mixed,bias,29,234,264,0.8863636363636364,5.92784456252862
mixed,bias,29,235,264,0.8901515151515151,5.940769939922425
mixed,bias,29,236,264,0.8939393939393939,5.939879774361429
mixed,bias,29,237,264,0.8977272727272727,5.94871524596735
mixed,bias,29,238,264,0.9015151515151515,5.959093017804726
mixed,bias,29,239,264,0.9053030303030303,5.965845188649359
mixed,bias,29,240,264,0.9090909090909091,5.963728652336081
mixed,bias,29,241,264,0.9128787878787878,5.947822691652296
mixed,bias,29,242,264,0.9166666666666666,5.959627132225255
mixed,bias,29,243,264,0.9204545454545454,5.962646346989906
mixed,bias,29,244,264,0.9242424242424242,5.9468310152660635
mixed,bias,29,245,264,0.928030303030303,5.939880709016609
mixed,bias,29,246,264,0.9318181818181818,5.9232441119352695
mixed,bias,29,247,264,0.9356060606060606,5.911825753016714
mixed,bias,29,248,264,0.9393939393939394,5.895813917490764
mixed,bias,29,249,264,0.9431818181818182,5.884788833576361
mixed,bias,29,250,264,0.946969696969697,5.868317613763198
mixed,bias,29,251,264,0.9507575757575758,5.8769946520063625
mixed,bias,29,252,264,0.9545454545454546,5.883364958052649
mixed,bias,29,253,264,0.9583333333333334,5.886514768285532
mixed,bias,29,254,264,0.9621212121212122,5.8707931918524725
mixed,bias,29,255,264,0.9659090909090909,5.854423168282545
mixed,bias,29,256,264,0.9696969696969697,5.840003653820344
mixed,bias,29,257,264,0.9734848484848485,5.826067493374642
mixed,bias,29,258,264,0.9772727272727273,5.81430178304047
mixed,bias,29,259,264,0.9810606060606061,5.802384730520744
mixed,bias,29,260,264,0.9848484848484849,5.792510849185285
mixed,bias,29,261,264,0.9886363636363636,5.7876713209127875
mixed,bias,29,262,264,0.9924242424242424,5.785299747542126
mixed,bias,29,263,264,0.9962121212121212,5.776416041160498
mixed,bias,29,264,264,1.0,5.77386435918038
mixed,bias,43,1,264,0.003787878787878788,2.1144426079757634
mixed,bias,43,2,264,0.007575757575757576,4.7066835558140365
mixed,bias,43,3,264,0.011363636363636364,6.649331669259177
mixed,bias,43,4,264,0.015151515151515152,6.87989651676143
mixed,bias,43,5,264,0.01893939393939394,7.052307406356412
mixed,bias,43,6,264,0.022727272727272728,6.93914091061989
mixed,bias,43,7,264,0.026515151515151516,6.874281153291087
mixed,bias,43,8,264,0.030303030303030304,6.5589858128573715
mixed,bias,43,9,264,0.03409090909090909,6.229117572103364
mixed,bias,43,10,264,0.03787878787878788,6.372173015106175
mixed,bias,43,11,264,0.041666666666666664,6.216470237842558
mixed,bias,43,12,264,0.045454545454545456,6.091860907081519
mixed,bias,43,13,264,0.04924242424242424,6.173775355926606
mixed,bias,43,14,264,0.05303030303030303,6.283188669241839
mixed,bias,43,15,264,0.056818181818181816,6.345795495233022
mixed,bias,43,16,264,0.06060606060606061,6.357579419635863
mixed,bias,43,17,264,0.06439393939393939,6.300176752784549
mixed,bias,43,18,264,0.06818181818181818,6.0721028754876265
mixed,bias,43,19,264,0.07196969696969698,6.369101827828946
mixed,bias,43,20,264,0.07575757575757576,6.353030681307875
mixed,bias,43,21,264,0.07954545454545454,6.470893515155532
mixed,bias,43,22,264,0.08333333333333333,6.423041428789879
mixed,bias,43,23,264,0.08712121212121213,6.382180892924793
mixed,bias,43,24,264,0.09090909090909091,6.189421796310273
mixed,bias,43,25,264,0.0946969696969697,6.05869743470947
mixed,bias,43,26,264,0.09848484848484848,6.1832225088217125
mixed,bias,43,27,264,0.10227272727272728,6.043046502428012
mixed,bias,43,28,264,0.10606060606060606,6.034971370297212
mixed,bias,43,29,264,0.10984848484848485,6.229028204370673
mixed,bias,43,30,264,0.11363636363636363,6.190127434378963
mixed,bias,43,31,264,0.11742424242424243,6.085246790876498
mixed,bias,43,32,264,0.12121212121212122,6.04677806399928
mixed,bias,43,33,264,0.125,6.056032490277381
mixed,bias,43,34,264,0.12878787878787878,6.0557407425127625
mixed,bias,43,35,264,0.13257575757575757,6.025787147183403
mixed,bias,43,36,264,0.13636363636363635,6.135493324037972
mixed,bias,43,37,264,0.14015151515151514,6.146662842121796
mixed,bias,43,38,264,0.14393939393939395,6.169728633748836
mixed,bias,43,39,264,0.14772727272727273,6.235468156273703
mixed,bias,43,40,264,0.15151515151515152,6.2572200170949
mixed,bias,43,41,264,0.1553030303030303,6.344473837547635
mixed,bias,43,42,264,0.1590909090909091,6.334420319772225
mixed,bias,43,43,264,0.16287878787878787,6.355681810880101
mixed,bias,43,44,264,0.16666666666666666,6.344221706902778
mixed,bias,43,45,264,0.17045454545454544,6.326876799072502
mixed,bias,43,46,264,0.17424242424242425,6.379917050690296
mixed,bias,43,47,264,0.17803030303030304,6.373582484258446
mixed,bias,43,48,264,0.18181818181818182,6.318517653250464
mixed,bias,43,49,264,0.1856060606060606,6.3170767135518044
mixed,bias,43,50,264,0.1893939393939394,6.303247380859066
mixed,bias,43,51,264,0.19318181818181818,6.366365738890134
mixed,bias,43,52,264,0.19696969696969696,6.372146229435964
mixed,bias,43,53,264,0.20075757575757575,6.3330638023878345
mixed,bias,43,54,264,0.20454545454545456,6.42492469795137
mixed,bias,43,55,264,0.20833333333333334,6.341342636960144
mixed,bias,43,56,264,0.21212121212121213,6.503941983172617
mixed,bias,43,57,264,0.2159090909090909,6.489497640361227
mixed,bias,43,58,264,0.2196969696969697,6.45102819774131
mixed,bias,43,59,264,0.22348484848484848,6.379490333088023
mixed,bias,43,60,264,0.22727272727272727,6.319423146439935
mixed,bias,43,61,264,0.23106060606060605,6.361062126756052
mixed,bias,43,62,264,0.23484848484848486,6.293627889201528
mixed,bias,43,63,264,0.23863636363636365,6.241827219903322
mixed,bias,43,64,264,0.24242424242424243,6.259222506324252
mixed,bias,43,65,264,0.24621212121212122,6.391056646710729
mixed,bias,43,66,264,0.25,6.398450963684705
mixed,bias,43,67,264,0.2537878787878788,6.34199824283849
mixed,bias,43,68,264,0.25757575757575757,6.370162513711443
mixed,bias,43,69,264,0.26136363636363635,6.359650270646767
mixed,bias,43,70,264,0.26515151515151514,6.323841307863741
mixed,bias,43,71,264,0.2689393939393939,6.346804490641988
mixed,bias,43,72,264,0.2727272727272727,6.441619509744072
mixed,bias,43,73,264,0.2765151515151515,6.427400727127892
mixed,bias,43,74,264,0.2803030303030303,6.446842753972305
mixed,bias,43,75,264,0.2840909090909091,6.476832813074626
mixed,bias,43,76,264,0.2878787878787879,6.46260901745006
mixed,bias,43,77,264,0.2916666666666667,6.455751039034292
mixed,bias,43,78,264,0.29545454545454547,6.464543308497589
mixed,bias,43,79,264,0.29924242424242425,6.407755883367717
mixed,bias,43,80,264,0.30303030303030304,6.458143424832949
mixed,bias,43,81,264,0.3068181818181818,6.429696943358246
mixed,bias,43,82,264,0.3106060606060606,6.4179380389599645
mixed,bias,43,83,264,0.3143939393939394,6.427669795426934
mixed,bias,43,84,264,0.3181818181818182,6.407040057638814
mixed,bias,43,85,264,0.32196969696969696,6.434925523254694
mixed,bias,43,86,264,0.32575757575757575,6.460958457029116
mixed,bias,43,87,264,0.32954545454545453,6.435612914523903
mixed,bias,43,88,264,0.3333333333333333,6.391109352007252
mixed,bias,43,89,264,0.3371212121212121,6.420590552550896
mixed,bias,43,90,264,0.3409090909090909,6.3886163992116005
mixed,bias,43,91,264,0.3446969696969697,6.368259465583895
mixed,bias,43,92,264,0.3484848484848485,6.427376685420162
mixed,bias,43,93,264,0.3522727272727273,6.409557282103037
mixed,bias,43,94,264,0.3560606060606061,6.381873101123889
mixed,bias,43,95,264,0.35984848484848486,6.376114328533941
mixed,bias,43,96,264,0.36363636363636365,6.336443383425391
mixed,bias,43,97,264,0.36742424242424243,6.342770035602835
mixed,bias,43,98,264,0.3712121212121212,6.381682463651041
mixed,bias,43,99,264,0.375,6.417299140935414
mixed,bias,43,100,264,0.3787878787878788,6.442828507151978
mixed,bias,43,101,264,0.38257575757575757,6.400484763850824
mixed,bias,43,102,264,0.38636363636363635,6.423388275792087
mixed,bias,43,103,264,0.39015151515151514,6.456812679357982
mixed,bias,43,104,264,0.3939393939393939,6.448346186984408
mixed,bias,43,105,264,0.3977272727272727,6.4585938908744
mixed,bias,43,106,264,0.4015151515151515,6.421907694899341
mixed,bias,43,107,264,0.4053030303030303,6.403015986188318
mixed,bias,43,108,264,0.4090909090909091,6.362604027774933
mixed,bias,43,109,264,0.4128787878787879,6.33631350755342
mixed,bias,43,110,264,0.4166666666666667,6.381035340741061
mixed,bias,43,111,264,0.42045454545454547,6.38572177253189
mixed,bias,43,112,264,0.42424242424242425,6.352166950665056
mixed,bias,43,113,264,0.42803030303030304,6.320871312116866
mixed,bias,43,114,264,0.4318181818181818,6.273916892921178
mixed,bias,43,115,264,0.4356060606060606,6.263765055192782
mixed,bias,43,116,264,0.4393939393939394,6.283867811369992
mixed,bias,43,117,264,0.4431818181818182,6.269546278987102
mixed,bias,43,118,264,0.44696969696969696,6.249318192723195
mixed,bias,43,119,264,0.45075757575757575,6.2733502763846865
mixed,bias,43,120,264,0.45454545454545453,6.2467889677575785
mixed,bias,43,121,264,0.4583333333333333,6.212061509825088
mixed,bias,43,122,264,0.4621212121212121,6.207655148801249
mixed,bias,43,123,264,0.4659090909090909,6.213393733107566
mixed,bias,43,124,264,0.4696969696969697,6.259151440121735
mixed,bias,43,125,264,0.4734848484848485,6.245732296988968
mixed,bias,43,126,264,0.4772727272727273,6.247674366275809
mixed,bias,43,127,264,0.4810606060606061,6.229460723185255
mixed,bias,43,128,264,0.48484848484848486,6.214574321920114
mixed,bias,43,129,264,0.48863636363636365,6.197583176368264
mixed,bias,43,130,264,0.49242424242424243,6.165255705129748
mixed,bias,43,131,264,0.4962121212121212,6.156767765236801
mixed,bias,43,132,264,0.5,6.167194190990204
mixed,bias,43,133,264,0.5037878787878788,6.160633199941028
mixed,bias,43,134,264,0.5075757575757576,6.146408078556764
mixed,bias,43,135,264,0.5113636363636364,6.106057929871833
mixed,bias,43,136,264,0.5151515151515151,6.14517286950525
mixed,bias,43,137,264,0.5189393939393939,6.106058351323008
mixed,bias,43,138,264,0.5227272727272727,6.111600438523233
mixed,bias,43,139,264,0.5265151515151515,6.105100359472745
mixed,bias,43,140,264,0.5303030303030303,6.1037837041412155
mixed,bias,43,141,264,0.5340909090909091,6.140454795648369
mixed,bias,43,142,264,0.5378787878787878,6.147449513762753
mixed,bias,43,143,264,0.5416666666666666,6.124353427198679
mixed,bias,43,144,264,0.5454545454545454,6.106927901667743
mixed,bias,43,145,264,0.5492424242424242,6.117218208684733
mixed,bias,43,146,264,0.553030303030303,6.097564753561632
mixed,bias,43,147,264,0.5568181818181818,6.106693635871415
mixed,bias,43,148,264,0.5606060606060606,6.122530202434509
mixed,bias,43,149,264,0.5643939393939394,6.129240002843148
mixed,bias,43,150,264,0.5681818181818182,6.1631550464441744
mixed,bias,43,151,264,0.571969696969697,6.188650239529069
mixed,bias,43,152,264,0.5757575757575758,6.152620659033719
mixed,bias,43,153,264,0.5795454545454546,6.1675554417455025
mixed,bias,43,154,264,0.5833333333333334,6.15807391283917
mixed,bias,43,155,264,0.5871212121212122,6.164159423871266
mixed,bias,43,156,264,0.5909090909090909,6.168992660693182
mixed,bias,43,157,264,0.5946969696969697,6.186107168911796
mixed,bias,43,158,264,0.5984848484848485,6.200747868348482
mixed,bias,43,159,264,0.6022727272727273,6.190348962862376
mixed,bias,43,160,264,0.6060606060606061,6.169485251879644
mixed,bias,43,161,264,0.6098484848484849,6.153911658603705
mixed,bias,43,162,264,0.6136363636363636,6.1461341093362805
mixed,bias,43,163,264,0.6174242424242424,6.128697825055921
mixed,bias,43,164,264,0.6212121212121212,6.132344927048446
mixed,bias,43,165,264,0.625,6.148092033745985
mixed,bias,43,166,264,0.6287878787878788,6.124004365189797
mixed,bias,43,167,264,0.6325757575757576,6.108183663000636
mixed,bias,43,168,264,0.6363636363636364,6.132837244680083
mixed,bias,43,169,264,0.6401515151515151,6.1329846339871015
mixed,bias,43,170,264,0.6439393939393939,6.123949679590744
mixed,bias,43,171,264,0.6477272727272727,6.110150541124693
mixed,bias,43,172,264,0.6515151515151515,6.163374693896901
mixed,bias,43,173,264,0.6553030303030303,6.157839062260247
mixed,bias,43,174,264,0.6590909090909091,6.147943421505236
mixed,bias,43,175,264,0.6628787878787878,6.146242402089131
mixed,bias,43,176,264,0.6666666666666666,6.1279813685788636
mixed,bias,43,177,264,0.6704545454545454,6.129744947636294
mixed,bias,43,178,264,0.6742424242424242,6.126199843904278
mixed,bias,43,179,264,0.678030303030303,6.109661686520484
mixed,bias,43,180,264,0.6818181818181818,6.09349021003693
mixed,bias,43,181,264,0.6856060606060606,6.121584439024399
mixed,bias,43,182,264,0.6893939393939394,6.104527823001591
mixed,bias,43,183,264,0.6931818181818182,6.0955032438404
mixed,bias,43,184,264,0.696969696969697,6.103297067175409
mixed,bias,43,185,264,0.7007575757575758,6.136908308691271
mixed,bias,43,186,264,0.7045454545454546,6.113593816006379
mixed,bias,43,187,264,0.7083333333333334,6.1218204610514
mixed,bias,43,188,264,0.7121212121212122,6.095634772901492
mixed,bias,43,189,264,0.7159090909090909,6.075488560069411
mixed,bias,43,190,264,0.7196969696969697,6.0953125440704
mixed,bias,43,191,264,0.7234848484848485,6.071155478397098
mixed,bias,43,192,264,0.7272727272727273,6.075788415854732
mixed,bias,43,193,264,0.7310606060606061,6.068519061991991
mixed,bias,43,194,264,0.7348484848484849,6.063999286880497
mixed,bias,43,195,264,0.7386363636363636,6.0936076007092455
mixed,bias,43,196,264,0.7424242424242424,6.088896918125589
mixed,bias,43,197,264,0.7462121212121212,6.067915453012762
mixed,bias,43,198,264,0.75,6.066650531069921
mixed,bias,43,199,264,0.7537878787878788,6.068004006627017
mixed,bias,43,200,264,0.7575757575757576,6.043607650824899
mixed,bias,43,201,264,0.7613636363636364,6.023922897205864
mixed,bias,43,202,264,0.7651515151515151,6.023561266440579
mixed,bias,43,203,264,0.7689393939393939,6.015314009905293
mixed,bias,43,204,264,0.7727272727272727,6.032807165132956
mixed,bias,43,205,264,0.7765151515151515,6.047422682055422
mixed,bias,43,206,264,0.7803030303030303,6.055198260320579
mixed,bias,43,207,264,0.7840909090909091,6.063623515256834
mixed,bias,43,208,264,0.7878787878787878,6.059176794313403
mixed,bias,43,209,264,0.7916666666666666,6.055334479795743
mixed,bias,43,210,264,0.7954545454545454,6.041293714464334
mixed,bias,43,211,264,0.7992424242424242,6.02362029742296
mixed,bias,43,212,264,0.803030303030303,6.012545642648211
mixed,bias,43,213,264,0.8068181818181818,6.005534950120053
mixed,bias,43,214,264,0.8106060606060606,5.982698622475526
mixed,bias,43,215,264,0.8143939393939394,5.967194189960997
mixed,bias,43,216,264,0.8181818181818182,5.962397641254897
mixed,bias,43,217,264,0.821969696969697,5.9642916829014565
mixed,bias,43,218,264,0.8257575757575758,5.965355751622735
mixed,bias,43,219,264,0.8295454545454546,5.948295637326008
mixed,bias,43,220,264,0.8333333333333334,5.934252896070839
mixed,bias,43,221,264,0.8371212121212122,5.939740072742277
mixed,bias,43,222,264,0.8409090909090909,5.937086731885991
mixed,bias,43,223,264,0.8446969696969697,5.9291950163007066
mixed,bias,43,224,264,0.8484848484848485,5.915765678005092
mixed,bias,43,225,264,0.8522727272727273,5.904240712703889
mixed,bias,43,226,264,0.8560606060606061,5.889069444610826
mixed,bias,43,227,264,0.8598484848484849,5.874850369702697
mixed,bias,43,228,264,0.8636363636363636,5.8883757346060674
mixed,bias,43,229,264,0.8674242424242424,5.900051739672502
mixed,bias,43,230,264,0.8712121212121212,5.8888691044184895
mixed,bias,43,231,264,0.875,5.880486768121761
mixed,bias,43,232,264,0.8787878787878788,5.8602957030742
mixed,bias,43,233,264,0.8825757575757576,5.863085235683526
mixed,bias,43,234,264,0.8863636363636364,5.850173948965143
mixed,bias,43,235,264,0.8901515151515151,5.836566531697567
mixed,bias,43,236,264,0.8939393939393939,5.818812198231444
mixed,bias,43,237,264,0.8977272727272727,5.81755595075415
mixed,bias,43,238,264,0.9015151515151515,5.817868946074076
mixed,bias,43,239,264,0.9053030303030303,5.804185288191459
mixed,bias,43,240,264,0.9090909090909091,5.806657116497108
mixed,bias,43,241,264,0.9128787878787878,5.820546230103965
mixed,bias,43,242,264,0.9166666666666666,5.831116190295095
mixed,bias,43,243,264,0.9204545454545454,5.8209235496757366
mixed,bias,43,244,264,0.9242424242424242,5.812511973347577
mixed,bias,43,245,264,0.928030303030303,5.8205185970192
mixed,bias,43,246,264,0.9318181818181818,5.811425299242928
mixed,bias,43,247,264,0.9356060606060606,5.804031590010588
mixed,bias,43,248,264,0.9393939393939394,5.806473691047297
mixed,bias,43,249,264,0.9431818181818182,5.7969811530834425
mixed,bias,43,250,264,0.946969696969697,5.779829048953439
mixed,bias,43,251,264,0.9507575757575758,5.77019384945328
mixed,bias,43,252,264,0.9545454545454546,5.755588969261005
mixed,bias,43,253,264,0.9583333333333334,5.7386986757854705
mixed,bias,43,254,264,0.9621212121212122,5.738574996975457
mixed,bias,43,255,264,0.9659090909090909,5.726246184972388
mixed,bias,43,256,264,0.9696969696969697,5.717731357673142
mixed,bias,43,257,264,0.9734848484848485,5.708713584915419
mixed,bias,43,258,264,0.9772727272727273,5.711050348997593
mixed,bias,43,259,264,0.9810606060606061,5.710923088584878
mixed,bias,43,260,264,0.9848484848484849,5.7025507733279115
mixed,bias,43,261,264,0.9886363636363636,5.698133177487049
mixed,bias,43,262,264,0.9924242424242424,5.691960513834508
mixed,bias,43,263,264,0.9962121212121212,5.6888010923552645
mixed,bias,43,264,264,1.0,5.67855970475829
mixed,fixed_grid,17,1,264,0.003787878787878788,4.533282140322935
mixed,fixed_grid,17,2,264,0.007575757575757576,2.6039918603665955
mixed,fixed_grid,17,3,264,0.011363636363636364,2.2112690314298296
mixed,fixed_grid,17,4,264,0.015151515151515152,2.138232413859801
mixed,fixed_grid,17,5,264,0.01893939393939394,2.2870296203755327
mixed,fixed_grid,17,6,264,0.022727272727272728,2.2387908690047538
mixed,fixed_grid,17,7,264,0.026515151515151516,2.0167447747635445
mixed,fixed_grid,17,8,264,0.030303030303030304,2.5652050416326593
mixed,fixed_grid,17,9,264,0.03409090909090909,2.4008705198501628
mixed,fixed_grid,17,10,264,0.03787878787878788,2.6704642981997484
mixed,fixed_grid,17,11,264,0.041666666666666664,2.7826784941648173
mixed,fixed_grid,17,12,264,0.045454545454545456,3.098468370551101
mixed,fixed_grid,17,13,264,0.04924242424242424,2.9892673872205395
mixed,fixed_grid,17,14,264,0.05303030303030303,3.174754166705521
mixed,fixed_grid,17,15,264,0.056818181818181816,3.2027051190259956
mixed,fixed_grid,17,16,264,0.06060606060606061,3.1315562224928515
mixed,fixed_grid,17,17,264,0.06439393939393939,3.168525034419123
mixed,fixed_grid,17,18,264,0.06818181818181818,3.3001780603174873
mixed,fixed_grid,17,19,264,0.07196969696969698,3.2208345903731086
mixed,fixed_grid,17,20,264,0.07575757575757576,3.249373575174327
mixed,fixed_grid,17,21,264,0.07954545454545454,3.2033937459974657
mixed,fixed_grid,17,22,264,0.08333333333333333,3.1609034289263533
mixed,fixed_grid,17,23,264,0.08712121212121213,3.131832572567691
mixed,fixed_grid,17,24,264,0.09090909090909091,3.0779598941161854
mixed,fixed_grid,17,25,264,0.0946969696969697,3.030583130309955
mixed,fixed_grid,17,26,264,0.09848484848484848,3.049381874310612
mixed,fixed_grid,17,27,264,0.10227272727272728,3.130876181471486
mixed,fixed_grid,17,28,264,0.10606060606060606,3.094936782324744
mixed,fixed_grid,17,29,264,0.10984848484848485,3.123103856773974
mixed,fixed_grid,17,30,264,0.11363636363636363,3.1846629704886698
mixed,fixed_grid,17,31,264,0.11742424242424243,3.20586912921331
mixed,fixed_grid,17,32,264,0.12121212121212122,3.1254570410408924
mixed,fixed_grid,17,33,264,0.125,3.085314926882888
mixed,fixed_grid,17,34,264,0.12878787878787878,3.0483380300739222
mixed,fixed_grid,17,35,264,0.13257575757575757,3.077199595957641
mixed,fixed_grid,17,36,264,0.13636363636363635,3.040099711172663
mixed,fixed_grid,17,37,264,0.14015151515151514,2.98094017915334
mixed,fixed_grid,17,38,264,0.14393939393939395,2.9673276824912107
mixed,fixed_grid,17,39,264,0.14772727272727273,2.987213537707854
mixed,fixed_grid,17,40,264,0.15151515151515152,2.9583668019011875
mixed,fixed_grid,17,41,264,0.1553030303030303,3.0275101865861593
mixed,fixed_grid,17,42,264,0.1590909090909091,3.038091957882124
mixed,fixed_grid,17,43,264,0.16287878787878787,3.034580336674785
mixed,fixed_grid,17,44,264,0.16666666666666666,3.020216708866788
mixed,fixed_grid,17,45,264,0.17045454545454544,3.0154511198474685
mixed,fixed_grid,17,46,264,0.17424242424242425,3.0127105736338127
mixed,fixed_grid,17,47,264,0.17803030303030304,3.049394908595417
mixed,fixed_grid,17,48,264,0.18181818181818182,3.0849737577039433
mixed,fixed_grid,17,49,264,0.1856060606060606,3.111981963972031
mixed,fixed_grid,17,50,264,0.1893939393939394,3.101322162728319
mixed,fixed_grid,17,51,264,0.19318181818181818,3.0622514725827332
mixed,fixed_grid,17,52,264,0.19696969696969696,3.0648172144447092
mixed,fixed_grid,17,53,264,0.20075757575757575,3.1345475349559573
mixed,fixed_grid,17,54,264,0.20454545454545456,3.1302242764803148
mixed,fixed_grid,17,55,264,0.20833333333333334,3.1874656538734967
mixed,fixed_grid,17,56,264,0.21212121212121213,3.256835813972839
mixed,fixed_grid,17,57,264,0.2159090909090909,3.245576203540317
mixed,fixed_grid,17,58,264,0.2196969696969697,3.2628139191752994
mixed,fixed_grid,17,59,264,0.22348484848484848,3.326112540924908
mixed,fixed_grid,17,60,264,0.22727272727272727,3.326192643861112
mixed,fixed_grid,17,61,264,0.23106060606060605,3.3007432751092765
mixed,fixed_grid,17,62,264,0.23484848484848486,3.271285730960767
mixed,fixed_grid,17,63,264,0.23863636363636365,3.267833237992116
mixed,fixed_grid,17,64,264,0.24242424242424243,3.2665900035323565
mixed,fixed_grid,17,65,264,0.24621212121212122,3.251387361507769
mixed,fixed_grid,17,66,264,0.25,3.236023362333317
mixed,fixed_grid,17,67,264,0.2537878787878788,3.253403859941114
mixed,fixed_grid,17,68,264,0.25757575757575757,3.237560993480502
mixed,fixed_grid,17,69,264,0.26136363636363635,3.2096762192527883
mixed,fixed_grid,17,70,264,0.26515151515151514,3.203265047124819
mixed,fixed_grid,17,71,264,0.2689393939393939,3.2342524215804747
mixed,fixed_grid,17,72,264,0.2727272727272727,3.211098963602964
mixed,fixed_grid,17,73,264,0.2765151515151515,3.187385812848171
mixed,fixed_grid,17,74,264,0.2803030303030303,3.1933530918801964
mixed,fixed_grid,17,75,264,0.2840909090909091,3.167602235845557
mixed,fixed_grid,17,76,264,0.2878787878787879,3.153772344814511
mixed,fixed_grid,17,77,264,0.2916666666666667,3.163766741216497
mixed,fixed_grid,17,78,264,0.29545454545454547,3.204767730273351
mixed,fixed_grid,17,79,264,0.29924242424242425,3.2277439801539614
mixed,fixed_grid,17,80,264,0.30303030303030304,3.224689388033238
mixed,fixed_grid,17,81,264,0.3068181818181818,3.214510432140341
mixed,fixed_grid,17,82,264,0.3106060606060606,3.2127000935177104
mixed,fixed_grid,17,83,264,0.3143939393939394,3.245710087680936
mixed,fixed_grid,17,84,264,0.3181818181818182,3.2325745667741357
mixed,fixed_grid,17,85,264,0.32196969696969696,3.2574249658845726
mixed,fixed_grid,17,86,264,0.32575757575757575,3.249353459578695
mixed,fixed_grid,17,87,264,0.32954545454545453,3.2544091687368013
mixed,fixed_grid,17,88,264,0.3333333333333333,3.2580467949737435
mixed,fixed_grid,17,89,264,0.3371212121212121,3.2292303905199313
mixed,fixed_grid,17,90,264,0.3409090909090909,3.219999736113266
mixed,fixed_grid,17,91,264,0.3446969696969697,3.1991009621518276
mixed,fixed_grid,17,92,264,0.3484848484848485,3.201402996363586
mixed,fixed_grid,17,93,264,0.3522727272727273,3.2465737436574056
mixed,fixed_grid,17,94,264,0.3560606060606061,3.2626384348833724
mixed,fixed_grid,17,95,264,0.35984848484848486,3.2726158988834104
mixed,fixed_grid,17,96,264,0.36363636363636365,3.297398161660061
mixed,fixed_grid,17,97,264,0.36742424242424243,3.3041285038578576
mixed,fixed_grid,17,98,264,0.3712121212121212,3.3074533702747786
mixed,fixed_grid,17,99,264,0.375,3.297727567017708
mixed,fixed_grid,17,100,264,0.3787878787878788,3.3033530976304273
mixed,fixed_grid,17,101,264,0.38257575757575757,3.3051431902433985
mixed,fixed_grid,17,102,264,0.38636363636363635,3.2860326089179925
mixed,fixed_grid,17,103,264,0.39015151515151514,3.292487993895481
mixed,fixed_grid,17,104,264,0.3939393939393939,3.273381354219678
mixed,fixed_grid,17,105,264,0.3977272727272727,3.3010794403568133
mixed,fixed_grid,17,106,264,0.4015151515151515,3.312136828658904
mixed,fixed_grid,17,107,264,0.4053030303030303,3.314472128884482
mixed,fixed_grid,17,108,264,0.4090909090909091,3.3053018091982436
mixed,fixed_grid,17,109,264,0.4128787878787879,3.3103380165383975
mixed,fixed_grid,17,110,264,0.4166666666666667,3.3108138918551178
mixed,fixed_grid,17,111,264,0.42045454545454547,3.3345576437599775
mixed,fixed_grid,17,112,264,0.42424242424242425,3.3583913344845207
mixed,fixed_grid,17,113,264,0.42803030303030304,3.367914110719267
mixed,fixed_grid,17,114,264,0.4318181818181818,3.3659181550776416
mixed,fixed_grid,17,115,264,0.4356060606060606,3.3508791341255626
mixed,fixed_grid,17,116,264,0.4393939393939394,3.4087343536650363
mixed,fixed_grid,17,117,264,0.4431818181818182,3.3925747714902235
mixed,fixed_grid,17,118,264,0.44696969696969696,3.3862441884501537
mixed,fixed_grid,17,119,264,0.45075757575757575,3.3865296543629633
mixed,fixed_grid,17,120,264,0.45454545454545453,3.3796876530005164
mixed,fixed_grid,17,121,264,0.4583333333333333,3.3706612469978983
mixed,fixed_grid,17,122,264,0.4621212121212121,3.3887274917535906
mixed,fixed_grid,17,123,264,0.4659090909090909,3.377535899063765
mixed,fixed_grid,17,124,264,0.4696969696969697,3.369762722767598
mixed,fixed_grid,17,125,264,0.4734848484848485,3.357252029293367
mixed,fixed_grid,17,126,264,0.4772727272727273,3.3681029985691495
mixed,fixed_grid,17,127,264,0.4810606060606061,3.370448298728661
mixed,fixed_grid,17,128,264,0.48484848484848486,3.3692810510666535
mixed,fixed_grid,17,129,264,0.48863636363636365,3.362899750728581
mixed,fixed_grid,17,130,264,0.49242424242424243,3.356072131368988
mixed,fixed_grid,17,131,264,0.4962121212121212,3.3702940738417024
mixed,fixed_grid,17,132,264,0.5,3.387324555121603
mixed,fixed_grid,17,133,264,0.5037878787878788,3.3977740523184017
mixed,fixed_grid,17,134,264,0.5075757575757576,3.399487658397856
mixed,fixed_grid,17,135,264,0.5113636363636364,3.414634384801228
mixed,fixed_grid,17,136,264,0.5151515151515151,3.4305899937080695
mixed,fixed_grid,17,137,264,0.5189393939393939,3.4381044985397344
mixed,fixed_grid,17,138,264,0.5227272727272727,3.431442497733058
mixed,fixed_grid,17,139,264,0.5265151515151515,3.422657839134772
mixed,fixed_grid,17,140,264,0.5303030303030303,3.4068453923502124
mixed,fixed_grid,17,141,264,0.5340909090909091,3.3974690293091028
mixed,fixed_grid,17,142,264,0.5378787878787878,3.4180030533594623
mixed,fixed_grid,17,143,264,0.5416666666666666,3.4406328275525944
mixed,fixed_grid,17,144,264,0.5454545454545454,3.423494489284477
mixed,fixed_grid,17,145,264,0.5492424242424242,3.4174563732423153
mixed,fixed_grid,17,146,264,0.553030303030303,3.418209707844361
mixed,fixed_grid,17,147,264,0.5568181818181818,3.4105121581098685
mixed,fixed_grid,17,148,264,0.5606060606060606,3.418917620144687
mixed,fixed_grid,17,149,264,0.5643939393939394,3.418746056943227
mixed,fixed_grid,17,150,264,0.5681818181818182,3.409086191119546
mixed,fixed_grid,17,151,264,0.571969696969697,3.415242065295781
mixed,fixed_grid,17,152,264,0.5757575757575758,3.4426207377273372
mixed,fixed_grid,17,153,264,0.5795454545454546,3.4418128030225597
mixed,fixed_grid,17,154,264,0.5833333333333334,3.4503202538036395
mixed,fixed_grid,17,155,264,0.5871212121212122,3.4456164041070005
mixed,fixed_grid,17,156,264,0.5909090909090909,3.470361116896938
mixed,fixed_grid,17,157,264,0.5946969696969697,3.4805771008877695
mixed,fixed_grid,17,158,264,0.5984848484848485,3.4732261558445083
mixed,fixed_grid,17,159,264,0.6022727272727273,3.4640062583217017
mixed,fixed_grid,17,160,264,0.6060606060606061,3.4835383472854295
mixed,fixed_grid,17,161,264,0.6098484848484849,3.474618433700991
mixed,fixed_grid,17,162,264,0.6136363636363636,3.478190821662756
mixed,fixed_grid,17,163,264,0.6174242424242424,3.495445345193414
mixed,fixed_grid,17,164,264,0.6212121212121212,3.483241100545481
mixed,fixed_grid,17,165,264,0.625,3.475665978997124
mixed,fixed_grid,17,166,264,0.6287878787878788,3.4664993704791
mixed,fixed_grid,17,167,264,0.6325757575757576,3.456722554304847
mixed,fixed_grid,17,168,264,0.6363636363636364,3.4688911393831154
mixed,fixed_grid,17,169,264,0.6401515151515151,3.4951347948007663
mixed,fixed_grid,17,170,264,0.6439393939393939,3.493792633353989
mixed,fixed_grid,17,171,264,0.6477272727272727,3.4812363040891303
mixed,fixed_grid,17,172,264,0.6515151515151515,3.4814209794845685
mixed,fixed_grid,17,173,264,0.6553030303030303,3.4951847857148595
mixed,fixed_grid,17,174,264,0.6590909090909091,3.5113081818116045
mixed,fixed_grid,17,175,264,0.6628787878787878,3.5237256618419748
mixed,fixed_grid,17,176,264,0.6666666666666666,3.5452619435770796
mixed,fixed_grid,17,177,264,0.6704545454545454,3.552274694509292
mixed,fixed_grid,17,178,264,0.6742424242424242,3.560214659866535
mixed,fixed_grid,17,179,264,0.678030303030303,3.5605863030833156
mixed,fixed_grid,17,180,264,0.6818181818181818,3.5460475017323714
mixed,fixed_grid,17,181,264,0.6856060606060606,3.534470199536616
mixed,fixed_grid,17,182,264,0.6893939393939394,3.5221126727374075
mixed,fixed_grid,17,183,264,0.6931818181818182,3.52282914284786
mixed,fixed_grid,17,184,264,0.696969696969697,3.5264387892262743
mixed,fixed_grid,17,185,264,0.7007575757575758,3.5327561199569786
mixed,fixed_grid,17,186,264,0.7045454545454546,3.5389372993501085
mixed,fixed_grid,17,187,264,0.7083333333333334,3.538239969729612
mixed,fixed_grid,17,188,264,0.7121212121212122,3.5281881813909206
mixed,fixed_grid,17,189,264,0.7159090909090909,3.544222334673243
mixed,fixed_grid,17,190,264,0.7196969696969697,3.5378625997827173
mixed,fixed_grid,17,191,264,0.7234848484848485,3.5385815034084347
mixed,fixed_grid,17,192,264,0.7272727272727273,3.525225950239106
mixed,fixed_grid,17,193,264,0.7310606060606061,3.513962808169176
mixed,fixed_grid,17,194,264,0.7348484848484849,3.503339407004166
mixed,fixed_grid,17,195,264,0.7386363636363636,3.4920522838995525
mixed,fixed_grid,17,196,264,0.7424242424242424,3.4810802856951666
mixed,fixed_grid,17,197,264,0.7462121212121212,3.5069152421958085
mixed,fixed_grid,17,198,264,0.75,3.505257095225237
mixed,fixed_grid,17,199,264,0.7537878787878788,3.502844851023588
mixed,fixed_grid,17,200,264,0.7575757575757576,3.5125460500272676
mixed,fixed_grid,17,201,264,0.7613636363636364,3.5023694178005895
mixed,fixed_grid,17,202,264,0.7651515151515151,3.505729448699816
mixed,fixed_grid,17,203,264,0.7689393939393939,3.5149236325981095
mixed,fixed_grid,17,204,264,0.7727272727272727,3.51000444751478
mixed,fixed_grid,17,205,264,0.7765151515151515,3.510213629480923
mixed,fixed_grid,17,206,264,0.7803030303030303,3.498111428972072
mixed,fixed_grid,17,207,264,0.7840909090909091,3.524132208546546
mixed,fixed_grid,17,208,264,0.7878787878787878,3.5245837419042725
mixed,fixed_grid,17,209,264,0.7916666666666666,3.518676024163103
mixed,fixed_grid,17,210,264,0.7954545454545454,3.5173693175649223
mixed,fixed_grid,17,211,264,0.7992424242424242,3.5438097795414913
mixed,fixed_grid,17,212,264,0.803030303030303,3.5730393441003363
mixed,fixed_grid,17,213,264,0.8068181818181818,3.5714169358672057
mixed,fixed_grid,17,214,264,0.8106060606060606,3.5825041140537492
mixed,fixed_grid,17,215,264,0.8143939393939394,3.591908284226014
mixed,fixed_grid,17,216,264,0.8181818181818182,3.5959305456748285
mixed,fixed_grid,17,217,264,0.821969696969697,3.5915964192140746
mixed,fixed_grid,17,218,264,0.8257575757575758,3.589975100518305
mixed,fixed_grid,17,219,264,0.8295454545454546,3.5857326188306318
mixed,fixed_grid,17,220,264,0.8333333333333334,3.5831506545145335
mixed,fixed_grid,17,221,264,0.8371212121212122,3.5949434016399207
mixed,fixed_grid,17,222,264,0.8409090909090909,3.605492124675604
mixed,fixed_grid,17,223,264,0.8446969696969697,3.6249129769838815
mixed,fixed_grid,17,224,264,0.8484848484848485,3.6281623726501833
mixed,fixed_grid,17,225,264,0.8522727272727273,3.6390353588153332
mixed,fixed_grid,17,226,264,0.8560606060606061,3.6368116549414276
mixed,fixed_grid,17,227,264,0.8598484848484849,3.6343706591669465
mixed,fixed_grid,17,228,264,0.8636363636363636,3.630275280988262
mixed,fixed_grid,17,229,264,0.8674242424242424,3.6353617352438254
mixed,fixed_grid,17,230,264,0.8712121212121212,3.6255045809413904
mixed,fixed_grid,17,231,264,0.875,3.61852414306052
mixed,fixed_grid,17,232,264,0.8787878787878788,3.618884702706512
mixed,fixed_grid,17,233,264,0.8825757575757576,3.6203075754210623
mixed,fixed_grid,17,234,264,0.8863636363636364,3.6276840404071784
mixed,fixed_grid,17,235,264,0.8901515151515151,3.6264600081560903
mixed,fixed_grid,17,236,264,0.8939393939393939,3.6195493381899535
mixed,fixed_grid,17,237,264,0.8977272727272727,3.620769253496065
mixed,fixed_grid,17,238,264,0.9015151515151515,3.6196991425984804
mixed,fixed_grid,17,239,264,0.9053030303030303,3.616615830945816
mixed,fixed_grid,17,240,264,0.9090909090909091,3.6230173078538064
mixed,fixed_grid,17,241,264,0.9128787878787878,3.615444589029561
mixed,fixed_grid,17,242,264,0.9166666666666666,3.6174095854346935
mixed,fixed_grid,17,243,264,0.9204545454545454,3.622866661936045
mixed,fixed_grid,17,244,264,0.9242424242424242,3.6182320313012992
mixed,fixed_grid,17,245,264,0.928030303030303,3.617150777108139
mixed,fixed_grid,17,246,264,0.9318181818181818,3.606856151550709
mixed,fixed_grid,17,247,264,0.9356060606060606,3.602184879270037
mixed,fixed_grid,17,248,264,0.9393939393939394,3.593805523019103
mixed,fixed_grid,17,249,264,0.9431818181818182,3.5912134692099706
mixed,fixed_grid,17,250,264,0.946969696969697,3.5890291647686694
mixed,fixed_grid,17,251,264,0.9507575757575758,3.58048569554981
mixed,fixed_grid,17,252,264,0.9545454545454546,3.5848173862239516
mixed,fixed_grid,17,253,264,0.9583333333333334,3.5784831538573214
mixed,fixed_grid,17,254,264,0.9621212121212122,3.569718542100895
mixed,fixed_grid,17,255,264,0.9659090909090909,3.573636018740017
mixed,fixed_grid,17,256,264,0.9696969696969697,3.5663155382712293
mixed,fixed_grid,17,257,264,0.9734848484848485,3.565314976906626
mixed,fixed_grid,17,258,264,0.9772727272727273,3.561856990953705
mixed,fixed_grid,17,259,264,0.9810606060606061,3.5538304767636073
mixed,fixed_grid,17,260,264,0.9848484848484849,3.5623407889837004
mixed,fixed_grid,17,261,264,0.9886363636363636,3.57425747314815
mixed,fixed_grid,17,262,264,0.9924242424242424,3.56624581316573
mixed,fixed_grid,17,263,264,0.9962121212121212,3.5924368961065443
mixed,fixed_grid,17,264,264,1.0,3.590439997977484
mixed,fixed_grid,29,1,264,0.003787878787878788,2.119379250015876
mixed,fixed_grid,29,2,264,0.007575757575757576,2.4392127642530133
mixed,fixed_grid,29,3,264,0.011363636363636364,2.2045067674163477
mixed,fixed_grid,29,4,264,0.015151515151515152,2.4821132161763213
mixed,fixed_grid,29,5,264,0.01893939393939394,2.2237639894480874
mixed,fixed_grid,29,6,264,0.022727272727272728,2.854670443346319
mixed,fixed_grid,29,7,264,0.026515151515151516,2.726176693669296
mixed,fixed_grid,29,8,264,0.030303030303030304,2.6457137393949153
mixed,fixed_grid,29,9,264,0.03409090909090909,2.7838032329658637
mixed,fixed_grid,29,10,264,0.03787878787878788,2.758019796796591
mixed,fixed_grid,29,11,264,0.041666666666666664,2.6655950823873193
mixed,fixed_grid,29,12,264,0.045454545454545456,2.672435180890277
mixed,fixed_grid,29,13,264,0.04924242424242424,2.6439666256589183
mixed,fixed_grid,29,14,264,0.05303030303030303,2.5988855710810994
mixed,fixed_grid,29,15,264,0.056818181818181816,2.5555448113024104
mixed,fixed_grid,29,16,264,0.06060606060606061,2.5101641173775406
mixed,fixed_grid,29,17,264,0.06439393939393939,2.448133852228134
mixed,fixed_grid,29,18,264,0.06818181818181818,2.392559146609047
mixed,fixed_grid,29,19,264,0.07196969696969698,2.3870895502669582
mixed,fixed_grid,29,20,264,0.07575757575757576,2.4326008571296684
mixed,fixed_grid,29,21,264,0.07954545454545454,2.4354314336855585
mixed,fixed_grid,29,22,264,0.08333333333333333,2.4863341124408134
mixed,fixed_grid,29,23,264,0.08712121212121213,2.4977357859684943
mixed,fixed_grid,29,24,264,0.09090909090909091,2.6493180742753126
mixed,fixed_grid,29,25,264,0.0946969696969697,2.617524749362664
mixed,fixed_grid,29,26,264,0.09848484848484848,2.5785745806916136
mixed,fixed_grid,29,27,264,0.10227272727272728,2.6362865545250704
mixed,fixed_grid,29,28,264,0.10606060606060606,2.659189381575506
mixed,fixed_grid,29,29,264,0.10984848484848485,2.6814627447372086
mixed,fixed_grid,29,30,264,0.11363636363636363,2.678362248990311
mixed,fixed_grid,29,31,264,0.11742424242424243,2.7121900621088235
mixed,fixed_grid,29,32,264,0.12121212121212122,2.74190464862041
mixed,fixed_grid,29,33,264,0.125,2.7452241827513313
mixed,fixed_grid,29,34,264,0.12878787878787878,2.7258745005788265
mixed,fixed_grid,29,35,264,0.13257575757575757,2.7174654472937108
mixed,fixed_grid,29,36,264,0.13636363636363635,2.6710657607312727
mixed,fixed_grid,29,37,264,0.14015151515151514,2.699898730864648
mixed,fixed_grid,29,38,264,0.14393939393939395,2.7271569922368277
mixed,fixed_grid,29,39,264,0.14772727272727273,2.701384658846815
mixed,fixed_grid,29,40,264,0.15151515151515152,2.67500309306974
mixed,fixed_grid,29,41,264,0.1553030303030303,2.764562278721963
mixed,fixed_grid,29,42,264,0.1590909090909091,2.773200418010867
mixed,fixed_grid,29,43,264,0.16287878787878787,2.730197305269674
mixed,fixed_grid,29,44,264,0.16666666666666666,2.7188284296780982
mixed,fixed_grid,29,45,264,0.17045454545454544,2.724914512647688
mixed,fixed_grid,29,46,264,0.17424242424242425,2.7435192200536296
mixed,fixed_grid,29,47,264,0.17803030303030304,2.740533491112228
mixed,fixed_grid,29,48,264,0.18181818181818182,2.7200891069063506
mixed,fixed_grid,29,49,264,0.1856060606060606,2.817437600611364
mixed,fixed_grid,29,50,264,0.1893939393939394,2.811686660594051
mixed,fixed_grid,29,51,264,0.19318181818181818,2.797316840626929
mixed,fixed_grid,29,52,264,0.19696969696969696,2.81570029143295
mixed,fixed_grid,29,53,264,0.20075757575757575,2.790630436273931
mixed,fixed_grid,29,54,264,0.20454545454545456,2.7983660997356843
mixed,fixed_grid,29,55,264,0.20833333333333334,2.783308127686392
mixed,fixed_grid,29,56,264,0.21212121212121213,2.816805966031376
mixed,fixed_grid,29,57,264,0.2159090909090909,2.8636716182234117
mixed,fixed_grid,29,58,264,0.2196969696969697,2.925742928807078
mixed,fixed_grid,29,59,264,0.22348484848484848,2.9788478959341758
mixed,fixed_grid,29,60,264,0.22727272727272727,2.9802894772879567
mixed,fixed_grid,29,61,264,0.23106060606060605,2.9951385253350695
mixed,fixed_grid,29,62,264,0.23484848484848486,3.019001327024903
mixed,fixed_grid,29,63,264,0.23863636363636365,3.0594338339567737
mixed,fixed_grid,29,64,264,0.24242424242424243,3.0643172641873235
mixed,fixed_grid,29,65,264,0.24621212121212122,3.1089874789053935
mixed,fixed_grid,29,66,264,0.25,3.1026540534783638
mixed,fixed_grid,29,67,264,0.2537878787878788,3.062970479049512
mixed,fixed_grid,29,68,264,0.25757575757575757,3.0386775457499686
mixed,fixed_grid,29,69,264,0.26136363636363635,3.0124167103849375
mixed,fixed_grid,29,70,264,0.26515151515151514,3.020920810694106
mixed,fixed_grid,29,71,264,0.2689393939393939,3.015829154862702
mixed,fixed_grid,29,72,264,0.2727272727272727,3.012479643009984
mixed,fixed_grid,29,73,264,0.2765151515151515,3.0018259658943895
mixed,fixed_grid,29,74,264,0.2803030303030303,3.0072754345287485
mixed,fixed_grid,29,75,264,0.2840909090909091,3.0166182307917313
mixed,fixed_grid,29,76,264,0.2878787878787879,3.0035056680857504
mixed,fixed_grid,29,77,264,0.2916666666666667,3.0611283698716085
mixed,fixed_grid,29,78,264,0.29545454545454547,3.0473796318906774
mixed,fixed_grid,29,79,264,0.29924242424242425,3.0424489616313353
mixed,fixed_grid,29,80,264,0.30303030303030304,3.074452090793714
mixed,fixed_grid,29,81,264,0.3068181818181818,3.073832034428956
mixed,fixed_grid,29,82,264,0.3106060606060606,3.084520073811661
mixed,fixed_grid,29,83,264,0.3143939393939394,3.0677507760871774
mixed,fixed_grid,29,84,264,0.3181818181818182,3.0572719227956457
mixed,fixed_grid,29,85,264,0.32196969696969696,3.0600977031330525
mixed,fixed_grid,29,86,264,0.32575757575757575,3.0485791254022216
mixed,fixed_grid,29,87,264,0.32954545454545453,3.04400965044121
mixed,fixed_grid,29,88,264,0.3333333333333333,3.064854474471838
mixed,fixed_grid,29,89,264,0.3371212121212121,3.0559583234998384
mixed,fixed_grid,29,90,264,0.3409090909090909,3.054462568788905
mixed,fixed_grid,29,91,264,0.3446969696969697,3.102405499332515
mixed,fixed_grid,29,92,264,0.3484848484848485,3.1138835903395514
mixed,fixed_grid,29,93,264,0.3522727272727273,3.0956080891725755
mixed,fixed_grid,29,94,264,0.3560606060606061,3.1294262527862498
mixed,fixed_grid,29,95,264,0.35984848484848486,3.1479391461768538
mixed,fixed_grid,29,96,264,0.36363636363636365,3.133264172581782
mixed,fixed_grid,29,97,264,0.36742424242424243,3.152595417944425
mixed,fixed_grid,29,98,264,0.3712121212121212,3.154943596177191
mixed,fixed_grid,29,99,264,0.375,3.1629103773457565
mixed,fixed_grid,29,100,264,0.3787878787878788,3.1588686891897813
mixed,fixed_grid,29,101,264,0.38257575757575757,3.1392391868151197
mixed,fixed_grid,29,102,264,0.38636363636363635,3.1280255152153154
mixed,fixed_grid,29,103,264,0.39015151515151514,3.1616332985425544
mixed,fixed_grid,29,104,264,0.3939393939393939,3.203250462893299
mixed,fixed_grid,29,105,264,0.3977272727272727,3.198707941419284
mixed,fixed_grid,29,106,264,0.4015151515151515,3.2211365640594516
mixed,fixed_grid,29,107,264,0.4053030303030303,3.2315167341424043
mixed,fixed_grid,29,108,264,0.4090909090909091,3.2145779349515076
mixed,fixed_grid,29,109,264,0.4128787878787879,3.2371168110807558
mixed,fixed_grid,29,110,264,0.4166666666666667,3.2720468376333347
mixed,fixed_grid,29,111,264,0.42045454545454547,3.2587603145334643
mixed,fixed_grid,29,112,264,0.42424242424242425,3.2375356043024732
mixed,fixed_grid,29,113,264,0.42803030303030304,3.2354793020535153
mixed,fixed_grid,29,114,264,0.4318181818181818,3.291021047110345
mixed,fixed_grid,29,115,264,0.4356060606060606,3.3207404549938455
mixed,fixed_grid,29,116,264,0.4393939393939394,3.341599058959473
mixed,fixed_grid,29,117,264,0.4431818181818182,3.3600445251199043
mixed,fixed_grid,29,118,264,0.44696969696969696,3.3615106297283925
mixed,fixed_grid,29,119,264,0.45075757575757575,3.364421456097472
mixed,fixed_grid,29,120,264,0.45454545454545453,3.3884782843140657
mixed,fixed_grid,29,121,264,0.4583333333333333,3.4040153418201466
mixed,fixed_grid,29,122,264,0.4621212121212121,3.394304258325909
mixed,fixed_grid,29,123,264,0.4659090909090909,3.4028709626782923
mixed,fixed_grid,29,124,264,0.4696969696969697,3.400081245541594
mixed,fixed_grid,29,125,264,0.4734848484848485,3.4032025070657927
mixed,fixed_grid,29,126,264,0.4772727272727273,3.4112084603702226
mixed,fixed_grid,29,127,264,0.4810606060606061,3.4134468968295573
mixed,fixed_grid,29,128,264,0.48484848484848486,3.419342773988324
mixed,fixed_grid,29,129,264,0.48863636363636365,3.415927129581639
mixed,fixed_grid,29,130,264,0.49242424242424243,3.4039721986194498
mixed,fixed_grid,29,131,264,0.4962121212121212,3.436867228150684
mixed,fixed_grid,29,132,264,0.5,3.4602601952886705
mixed,fixed_grid,29,133,264,0.5037878787878788,3.44622795183159
mixed,fixed_grid,29,134,264,0.5075757575757576,3.4356997456644587
mixed,fixed_grid,29,135,264,0.5113636363636364,3.4427777056809643
mixed,fixed_grid,29,136,264,0.5151515151515151,3.465659940051654
mixed,fixed_grid,29,137,264,0.5189393939393939,3.451183036386192
mixed,fixed_grid,29,138,264,0.5227272727272727,3.467570893903037
mixed,fixed_grid,29,139,264,0.5265151515151515,3.464832939531303
mixed,fixed_grid,29,140,264,0.5303030303030303,3.477679792339167
mixed,fixed_grid,29,141,264,0.5340909090909091,3.4820711358673537
mixed,fixed_grid,29,142,264,0.5378787878787878,3.4905945122066626
mixed,fixed_grid,29,143,264,0.5416666666666666,3.481098743882576
mixed,fixed_grid,29,144,264,0.5454545454545454,3.467801135272594
mixed,fixed_grid,29,145,264,0.5492424242424242,3.495339300312852
mixed,fixed_grid,29,146,264,0.553030303030303,3.497383869808206
mixed,fixed_grid,29,147,264,0.5568181818181818,3.5000105374127175
mixed,fixed_grid,29,148,264,0.5606060606060606,3.516867616019103
mixed,fixed_grid,29,149,264,0.5643939393939394,3.5202711556260797
mixed,fixed_grid,29,150,264,0.5681818181818182,3.56309294512887
mixed,fixed_grid,29,151,264,0.571969696969697,3.5644335669801217
mixed,fixed_grid,29,152,264,0.5757575757575758,3.555892392169969
mixed,fixed_grid,29,153,264,0.5795454545454546,3.5617670941416195
mixed,fixed_grid,29,154,264,0.5833333333333334,3.556975066310961
mixed,fixed_grid,29,155,264,0.5871212121212122,3.558287470340524
mixed,fixed_grid,29,156,264,0.5909090909090909,3.5533293605289136
mixed,fixed_grid,29,157,264,0.5946969696969697,3.5426236356746146
mixed,fixed_grid,29,158,264,0.5984848484848485,3.56219852910163
mixed,fixed_grid,29,159,264,0.6022727272727273,3.5511133963072723
mixed,fixed_grid,29,160,264,0.6060606060606061,3.559714571864361
mixed,fixed_grid,29,161,264,0.6098484848484849,3.5854339447321437
mixed,fixed_grid,29,162,264,0.6136363636363636,3.5950170420546095
mixed,fixed_grid,29,163,264,0.6174242424242424,3.5924356225995515
mixed,fixed_grid,29,164,264,0.6212121212121212,3.595499096994038
mixed,fixed_grid,29,165,264,0.625,3.601743651978697
mixed,fixed_grid,29,166,264,0.6287878787878788,3.597588335793701
mixed,fixed_grid,29,167,264,0.6325757575757576,3.597477215049836
mixed,fixed_grid,29,168,264,0.6363636363636364,3.5916607181050026
mixed,fixed_grid,29,169,264,0.6401515151515151,3.579850656931299
mixed,fixed_grid,29,170,264,0.6439393939393939,3.58661459837402
mixed,fixed_grid,29,171,264,0.6477272727272727,3.5791731280315564
mixed,fixed_grid,29,172,264,0.6515151515151515,3.5861919051519178
mixed,fixed_grid,29,173,264,0.6553030303030303,3.578779154481594
mixed,fixed_grid,29,174,264,0.6590909090909091,3.5855196297384846
mixed,fixed_grid,29,175,264,0.6628787878787878,3.5675419973005265
mixed,fixed_grid,29,176,264,0.6666666666666666,3.5719625689220367
mixed,fixed_grid,29,177,264,0.6704545454545454,3.564784522447074
mixed,fixed_grid,29,178,264,0.6742424242424242,3.560782594285683
mixed,fixed_grid,29,179,264,0.678030303030303,3.5576229070762704
mixed,fixed_grid,29,180,264,0.6818181818181818,3.5476968865557654
mixed,fixed_grid,29,181,264,0.6856060606060606,3.5433952706109753
mixed,fixed_grid,29,182,264,0.6893939393939394,3.5363749758052783
mixed,fixed_grid,29,183,264,0.6931818181818182,3.5365209340374735
mixed,fixed_grid,29,184,264,0.696969696969697,3.5419625828797683
mixed,fixed_grid,29,185,264,0.7007575757575758,3.5353022900795787
mixed,fixed_grid,29,186,264,0.7045454545454546,3.5352087984778695
mixed,fixed_grid,29,187,264,0.7083333333333334,3.528372209275438
mixed,fixed_grid,29,188,264,0.7121212121212122,3.536443126509064
mixed,fixed_grid,29,189,264,0.7159090909090909,3.5503768554393473
mixed,fixed_grid,29,190,264,0.7196969696969697,3.542922700631617
mixed,fixed_grid,29,191,264,0.7234848484848485,3.5411380542474196
mixed,fixed_grid,29,192,264,0.7272727272727273,3.540702510612498
mixed,fixed_grid,29,193,264,0.7310606060606061,3.5441197899151797
mixed,fixed_grid,29,194,264,0.7348484848484849,3.533336775096407
mixed,fixed_grid,29,195,264,0.7386363636363636,3.530357648402329
mixed,fixed_grid,29,196,264,0.7424242424242424,3.5253257395099564
mixed,fixed_grid,29,197,264,0.7462121212121212,3.5154037435151153
mixed,fixed_grid,29,198,264,0.75,3.504560082263599
mixed,fixed_grid,29,199,264,0.7537878787878788,3.503266490617132
mixed,fixed_grid,29,200,264,0.7575757575757576,3.5012647323134547
mixed,fixed_grid,29,201,264,0.7613636363636364,3.496546106902824
mixed,fixed_grid,29,202,264,0.7651515151515151,3.4921897887967996
mixed,fixed_grid,29,203,264,0.7689393939393939,3.4837639746467337
mixed,fixed_grid,29,204,264,0.7727272727272727,3.4821538453648295
mixed,fixed_grid,29,205,264,0.7765151515151515,3.475533269032964
mixed,fixed_grid,29,206,264,0.7803030303030303,3.480958800801686
mixed,fixed_grid,29,207,264,0.7840909090909091,3.490742641575252
mixed,fixed_grid,29,208,264,0.7878787878787878,3.4788278339553234
mixed,fixed_grid,29,209,264,0.7916666666666666,3.4796705008326345
mixed,fixed_grid,29,210,264,0.7954545454545454,3.488121979871026
mixed,fixed_grid,29,211,264,0.7992424242424242,3.4790098866529466
mixed,fixed_grid,29,212,264,0.803030303030303,3.470550715053478
mixed,fixed_grid,29,213,264,0.8068181818181818,3.480799120350615
mixed,fixed_grid,29,214,264,0.8106060606060606,3.474913061906461
mixed,fixed_grid,29,215,264,0.8143939393939394,3.4695783118054155
mixed,fixed_grid,29,216,264,0.8181818181818182,3.47786875866956
mixed,fixed_grid,29,217,264,0.821969696969697,3.47918697121336
mixed,fixed_grid,29,218,264,0.8257575757575758,3.4740202395713107
mixed,fixed_grid,29,219,264,0.8295454545454546,3.5012276555060833
mixed,fixed_grid,29,220,264,0.8333333333333334,3.523841553103964
mixed,fixed_grid,29,221,264,0.8371212121212122,3.514389823275621
mixed,fixed_grid,29,222,264,0.8409090909090909,3.5057009595187334
mixed,fixed_grid,29,223,264,0.8446969696969697,3.5073805327795204
mixed,fixed_grid,29,224,264,0.8484848484848485,3.5120329606981064
mixed,fixed_grid,29,225,264,0.8522727272727273,3.513498719259979
mixed,fixed_grid,29,226,264,0.8560606060606061,3.503032507462148
mixed,fixed_grid,29,227,264,0.8598484848484849,3.5030763144099226
mixed,fixed_grid,29,228,264,0.8636363636363636,3.497886585128319
mixed,fixed_grid,29,229,264,0.8674242424242424,3.5107428785353
mixed,fixed_grid,29,230,264,0.8712121212121212,3.512937937707995
mixed,fixed_grid,29,231,264,0.875,3.519825236137345
mixed,fixed_grid,29,232,264,0.8787878787878788,3.5270047475236184
mixed,fixed_grid,29,233,264,0.8825757575757576,3.5441636208166685
mixed,fixed_grid,29,234,264,0.8863636363636364,3.5483645717293997
mixed,fixed_grid,29,235,264,0.8901515151515151,3.540060819027464
mixed,fixed_grid,29,236,264,0.8939393939393939,3.5364707794292127
mixed,fixed_grid,29,237,264,0.8977272727272727,3.5400910211530467
mixed,fixed_grid,29,238,264,0.9015151515151515,3.5365320102566233
mixed,fixed_grid,29,239,264,0.9053030303030303,3.5364346785161525
mixed,fixed_grid,29,240,264,0.9090909090909091,3.54667104502883
mixed,fixed_grid,29,241,264,0.9128787878787878,3.555817743962235
mixed,fixed_grid,29,242,264,0.9166666666666666,3.5611021108634655
mixed,fixed_grid,29,243,264,0.9204545454545454,3.5622415940955956
mixed,fixed_grid,29,244,264,0.9242424242424242,3.5860925843813938
mixed,fixed_grid,29,245,264,0.928030303030303,3.5767987449083987
mixed,fixed_grid,29,246,264,0.9318181818181818,3.571157108976074
mixed,fixed_grid,29,247,264,0.9356060606060606,3.5794125607210034
mixed,fixed_grid,29,248,264,0.9393939393939394,3.5937280355728105
mixed,fixed_grid,29,249,264,0.9431818181818182,3.5902996269664857
mixed,fixed_grid,29,250,264,0.946969696969697,3.585149683780796
mixed,fixed_grid,29,251,264,0.9507575757575758,3.5868339639487696
mixed,fixed_grid,29,252,264,0.9545454545454546,3.6044022204806265
mixed,fixed_grid,29,253,264,0.9583333333333334,3.609705581200748
mixed,fixed_grid,29,254,264,0.9621212121212122,3.6136372593845487
mixed,fixed_grid,29,255,264,0.9659090909090909,3.619889759711511
mixed,fixed_grid,29,256,264,0.9696969696969697,3.622733317426141
mixed,fixed_grid,29,257,264,0.9734848484848485,3.6199620973105833
mixed,fixed_grid,29,258,264,0.9772727272727273,3.6125601372648486
mixed,fixed_grid,29,259,264,0.9810606060606061,3.6104088936699728
mixed,fixed_grid,29,260,264,0.9848484848484849,3.6154750095840806
mixed,fixed_grid,29,261,264,0.9886363636363636,3.6038240633814125
mixed,fixed_grid,29,262,264,0.9924242424242424,3.6108236110537915
mixed,fixed_grid,29,263,264,0.9962121212121212,3.633974408696922
mixed,fixed_grid,29,264,264,1.0,3.6336102829755665
mixed,fixed_grid,43,1,264,0.003787878787878788,3.1150140927075833
mixed,fixed_grid,43,2,264,0.007575757575757576,3.680596032655413
mixed,fixed_grid,43,3,264,0.011363636363636364,2.952503968187866
mixed,fixed_grid,43,4,264,0.015151515151515152,3.2188087194265718
mixed,fixed_grid,43,5,264,0.01893939393939394,3.088302561998629
mixed,fixed_grid,43,6,264,0.022727272727272728,2.8040592728501164
mixed,fixed_grid,43,7,264,0.026515151515151516,2.730221899761259
mixed,fixed_grid,43,8,264,0.030303030303030304,2.7235684931435604
mixed,fixed_grid,43,9,264,0.03409090909090909,2.931862618710317
mixed,fixed_grid,43,10,264,0.03787878787878788,2.8643351147377394
mixed,fixed_grid,43,11,264,0.041666666666666664,2.8521529806388157
mixed,fixed_grid,43,12,264,0.045454545454545456,3.082554055902191
mixed,fixed_grid,43,13,264,0.04924242424242424,3.1956431207698586
mixed,fixed_grid,43,14,264,0.05303030303030303,3.149915001130965
mixed,fixed_grid,43,15,264,0.056818181818181816,3.042924201988483
mixed,fixed_grid,43,16,264,0.06060606060606061,3.130794597712374
mixed,fixed_grid,43,17,264,0.06439393939393939,2.974208492747014
mixed,fixed_grid,43,18,264,0.06818181818181818,2.9446169547619787
mixed,fixed_grid,43,19,264,0.07196969696969698,2.8800822257724703
mixed,fixed_grid,43,20,264,0.07575757575757576,3.0099308154550566
mixed,fixed_grid,43,21,264,0.07954545454545454,2.8987469469694793
mixed,fixed_grid,43,22,264,0.08333333333333333,2.9659615047636123
mixed,fixed_grid,43,23,264,0.08712121212121213,3.1193055998117787
mixed,fixed_grid,43,24,264,0.09090909090909091,3.0388632364281833
mixed,fixed_grid,43,25,264,0.0946969696969697,3.0498571273482122
mixed,fixed_grid,43,26,264,0.09848484848484848,3.161107258393396
mixed,fixed_grid,43,27,264,0.10227272727272728,3.2104482446768126
mixed,fixed_grid,43,28,264,0.10606060606060606,3.2033126566692283
mixed,fixed_grid,43,29,264,0.10984848484848485,3.1725840673090584
mixed,fixed_grid,43,30,264,0.11363636363636363,3.16144402743804
mixed,fixed_grid,43,31,264,0.11742424242424243,3.15939788152484
mixed,fixed_grid,43,32,264,0.12121212121212122,3.1471044261138275
mixed,fixed_grid,43,33,264,0.125,3.1056306488629626
mixed,fixed_grid,43,34,264,0.12878787878787878,3.249603805573964
mixed,fixed_grid,43,35,264,0.13257575757575757,3.2883841645630123
mixed,fixed_grid,43,36,264,0.13636363636363635,3.251889734517163
mixed,fixed_grid,43,37,264,0.14015151515151514,3.2134012862038444
mixed,fixed_grid,43,38,264,0.14393939393939395,3.237455275018539
mixed,fixed_grid,43,39,264,0.14772727272727273,3.218407489209671
mixed,fixed_grid,43,40,264,0.15151515151515152,3.2027120729564897
mixed,fixed_grid,43,41,264,0.1553030303030303,3.3084790317013915
mixed,fixed_grid,43,42,264,0.1590909090909091,3.26393838398649
mixed,fixed_grid,43,43,264,0.16287878787878787,3.2390226421033286
mixed,fixed_grid,43,44,264,0.16666666666666666,3.22101960574318
mixed,fixed_grid,43,45,264,0.17045454545454544,3.169621937510333
mixed,fixed_grid,43,46,264,0.17424242424242425,3.2595245468720275
mixed,fixed_grid,43,47,264,0.17803030303030304,3.2792277703766306
mixed,fixed_grid,43,48,264,0.18181818181818182,3.268377280439419
mixed,fixed_grid,43,49,264,0.1856060606060606,3.2508973200522515
mixed,fixed_grid,43,50,264,0.1893939393939394,3.213639744986701
mixed,fixed_grid,43,51,264,0.19318181818181818,3.199880904187974
mixed,fixed_grid,43,52,264,0.19696969696969696,3.20098053217101
mixed,fixed_grid,43,53,264,0.20075757575757575,3.2070210510514436
mixed,fixed_grid,43,54,264,0.20454545454545456,3.1633427507904908
mixed,fixed_grid,43,55,264,0.20833333333333334,3.2257574606244317
mixed,fixed_grid,43,56,264,0.21212121212121213,3.218709264890331
mixed,fixed_grid,43,57,264,0.2159090909090909,3.2051826291490904
mixed,fixed_grid,43,58,264,0.2196969696969697,3.2636425570351313
mixed,fixed_grid,43,59,264,0.22348484848484848,3.2592422292083723
mixed,fixed_grid,43,60,264,0.22727272727272727,3.2809888382560346
mixed,fixed_grid,43,61,264,0.23106060606060605,3.2932942802696252
mixed,fixed_grid,43,62,264,0.23484848484848486,3.2617057053895273
mixed,fixed_grid,43,63,264,0.23863636363636365,3.2472504521042636
mixed,fixed_grid,43,64,264,0.24242424242424243,3.2261572367650313
mixed,fixed_grid,43,65,264,0.24621212121212122,3.2178686557411553
mixed,fixed_grid,43,66,264,0.25,3.2160862064540483
mixed,fixed_grid,43,67,264,0.2537878787878788,3.2079355545865336
mixed,fixed_grid,43,68,264,0.25757575757575757,3.193791235340496
mixed,fixed_grid,43,69,264,0.26136363636363635,3.239359183870178
mixed,fixed_grid,43,70,264,0.26515151515151514,3.244383614644114
mixed,fixed_grid,43,71,264,0.2689393939393939,3.2488966981983007
mixed,fixed_grid,43,72,264,0.2727272727272727,3.238392586422373
mixed,fixed_grid,43,73,264,0.2765151515151515,3.221004809678663
mixed,fixed_grid,43,74,264,0.2803030303030303,3.1931041119346357
mixed,fixed_grid,43,75,264,0.2840909090909091,3.207594352197134
mixed,fixed_grid,43,76,264,0.2878787878787879,3.2485813282648195
mixed,fixed_grid,43,77,264,0.2916666666666667,3.293557942228859
mixed,fixed_grid,43,78,264,0.29545454545454547,3.2871607677834063
mixed,fixed_grid,43,79,264,0.29924242424242425,3.2861121470175756
mixed,fixed_grid,43,80,264,0.30303030303030304,3.279811224764233
mixed,fixed_grid,43,81,264,0.3068181818181818,3.3046708212622256
mixed,fixed_grid,43,82,264,0.3106060606060606,3.314960921218134
mixed,fixed_grid,43,83,264,0.3143939393939394,3.3182534764530867
mixed,fixed_grid,43,84,264,0.3181818181818182,3.3007244680846264
mixed,fixed_grid,43,85,264,0.32196969696969696,3.2972309418770744
mixed,fixed_grid,43,86,264,0.32575757575757575,3.275182179521326
mixed,fixed_grid,43,87,264,0.32954545454545453,3.2634547291734965
mixed,fixed_grid,43,88,264,0.3333333333333333,3.268924366267413
mixed,fixed_grid,43,89,264,0.3371212121212121,3.2536168322699646
mixed,fixed_grid,43,90,264,0.3409090909090909,3.247298938863286
mixed,fixed_grid,43,91,264,0.3446969696969697,3.2469594026215156
mixed,fixed_grid,43,92,264,0.3484848484848485,3.258526272433159
mixed,fixed_grid,43,93,264,0.3522727272727273,3.2533618217002105
mixed,fixed_grid,43,94,264,0.3560606060606061,3.255120401422269
mixed,fixed_grid,43,95,264,0.35984848484848486,3.2677698902181738
mixed,fixed_grid,43,96,264,0.36363636363636365,3.2675453737280855
mixed,fixed_grid,43,97,264,0.36742424242424243,3.2953315110024985
mixed,fixed_grid,43,98,264,0.3712121212121212,3.3222023892903003
mixed,fixed_grid,43,99,264,0.375,3.3163139546308877
mixed,fixed_grid,43,100,264,0.3787878787878788,3.3391782430490027
mixed,fixed_grid,43,101,264,0.38257575757575757,3.3299894149268923
mixed,fixed_grid,43,102,264,0.38636363636363635,3.31821500914661
mixed,fixed_grid,43,103,264,0.39015151515151514,3.360679064910532
mixed,fixed_grid,43,104,264,0.3939393939393939,3.3848992813589476
mixed,fixed_grid,43,105,264,0.3977272727272727,3.4252922545522417
mixed,fixed_grid,43,106,264,0.4015151515151515,3.4122358623178464
mixed,fixed_grid,43,107,264,0.4053030303030303,3.4359694474874676
mixed,fixed_grid,43,108,264,0.4090909090909091,3.4198094426103673
mixed,fixed_grid,43,109,264,0.4128787878787879,3.4020366713925623
mixed,fixed_grid,43,110,264,0.4166666666666667,3.389140196578782
mixed,fixed_grid,43,111,264,0.42045454545454547,3.378914228385719
mixed,fixed_grid,43,112,264,0.42424242424242425,3.4041491617861785
mixed,fixed_grid,43,113,264,0.42803030303030304,3.4178103361883045
mixed,fixed_grid,43,114,264,0.4318181818181818,3.4321916177112657
mixed,fixed_grid,43,115,264,0.4356060606060606,3.4178949496520197
mixed,fixed_grid,43,116,264,0.4393939393939394,3.412414436853125
mixed,fixed_grid,43,117,264,0.4431818181818182,3.4082131749627216
mixed,fixed_grid,43,118,264,0.44696969696969696,3.4123554658492625
mixed,fixed_grid,43,119,264,0.45075757575757575,3.4142126548443694
mixed,fixed_grid,43,120,264,0.45454545454545453,3.4472510382452195
mixed,fixed_grid,43,121,264,0.4583333333333333,3.4678617471726554
mixed,fixed_grid,43,122,264,0.4621212121212121,3.4618360943287536
mixed,fixed_grid,43,123,264,0.4659090909090909,3.4774941258502143
mixed,fixed_grid,43,124,264,0.4696969696969697,3.4791367254460197
mixed,fixed_grid,43,125,264,0.4734848484848485,3.50356466313296
mixed,fixed_grid,43,126,264,0.4772727272727273,3.506980433379824
mixed,fixed_grid,43,127,264,0.4810606060606061,3.5101934348843638
mixed,fixed_grid,43,128,264,0.48484848484848486,3.5004452574832636
mixed,fixed_grid,43,129,264,0.48863636363636365,3.518214167951036
mixed,fixed_grid,43,130,264,0.49242424242424243,3.504535369956872
mixed,fixed_grid,43,131,264,0.4962121212121212,3.492407415622283
mixed,fixed_grid,43,132,264,0.5,3.4879107924680586
mixed,fixed_grid,43,133,264,0.5037878787878788,3.501746246137083
mixed,fixed_grid,43,134,264,0.5075757575757576,3.488532198324553
mixed,fixed_grid,43,135,264,0.5113636363636364,3.498763007423083
mixed,fixed_grid,43,136,264,0.5151515151515151,3.509665132897471
mixed,fixed_grid,43,137,264,0.5189393939393939,3.5049268465914736
mixed,fixed_grid,43,138,264,0.5227272727272727,3.533104715065087
mixed,fixed_grid,43,139,264,0.5265151515151515,3.5451808184663856
mixed,fixed_grid,43,140,264,0.5303030303030303,3.528923115854513
mixed,fixed_grid,43,141,264,0.5340909090909091,3.5203375907447443
mixed,fixed_grid,43,142,264,0.5378787878787878,3.5079471721708746
mixed,fixed_grid,43,143,264,0.5416666666666666,3.509642704545212
mixed,fixed_grid,43,144,264,0.5454545454545454,3.515129642819689
mixed,fixed_grid,43,145,264,0.5492424242424242,3.500959879149508
mixed,fixed_grid,43,146,264,0.553030303030303,3.4875689363728988
mixed,fixed_grid,43,147,264,0.5568181818181818,3.4988418645876203
mixed,fixed_grid,43,148,264,0.5606060606060606,3.484562018447771
mixed,fixed_grid,43,149,264,0.5643939393939394,3.5093862177821693
mixed,fixed_grid,43,150,264,0.5681818181818182,3.496437616198106
mixed,fixed_grid,43,151,264,0.571969696969697,3.5196471889981416
mixed,fixed_grid,43,152,264,0.5757575757575758,3.520055731118019
mixed,fixed_grid,43,153,264,0.5795454545454546,3.516865721726528
mixed,fixed_grid,43,154,264,0.5833333333333334,3.502383870505854
mixed,fixed_grid,43,155,264,0.5871212121212122,3.511255435344881
mixed,fixed_grid,43,156,264,0.5909090909090909,3.541329985354296
mixed,fixed_grid,43,157,264,0.5946969696969697,3.550083921193719
mixed,fixed_grid,43,158,264,0.5984848484848485,3.5421373802026883
mixed,fixed_grid,43,159,264,0.6022727272727273,3.5543731446620237
mixed,fixed_grid,43,160,264,0.6060606060606061,3.59524813401116
mixed,fixed_grid,43,161,264,0.6098484848484849,3.5834345012705855
mixed,fixed_grid,43,162,264,0.6136363636363636,3.5772549613290594
mixed,fixed_grid,43,163,264,0.6174242424242424,3.588048656147478
mixed,fixed_grid,43,164,264,0.6212121212121212,3.593574843228523
mixed,fixed_grid,43,165,264,0.625,3.590926567051811
mixed,fixed_grid,43,166,264,0.6287878787878788,3.5813973478112793
mixed,fixed_grid,43,167,264,0.6325757575757576,3.569912137006697
mixed,fixed_grid,43,168,264,0.6363636363636364,3.5641710880387363
mixed,fixed_grid,43,169,264,0.6401515151515151,3.5662678993674026
mixed,fixed_grid,43,170,264,0.6439393939393939,3.568869024692152
mixed,fixed_grid,43,171,264,0.6477272727272727,3.5636862630598563
mixed,fixed_grid,43,172,264,0.6515151515151515,3.5749610669073473
mixed,fixed_grid,43,173,264,0.6553030303030303,3.575221806421229
mixed,fixed_grid,43,174,264,0.6590909090909091,3.5670509215708357
mixed,fixed_grid,43,175,264,0.6628787878787878,3.548915956760898
mixed,fixed_grid,43,176,264,0.6666666666666666,3.539952235106807
mixed,fixed_grid,43,177,264,0.6704545454545454,3.5365715250409444
mixed,fixed_grid,43,178,264,0.6742424242424242,3.5503272364769165
mixed,fixed_grid,43,179,264,0.678030303030303,3.5379445111883463
mixed,fixed_grid,43,180,264,0.6818181818181818,3.53290740487004
mixed,fixed_grid,43,181,264,0.6856060606060606,3.5296130806736983
mixed,fixed_grid,43,182,264,0.6893939393939394,3.5316354480608543
mixed,fixed_grid,43,183,264,0.6931818181818182,3.5263967521665207
mixed,fixed_grid,43,184,264,0.696969696969697,3.5182719343739195
mixed,fixed_grid,43,185,264,0.7007575757575758,3.5279152816887307
mixed,fixed_grid,43,186,264,0.7045454545454546,3.525207710330752
mixed,fixed_grid,43,187,264,0.7083333333333334,3.558188232033512
mixed,fixed_grid,43,188,264,0.7121212121212122,3.5609843799970853
mixed,fixed_grid,43,189,264,0.7159090909090909,3.558733206883831
mixed,fixed_grid,43,190,264,0.7196969696969697,3.553819913658903
mixed,fixed_grid,43,191,264,0.7234848484848485,3.5625089727812176
mixed,fixed_grid,43,192,264,0.7272727272727273,3.5642713847542633
mixed,fixed_grid,43,193,264,0.7310606060606061,3.572209799336068
mixed,fixed_grid,43,194,264,0.7348484848484849,3.568910125731437
mixed,fixed_grid,43,195,264,0.7386363636363636,3.5793009924019734
mixed,fixed_grid,43,196,264,0.7424242424242424,3.5749728146571536
mixed,fixed_grid,43,197,264,0.7462121212121212,3.569125366728435
mixed,fixed_grid,43,198,264,0.75,3.5689193417495586
mixed,fixed_grid,43,199,264,0.7537878787878788,3.564663982969609
mixed,fixed_grid,43,200,264,0.7575757575757576,3.566240324850045
mixed,fixed_grid,43,201,264,0.7613636363636364,3.5732047219571994
mixed,fixed_grid,43,202,264,0.7651515151515151,3.5644970926710315
mixed,fixed_grid,43,203,264,0.7689393939393939,3.5582739669182795
mixed,fixed_grid,43,204,264,0.7727272727272727,3.583370373972369
mixed,fixed_grid,43,205,264,0.7765151515151515,3.577458706593535
mixed,fixed_grid,43,206,264,0.7803030303030303,3.570302639793692
mixed,fixed_grid,43,207,264,0.7840909090909091,3.5750566736256744
mixed,fixed_grid,43,208,264,0.7878787878787878,3.6061037064750585
mixed,fixed_grid,43,209,264,0.7916666666666666,3.6139915202418518
mixed,fixed_grid,43,210,264,0.7954545454545454,3.614040823950812
mixed,fixed_grid,43,211,264,0.7992424242424242,3.606545198365391
mixed,fixed_grid,43,212,264,0.803030303030303,3.6073922619422785
mixed,fixed_grid,43,213,264,0.8068181818181818,3.614571366596393
mixed,fixed_grid,43,214,264,0.8106060606060606,3.6078634032470496
mixed,fixed_grid,43,215,264,0.8143939393939394,3.6128963610627935
mixed,fixed_grid,43,216,264,0.8181818181818182,3.6098117870369055
mixed,fixed_grid,43,217,264,0.821969696969697,3.631429448760041
mixed,fixed_grid,43,218,264,0.8257575757575758,3.629976422019243
mixed,fixed_grid,43,219,264,0.8295454545454546,3.633962821767122
mixed,fixed_grid,43,220,264,0.8333333333333334,3.6243006210042954
mixed,fixed_grid,43,221,264,0.8371212121212122,3.6310594459871552
mixed,fixed_grid,43,222,264,0.8409090909090909,3.6221830545110465
mixed,fixed_grid,43,223,264,0.8446969696969697,3.624439249635849
mixed,fixed_grid,43,224,264,0.8484848484848485,3.61613417169966
mixed,fixed_grid,43,225,264,0.8522727272727273,3.6181270422169307
mixed,fixed_grid,43,226,264,0.8560606060606061,3.620732165973376
mixed,fixed_grid,43,227,264,0.8598484848484849,3.624734301159432
mixed,fixed_grid,43,228,264,0.8636363636363636,3.626083498861211
mixed,fixed_grid,43,229,264,0.8674242424242424,3.627856799837264
mixed,fixed_grid,43,230,264,0.8712121212121212,3.615738126232084
mixed,fixed_grid,43,231,264,0.875,3.63160478777268
mixed,fixed_grid,43,232,264,0.8787878787878788,3.6274595887646073
mixed,fixed_grid,43,233,264,0.8825757575757576,3.6235654145903875
mixed,fixed_grid,43,234,264,0.8863636363636364,3.6173477074444076
mixed,fixed_grid,43,235,264,0.8901515151515151,3.6244374304213114
mixed,fixed_grid,43,236,264,0.8939393939393939,3.6143973274280103
mixed,fixed_grid,43,237,264,0.8977272727272727,3.6104111754865866
mixed,fixed_grid,43,238,264,0.9015151515151515,3.6111572254812287
mixed,fixed_grid,43,239,264,0.9053030303030303,3.610306883977145
mixed,fixed_grid,43,240,264,0.9090909090909091,3.600459282736996
mixed,fixed_grid,43,241,264,0.9128787878787878,3.605964192381564
mixed,fixed_grid,43,242,264,0.9166666666666666,3.6051996534628867
mixed,fixed_grid,43,243,264,0.9204545454545454,3.603158225124461
mixed,fixed_grid,43,244,264,0.9242424242424242,3.5957110060382287
mixed,fixed_grid,43,245,264,0.928030303030303,3.58761402728509
mixed,fixed_grid,43,246,264,0.9318181818181818,3.581512357187828
mixed,fixed_grid,43,247,264,0.9356060606060606,3.5838807266821235
mixed,fixed_grid,43,248,264,0.9393939393939394,3.5738479955706497
mixed,fixed_grid,43,249,264,0.9431818181818182,3.5810183236776583
mixed,fixed_grid,43,250,264,0.946969696969697,3.5889833396967914
mixed,fixed_grid,43,251,264,0.9507575757575758,3.580574260577981
mixed,fixed_grid,43,252,264,0.9545454545454546,3.5753799898968057
mixed,fixed_grid,43,253,264,0.9583333333333334,3.572350351785182
mixed,fixed_grid,43,254,264,0.9621212121212122,3.579511904100137
mixed,fixed_grid,43,255,264,0.9659090909090909,3.569777607204335
mixed,fixed_grid,43,256,264,0.9696969696969697,3.580220953443043
mixed,fixed_grid,43,257,264,0.9734848484848485,3.57928796125478
mixed,fixed_grid,43,258,264,0.9772727272727273,3.586328769081983
mixed,fixed_grid,43,259,264,0.9810606060606061,3.589126498041866
mixed,fixed_grid,43,260,264,0.9848484848484849,3.593412441341397
mixed,fixed_grid,43,261,264,0.9886363636363636,3.584853571838303
mixed,fixed_grid,43,262,264,0.9924242424242424,3.593360417586847
mixed,fixed_grid,43,263,264,0.9962121212121212,3.617770664908334
mixed,fixed_grid,43,264,264,1.0,3.614383938767978
mixed,global,17,1,264,0.003787878787878788,0.5360591619523994
mixed,global,17,2,264,0.007575757575757576,2.4165675479783784
mixed,global,17,3,264,0.011363636363636364,2.7856667417025065
mixed,global,17,4,264,0.015151515151515152,3.159688723132306
mixed,global,17,5,264,0.01893939393939394,2.996952181415817
mixed,global,17,6,264,0.022727272727272728,2.718439791041851
mixed,global,17,7,264,0.026515151515151516,3.18588724397246
mixed,global,17,8,264,0.030303030303030304,2.9875220866718695
mixed,global,17,9,264,0.03409090909090909,3.0687783572153178
mixed,global,17,10,264,0.03787878787878788,3.0150871950952065
mixed,global,17,11,264,0.041666666666666664,2.84693067217575
mixed,global,17,12,264,0.045454545454545456,2.732621778839207
mixed,global,17,13,264,0.04924242424242424,2.9895334798333844
mixed,global,17,14,264,0.05303030303030303,3.0535686858761606
mixed,global,17,15,264,0.056818181818181816,3.139797102284017
mixed,global,17,16,264,0.06060606060606061,3.072943375272249
mixed,global,17,17,264,0.06439393939393939,3.0174855395231095
mixed,global,17,18,264,0.06818181818181818,2.9745549073676796
mixed,global,17,19,264,0.07196969696969698,2.94192038458792
mixed,global,17,20,264,0.07575757575757576,3.0214527766774086
mixed,global,17,21,264,0.07954545454545454,3.0186870184502483
mixed,global,17,22,264,0.08333333333333333,3.1139953704441017
mixed,global,17,23,264,0.08712121212121213,3.0440673184610887
mixed,global,17,24,264,0.09090909090909091,3.0027307576637354
mixed,global,17,25,264,0.0946969696969697,2.9531111361634936
mixed,global,17,26,264,0.09848484848484848,2.9511693224194007
mixed,global,17,27,264,0.10227272727272728,2.967299757535204
mixed,global,17,28,264,0.10606060606060606,3.0212965779566354
mixed,global,17,29,264,0.10984848484848485,3.071403757045659
mixed,global,17,30,264,0.11363636363636363,3.15791577933103
mixed,global,17,31,264,0.11742424242424243,3.0801470113024743
mixed,global,17,32,264,0.12121212121212122,3.0763448138302545
mixed,global,17,33,264,0.125,3.154015548444525
mixed,global,17,34,264,0.12878787878787878,3.0977788840334948
mixed,global,17,35,264,0.13257575757575757,3.0529911326253165
mixed,global,17,36,264,0.13636363636363635,3.030992796359296
mixed,global,17,37,264,0.14015151515151514,3.0613324085087226
mixed,global,17,38,264,0.14393939393939395,3.1015969795792024
mixed,global,17,39,264,0.14772727272727273,3.1277958081950263
mixed,global,17,40,264,0.15151515151515152,3.118217469224822
mixed,global,17,41,264,0.1553030303030303,3.1006373525897373
mixed,global,17,42,264,0.1590909090909091,3.158974853346046
mixed,global,17,43,264,0.16287878787878787,3.140146869452405
mixed,global,17,44,264,0.16666666666666666,3.1518501656828946
mixed,global,17,45,264,0.17045454545454544,3.1173072463267766
mixed,global,17,46,264,0.17424242424242425,3.0982063846737136
mixed,global,17,47,264,0.17803030303030304,3.1140471716218814
mixed,global,17,48,264,0.18181818181818182,3.1534901918604787
mixed,global,17,49,264,0.1856060606060606,3.177989983742248
mixed,global,17,50,264,0.1893939393939394,3.163282617416046
mixed,global,17,51,264,0.19318181818181818,3.1746668859092675
mixed,global,17,52,264,0.19696969696969696,3.1738024878311424
mixed,global,17,53,264,0.20075757575757575,3.2203414313876673
mixed,global,17,54,264,0.20454545454545456,3.182088069462096
mixed,global,17,55,264,0.20833333333333334,3.1799094359782725
mixed,global,17,56,264,0.21212121212121213,3.2018222000895067
mixed,global,17,57,264,0.2159090909090909,3.186626483655253
mixed,global,17,58,264,0.2196969696969697,3.1474957444730727
mixed,global,17,59,264,0.22348484848484848,3.1671241027397126
mixed,global,17,60,264,0.22727272727272727,3.133452312390505
mixed,global,17,61,264,0.23106060606060605,3.168878392442638
mixed,global,17,62,264,0.23484848484848486,3.2215013081416353
mixed,global,17,63,264,0.23863636363636365,3.2429558679174035
mixed,global,17,64,264,0.24242424242424243,3.218615131308273
mixed,global,17,65,264,0.24621212121212122,3.2463654086458096
mixed,global,17,66,264,0.25,3.2361815562605027
mixed,global,17,67,264,0.2537878787878788,3.2911575155371753
mixed,global,17,68,264,0.25757575757575757,3.2575109374615967
mixed,global,17,69,264,0.26136363636363635,3.2518494025247797
mixed,global,17,70,264,0.26515151515151514,3.263520594326252
mixed,global,17,71,264,0.2689393939393939,3.2768010204356472
mixed,global,17,72,264,0.2727272727272727,3.3232842450932742
mixed,global,17,73,264,0.2765151515151515,3.381673524616078
mixed,global,17,74,264,0.2803030303030303,3.420043420015468
mixed,global,17,75,264,0.2840909090909091,3.386321463528639
mixed,global,17,76,264,0.2878787878787879,3.378423365197214
mixed,global,17,77,264,0.2916666666666667,3.401694585748837
mixed,global,17,78,264,0.29545454545454547,3.3980407924016105
mixed,global,17,79,264,0.29924242424242425,3.3904806194353263
mixed,global,17,80,264,0.30303030303030304,3.3633972736054396
mixed,global,17,81,264,0.3068181818181818,3.3673737636513033
mixed,global,17,82,264,0.3106060606060606,3.3950027881285902
mixed,global,17,83,264,0.3143939393939394,3.3808579104954357
mixed,global,17,84,264,0.3181818181818182,3.3503021657804157
mixed,global,17,85,264,0.32196969696969696,3.3322841465607134
mixed,global,17,86,264,0.32575757575757575,3.362998983118007
mixed,global,17,87,264,0.32954545454545453,3.3975385591547234
mixed,global,17,88,264,0.3333333333333333,3.3760131606934762
mixed,global,17,89,264,0.3371212121212121,3.371607899407342
mixed,global,17,90,264,0.3409090909090909,3.358646066066699
mixed,global,17,91,264,0.3446969696969697,3.3694894947055056
mixed,global,17,92,264,0.3484848484848485,3.3453124203887223
mixed,global,17,93,264,0.3522727272727273,3.35043184022028
mixed,global,17,94,264,0.3560606060606061,3.3739997108689046
mixed,global,17,95,264,0.35984848484848486,3.401870542453787
mixed,global,17,96,264,0.36363636363636365,3.3854724666429767
mixed,global,17,97,264,0.36742424242424243,3.4026230806931004
mixed,global,17,98,264,0.3712121212121212,3.397383844705468
mixed,global,17,99,264,0.375,3.3858371349921392
mixed,global,17,100,264,0.3787878787878788,3.40010206675603
mixed,global,17,101,264,0.38257575757575757,3.3920070819264447
mixed,global,17,102,264,0.38636363636363635,3.3940068512950234
mixed,global,17,103,264,0.39015151515151514,3.384963131191907
mixed,global,17,104,264,0.3939393939393939,3.3683604646462246
mixed,global,17,105,264,0.3977272727272727,3.354643755709331
mixed,global,17,106,264,0.4015151515151515,3.389719873625325
mixed,global,17,107,264,0.4053030303030303,3.383922563297471
mixed,global,17,108,264,0.4090909090909091,3.3882854447024013
mixed,global,17,109,264,0.4128787878787879,3.414332664454004
mixed,global,17,110,264,0.4166666666666667,3.4110643990137133
mixed,global,17,111,264,0.42045454545454547,3.4362810291489976
mixed,global,17,112,264,0.42424242424242425,3.429028025950561
mixed,global,17,113,264,0.42803030303030304,3.420522459253064
mixed,global,17,114,264,0.4318181818181818,3.4107397129115973
mixed,global,17,115,264,0.4356060606060606,3.4003343521844847
mixed,global,17,116,264,0.4393939393939394,3.4127897764578554
mixed,global,17,117,264,0.4431818181818182,3.4038408103560682
mixed,global,17,118,264,0.44696969696969696,3.4207095863152155
mixed,global,17,119,264,0.45075757575757575,3.4114727183531306
mixed,global,17,120,264,0.45454545454545453,3.3908634146350725
mixed,global,17,121,264,0.4583333333333333,3.38679719049053
mixed,global,17,122,264,0.4621212121212121,3.41556866256448
mixed,global,17,123,264,0.4659090909090909,3.4210842156445374
mixed,global,17,124,264,0.4696969696969697,3.4077380623418505
mixed,global,17,125,264,0.4734848484848485,3.4041652034044017
mixed,global,17,126,264,0.4772727272727273,3.4329928859828973
mixed,global,17,127,264,0.4810606060606061,3.4287635622753028
mixed,global,17,128,264,0.48484848484848486,3.4517338017175687
mixed,global,17,129,264,0.48863636363636365,3.486977730671145
mixed,global,17,130,264,0.49242424242424243,3.485546096704741
mixed,global,17,131,264,0.4962121212121212,3.4873423678377065
mixed,global,17,132,264,0.5,3.4815365301374634
mixed,global,17,133,264,0.5037878787878788,3.5178272096660423
mixed,global,17,134,264,0.5075757575757576,3.5015022401738016
mixed,global,17,135,264,0.5113636363636364,3.515722601198789
mixed,global,17,136,264,0.5151515151515151,3.51411850863994
mixed,global,17,137,264,0.5189393939393939,3.504674490106151
mixed,global,17,138,264,0.5227272727272727,3.5227687817869655
mixed,global,17,139,264,0.5265151515151515,3.5194495593151673
mixed,global,17,140,264,0.5303030303030303,3.509554354665348
mixed,global,17,141,264,0.5340909090909091,3.507640280145295
mixed,global,17,142,264,0.5378787878787878,3.5039420179338747
mixed,global,17,143,264,0.5416666666666666,3.5345021536110397
mixed,global,17,144,264,0.5454545454545454,3.524135492396053
mixed,global,17,145,264,0.5492424242424242,3.5161827715213936
mixed,global,17,146,264,0.553030303030303,3.5171422456968537
mixed,global,17,147,264,0.5568181818181818,3.506365342622408
mixed,global,17,148,264,0.5606060606060606,3.501277904147069
mixed,global,17,149,264,0.5643939393939394,3.514238147275723
mixed,global,17,150,264,0.5681818181818182,3.523296983810053
mixed,global,17,151,264,0.571969696969697,3.5107905422751835
mixed,global,17,152,264,0.5757575757575758,3.4969353522555995
mixed,global,17,153,264,0.5795454545454546,3.490057959370064
mixed,global,17,154,264,0.5833333333333334,3.5033345318492892
mixed,global,17,155,264,0.5871212121212122,3.524618100412661
mixed,global,17,156,264,0.5909090909090909,3.5082627015473533
mixed,global,17,157,264,0.5946969696969697,3.5299683503364196
mixed,global,17,158,264,0.5984848484848485,3.547685689610903
mixed,global,17,159,264,0.6022727272727273,3.5741782902049892
mixed,global,17,160,264,0.6060606060606061,3.5732665268663064
mixed,global,17,161,264,0.6098484848484849,3.578833436921115
mixed,global,17,162,264,0.6136363636363636,3.591485768906766
mixed,global,17,163,264,0.6174242424242424,3.6024989827295566
mixed,global,17,164,264,0.6212121212121212,3.6362266257297744
mixed,global,17,165,264,0.625,3.6237933186612494
mixed,global,17,166,264,0.6287878787878788,3.616532063391329
mixed,global,17,167,264,0.6325757575757576,3.6380393286834813
mixed,global,17,168,264,0.6363636363636364,3.6331379118341895
mixed,global,17,169,264,0.6401515151515151,3.644283559760164
mixed,global,17,170,264,0.6439393939393939,3.635189810020595
mixed,global,17,171,264,0.6477272727272727,3.6338274634448093
mixed,global,17,172,264,0.6515151515151515,3.6225263747076584
mixed,global,17,173,264,0.6553030303030303,3.614626494813351
mixed,global,17,174,264,0.6590909090909091,3.621532372470472
mixed,global,17,175,264,0.6628787878787878,3.612364019484932
mixed,global,17,176,264,0.6666666666666666,3.617665304347334
mixed,global,17,177,264,0.6704545454545454,3.6076720989193505
mixed,global,17,178,264,0.6742424242424242,3.6205980356942757
mixed,global,17,179,264,0.678030303030303,3.607223743906738
mixed,global,17,180,264,0.6818181818181818,3.592882869932592
mixed,global,17,181,264,0.6856060606060606,3.5825865471518035
mixed,global,17,182,264,0.6893939393939394,3.614643621796548
mixed,global,17,183,264,0.6931818181818182,3.6203811835039805
mixed,global,17,184,264,0.696969696969697,3.6337662653767224
mixed,global,17,185,264,0.7007575757575758,3.629891498060259
mixed,global,17,186,264,0.7045454545454546,3.627408981072765
mixed,global,17,187,264,0.7083333333333334,3.6236475575387885
mixed,global,17,188,264,0.7121212121212122,3.617786775497371
mixed,global,17,189,264,0.7159090909090909,3.6037906505751955
mixed,global,17,190,264,0.7196969696969697,3.6156052907695306
mixed,global,17,191,264,0.7234848484848485,3.639520286352651
mixed,global,17,192,264,0.7272727272727273,3.641950941815717
mixed,global,17,193,264,0.7310606060606061,3.6355989020789927
mixed,global,17,194,264,0.7348484848484849,3.6451903925698623
mixed,global,17,195,264,0.7386363636363636,3.6445926193170926
mixed,global,17,196,264,0.7424242424242424,3.6314515448395603
mixed,global,17,197,264,0.7462121212121212,3.656981591026431
mixed,global,17,198,264,0.75,3.653272900844041
mixed,global,17,199,264,0.7537878787878788,3.656356936420949
mixed,global,17,200,264,0.7575757575757576,3.649868079820721
mixed,global,17,201,264,0.7613636363636364,3.645299365957619
mixed,global,17,202,264,0.7651515151515151,3.6598770618367302
mixed,global,17,203,264,0.7689393939393939,3.6692613056470664
mixed,global,17,204,264,0.7727272727272727,3.68594162986705
mixed,global,17,205,264,0.7765151515151515,3.6724928219039206
mixed,global,17,206,264,0.7803030303030303,3.6788502529285423
mixed,global,17,207,264,0.7840909090909091,3.6701068524570686
mixed,global,17,208,264,0.7878787878787878,3.679084544050798
mixed,global,17,209,264,0.7916666666666666,3.693787892451609
mixed,global,17,210,264,0.7954545454545454,3.6871575523105182
mixed,global,17,211,264,0.7992424242424242,3.691488832542865
mixed,global,17,212,264,0.803030303030303,3.6929461130284262
mixed,global,17,213,264,0.8068181818181818,3.699017777802914
mixed,global,17,214,264,0.8106060606060606,3.6875832364291825
mixed,global,17,215,264,0.8143939393939394,3.6855969665573984
mixed,global,17,216,264,0.8181818181818182,3.703209704189124
mixed,global,17,217,264,0.821969696969697,3.6961835644131806
mixed,global,17,218,264,0.8257575757575758,3.692544877982422
mixed,global,17,219,264,0.8295454545454546,3.6941271856032403
mixed,global,17,220,264,0.8333333333333334,3.6813879654301305
mixed,global,17,221,264,0.8371212121212122,3.684268699297385
mixed,global,17,222,264,0.8409090909090909,3.6849337084856466
mixed,global,17,223,264,0.8446969696969697,3.686345121636096
mixed,global,17,224,264,0.8484848484848485,3.6816321838503816
mixed,global,17,225,264,0.8522727272727273,3.6891896849483365
mixed,global,17,226,264,0.8560606060606061,3.6807319751568928
mixed,global,17,227,264,0.8598484848484849,3.689900492268222
mixed,global,17,228,264,0.8636363636363636,3.682122959526939
mixed,global,17,229,264,0.8674242424242424,3.678799211344737
mixed,global,17,230,264,0.8712121212121212,3.671896219783004
mixed,global,17,231,264,0.875,3.6684304637886984
mixed,global,17,232,264,0.8787878787878788,3.6818304900930086
mixed,global,17,233,264,0.8825757575757576,3.6798619528444725
mixed,global,17,234,264,0.8863636363636364,3.6747705768649612
mixed,global,17,235,264,0.8901515151515151,3.672221607204585
mixed,global,17,236,264,0.8939393939393939,3.6722171661670213
mixed,global,17,237,264,0.8977272727272727,3.6813008701425063
mixed,global,17,238,264,0.9015151515151515,3.674406684864401
mixed,global,17,239,264,0.9053030303030303,3.672416595058451
mixed,global,17,240,264,0.9090909090909091,3.6740891464931216
mixed,global,17,241,264,0.9128787878787878,3.665723531609605
mixed,global,17,242,264,0.9166666666666666,3.6968452224845727
mixed,global,17,243,264,0.9204545454545454,3.6890750063477977
mixed,global,17,244,264,0.9242424242424242,3.69983622885068
mixed,global,17,245,264,0.928030303030303,3.695992325620463
mixed,global,17,246,264,0.9318181818181818,3.6962203021502145
mixed,global,17,247,264,0.9356060606060606,3.6962195807087155
mixed,global,17,248,264,0.9393939393939394,3.692292113888462
mixed,global,17,249,264,0.9431818181818182,3.686431507767922
mixed,global,17,250,264,0.946969696969697,3.68682666540906
mixed,global,17,251,264,0.9507575757575758,3.677744746898848
mixed,global,17,252,264,0.9545454545454546,3.6806529739840856
mixed,global,17,253,264,0.9583333333333334,3.6739811908607987
mixed,global,17,254,264,0.9621212121212122,3.6662750268174364
mixed,global,17,255,264,0.9659090909090909,3.683015297960673
mixed,global,17,256,264,0.9696969696969697,3.679390505408638
mixed,global,17,257,264,0.9734848484848485,3.674502855063044
mixed,global,17,258,264,0.9772727272727273,3.6783387111427848
mixed,global,17,259,264,0.9810606060606061,3.677604428416073
mixed,global,17,260,264,0.9848484848484849,3.67158607695401
mixed,global,17,261,264,0.9886363636363636,3.6883168295752715
mixed,global,17,262,264,0.9924242424242424,3.67994689131514
mixed,global,17,263,264,0.9962121212121212,3.7117558745509442
mixed,global,17,264,264,1.0,3.717707954597785
mixed,global,29,1,264,0.003787878787878788,6.738480882822079
mixed,global,29,2,264,0.007575757575757576,4.041324594899415
mixed,global,29,3,264,0.011363636363636364,4.345379554212403
mixed,global,29,4,264,0.015151515151515152,3.671974726779875
mixed,global,29,5,264,0.01893939393939394,4.041595098233973
mixed,global,29,6,264,0.022727272727272728,4.0223383962800705
mixed,global,29,7,264,0.026515151515151516,3.745682664591846
mixed,global,29,8,264,0.030303030303030304,3.59018189418204
mixed,global,29,9,264,0.03409090909090909,3.4792014027738727
mixed,global,29,10,264,0.03787878787878788,3.996640208153038
mixed,global,29,11,264,0.041666666666666664,3.86097352160594
mixed,global,29,12,264,0.045454545454545456,3.821917779112359
mixed,global,29,13,264,0.04924242424242424,3.8913816989013883
mixed,global,29,14,264,0.05303030303030303,3.913687375773307
mixed,global,29,15,264,0.056818181818181816,3.847913858482668
mixed,global,29,16,264,0.06060606060606061,3.763726027833066
mixed,global,29,17,264,0.06439393939393939,3.710824514746385
mixed,global,29,18,264,0.06818181818181818,3.652047878337133
mixed,global,29,19,264,0.07196969696969698,3.5714010297535617
mixed,global,29,20,264,0.07575757575757576,3.6260688695657124
mixed,global,29,21,264,0.07954545454545454,3.5590845770471113
mixed,global,29,22,264,0.08333333333333333,3.500848304387347
mixed,global,29,23,264,0.08712121212121213,3.469660338188732
mixed,global,29,24,264,0.09090909090909091,3.637559799358904
mixed,global,29,25,264,0.0946969696969697,3.608588425620331
mixed,global,29,26,264,0.09848484848484848,3.5777713424120416
mixed,global,29,27,264,0.10227272727272728,3.658503072808588
mixed,global,29,28,264,0.10606060606060606,3.607851294745166
mixed,global,29,29,264,0.10984848484848485,3.5880665525285225
mixed,global,29,30,264,0.11363636363636363,3.491773189879807
mixed,global,29,31,264,0.11742424242424243,3.4862786586206758
mixed,global,29,32,264,0.12121212121212122,3.4748107561148482
mixed,global,29,33,264,0.125,3.4523523675205
mixed,global,29,34,264,0.12878787878787878,3.419589373615599
mixed,global,29,35,264,0.13257575757575757,3.4205534057642604
mixed,global,29,36,264,0.13636363636363635,3.45311167448987
mixed,global,29,37,264,0.14015151515151514,3.474743521426459
mixed,global,29,38,264,0.14393939393939395,3.4769355309135856
mixed,global,29,39,264,0.14772727272727273,3.456905966873604
mixed,global,29,40,264,0.15151515151515152,3.419455892927007
mixed,global,29,41,264,0.1553030303030303,3.3710550286847845
mixed,global,29,42,264,0.1590909090909091,3.482231420998996
mixed,global,29,43,264,0.16287878787878787,3.4779519126479146
mixed,global,29,44,264,0.16666666666666666,3.456116103135226
mixed,global,29,45,264,0.17045454545454544,3.4109736307234693
mixed,global,29,46,264,0.17424242424242425,3.365420104093508
mixed,global,29,47,264,0.17803030303030304,3.326206523985827
mixed,global,29,48,264,0.18181818181818182,3.3604027827342295
mixed,global,29,49,264,0.1856060606060606,3.4080644430893567
mixed,global,29,50,264,0.1893939393939394,3.4000685696826944
mixed,global,29,51,264,0.19318181818181818,3.3852849895807604
mixed,global,29,52,264,0.19696969696969696,3.431428361767184
mixed,global,29,53,264,0.20075757575757575,3.422099325524315
mixed,global,29,54,264,0.20454545454545456,3.467377285426966
mixed,global,29,55,264,0.20833333333333334,3.4493251088419523
mixed,global,29,56,264,0.21212121212121213,3.448638082752393
mixed,global,29,57,264,0.2159090909090909,3.4349099122332927
mixed,global,29,58,264,0.2196969696969697,3.4111127385883453
mixed,global,29,59,264,0.22348484848484848,3.380996751571958
mixed,global,29,60,264,0.22727272727272727,3.375131919116783
mixed,global,29,61,264,0.23106060606060605,3.330704970172745
mixed,global,29,62,264,0.23484848484848486,3.317326964928175
mixed,global,29,63,264,0.23863636363636365,3.351306526239638
mixed,global,29,64,264,0.24242424242424243,3.3507532139997758
mixed,global,29,65,264,0.24621212121212122,3.3537288540826573
mixed,global,29,66,264,0.25,3.33395513473212
mixed,global,29,67,264,0.2537878787878788,3.3871622652142097
mixed,global,29,68,264,0.25757575757575757,3.386120864530472
mixed,global,29,69,264,0.26136363636363635,3.383267025135253
mixed,global,29,70,264,0.26515151515151514,3.3567055363205283
mixed,global,29,71,264,0.2689393939393939,3.3576563739495238
mixed,global,29,72,264,0.2727272727272727,3.3468427635389797
mixed,global,29,73,264,0.2765151515151515,3.4244117840815615
mixed,global,29,74,264,0.2803030303030303,3.423398470752537
mixed,global,29,75,264,0.2840909090909091,3.407676905654248
mixed,global,29,76,264,0.2878787878787879,3.4281010858732315
mixed,global,29,77,264,0.2916666666666667,3.417799335778926
mixed,global,29,78,264,0.29545454545454547,3.4004103201756997
mixed,global,29,79,264,0.29924242424242425,3.3742998184271173
mixed,global,29,80,264,0.30303030303030304,3.374700432144537
mixed,global,29,81,264,0.3068181818181818,3.430176708424188
mixed,global,29,82,264,0.3106060606060606,3.4449053220810057
mixed,global,29,83,264,0.3143939393939394,3.455911922053524
mixed,global,29,84,264,0.3181818181818182,3.453519653928282
mixed,global,29,85,264,0.32196969696969696,3.464785520797641
mixed,global,29,86,264,0.32575757575757575,3.4797440153303185
mixed,global,29,87,264,0.32954545454545453,3.469821569382489
mixed,global,29,88,264,0.3333333333333333,3.478996052486937
mixed,global,29,89,264,0.3371212121212121,3.5155579401980703
mixed,global,29,90,264,0.3409090909090909,3.5391966880002
mixed,global,29,91,264,0.3446969696969697,3.5252732174734303
mixed,global,29,92,264,0.3484848484848485,3.549174143523225
mixed,global,29,93,264,0.3522727272727273,3.5859375125142967
mixed,global,29,94,264,0.3560606060606061,3.58586762296486
mixed,global,29,95,264,0.35984848484848486,3.60138676723693
mixed,global,29,96,264,0.36363636363636365,3.582110235961514
mixed,global,29,97,264,0.36742424242424243,3.569517240715248
mixed,global,29,98,264,0.3712121212121212,3.5841660573850027
mixed,global,29,99,264,0.375,3.5955359497321235
mixed,global,29,100,264,0.3787878787878788,3.5868595871998235
mixed,global,29,101,264,0.38257575757575757,3.5773589648439637
mixed,global,29,102,264,0.38636363636363635,3.5637133075704104
mixed,global,29,103,264,0.39015151515151514,3.5557140477544436
mixed,global,29,104,264,0.3939393939393939,3.543414849259512
mixed,global,29,105,264,0.3977272727272727,3.5296763021900386
mixed,global,29,106,264,0.4015151515151515,3.5090187593824274
mixed,global,29,107,264,0.4053030303030303,3.5513622630614723
mixed,global,29,108,264,0.4090909090909091,3.532972580048719
mixed,global,29,109,264,0.4128787878787879,3.5565183102480176
mixed,global,29,110,264,0.4166666666666667,3.550223446701405
mixed,global,29,111,264,0.42045454545454547,3.587519528244988
mixed,global,29,112,264,0.42424242424242425,3.593185222872968
mixed,global,29,113,264,0.42803030303030304,3.598725984989745
mixed,global,29,114,264,0.4318181818181818,3.597519669938314
mixed,global,29,115,264,0.4356060606060606,3.5970513950479472
mixed,global,29,116,264,0.4393939393939394,3.5988752974857685
mixed,global,29,117,264,0.4431818181818182,3.6167727775993446
mixed,global,29,118,264,0.44696969696969696,3.616522138958064
mixed,global,29,119,264,0.45075757575757575,3.6066790941664073
mixed,global,29,120,264,0.45454545454545453,3.5883632724988628
mixed,global,29,121,264,0.4583333333333333,3.5772006357624666
mixed,global,29,122,264,0.4621212121212121,3.574465504813843
mixed,global,29,123,264,0.4659090909090909,3.6027200289292916
mixed,global,29,124,264,0.4696969696969697,3.581172894439114
mixed,global,29,125,264,0.4734848484848485,3.613492167523569
mixed,global,29,126,264,0.4772727272727273,3.6382216946726342
mixed,global,29,127,264,0.4810606060606061,3.6380405190627174
mixed,global,29,128,264,0.48484848484848486,3.629404631209883
mixed,global,29,129,264,0.48863636363636365,3.617647408182106
mixed,global,29,130,264,0.49242424242424243,3.618357868647155
mixed,global,29,131,264,0.4962121212121212,3.6177312095134573
mixed,global,29,132,264,0.5,3.6264291525236168
mixed,global,29,133,264,0.5037878787878788,3.6415004272455254
mixed,global,29,134,264,0.5075757575757576,3.659253149494528
mixed,global,29,135,264,0.5113636363636364,3.6495718801645443
mixed,global,29,136,264,0.5151515151515151,3.652958703898997
mixed,global,29,137,264,0.5189393939393939,3.675906070159285
mixed,global,29,138,264,0.5227272727272727,3.6718027474431483
mixed,global,29,139,264,0.5265151515151515,3.668460903087223
mixed,global,29,140,264,0.5303030303030303,3.644330405492994
mixed,global,29,141,264,0.5340909090909091,3.6447577267663887
mixed,global,29,142,264,0.5378787878787878,3.6460544573171765
mixed,global,29,143,264,0.5416666666666666,3.6471717420845056
mixed,global,29,144,264,0.5454545454545454,3.6585850189794726
mixed,global,29,145,264,0.5492424242424242,3.6631513984409256
mixed,global,29,146,264,0.553030303030303,3.662473821359235
mixed,global,29,147,264,0.5568181818181818,3.675566275578322
mixed,global,29,148,264,0.5606060606060606,3.6767520760291346
mixed,global,29,149,264,0.5643939393939394,3.665828135370506
mixed,global,29,150,264,0.5681818181818182,3.6980412061672414
mixed,global,29,151,264,0.571969696969697,3.6855699753311
mixed,global,29,152,264,0.5757575757575758,3.6805259059759985
mixed,global,29,153,264,0.5795454545454546,3.6714036281145375
mixed,global,29,154,264,0.5833333333333334,3.6660332531346866
mixed,global,29,155,264,0.5871212121212122,3.6727295371389865
mixed,global,29,156,264,0.5909090909090909,3.6645936189732495
mixed,global,29,157,264,0.5946969696969697,3.6518572420824342
mixed,global,29,158,264,0.5984848484848485,3.6475318015065996
mixed,global,29,159,264,0.6022727272727273,3.6494740801032335
mixed,global,29,160,264,0.6060606060606061,3.669115192523253
mixed,global,29,161,264,0.6098484848484849,3.658595099873919
mixed,global,29,162,264,0.6136363636363636,3.6424136605772426
mixed,global,29,163,264,0.6174242424242424,3.6426027282749143
mixed,global,29,164,264,0.6212121212121212,3.6347018878892876
mixed,global,29,165,264,0.625,3.628578840122133
mixed,global,29,166,264,0.6287878787878788,3.6512496899496365
mixed,global,29,167,264,0.6325757575757576,3.6566496526523653
mixed,global,29,168,264,0.6363636363636364,3.6457516957601785
mixed,global,29,169,264,0.6401515151515151,3.6687584302847602
mixed,global,29,170,264,0.6439393939393939,3.657766083317839
mixed,global,29,171,264,0.6477272727272727,3.659972140856165
mixed,global,29,172,264,0.6515151515151515,3.6726964901882284
mixed,global,29,173,264,0.6553030303030303,3.656393204519493
mixed,global,29,174,264,0.6590909090909091,3.6652722170041225
mixed,global,29,175,264,0.6628787878787878,3.6745871034978688
mixed,global,29,176,264,0.6666666666666666,3.677387200317474
mixed,global,29,177,264,0.6704545454545454,3.6781632216987155
mixed,global,29,178,264,0.6742424242424242,3.6719059474171534
mixed,global,29,179,264,0.678030303030303,3.6804335260700176
mixed,global,29,180,264,0.6818181818181818,3.683037458093438
mixed,global,29,181,264,0.6856060606060606,3.680125582984227
mixed,global,29,182,264,0.6893939393939394,3.69958191130362
mixed,global,29,183,264,0.6931818181818182,3.7047303277093206
mixed,global,29,184,264,0.696969696969697,3.720500046884158
mixed,global,29,185,264,0.7007575757575758,3.7183513935647876
mixed,global,29,186,264,0.7045454545454546,3.721151930222426
mixed,global,29,187,264,0.7083333333333334,3.7086611519936854
mixed,global,29,188,264,0.7121212121212122,3.721605926677381
mixed,global,29,189,264,0.7159090909090909,3.7140338876535672
mixed,global,29,190,264,0.7196969696969697,3.727887807882941
mixed,global,29,191,264,0.7234848484848485,3.73961650650846
mixed,global,29,192,264,0.7272727272727273,3.7510355865867915
mixed,global,29,193,264,0.7310606060606061,3.742258959054503
mixed,global,29,194,264,0.7348484848484849,3.7518330136464693
mixed,global,29,195,264,0.7386363636363636,3.753978279856192
mixed,global,29,196,264,0.7424242424242424,3.7466180227822594
mixed,global,29,197,264,0.7462121212121212,3.767555202605441
mixed,global,29,198,264,0.75,3.7977761672199275
mixed,global,29,199,264,0.7537878787878788,3.8018447962988735
mixed,global,29,200,264,0.7575757575757576,3.8008109614190073
mixed,global,29,201,264,0.7613636363636364,3.8049259930896473
mixed,global,29,202,264,0.7651515151515151,3.8021538430465203
mixed,global,29,203,264,0.7689393939393939,3.791330298220697
mixed,global,29,204,264,0.7727272727272727,3.7959840904963342
mixed,global,29,205,264,0.7765151515151515,3.802213910849543
mixed,global,29,206,264,0.7803030303030303,3.807573485869646
mixed,global,29,207,264,0.7840909090909091,3.8155219929124833
mixed,global,29,208,264,0.7878787878787878,3.8066658982254955
mixed,global,29,209,264,0.7916666666666666,3.8003500714974012
mixed,global,29,210,264,0.7954545454545454,3.806699113527242
mixed,global,29,211,264,0.7992424242424242,3.8057963024925123
mixed,global,29,212,264,0.803030303030303,3.8139749864977524
mixed,global,29,213,264,0.8068181818181818,3.8031432015629063
mixed,global,29,214,264,0.8106060606060606,3.81323967802451
mixed,global,29,215,264,0.8143939393939394,3.800435084483383
mixed,global,29,216,264,0.8181818181818182,3.788290396241711
mixed,global,29,217,264,0.821969696969697,3.7789955239830015
mixed,global,29,218,264,0.8257575757575758,3.7835051890343547
mixed,global,29,219,264,0.8295454545454546,3.784123801286967
mixed,global,29,220,264,0.8333333333333334,3.7790556870980656
mixed,global,29,221,264,0.8371212121212122,3.7768544091995144
mixed,global,29,222,264,0.8409090909090909,3.7673232254676345
mixed,global,29,223,264,0.8446969696969697,3.7806595363334807
mixed,global,29,224,264,0.8484848484848485,3.779056277103083
mixed,global,29,225,264,0.8522727272727273,3.7745188722226866
mixed,global,29,226,264,0.8560606060606061,3.7726575674594067
mixed,global,29,227,264,0.8598484848484849,3.771284816828414
mixed,global,29,228,264,0.8636363636363636,3.794900626126547
mixed,global,29,229,264,0.8674242424242424,3.802645933156402
mixed,global,29,230,264,0.8712121212121212,3.7950810390772456
mixed,global,29,231,264,0.875,3.7902984555940393
mixed,global,29,232,264,0.8787878787878788,3.7901020208498943
mixed,global,29,233,264,0.8825757575757576,3.783338117897741
mixed,global,29,234,264,0.8863636363636364,3.77552768971287
mixed,global,29,235,264,0.8901515151515151,3.772051309776084
mixed,global,29,236,264,0.8939393939393939,3.7679534164786994
mixed,global,29,237,264,0.8977272727272727,3.7702227953021663
mixed,global,29,238,264,0.9015151515151515,3.7623862508117685
mixed,global,29,239,264,0.9053030303030303,3.765605507713136
mixed,global,29,240,264,0.9090909090909091,3.7715813379032936
mixed,global,29,241,264,0.9128787878787878,3.773648751360695
mixed,global,29,242,264,0.9166666666666666,3.77163397506689
mixed,global,29,243,264,0.9204545454545454,3.770803677189539
mixed,global,29,244,264,0.9242424242424242,3.7678583850300766
mixed,global,29,245,264,0.928030303030303,3.761835233543096
mixed,global,29,246,264,0.9318181818181818,3.760643492087816
mixed,global,29,247,264,0.9356060606060606,3.7562730877027564
mixed,global,29,248,264,0.9393939393939394,3.7622934275612736
mixed,global,29,249,264,0.9431818181818182,3.760583947588611
mixed,global,29,250,264,0.946969696969697,3.760609092115384
mixed,global,29,251,264,0.9507575757575758,3.7504256483412
mixed,global,29,252,264,0.9545454545454546,3.7435880985443712
mixed,global,29,253,264,0.9583333333333334,3.7444649098495866
mixed,global,29,254,264,0.9621212121212122,3.745369612818549
mixed,global,29,255,264,0.9659090909090909,3.7468637579397317
mixed,global,29,256,264,0.9696969696969697,3.736226181904612
mixed,global,29,257,264,0.9734848484848485,3.7413015952471187
mixed,global,29,258,264,0.9772727272727273,3.7478117535290743
mixed,global,29,259,264,0.9810606060606061,3.7465128854202057
mixed,global,29,260,264,0.9848484848484849,3.7338879979622446
mixed,global,29,261,264,0.9886363636363636,3.745160431529699
mixed,global,29,262,264,0.9924242424242424,3.736785224099939
mixed,global,29,263,264,0.9962121212121212,3.7540937632396503
mixed,global,29,264,264,1.0,3.749776579513366
mixed,global,43,1,264,0.003787878787878788,1.8118320693375183
mixed,global,43,2,264,0.007575757575757576,1.992773766875171
mixed,global,43,3,264,0.011363636363636364,1.5851061572992193
mixed,global,43,4,264,0.015151515151515152,1.8687551793703716
mixed,global,43,5,264,0.01893939393939394,2.0715339883806347
mixed,global,43,6,264,0.022727272727272728,2.584561518201969
mixed,global,43,7,264,0.026515151515151516,2.8546653524013528
mixed,global,43,8,264,0.030303030303030304,3.2924309481721803
mixed,global,43,9,264,0.03409090909090909,3.116954998991435
mixed,global,43,10,264,0.03787878787878788,3.1338501434460926
mixed,global,43,11,264,0.041666666666666664,3.3056974629254996
mixed,global,43,12,264,0.045454545454545456,3.2875761113895385
mixed,global,43,13,264,0.04924242424242424,3.1765594856471826
mixed,global,43,14,264,0.05303030303030303,3.0775485480693336
mixed,global,43,15,264,0.056818181818181816,2.999541227664554
mixed,global,43,16,264,0.06060606060606061,2.8944298480449984
mixed,global,43,17,264,0.06439393939393939,2.799472619256827
mixed,global,43,18,264,0.06818181818181818,2.812515640702854
mixed,global,43,19,264,0.07196969696969698,2.7293619275478553
mixed,global,43,20,264,0.07575757575757576,2.787555040407675
mixed,global,43,21,264,0.07954545454545454,2.9193555463989567
mixed,global,43,22,264,0.08333333333333333,2.8833694822065365
mixed,global,43,23,264,0.08712121212121213,2.9893720816077947
mixed,global,43,24,264,0.09090909090909091,2.9574736178647547
mixed,global,43,25,264,0.0946969696969697,2.87480265289829
mixed,global,43,26,264,0.09848484848484848,2.9217436065915945
mixed,global,43,27,264,0.10227272727272728,2.8747259461778887
mixed,global,43,28,264,0.10606060606060606,2.9462884544578967
mixed,global,43,29,264,0.10984848484848485,3.024325178059712
mixed,global,43,30,264,0.11363636363636363,2.9793042504241773
mixed,global,43,31,264,0.11742424242424243,2.955557247527503
mixed,global,43,32,264,0.12121212121212122,3.1374481273087875
mixed,global,43,33,264,0.125,3.146011266384098
mixed,global,43,34,264,0.12878787878787878,3.107402123944032
mixed,global,43,35,264,0.13257575757575757,3.0600327309961526
mixed,global,43,36,264,0.13636363636363635,3.041969793810188
mixed,global,43,37,264,0.14015151515151514,2.999117866823556
mixed,global,43,38,264,0.14393939393939395,3.009464429415738
mixed,global,43,39,264,0.14772727272727273,3.012550962482548
mixed,global,43,40,264,0.15151515151515152,3.1747292931367093
mixed,global,43,41,264,0.1553030303030303,3.144249096281526
mixed,global,43,42,264,0.1590909090909091,3.127053371212961
mixed,global,43,43,264,0.16287878787878787,3.0816446146398695
mixed,global,43,44,264,0.16666666666666666,3.062679149925859
mixed,global,43,45,264,0.17045454545454544,3.065796373912886
mixed,global,43,46,264,0.17424242424242425,3.0788719512579723
mixed,global,43,47,264,0.17803030303030304,3.057084681676074
mixed,global,43,48,264,0.18181818181818182,3.0571599305748247
mixed,global,43,49,264,0.1856060606060606,3.1267102606100177
mixed,global,43,50,264,0.1893939393939394,3.1684225574641505
mixed,global,43,51,264,0.19318181818181818,3.1525235915291283
mixed,global,43,52,264,0.19696969696969696,3.155709393480064
mixed,global,43,53,264,0.20075757575757575,3.2076934218440782
mixed,global,43,54,264,0.20454545454545456,3.2614180719702635
mixed,global,43,55,264,0.20833333333333334,3.245379331815309
mixed,global,43,56,264,0.21212121212121213,3.358034017121284
mixed,global,43,57,264,0.2159090909090909,3.3217315443849365
mixed,global,43,58,264,0.2196969696969697,3.2915588672322693
mixed,global,43,59,264,0.22348484848484848,3.3047747686916997
mixed,global,43,60,264,0.22727272727272727,3.2781362228330346
mixed,global,43,61,264,0.23106060606060605,3.299453480534948
mixed,global,43,62,264,0.23484848484848486,3.3614030884828994
mixed,global,43,63,264,0.23863636363636365,3.3794502696951625
mixed,global,43,64,264,0.24242424242424243,3.3612396038779018
mixed,global,43,65,264,0.24621212121212122,3.3285712255613618
mixed,global,43,66,264,0.25,3.322388519121002
mixed,global,43,67,264,0.2537878787878788,3.364580425832551
mixed,global,43,68,264,0.25757575757575757,3.3792731943818137
mixed,global,43,69,264,0.26136363636363635,3.3664961795417994
mixed,global,43,70,264,0.26515151515151514,3.416979214874303
mixed,global,43,71,264,0.2689393939393939,3.418571877154166
mixed,global,43,72,264,0.2727272727272727,3.408715873130808
mixed,global,43,73,264,0.2765151515151515,3.4769292670684684
mixed,global,43,74,264,0.2803030303030303,3.476139450618011
mixed,global,43,75,264,0.2840909090909091,3.445077198700495
mixed,global,43,76,264,0.2878787878787879,3.424855310613046
mixed,global,43,77,264,0.2916666666666667,3.4043963727895203
mixed,global,43,78,264,0.29545454545454547,3.3941783919658497
mixed,global,43,79,264,0.29924242424242425,3.3775266108381663
mixed,global,43,80,264,0.30303030303030304,3.403267399789166
mixed,global,43,81,264,0.3068181818181818,3.390286581547174
mixed,global,43,82,264,0.3106060606060606,3.444831926165942
mixed,global,43,83,264,0.3143939393939394,3.4798214969426327
mixed,global,43,84,264,0.3181818181818182,3.467752912965809
mixed,global,43,85,264,0.32196969696969696,3.4818580640738293
mixed,global,43,86,264,0.32575757575757575,3.487828695841503
mixed,global,43,87,264,0.32954545454545453,3.4689824943477516
mixed,global,43,88,264,0.3333333333333333,3.5088481494203836
mixed,global,43,89,264,0.3371212121212121,3.562614385351045
mixed,global,43,90,264,0.3409090909090909,3.560164379586025
mixed,global,43,91,264,0.3446969696969697,3.554410577742825
mixed,global,43,92,264,0.3484848484848485,3.55241681513262
mixed,global,43,93,264,0.3522727272727273,3.5372146095383723
mixed,global,43,94,264,0.3560606060606061,3.5339380301845082
mixed,global,43,95,264,0.35984848484848486,3.538917862718072
mixed,global,43,96,264,0.36363636363636365,3.5317537562109966
mixed,global,43,97,264,0.36742424242424243,3.506171321910079
mixed,global,43,98,264,0.3712121212121212,3.487762029973832
mixed,global,43,99,264,0.375,3.528088026796119
mixed,global,43,100,264,0.3787878787878788,3.5057488884485353
mixed,global,43,101,264,0.38257575757575757,3.5389418496535527
mixed,global,43,102,264,0.38636363636363635,3.5434225405634763
mixed,global,43,103,264,0.39015151515151514,3.5841242310524972
mixed,global,43,104,264,0.3939393939393939,3.565232776575181
mixed,global,43,105,264,0.3977272727272727,3.559130782559417
mixed,global,43,106,264,0.4015151515151515,3.551828498485713
mixed,global,43,107,264,0.4053030303030303,3.5754359729495495
mixed,global,43,108,264,0.4090909090909091,3.583308651800377
mixed,global,43,109,264,0.4128787878787879,3.623855463770712
mixed,global,43,110,264,0.4166666666666667,3.6120787728756065
mixed,global,43,111,264,0.42045454545454547,3.6228361990160964
mixed,global,43,112,264,0.42424242424242425,3.6050033668874746
mixed,global,43,113,264,0.42803030303030304,3.5925790152749797
mixed,global,43,114,264,0.4318181818181818,3.5869139614186816
mixed,global,43,115,264,0.4356060606060606,3.5859479630922966
mixed,global,43,116,264,0.4393939393939394,3.5917110476656076
mixed,global,43,117,264,0.4431818181818182,3.589151198135781
mixed,global,43,118,264,0.44696969696969696,3.5894605880643944
mixed,global,43,119,264,0.45075757575757575,3.590034979613302
mixed,global,43,120,264,0.45454545454545453,3.588186518045712
mixed,global,43,121,264,0.4583333333333333,3.5788287023006973
mixed,global,43,122,264,0.4621212121212121,3.631687385553149
mixed,global,43,123,264,0.4659090909090909,3.628163027557394
mixed,global,43,124,264,0.4696969696969697,3.6081227717946724
mixed,global,43,125,264,0.4734848484848485,3.625380939018044
mixed,global,43,126,264,0.4772727272727273,3.617273266298998
mixed,global,43,127,264,0.4810606060606061,3.6581795694718156
mixed,global,43,128,264,0.48484848484848486,3.6825043526760117
mixed,global,43,129,264,0.48863636363636365,3.6891791810428147
mixed,global,43,130,264,0.49242424242424243,3.7034351858604126
mixed,global,43,131,264,0.4962121212121212,3.7001330153407745
mixed,global,43,132,264,0.5,3.694141861235048
mixed,global,43,133,264,0.5037878787878788,3.698522409481509
mixed,global,43,134,264,0.5075757575757576,3.697145959562889
mixed,global,43,135,264,0.5113636363636364,3.70398278978385
mixed,global,43,136,264,0.5151515151515151,3.7261909169063814
mixed,global,43,137,264,0.5189393939393939,3.712472723859904
mixed,global,43,138,264,0.5227272727272727,3.7044629435457757
mixed,global,43,139,264,0.5265151515151515,3.697337186788897
mixed,global,43,140,264,0.5303030303030303,3.688791070221169
mixed,global,43,141,264,0.5340909090909091,3.6715724639220486
mixed,global,43,142,264,0.5378787878787878,3.6669443104491752
mixed,global,43,143,264,0.5416666666666666,3.6665534472767773
mixed,global,43,144,264,0.5454545454545454,3.686662444934408
mixed,global,43,145,264,0.5492424242424242,3.702199792233981
mixed,global,43,146,264,0.553030303030303,3.7084113279776925
mixed,global,43,147,264,0.5568181818181818,3.7158071733478817
mixed,global,43,148,264,0.5606060606060606,3.740842422271547
mixed,global,43,149,264,0.5643939393939394,3.7281362506438733
mixed,global,43,150,264,0.5681818181818182,3.7314733761434042
mixed,global,43,151,264,0.571969696969697,3.726000900501956
mixed,global,43,152,264,0.5757575757575758,3.7352575070871663
mixed,global,43,153,264,0.5795454545454546,3.7353262109709866
mixed,global,43,154,264,0.5833333333333334,3.733499623849542
mixed,global,43,155,264,0.5871212121212122,3.7306293550319225
mixed,global,43,156,264,0.5909090909090909,3.745553535432325
mixed,global,43,157,264,0.5946969696969697,3.7520733670345994
mixed,global,43,158,264,0.5984848484848485,3.756589054818598
mixed,global,43,159,264,0.6022727272727273,3.762350554597955
mixed,global,43,160,264,0.6060606060606061,3.772201776366292
mixed,global,43,161,264,0.6098484848484849,3.7664885020725882
mixed,global,43,162,264,0.6136363636363636,3.77272231924873
mixed,global,43,163,264,0.6174242424242424,3.7584879423797593
mixed,global,43,164,264,0.6212121212121212,3.7495834651263817
mixed,global,43,165,264,0.625,3.746842767659107
mixed,global,43,166,264,0.6287878787878788,3.744160294743919
mixed,global,43,167,264,0.6325757575757576,3.7334544427677403
mixed,global,43,168,264,0.6363636363636364,3.743441815428482
mixed,global,43,169,264,0.6401515151515151,3.733159847548106
mixed,global,43,170,264,0.6439393939393939,3.7446120546811152
mixed,global,43,171,264,0.6477272727272727,3.738565765974911
mixed,global,43,172,264,0.6515151515151515,3.7307245039608774
mixed,global,43,173,264,0.6553030303030303,3.726636053322006
mixed,global,43,174,264,0.6590909090909091,3.720433146280073
mixed,global,43,175,264,0.6628787878787878,3.7193320331415363
mixed,global,43,176,264,0.6666666666666666,3.7237993628265884
mixed,global,43,177,264,0.6704545454545454,3.732565857648732
mixed,global,43,178,264,0.6742424242424242,3.743159605790563
mixed,global,43,179,264,0.678030303030303,3.732827904612018
mixed,global,43,180,264,0.6818181818181818,3.7360259990311917
mixed,global,43,181,264,0.6856060606060606,3.7271322156579014
mixed,global,43,182,264,0.6893939393939394,3.7162791147725094
mixed,global,43,183,264,0.6931818181818182,3.7226935695143424
mixed,global,43,184,264,0.696969696969697,3.7137113931097216
mixed,global,43,185,264,0.7007575757575758,3.7048977828558765
mixed,global,43,186,264,0.7045454545454546,3.7160426178814108
mixed,global,43,187,264,0.7083333333333334,3.718377678282114
mixed,global,43,188,264,0.7121212121212122,3.701691236160042
mixed,global,43,189,264,0.7159090909090909,3.6983731875711627
mixed,global,43,190,264,0.7196969696969697,3.704927121845532
mixed,global,43,191,264,0.7234848484848485,3.7024492392429784
mixed,global,43,192,264,0.7272727272727273,3.72105748272803
mixed,global,43,193,264,0.7310606060606061,3.71261154042123
mixed,global,43,194,264,0.7348484848484849,3.7100864895474825
mixed,global,43,195,264,0.7386363636363636,3.69771784626297
mixed,global,43,196,264,0.7424242424242424,3.723680590710567
mixed,global,43,197,264,0.7462121212121212,3.720369441136502
mixed,global,43,198,264,0.75,3.719212750821568
mixed,global,43,199,264,0.7537878787878788,3.718036058551334
mixed,global,43,200,264,0.7575757575757576,3.709543294095144
mixed,global,43,201,264,0.7613636363636364,3.702023913967082
mixed,global,43,202,264,0.7651515151515151,3.6952857399587713
mixed,global,43,203,264,0.7689393939393939,3.685642156232489
mixed,global,43,204,264,0.7727272727272727,3.6740764868701605
mixed,global,43,205,264,0.7765151515151515,3.681810596553356
mixed,global,43,206,264,0.7803030303030303,3.688792334618293
mixed,global,43,207,264,0.7840909090909091,3.6886082872013204
mixed,global,43,208,264,0.7878787878787878,3.691247342820612
mixed,global,43,209,264,0.7916666666666666,3.7000085151696545
mixed,global,43,210,264,0.7954545454545454,3.698943050289966
mixed,global,43,211,264,0.7992424242424242,3.708320672497534
mixed,global,43,212,264,0.803030303030303,3.716119611243967
mixed,global,43,213,264,0.8068181818181818,3.7204912560592427
mixed,global,43,214,264,0.8106060606060606,3.7164836669194083
mixed,global,43,215,264,0.8143939393939394,3.721120030159372
mixed,global,43,216,264,0.8181818181818182,3.7128126530213104
mixed,global,43,217,264,0.821969696969697,3.7161251002447004
mixed,global,43,218,264,0.8257575757575758,3.7068436694727636
mixed,global,43,219,264,0.8295454545454546,3.7029669990790737
mixed,global,43,220,264,0.8333333333333334,3.709260317891083
mixed,global,43,221,264,0.8371212121212122,3.7000490774728885
mixed,global,43,222,264,0.8409090909090909,3.7042178357877726
mixed,global,43,223,264,0.8446969696969697,3.7014876982797182
mixed,global,43,224,264,0.8484848484848485,3.729148917711344
mixed,global,43,225,264,0.8522727272727273,3.7263729315482186
mixed,global,43,226,264,0.8560606060606061,3.7501254146377208
mixed,global,43,227,264,0.8598484848484849,3.7402692999599503
mixed,global,43,228,264,0.8636363636363636,3.734098825196037
mixed,global,43,229,264,0.8674242424242424,3.738383079166341
mixed,global,43,230,264,0.8712121212121212,3.7327499278088943
mixed,global,43,231,264,0.875,3.7373453765128835
mixed,global,43,232,264,0.8787878787878788,3.7311123493470335
mixed,global,43,233,264,0.8825757575757576,3.7241966572968446
mixed,global,43,234,264,0.8863636363636364,3.724946112612926
mixed,global,43,235,264,0.8901515151515151,3.731412655225369
mixed,global,43,236,264,0.8939393939393939,3.747267797428393
mixed,global,43,237,264,0.8977272727272727,3.7407429529661536
mixed,global,43,238,264,0.9015151515151515,3.7517895173150544
mixed,global,43,239,264,0.9053030303030303,3.744330181179826
mixed,global,43,240,264,0.9090909090909091,3.746933860335477
mixed,global,43,241,264,0.9128787878787878,3.7422295256426317
mixed,global,43,242,264,0.9166666666666666,3.736347495826041
mixed,global,43,243,264,0.9204545454545454,3.7393182533763922
mixed,global,43,244,264,0.9242424242424242,3.7298435092219435
mixed,global,43,245,264,0.928030303030303,3.720214625685944
mixed,global,43,246,264,0.9318181818181818,3.7239944505752107
mixed,global,43,247,264,0.9356060606060606,3.7205730831043464
mixed,global,43,248,264,0.9393939393939394,3.724519130561533
mixed,global,43,249,264,0.9431818181818182,3.727173389720881
mixed,global,43,250,264,0.946969696969697,3.7269940008530953
mixed,global,43,251,264,0.9507575757575758,3.7257406513852733
mixed,global,43,252,264,0.9545454545454546,3.7254780327315147
mixed,global,43,253,264,0.9583333333333334,3.712027379170247
mixed,global,43,254,264,0.9621212121212122,3.7219401962649625
mixed,global,43,255,264,0.9659090909090909,3.71751641494673
mixed,global,43,256,264,0.9696969696969697,3.7169077939897575
mixed,global,43,257,264,0.9734848484848485,3.72142185810937
mixed,global,43,258,264,0.9772727272727273,3.7299781500727045
mixed,global,43,259,264,0.9810606060606061,3.725029835743267
mixed,global,43,260,264,0.9848484848484849,3.7297079698230475
mixed,global,43,261,264,0.9886363636363636,3.735832387364525
mixed,global,43,262,264,0.9924242424242424,3.7505241045621105
mixed,global,43,263,264,0.9962121212121212,3.768850149497111
mixed,global,43,264,264,1.0,3.764711308007957
mixed,learned,17,1,264,0.003787878787878788,4.677606151320025
mixed,learned,17,2,264,0.007575757575757576,2.6907491093441993
mixed,learned,17,3,264,0.011363636363636364,2.220460919353365
mixed,learned,17,4,264,0.015151515151515152,2.100823240330364
mixed,learned,17,5,264,0.01893939393939394,1.8404840583543756
mixed,learned,17,6,264,0.022727272727272728,2.0413942665673024
mixed,learned,17,7,264,0.026515151515151516,2.073280863569645
mixed,learned,17,8,264,0.030303030303030304,2.605470413928048
mixed,learned,17,9,264,0.03409090909090909,3.0427035069805215
mixed,learned,17,10,264,0.03787878787878788,3.1243201278768944
mixed,learned,17,11,264,0.041666666666666664,3.2863223226049
mixed,learned,17,12,264,0.045454545454545456,3.151188164084424
mixed,learned,17,13,264,0.04924242424242424,3.3550913825959614
mixed,learned,17,14,264,0.05303030303030303,3.5091822061318534
mixed,learned,17,15,264,0.056818181818181816,3.3500139625589185
mixed,learned,17,16,264,0.06060606060606061,3.3499186597936688
mixed,learned,17,17,264,0.06439393939393939,3.282510014517126
mixed,learned,17,18,264,0.06818181818181818,3.300138306720599
mixed,learned,17,19,264,0.07196969696969698,3.2094781766320826
mixed,learned,17,20,264,0.07575757575757576,3.2330455010878127
mixed,learned,17,21,264,0.07954545454545454,3.1959985839272207
mixed,learned,17,22,264,0.08333333333333333,3.124765551177966
mixed,learned,17,23,264,0.08712121212121213,3.0890354074094915
mixed,learned,17,24,264,0.09090909090909091,3.0278248439566435
mixed,learned,17,25,264,0.0946969696969697,2.9922420365023914
mixed,learned,17,26,264,0.09848484848484848,3.086630027293904
mixed,learned,17,27,264,0.10227272727272728,3.1232457384754024
mixed,learned,17,28,264,0.10606060606060606,3.12823919837085
mixed,learned,17,29,264,0.10984848484848485,3.0974587367366238
mixed,learned,17,30,264,0.11363636363636363,3.1275272322134606
mixed,learned,17,31,264,0.11742424242424243,3.1942809981812124
mixed,learned,17,32,264,0.12121212121212122,3.113337284464973
mixed,learned,17,33,264,0.125,3.149837285167722
mixed,learned,17,34,264,0.12878787878787878,3.1089999758161726
mixed,learned,17,35,264,0.13257575757575757,3.096196964619016
mixed,learned,17,36,264,0.13636363636363635,3.0631501055154233
mixed,learned,17,37,264,0.14015151515151514,3.0308010692819005
mixed,learned,17,38,264,0.14393939393939395,2.9820275329240484
mixed,learned,17,39,264,0.14772727272727273,2.993115219402221
mixed,learned,17,40,264,0.15151515151515152,2.9649231168507413
mixed,learned,17,41,264,0.1553030303030303,3.0445751305945636
mixed,learned,17,42,264,0.1590909090909091,3.0399839008337093
mixed,learned,17,43,264,0.16287878787878787,3.036162924053067
mixed,learned,17,44,264,0.16666666666666666,3.049953544954
mixed,learned,17,45,264,0.17045454545454544,3.0516615574308994
mixed,learned,17,46,264,0.17424242424242425,3.030661673458387
mixed,learned,17,47,264,0.17803030303030304,3.0659218548473266
mixed,learned,17,48,264,0.18181818181818182,3.06082712707336
mixed,learned,17,49,264,0.1856060606060606,3.094829817781635
mixed,learned,17,50,264,0.1893939393939394,3.1665299601213577
mixed,learned,17,51,264,0.19318181818181818,3.219247578714443
mixed,learned,17,52,264,0.19696969696969696,3.177477662380171
mixed,learned,17,53,264,0.20075757575757575,3.198546543200499
mixed,learned,17,54,264,0.20454545454545456,3.2740296371278714
mixed,learned,17,55,264,0.20833333333333334,3.264903645356232
mixed,learned,17,56,264,0.21212121212121213,3.2589372060027264
mixed,learned,17,57,264,0.2159090909090909,3.258146950890406
mixed,learned,17,58,264,0.2196969696969697,3.222580171407297
mixed,learned,17,59,264,0.22348484848484848,3.2400069419280277
mixed,learned,17,60,264,0.22727272727272727,3.2472198990187056
mixed,learned,17,61,264,0.23106060606060605,3.2205433588924715
mixed,learned,17,62,264,0.23484848484848486,3.2164546601828623
mixed,learned,17,63,264,0.23863636363636365,3.2729217003162936
mixed,learned,17,64,264,0.24242424242424243,3.2579208410252987
mixed,learned,17,65,264,0.24621212121212122,3.232658444479433
mixed,learned,17,66,264,0.25,3.221184768695773
mixed,learned,17,67,264,0.2537878787878788,3.202230519444617
mixed,learned,17,68,264,0.25757575757575757,3.1710463751262155
mixed,learned,17,69,264,0.26136363636363635,3.170241304556164
mixed,learned,17,70,264,0.26515151515151514,3.181279850293312
mixed,learned,17,71,264,0.2689393939393939,3.1979080842701104
mixed,learned,17,72,264,0.2727272727272727,3.2303288737921316
mixed,learned,17,73,264,0.2765151515151515,3.2089591453603705
mixed,learned,17,74,264,0.2803030303030303,3.201020675846558
mixed,learned,17,75,264,0.2840909090909091,3.176928306237864
mixed,learned,17,76,264,0.2878787878787879,3.205186546874935
mixed,learned,17,77,264,0.2916666666666667,3.217923408546064
mixed,learned,17,78,264,0.29545454545454547,3.2600614334025217
mixed,learned,17,79,264,0.29924242424242425,3.2587285250547295
mixed,learned,17,80,264,0.30303030303030304,3.2447535778552554
mixed,learned,17,81,264,0.3068181818181818,3.2761591880997405
mixed,learned,17,82,264,0.3106060606060606,3.266822877174855
mixed,learned,17,83,264,0.3143939393939394,3.2880682737889932
mixed,learned,17,84,264,0.3181818181818182,3.298289252704483
mixed,learned,17,85,264,0.32196969696969696,3.293633825510408
mixed,learned,17,86,264,0.32575757575757575,3.2610302695988476
mixed,learned,17,87,264,0.32954545454545453,3.265519715916711
mixed,learned,17,88,264,0.3333333333333333,3.2544949845659676
mixed,learned,17,89,264,0.3371212121212121,3.2625079801981522
mixed,learned,17,90,264,0.3409090909090909,3.262616043299672
mixed,learned,17,91,264,0.3446969696969697,3.2502668656914038
mixed,learned,17,92,264,0.3484848484848485,3.2740062892724353
mixed,learned,17,93,264,0.3522727272727273,3.3009652018242934
mixed,learned,17,94,264,0.3560606060606061,3.2930368478694447
mixed,learned,17,95,264,0.35984848484848486,3.3118197390353687
mixed,learned,17,96,264,0.36363636363636365,3.3132119644211
mixed,learned,17,97,264,0.36742424242424243,3.2934154877099004
mixed,learned,17,98,264,0.3712121212121212,3.300201822962001
mixed,learned,17,99,264,0.375,3.2887964067132036
mixed,learned,17,100,264,0.3787878787878788,3.2968225107143816
mixed,learned,17,101,264,0.38257575757575757,3.2982936311280366
mixed,learned,17,102,264,0.38636363636363635,3.2991981735923037
mixed,learned,17,103,264,0.39015151515151514,3.3086718075960833
mixed,learned,17,104,264,0.3939393939393939,3.340174055526117
mixed,learned,17,105,264,0.3977272727272727,3.3484438949891184
mixed,learned,17,106,264,0.4015151515151515,3.3327217474978705
mixed,learned,17,107,264,0.4053030303030303,3.3129738324392646
mixed,learned,17,108,264,0.4090909090909091,3.296663354241193
mixed,learned,17,109,264,0.4128787878787879,3.3345279216946113
mixed,learned,17,110,264,0.4166666666666667,3.3433997700869678
mixed,learned,17,111,264,0.42045454545454547,3.3438400602448604
mixed,learned,17,112,264,0.42424242424242425,3.3735834831918843
mixed,learned,17,113,264,0.42803030303030304,3.3640118794466574
mixed,learned,17,114,264,0.4318181818181818,3.36235988626335
mixed,learned,17,115,264,0.4356060606060606,3.3852052609581746
mixed,learned,17,116,264,0.4393939393939394,3.441144928678775
mixed,learned,17,117,264,0.4431818181818182,3.432231061388321
mixed,learned,17,118,264,0.44696969696969696,3.4419947884695365
mixed,learned,17,119,264,0.45075757575757575,3.4401756998137163
mixed,learned,17,120,264,0.45454545454545453,3.4368055391471524
mixed,learned,17,121,264,0.4583333333333333,3.41834719248214
mixed,learned,17,122,264,0.4621212121212121,3.4016234010463586
mixed,learned,17,123,264,0.4659090909090909,3.390464328908047
mixed,learned,17,124,264,0.4696969696969697,3.3925906441532967
mixed,learned,17,125,264,0.4734848484848485,3.402331562800914
mixed,learned,17,126,264,0.4772727272727273,3.4024514097367744
mixed,learned,17,127,264,0.4810606060606061,3.3952083033300844
mixed,learned,17,128,264,0.48484848484848486,3.3891480051297713
mixed,learned,17,129,264,0.48863636363636365,3.388517762470727
mixed,learned,17,130,264,0.49242424242424243,3.376539142620335
mixed,learned,17,131,264,0.4962121212121212,3.37717726687606
mixed,learned,17,132,264,0.5,3.3859054282134773
mixed,learned,17,133,264,0.5037878787878788,3.3776626043217517
mixed,learned,17,134,264,0.5075757575757576,3.370846034215778
mixed,learned,17,135,264,0.5113636363636364,3.362661158627018
mixed,learned,17,136,264,0.5151515151515151,3.3780608168604878
mixed,learned,17,137,264,0.5189393939393939,3.404693533124124
mixed,learned,17,138,264,0.5227272727272727,3.4208713647727707
mixed,learned,17,139,264,0.5265151515151515,3.4329674881919674
mixed,learned,17,140,264,0.5303030303030303,3.4249407006160753
mixed,learned,17,141,264,0.5340909090909091,3.436951740167831
mixed,learned,17,142,264,0.5378787878787878,3.4288378424401453
mixed,learned,17,143,264,0.5416666666666666,3.443699986936094
mixed,learned,17,144,264,0.5454545454545454,3.426972439375866
mixed,learned,17,145,264,0.5492424242424242,3.421474593626837
mixed,learned,17,146,264,0.553030303030303,3.4203393228728114
mixed,learned,17,147,264,0.5568181818181818,3.412714664712184
mixed,learned,17,148,264,0.5606060606060606,3.4235326244863873
mixed,learned,17,149,264,0.5643939393939394,3.443718001983922
mixed,learned,17,150,264,0.5681818181818182,3.4705842176349226
mixed,learned,17,151,264,0.571969696969697,3.4633876206526986
mixed,learned,17,152,264,0.5757575757575758,3.469814832201682
mixed,learned,17,153,264,0.5795454545454546,3.4982555326991007
mixed,learned,17,154,264,0.5833333333333334,3.4968704007847733
mixed,learned,17,155,264,0.5871212121212122,3.48105494314066
mixed,learned,17,156,264,0.5909090909090909,3.4705696136995106
mixed,learned,17,157,264,0.5946969696969697,3.474336590819445
mixed,learned,17,158,264,0.5984848484848485,3.463952164162188
mixed,learned,17,159,264,0.6022727272727273,3.456159986015128
mixed,learned,17,160,264,0.6060606060606061,3.4460169854484084
mixed,learned,17,161,264,0.6098484848484849,3.4730705503321553
mixed,learned,17,162,264,0.6136363636363636,3.4905795429419397
mixed,learned,17,163,264,0.6174242424242424,3.486322034571479
mixed,learned,17,164,264,0.6212121212121212,3.4796664808262987
mixed,learned,17,165,264,0.625,3.498331066460191
mixed,learned,17,166,264,0.6287878787878788,3.5214030352797208
mixed,learned,17,167,264,0.6325757575757576,3.5300590402955665
mixed,learned,17,168,264,0.6363636363636364,3.540616705452492
mixed,learned,17,169,264,0.6401515151515151,3.5280295022556065
mixed,learned,17,170,264,0.6439393939393939,3.5207557764322246
mixed,learned,17,171,264,0.6477272727272727,3.5358675259966104
mixed,learned,17,172,264,0.6515151515151515,3.5435545575020844
mixed,learned,17,173,264,0.6553030303030303,3.5339087907037126
mixed,learned,17,174,264,0.6590909090909091,3.5406704778841527
mixed,learned,17,175,264,0.6628787878787878,3.5387907361661637
mixed,learned,17,176,264,0.6666666666666666,3.5389407748633888
mixed,learned,17,177,264,0.6704545454545454,3.5428452203603
mixed,learned,17,178,264,0.6742424242424242,3.55588678827914
mixed,learned,17,179,264,0.678030303030303,3.5416204298558074
mixed,learned,17,180,264,0.6818181818181818,3.529932519083284
mixed,learned,17,181,264,0.6856060606060606,3.517152075045978
mixed,learned,17,182,264,0.6893939393939394,3.5289616543075346
mixed,learned,17,183,264,0.6931818181818182,3.5298081991342225
mixed,learned,17,184,264,0.696969696969697,3.533457483680088
mixed,learned,17,185,264,0.7007575757575758,3.534202093608984
mixed,learned,17,186,264,0.7045454545454546,3.520484015485454
mixed,learned,17,187,264,0.7083333333333334,3.5221716952362714
mixed,learned,17,188,264,0.7121212121212122,3.5217448165910277
mixed,learned,17,189,264,0.7159090909090909,3.525863339038575
mixed,learned,17,190,264,0.7196969696969697,3.5162937113460813
mixed,learned,17,191,264,0.7234848484848485,3.509895449000678
mixed,learned,17,192,264,0.7272727272727273,3.524901244173003
mixed,learned,17,193,264,0.7310606060606061,3.5351266953094647
mixed,learned,17,194,264,0.7348484848484849,3.5349451474371807
mixed,learned,17,195,264,0.7386363636363636,3.535670771084658
mixed,learned,17,196,264,0.7424242424242424,3.5230545959022894
mixed,learned,17,197,264,0.7462121212121212,3.520431083771942
mixed,learned,17,198,264,0.75,3.5096233421688297
mixed,learned,17,199,264,0.7537878787878788,3.5011432458113334
mixed,learned,17,200,264,0.7575757575757576,3.5263283396606253
mixed,learned,17,201,264,0.7613636363636364,3.5395348827430237
mixed,learned,17,202,264,0.7651515151515151,3.554150401556031
mixed,learned,17,203,264,0.7689393939393939,3.5672114879484207
mixed,learned,17,204,264,0.7727272727272727,3.5642148812704937
mixed,learned,17,205,264,0.7765151515151515,3.5560323332637482
mixed,learned,17,206,264,0.7803030303030303,3.5460350057110084
mixed,learned,17,207,264,0.7840909090909091,3.574933415329903
mixed,learned,17,208,264,0.7878787878787878,3.5616404806687587
mixed,learned,17,209,264,0.7916666666666666,3.5852477926029653
mixed,learned,17,210,264,0.7954545454545454,3.5745896531727284
mixed,learned,17,211,264,0.7992424242424242,3.5693097004451997
mixed,learned,17,212,264,0.803030303030303,3.5778674134892814
mixed,learned,17,213,264,0.8068181818181818,3.5777679011700427
mixed,learned,17,214,264,0.8106060606060606,3.581126284389242
mixed,learned,17,215,264,0.8143939393939394,3.578079313691695
mixed,learned,17,216,264,0.8181818181818182,3.578827821019643
mixed,learned,17,217,264,0.821969696969697,3.578270686885686
mixed,learned,17,218,264,0.8257575757575758,3.582229245734272
mixed,learned,17,219,264,0.8295454545454546,3.608057020718482
mixed,learned,17,220,264,0.8333333333333334,3.6023836604901938
mixed,learned,17,221,264,0.8371212121212122,3.6031716245172425
mixed,learned,17,222,264,0.8409090909090909,3.6116243515711464
mixed,learned,17,223,264,0.8446969696969697,3.624624957535469
mixed,learned,17,224,264,0.8484848484848485,3.622760487419364
mixed,learned,17,225,264,0.8522727272727273,3.61930285165668
mixed,learned,17,226,264,0.8560606060606061,3.6179544904908347
mixed,learned,17,227,264,0.8598484848484849,3.6191879670466083
mixed,learned,17,228,264,0.8636363636363636,3.6376187764840977
mixed,learned,17,229,264,0.8674242424242424,3.6396575597381915
mixed,learned,17,230,264,0.8712121212121212,3.6391636169202934
mixed,learned,17,231,264,0.875,3.6437339010739045
mixed,learned,17,232,264,0.8787878787878788,3.6379211451270863
mixed,learned,17,233,264,0.8825757575757576,3.6307363764886778
mixed,learned,17,234,264,0.8863636363636364,3.6216270358925664
mixed,learned,17,235,264,0.8901515151515151,3.6141047870535536
mixed,learned,17,236,264,0.8939393939393939,3.6128074769296177
mixed,learned,17,237,264,0.8977272727272727,3.6203814853752623
mixed,learned,17,238,264,0.9015151515151515,3.618123850472035
mixed,learned,17,239,264,0.9053030303030303,3.614316445203924
mixed,learned,17,240,264,0.9090909090909091,3.620366407543695
mixed,learned,17,241,264,0.9128787878787878,3.6123619215783127
mixed,learned,17,242,264,0.9166666666666666,3.608877607117568
mixed,learned,17,243,264,0.9204545454545454,3.60343216366522
mixed,learned,17,244,264,0.9242424242424242,3.6052479399907993
mixed,learned,17,245,264,0.928030303030303,3.59775150443743
mixed,learned,17,246,264,0.9318181818181818,3.5991692908828603
mixed,learned,17,247,264,0.9356060606060606,3.603801689431192
mixed,learned,17,248,264,0.9393939393939394,3.5982702160798445
mixed,learned,17,249,264,0.9431818181818182,3.588407466832382
mixed,learned,17,250,264,0.946969696969697,3.5861829719777014
mixed,learned,17,251,264,0.9507575757575758,3.584224009851904
mixed,learned,17,252,264,0.9545454545454546,3.578994109278532
mixed,learned,17,253,264,0.9583333333333334,3.5776405590201277
mixed,learned,17,254,264,0.9621212121212122,3.5691399496335556
mixed,learned,17,255,264,0.9659090909090909,3.560686230827914
mixed,learned,17,256,264,0.9696969696969697,3.5647042615689
mixed,learned,17,257,264,0.9734848484848485,3.568441467819511
mixed,learned,17,258,264,0.9772727272727273,3.565230641419486
mixed,learned,17,259,264,0.9810606060606061,3.5574694215616125
mixed,learned,17,260,264,0.9848484848484849,3.56897836310687
mixed,learned,17,261,264,0.9886363636363636,3.576589537742252
mixed,learned,17,262,264,0.9924242424242424,3.5687867530488075
mixed,learned,17,263,264,0.9962121212121212,3.5943518620361696
mixed,learned,17,264,264,1.0,3.5921325878198744
mixed,learned,29,1,264,0.003787878787878788,1.5975059624237924
mixed,learned,29,2,264,0.007575757575757576,2.890558980431955
mixed,learned,29,3,264,0.011363636363636364,2.388040483279667
mixed,learned,29,4,264,0.015151515151515152,2.7814451658802075
mixed,learned,29,5,264,0.01893939393939394,3.387013437660214
mixed,learned,29,6,264,0.022727272727272728,3.277377087946496
mixed,learned,29,7,264,0.026515151515151516,3.1251985866727323
mixed,learned,29,8,264,0.030303030303030304,3.0159105171589484
mixed,learned,29,9,264,0.03409090909090909,3.0039943081345024
mixed,learned,29,10,264,0.03787878787878788,3.239178300180522
mixed,learned,29,11,264,0.041666666666666664,3.179512062952786
mixed,learned,29,12,264,0.045454545454545456,3.177657979795041
mixed,learned,29,13,264,0.04924242424242424,3.170382130210699
mixed,learned,29,14,264,0.05303030303030303,3.0950806375773605
mixed,learned,29,15,264,0.056818181818181816,3.1887778698847593
mixed,learned,29,16,264,0.06060606060606061,3.136292047973846
mixed,learned,29,17,264,0.06439393939393939,3.1110191085446335
mixed,learned,29,18,264,0.06818181818181818,3.0690626686712155
mixed,learned,29,19,264,0.07196969696969698,3.125565656318101
mixed,learned,29,20,264,0.07575757575757576,3.1322694958162502
mixed,learned,29,21,264,0.07954545454545454,3.09547156950217
mixed,learned,29,22,264,0.08333333333333333,3.1238585938346763
mixed,learned,29,23,264,0.08712121212121213,3.056816611115369
mixed,learned,29,24,264,0.09090909090909091,3.0359365576881796
mixed,learned,29,25,264,0.0946969696969697,3.019006706363034
mixed,learned,29,26,264,0.09848484848484848,3.054740259116971
mixed,learned,29,27,264,0.10227272727272728,3.0425496865377832
mixed,learned,29,28,264,0.10606060606060606,3.0495304084385992
mixed,learned,29,29,264,0.10984848484848485,3.2047009436318437
mixed,learned,29,30,264,0.11363636363636363,3.1861695955064584
mixed,learned,29,31,264,0.11742424242424243,3.233306765605581
mixed,learned,29,32,264,0.12121212121212122,3.274054111328745
mixed,learned,29,33,264,0.125,3.2007314156629945
mixed,learned,29,34,264,0.12878787878787878,3.151685142924759
mixed,learned,29,35,264,0.13257575757575757,3.111292214214068
mixed,learned,29,36,264,0.13636363636363635,3.073380802727298
mixed,learned,29,37,264,0.14015151515151514,3.068230122136903
mixed,learned,29,38,264,0.14393939393939395,3.0601531647964744
mixed,learned,29,39,264,0.14772727272727273,3.0194342273176398
mixed,learned,29,40,264,0.15151515151515152,3.0820919814605943
mixed,learned,29,41,264,0.1553030303030303,3.0695239331209407
mixed,learned,29,42,264,0.1590909090909091,3.0676515470595085
mixed,learned,29,43,264,0.16287878787878787,3.041649445181464
mixed,learned,29,44,264,0.16666666666666666,3.0138386374715513
mixed,learned,29,45,264,0.17045454545454544,3.066365449905277
mixed,learned,29,46,264,0.17424242424242425,3.079682593899025
mixed,learned,29,47,264,0.17803030303030304,3.0819958286794247
mixed,learned,29,48,264,0.18181818181818182,3.0961551942992043
mixed,learned,29,49,264,0.1856060606060606,3.1097304150737157
mixed,learned,29,50,264,0.1893939393939394,3.1558107351795464
mixed,learned,29,51,264,0.19318181818181818,3.2138819701166885
mixed,learned,29,52,264,0.19696969696969696,3.1803931534876773
mixed,learned,29,53,264,0.20075757575757575,3.1759375296336767
mixed,learned,29,54,264,0.20454545454545456,3.2089472111073265
mixed,learned,29,55,264,0.20833333333333334,3.2675342644196403
mixed,learned,29,56,264,0.21212121212121213,3.3375590146128675
mixed,learned,29,57,264,0.2159090909090909,3.312160169763643
mixed,learned,29,58,264,0.2196969696969697,3.284338554475335
mixed,learned,29,59,264,0.22348484848484848,3.257162031642109
mixed,learned,29,60,264,0.22727272727272727,3.330667133826738
mixed,learned,29,61,264,0.23106060606060605,3.330183027717611
mixed,learned,29,62,264,0.23484848484848486,3.4041611005555095
mixed,learned,29,63,264,0.23863636363636365,3.3862995184719042
mixed,learned,29,64,264,0.24242424242424243,3.426905459452609
mixed,learned,29,65,264,0.24621212121212122,3.39256125284881
mixed,learned,29,66,264,0.25,3.381230722184966
mixed,learned,29,67,264,0.2537878787878788,3.3409477649178854
mixed,learned,29,68,264,0.25757575757575757,3.3382955362256967
mixed,learned,29,69,264,0.26136363636363635,3.377648000190705
mixed,learned,29,70,264,0.26515151515151514,3.4273429529553012
mixed,learned,29,71,264,0.2689393939393939,3.4149355054155817
mixed,learned,29,72,264,0.2727272727272727,3.3936100216337053
mixed,learned,29,73,264,0.2765151515151515,3.405098007008334
mixed,learned,29,74,264,0.2803030303030303,3.3868472224188886
mixed,learned,29,75,264,0.2840909090909091,3.3814512379986303
mixed,learned,29,76,264,0.2878787878787879,3.401612454740226
mixed,learned,29,77,264,0.2916666666666667,3.4342035883812256
mixed,learned,29,78,264,0.29545454545454547,3.4411179768458133
mixed,learned,29,79,264,0.29924242424242425,3.4425238047787756
mixed,learned,29,80,264,0.30303030303030304,3.4209271987138137
mixed,learned,29,81,264,0.3068181818181818,3.4295829955657475
mixed,learned,29,82,264,0.3106060606060606,3.434457166948253
mixed,learned,29,83,264,0.3143939393939394,3.4096725316522845
mixed,learned,29,84,264,0.3181818181818182,3.4079345067304594
mixed,learned,29,85,264,0.32196969696969696,3.4123687808609824
mixed,learned,29,86,264,0.32575757575757575,3.3988544975721946
mixed,learned,29,87,264,0.32954545454545453,3.3938343352974973
mixed,learned,29,88,264,0.3333333333333333,3.376705300302562
mixed,learned,29,89,264,0.3371212121212121,3.4084560777190682
mixed,learned,29,90,264,0.3409090909090909,3.423577274764676
mixed,learned,29,91,264,0.3446969696969697,3.4114634018796104
mixed,learned,29,92,264,0.3484848484848485,3.416991415119764
mixed,learned,29,93,264,0.3522727272727273,3.4584805684550926
mixed,learned,29,94,264,0.3560606060606061,3.466043333031693
mixed,learned,29,95,264,0.35984848484848486,3.4610299859509723
mixed,learned,29,96,264,0.36363636363636365,3.4852970506608982
mixed,learned,29,97,264,0.36742424242424243,3.4785628876622177
mixed,learned,29,98,264,0.3712121212121212,3.460459499667943
mixed,learned,29,99,264,0.375,3.5065670472877253
mixed,learned,29,100,264,0.3787878787878788,3.5020199736584403
mixed,learned,29,101,264,0.38257575757575757,3.4870136449962765
mixed,learned,29,102,264,0.38636363636363635,3.5047499905452186
mixed,learned,29,103,264,0.39015151515151514,3.516524151351402
mixed,learned,29,104,264,0.3939393939393939,3.5138973047687356
mixed,learned,29,105,264,0.3977272727272727,3.496904479084818
mixed,learned,29,106,264,0.4015151515151515,3.504885754949805
mixed,learned,29,107,264,0.4053030303030303,3.4876662531556297
mixed,learned,29,108,264,0.4090909090909091,3.4746385308651093
mixed,learned,29,109,264,0.4128787878787879,3.4733145246792327
mixed,learned,29,110,264,0.4166666666666667,3.48924099274512
mixed,learned,29,111,264,0.42045454545454547,3.4860129648670823
mixed,learned,29,112,264,0.42424242424242425,3.4605876394420343
mixed,learned,29,113,264,0.42803030303030304,3.4574063788000604
mixed,learned,29,114,264,0.4318181818181818,3.4857989787137225
mixed,learned,29,115,264,0.4356060606060606,3.4847865860266554
mixed,learned,29,116,264,0.4393939393939394,3.4720663036751116
mixed,learned,29,117,264,0.4431818181818182,3.4615180580635276
mixed,learned,29,118,264,0.44696969696969696,3.45587517202751
mixed,learned,29,119,264,0.45075757575757575,3.4704536087952045
mixed,learned,29,120,264,0.45454545454545453,3.462113564317351
mixed,learned,29,121,264,0.4583333333333333,3.4567255299561994
mixed,learned,29,122,264,0.4621212121212121,3.4529470027764204
mixed,learned,29,123,264,0.4659090909090909,3.474641888545749
mixed,learned,29,124,264,0.4696969696969697,3.495590270522816
mixed,learned,29,125,264,0.4734848484848485,3.487312467391496
mixed,learned,29,126,264,0.4772727272727273,3.4830093182788477
mixed,learned,29,127,264,0.4810606060606061,3.5022805212960892
mixed,learned,29,128,264,0.48484848484848486,3.4890755946776464
mixed,learned,29,129,264,0.48863636363636365,3.506158460361692
mixed,learned,29,130,264,0.49242424242424243,3.493084147923072
mixed,learned,29,131,264,0.4962121212121212,3.503942551112013
mixed,learned,29,132,264,0.5,3.493452510055779
mixed,learned,29,133,264,0.5037878787878788,3.5068544675975404
mixed,learned,29,134,264,0.5075757575757576,3.4892339901802014
mixed,learned,29,135,264,0.5113636363636364,3.490146143221064
mixed,learned,29,136,264,0.5151515151515151,3.4844663065337
mixed,learned,29,137,264,0.5189393939393939,3.4760619538147015
mixed,learned,29,138,264,0.5227272727272727,3.482261632138469
mixed,learned,29,139,264,0.5265151515151515,3.4654978066183126
mixed,learned,29,140,264,0.5303030303030303,3.4751424863303484
mixed,learned,29,141,264,0.5340909090909091,3.47801486663572
mixed,learned,29,142,264,0.5378787878787878,3.4614112439268743
mixed,learned,29,143,264,0.5416666666666666,3.4534047725019192
mixed,learned,29,144,264,0.5454545454545454,3.4428567884021017
mixed,learned,29,145,264,0.5492424242424242,3.4606051433089613
mixed,learned,29,146,264,0.553030303030303,3.4685709834981564
mixed,learned,29,147,264,0.5568181818181818,3.489139869115567
mixed,learned,29,148,264,0.5606060606060606,3.4749307589900305
mixed,learned,29,149,264,0.5643939393939394,3.485677263736335
mixed,learned,29,150,264,0.5681818181818182,3.50262495369028
mixed,learned,29,151,264,0.571969696969697,3.4954868212284955
mixed,learned,29,152,264,0.5757575757575758,3.493001046215606
mixed,learned,29,153,264,0.5795454545454546,3.487829851486874
mixed,learned,29,154,264,0.5833333333333334,3.5007228342333128
mixed,learned,29,155,264,0.5871212121212122,3.5089855845657834
mixed,learned,29,156,264,0.5909090909090909,3.51159739911958
mixed,learned,29,157,264,0.5946969696969697,3.5351689647059694
mixed,learned,29,158,264,0.5984848484848485,3.5285830062048564
mixed,learned,29,159,264,0.6022727272727273,3.5228431149687567
mixed,learned,29,160,264,0.6060606060606061,3.5501531609161354
mixed,learned,29,161,264,0.6098484848484849,3.5414631236333385
mixed,learned,29,162,264,0.6136363636363636,3.53489846880184
mixed,learned,29,163,264,0.6174242424242424,3.5309380570217805
mixed,learned,29,164,264,0.6212121212121212,3.5506523926308127
mixed,learned,29,165,264,0.625,3.5425934523066966
mixed,learned,29,166,264,0.6287878787878788,3.548409860987579
mixed,learned,29,167,264,0.6325757575757576,3.5381524291230138
mixed,learned,29,168,264,0.6363636363636364,3.5246429410762388
mixed,learned,29,169,264,0.6401515151515151,3.5188005335624406
mixed,learned,29,170,264,0.6439393939393939,3.5075151480134985
mixed,learned,29,171,264,0.6477272727272727,3.5100034329158083
mixed,learned,29,172,264,0.6515151515151515,3.530773659273447
mixed,learned,29,173,264,0.6553030303030303,3.5182667602993676
mixed,learned,29,174,264,0.6590909090909091,3.522315750675577
mixed,learned,29,175,264,0.6628787878787878,3.5510947885589412
mixed,learned,29,176,264,0.6666666666666666,3.570376234703974
mixed,learned,29,177,264,0.6704545454545454,3.584387650237483
mixed,learned,29,178,264,0.6742424242424242,3.5735567601664786
mixed,learned,29,179,264,0.678030303030303,3.573204556476062
mixed,learned,29,180,264,0.6818181818181818,3.5681522789927627
mixed,learned,29,181,264,0.6856060606060606,3.569691490551791
mixed,learned,29,182,264,0.6893939393939394,3.56659716646466
mixed,learned,29,183,264,0.6931818181818182,3.600725138753107
mixed,learned,29,184,264,0.696969696969697,3.6089319873753367
mixed,learned,29,185,264,0.7007575757575758,3.6046322898496617
mixed,learned,29,186,264,0.7045454545454546,3.6169052222433815
mixed,learned,29,187,264,0.7083333333333334,3.6223558134973266
mixed,learned,29,188,264,0.7121212121212122,3.629965181275052
mixed,learned,29,189,264,0.7159090909090909,3.629391241249815
mixed,learned,29,190,264,0.7196969696969697,3.627904351597461
mixed,learned,29,191,264,0.7234848484848485,3.618423702704175
mixed,learned,29,192,264,0.7272727272727273,3.626877700371398
mixed,learned,29,193,264,0.7310606060606061,3.6332240458183525
mixed,learned,29,194,264,0.7348484848484849,3.6312248327658265
mixed,learned,29,195,264,0.7386363636363636,3.6409173907696855
mixed,learned,29,196,264,0.7424242424242424,3.6320743219687373
mixed,learned,29,197,264,0.7462121212121212,3.6408080889180257
mixed,learned,29,198,264,0.75,3.634327297992596
mixed,learned,29,199,264,0.7537878787878788,3.641726241595445
mixed,learned,29,200,264,0.7575757575757576,3.6396568144410377
mixed,learned,29,201,264,0.7613636363636364,3.631897875422289
mixed,learned,29,202,264,0.7651515151515151,3.6224231907595
mixed,learned,29,203,264,0.7689393939393939,3.6402142119098886
mixed,learned,29,204,264,0.7727272727272727,3.6526534537343553
mixed,learned,29,205,264,0.7765151515151515,3.650108778108652
mixed,learned,29,206,264,0.7803030303030303,3.6552982017257416
mixed,learned,29,207,264,0.7840909090909091,3.6746437506362706
mixed,learned,29,208,264,0.7878787878787878,3.6718667475296978
mixed,learned,29,209,264,0.7916666666666666,3.662124930349208
mixed,learned,29,210,264,0.7954545454545454,3.6545485841674
mixed,learned,29,211,264,0.7992424242424242,3.647295766513305
mixed,learned,29,212,264,0.803030303030303,3.663593869207994
mixed,learned,29,213,264,0.8068181818181818,3.690741556139092
mixed,learned,29,214,264,0.8106060606060606,3.6891132440425634
mixed,learned,29,215,264,0.8143939393939394,3.695990009449607
mixed,learned,29,216,264,0.8181818181818182,3.6884308637003547
mixed,learned,29,217,264,0.821969696969697,3.684850172561365
mixed,learned,29,218,264,0.8257575757575758,3.6899848761760827
mixed,learned,29,219,264,0.8295454545454546,3.7035546381249183
mixed,learned,29,220,264,0.8333333333333334,3.7043031218634654
mixed,learned,29,221,264,0.8371212121212122,3.7001205931799497
mixed,learned,29,222,264,0.8409090909090909,3.702367210023636
mixed,learned,29,223,264,0.8446969696969697,3.6966397033788665
mixed,learned,29,224,264,0.8484848484848485,3.690908427458226
mixed,learned,29,225,264,0.8522727272727273,3.6949076496466007
mixed,learned,29,226,264,0.8560606060606061,3.6892218332673803
mixed,learned,29,227,264,0.8598484848484849,3.692831526022448
mixed,learned,29,228,264,0.8636363636363636,3.696765043410987
mixed,learned,29,229,264,0.8674242424242424,3.688480451711721
mixed,learned,29,230,264,0.8712121212121212,3.6880538063137758
mixed,learned,29,231,264,0.875,3.67994121558481
mixed,learned,29,232,264,0.8787878787878788,3.7069837303846436
mixed,learned,29,233,264,0.8825757575757576,3.7044894000708637
mixed,learned,29,234,264,0.8863636363636364,3.7076687517141282
mixed,learned,29,235,264,0.8901515151515151,3.704193590170005
mixed,learned,29,236,264,0.8939393939393939,3.692289001003336
mixed,learned,29,237,264,0.8977272727272727,3.685291250901552
mixed,learned,29,238,264,0.9015151515151515,3.678757464710051
mixed,learned,29,239,264,0.9053030303030303,3.6760199559426407
mixed,learned,29,240,264,0.9090909090909091,3.677230259970167
mixed,learned,29,241,264,0.9128787878787878,3.673829982708913
mixed,learned,29,242,264,0.9166666666666666,3.6794725778255697
mixed,learned,29,243,264,0.9204545454545454,3.6795745845085293
mixed,learned,29,244,264,0.9242424242424242,3.6712481897104015
mixed,learned,29,245,264,0.928030303030303,3.6722042433681494
mixed,learned,29,246,264,0.9318181818181818,3.6756257083386594
mixed,learned,29,247,264,0.9356060606060606,3.666860901040534
mixed,learned,29,248,264,0.9393939393939394,3.663347929359076
mixed,learned,29,249,264,0.9431818181818182,3.6656640084066634
mixed,learned,29,250,264,0.946969696969697,3.6675263540013217
mixed,learned,29,251,264,0.9507575757575758,3.665270773730846
mixed,learned,29,252,264,0.9545454545454546,3.6582450220027547
mixed,learned,29,253,264,0.9583333333333334,3.664888588921113
mixed,learned,29,254,264,0.9621212121212122,3.6576435057817185
mixed,learned,29,255,264,0.9659090909090909,3.66538865008518
mixed,learned,29,256,264,0.9696969696969697,3.65971652378625
mixed,learned,29,257,264,0.9734848484848485,3.652061825178903
mixed,learned,29,258,264,0.9772727272727273,3.649720054878767
mixed,learned,29,259,264,0.9810606060606061,3.6552019821834945
mixed,learned,29,260,264,0.9848484848484849,3.6663574961470733
mixed,learned,29,261,264,0.9886363636363636,3.6570537047535616
mixed,learned,29,262,264,0.9924242424242424,3.6498831769526126
mixed,learned,29,263,264,0.9962121212121212,3.6679360765576834
mixed,learned,29,264,264,1.0,3.66262628954412
mixed,learned,43,1,264,0.003787878787878788,3.0470907359009187
mixed,learned,43,2,264,0.007575757575757576,3.6392537353481305
mixed,learned,43,3,264,0.011363636363636364,2.9457247330971197
mixed,learned,43,4,264,0.015151515151515152,3.190539192218354
mixed,learned,43,5,264,0.01893939393939394,3.0799928046289953
mixed,learned,43,6,264,0.022727272727272728,2.793584695598152
mixed,learned,43,7,264,0.026515151515151516,2.7742389077172156
mixed,learned,43,8,264,0.030303030303030304,2.7152240781719215
mixed,learned,43,9,264,0.03409090909090909,2.906006446573877
mixed,learned,43,10,264,0.03787878787878788,2.8974509232393384
mixed,learned,43,11,264,0.041666666666666664,2.827407971398702
mixed,learned,43,12,264,0.045454545454545456,3.0342315610602832
mixed,learned,43,13,264,0.04924242424242424,3.14039446424717
mixed,learned,43,14,264,0.05303030303030303,3.1029679360635414
mixed,learned,43,15,264,0.056818181818181816,3.013631509534866
mixed,learned,43,16,264,0.06060606060606061,3.1011720779189993
mixed,learned,43,17,264,0.06439393939393939,2.952302616750534
mixed,learned,43,18,264,0.06818181818181818,2.8978818952669108
mixed,learned,43,19,264,0.07196969696969698,2.786206962172168
mixed,learned,43,20,264,0.07575757575757576,2.998215618313694
mixed,learned,43,21,264,0.07954545454545454,3.0632932687361834
mixed,learned,43,22,264,0.08333333333333333,3.0344155910212565
mixed,learned,43,23,264,0.08712121212121213,3.136665389626171
mixed,learned,43,24,264,0.09090909090909091,3.1338777452915365
mixed,learned,43,25,264,0.0946969696969697,3.2352353175072825
mixed,learned,43,26,264,0.09848484848484848,3.162216911147943
mixed,learned,43,27,264,0.10227272727272728,3.1617011169864493
mixed,learned,43,28,264,0.10606060606060606,3.2015899231055047
mixed,learned,43,29,264,0.10984848484848485,3.1895125030377147
mixed,learned,43,30,264,0.11363636363636363,3.343959525819609
mixed,learned,43,31,264,0.11742424242424243,3.310262127834172
mixed,learned,43,32,264,0.12121212121212122,3.268885869736256
mixed,learned,43,33,264,0.125,3.2562184779816232
mixed,learned,43,34,264,0.12878787878787878,3.2408971278219982
mixed,learned,43,35,264,0.13257575757575757,3.210970627500741
mixed,learned,43,36,264,0.13636363636363635,3.1968631252823996
mixed,learned,43,37,264,0.14015151515151514,3.2365840403016426
mixed,learned,43,38,264,0.14393939393939395,3.202985262399578
mixed,learned,43,39,264,0.14772727272727273,3.2224042723250235
mixed,learned,43,40,264,0.15151515151515152,3.242633996955283
mixed,learned,43,41,264,0.1553030303030303,3.2280030902473165
mixed,learned,43,42,264,0.1590909090909091,3.1777274691302
mixed,learned,43,43,264,0.16287878787878787,3.127883845012266
mixed,learned,43,44,264,0.16666666666666666,3.1165746458649837
mixed,learned,43,45,264,0.17045454545454544,3.097057786515147
mixed,learned,43,46,264,0.17424242424242425,3.192725453191875
mixed,learned,43,47,264,0.17803030303030304,3.2752877626468813
mixed,learned,43,48,264,0.18181818181818182,3.3564592380016633
mixed,learned,43,49,264,0.1856060606060606,3.33777912617434
mixed,learned,43,50,264,0.1893939393939394,3.3341567683253936
mixed,learned,43,51,264,0.19318181818181818,3.32253466782233
mixed,learned,43,52,264,0.19696969696969696,3.3134308342819216
mixed,learned,43,53,264,0.20075757575757575,3.278550336126621
mixed,learned,43,54,264,0.20454545454545456,3.304909541837643
mixed,learned,43,55,264,0.20833333333333334,3.2690086271016283
mixed,learned,43,56,264,0.21212121212121213,3.25671504878574
mixed,learned,43,57,264,0.2159090909090909,3.2751568761066703
mixed,learned,43,58,264,0.2196969696969697,3.2633879281408147
mixed,learned,43,59,264,0.22348484848484848,3.2237028720536687
mixed,learned,43,60,264,0.22727272727272727,3.210616873851818
mixed,learned,43,61,264,0.23106060606060605,3.2208561511869385
mixed,learned,43,62,264,0.23484848484848486,3.22117299877692
mixed,learned,43,63,264,0.23863636363636365,3.2064925370575974
mixed,learned,43,64,264,0.24242424242424243,3.260729969291743
mixed,learned,43,65,264,0.24621212121212122,3.2597604066220724
mixed,learned,43,66,264,0.25,3.2661072486321885
mixed,learned,43,67,264,0.2537878787878788,3.257974733240395
mixed,learned,43,68,264,0.25757575757575757,3.239584003594239
mixed,learned,43,69,264,0.26136363636363635,3.256670049164808
mixed,learned,43,70,264,0.26515151515151514,3.2963801881903874
mixed,learned,43,71,264,0.2689393939393939,3.349125525798272
mixed,learned,43,72,264,0.2727272727272727,3.3488336064344435
mixed,learned,43,73,264,0.2765151515151515,3.345343414405482
mixed,learned,43,74,264,0.2803030303030303,3.333800744235034
mixed,learned,43,75,264,0.2840909090909091,3.3720968825437856
mixed,learned,43,76,264,0.2878787878787879,3.361909766607487
mixed,learned,43,77,264,0.2916666666666667,3.3352815409396266
mixed,learned,43,78,264,0.29545454545454547,3.317976388146699
mixed,learned,43,79,264,0.29924242424242425,3.321484647184818
mixed,learned,43,80,264,0.30303030303030304,3.315307776915561
mixed,learned,43,81,264,0.3068181818181818,3.3104773873354425
mixed,learned,43,82,264,0.3106060606060606,3.2918853873603817
mixed,learned,43,83,264,0.3143939393939394,3.313420180913347
mixed,learned,43,84,264,0.3181818181818182,3.350261100991281
mixed,learned,43,85,264,0.32196969696969696,3.3522668223242174
mixed,learned,43,86,264,0.32575757575757575,3.336421907923624
mixed,learned,43,87,264,0.32954545454545453,3.333947307277611
mixed,learned,43,88,264,0.3333333333333333,3.3410917472327153
mixed,learned,43,89,264,0.3371212121212121,3.324743083958186
mixed,learned,43,90,264,0.3409090909090909,3.3580086163838865
mixed,learned,43,91,264,0.3446969696969697,3.3955374868257473
mixed,learned,43,92,264,0.3484848484848485,3.405295042132225
mixed,learned,43,93,264,0.3522727272727273,3.448846982161828
mixed,learned,43,94,264,0.3560606060606061,3.4539329029649495
mixed,learned,43,95,264,0.35984848484848486,3.4606022234139577
mixed,learned,43,96,264,0.36363636363636365,3.4533999085193074
mixed,learned,43,97,264,0.36742424242424243,3.445073811141902
mixed,learned,43,98,264,0.3712121212121212,3.4348109507919524
mixed,learned,43,99,264,0.375,3.4332221126138696
mixed,learned,43,100,264,0.3787878787878788,3.432332650892023
mixed,learned,43,101,264,0.38257575757575757,3.4228346500884674
mixed,learned,43,102,264,0.38636363636363635,3.444917017379617
mixed,learned,43,103,264,0.39015151515151514,3.44463474260953
mixed,learned,43,104,264,0.3939393939393939,3.443754304354079
mixed,learned,43,105,264,0.3977272727272727,3.458475190725559
mixed,learned,43,106,264,0.4015151515151515,3.481710383095886
mixed,learned,43,107,264,0.4053030303030303,3.467555386103833
mixed,learned,43,108,264,0.4090909090909091,3.4499319385262823
mixed,learned,43,109,264,0.4128787878787879,3.491665039030552
mixed,learned,43,110,264,0.4166666666666667,3.511432068633121
mixed,learned,43,111,264,0.42045454545454547,3.4938320307169866
mixed,learned,43,112,264,0.42424242424242425,3.482199181930914
mixed,learned,43,113,264,0.42803030303030304,3.481366405564103
mixed,learned,43,114,264,0.4318181818181818,3.4840398195302433
mixed,learned,43,115,264,0.4356060606060606,3.471432083998778
mixed,learned,43,116,264,0.4393939393939394,3.463506101601791
mixed,learned,43,117,264,0.4431818181818182,3.4783879439498593
mixed,learned,43,118,264,0.44696969696969696,3.480115741135
mixed,learned,43,119,264,0.45075757575757575,3.466220541792024
mixed,learned,43,120,264,0.45454545454545453,3.4598589781341897
mixed,learned,43,121,264,0.4583333333333333,3.4821527021446523
mixed,learned,43,122,264,0.4621212121212121,3.4855478877696355
mixed,learned,43,123,264,0.4659090909090909,3.4827395436391115
mixed,learned,43,124,264,0.4696969696969697,3.484290144406711
mixed,learned,43,125,264,0.4734848484848485,3.478185813084153
mixed,learned,43,126,264,0.4772727272727273,3.4837034435206644
mixed,learned,43,127,264,0.4810606060606061,3.4964003998687887
mixed,learned,43,128,264,0.48484848484848486,3.5176620627316137
mixed,learned,43,129,264,0.48863636363636365,3.504553054228691
mixed,learned,43,130,264,0.49242424242424243,3.5380697358522015
mixed,learned,43,131,264,0.4962121212121212,3.559236452364839
mixed,learned,43,132,264,0.5,3.549216619081072
mixed,learned,43,133,264,0.5037878787878788,3.5345880952857254
mixed,learned,43,134,264,0.5075757575757576,3.526528585374622
mixed,learned,43,135,264,0.5113636363636364,3.543646847467574
mixed,learned,43,136,264,0.5151515151515151,3.5313165272121814
mixed,learned,43,137,264,0.5189393939393939,3.5396646787744714
mixed,learned,43,138,264,0.5227272727272727,3.5523016269373744
mixed,learned,43,139,264,0.5265151515151515,3.555173691701842
mixed,learned,43,140,264,0.5303030303030303,3.539916337225761
mixed,learned,43,141,264,0.5340909090909091,3.527978700860435
mixed,learned,43,142,264,0.5378787878787878,3.5293134274977094
mixed,learned,43,143,264,0.5416666666666666,3.543807618640436
mixed,learned,43,144,264,0.5454545454545454,3.569626348119101
mixed,learned,43,145,264,0.5492424242424242,3.5736012822930103
mixed,learned,43,146,264,0.553030303030303,3.5753432952672792
mixed,learned,43,147,264,0.5568181818181818,3.5595430291441152
mixed,learned,43,148,264,0.5606060606060606,3.5490475457078317
mixed,learned,43,149,264,0.5643939393939394,3.546068524151805
mixed,learned,43,150,264,0.5681818181818182,3.5544063031334976
mixed,learned,43,151,264,0.571969696969697,3.546588233738247
mixed,learned,43,152,264,0.5757575757575758,3.568281373241416
mixed,learned,43,153,264,0.5795454545454546,3.5781148800185094
mixed,learned,43,154,264,0.5833333333333334,3.5651706309534035
mixed,learned,43,155,264,0.5871212121212122,3.5514869660212525
mixed,learned,43,156,264,0.5909090909090909,3.535491534193792
mixed,learned,43,157,264,0.5946969696969697,3.5587157939015923
mixed,learned,43,158,264,0.5984848484848485,3.5542381826228495
mixed,learned,43,159,264,0.6022727272727273,3.5481101083033355
mixed,learned,43,160,264,0.6060606060606061,3.5341910133114736
mixed,learned,43,161,264,0.6098484848484849,3.5286913808618694
mixed,learned,43,162,264,0.6136363636363636,3.533700000038943
mixed,learned,43,163,264,0.6174242424242424,3.5390471374743777
mixed,learned,43,164,264,0.6212121212121212,3.5496226582414487
mixed,learned,43,165,264,0.625,3.575311790717789
mixed,learned,43,166,264,0.6287878787878788,3.588032755882321
mixed,learned,43,167,264,0.6325757575757576,3.5767689538747476
mixed,learned,43,168,264,0.6363636363636364,3.5871636673918825
mixed,learned,43,169,264,0.6401515151515151,3.5845640644173278
mixed,learned,43,170,264,0.6439393939393939,3.620267359586916
mixed,learned,43,171,264,0.6477272727272727,3.610781952476596
mixed,learned,43,172,264,0.6515151515151515,3.603083170132889
mixed,learned,43,173,264,0.6553030303030303,3.5998055892476795
mixed,learned,43,174,264,0.6590909090909091,3.6011300010905667
mixed,learned,43,175,264,0.6628787878787878,3.5922623232596944
mixed,learned,43,176,264,0.6666666666666666,3.5941871283417317
mixed,learned,43,177,264,0.6704545454545454,3.585101135204045
mixed,learned,43,178,264,0.6742424242424242,3.58047555459139
mixed,learned,43,179,264,0.678030303030303,3.5932262006240556
mixed,learned,43,180,264,0.6818181818181818,3.5791519368621754
mixed,learned,43,181,264,0.6856060606060606,3.585791828194894
mixed,learned,43,182,264,0.6893939393939394,3.5957642026315817
mixed,learned,43,183,264,0.6931818181818182,3.582870436007195
mixed,learned,43,184,264,0.696969696969697,3.606812791700654
mixed,learned,43,185,264,0.7007575757575758,3.605044364239477
mixed,learned,43,186,264,0.7045454545454546,3.601457247845272
mixed,learned,43,187,264,0.7083333333333334,3.5999123312575287
mixed,learned,43,188,264,0.7121212121212122,3.604901399337949
mixed,learned,43,189,264,0.7159090909090909,3.600373429040162
mixed,learned,43,190,264,0.7196969696969697,3.593983811114151
mixed,learned,43,191,264,0.7234848484848485,3.605821395701831
mixed,learned,43,192,264,0.7272727272727273,3.6090454306914275
mixed,learned,43,193,264,0.7310606060606061,3.606623287258976
mixed,learned,43,194,264,0.7348484848484849,3.6012581666697288
mixed,learned,43,195,264,0.7386363636363636,3.6041795502802363
mixed,learned,43,196,264,0.7424242424242424,3.599035371571786
mixed,learned,43,197,264,0.7462121212121212,3.6009761539816947
mixed,learned,43,198,264,0.75,3.593753794432216
mixed,learned,43,199,264,0.7537878787878788,3.625707437205123
mixed,learned,43,200,264,0.7575757575757576,3.6383359269509743
mixed,learned,43,201,264,0.7613636363636364,3.635007818572434
mixed,learned,43,202,264,0.7651515151515151,3.6445001447341494
mixed,learned,43,203,264,0.7689393939393939,3.646710313802148
mixed,learned,43,204,264,0.7727272727272727,3.6482302804366276
mixed,learned,43,205,264,0.7765151515151515,3.6511858883274955
mixed,learned,43,206,264,0.7803030303030303,3.651348428000519
mixed,learned,43,207,264,0.7840909090909091,3.6443842935875366
mixed,learned,43,208,264,0.7878787878787878,3.6352740326805084
mixed,learned,43,209,264,0.7916666666666666,3.656877275168812
mixed,learned,43,210,264,0.7954545454545454,3.650491383500801
mixed,learned,43,211,264,0.7992424242424242,3.656740570040104
mixed,learned,43,212,264,0.803030303030303,3.6610240735394837
mixed,learned,43,213,264,0.8068181818181818,3.667032560061641
mixed,learned,43,214,264,0.8106060606060606,3.659365261839883
mixed,learned,43,215,264,0.8143939393939394,3.6865077341463417
mixed,learned,43,216,264,0.8181818181818182,3.6754166481767316
mixed,learned,43,217,264,0.821969696969697,3.6833909982699344
mixed,learned,43,218,264,0.8257575757575758,3.6880441153996184
mixed,learned,43,219,264,0.8295454545454546,3.6856947411829313
mixed,learned,43,220,264,0.8333333333333334,3.683870993084272
mixed,learned,43,221,264,0.8371212121212122,3.6764931963341163
mixed,learned,43,222,264,0.8409090909090909,3.682378927903157
mixed,learned,43,223,264,0.8446969696969697,3.68854009475281
mixed,learned,43,224,264,0.8484848484848485,3.6808758432977298
mixed,learned,43,225,264,0.8522727272727273,3.6726538283115473
mixed,learned,43,226,264,0.8560606060606061,3.6873756431115936
mixed,learned,43,227,264,0.8598484848484849,3.6906551566814327
mixed,learned,43,228,264,0.8636363636363636,3.695241195045084
mixed,learned,43,229,264,0.8674242424242424,3.6911253441751124
mixed,learned,43,230,264,0.8712121212121212,3.694406492623158
mixed,learned,43,231,264,0.875,3.6914087706940246
mixed,learned,43,232,264,0.8787878787878788,3.6787091693475573
mixed,learned,43,233,264,0.8825757575757576,3.6779738285462793
mixed,learned,43,234,264,0.8863636363636364,3.6774107867006487
mixed,learned,43,235,264,0.8901515151515151,3.667819491481903
mixed,learned,43,236,264,0.8939393939393939,3.6746159283787336
mixed,learned,43,237,264,0.8977272727272727,3.6699417578921376
mixed,learned,43,238,264,0.9015151515151515,3.664354569487355
mixed,learned,43,239,264,0.9053030303030303,3.6610685744106375
mixed,learned,43,240,264,0.9090909090909091,3.6590776489840535
mixed,learned,43,241,264,0.9128787878787878,3.6488633324131863
mixed,learned,43,242,264,0.9166666666666666,3.6521374052442703
mixed,learned,43,243,264,0.9204545454545454,3.6444465966517
mixed,learned,43,244,264,0.9242424242424242,3.64789534758565
mixed,learned,43,245,264,0.928030303030303,3.6420446694815363
mixed,learned,43,246,264,0.9318181818181818,3.6320997953478322
mixed,learned,43,247,264,0.9356060606060606,3.62578022118743
mixed,learned,43,248,264,0.9393939393939394,3.6185387352427485
mixed,learned,43,249,264,0.9431818181818182,3.6244871063413275
mixed,learned,43,250,264,0.946969696969697,3.631465895898853
mixed,learned,43,251,264,0.9507575757575758,3.637580869525366
mixed,learned,43,252,264,0.9545454545454546,3.639519696900108
mixed,learned,43,253,264,0.9583333333333334,3.63083423914978
mixed,learned,43,254,264,0.9621212121212122,3.6275446258694926
mixed,learned,43,255,264,0.9659090909090909,3.6180490744139258
mixed,learned,43,256,264,0.9696969696969697,3.618387188329975
mixed,learned,43,257,264,0.9734848484848485,3.6244730924940662
mixed,learned,43,258,264,0.9772727272727273,3.6265297237310254
mixed,learned,43,259,264,0.9810606060606061,3.638359852250256
mixed,learned,43,260,264,0.9848484848484849,3.641418744594055
mixed,learned,43,261,264,0.9886363636363636,3.63277564119203
mixed,learned,43,262,264,0.9924242424242424,3.6398542771865325
mixed,learned,43,263,264,0.9962121212121212,3.665109413768165
mixed,learned,43,264,264,1.0,3.6633770771543137
