protocol,family,ranking,coverage,mean_delta_e00
mixed,graph_paired,common,0.003787878787878788,4.534792831175609
mixed,graph_paired,common,0.007575757575757576,3.127996132208026
mixed,graph_paired,common,0.011363636363636364,2.7646885802963035
mixed,graph_paired,common,0.015151515151515152,2.544024928019196
mixed,graph_paired,common,0.01893939393939394,2.844543227366176
mixed,graph_paired,common,0.022727272727272728,2.866657930019738
mixed,graph_paired,common,0.026515151515151516,2.7698274350691334
mixed,graph_paired,common,0.030303030303030304,2.9645781954245876
mixed,graph_paired,common,0.03409090909090909,2.762794890985066
mixed,graph_paired,common,0.03787878787878788,3.025390426770566
mixed,graph_paired,common,0.041666666666666664,2.9001632065891187
mixed,graph_paired,common,0.045454545454545456,2.83588099551878
mixed,graph_paired,common,0.04924242424242424,2.9054413680171005
mixed,graph_paired,common,0.05303030303030303,2.859994984624406
mixed,graph_paired,common,0.056818181818181816,2.986726745870325
mixed,graph_paired,common,0.06060606060606061,2.9615967401690306
mixed,graph_paired,common,0.06439393939393939,2.991451196229466
mixed,graph_paired,common,0.06818181818181818,3.085630814036907
mixed,graph_paired,common,0.07196969696969698,3.125368930306189
mixed,graph_paired,common,0.07575757575757576,3.0815922850056015
mixed,graph_paired,common,0.07954545454545454,2.994500898123754
mixed,graph_paired,common,0.08333333333333333,3.2309591325899896
mixed,graph_paired,common,0.08712121212121213,3.2280537418929582
mixed,graph_paired,common,0.09090909090909091,3.176177869931962
mixed,graph_paired,common,0.0946969696969697,3.275423848874677
mixed,graph_paired,common,0.09848484848484848,3.2420955359444683
mixed,graph_paired,common,0.10227272727272728,3.191905091835666
mixed,graph_paired,common,0.10606060606060606,3.195618332767826
mixed,graph_paired,common,0.10984848484848485,3.1725971843381866
mixed,graph_paired,common,0.11363636363636363,3.160628183773285
mixed,graph_paired,common,0.11742424242424243,3.1464704986648475
mixed,graph_paired,common,0.12121212121212122,3.1022215519036984
mixed,graph_paired,common,0.125,3.117625968976059
mixed,graph_paired,common,0.12878787878787878,3.1228405213522166
mixed,graph_paired,common,0.13257575757575757,3.1172822826702937
mixed,graph_paired,common,0.13636363636363635,3.2809144144112703
mixed,graph_paired,common,0.14015151515151514,3.23771614988439
mixed,graph_paired,common,0.14393939393939395,3.1831281001976173
mixed,graph_paired,common,0.14772727272727273,3.1311466855469696
mixed,graph_paired,common,0.15151515151515152,3.0983372522386574
mixed,graph_paired,common,0.1553030303030303,3.1252025113007136
mixed,graph_paired,common,0.1590909090909091,3.105748019283077
mixed,graph_paired,common,0.16287878787878787,3.077908139365929
mixed,graph_paired,common,0.16666666666666666,3.109756873522698
mixed,graph_paired,common,0.17045454545454544,3.0822134125771226
mixed,graph_paired,common,0.17424242424242425,3.090445401373499
mixed,graph_paired,common,0.17803030303030304,3.114045265601425
mixed,graph_paired,common,0.18181818181818182,3.09834250558039
mixed,graph_paired,common,0.1856060606060606,3.18362879161157
mixed,graph_paired,common,0.1893939393939394,3.1770437491579675
mixed,graph_paired,common,0.19318181818181818,3.162356720046423
mixed,graph_paired,common,0.19696969696969696,3.2041333687046554
mixed,graph_paired,common,0.20075757575757575,3.1558987950735666
mixed,graph_paired,common,0.20454545454545456,3.1264833399948757
mixed,graph_paired,common,0.20833333333333334,3.08858038678748
mixed,graph_paired,common,0.21212121212121213,3.0737244732798374
mixed,graph_paired,common,0.2159090909090909,3.1119337739626842
mixed,graph_paired,common,0.2196969696969697,3.1225100189168997
mixed,graph_paired,common,0.22348484848484848,3.1113128987349215
mixed,graph_paired,common,0.22727272727272727,3.09761737509454
mixed,graph_paired,common,0.23106060606060605,3.1018955993853212
mixed,graph_paired,common,0.23484848484848486,3.0812323771681496
mixed,graph_paired,common,0.23863636363636365,3.105243380330497
mixed,graph_paired,common,0.24242424242424243,3.087012927362474
mixed,graph_paired,common,0.24621212121212122,3.0570158032701564
mixed,graph_paired,common,0.25,3.0326249291569014
mixed,graph_paired,common,0.2537878787878788,3.094902808494964
mixed,graph_paired,common,0.25757575757575757,3.1268646384144074
mixed,graph_paired,common,0.26136363636363635,3.1004277997836756
mixed,graph_paired,common,0.26515151515151514,3.08766243523859
mixed,graph_paired,common,0.2689393939393939,3.1376826758356695
mixed,graph_paired,common,0.2727272727272727,3.2274862379756097
mixed,graph_paired,common,0.2765151515151515,3.227907922179552
mixed,graph_paired,common,0.2803030303030303,3.2209055345162887
mixed,graph_paired,common,0.2840909090909091,3.202708799300457
mixed,graph_paired,common,0.2878787878787879,3.245741949201333
mixed,graph_paired,common,0.2916666666666667,3.2476647391533198
mixed,graph_paired,common,0.29545454545454547,3.268221425818927
mixed,graph_paired,common,0.29924242424242425,3.3037893417014743
mixed,graph_paired,common,0.30303030303030304,3.2959012279965485
mixed,graph_paired,common,0.3068181818181818,3.2816904298888576
mixed,graph_paired,common,0.3106060606060606,3.276339825657898
mixed,graph_paired,common,0.3143939393939394,3.26974375580483
mixed,graph_paired,common,0.3181818181818182,3.2702912646790914
mixed,graph_paired,common,0.32196969696969696,3.256354036619299
mixed,graph_paired,common,0.32575757575757575,3.2504178120763716
mixed,graph_paired,common,0.32954545454545453,3.2462455735239355
mixed,graph_paired,common,0.3333333333333333,3.240807549788372
mixed,graph_paired,common,0.3371212121212121,3.234359662217211
mixed,graph_paired,common,0.3409090909090909,3.222305282157786
mixed,graph_paired,common,0.3446969696969697,3.1973207738989635
mixed,graph_paired,common,0.3484848484848485,3.1922792717774207
mixed,graph_paired,common,0.3522727272727273,3.197771380452433
mixed,graph_paired,common,0.3560606060606061,3.215375089606013
mixed,graph_paired,common,0.35984848484848486,3.2045989229842053
mixed,graph_paired,common,0.36363636363636365,3.2427516075753675
mixed,graph_paired,common,0.36742424242424243,3.251194580344954
mixed,graph_paired,common,0.3712121212121212,3.2502672501630094
mixed,graph_paired,common,0.375,3.2699390461404416
mixed,graph_paired,common,0.3787878787878788,3.256450300408313
mixed,graph_paired,common,0.38257575757575757,3.2442822198100782
mixed,graph_paired,common,0.38636363636363635,3.2440770483336183
mixed,graph_paired,common,0.39015151515151514,3.247031307703475
mixed,graph_paired,common,0.3939393939393939,3.260185982525899
mixed,graph_paired,common,0.3977272727272727,3.2773106026939645
mixed,graph_paired,common,0.4015151515151515,3.2891657484769823
mixed,graph_paired,common,0.4053030303030303,3.285624361711172
mixed,graph_paired,common,0.4090909090909091,3.2732212014985254
mixed,graph_paired,common,0.4128787878787879,3.253029165164406
mixed,graph_paired,common,0.4166666666666667,3.2463990012216875
mixed,graph_paired,common,0.42045454545454547,3.2518886502178006
mixed,graph_paired,common,0.42424242424242425,3.2346959246250875
mixed,graph_paired,common,0.42803030303030304,3.2567536199538907
mixed,graph_paired,common,0.4318181818181818,3.2569611744545703
mixed,graph_paired,common,0.4356060606060606,3.278543880250794
mixed,graph_paired,common,0.4393939393939394,3.2657412219767536
mixed,graph_paired,common,0.4431818181818182,3.2630703449876357
mixed,graph_paired,common,0.44696969696969696,3.272290604263372
mixed,graph_paired,common,0.45075757575757575,3.2751335802633803
mixed,graph_paired,common,0.45454545454545453,3.2672802748275735
mixed,graph_paired,common,0.4583333333333333,3.264036976176398
mixed,graph_paired,common,0.4621212121212121,3.2550572545864807
mixed,graph_paired,common,0.4659090909090909,3.254503236399467
mixed,graph_paired,common,0.4696969696969697,3.241744664248877
mixed,graph_paired,common,0.4734848484848485,3.2275090657273964
mixed,graph_paired,common,0.4772727272727273,3.2332377590022356
mixed,graph_paired,common,0.4810606060606061,3.2561805357249702
mixed,graph_paired,common,0.48484848484848486,3.2398168563737184
mixed,graph_paired,common,0.48863636363636365,3.2420497074097008
mixed,graph_paired,common,0.49242424242424243,3.249170004454722
mixed,graph_paired,common,0.4962121212121212,3.250210465787763
mixed,graph_paired,common,0.5,3.2464441020788826
mixed,graph_paired,common,0.5037878787878788,3.248225323236683
mixed,graph_paired,common,0.5075757575757576,3.2380586416185246
mixed,graph_paired,common,0.5113636363636364,3.257529896678568
mixed,graph_paired,common,0.5151515151515151,3.2507059498073763
mixed,graph_paired,common,0.5189393939393939,3.236855199103662
mixed,graph_paired,common,0.5227272727272727,3.2523054281599513
mixed,graph_paired,common,0.5265151515151515,3.242231853795771
mixed,graph_paired,common,0.5303030303030303,3.254041189537116
mixed,graph_paired,common,0.5340909090909091,3.2708695728545027
mixed,graph_paired,common,0.5378787878787878,3.2614455686930888
mixed,graph_paired,common,0.5416666666666666,3.2520527403900132
mixed,graph_paired,common,0.5454545454545454,3.254185366432052
mixed,graph_paired,common,0.5492424242424242,3.2481736457664367
mixed,graph_paired,common,0.553030303030303,3.244363256276173
mixed,graph_paired,common,0.5568181818181818,3.2323948830221396
mixed,graph_paired,common,0.5606060606060606,3.225498548712435
mixed,graph_paired,common,0.5643939393939394,3.2250085632772225
mixed,graph_paired,common,0.5681818181818182,3.2176915435157123
mixed,graph_paired,common,0.571969696969697,3.2022503776385673
mixed,graph_paired,common,0.5757575757575758,3.2088750648396434
mixed,graph_paired,common,0.5795454545454546,3.2080609052208735
mixed,graph_paired,common,0.5833333333333334,3.2280609255845687
mixed,graph_paired,common,0.5871212121212122,3.240896926074106
mixed,graph_paired,common,0.5909090909090909,3.2491785473986923
mixed,graph_paired,common,0.5946969696969697,3.2553499523578764
mixed,graph_paired,common,0.5984848484848485,3.2870148917150863
mixed,graph_paired,common,0.6022727272727273,3.3034804921297805
mixed,graph_paired,common,0.6060606060606061,3.333185838005401
mixed,graph_paired,common,0.6098484848484849,3.325080539367846
mixed,graph_paired,common,0.6136363636363636,3.318730107312699
mixed,graph_paired,common,0.6174242424242424,3.3052670549369787
mixed,graph_paired,common,0.6212121212121212,3.3058226937893562
mixed,graph_paired,common,0.625,3.31445275151513
mixed,graph_paired,common,0.6287878787878788,3.3052318440461828
mixed,graph_paired,common,0.6325757575757576,3.2980264393417813
mixed,graph_paired,common,0.6363636363636364,3.3194352532431672
mixed,graph_paired,common,0.6401515151515151,3.330250052760358
mixed,graph_paired,common,0.6439393939393939,3.3194982751940265
mixed,graph_paired,common,0.6477272727272727,3.3299561003446576
mixed,graph_paired,common,0.6515151515151515,3.3417768527555
mixed,graph_paired,common,0.6553030303030303,3.333982672807943
mixed,graph_paired,common,0.6590909090909091,3.3374608011219795
mixed,graph_paired,common,0.6628787878787878,3.3520643854619734
mixed,graph_paired,common,0.6666666666666666,3.343033140974358
mixed,graph_paired,common,0.6704545454545454,3.349855051210076
mixed,graph_paired,common,0.6742424242424242,3.3553965840964057
mixed,graph_paired,common,0.678030303030303,3.347276495908783
mixed,graph_paired,common,0.6818181818181818,3.339955542140468
mixed,graph_paired,common,0.6856060606060606,3.3465648097858485
mixed,graph_paired,common,0.6893939393939394,3.335419688979082
mixed,graph_paired,common,0.6931818181818182,3.331114988271061
mixed,graph_paired,common,0.696969696969697,3.3331989870529424
mixed,graph_paired,common,0.7007575757575758,3.3517724638476416
mixed,graph_paired,common,0.7045454545454546,3.3660449141649664
mixed,graph_paired,common,0.7083333333333334,3.3705891294787667
mixed,graph_paired,common,0.7121212121212122,3.365922586141321
mixed,graph_paired,common,0.7159090909090909,3.373888838103788
mixed,graph_paired,common,0.7196969696969697,3.3661960963815276
mixed,graph_paired,common,0.7234848484848485,3.3569267840571144
mixed,graph_paired,common,0.7272727272727273,3.349234471686683
mixed,graph_paired,common,0.7310606060606061,3.3532660176382496
mixed,graph_paired,common,0.7348484848484849,3.36741519223706
mixed,graph_paired,common,0.7386363636363636,3.4101250589643635
mixed,graph_paired,common,0.7424242424242424,3.401860193141316
mixed,graph_paired,common,0.7462121212121212,3.3962889676374863
mixed,graph_paired,common,0.75,3.3962484376216735
mixed,graph_paired,common,0.7537878787878788,3.409328748501189
mixed,graph_paired,common,0.7575757575757576,3.412971188339172
mixed,graph_paired,common,0.7613636363636364,3.399943982810317
mixed,graph_paired,common,0.7651515151515151,3.394001611559812
mixed,graph_paired,common,0.7689393939393939,3.395470728226367
mixed,graph_paired,common,0.7727272727272727,3.3956134011965915
mixed,graph_paired,common,0.7765151515151515,3.4031869960922614
mixed,graph_paired,common,0.7803030303030303,3.4041870652393365
mixed,graph_paired,common,0.7840909090909091,3.393946184286732
mixed,graph_paired,common,0.7878787878787878,3.389468445375068
mixed,graph_paired,common,0.7916666666666666,3.3903321993883857
mixed,graph_paired,common,0.7954545454545454,3.386542610588966
mixed,graph_paired,common,0.7992424242424242,3.4170684064522745
mixed,graph_paired,common,0.803030303030303,3.423937463170662
mixed,graph_paired,common,0.8068181818181818,3.4168409332461
mixed,graph_paired,common,0.8106060606060606,3.4213286185238996
mixed,graph_paired,common,0.8143939393939394,3.4605174224604816
mixed,graph_paired,common,0.8181818181818182,3.448868198888236
mixed,graph_paired,common,0.821969696969697,3.461193969273141
mixed,graph_paired,common,0.8257575757575758,3.4660574051704844
mixed,graph_paired,common,0.8295454545454546,3.46148921652145
mixed,graph_paired,common,0.8333333333333334,3.4588170483304346
mixed,graph_paired,common,0.8371212121212122,3.4850807915670123
mixed,graph_paired,common,0.8409090909090909,3.4962840152855343
mixed,graph_paired,common,0.8446969696969697,3.4976187135610726
mixed,graph_paired,common,0.8484848484848485,3.4962938892016235
mixed,graph_paired,common,0.8522727272727273,3.4922478407032362
mixed,graph_paired,common,0.8560606060606061,3.4903353872631713
mixed,graph_paired,common,0.8598484848484849,3.4839760187006195
mixed,graph_paired,common,0.8636363636363636,3.4745984909665215
mixed,graph_paired,common,0.8674242424242424,3.4712745480375466
mixed,graph_paired,common,0.8712121212121212,3.465339651754693
mixed,graph_paired,common,0.875,3.4720452713025076
mixed,graph_paired,common,0.8787878787878788,3.4822561143193114
mixed,graph_paired,common,0.8825757575757576,3.4758313627939494
mixed,graph_paired,common,0.8863636363636364,3.476001022450306
mixed,graph_paired,common,0.8901515151515151,3.4857981377644793
mixed,graph_paired,common,0.8939393939393939,3.485481401782316
mixed,graph_paired,common,0.8977272727272727,3.4924815245359286
mixed,graph_paired,common,0.9015151515151515,3.5237019221423496
mixed,graph_paired,common,0.9053030303030303,3.5259877416092475
mixed,graph_paired,common,0.9090909090909091,3.5376309358663023
mixed,graph_paired,common,0.9128787878787878,3.5381800655254474
mixed,graph_paired,common,0.9166666666666666,3.5527079980120373
mixed,graph_paired,common,0.9204545454545454,3.5642693655021547
mixed,graph_paired,common,0.9242424242424242,3.5687376704147074
mixed,graph_paired,common,0.928030303030303,3.5666359571131285
mixed,graph_paired,common,0.9318181818181818,3.5588897145860994
mixed,graph_paired,common,0.9356060606060606,3.5487781405599073
mixed,graph_paired,common,0.9393939393939394,3.5468070294816187
mixed,graph_paired,common,0.9431818181818182,3.5498761661367944
mixed,graph_paired,common,0.946969696969697,3.544415833819423
mixed,graph_paired,common,0.9507575757575758,3.5366088097279325
mixed,graph_paired,common,0.9545454545454546,3.537591750201074
mixed,graph_paired,common,0.9583333333333334,3.551218493647502
mixed,graph_paired,common,0.9621212121212122,3.545704675908276
mixed,graph_paired,common,0.9659090909090909,3.5416733425015976
mixed,graph_paired,common,0.9696969696969697,3.540912695495063
mixed,graph_paired,common,0.9734848484848485,3.53752644063905
mixed,graph_paired,common,0.9772727272727273,3.528479899821727
mixed,graph_paired,common,0.9810606060606061,3.536294730716398
mixed,graph_paired,common,0.9848484848484849,3.5324692696435434
mixed,graph_paired,common,0.9886363636363636,3.5254851955140603
mixed,graph_paired,common,0.9924242424242424,3.518813434276113
mixed,graph_paired,common,0.9962121212121212,3.5131425750752068
mixed,graph_paired,common,1.0,3.514332756902236
mixed,graph_raw,common,0.003787878787878788,4.564103670258632
mixed,graph_raw,common,0.007575757575757576,2.8396545024695308
mixed,graph_raw,common,0.011363636363636364,2.6119884376852265
mixed,graph_raw,common,0.015151515151515152,2.3192025059645895
mixed,graph_raw,common,0.01893939393939394,2.7134553474880074
mixed,graph_raw,common,0.022727272727272728,2.8292410455267665
mixed,graph_raw,common,0.026515151515151516,2.7450774798553206
mixed,graph_raw,common,0.030303030303030304,2.890701444092476
mixed,graph_raw,common,0.03409090909090909,2.6799714108775308
mixed,graph_raw,common,0.03787878787878788,2.9258211192451626
mixed,graph_raw,common,0.041666666666666664,2.79299768026106
mixed,graph_raw,common,0.045454545454545456,2.7289725729513745
mixed,graph_raw,common,0.04924242424242424,2.7712517706437043
mixed,graph_raw,common,0.05303030303030303,2.749095327633699
mixed,graph_raw,common,0.056818181818181816,2.884226194612316
mixed,graph_raw,common,0.06060606060606061,2.856373763617347
mixed,graph_raw,common,0.06439393939393939,2.8959095367575856
mixed,graph_raw,common,0.06818181818181818,2.9992295094352817
mixed,graph_raw,common,0.07196969696969698,3.040215555966133
mixed,graph_raw,common,0.07575757575757576,2.9859970009991614
mixed,graph_raw,common,0.07954545454545454,2.9018114488579734
mixed,graph_raw,common,0.08333333333333333,3.142045076152218
mixed,graph_raw,common,0.08712121212121213,3.14045411518277
mixed,graph_raw,common,0.09090909090909091,3.1028528052583066
mixed,graph_raw,common,0.0946969696969697,3.1976150218998867
mixed,graph_raw,common,0.09848484848484848,3.1250041114133444
mixed,graph_raw,common,0.10227272727272728,3.090672195525837
mixed,graph_raw,common,0.10606060606060606,3.107648835194166
mixed,graph_raw,common,0.10984848484848485,3.0901644583373553
mixed,graph_raw,common,0.11363636363636363,3.079860631089917
mixed,graph_raw,common,0.11742424242424243,3.067244165123448
mixed,graph_raw,common,0.12121212121212122,3.027667116623561
mixed,graph_raw,common,0.125,2.9983676845711673
mixed,graph_raw,common,0.12878787878787878,3.016595576680089
mixed,graph_raw,common,0.13257575757575757,3.0122817128811072
mixed,graph_raw,common,0.13636363636363635,3.2098834840394797
mixed,graph_raw,common,0.14015151515151514,3.1781125308444858
mixed,graph_raw,common,0.14393939393939395,3.1288337389898415
mixed,graph_raw,common,0.14772727272727273,3.0794117007516077
mixed,graph_raw,common,0.15151515151515152,3.0604018767335472
mixed,graph_raw,common,0.1553030303030303,3.102263448221493
mixed,graph_raw,common,0.1590909090909091,3.086619651777393
mixed,graph_raw,common,0.16287878787878787,3.062343422712804
mixed,graph_raw,common,0.16666666666666666,3.082386074589671
mixed,graph_raw,common,0.17045454545454544,3.0620281644294476
mixed,graph_raw,common,0.17424242424242425,3.053982300760337
mixed,graph_raw,common,0.17803030303030304,3.0780515595073257
mixed,graph_raw,common,0.18181818181818182,3.0639437760356443
mixed,graph_raw,common,0.1856060606060606,3.151795501175474
mixed,graph_raw,common,0.1893939393939394,3.1444035131096832
mixed,graph_raw,common,0.19318181818181818,3.132966074487527
mixed,graph_raw,common,0.19696969696969696,3.1744917872343943
mixed,graph_raw,common,0.20075757575757575,3.1334538119830753
mixed,graph_raw,common,0.20454545454545456,3.107481464739779
mixed,graph_raw,common,0.20833333333333334,3.0761944525000016
mixed,graph_raw,common,0.21212121212121213,3.060363931290668
mixed,graph_raw,common,0.2159090909090909,3.095991376974561
mixed,graph_raw,common,0.2196969696969697,3.101312455114062
mixed,graph_raw,common,0.22348484848484848,3.0885334964042435
mixed,graph_raw,common,0.22727272727272727,3.0747625746519405
mixed,graph_raw,common,0.23106060606060605,3.0811703730703015
mixed,graph_raw,common,0.23484848484848486,3.069924816255677
mixed,graph_raw,common,0.23863636363636365,3.0951575321740763
mixed,graph_raw,common,0.24242424242424243,3.0761883701739507
mixed,graph_raw,common,0.24621212121212122,3.0515301673171535
mixed,graph_raw,common,0.25,3.030903092869534
mixed,graph_raw,common,0.2537878787878788,3.0916569502511906
mixed,graph_raw,common,0.25757575757575757,3.117425491398507
mixed,graph_raw,common,0.26136363636363635,3.0958335975352416
mixed,graph_raw,common,0.26515151515151514,3.0971458335257704
mixed,graph_raw,common,0.2689393939393939,3.144558560999183
mixed,graph_raw,common,0.2727272727272727,3.2327315373129957
mixed,graph_raw,common,0.2765151515151515,3.232637436681935
mixed,graph_raw,common,0.2803030303030303,3.2217382362291587
mixed,graph_raw,common,0.2840909090909091,3.202960183855017
mixed,graph_raw,common,0.2878787878787879,3.247360354032985
mixed,graph_raw,common,0.2916666666666667,3.2495563954608895
mixed,graph_raw,common,0.29545454545454547,3.2649423538937863
mixed,graph_raw,common,0.29924242424242425,3.287080986120498
mixed,graph_raw,common,0.30303030303030304,3.282720490023085
mixed,graph_raw,common,0.3068181818181818,3.266638001058617
mixed,graph_raw,common,0.3106060606060606,3.26459436486612
mixed,graph_raw,common,0.3143939393939394,3.257563713716186
mixed,graph_raw,common,0.3181818181818182,3.2491759199470316
mixed,graph_raw,common,0.32196969696969696,3.2340367057513144
mixed,graph_raw,common,0.32575757575757575,3.2205040695496403
mixed,graph_raw,common,0.32954545454545453,3.221560613338415
mixed,graph_raw,common,0.3333333333333333,3.2148994943660916
mixed,graph_raw,common,0.3371212121212121,3.2094858230285914
mixed,graph_raw,common,0.3409090909090909,3.1950819653051226
mixed,graph_raw,common,0.3446969696969697,3.1739276884331376
mixed,graph_raw,common,0.3484848484848485,3.1685659630617535
mixed,graph_raw,common,0.3522727272727273,3.1737455631795424
mixed,graph_raw,common,0.3560606060606061,3.187972608950498
mixed,graph_raw,common,0.35984848484848486,3.1775781249030035
mixed,graph_raw,common,0.36363636363636365,3.2122808124617546
mixed,graph_raw,common,0.36742424242424243,3.220875544351408
mixed,graph_raw,common,0.3712121212121212,3.221862206736765
mixed,graph_raw,common,0.375,3.233819316538018
mixed,graph_raw,common,0.3787878787878788,3.219372256145259
mixed,graph_raw,common,0.38257575757575757,3.2115717693787755
mixed,graph_raw,common,0.38636363636363635,3.2114353860360705
mixed,graph_raw,common,0.39015151515151514,3.2097285440502454
mixed,graph_raw,common,0.3939393939393939,3.207790775522078
mixed,graph_raw,common,0.3977272727272727,3.2311088477377203
mixed,graph_raw,common,0.4015151515151515,3.2439950944379192
mixed,graph_raw,common,0.4053030303030303,3.240559072922684
mixed,graph_raw,common,0.4090909090909091,3.2252278145206357
mixed,graph_raw,common,0.4128787878787879,3.205864908006417
mixed,graph_raw,common,0.4166666666666667,3.201663807017988
mixed,graph_raw,common,0.42045454545454547,3.1992546881310706
mixed,graph_raw,common,0.42424242424242425,3.1816658846481367
mixed,graph_raw,common,0.42803030303030304,3.2024793361350157
mixed,graph_raw,common,0.4318181818181818,3.2040589142426312
mixed,graph_raw,common,0.4356060606060606,3.21856758115848
mixed,graph_raw,common,0.4393939393939394,3.2120804676783163
mixed,graph_raw,common,0.4431818181818182,3.209481688065676
mixed,graph_raw,common,0.44696969696969696,3.208512285535781
mixed,graph_raw,common,0.45075757575757575,3.205036984721372
mixed,graph_raw,common,0.45454545454545453,3.1958535317391132
mixed,graph_raw,common,0.4583333333333333,3.1875272296060153
mixed,graph_raw,common,0.4621212121212121,3.1769149576747506
mixed,graph_raw,common,0.4659090909090909,3.1771980797963284
mixed,graph_raw,common,0.4696969696969697,3.1653179977858925
mixed,graph_raw,common,0.4734848484848485,3.153327905138245
mixed,graph_raw,common,0.4772727272727273,3.1574228418140655
mixed,graph_raw,common,0.4810606060606061,3.182457212430202
mixed,graph_raw,common,0.48484848484848486,3.165911274969661
mixed,graph_raw,common,0.48863636363636365,3.173517672577511
mixed,graph_raw,common,0.49242424242424243,3.182410178535727
mixed,graph_raw,common,0.4962121212121212,3.1868216961580416
mixed,graph_raw,common,0.5,3.1809753823081763
mixed,graph_raw,common,0.5037878787878788,3.1868112137876365
mixed,graph_raw,common,0.5075757575757576,3.17479572912105
mixed,graph_raw,common,0.5113636363636364,3.195751290844605
mixed,graph_raw,common,0.5151515151515151,3.1903596750725036
mixed,graph_raw,common,0.5189393939393939,3.1792344507495174
mixed,graph_raw,common,0.5227272727272727,3.19571704351589
mixed,graph_raw,common,0.5265151515151515,3.1852148387872865
mixed,graph_raw,common,0.5303030303030303,3.1898958314130645
mixed,graph_raw,common,0.5340909090909091,3.212706931089219
mixed,graph_raw,common,0.5378787878787878,3.2004925084785243
mixed,graph_raw,common,0.5416666666666666,3.1916801418063145
mixed,graph_raw,common,0.5454545454545454,3.1964473357539185
mixed,graph_raw,common,0.5492424242424242,3.1855628318930136
mixed,graph_raw,common,0.553030303030303,3.180199888681441
mixed,graph_raw,common,0.5568181818181818,3.1702294764368735
mixed,graph_raw,common,0.5606060606060606,3.1616445747187414
mixed,graph_raw,common,0.5643939393939394,3.160895747143705
mixed,graph_raw,common,0.5681818181818182,3.1560249329237924
mixed,graph_raw,common,0.571969696969697,3.1440661228040283
mixed,graph_raw,common,0.5757575757575758,3.150499230774297
mixed,graph_raw,common,0.5795454545454546,3.153708440071073
mixed,graph_raw,common,0.5833333333333334,3.180645138021402
mixed,graph_raw,common,0.5871212121212122,3.194845529791334
mixed,graph_raw,common,0.5909090909090909,3.202888789934692
mixed,graph_raw,common,0.5946969696969697,3.2089305354584674
mixed,graph_raw,common,0.5984848484848485,3.2382680445711856
mixed,graph_raw,common,0.6022727272727273,3.255362711605246
mixed,graph_raw,common,0.6060606060606061,3.288087649813867
mixed,graph_raw,common,0.6098484848484849,3.281991686799429
mixed,graph_raw,common,0.6136363636363636,3.2786495993402003
mixed,graph_raw,common,0.6174242424242424,3.265715321229409
mixed,graph_raw,common,0.6212121212121212,3.2675181670066116
mixed,graph_raw,common,0.625,3.2723396469484247
mixed,graph_raw,common,0.6287878787878788,3.26138695620354
mixed,graph_raw,common,0.6325757575757576,3.2502403685940684
mixed,graph_raw,common,0.6363636363636364,3.2737700136711454
mixed,graph_raw,common,0.6401515151515151,3.287573809226641
mixed,graph_raw,common,0.6439393939393939,3.2785981766599797
mixed,graph_raw,common,0.6477272727272727,3.2871826338238943
mixed,graph_raw,common,0.6515151515151515,3.3028430342897983
mixed,graph_raw,common,0.6553030303030303,3.2963950429565583
mixed,graph_raw,common,0.6590909090909091,3.2972119121566608
mixed,graph_raw,common,0.6628787878787878,3.3138701521442058
mixed,graph_raw,common,0.6666666666666666,3.306336649266028
mixed,graph_raw,common,0.6704545454545454,3.3181981783110874
mixed,graph_raw,common,0.6742424242424242,3.3250380105764443
mixed,graph_raw,common,0.678030303030303,3.3155666509443176
mixed,graph_raw,common,0.6818181818181818,3.30930707004063
mixed,graph_raw,common,0.6856060606060606,3.315335079374494
mixed,graph_raw,common,0.6893939393939394,3.3042686251472766
mixed,graph_raw,common,0.6931818181818182,3.3011727830026003
mixed,graph_raw,common,0.696969696969697,3.2959240542758743
mixed,graph_raw,common,0.7007575757575758,3.311142602167505
mixed,graph_raw,common,0.7045454545454546,3.3265310436325692
mixed,graph_raw,common,0.7083333333333334,3.334555591114358
mixed,graph_raw,common,0.7121212121212122,3.3298936164311077
mixed,graph_raw,common,0.7159090909090909,3.3386790649192046
mixed,graph_raw,common,0.7196969696969697,3.3318291076061137
mixed,graph_raw,common,0.7234848484848485,3.3220730295201615
mixed,graph_raw,common,0.7272727272727273,3.312689842460753
mixed,graph_raw,common,0.7310606060606061,3.3173965508792556
mixed,graph_raw,common,0.7348484848484849,3.3322695996337957
mixed,graph_raw,common,0.7386363636363636,3.3706074854611567
mixed,graph_raw,common,0.7424242424242424,3.3644251758429298
mixed,graph_raw,common,0.7462121212121212,3.3582401180459356
mixed,graph_raw,common,0.75,3.3570136211548647
mixed,graph_raw,common,0.7537878787878788,3.370111242009687
mixed,graph_raw,common,0.7575757575757576,3.3728731298397037
mixed,graph_raw,common,0.7613636363636364,3.3592600026224546
mixed,graph_raw,common,0.7651515151515151,3.3548269073481265
mixed,graph_raw,common,0.7689393939393939,3.3543249751164184
mixed,graph_raw,common,0.7727272727272727,3.3549488201544526
mixed,graph_raw,common,0.7765151515151515,3.3650886999230245
mixed,graph_raw,common,0.7803030303030303,3.364895311300368
mixed,graph_raw,common,0.7840909090909091,3.354937894521474
mixed,graph_raw,common,0.7878787878787878,3.351938495944473
mixed,graph_raw,common,0.7916666666666666,3.3523538371732777
mixed,graph_raw,common,0.7954545454545454,3.350519403933339
mixed,graph_raw,common,0.7992424242424242,3.3804736036324585
mixed,graph_raw,common,0.803030303030303,3.387724426488432
mixed,graph_raw,common,0.8068181818181818,3.3816736879793083
mixed,graph_raw,common,0.8106060606060606,3.3877787315161743
mixed,graph_raw,common,0.8143939393939394,3.422986590133771
mixed,graph_raw,common,0.8181818181818182,3.411820885904543
mixed,graph_raw,common,0.821969696969697,3.422048543969128
mixed,graph_raw,common,0.8257575757575758,3.4269682346712194
mixed,graph_raw,common,0.8295454545454546,3.421574932489085
mixed,graph_raw,common,0.8333333333333334,3.417991958552882
mixed,graph_raw,common,0.8371212121212122,3.439560394238925
mixed,graph_raw,common,0.8409090909090909,3.4507612594315717
mixed,graph_raw,common,0.8446969696969697,3.4507227715116726
mixed,graph_raw,common,0.8484848484848485,3.4498173576812317
mixed,graph_raw,common,0.8522727272727273,3.447350581178425
mixed,graph_raw,common,0.8560606060606061,3.444826437324089
mixed,graph_raw,common,0.8598484848484849,3.4367854260828508
mixed,graph_raw,common,0.8636363636363636,3.4288372008608192
mixed,graph_raw,common,0.8674242424242424,3.426028166765582
mixed,graph_raw,common,0.8712121212121212,3.419319989090289
mixed,graph_raw,common,0.875,3.4280340353257532
mixed,graph_raw,common,0.8787878787878788,3.43584020450295
mixed,graph_raw,common,0.8825757575757576,3.4282795727436106
mixed,graph_raw,common,0.8863636363636364,3.42959261340971
mixed,graph_raw,common,0.8901515151515151,3.4392459111957496
mixed,graph_raw,common,0.8939393939393939,3.438292994743193
mixed,graph_raw,common,0.8977272727272727,3.452329404391321
mixed,graph_raw,common,0.9015151515151515,3.4820756225583067
mixed,graph_raw,common,0.9053030303030303,3.479031492487543
mixed,graph_raw,common,0.9090909090909091,3.4897850055922874
mixed,graph_raw,common,0.9128787878787878,3.4902339642522335
mixed,graph_raw,common,0.9166666666666666,3.5025544205977384
mixed,graph_raw,common,0.9204545454545454,3.5134087959593128
mixed,graph_raw,common,0.9242424242424242,3.5188850945593195
mixed,graph_raw,common,0.928030303030303,3.5172219014838055
mixed,graph_raw,common,0.9318181818181818,3.509413062208843
mixed,graph_raw,common,0.9356060606060606,3.501354276300532
mixed,graph_raw,common,0.9393939393939394,3.500354221166509
mixed,graph_raw,common,0.9431818181818182,3.5040754211692025
mixed,graph_raw,common,0.946969696969697,3.498637034690352
mixed,graph_raw,common,0.9507575757575758,3.491065892404974
mixed,graph_raw,common,0.9545454545454546,3.4895054825789042
mixed,graph_raw,common,0.9583333333333334,3.4987808334388917
mixed,graph_raw,common,0.9621212121212122,3.491844286742731
mixed,graph_raw,common,0.9659090909090909,3.4868658826471766
mixed,graph_raw,common,0.9696969696969697,3.4862228888963087
mixed,graph_raw,common,0.9734848484848485,3.483906174756011
mixed,graph_raw,common,0.9772727272727273,3.4753876378232333
mixed,graph_raw,common,0.9810606060606061,3.48350030203285
mixed,graph_raw,common,0.9848484848484849,3.479595561466882
mixed,graph_raw,common,0.9886363636363636,3.47298718988992
mixed,graph_raw,common,0.9924242424242424,3.467138833116485
mixed,graph_raw,common,0.9962121212121212,3.462812633591344
mixed,graph_raw,common,1.0,3.46213017301549
mixed,plain_paired,common,0.003787878787878788,4.416002475240288
mixed,plain_paired,common,0.007575757575757576,3.28930365239168
mixed,plain_paired,common,0.011363636363636364,2.781358299094553
mixed,plain_paired,common,0.015151515151515152,2.6201667385728316
mixed,plain_paired,common,0.01893939393939394,2.8600036529521105
mixed,plain_paired,common,0.022727272727272728,2.8968906398075394
mixed,plain_paired,common,0.026515151515151516,2.7995594874962335
mixed,plain_paired,common,0.030303030303030304,2.938929875654853
mixed,plain_paired,common,0.03409090909090909,2.7573055258408057
mixed,plain_paired,common,0.03787878787878788,3.0170219725134793
mixed,plain_paired,common,0.041666666666666664,2.891310980026134
mixed,plain_paired,common,0.045454545454545456,2.8153456063157183
mixed,plain_paired,common,0.04924242424242424,2.8677227094551525
mixed,plain_paired,common,0.05303030303030303,2.8202829535815983
mixed,plain_paired,common,0.056818181818181816,2.959288894849769
mixed,plain_paired,common,0.06060606060606061,2.925248140220951
mixed,plain_paired,common,0.06439393939393939,2.9491683974474774
mixed,plain_paired,common,0.06818181818181818,3.0257712926652167
mixed,plain_paired,common,0.07196969696969698,3.063823330823803
mixed,plain_paired,common,0.07575757575757576,3.049021225427134
mixed,plain_paired,common,0.07954545454545454,2.9754703783669356
mixed,plain_paired,common,0.08333333333333333,3.2157416274889195
mixed,plain_paired,common,0.08712121212121213,3.226054926495614
mixed,plain_paired,common,0.09090909090909091,3.1859467571669455
mixed,plain_paired,common,0.0946969696969697,3.2964097186472707
mixed,plain_paired,common,0.09848484848484848,3.2533966360953817
mixed,plain_paired,common,0.10227272727272728,3.214310567031783
mixed,plain_paired,common,0.10606060606060606,3.2091127335943486
mixed,plain_paired,common,0.10984848484848485,3.180300762218568
mixed,plain_paired,common,0.11363636363636363,3.1633497415146254
mixed,plain_paired,common,0.11742424242424243,3.1478925135896287
mixed,plain_paired,common,0.12121212121212122,3.0947888213805066
mixed,plain_paired,common,0.125,3.1052065451500024
mixed,plain_paired,common,0.12878787878787878,3.1117836420252316
mixed,plain_paired,common,0.13257575757575757,3.1084331026188026
mixed,plain_paired,common,0.13636363636363635,3.2594177276100766
mixed,plain_paired,common,0.14015151515151514,3.219300575214414
mixed,plain_paired,common,0.14393939393939395,3.158163786407328
mixed,plain_paired,common,0.14772727272727273,3.1099835300487033
mixed,plain_paired,common,0.15151515151515152,3.0747336890810764
mixed,plain_paired,common,0.1553030303030303,3.099752371936246
mixed,plain_paired,common,0.1590909090909091,3.080473042089718
mixed,plain_paired,common,0.16287878787878787,3.0621354473665896
mixed,plain_paired,common,0.16666666666666666,3.102969151262382
mixed,plain_paired,common,0.17045454545454544,3.068978015548774
mixed,plain_paired,common,0.17424242424242425,3.071728444605331
mixed,plain_paired,common,0.17803030303030304,3.0905152037632573
mixed,plain_paired,common,0.18181818181818182,3.078112263902923
mixed,plain_paired,common,0.1856060606060606,3.1725361553755476
mixed,plain_paired,common,0.1893939393939394,3.168690544067548
mixed,plain_paired,common,0.19318181818181818,3.1565926461238667
mixed,plain_paired,common,0.19696969696969696,3.194674733711358
mixed,plain_paired,common,0.20075757575757575,3.149542456127365
mixed,plain_paired,common,0.20454545454545456,3.1196983000452954
mixed,plain_paired,common,0.20833333333333334,3.0890302657194924
mixed,plain_paired,common,0.21212121212121213,3.0764278141478854
mixed,plain_paired,common,0.2159090909090909,3.1127940533821623
mixed,plain_paired,common,0.2196969696969697,3.1211355275196073
mixed,plain_paired,common,0.22348484848484848,3.1168991990759545
mixed,plain_paired,common,0.22727272727272727,3.1063038370324687
mixed,plain_paired,common,0.23106060606060605,3.115737259754377
mixed,plain_paired,common,0.23484848484848486,3.099094507926915
mixed,plain_paired,common,0.23863636363636365,3.1251714060115297
mixed,plain_paired,common,0.24242424242424243,3.1088238916218267
mixed,plain_paired,common,0.24621212121212122,3.0841709465257185
mixed,plain_paired,common,0.25,3.0610084445428583
mixed,plain_paired,common,0.2537878787878788,3.118620367540109
mixed,plain_paired,common,0.25757575757575757,3.1461160287459524
mixed,plain_paired,common,0.26136363636363635,3.1175635174460687
mixed,plain_paired,common,0.26515151515151514,3.106837180573546
mixed,plain_paired,common,0.2689393939393939,3.153295346504463
mixed,plain_paired,common,0.2727272727272727,3.2456672352331437
mixed,plain_paired,common,0.2765151515151515,3.247199296322972
mixed,plain_paired,common,0.2803030303030303,3.2450598702934523
mixed,plain_paired,common,0.2840909090909091,3.2279335768327435
mixed,plain_paired,common,0.2878787878787879,3.2693151489115926
mixed,plain_paired,common,0.2916666666666667,3.268689747635555
mixed,plain_paired,common,0.29545454545454547,3.292486924192089
mixed,plain_paired,common,0.29924242424242425,3.323446833898732
mixed,plain_paired,common,0.30303030303030304,3.315235464998055
mixed,plain_paired,common,0.3068181818181818,3.30582984190697
mixed,plain_paired,common,0.3106060606060606,3.2988256578270314
mixed,plain_paired,common,0.3143939393939394,3.2934888018761406
mixed,plain_paired,common,0.3181818181818182,3.296107353750596
mixed,plain_paired,common,0.32196969696969696,3.281195485766554
mixed,plain_paired,common,0.32575757575757575,3.2789688003513042
mixed,plain_paired,common,0.32954545454545453,3.2765944622755274
mixed,plain_paired,common,0.3333333333333333,3.2720127931235434
mixed,plain_paired,common,0.3371212121212121,3.2677554686509116
mixed,plain_paired,common,0.3409090909090909,3.2554661956489355
mixed,plain_paired,common,0.3446969696969697,3.2302399615210327
mixed,plain_paired,common,0.3484848484848485,3.2251256610254706
mixed,plain_paired,common,0.3522727272727273,3.2277489082133086
mixed,plain_paired,common,0.3560606060606061,3.2457540048929943
mixed,plain_paired,common,0.35984848484848486,3.239392747072769
mixed,plain_paired,common,0.36363636363636365,3.279981042385867
mixed,plain_paired,common,0.36742424242424243,3.2890796377182423
mixed,plain_paired,common,0.3712121212121212,3.2816869360452543
mixed,plain_paired,common,0.375,3.306674359473977
mixed,plain_paired,common,0.3787878787878788,3.2934111938622572
mixed,plain_paired,common,0.38257575757575757,3.281449390510343
mixed,plain_paired,common,0.38636363636363635,3.2842797836909594
mixed,plain_paired,common,0.39015151515151514,3.2848894572255283
mixed,plain_paired,common,0.3939393939393939,3.2937090434146374
mixed,plain_paired,common,0.3977272727272727,3.3136009103157336
mixed,plain_paired,common,0.4015151515151515,3.326150012064621
mixed,plain_paired,common,0.4053030303030303,3.3252937244666216
mixed,plain_paired,common,0.4090909090909091,3.316362279277724
mixed,plain_paired,common,0.4128787878787879,3.2982697246724957
mixed,plain_paired,common,0.4166666666666667,3.2951876838985417
mixed,plain_paired,common,0.42045454545454547,3.297689678888679
mixed,plain_paired,common,0.42424242424242425,3.2824392349701372
mixed,plain_paired,common,0.42803030303030304,3.3083888365038026
mixed,plain_paired,common,0.4318181818181818,3.307036182068858
mixed,plain_paired,common,0.4356060606060606,3.3242330606313986
mixed,plain_paired,common,0.4393939393939394,3.312061412600908
mixed,plain_paired,common,0.4431818181818182,3.307213240441277
mixed,plain_paired,common,0.44696969696969696,3.311499693788484
mixed,plain_paired,common,0.45075757575757575,3.3135060972812185
mixed,plain_paired,common,0.45454545454545453,3.3068086799976406
mixed,plain_paired,common,0.4583333333333333,3.303500741948918
mixed,plain_paired,common,0.4621212121212121,3.2937983966265096
mixed,plain_paired,common,0.4659090909090909,3.2902130018827935
mixed,plain_paired,common,0.4696969696969697,3.279242597103211
mixed,plain_paired,common,0.4734848484848485,3.2665987179216347
mixed,plain_paired,common,0.4772727272727273,3.2705833128863198
mixed,plain_paired,common,0.4810606060606061,3.2902072560173496
mixed,plain_paired,common,0.48484848484848486,3.2725065844817913
mixed,plain_paired,common,0.48863636363636365,3.2812575006367397
mixed,plain_paired,common,0.49242424242424243,3.288917702321283
mixed,plain_paired,common,0.4962121212121212,3.292491102756881
mixed,plain_paired,common,0.5,3.291350830951242
mixed,plain_paired,common,0.5037878787878788,3.2970490821201497
mixed,plain_paired,common,0.5075757575757576,3.2866867706344975
mixed,plain_paired,common,0.5113636363636364,3.304368223043477
mixed,plain_paired,common,0.5151515151515151,3.2985686029649717
mixed,plain_paired,common,0.5189393939393939,3.2838834087736686
mixed,plain_paired,common,0.5227272727272727,3.300950583753839
mixed,plain_paired,common,0.5265151515151515,3.2907767255996645
mixed,plain_paired,common,0.5303030303030303,3.3002144445916577
mixed,plain_paired,common,0.5340909090909091,3.309740650769841
mixed,plain_paired,common,0.5378787878787878,3.2985843153074152
mixed,plain_paired,common,0.5416666666666666,3.2869609696396562
mixed,plain_paired,common,0.5454545454545454,3.2885921666458966
mixed,plain_paired,common,0.5492424242424242,3.2822141382622654
mixed,plain_paired,common,0.553030303030303,3.280125012899059
mixed,plain_paired,common,0.5568181818181818,3.2670735883467157
mixed,plain_paired,common,0.5606060606060606,3.259029543587344
mixed,plain_paired,common,0.5643939393939394,3.2554975158278947
mixed,plain_paired,common,0.5681818181818182,3.248070027880391
mixed,plain_paired,common,0.571969696969697,3.2347100749981625
mixed,plain_paired,common,0.5757575757575758,3.2464791608675
mixed,plain_paired,common,0.5795454545454546,3.2494267749998578
mixed,plain_paired,common,0.5833333333333334,3.2708976101034684
mixed,plain_paired,common,0.5871212121212122,3.2816731246326216
mixed,plain_paired,common,0.5909090909090909,3.2908434499878485
mixed,plain_paired,common,0.5946969696969697,3.2950117265099705
mixed,plain_paired,common,0.5984848484848485,3.3219120042988943
mixed,plain_paired,common,0.6022727272727273,3.3355739770192474
mixed,plain_paired,common,0.6060606060606061,3.361495242580446
mixed,plain_paired,common,0.6098484848484849,3.353167105938135
mixed,plain_paired,common,0.6136363636363636,3.3456266620076147
mixed,plain_paired,common,0.6174242424242424,3.332995123346248
mixed,plain_paired,common,0.6212121212121212,3.3331953403292687
mixed,plain_paired,common,0.625,3.341187177854456
mixed,plain_paired,common,0.6287878787878788,3.328162911070825
mixed,plain_paired,common,0.6325757575757576,3.3223835747258383
mixed,plain_paired,common,0.6363636363636364,3.3461981091197734
mixed,plain_paired,common,0.6401515151515151,3.3574543972437705
mixed,plain_paired,common,0.6439393939393939,3.3455231181846528
mixed,plain_paired,common,0.6477272727272727,3.3577717608198374
mixed,plain_paired,common,0.6515151515151515,3.3728934471795426
mixed,plain_paired,common,0.6553030303030303,3.3665604663213062
mixed,plain_paired,common,0.6590909090909091,3.3687761308359963
mixed,plain_paired,common,0.6628787878787878,3.382347717193083
mixed,plain_paired,common,0.6666666666666666,3.376798046052576
mixed,plain_paired,common,0.6704545454545454,3.3819927487028654
mixed,plain_paired,common,0.6742424242424242,3.3909032583768397
mixed,plain_paired,common,0.678030303030303,3.3813543982218586
mixed,plain_paired,common,0.6818181818181818,3.374545094176773
mixed,plain_paired,common,0.6856060606060606,3.385157783332104
mixed,plain_paired,common,0.6893939393939394,3.3745080415164312
mixed,plain_paired,common,0.6931818181818182,3.371833808415481
mixed,plain_paired,common,0.696969696969697,3.3699002005179484
mixed,plain_paired,common,0.7007575757575758,3.3868319270849967
mixed,plain_paired,common,0.7045454545454546,3.402160383023214
mixed,plain_paired,common,0.7083333333333334,3.4056407822419015
mixed,plain_paired,common,0.7121212121212122,3.4035471974836162
mixed,plain_paired,common,0.7159090909090909,3.412879559746505
mixed,plain_paired,common,0.7196969696969697,3.4066672521536296
mixed,plain_paired,common,0.7234848484848485,3.395900929665333
mixed,plain_paired,common,0.7272727272727273,3.3885427654048854
mixed,plain_paired,common,0.7310606060606061,3.393241591969584
mixed,plain_paired,common,0.7348484848484849,3.4068823656147633
mixed,plain_paired,common,0.7386363636363636,3.4468486901433013
mixed,plain_paired,common,0.7424242424242424,3.440496955235235
mixed,plain_paired,common,0.7462121212121212,3.4350071100040886
mixed,plain_paired,common,0.75,3.434395366732094
mixed,plain_paired,common,0.7537878787878788,3.4466522994929303
mixed,plain_paired,common,0.7575757575757576,3.449247173826256
mixed,plain_paired,common,0.7613636363636364,3.435275639528044
mixed,plain_paired,common,0.7651515151515151,3.430564180766168
mixed,plain_paired,common,0.7689393939393939,3.430940174690576
mixed,plain_paired,common,0.7727272727272727,3.432228944724479
mixed,plain_paired,common,0.7765151515151515,3.438804382856398
mixed,plain_paired,common,0.7803030303030303,3.438735788664266
mixed,plain_paired,common,0.7840909090909091,3.4282663567388507
mixed,plain_paired,common,0.7878787878787878,3.4286193864416634
mixed,plain_paired,common,0.7916666666666666,3.4318277824454615
mixed,plain_paired,common,0.7954545454545454,3.4278057579874557
mixed,plain_paired,common,0.7992424242424242,3.457905861115919
mixed,plain_paired,common,0.803030303030303,3.4661560858465887
mixed,plain_paired,common,0.8068181818181818,3.4576440915019204
mixed,plain_paired,common,0.8106060606060606,3.4613798656857564
mixed,plain_paired,common,0.8143939393939394,3.499454180030105
mixed,plain_paired,common,0.8181818181818182,3.488933773315557
mixed,plain_paired,common,0.821969696969697,3.5001601709333716
mixed,plain_paired,common,0.8257575757575758,3.5041006494836715
mixed,plain_paired,common,0.8295454545454546,3.4988322882137806
mixed,plain_paired,common,0.8333333333333334,3.4959450526413334
mixed,plain_paired,common,0.8371212121212122,3.5143629885590166
mixed,plain_paired,common,0.8409090909090909,3.5286141057449094
mixed,plain_paired,common,0.8446969696969697,3.528810259105915
mixed,plain_paired,common,0.8484848484848485,3.52993528040037
mixed,plain_paired,common,0.8522727272727273,3.5266218514134535
mixed,plain_paired,common,0.8560606060606061,3.523798885819095
mixed,plain_paired,common,0.8598484848484849,3.5216096931411998
mixed,plain_paired,common,0.8636363636363636,3.5117755741059002
mixed,plain_paired,common,0.8674242424242424,3.508258716104379
mixed,plain_paired,common,0.8712121212121212,3.502292518153151
mixed,plain_paired,common,0.875,3.50829293438951
mixed,plain_paired,common,0.8787878787878788,3.520098242056426
mixed,plain_paired,common,0.8825757575757576,3.5141601016686494
mixed,plain_paired,common,0.8863636363636364,3.51386982015341
mixed,plain_paired,common,0.8901515151515151,3.5222121719519106
mixed,plain_paired,common,0.8939393939393939,3.5222020865641492
mixed,plain_paired,common,0.8977272727272727,3.5265615202270624
mixed,plain_paired,common,0.9015151515151515,3.556762837399438
mixed,plain_paired,common,0.9053030303030303,3.5560518737309414
mixed,plain_paired,common,0.9090909090909091,3.567383377375826
mixed,plain_paired,common,0.9128787878787878,3.5678448739902175
mixed,plain_paired,common,0.9166666666666666,3.582008906460276
mixed,plain_paired,common,0.9204545454545454,3.5944005857047503
mixed,plain_paired,common,0.9242424242424242,3.5986455534430273
mixed,plain_paired,common,0.928030303030303,3.5957224391570755
mixed,plain_paired,common,0.9318181818181818,3.587204113152206
mixed,plain_paired,common,0.9356060606060606,3.576920511174613
mixed,plain_paired,common,0.9393939393939394,3.5746416379814843
mixed,plain_paired,common,0.9431818181818182,3.579253172860051
mixed,plain_paired,common,0.946969696969697,3.574681188642551
mixed,plain_paired,common,0.9507575757575758,3.5652526727584513
mixed,plain_paired,common,0.9545454545454546,3.566792934671056
mixed,plain_paired,common,0.9583333333333334,3.579039218439808
mixed,plain_paired,common,0.9621212121212122,3.5731814324181848
mixed,plain_paired,common,0.9659090909090909,3.5678872257970196
mixed,plain_paired,common,0.9696969696969697,3.5666506337046804
mixed,plain_paired,common,0.9734848484848485,3.5629931050309054
mixed,plain_paired,common,0.9772727272727273,3.5560626700412414
mixed,plain_paired,common,0.9810606060606061,3.564403256459707
mixed,plain_paired,common,0.9848484848484849,3.5608375600563247
mixed,plain_paired,common,0.9886363636363636,3.553726633964524
mixed,plain_paired,common,0.9924242424242424,3.5492189838560044
mixed,plain_paired,common,0.9962121212121212,3.5427313103556646
mixed,plain_paired,common,1.0,3.5438214962301315
mixed,plain_raw,common,0.003787878787878788,4.254551596223493
mixed,plain_raw,common,0.007575757575757576,2.828514289735883
mixed,plain_raw,common,0.011363636363636364,2.4268048184337982
mixed,plain_raw,common,0.015151515151515152,2.2111256814596194
mixed,plain_raw,common,0.01893939393939394,2.5701337754364597
mixed,plain_raw,common,0.022727272727272728,2.7122091159012776
mixed,plain_raw,common,0.026515151515151516,2.606321091424889
mixed,plain_raw,common,0.030303030303030304,2.7307125263048717
mixed,plain_raw,common,0.03409090909090909,2.55220644953017
mixed,plain_raw,common,0.03787878787878788,2.7979905049297322
mixed,plain_raw,common,0.041666666666666664,2.684437847261043
mixed,plain_raw,common,0.045454545454545456,2.606491377939804
mixed,plain_raw,common,0.04924242424242424,2.649766094596829
mixed,plain_raw,common,0.05303030303030303,2.630771732742792
mixed,plain_raw,common,0.056818181818181816,2.786571375521634
mixed,plain_raw,common,0.06060606060606061,2.7504702109511308
mixed,plain_raw,common,0.06439393939393939,2.7872599559904856
mixed,plain_raw,common,0.06818181818181818,2.87202932978918
mixed,plain_raw,common,0.07196969696969698,2.9097471591483868
mixed,plain_raw,common,0.07575757575757576,2.887159035406061
mixed,plain_raw,common,0.07954545454545454,2.821184580253739
mixed,plain_raw,common,0.08333333333333333,3.0758080352808777
mixed,plain_raw,common,0.08712121212121213,3.0907224728385607
mixed,plain_raw,common,0.09090909090909091,3.0579197044777273
mixed,plain_raw,common,0.0946969696969697,3.169229204402422
mixed,plain_raw,common,0.09848484848484848,3.0934497760853605
mixed,plain_raw,common,0.10227272727272728,3.073658552015974
mixed,plain_raw,common,0.10606060606060606,3.0764473976431095
mixed,plain_raw,common,0.10984848484848485,3.054004298420363
mixed,plain_raw,common,0.11363636363636363,3.0394058366815107
mixed,plain_raw,common,0.11742424242424243,3.028447018171113
mixed,plain_raw,common,0.12121212121212122,2.9843524729448396
mixed,plain_raw,common,0.125,2.961344971167792
mixed,plain_raw,common,0.12878787878787878,2.9792461144367866
mixed,plain_raw,common,0.13257575757575757,2.976254488633737
mixed,plain_raw,common,0.13636363636363635,3.1720590238691186
mixed,plain_raw,common,0.14015151515151514,3.1435350460140072
mixed,plain_raw,common,0.14393939393939395,3.0944234064723037
mixed,plain_raw,common,0.14772727272727273,3.0490426294416864
mixed,plain_raw,common,0.15151515151515152,3.0141489121578466
mixed,plain_raw,common,0.1553030303030303,3.049273126975715
mixed,plain_raw,common,0.1590909090909091,3.030835529910514
mixed,plain_raw,common,0.16287878787878787,3.0149429611853003
mixed,plain_raw,common,0.16666666666666666,3.04262125412311
mixed,plain_raw,common,0.17045454545454544,3.0160700400399105
mixed,plain_raw,common,0.17424242424242425,3.0065470753662495
mixed,plain_raw,common,0.17803030303030304,3.0314145998072015
mixed,plain_raw,common,0.18181818181818182,3.0191727545876765
mixed,plain_raw,common,0.1856060606060606,3.1186577786770937
mixed,plain_raw,common,0.1893939393939394,3.1129152224060057
mixed,plain_raw,common,0.19318181818181818,3.1005931317788473
mixed,plain_raw,common,0.19696969696969696,3.1376951498873886
mixed,plain_raw,common,0.20075757575757575,3.096807644679526
mixed,plain_raw,common,0.20454545454545456,3.0721144228855586
mixed,plain_raw,common,0.20833333333333334,3.0471570092643403
mixed,plain_raw,common,0.21212121212121213,3.034163811962268
mixed,plain_raw,common,0.2159090909090909,3.072760416074266
mixed,plain_raw,common,0.2196969696969697,3.077589373889723
mixed,plain_raw,common,0.22348484848484848,3.070148729276779
mixed,plain_raw,common,0.22727272727272727,3.0594231048576055
mixed,plain_raw,common,0.23106060606060605,3.0712467721238332
mixed,plain_raw,common,0.23484848484848486,3.062350490424149
mixed,plain_raw,common,0.23863636363636365,3.0885715971970753
mixed,plain_raw,common,0.24242424242424243,3.0724338370280186
mixed,plain_raw,common,0.24621212121212122,3.0526763353206934
mixed,plain_raw,common,0.25,3.0291429301145025
mixed,plain_raw,common,0.2537878787878788,3.0844655309548243
mixed,plain_raw,common,0.25757575757575757,3.111542224345973
mixed,plain_raw,common,0.26136363636363635,3.0887788286497226
mixed,plain_raw,common,0.26515151515151514,3.090205104115411
mixed,plain_raw,common,0.2689393939393939,3.134290031799493
mixed,plain_raw,common,0.2727272727272727,3.2274921414237467
mixed,plain_raw,common,0.2765151515151515,3.228553209493558
mixed,plain_raw,common,0.2803030303030303,3.2245423949355705
mixed,plain_raw,common,0.2840909090909091,3.204901409118666
mixed,plain_raw,common,0.2878787878787879,3.2460333658458036
mixed,plain_raw,common,0.2916666666666667,3.246330472516219
mixed,plain_raw,common,0.29545454545454547,3.2634595292677004
mixed,plain_raw,common,0.29924242424242425,3.2829358333661793
mixed,plain_raw,common,0.30303030303030304,3.2774514219357442
mixed,plain_raw,common,0.3068181818181818,3.2640576420891336
mixed,plain_raw,common,0.3106060606060606,3.261329980762822
mixed,plain_raw,common,0.3143939393939394,3.2545893122043235
mixed,plain_raw,common,0.3181818181818182,3.249267922761368
mixed,plain_raw,common,0.32196969696969696,3.234602356254207
mixed,plain_raw,common,0.32575757575757575,3.2247439626086245
mixed,plain_raw,common,0.32954545454545453,3.2264111342757023
mixed,plain_raw,common,0.3333333333333333,3.2201059758941013
mixed,plain_raw,common,0.3371212121212121,3.2185640065124694
mixed,plain_raw,common,0.3409090909090909,3.2033355679274726
mixed,plain_raw,common,0.3446969696969697,3.1807089967131676
mixed,plain_raw,common,0.3484848484848485,3.175494752218946
mixed,plain_raw,common,0.3522727272727273,3.1783400942871958
mixed,plain_raw,common,0.3560606060606061,3.1937448063613325
mixed,plain_raw,common,0.35984848484848486,3.1856562914989897
mixed,plain_raw,common,0.36363636363636365,3.2220299956239473
mixed,plain_raw,common,0.36742424242424243,3.2319191919249968
mixed,plain_raw,common,0.3712121212121212,3.2231036906108685
mixed,plain_raw,common,0.375,3.23986692825412
mixed,plain_raw,common,0.3787878787878788,3.22676561497228
mixed,plain_raw,common,0.38257575757575757,3.2190128685285555
mixed,plain_raw,common,0.38636363636363635,3.2221571636368105
mixed,plain_raw,common,0.39015151515151514,3.2192718358961003
mixed,plain_raw,common,0.3939393939393939,3.2125948903693513
mixed,plain_raw,common,0.3977272727272727,3.238453020294115
mixed,plain_raw,common,0.4015151515151515,3.254991420763815
mixed,plain_raw,common,0.4053030303030303,3.253236787316286
mixed,plain_raw,common,0.4090909090909091,3.2413130304095517
mixed,plain_raw,common,0.4128787878787879,3.2241485998236947
mixed,plain_raw,common,0.4166666666666667,3.2227142506730004
mixed,plain_raw,common,0.42045454545454547,3.2189215045787987
mixed,plain_raw,common,0.42424242424242425,3.2024315894408617
mixed,plain_raw,common,0.42803030303030304,3.2281036102037706
mixed,plain_raw,common,0.4318181818181818,3.229347833734589
mixed,plain_raw,common,0.4356060606060606,3.242090410933631
mixed,plain_raw,common,0.4393939393939394,3.2392549656764067
mixed,plain_raw,common,0.4431818181818182,3.2345738128980863
mixed,plain_raw,common,0.44696969696969696,3.2302081029919063
mixed,plain_raw,common,0.45075757575757575,3.227801001056419
mixed,plain_raw,common,0.45454545454545453,3.215565699751585
mixed,plain_raw,common,0.4583333333333333,3.2076138510319
mixed,plain_raw,common,0.4621212121212121,3.196720361975513
mixed,plain_raw,common,0.4659090909090909,3.1927180529794605
mixed,plain_raw,common,0.4696969696969697,3.1818402920175863
mixed,plain_raw,common,0.4734848484848485,3.172761726508605
mixed,plain_raw,common,0.4772727272727273,3.1756025765091924
mixed,plain_raw,common,0.4810606060606061,3.197976974570586
mixed,plain_raw,common,0.48484848484848486,3.1802331380305566
mixed,plain_raw,common,0.48863636363636365,3.1916248839012287
mixed,plain_raw,common,0.49242424242424243,3.202404031812389
mixed,plain_raw,common,0.4962121212121212,3.2094256352631696
mixed,plain_raw,common,0.5,3.2048502598906303
mixed,plain_raw,common,0.5037878787878788,3.2132328906049032
mixed,plain_raw,common,0.5075757575757576,3.2010742886466796
mixed,plain_raw,common,0.5113636363636364,3.220922915497139
mixed,plain_raw,common,0.5151515151515151,3.2164456289809116
mixed,plain_raw,common,0.5189393939393939,3.2045355714073316
mixed,plain_raw,common,0.5227272727272727,3.2236823525281006
mixed,plain_raw,common,0.5265151515151515,3.2136752116204703
mixed,plain_raw,common,0.5303030303030303,3.21851707300759
mixed,plain_raw,common,0.5340909090909091,3.2364125740625336
mixed,plain_raw,common,0.5378787878787878,3.2237444631357253
mixed,plain_raw,common,0.5416666666666666,3.2123422974128375
mixed,plain_raw,common,0.5454545454545454,3.2170079529556452
mixed,plain_raw,common,0.5492424242424242,3.206485063667447
mixed,plain_raw,common,0.553030303030303,3.2018537736157264
mixed,plain_raw,common,0.5568181818181818,3.1913151741567507
mixed,plain_raw,common,0.5606060606060606,3.1821128224400845
mixed,plain_raw,common,0.5643939393939394,3.179514737988662
mixed,plain_raw,common,0.5681818181818182,3.1727571450818473
mixed,plain_raw,common,0.571969696969697,3.1633414393763974
mixed,plain_raw,common,0.5757575757575758,3.1716387911541672
mixed,plain_raw,common,0.5795454545454546,3.1778684615505495
mixed,plain_raw,common,0.5833333333333334,3.207823275939093
mixed,plain_raw,common,0.5871212121212122,3.219815519822953
mixed,plain_raw,common,0.5909090909090909,3.2286281602642806
mixed,plain_raw,common,0.5946969696969697,3.2326595299148715
mixed,plain_raw,common,0.5984848484848485,3.261133954460675
mixed,plain_raw,common,0.6022727272727273,3.277256567544232
mixed,plain_raw,common,0.6060606060606061,3.3074548187393007
mixed,plain_raw,common,0.6098484848484849,3.3000196268498545
mixed,plain_raw,common,0.6136363636363636,3.2944788106718916
mixed,plain_raw,common,0.6174242424242424,3.281911177961136
mixed,plain_raw,common,0.6212121212121212,3.282370343493799
mixed,plain_raw,common,0.625,3.2875304570874886
mixed,plain_raw,common,0.6287878787878788,3.27330762273378
mixed,plain_raw,common,0.6325757575757576,3.263843783959155
mixed,plain_raw,common,0.6363636363636364,3.2889855217794826
mixed,plain_raw,common,0.6401515151515151,3.3033589689905214
mixed,plain_raw,common,0.6439393939393939,3.2934770508475215
mixed,plain_raw,common,0.6477272727272727,3.3036116892472442
mixed,plain_raw,common,0.6515151515151515,3.3222690791573313
mixed,plain_raw,common,0.6553030303030303,3.3171126900634813
mixed,plain_raw,common,0.6590909090909091,3.3164771438284486
mixed,plain_raw,common,0.6628787878787878,3.3327092215613163
mixed,plain_raw,common,0.6666666666666666,3.3277853353348235
mixed,plain_raw,common,0.6704545454545454,3.3366761797185664
mixed,plain_raw,common,0.6742424242424242,3.3477122304838267
mixed,plain_raw,common,0.678030303030303,3.3364883564513845
mixed,plain_raw,common,0.6818181818181818,3.3297292203428612
mixed,plain_raw,common,0.6856060606060606,3.339370074255689
mixed,plain_raw,common,0.6893939393939394,3.3281074151870023
mixed,plain_raw,common,0.6931818181818182,3.325230465151975
mixed,plain_raw,common,0.696969696969697,3.3181515098506966
mixed,plain_raw,common,0.7007575757575758,3.3318859066375963
mixed,plain_raw,common,0.7045454545454546,3.34850145562898
mixed,plain_raw,common,0.7083333333333334,3.356647988556434
mixed,plain_raw,common,0.7121212121212122,3.354261579597295
mixed,plain_raw,common,0.7159090909090909,3.363747463090371
mixed,plain_raw,common,0.7196969696969697,3.358550575698292
mixed,plain_raw,common,0.7234848484848485,3.3484199510316706
mixed,plain_raw,common,0.7272727272727273,3.338766212633795
mixed,plain_raw,common,0.7310606060606061,3.3440856244260964
mixed,plain_raw,common,0.7348484848484849,3.358426599595676
mixed,plain_raw,common,0.7386363636363636,3.394518722741634
mixed,plain_raw,common,0.7424242424242424,3.389458509761416
mixed,plain_raw,common,0.7462121212121212,3.382956264195163
mixed,plain_raw,common,0.75,3.3800898379056314
mixed,plain_raw,common,0.7537878787878788,3.391870688836517
mixed,plain_raw,common,0.7575757575757576,3.3935640037789923
mixed,plain_raw,common,0.7613636363636364,3.3801649084125347
mixed,plain_raw,common,0.7651515151515151,3.3755676609627123
mixed,plain_raw,common,0.7689393939393939,3.3748827747046923
mixed,plain_raw,common,0.7727272727272727,3.3772034574163805
mixed,plain_raw,common,0.7765151515151515,3.3857558974915727
mixed,plain_raw,common,0.7803030303030303,3.3838767568271932
mixed,plain_raw,common,0.7840909090909091,3.3731232172839873
mixed,plain_raw,common,0.7878787878787878,3.3733851145446216
mixed,plain_raw,common,0.7916666666666666,3.3761503879997643
mixed,plain_raw,common,0.7954545454545454,3.374752655246103
mixed,plain_raw,common,0.7992424242424242,3.4060592258481486
mixed,plain_raw,common,0.803030303030303,3.4136441201811913
mixed,plain_raw,common,0.8068181818181818,3.406672185610757
mixed,plain_raw,common,0.8106060606060606,3.4116675216684667
mixed,plain_raw,common,0.8143939393939394,3.4472459668448288
mixed,plain_raw,common,0.8181818181818182,3.437187333051547
mixed,plain_raw,common,0.821969696969697,3.4466373472933944
mixed,plain_raw,common,0.8257575757575758,3.450530108364441
mixed,plain_raw,common,0.8295454545454546,3.4445544495975233
mixed,plain_raw,common,0.8333333333333334,3.440937303670204
mixed,plain_raw,common,0.8371212121212122,3.456377164620561
mixed,plain_raw,common,0.8409090909090909,3.469676920839182
mixed,plain_raw,common,0.8446969696969697,3.468360317734384
mixed,plain_raw,common,0.8484848484848485,3.469511767101919
mixed,plain_raw,common,0.8522727272727273,3.4670591399701087
mixed,plain_raw,common,0.8560606060606061,3.463193995511092
mixed,plain_raw,common,0.8598484848484849,3.4586553576815935
mixed,plain_raw,common,0.8636363636363636,3.4500735582613533
mixed,plain_raw,common,0.8674242424242424,3.4472453841464996
mixed,plain_raw,common,0.8712121212121212,3.4400218712728656
mixed,plain_raw,common,0.875,3.4481948063854695
mixed,plain_raw,common,0.8787878787878788,3.458569256407328
mixed,plain_raw,common,0.8825757575757576,3.451898765939649
mixed,plain_raw,common,0.8863636363636364,3.451929838799085
mixed,plain_raw,common,0.8901515151515151,3.4599281428100626
mixed,plain_raw,common,0.8939393939393939,3.46045452525442
mixed,plain_raw,common,0.8977272727272727,3.4735735306188773
mixed,plain_raw,common,0.9015151515151515,3.5023862171301516
mixed,plain_raw,common,0.9053030303030303,3.4975362965504537
mixed,plain_raw,common,0.9090909090909091,3.507427828853654
mixed,plain_raw,common,0.9128787878787878,3.5086085689491013
mixed,plain_raw,common,0.9166666666666666,3.5199115273302333
mixed,plain_raw,common,0.9204545454545454,3.5318632629613904
mixed,plain_raw,common,0.9242424242424242,3.5383789699563457
mixed,plain_raw,common,0.928030303030303,3.5359026893841006
mixed,plain_raw,common,0.9318181818181818,3.527350812224148
mixed,plain_raw,common,0.9356060606060606,3.5189280736665665
mixed,plain_raw,common,0.9393939393939394,3.51836714910605
mixed,plain_raw,common,0.9431818181818182,3.5242960185579775
mixed,plain_raw,common,0.946969696969697,3.518707293297583
mixed,plain_raw,common,0.9507575757575758,3.5104977439357037
mixed,plain_raw,common,0.9545454545454546,3.5087445738699707
mixed,plain_raw,common,0.9583333333333334,3.517433003539749
mixed,plain_raw,common,0.9621212121212122,3.510350027675767
mixed,plain_raw,common,0.9659090909090909,3.5044205229190037
mixed,plain_raw,common,0.9696969696969697,3.5032070840596146
mixed,plain_raw,common,0.9734848484848485,3.5002671823563745
mixed,plain_raw,common,0.9772727272727273,3.4930683909163043
mixed,plain_raw,common,0.9810606060606061,3.5025220284663825
mixed,plain_raw,common,0.9848484848484849,3.498516033401927
mixed,plain_raw,common,0.9886363636363636,3.492366637152943
mixed,plain_raw,common,0.9924242424242424,3.4905685368988024
mixed,plain_raw,common,0.9962121212121212,3.485438743526799
mixed,plain_raw,common,1.0,3.4854920484594456
from_SLR,graph_paired,common,0.007575757575757576,6.4386088311305265
from_SLR,graph_paired,common,0.015151515151515152,5.8088818582137
from_SLR,graph_paired,common,0.022727272727272728,6.610876182650819
from_SLR,graph_paired,common,0.030303030303030304,6.570380757424226
from_SLR,graph_paired,common,0.03787878787878788,5.889270142287233
from_SLR,graph_paired,common,0.045454545454545456,5.315659579449583
from_SLR,graph_paired,common,0.05303030303030303,4.944367020015817
from_SLR,graph_paired,common,0.06060606060606061,5.5957721838973535
from_SLR,graph_paired,common,0.06818181818181818,5.144167961121433
from_SLR,graph_paired,common,0.07575757575757576,5.484793987560502
from_SLR,graph_paired,common,0.08333333333333333,5.845284424708324
from_SLR,graph_paired,common,0.09090909090909091,6.054854822637062
from_SLR,graph_paired,common,0.09848484848484848,6.07404040174044
from_SLR,graph_paired,common,0.10606060606060606,5.8032240210627615
from_SLR,graph_paired,common,0.11363636363636363,5.617281090829411
from_SLR,graph_paired,common,0.12121212121212122,5.550368412883132
from_SLR,graph_paired,common,0.12878787878787878,5.433429990419614
from_SLR,graph_paired,common,0.13636363636363635,5.537125490198037
from_SLR,graph_paired,common,0.14393939393939395,5.5127596045613165
from_SLR,graph_paired,common,0.15151515151515152,5.789351462978495
from_SLR,graph_paired,common,0.1590909090909091,5.684626836679139
from_SLR,graph_paired,common,0.16666666666666666,5.643004226418388
from_SLR,graph_paired,common,0.17424242424242425,5.6380678064797385
from_SLR,graph_paired,common,0.18181818181818182,5.839821692081531
from_SLR,graph_paired,common,0.1893939393939394,5.755277518021768
from_SLR,graph_paired,common,0.19696969696969696,5.867982377215604
from_SLR,graph_paired,common,0.20454545454545456,5.819044718603152
from_SLR,graph_paired,common,0.21212121212121213,5.805312196751529
from_SLR,graph_paired,common,0.2196969696969697,5.921437680953223
from_SLR,graph_paired,common,0.22727272727272727,5.963549653871418
from_SLR,graph_paired,common,0.23484848484848486,5.994897541912596
from_SLR,graph_paired,common,0.24242424242424243,6.043914418446008
from_SLR,graph_paired,common,0.25,5.989604794621941
from_SLR,graph_paired,common,0.25757575757575757,6.096456046004367
from_SLR,graph_paired,common,0.26515151515151514,6.055699456247377
from_SLR,graph_paired,common,0.2727272727272727,5.925500808220533
from_SLR,graph_paired,common,0.2803030303030303,5.909402373074794
from_SLR,graph_paired,common,0.2878787878787879,5.9965044555150415
from_SLR,graph_paired,common,0.29545454545454547,5.866460190153131
from_SLR,graph_paired,common,0.30303030303030304,5.8617537825500605
from_SLR,graph_paired,common,0.3106060606060606,6.0058758098381935
from_SLR,graph_paired,common,0.3181818181818182,5.967556395023057
from_SLR,graph_paired,common,0.32575757575757575,6.0203968239953385
from_SLR,graph_paired,common,0.3333333333333333,6.003853919448904
from_SLR,graph_paired,common,0.3409090909090909,5.921116813553031
from_SLR,graph_paired,common,0.3484848484848485,5.974313881486303
from_SLR,graph_paired,common,0.3560606060606061,5.987270533097699
from_SLR,graph_paired,common,0.36363636363636365,6.015864236538637
from_SLR,graph_paired,common,0.3712121212121212,6.000554300676012
from_SLR,graph_paired,common,0.3787878787878788,5.999423870554044
from_SLR,graph_paired,common,0.38636363636363635,6.036537833548753
from_SLR,graph_paired,common,0.3939393939393939,6.024164906283357
from_SLR,graph_paired,common,0.4015151515151515,6.086962684898694
from_SLR,graph_paired,common,0.4090909090909091,6.058903883684013
from_SLR,graph_paired,common,0.4166666666666667,6.007234255850764
from_SLR,graph_paired,common,0.42424242424242425,5.972495087587538
from_SLR,graph_paired,common,0.4318181818181818,5.979598817556162
from_SLR,graph_paired,common,0.4393939393939394,6.022629855520531
from_SLR,graph_paired,common,0.44696969696969696,6.022737288714809
from_SLR,graph_paired,common,0.45454545454545453,5.961148627982866
from_SLR,graph_paired,common,0.4621212121212121,5.920313091396122
from_SLR,graph_paired,common,0.4696969696969697,5.876273417006807
from_SLR,graph_paired,common,0.4772727272727273,5.895913273300917
from_SLR,graph_paired,common,0.48484848484848486,5.829635760678688
from_SLR,graph_paired,common,0.49242424242424243,5.796456674924879
from_SLR,graph_paired,common,0.5,5.776204497014445
from_SLR,graph_paired,common,0.5075757575757576,5.72869800308037
from_SLR,graph_paired,common,0.5151515151515151,5.659118316309354
from_SLR,graph_paired,common,0.5227272727272727,5.63660559070735
from_SLR,graph_paired,common,0.5303030303030303,5.631076709572163
from_SLR,graph_paired,common,0.5378787878787878,5.5849204926229605
from_SLR,graph_paired,common,0.5454545454545454,5.569004213805004
from_SLR,graph_paired,common,0.553030303030303,5.570771651645031
from_SLR,graph_paired,common,0.5606060606060606,5.635732740793908
from_SLR,graph_paired,common,0.5681818181818182,5.659754588765151
from_SLR,graph_paired,common,0.5757575757575758,5.6536762977254975
from_SLR,graph_paired,common,0.5833333333333334,5.630142768219468
from_SLR,graph_paired,common,0.5909090909090909,5.60480784604406
from_SLR,graph_paired,common,0.5984848484848485,5.588796020906329
from_SLR,graph_paired,common,0.6060606060606061,5.613518504662121
from_SLR,graph_paired,common,0.6136363636363636,5.602449061769431
from_SLR,graph_paired,common,0.6212121212121212,5.591440707166754
from_SLR,graph_paired,common,0.6287878787878788,5.5877106689207565
from_SLR,graph_paired,common,0.6363636363636364,5.549139797066353
from_SLR,graph_paired,common,0.6439393939393939,5.51354473072005
from_SLR,graph_paired,common,0.6515151515151515,5.479263163173893
from_SLR,graph_paired,common,0.6590909090909091,5.4664772540846975
from_SLR,graph_paired,common,0.6666666666666666,5.420845304546664
from_SLR,graph_paired,common,0.6742424242424242,5.412797020261745
from_SLR,graph_paired,common,0.6818181818181818,5.382378644097289
from_SLR,graph_paired,common,0.6893939393939394,5.369375468783943
from_SLR,graph_paired,common,0.696969696969697,5.366197281245106
from_SLR,graph_paired,common,0.7045454545454546,5.35822756642596
from_SLR,graph_paired,common,0.7121212121212122,5.318054614209751
from_SLR,graph_paired,common,0.7196969696969697,5.296817957452469
from_SLR,graph_paired,common,0.7272727272727273,5.268388130548599
from_SLR,graph_paired,common,0.7348484848484849,5.240465080502777
from_SLR,graph_paired,common,0.7424242424242424,5.247303010730508
from_SLR,graph_paired,common,0.75,5.23720019889175
from_SLR,graph_paired,common,0.7575757575757576,5.239690868310741
from_SLR,graph_paired,common,0.7651515151515151,5.204940508693618
from_SLR,graph_paired,common,0.7727272727272727,5.1720512117345585
from_SLR,graph_paired,common,0.7803030303030303,5.139016203191788
from_SLR,graph_paired,common,0.7878787878787878,5.130917167296825
from_SLR,graph_paired,common,0.7954545454545454,5.125153711287239
from_SLR,graph_paired,common,0.803030303030303,5.111027151476069
from_SLR,graph_paired,common,0.8106060606060606,5.090430816506
from_SLR,graph_paired,common,0.8181818181818182,5.081987565600831
from_SLR,graph_paired,common,0.8257575757575758,5.092109589798253
from_SLR,graph_paired,common,0.8333333333333334,5.088599111562908
from_SLR,graph_paired,common,0.8409090909090909,5.078688992049408
from_SLR,graph_paired,common,0.8484848484848485,5.0457725827079996
from_SLR,graph_paired,common,0.8560606060606061,5.041812277238964
from_SLR,graph_paired,common,0.8636363636363636,5.040602959009967
from_SLR,graph_paired,common,0.8712121212121212,5.040806029379642
from_SLR,graph_paired,common,0.8787878787878788,5.037154631448421
from_SLR,graph_paired,common,0.8863636363636364,5.059330206379573
from_SLR,graph_paired,common,0.8939393939393939,5.075035567496845
from_SLR,graph_paired,common,0.9015151515151515,5.077750094691493
from_SLR,graph_paired,common,0.9090909090909091,5.081985921955217
from_SLR,graph_paired,common,0.9166666666666666,5.072004809542653
from_SLR,graph_paired,common,0.9242424242424242,5.0469042515569775
from_SLR,graph_paired,common,0.9318181818181818,5.060125871682728
from_SLR,graph_paired,common,0.9393939393939394,5.062753494534632
from_SLR,graph_paired,common,0.946969696969697,5.083670507854719
from_SLR,graph_paired,common,0.9545454545454546,5.0953831046797875
from_SLR,graph_paired,common,0.9621212121212122,5.11290959158572
from_SLR,graph_paired,common,0.9696969696969697,5.136842670671973
from_SLR,graph_paired,common,0.9772727272727273,5.169918559305984
from_SLR,graph_paired,common,0.9848484848484849,5.213899736933835
from_SLR,graph_paired,common,0.9924242424242424,5.237508118510733
from_SLR,graph_paired,common,1.0,5.280051753545955
from_SLR,graph_raw,common,0.007575757575757576,6.762364043812741
from_SLR,graph_raw,common,0.015151515151515152,5.932487986432524
from_SLR,graph_raw,common,0.022727272727272728,6.9870344111535125
from_SLR,graph_raw,common,0.030303030303030304,7.073704809320119
from_SLR,graph_raw,common,0.03787878787878788,6.604410339448509
from_SLR,graph_raw,common,0.045454545454545456,5.993501173122602
from_SLR,graph_raw,common,0.05303030303030303,5.799238611512419
from_SLR,graph_raw,common,0.06060606060606061,6.49396153017161
from_SLR,graph_raw,common,0.06818181818181818,5.985892840030552
from_SLR,graph_raw,common,0.07575757575757576,6.2960509269854725
from_SLR,graph_raw,common,0.08333333333333333,6.644204585223523
from_SLR,graph_raw,common,0.09090909090909091,6.833042633226511
from_SLR,graph_raw,common,0.09848484848484848,6.869033361678416
from_SLR,graph_raw,common,0.10606060606060606,6.568927974747262
from_SLR,graph_raw,common,0.11363636363636363,6.355537769932238
from_SLR,graph_raw,common,0.12121212121212122,6.271020663682402
from_SLR,graph_raw,common,0.12878787878787878,6.222996516769417
from_SLR,graph_raw,common,0.13636363636363635,6.342721313640549
from_SLR,graph_raw,common,0.14393939393939395,6.307536123004095
from_SLR,graph_raw,common,0.15151515151515152,6.609136519180559
from_SLR,graph_raw,common,0.1590909090909091,6.524025409722881
from_SLR,graph_raw,common,0.16666666666666666,6.439340918105774
from_SLR,graph_raw,common,0.17424242424242425,6.418019859678861
from_SLR,graph_raw,common,0.18181818181818182,6.62679286026344
from_SLR,graph_raw,common,0.1893939393939394,6.531301384871818
from_SLR,graph_raw,common,0.19696969696969696,6.6470620776420715
from_SLR,graph_raw,common,0.20454545454545456,6.575084904492846
from_SLR,graph_raw,common,0.21212121212121213,6.549878557057205
from_SLR,graph_raw,common,0.2196969696969697,6.6766690861202775
from_SLR,graph_raw,common,0.22727272727272727,6.732555320099245
from_SLR,graph_raw,common,0.23484848484848486,6.765485093508382
from_SLR,graph_raw,common,0.24242424242424243,6.823686604400696
from_SLR,graph_raw,common,0.25,6.748819184014292
from_SLR,graph_raw,common,0.25757575757575757,6.8566882557918305
from_SLR,graph_raw,common,0.26515151515151514,6.804065150309639
from_SLR,graph_raw,common,0.2727272727272727,6.652385349655895
from_SLR,graph_raw,common,0.2803030303030303,6.628825272981259
from_SLR,graph_raw,common,0.2878787878787879,6.733285614831584
from_SLR,graph_raw,common,0.29545454545454547,6.599446325043652
from_SLR,graph_raw,common,0.30303030303030304,6.597068389983948
from_SLR,graph_raw,common,0.3106060606060606,6.766829866038745
from_SLR,graph_raw,common,0.3181818181818182,6.7248902049925725
from_SLR,graph_raw,common,0.32575757575757575,6.7863665315552995
from_SLR,graph_raw,common,0.3333333333333333,6.777418573870205
from_SLR,graph_raw,common,0.3409090909090909,6.682928458390781
from_SLR,graph_raw,common,0.3484848484848485,6.740066729938615
from_SLR,graph_raw,common,0.3560606060606061,6.75237856349776
from_SLR,graph_raw,common,0.36363636363636365,6.787772065352751
from_SLR,graph_raw,common,0.3712121212121212,6.756252419573592
from_SLR,graph_raw,common,0.3787878787878788,6.75430135379533
from_SLR,graph_raw,common,0.38636363636363635,6.794722671748061
from_SLR,graph_raw,common,0.3939393939393939,6.777679730254538
from_SLR,graph_raw,common,0.4015151515151515,6.850143228531351
from_SLR,graph_raw,common,0.4090909090909091,6.815705521106579
from_SLR,graph_raw,common,0.4166666666666667,6.762936224466762
from_SLR,graph_raw,common,0.42424242424242425,6.70715401501415
from_SLR,graph_raw,common,0.4318181818181818,6.696289127691991
from_SLR,graph_raw,common,0.4393939393939394,6.7442259067798105
from_SLR,graph_raw,common,0.44696969696969696,6.7528187528027805
from_SLR,graph_raw,common,0.45454545454545453,6.693951016365342
from_SLR,graph_raw,common,0.4621212121212121,6.646418344935284
from_SLR,graph_raw,common,0.4696969696969697,6.603038981360419
from_SLR,graph_raw,common,0.4772727272727273,6.60284420431034
from_SLR,graph_raw,common,0.48484848484848486,6.542348661755621
from_SLR,graph_raw,common,0.49242424242424243,6.505212942491919
from_SLR,graph_raw,common,0.5,6.454654145048804
from_SLR,graph_raw,common,0.5075757575757576,6.405730327865846
from_SLR,graph_raw,common,0.5151515151515151,6.326331418787564
from_SLR,graph_raw,common,0.5227272727272727,6.3153292116318065
from_SLR,graph_raw,common,0.5303030303030303,6.316791072801041
from_SLR,graph_raw,common,0.5378787878787878,6.273087007752689
from_SLR,graph_raw,common,0.5454545454545454,6.268331554664862
from_SLR,graph_raw,common,0.553030303030303,6.272185619069997
from_SLR,graph_raw,common,0.5606060606060606,6.333641621510904
from_SLR,graph_raw,common,0.5681818181818182,6.363496992402332
from_SLR,graph_raw,common,0.5757575757575758,6.335635297247454
from_SLR,graph_raw,common,0.5833333333333334,6.289332353611695
from_SLR,graph_raw,common,0.5909090909090909,6.26459678676413
from_SLR,graph_raw,common,0.5984848484848485,6.250024417085388
from_SLR,graph_raw,common,0.6060606060606061,6.260464031576126
from_SLR,graph_raw,common,0.6136363636363636,6.253981210320841
from_SLR,graph_raw,common,0.6212121212121212,6.235868181704006
from_SLR,graph_raw,common,0.6287878787878788,6.213813005560635
from_SLR,graph_raw,common,0.6363636363636364,6.176411996873036
from_SLR,graph_raw,common,0.6439393939393939,6.1400439234547335
from_SLR,graph_raw,common,0.6515151515151515,6.099665528133033
from_SLR,graph_raw,common,0.6590909090909091,6.091262792183403
from_SLR,graph_raw,common,0.6666666666666666,6.041899443691103
from_SLR,graph_raw,common,0.6742424242424242,6.037980181702204
from_SLR,graph_raw,common,0.6818181818181818,6.0085179577044885
from_SLR,graph_raw,common,0.6893939393939394,5.983273242004522
from_SLR,graph_raw,common,0.696969696969697,5.963126468356376
from_SLR,graph_raw,common,0.7045454545454546,5.941545803146958
from_SLR,graph_raw,common,0.7121212121212122,5.908294872047989
from_SLR,graph_raw,common,0.7196969696969697,5.873828431508848
from_SLR,graph_raw,common,0.7272727272727273,5.8406419167753105
from_SLR,graph_raw,common,0.7348484848484849,5.808168041359207
from_SLR,graph_raw,common,0.7424242424242424,5.79495773498547
from_SLR,graph_raw,common,0.75,5.784836562955376
from_SLR,graph_raw,common,0.7575757575757576,5.769626755639763
from_SLR,graph_raw,common,0.7651515151515151,5.7295767282191745
from_SLR,graph_raw,common,0.7727272727272727,5.698566388260155
from_SLR,graph_raw,common,0.7803030303030303,5.664299565700378
from_SLR,graph_raw,common,0.7878787878787878,5.638980545224812
from_SLR,graph_raw,common,0.7954545454545454,5.624232645306798
from_SLR,graph_raw,common,0.803030303030303,5.605395444157189
from_SLR,graph_raw,common,0.8106060606060606,5.571871285259641
from_SLR,graph_raw,common,0.8181818181818182,5.564077103572358
from_SLR,graph_raw,common,0.8257575757575758,5.571023876684362
from_SLR,graph_raw,common,0.8333333333333334,5.564670797169556
from_SLR,graph_raw,common,0.8409090909090909,5.540969906887004
from_SLR,graph_raw,common,0.8484848484848485,5.5058623841594025
from_SLR,graph_raw,common,0.8560606060606061,5.5115694454496635
from_SLR,graph_raw,common,0.8636363636363636,5.492131380671007
from_SLR,graph_raw,common,0.8712121212121212,5.490190325280008
from_SLR,graph_raw,common,0.8787878787878788,5.469440038063367
from_SLR,graph_raw,common,0.8863636363636364,5.472852535359432
from_SLR,graph_raw,common,0.8939393939393939,5.47156515565371
from_SLR,graph_raw,common,0.9015151515151515,5.4582853734235535
from_SLR,graph_raw,common,0.9090909090909091,5.445588226384282
from_SLR,graph_raw,common,0.9166666666666666,5.427815228241993
from_SLR,graph_raw,common,0.9242424242424242,5.399474721839224
from_SLR,graph_raw,common,0.9318181818181818,5.39437187219562
from_SLR,graph_raw,common,0.9393939393939394,5.383127994336209
from_SLR,graph_raw,common,0.946969696969697,5.386002687365187
from_SLR,graph_raw,common,0.9545454545454546,5.381773927387877
from_SLR,graph_raw,common,0.9621212121212122,5.381111828714139
from_SLR,graph_raw,common,0.9696969696969697,5.388349378194646
from_SLR,graph_raw,common,0.9772727272727273,5.402693088445275
from_SLR,graph_raw,common,0.9848484848484849,5.430388393171923
from_SLR,graph_raw,common,0.9924242424242424,5.4385598844107195
from_SLR,graph_raw,common,1.0,5.461570998234593
from_SLR,plain_paired,common,0.007575757575757576,6.6928431304820295
from_SLR,plain_paired,common,0.015151515151515152,5.861649652131072
from_SLR,plain_paired,common,0.022727272727272728,6.743662642852768
from_SLR,plain_paired,common,0.030303030303030304,6.719374111643153
from_SLR,plain_paired,common,0.03787878787878788,6.104675640400784
from_SLR,plain_paired,common,0.045454545454545456,5.569273314990114
from_SLR,plain_paired,common,0.05303030303030303,5.2125437144413915
from_SLR,plain_paired,common,0.06060606060606061,5.882209779934892
from_SLR,plain_paired,common,0.06818181818181818,5.43234497614088
from_SLR,plain_paired,common,0.07575757575757576,5.797000869464291
from_SLR,plain_paired,common,0.08333333333333333,6.169315256852452
from_SLR,plain_paired,common,0.09090909090909091,6.375123438054538
from_SLR,plain_paired,common,0.09848484848484848,6.390993353943183
from_SLR,plain_paired,common,0.10606060606060606,6.118833023247146
from_SLR,plain_paired,common,0.11363636363636363,5.930403584486963
from_SLR,plain_paired,common,0.12121212121212122,5.876807683144302
from_SLR,plain_paired,common,0.12878787878787878,5.789245871885638
from_SLR,plain_paired,common,0.13636363636363635,5.8876971215269736
from_SLR,plain_paired,common,0.14393939393939395,5.8606431806030415
from_SLR,plain_paired,common,0.15151515151515152,6.13422380882709
from_SLR,plain_paired,common,0.1590909090909091,6.0388173324185574
from_SLR,plain_paired,common,0.16666666666666666,5.982612206252515
from_SLR,plain_paired,common,0.17424242424242425,5.9655826873614854
from_SLR,plain_paired,common,0.18181818181818182,6.170565578038392
from_SLR,plain_paired,common,0.1893939393939394,6.08339570043736
from_SLR,plain_paired,common,0.19696969696969696,6.198892894904031
from_SLR,plain_paired,common,0.20454545454545456,6.153881352183458
from_SLR,plain_paired,common,0.21212121212121213,6.131584072961171
from_SLR,plain_paired,common,0.2196969696969697,6.234426370309244
from_SLR,plain_paired,common,0.22727272727272727,6.272072063030007
from_SLR,plain_paired,common,0.23484848484848486,6.31169510362468
from_SLR,plain_paired,common,0.24242424242424243,6.347337798652905
from_SLR,plain_paired,common,0.25,6.277677412900808
from_SLR,plain_paired,common,0.25757575757575757,6.395787351069188
from_SLR,plain_paired,common,0.26515151515151514,6.34943737949909
from_SLR,plain_paired,common,0.2727272727272727,6.228879815117824
from_SLR,plain_paired,common,0.2803030303030303,6.207181793581559
from_SLR,plain_paired,common,0.2878787878787879,6.295253395331368
from_SLR,plain_paired,common,0.29545454545454547,6.160413450249631
from_SLR,plain_paired,common,0.30303030303030304,6.1558366440328705
from_SLR,plain_paired,common,0.3106060606060606,6.298488050880191
from_SLR,plain_paired,common,0.3181818181818182,6.263529894271215
from_SLR,plain_paired,common,0.32575757575757575,6.302137756396697
from_SLR,plain_paired,common,0.3333333333333333,6.28602200888054
from_SLR,plain_paired,common,0.3409090909090909,6.199814880325154
from_SLR,plain_paired,common,0.3484848484848485,6.240674753239101
from_SLR,plain_paired,common,0.3560606060606061,6.251706188797929
from_SLR,plain_paired,common,0.36363636363636365,6.27553347817511
from_SLR,plain_paired,common,0.3712121212121212,6.249181753043506
from_SLR,plain_paired,common,0.3787878787878788,6.258404970491583
from_SLR,plain_paired,common,0.38636363636363635,6.290512021513249
from_SLR,plain_paired,common,0.3939393939393939,6.283009938095655
from_SLR,plain_paired,common,0.4015151515151515,6.352276602818725
from_SLR,plain_paired,common,0.4090909090909091,6.321215577783101
from_SLR,plain_paired,common,0.4166666666666667,6.267866362811847
from_SLR,plain_paired,common,0.42424242424242425,6.215050239530425
from_SLR,plain_paired,common,0.4318181818181818,6.216560501448242
from_SLR,plain_paired,common,0.4393939393939394,6.261461561531256
from_SLR,plain_paired,common,0.44696969696969696,6.259118785198883
from_SLR,plain_paired,common,0.45454545454545453,6.1952285244588134
from_SLR,plain_paired,common,0.4621212121212121,6.145725088799605
from_SLR,plain_paired,common,0.4696969696969697,6.107166525975841
from_SLR,plain_paired,common,0.4772727272727273,6.122177011836194
from_SLR,plain_paired,common,0.48484848484848486,6.053917930220848
from_SLR,plain_paired,common,0.49242424242424243,6.024089910474035
from_SLR,plain_paired,common,0.5,5.991107104537682
from_SLR,plain_paired,common,0.5075757575757576,5.939870247230494
from_SLR,plain_paired,common,0.5151515151515151,5.865692862595424
from_SLR,plain_paired,common,0.5227272727272727,5.854539004429224
from_SLR,plain_paired,common,0.5303030303030303,5.8419281548585
from_SLR,plain_paired,common,0.5378787878787878,5.790046488426679
from_SLR,plain_paired,common,0.5454545454545454,5.765292761799582
from_SLR,plain_paired,common,0.553030303030303,5.762897214886884
from_SLR,plain_paired,common,0.5606060606060606,5.829410996701249
from_SLR,plain_paired,common,0.5681818181818182,5.857999680499435
from_SLR,plain_paired,common,0.5757575757575758,5.85188271718451
from_SLR,plain_paired,common,0.5833333333333334,5.826763793398034
from_SLR,plain_paired,common,0.5909090909090909,5.796658021974636
from_SLR,plain_paired,common,0.5984848484848485,5.777885848414179
from_SLR,plain_paired,common,0.6060606060606061,5.79855649081894
from_SLR,plain_paired,common,0.6136363636363636,5.790814215420993
from_SLR,plain_paired,common,0.6212121212121212,5.777000404781309
from_SLR,plain_paired,common,0.6287878787878788,5.772821060261131
from_SLR,plain_paired,common,0.6363636363636364,5.734653898947549
from_SLR,plain_paired,common,0.6439393939393939,5.696607454178904
from_SLR,plain_paired,common,0.6515151515151515,5.6626953267971984
from_SLR,plain_paired,common,0.6590909090909091,5.653347831564868
from_SLR,plain_paired,common,0.6666666666666666,5.603635516074246
from_SLR,plain_paired,common,0.6742424242424242,5.597108434677303
from_SLR,plain_paired,common,0.6818181818181818,5.568079341187894
from_SLR,plain_paired,common,0.6893939393939394,5.551042173045172
from_SLR,plain_paired,common,0.696969696969697,5.543772529598777
from_SLR,plain_paired,common,0.7045454545454546,5.533029349187679
from_SLR,plain_paired,common,0.7121212121212122,5.496222762049615
from_SLR,plain_paired,common,0.7196969696969697,5.473718115743426
from_SLR,plain_paired,common,0.7272727272727273,5.447811790532255
from_SLR,plain_paired,common,0.7348484848484849,5.415883548020063
from_SLR,plain_paired,common,0.7424242424242424,5.424478984976322
from_SLR,plain_paired,common,0.75,5.414501871509501
from_SLR,plain_paired,common,0.7575757575757576,5.420844745174108
from_SLR,plain_paired,common,0.7651515151515151,5.383416488298569
from_SLR,plain_paired,common,0.7727272727272727,5.3517156689396055
from_SLR,plain_paired,common,0.7803030303030303,5.315824828014144
from_SLR,plain_paired,common,0.7878787878787878,5.3085314771405265
from_SLR,plain_paired,common,0.7954545454545454,5.300305419539856
from_SLR,plain_paired,common,0.803030303030303,5.283007378709609
from_SLR,plain_paired,common,0.8106060606060606,5.26220717851052
from_SLR,plain_paired,common,0.8181818181818182,5.251293354572725
from_SLR,plain_paired,common,0.8257575757575758,5.260776276549447
from_SLR,plain_paired,common,0.8333333333333334,5.253435997162453
from_SLR,plain_paired,common,0.8409090909090909,5.244113986467638
from_SLR,plain_paired,common,0.8484848484848485,5.207828360678591
from_SLR,plain_paired,common,0.8560606060606061,5.1991631236253015
from_SLR,plain_paired,common,0.8636363636363636,5.199053104499071
from_SLR,plain_paired,common,0.8712121212121212,5.195959567597765
from_SLR,plain_paired,common,0.8787878787878788,5.193778077236671
from_SLR,plain_paired,common,0.8863636363636364,5.218917529374045
from_SLR,plain_paired,common,0.8939393939393939,5.236954622591743
from_SLR,plain_paired,common,0.9015151515151515,5.241429380624701
from_SLR,plain_paired,common,0.9090909090909091,5.248764103655817
from_SLR,plain_paired,common,0.9166666666666666,5.237147057171868
from_SLR,plain_paired,common,0.9242424242424242,5.209282683667002
from_SLR,plain_paired,common,0.9318181818181818,5.225852025457219
from_SLR,plain_paired,common,0.9393939393939394,5.228780524313014
from_SLR,plain_paired,common,0.946969696969697,5.254040268862348
from_SLR,plain_paired,common,0.9545454545454546,5.266780812180328
from_SLR,plain_paired,common,0.9621212121212122,5.286890066225864
from_SLR,plain_paired,common,0.9696969696969697,5.316234144312172
from_SLR,plain_paired,common,0.9772727272727273,5.352769002527162
from_SLR,plain_paired,common,0.9848484848484849,5.4026882329250085
from_SLR,plain_paired,common,0.9924242424242424,5.431497024843348
from_SLR,plain_paired,common,1.0,5.480428029262822
from_SLR,plain_raw,common,0.007575757575757576,6.249530816377266
from_SLR,plain_raw,common,0.015151515151515152,5.580531282926515
from_SLR,plain_raw,common,0.022727272727272728,6.756141421382202
from_SLR,plain_raw,common,0.030303030303030304,6.837154023894176
from_SLR,plain_raw,common,0.03787878787878788,6.615515906069347
from_SLR,plain_raw,common,0.045454545454545456,6.139099003095082
from_SLR,plain_raw,common,0.05303030303030303,6.089802401131713
from_SLR,plain_raw,common,0.06060606060606061,6.723443767512252
from_SLR,plain_raw,common,0.06818181818181818,6.244643737002677
from_SLR,plain_raw,common,0.07575757575757576,6.667678526778231
from_SLR,plain_raw,common,0.08333333333333333,7.079722004603721
from_SLR,plain_raw,common,0.09090909090909091,7.289465648694993
from_SLR,plain_raw,common,0.09848484848484848,7.280236056939472
from_SLR,plain_raw,common,0.10606060606060606,6.973946066322566
from_SLR,plain_raw,common,0.11363636363636363,6.733897543939879
from_SLR,plain_raw,common,0.12121212121212122,6.644551259677995
from_SLR,plain_raw,common,0.12878787878787878,6.667706730883914
from_SLR,plain_raw,common,0.13636363636363635,6.81510870786591
from_SLR,plain_raw,common,0.14393939393939395,6.764241661203266
from_SLR,plain_raw,common,0.15151515151515152,7.074766658059526
from_SLR,plain_raw,common,0.1590909090909091,7.012712812698932
from_SLR,plain_raw,common,0.16666666666666666,6.919698370349914
from_SLR,plain_raw,common,0.17424242424242425,6.84979360011543
from_SLR,plain_raw,common,0.18181818181818182,7.0714046715958245
from_SLR,plain_raw,common,0.1893939393939394,6.985725222411506
from_SLR,plain_raw,common,0.19696969696969696,7.127491357521685
from_SLR,plain_raw,common,0.20454545454545456,7.063821225474112
from_SLR,plain_raw,common,0.21212121212121213,6.997209446314124
from_SLR,plain_raw,common,0.2196969696969697,7.079284836263312
from_SLR,plain_raw,common,0.22727272727272727,7.100718825903313
from_SLR,plain_raw,common,0.23484848484848486,7.115796319996865
from_SLR,plain_raw,common,0.24242424242424243,7.138213580994811
from_SLR,plain_raw,common,0.25,7.032059489768216
from_SLR,plain_raw,common,0.25757575757575757,7.139105425563296
from_SLR,plain_raw,common,0.26515151515151514,7.055896647723293
from_SLR,plain_raw,common,0.2727272727272727,6.926192357575167
from_SLR,plain_raw,common,0.2803030303030303,6.876965290106301
from_SLR,plain_raw,common,0.2878787878787879,7.00540179456542
from_SLR,plain_raw,common,0.29545454545454547,6.9003971971186315
from_SLR,plain_raw,common,0.30303030303030304,6.887838789102368
from_SLR,plain_raw,common,0.3106060606060606,7.061260107310439
from_SLR,plain_raw,common,0.3181818181818182,7.021241171678299
from_SLR,plain_raw,common,0.32575757575757575,7.045676159175766
from_SLR,plain_raw,common,0.3333333333333333,7.066078632683596
from_SLR,plain_raw,common,0.3409090909090909,6.954295652816863
from_SLR,plain_raw,common,0.3484848484848485,6.980993810650428
from_SLR,plain_raw,common,0.3560606060606061,6.977619295368572
from_SLR,plain_raw,common,0.36363636363636365,6.987881587196064
from_SLR,plain_raw,common,0.3712121212121212,6.947678131448339
from_SLR,plain_raw,common,0.3787878787878788,6.958634482738604
from_SLR,plain_raw,common,0.38636363636363635,6.982349159237192
from_SLR,plain_raw,common,0.3939393939393939,6.969176338524465
from_SLR,plain_raw,common,0.4015151515151515,7.064144683773164
from_SLR,plain_raw,common,0.4090909090909091,7.010783068354129
from_SLR,plain_raw,common,0.4166666666666667,6.941864988793917
from_SLR,plain_raw,common,0.42424242424242425,6.906724749124586
from_SLR,plain_raw,common,0.4318181818181818,6.899925949774224
from_SLR,plain_raw,common,0.4393939393939394,6.935971702237865
from_SLR,plain_raw,common,0.44696969696969696,6.93113023668321
from_SLR,plain_raw,common,0.45454545454545453,6.858308828124639
from_SLR,plain_raw,common,0.4621212121212121,6.795230568939413
from_SLR,plain_raw,common,0.4696969696969697,6.7590329080979386
from_SLR,plain_raw,common,0.4772727272727273,6.764573384326756
from_SLR,plain_raw,common,0.48484848484848486,6.699269272929658
from_SLR,plain_raw,common,0.49242424242424243,6.6622107124513645
from_SLR,plain_raw,common,0.5,6.623367114336397
from_SLR,plain_raw,common,0.5075757575757576,6.562183455404825
from_SLR,plain_raw,common,0.5151515151515151,6.4868862426603044
from_SLR,plain_raw,common,0.5227272727272727,6.493441349045341
from_SLR,plain_raw,common,0.5303030303030303,6.477634156887427
from_SLR,plain_raw,common,0.5378787878787878,6.420413459306894
from_SLR,plain_raw,common,0.5454545454545454,6.399632693902137
from_SLR,plain_raw,common,0.553030303030303,6.38762195292971
from_SLR,plain_raw,common,0.5606060606060606,6.444564278064178
from_SLR,plain_raw,common,0.5681818181818182,6.489981132557767
from_SLR,plain_raw,common,0.5757575757575758,6.46925008133218
from_SLR,plain_raw,common,0.5833333333333334,6.4303838503251045
from_SLR,plain_raw,common,0.5909090909090909,6.391021281021847
from_SLR,plain_raw,common,0.5984848484848485,6.363994119120258
from_SLR,plain_raw,common,0.6060606060606061,6.3801125372142415
from_SLR,plain_raw,common,0.6136363636363636,6.3749398103740935
from_SLR,plain_raw,common,0.6212121212121212,6.366347134736934
from_SLR,plain_raw,common,0.6287878787878788,6.350692018774577
from_SLR,plain_raw,common,0.6363636363636364,6.311019376568464
from_SLR,plain_raw,common,0.6439393939393939,6.266082605762249
from_SLR,plain_raw,common,0.6515151515151515,6.221679176280627
from_SLR,plain_raw,common,0.6590909090909091,6.20547530261516
from_SLR,plain_raw,common,0.6666666666666666,6.156953378584311
from_SLR,plain_raw,common,0.6742424242424242,6.150762641955026
from_SLR,plain_raw,common,0.6818181818181818,6.120915594528789
from_SLR,plain_raw,common,0.6893939393939394,6.101214393382662
from_SLR,plain_raw,common,0.696969696969697,6.085799261949499
from_SLR,plain_raw,common,0.7045454545454546,6.068765280142803
from_SLR,plain_raw,common,0.7121212121212122,6.033482359668166
from_SLR,plain_raw,common,0.7196969696969697,6.001156657724791
from_SLR,plain_raw,common,0.7272727272727273,5.967656197536126
from_SLR,plain_raw,common,0.7348484848484849,5.928998311875272
from_SLR,plain_raw,common,0.7424242424242424,5.924045801760524
from_SLR,plain_raw,common,0.75,5.9051350124538295
from_SLR,plain_raw,common,0.7575757575757576,5.899734750311906
from_SLR,plain_raw,common,0.7651515151515151,5.856856669238119
from_SLR,plain_raw,common,0.7727272727272727,5.821621790778477
from_SLR,plain_raw,common,0.7803030303030303,5.78362495662024
from_SLR,plain_raw,common,0.7878787878787878,5.761256158620999
from_SLR,plain_raw,common,0.7954545454545454,5.75056055318379
from_SLR,plain_raw,common,0.803030303030303,5.722561254472031
from_SLR,plain_raw,common,0.8106060606060606,5.691716121581279
from_SLR,plain_raw,common,0.8181818181818182,5.673921986251087
from_SLR,plain_raw,common,0.8257575757575758,5.670395962629684
from_SLR,plain_raw,common,0.8333333333333334,5.65026627873448
from_SLR,plain_raw,common,0.8409090909090909,5.628084318159698
from_SLR,plain_raw,common,0.8484848484848485,5.590497834648779
from_SLR,plain_raw,common,0.8560606060606061,5.587193811963565
from_SLR,plain_raw,common,0.8636363636363636,5.571958423584674
from_SLR,plain_raw,common,0.8712121212121212,5.557220863052987
from_SLR,plain_raw,common,0.8787878787878788,5.541755520609868
from_SLR,plain_raw,common,0.8863636363636364,5.55278014951875
from_SLR,plain_raw,common,0.8939393939393939,5.556745462058681
from_SLR,plain_raw,common,0.9015151515151515,5.545987827212691
from_SLR,plain_raw,common,0.9090909090909091,5.538368976466036
from_SLR,plain_raw,common,0.9166666666666666,5.516587382086736
from_SLR,plain_raw,common,0.9242424242424242,5.488441649670599
from_SLR,plain_raw,common,0.9318181818181818,5.490003510389691
from_SLR,plain_raw,common,0.9393939393939394,5.477333163620872
from_SLR,plain_raw,common,0.946969696969697,5.487849547867216
from_SLR,plain_raw,common,0.9545454545454546,5.482153057374809
from_SLR,plain_raw,common,0.9621212121212122,5.485231263941806
from_SLR,plain_raw,common,0.9696969696969697,5.501305142471963
from_SLR,plain_raw,common,0.9772727272727273,5.52283784662557
from_SLR,plain_raw,common,0.9848484848484849,5.5595656860106955
from_SLR,plain_raw,common,0.9924242424242424,5.574833751263359
from_SLR,plain_raw,common,1.0,5.606321213229674
from_ipod,graph_paired,common,0.007575757575757576,6.752074972131837
from_ipod,graph_paired,common,0.015151515151515152,8.360325854728332
from_ipod,graph_paired,common,0.022727272727272728,7.090448700532992
from_ipod,graph_paired,common,0.030303030303030304,6.327397352797713
from_ipod,graph_paired,common,0.03787878787878788,5.561821251586982
from_ipod,graph_paired,common,0.045454545454545456,5.866709975940755
from_ipod,graph_paired,common,0.05303030303030303,6.222142040579982
from_ipod,graph_paired,common,0.06060606060606061,6.251152823526457
from_ipod,graph_paired,common,0.06818181818181818,5.899968892427373
from_ipod,graph_paired,common,0.07575757575757576,6.24435856521814
from_ipod,graph_paired,common,0.08333333333333333,6.108644061601923
from_ipod,graph_paired,common,0.09090909090909091,6.0189643381607
from_ipod,graph_paired,common,0.09848484848484848,5.857767534022312
from_ipod,graph_paired,common,0.10606060606060606,5.699078480344933
from_ipod,graph_paired,common,0.11363636363636363,5.596408997875052
from_ipod,graph_paired,common,0.12121212121212122,5.413571092407452
from_ipod,graph_paired,common,0.12878787878787878,5.437760611105401
from_ipod,graph_paired,common,0.13636363636363635,5.211672947104758
from_ipod,graph_paired,common,0.14393939393939395,5.348145657014424
from_ipod,graph_paired,common,0.15151515151515152,5.302926432433241
from_ipod,graph_paired,common,0.1590909090909091,5.50722187653709
from_ipod,graph_paired,common,0.16666666666666666,5.520475660828057
from_ipod,graph_paired,common,0.17424242424242425,5.436813129148443
from_ipod,graph_paired,common,0.18181818181818182,5.449767269491562
from_ipod,graph_paired,common,0.1893939393939394,5.374714428898965
from_ipod,graph_paired,common,0.19696969696969696,5.271759093143755
from_ipod,graph_paired,common,0.20454545454545456,5.259481572238498
from_ipod,graph_paired,common,0.21212121212121213,5.25653539561102
from_ipod,graph_paired,common,0.2196969696969697,5.294033887334887
from_ipod,graph_paired,common,0.22727272727272727,5.3159185088894025
from_ipod,graph_paired,common,0.23484848484848486,5.530532592965993
from_ipod,graph_paired,common,0.24242424242424243,5.547719611822171
from_ipod,graph_paired,common,0.25,5.579753361232062
from_ipod,graph_paired,common,0.25757575757575757,5.569687267698818
from_ipod,graph_paired,common,0.26515151515151514,5.553739693800071
from_ipod,graph_paired,common,0.2727272727272727,5.559144300725744
from_ipod,graph_paired,common,0.2803030303030303,5.65985860611611
from_ipod,graph_paired,common,0.2878787878787879,5.645283046662303
from_ipod,graph_paired,common,0.29545454545454547,5.710038891628827
from_ipod,graph_paired,common,0.30303030303030304,5.612753527168003
from_ipod,graph_paired,common,0.3106060606060606,5.649168290606759
from_ipod,graph_paired,common,0.3181818181818182,5.711764371510036
from_ipod,graph_paired,common,0.32575757575757575,5.69624052728389
from_ipod,graph_paired,common,0.3333333333333333,5.695636395615831
from_ipod,graph_paired,common,0.3409090909090909,5.65332357690433
from_ipod,graph_paired,common,0.3484848484848485,5.652444965757198
from_ipod,graph_paired,common,0.3560606060606061,5.60743205857482
from_ipod,graph_paired,common,0.36363636363636365,5.631079905128822
from_ipod,graph_paired,common,0.3712121212121212,5.661262265321622
from_ipod,graph_paired,common,0.3787878787878788,5.661936884024503
from_ipod,graph_paired,common,0.38636363636363635,5.591138690026601
from_ipod,graph_paired,common,0.3939393939393939,5.56653023890049
from_ipod,graph_paired,common,0.4015151515151515,5.673380178100778
from_ipod,graph_paired,common,0.4090909090909091,5.711337583321096
from_ipod,graph_paired,common,0.4166666666666667,5.710351087570622
from_ipod,graph_paired,common,0.42424242424242425,5.801108470769473
from_ipod,graph_paired,common,0.4318181818181818,5.815469827763245
from_ipod,graph_paired,common,0.4393939393939394,5.927711998690853
from_ipod,graph_paired,common,0.44696969696969696,5.978158296972713
from_ipod,graph_paired,common,0.45454545454545453,6.016791607996378
from_ipod,graph_paired,common,0.4621212121212121,6.035363361235004
from_ipod,graph_paired,common,0.4696969696969697,6.005601424421326
from_ipod,graph_paired,common,0.4772727272727273,6.001746708136971
from_ipod,graph_paired,common,0.48484848484848486,6.0188927427981005
from_ipod,graph_paired,common,0.49242424242424243,6.034473003480741
from_ipod,graph_paired,common,0.5,6.011951744967212
from_ipod,graph_paired,common,0.5075757575757576,5.964048239059455
from_ipod,graph_paired,common,0.5151515151515151,5.959390596153962
from_ipod,graph_paired,common,0.5227272727272727,5.984594450716521
from_ipod,graph_paired,common,0.5303030303030303,5.954722826862647
from_ipod,graph_paired,common,0.5378787878787878,5.977778422904554
from_ipod,graph_paired,common,0.5454545454545454,6.023330815347417
from_ipod,graph_paired,common,0.553030303030303,5.99446583694952
from_ipod,graph_paired,common,0.5606060606060606,6.004761250229017
from_ipod,graph_paired,common,0.5681818181818182,6.059081077984036
from_ipod,graph_paired,common,0.5757575757575758,6.009100431159755
from_ipod,graph_paired,common,0.5833333333333334,5.9566475301151405
from_ipod,graph_paired,common,0.5909090909090909,5.96959755251774
from_ipod,graph_paired,common,0.5984848484848485,5.970516438342895
from_ipod,graph_paired,common,0.6060606060606061,5.952663279833572
from_ipod,graph_paired,common,0.6136363636363636,5.961730947096427
from_ipod,graph_paired,common,0.6212121212121212,5.947074177729303
from_ipod,graph_paired,common,0.6287878787878788,5.961839630276689
from_ipod,graph_paired,common,0.6363636363636364,5.969814711051616
from_ipod,graph_paired,common,0.6439393939393939,5.9664649725887715
from_ipod,graph_paired,common,0.6515151515151515,5.986794860915708
from_ipod,graph_paired,common,0.6590909090909091,5.999239793737281
from_ipod,graph_paired,common,0.6666666666666666,6.013638624700794
from_ipod,graph_paired,common,0.6742424242424242,6.010641967415343
from_ipod,graph_paired,common,0.6818181818181818,6.000391029641196
from_ipod,graph_paired,common,0.6893939393939394,6.010106106862185
from_ipod,graph_paired,common,0.696969696969697,6.020325474565258
from_ipod,graph_paired,common,0.7045454545454546,6.014059390684033
from_ipod,graph_paired,common,0.7121212121212122,6.003472632989225
from_ipod,graph_paired,common,0.7196969696969697,6.017075721400734
from_ipod,graph_paired,common,0.7272727272727273,6.027152102012654
from_ipod,graph_paired,common,0.7348484848484849,6.080751580354762
from_ipod,graph_paired,common,0.7424242424242424,6.076208220220452
from_ipod,graph_paired,common,0.75,6.057009753565899
from_ipod,graph_paired,common,0.7575757575757576,6.059383531684959
from_ipod,graph_paired,common,0.7651515151515151,6.049537472363798
from_ipod,graph_paired,common,0.7727272727272727,6.037078861378667
from_ipod,graph_paired,common,0.7803030303030303,6.039203150576358
from_ipod,graph_paired,common,0.7878787878787878,6.027411131475553
from_ipod,graph_paired,common,0.7954545454545454,6.0336100642694115
from_ipod,graph_paired,common,0.803030303030303,5.99937817717462
from_ipod,graph_paired,common,0.8106060606060606,6.006111772512692
from_ipod,graph_paired,common,0.8181818181818182,6.021521664821098
from_ipod,graph_paired,common,0.8257575757575758,6.010923494177512
from_ipod,graph_paired,common,0.8333333333333334,5.97927724593896
from_ipod,graph_paired,common,0.8409090909090909,5.958422696698782
from_ipod,graph_paired,common,0.8484848484848485,5.929673579780385
from_ipod,graph_paired,common,0.8560606060606061,5.939071116598432
from_ipod,graph_paired,common,0.8636363636363636,5.93817625523868
from_ipod,graph_paired,common,0.8712121212121212,5.914410891560522
from_ipod,graph_paired,common,0.8787878787878788,5.922863262602948
from_ipod,graph_paired,common,0.8863636363636364,5.907892812636031
from_ipod,graph_paired,common,0.8939393939393939,5.920619352424403
from_ipod,graph_paired,common,0.9015151515151515,5.911785159126566
from_ipod,graph_paired,common,0.9090909090909091,5.877094858940326
from_ipod,graph_paired,common,0.9166666666666666,5.853940423483567
from_ipod,graph_paired,common,0.9242424242424242,5.831481689137377
from_ipod,graph_paired,common,0.9318181818181818,5.803352777976369
from_ipod,graph_paired,common,0.9393939393939394,5.784586290329013
from_ipod,graph_paired,common,0.946969696969697,5.760408577018155
from_ipod,graph_paired,common,0.9545454545454546,5.740859901110994
from_ipod,graph_paired,common,0.9621212121212122,5.755730906356525
from_ipod,graph_paired,common,0.9696969696969697,5.740871567712335
from_ipod,graph_paired,common,0.9772727272727273,5.722388718965855
from_ipod,graph_paired,common,0.9848484848484849,5.6967459533003355
from_ipod,graph_paired,common,0.9924242424242424,5.681633052137351
from_ipod,graph_paired,common,1.0,5.660956518970338
from_ipod,graph_raw,common,0.007575757575757576,8.072612973806685
from_ipod,graph_raw,common,0.015151515151515152,9.448182910632953
from_ipod,graph_raw,common,0.022727272727272728,8.155963664222817
from_ipod,graph_raw,common,0.030303030303030304,7.1484682421087316
from_ipod,graph_raw,common,0.03787878787878788,6.180928779718393
from_ipod,graph_raw,common,0.045454545454545456,6.4158332482391325
from_ipod,graph_raw,common,0.05303030303030303,6.770168367136989
from_ipod,graph_raw,common,0.06060606060606061,6.805072248023571
from_ipod,graph_raw,common,0.06818181818181818,6.382205174840785
from_ipod,graph_raw,common,0.07575757575757576,6.653780427555067
from_ipod,graph_raw,common,0.08333333333333333,6.557372864403509
from_ipod,graph_raw,common,0.09090909090909091,6.530342402457195
from_ipod,graph_raw,common,0.09848484848484848,6.409895185534938
from_ipod,graph_raw,common,0.10606060606060606,6.2545636467011505
from_ipod,graph_raw,common,0.11363636363636363,6.152620667613635
from_ipod,graph_raw,common,0.12121212121212122,6.003499670991139
from_ipod,graph_raw,common,0.12878787878787878,5.988529102869109
from_ipod,graph_raw,common,0.13636363636363635,5.755204782308994
from_ipod,graph_raw,common,0.14393939393939395,5.869143322236748
from_ipod,graph_raw,common,0.15151515151515152,5.830353503804808
from_ipod,graph_raw,common,0.1590909090909091,6.056698252407902
from_ipod,graph_raw,common,0.16666666666666666,6.048270084124987
from_ipod,graph_raw,common,0.17424242424242425,5.956921723299331
from_ipod,graph_raw,common,0.18181818181818182,5.993471107319764
from_ipod,graph_raw,common,0.1893939393939394,5.935730382751157
from_ipod,graph_raw,common,0.19696969696969696,5.840065077964073
from_ipod,graph_raw,common,0.20454545454545456,5.833081393623317
from_ipod,graph_raw,common,0.21212121212121213,5.833198283729835
from_ipod,graph_raw,common,0.2196969696969697,5.890448810355721
from_ipod,graph_raw,common,0.22727272727272727,5.9354223845667144
from_ipod,graph_raw,common,0.23484848484848486,6.107306781445865
from_ipod,graph_raw,common,0.24242424242424243,6.114834304722392
from_ipod,graph_raw,common,0.25,6.170766025230692
from_ipod,graph_raw,common,0.25757575757575757,6.1416325875301006
from_ipod,graph_raw,common,0.26515151515151514,6.140487800031187
from_ipod,graph_raw,common,0.2727272727272727,6.157709861057988
from_ipod,graph_raw,common,0.2803030303030303,6.264636779775221
from_ipod,graph_raw,common,0.2878787878787879,6.235814036508384
from_ipod,graph_raw,common,0.29545454545454547,6.285625418694682
from_ipod,graph_raw,common,0.30303030303030304,6.178372706609494
from_ipod,graph_raw,common,0.3106060606060606,6.182002783401784
from_ipod,graph_raw,common,0.3181818181818182,6.208515743152972
from_ipod,graph_raw,common,0.32575757575757575,6.208091692435846
from_ipod,graph_raw,common,0.3333333333333333,6.217840077514775
from_ipod,graph_raw,common,0.3409090909090909,6.178260181183269
from_ipod,graph_raw,common,0.3484848484848485,6.180429652054596
from_ipod,graph_raw,common,0.3560606060606061,6.133217400811287
from_ipod,graph_raw,common,0.36363636363636365,6.165304709106066
from_ipod,graph_raw,common,0.3712121212121212,6.184375268144791
from_ipod,graph_raw,common,0.3787878787878788,6.190467985717418
from_ipod,graph_raw,common,0.38636363636363635,6.122407722902737
from_ipod,graph_raw,common,0.3939393939393939,6.0881547436923595
from_ipod,graph_raw,common,0.4015151515151515,6.181100274502366
from_ipod,graph_raw,common,0.4090909090909091,6.231886203754619
from_ipod,graph_raw,common,0.4166666666666667,6.219739244533745
from_ipod,graph_raw,common,0.42424242424242425,6.303001556378168
from_ipod,graph_raw,common,0.4318181818181818,6.313962154834708
from_ipod,graph_raw,common,0.4393939393939394,6.422529243257846
from_ipod,graph_raw,common,0.44696969696969696,6.460054605638715
from_ipod,graph_raw,common,0.45454545454545453,6.461315749271283
from_ipod,graph_raw,common,0.4621212121212121,6.4790438042738066
from_ipod,graph_raw,common,0.4696969696969697,6.451408512456454
from_ipod,graph_raw,common,0.4772727272727273,6.456420942822903
from_ipod,graph_raw,common,0.48484848484848486,6.451511577010391
from_ipod,graph_raw,common,0.49242424242424243,6.476909398829366
from_ipod,graph_raw,common,0.5,6.456210910029884
from_ipod,graph_raw,common,0.5075757575757576,6.415059307498928
from_ipod,graph_raw,common,0.5151515151515151,6.410646890465749
from_ipod,graph_raw,common,0.5227272727272727,6.4353404477523855
from_ipod,graph_raw,common,0.5303030303030303,6.391113152182384
from_ipod,graph_raw,common,0.5378787878787878,6.393393103881593
from_ipod,graph_raw,common,0.5454545454545454,6.433585524629002
from_ipod,graph_raw,common,0.553030303030303,6.405049890228991
from_ipod,graph_raw,common,0.5606060606060606,6.428568257168902
from_ipod,graph_raw,common,0.5681818181818182,6.498742339409373
from_ipod,graph_raw,common,0.5757575757575758,6.440163391379058
from_ipod,graph_raw,common,0.5833333333333334,6.386584897730589
from_ipod,graph_raw,common,0.5909090909090909,6.389465267221451
from_ipod,graph_raw,common,0.5984848484848485,6.3822416036347285
from_ipod,graph_raw,common,0.6060606060606061,6.370441441195425
from_ipod,graph_raw,common,0.6136363636363636,6.366905469709671
from_ipod,graph_raw,common,0.6212121212121212,6.364766971699935
from_ipod,graph_raw,common,0.6287878787878788,6.38909809185963
from_ipod,graph_raw,common,0.6363636363636364,6.404793961890469
from_ipod,graph_raw,common,0.6439393939393939,6.405859378212264
from_ipod,graph_raw,common,0.6515151515151515,6.413117917617889
from_ipod,graph_raw,common,0.6590909090909091,6.415035530171622
from_ipod,graph_raw,common,0.6666666666666666,6.42814182380899
from_ipod,graph_raw,common,0.6742424242424242,6.437901016930663
from_ipod,graph_raw,common,0.6818181818181818,6.420660903377775
from_ipod,graph_raw,common,0.6893939393939394,6.439133161280174
from_ipod,graph_raw,common,0.696969696969697,6.458363978742511
from_ipod,graph_raw,common,0.7045454545454546,6.446271690672588
from_ipod,graph_raw,common,0.7121212121212122,6.437080540904032
from_ipod,graph_raw,common,0.7196969696969697,6.457412941473694
from_ipod,graph_raw,common,0.7272727272727273,6.461464265665463
from_ipod,graph_raw,common,0.7348484848484849,6.527746577465187
from_ipod,graph_raw,common,0.7424242424242424,6.527986957121553
from_ipod,graph_raw,common,0.75,6.504347653511907
from_ipod,graph_raw,common,0.7575757575757576,6.4942045951232705
from_ipod,graph_raw,common,0.7651515151515151,6.482573756302901
from_ipod,graph_raw,common,0.7727272727272727,6.468802455044144
from_ipod,graph_raw,common,0.7803030303030303,6.4677987757543605
from_ipod,graph_raw,common,0.7878787878787878,6.448989494820903
from_ipod,graph_raw,common,0.7954545454545454,6.462244101113242
from_ipod,graph_raw,common,0.803030303030303,6.420975639095098
from_ipod,graph_raw,common,0.8106060606060606,6.421631282212364
from_ipod,graph_raw,common,0.8181818181818182,6.427631836275985
from_ipod,graph_raw,common,0.8257575757575758,6.41093666877278
from_ipod,graph_raw,common,0.8333333333333334,6.38474666974448
from_ipod,graph_raw,common,0.8409090909090909,6.357799206929077
from_ipod,graph_raw,common,0.8484848484848485,6.32270527393836
from_ipod,graph_raw,common,0.8560606060606061,6.325022403397564
from_ipod,graph_raw,common,0.8636363636363636,6.320026702635675
from_ipod,graph_raw,common,0.8712121212121212,6.294575087533288
from_ipod,graph_raw,common,0.8787878787878788,6.29673258119088
from_ipod,graph_raw,common,0.8863636363636364,6.271641761657713
from_ipod,graph_raw,common,0.8939393939393939,6.273522764063436
from_ipod,graph_raw,common,0.9015151515151515,6.259273457741298
from_ipod,graph_raw,common,0.9090909090909091,6.219803702582592
from_ipod,graph_raw,common,0.9166666666666666,6.191584386465659
from_ipod,graph_raw,common,0.9242424242424242,6.169330881657289
from_ipod,graph_raw,common,0.9318181818181818,6.143274672502328
from_ipod,graph_raw,common,0.9393939393939394,6.1198202219304525
from_ipod,graph_raw,common,0.946969696969697,6.089711918354678
from_ipod,graph_raw,common,0.9545454545454546,6.0704208653368505
from_ipod,graph_raw,common,0.9621212121212122,6.0798194708378865
from_ipod,graph_raw,common,0.9696969696969697,6.073141770711221
from_ipod,graph_raw,common,0.9772727272727273,6.0466705210258125
from_ipod,graph_raw,common,0.9848484848484849,6.0176693182560115
from_ipod,graph_raw,common,0.9924242424242424,6.007225795063569
from_ipod,graph_raw,common,1.0,5.989048741695264
from_ipod,plain_paired,common,0.007575757575757576,7.4160859324837745
from_ipod,plain_paired,common,0.015151515151515152,8.881522289073994
from_ipod,plain_paired,common,0.022727272727272728,7.57826144082485
from_ipod,plain_paired,common,0.030303030303030304,6.76872883442405
from_ipod,plain_paired,common,0.03787878787878788,5.943411711692309
from_ipod,plain_paired,common,0.045454545454545456,6.292886846294198
from_ipod,plain_paired,common,0.05303030303030303,6.568723536408115
from_ipod,plain_paired,common,0.06060606060606061,6.571573243922823
from_ipod,plain_paired,common,0.06818181818181818,6.175406020744737
from_ipod,plain_paired,common,0.07575757575757576,6.463660866994377
from_ipod,plain_paired,common,0.08333333333333333,6.365017324449699
from_ipod,plain_paired,common,0.09090909090909091,6.300162367106399
from_ipod,plain_paired,common,0.09848484848484848,6.162057559700435
from_ipod,plain_paired,common,0.10606060606060606,6.006751690014471
from_ipod,plain_paired,common,0.11363636363636363,5.892702021701939
from_ipod,plain_paired,common,0.12121212121212122,5.73110081938367
from_ipod,plain_paired,common,0.12878787878787878,5.741774992354929
from_ipod,plain_paired,common,0.13636363636363635,5.513242327832596
from_ipod,plain_paired,common,0.14393939393939395,5.62110506729286
from_ipod,plain_paired,common,0.15151515151515152,5.577193658193413
from_ipod,plain_paired,common,0.1590909090909091,5.792765492006912
from_ipod,plain_paired,common,0.16666666666666666,5.796240265730607
from_ipod,plain_paired,common,0.17424242424242425,5.70850459115206
from_ipod,plain_paired,common,0.18181818181818182,5.744840770569383
from_ipod,plain_paired,common,0.1893939393939394,5.682231887953016
from_ipod,plain_paired,common,0.19696969696969696,5.579581649269163
from_ipod,plain_paired,common,0.20454545454545456,5.573561073012347
from_ipod,plain_paired,common,0.21212121212121213,5.585160126248375
from_ipod,plain_paired,common,0.2196969696969697,5.625790941752144
from_ipod,plain_paired,common,0.22727272727272727,5.660601356485984
from_ipod,plain_paired,common,0.23484848484848486,5.864055268837497
from_ipod,plain_paired,common,0.24242424242424243,5.8664881716108015
from_ipod,plain_paired,common,0.25,5.909012216633232
from_ipod,plain_paired,common,0.25757575757575757,5.895271450101299
from_ipod,plain_paired,common,0.26515151515151514,5.894461546115417
from_ipod,plain_paired,common,0.2727272727272727,5.901918120310033
from_ipod,plain_paired,common,0.2803030303030303,6.0067307403925865
from_ipod,plain_paired,common,0.2878787878787879,5.983864265526851
from_ipod,plain_paired,common,0.29545454545454547,6.031853560725131
from_ipod,plain_paired,common,0.30303030303030304,5.936059684076704
from_ipod,plain_paired,common,0.3106060606060606,5.958322924805927
from_ipod,plain_paired,common,0.3181818181818182,5.982316228813265
from_ipod,plain_paired,common,0.32575757575757575,5.972381801039965
from_ipod,plain_paired,common,0.3333333333333333,5.98753001883147
from_ipod,plain_paired,common,0.3409090909090909,5.941958949731952
from_ipod,plain_paired,common,0.3484848484848485,5.9445106982454385
from_ipod,plain_paired,common,0.3560606060606061,5.89430036312062
from_ipod,plain_paired,common,0.36363636363636365,5.922276741481405
from_ipod,plain_paired,common,0.3712121212121212,5.941229765882066
from_ipod,plain_paired,common,0.3787878787878788,5.944370531336522
from_ipod,plain_paired,common,0.38636363636363635,5.8836957380863515
from_ipod,plain_paired,common,0.3939393939393939,5.852963194839108
from_ipod,plain_paired,common,0.4015151515151515,5.95280965569732
from_ipod,plain_paired,common,0.4090909090909091,5.995739920258923
from_ipod,plain_paired,common,0.4166666666666667,5.9891570359603925
from_ipod,plain_paired,common,0.42424242424242425,6.075187997367681
from_ipod,plain_paired,common,0.4318181818181818,6.082606996749367
from_ipod,plain_paired,common,0.4393939393939394,6.191630624293317
from_ipod,plain_paired,common,0.44696969696969696,6.2322853558123805
from_ipod,plain_paired,common,0.45454545454545453,6.2476313756341435
from_ipod,plain_paired,common,0.4621212121212121,6.264860167052871
from_ipod,plain_paired,common,0.4696969696969697,6.239480784658999
from_ipod,plain_paired,common,0.4772727272727273,6.240927259200085
from_ipod,plain_paired,common,0.48484848484848486,6.239253901187421
from_ipod,plain_paired,common,0.49242424242424243,6.262884092046929
from_ipod,plain_paired,common,0.5,6.2429729675014265
from_ipod,plain_paired,common,0.5075757575757576,6.203982873083757
from_ipod,plain_paired,common,0.5151515151515151,6.196504097476585
from_ipod,plain_paired,common,0.5227272727272727,6.22048190571718
from_ipod,plain_paired,common,0.5303030303030303,6.184618301195976
from_ipod,plain_paired,common,0.5378787878787878,6.189653107350295
from_ipod,plain_paired,common,0.5454545454545454,6.232832371270978
from_ipod,plain_paired,common,0.553030303030303,6.2084517924791855
from_ipod,plain_paired,common,0.5606060606060606,6.230017616621647
from_ipod,plain_paired,common,0.5681818181818182,6.292913275646857
from_ipod,plain_paired,common,0.5757575757575758,6.238003157586959
from_ipod,plain_paired,common,0.5833333333333334,6.1839083019715275
from_ipod,plain_paired,common,0.5909090909090909,6.1904204520803665
from_ipod,plain_paired,common,0.5984848484848485,6.185576839411553
from_ipod,plain_paired,common,0.6060606060606061,6.173433299689196
from_ipod,plain_paired,common,0.6136363636363636,6.174981320136486
from_ipod,plain_paired,common,0.6212121212121212,6.166890179475238
from_ipod,plain_paired,common,0.6287878787878788,6.1919589187262725
from_ipod,plain_paired,common,0.6363636363636364,6.204433251106852
from_ipod,plain_paired,common,0.6439393939393939,6.208638232912759
from_ipod,plain_paired,common,0.6515151515151515,6.21989884737128
from_ipod,plain_paired,common,0.6590909090909091,6.224888230676114
from_ipod,plain_paired,common,0.6666666666666666,6.236999760340523
from_ipod,plain_paired,common,0.6742424242424242,6.242423866281148
from_ipod,plain_paired,common,0.6818181818181818,6.229147211227242
from_ipod,plain_paired,common,0.6893939393939394,6.24505359105429
from_ipod,plain_paired,common,0.696969696969697,6.263625317102277
from_ipod,plain_paired,common,0.7045454545454546,6.254522621943587
from_ipod,plain_paired,common,0.7121212121212122,6.246120778627305
from_ipod,plain_paired,common,0.7196969696969697,6.266686079313004
from_ipod,plain_paired,common,0.7272727272727273,6.272523388737842
from_ipod,plain_paired,common,0.7348484848484849,6.334472863983308
from_ipod,plain_paired,common,0.7424242424242424,6.3341411224532935
from_ipod,plain_paired,common,0.75,6.312899071578724
from_ipod,plain_paired,common,0.7575757575757576,6.3071372642432335
from_ipod,plain_paired,common,0.7651515151515151,6.296791138498935
from_ipod,plain_paired,common,0.7727272727272727,6.284527391033682
from_ipod,plain_paired,common,0.7803030303030303,6.2833082368282165
from_ipod,plain_paired,common,0.7878787878787878,6.2665156278462915
from_ipod,plain_paired,common,0.7954545454545454,6.278398102963806
from_ipod,plain_paired,common,0.803030303030303,6.241017150679526
from_ipod,plain_paired,common,0.8106060606060606,6.241638061697006
from_ipod,plain_paired,common,0.8181818181818182,6.248528098753373
from_ipod,plain_paired,common,0.8257575757575758,6.2330912635227165
from_ipod,plain_paired,common,0.8333333333333334,6.20433380899366
from_ipod,plain_paired,common,0.8409090909090909,6.180706001743076
from_ipod,plain_paired,common,0.8484848484848485,6.148227931930954
from_ipod,plain_paired,common,0.8560606060606061,6.15072133257701
from_ipod,plain_paired,common,0.8636363636363636,6.145652318175906
from_ipod,plain_paired,common,0.8712121212121212,6.122789683502312
from_ipod,plain_paired,common,0.8787878787878788,6.125109805641682
from_ipod,plain_paired,common,0.8863636363636364,6.1014261341417155
from_ipod,plain_paired,common,0.8939393939393939,6.105573027119097
from_ipod,plain_paired,common,0.9015151515151515,6.090514225639637
from_ipod,plain_paired,common,0.9090909090909091,6.054148483190666
from_ipod,plain_paired,common,0.9166666666666666,6.026142229113099
from_ipod,plain_paired,common,0.9242424242424242,6.005381487603241
from_ipod,plain_paired,common,0.9318181818181818,5.980454140634516
from_ipod,plain_paired,common,0.9393939393939394,5.957197435772774
from_ipod,plain_paired,common,0.946969696969697,5.9276545720949585
from_ipod,plain_paired,common,0.9545454545454546,5.909156438729816
from_ipod,plain_paired,common,0.9621212121212122,5.9176930598654645
from_ipod,plain_paired,common,0.9696969696969697,5.909879994595826
from_ipod,plain_paired,common,0.9772727272727273,5.883814563209623
from_ipod,plain_paired,common,0.9848484848484849,5.857594486864943
from_ipod,plain_paired,common,0.9924242424242424,5.8492548927270205
from_ipod,plain_paired,common,1.0,5.833076008938718
from_ipod,plain_raw,common,0.007575757575757576,8.199722341031814
from_ipod,plain_raw,common,0.015151515151515152,9.540357621357117
from_ipod,plain_raw,common,0.022727272727272728,8.233294595071117
from_ipod,plain_raw,common,0.030303030303030304,7.275605191138979
from_ipod,plain_raw,common,0.03787878787878788,6.2958538829408655
from_ipod,plain_raw,common,0.045454545454545456,6.577141881703536
from_ipod,plain_raw,common,0.05303030303030303,6.9281539905154235
from_ipod,plain_raw,common,0.06060606060606061,6.963905861347032
from_ipod,plain_raw,common,0.06818181818181818,6.5258357911666325
from_ipod,plain_raw,common,0.07575757575757576,6.791166409241114
from_ipod,plain_raw,common,0.08333333333333333,6.706309602673777
from_ipod,plain_raw,common,0.09090909090909091,6.682552247984616
from_ipod,plain_raw,common,0.09848484848484848,6.565949550812001
from_ipod,plain_raw,common,0.10606060606060606,6.409958148763857
from_ipod,plain_raw,common,0.11363636363636363,6.307900593751254
from_ipod,plain_raw,common,0.12121212121212122,6.176914476433286
from_ipod,plain_raw,common,0.12878787878787878,6.157574047930049
from_ipod,plain_raw,common,0.13636363636363635,5.921910085563511
from_ipod,plain_raw,common,0.14393939393939395,6.032693108836628
from_ipod,plain_raw,common,0.15151515151515152,5.999197655425267
from_ipod,plain_raw,common,0.1590909090909091,6.222062321659706
from_ipod,plain_raw,common,0.16666666666666666,6.204823811408624
from_ipod,plain_raw,common,0.17424242424242425,6.109791932347437
from_ipod,plain_raw,common,0.18181818181818182,6.1584484366461245
from_ipod,plain_raw,common,0.1893939393939394,6.0999973469554485
from_ipod,plain_raw,common,0.19696969696969696,6.00201895467066
from_ipod,plain_raw,common,0.20454545454545456,6.001618196021124
from_ipod,plain_raw,common,0.21212121212121213,6.008484037570915
from_ipod,plain_raw,common,0.2196969696969697,6.05992170441633
from_ipod,plain_raw,common,0.22727272727272727,6.1068855403067985
from_ipod,plain_raw,common,0.23484848484848486,6.276386472800972
from_ipod,plain_raw,common,0.24242424242424243,6.279178938355559
from_ipod,plain_raw,common,0.25,6.334148219491664
from_ipod,plain_raw,common,0.25757575757575757,6.304506684664363
from_ipod,plain_raw,common,0.26515151515151514,6.307398298907721
from_ipod,plain_raw,common,0.2727272727272727,6.321742598958948
from_ipod,plain_raw,common,0.2803030303030303,6.423862909911006
from_ipod,plain_raw,common,0.2878787878787879,6.390156510376463
from_ipod,plain_raw,common,0.29545454545454547,6.435305365361276
from_ipod,plain_raw,common,0.30303030303030304,6.332110421858784
from_ipod,plain_raw,common,0.3106060606060606,6.331210147550949
from_ipod,plain_raw,common,0.3181818181818182,6.338459760380716
from_ipod,plain_raw,common,0.32575757575757575,6.338614499860971
from_ipod,plain_raw,common,0.3333333333333333,6.359993725187838
from_ipod,plain_raw,common,0.3409090909090909,6.319970503426993
from_ipod,plain_raw,common,0.3484848484848485,6.323083218701335
from_ipod,plain_raw,common,0.3560606060606061,6.2743156325298415
from_ipod,plain_raw,common,0.36363636363636365,6.305833830643503
from_ipod,plain_raw,common,0.3712121212121212,6.322511439898669
from_ipod,plain_raw,common,0.3787878787878788,6.327509015813255
from_ipod,plain_raw,common,0.38636363636363635,6.2686323654640725
from_ipod,plain_raw,common,0.3939393939393939,6.23228172909112
from_ipod,plain_raw,common,0.4015151515151515,6.321698015672664
from_ipod,plain_raw,common,0.4090909090909091,6.372721397639627
from_ipod,plain_raw,common,0.4166666666666667,6.361488276485168
from_ipod,plain_raw,common,0.42424242424242425,6.443355775236541
from_ipod,plain_raw,common,0.4318181818181818,6.454584235649617
from_ipod,plain_raw,common,0.4393939393939394,6.563194720181641
from_ipod,plain_raw,common,0.44696969696969696,6.598989877842844
from_ipod,plain_raw,common,0.45454545454545453,6.590573932086865
from_ipod,plain_raw,common,0.4621212121212121,6.609615244276545
from_ipod,plain_raw,common,0.4696969696969697,6.586420326679434
from_ipod,plain_raw,common,0.4772727272727273,6.5919389632294205
from_ipod,plain_raw,common,0.48484848484848486,6.578891688090593
from_ipod,plain_raw,common,0.49242424242424243,6.606255740097237
from_ipod,plain_raw,common,0.5,6.584652234918235
from_ipod,plain_raw,common,0.5075757575757576,6.550734587711992
from_ipod,plain_raw,common,0.5151515151515151,6.544762965042867
from_ipod,plain_raw,common,0.5227272727272727,6.573357409037583
from_ipod,plain_raw,common,0.5303030303030303,6.52993778107643
from_ipod,plain_raw,common,0.5378787878787878,6.524516732278876
from_ipod,plain_raw,common,0.5454545454545454,6.567385586642918
from_ipod,plain_raw,common,0.553030303030303,6.540452471284323
from_ipod,plain_raw,common,0.5606060606060606,6.567495163363443
from_ipod,plain_raw,common,0.5681818181818182,6.638075481117096
from_ipod,plain_raw,common,0.5757575757575758,6.578837164375854
from_ipod,plain_raw,common,0.5833333333333334,6.524888343890308
from_ipod,plain_raw,common,0.5909090909090909,6.528581395273739
from_ipod,plain_raw,common,0.5984848484848485,6.5183030862138835
from_ipod,plain_raw,common,0.6060606060606061,6.509052998736862
from_ipod,plain_raw,common,0.6136363636363636,6.503937542332824
from_ipod,plain_raw,common,0.6212121212121212,6.502316960745612
from_ipod,plain_raw,common,0.6287878787878788,6.529891656201456
from_ipod,plain_raw,common,0.6363636363636364,6.544581929294164
from_ipod,plain_raw,common,0.6439393939393939,6.547102424993482
from_ipod,plain_raw,common,0.6515151515151515,6.552249142892336
from_ipod,plain_raw,common,0.6590909090909091,6.553421331874947
from_ipod,plain_raw,common,0.6666666666666666,6.5662206338031295
from_ipod,plain_raw,common,0.6742424242424242,6.576732362674829
from_ipod,plain_raw,common,0.6818181818181818,6.560129353376271
from_ipod,plain_raw,common,0.6893939393939394,6.577920831634802
from_ipod,plain_raw,common,0.696969696969697,6.5975304741856
from_ipod,plain_raw,common,0.7045454545454546,6.58569662458811
from_ipod,plain_raw,common,0.7121212121212122,6.5775236182453485
from_ipod,plain_raw,common,0.7196969696969697,6.597921157145922
from_ipod,plain_raw,common,0.7272727272727273,6.602144302513344
from_ipod,plain_raw,common,0.7348484848484849,6.668892075756687
from_ipod,plain_raw,common,0.7424242424242424,6.668518585177469
from_ipod,plain_raw,common,0.75,6.646057097234801
from_ipod,plain_raw,common,0.7575757575757576,6.635706477958755
from_ipod,plain_raw,common,0.7651515151515151,6.6248356665778845
from_ipod,plain_raw,common,0.7727272727272727,6.611771705732001
from_ipod,plain_raw,common,0.7803030303030303,6.612020968143291
from_ipod,plain_raw,common,0.7878787878787878,6.59345658825179
from_ipod,plain_raw,common,0.7954545454545454,6.606330554870243
from_ipod,plain_raw,common,0.803030303030303,6.566191588851782
from_ipod,plain_raw,common,0.8106060606060606,6.566192007217768
from_ipod,plain_raw,common,0.8181818181818182,6.570938672149592
from_ipod,plain_raw,common,0.8257575757575758,6.554748069125423
from_ipod,plain_raw,common,0.8333333333333334,6.529567608395678
from_ipod,plain_raw,common,0.8409090909090909,6.503771564434025
from_ipod,plain_raw,common,0.8484848484848485,6.4697176424533565
from_ipod,plain_raw,common,0.8560606060606061,6.471368692183982
from_ipod,plain_raw,common,0.8636363636363636,6.466495002838047
from_ipod,plain_raw,common,0.8712121212121212,6.442418391301396
from_ipod,plain_raw,common,0.8787878787878788,6.4445161796932595
from_ipod,plain_raw,common,0.8863636363636364,6.4180467060506174
from_ipod,plain_raw,common,0.8939393939393939,6.419169622712542
from_ipod,plain_raw,common,0.9015151515151515,6.404261714190706
from_ipod,plain_raw,common,0.9090909090909091,6.366498950576396
from_ipod,plain_raw,common,0.9166666666666666,6.338545735176901
from_ipod,plain_raw,common,0.9242424242424242,6.317418424303553
from_ipod,plain_raw,common,0.9318181818181818,6.292260092690509
from_ipod,plain_raw,common,0.9393939393939394,6.269052878169405
from_ipod,plain_raw,common,0.946969696969697,6.238868338441148
from_ipod,plain_raw,common,0.9545454545454546,6.220531594499714
from_ipod,plain_raw,common,0.9621212121212122,6.229577400424141
from_ipod,plain_raw,common,0.9696969696969697,6.2236502933547415
from_ipod,plain_raw,common,0.9772727272727273,6.196974824771931
from_ipod,plain_raw,common,0.9848484848484849,6.169492172918358
from_ipod,plain_raw,common,0.9924242424242424,6.158912983522996
from_ipod,plain_raw,common,1.0,6.139912942635249
