run,method,domain,n,recovery_mean,reproduction_mean,median,p95,over10,over20,aurc,invalid_n,frozen_source80_coverage,frozen_source80_error,risk100,risk95,risk90,risk80,risk70,risk60
ccv2_direct_large_g0_s17,context,source_regression,462,1.629420319916381,2.137106583003596,1.1723428013281298,7.600618145152134,0.023809523809523808,0.0021645021645021645,1.4282126419359755,0,0.7619047619047619,1.6275743256274517,2.137106583003596,1.9425733862248429,1.8377495299351878,1.6689490801753697,1.506312161542907,1.4696410409236038
ccv2_direct_large_g0_s17,cheap,source_regression,462,1.629420319916381,2.137106583003596,1.1723428013281298,7.600618145152134,0.023809523809523808,0.0021645021645021645,1.30420253923591,0,0.8463203463203464,1.7801836681415026,2.137106583003596,1.9927347711220467,1.8759988489886232,1.7025343259467083,1.576237191553495,1.4005848172395912
ccv2_direct_large_g0_s17,combined,source_regression,462,1.629420319916381,2.137106583003596,1.1723428013281298,7.600618145152134,0.023809523809523808,0.0021645021645021645,1.245832219132138,0,0.854978354978355,1.647739035867354,2.137106583003596,1.9476867433107716,1.7471440979804609,1.5666480768067115,1.4570386424640205,1.3054161771416486
ccv2_direct_large_g0_s17,context,sony30_regression,30,6.519314495696776,7.8215851073854985,6.9302113227032445,18.47646764995317,0.1,0.03333333333333333,8.270525854554023,0,0.3333333333333333,7.935091893265946,7.8215851073854985,7.927160065955446,7.502308374259625,8.054412615088474,8.324644861330741,8.62582370569951
ccv2_direct_large_g0_s17,cheap,sony30_regression,30,6.519314495696776,7.8215851073854985,6.9302113227032445,18.47646764995317,0.1,0.03333333333333333,6.036879115840793,0,0.7333333333333333,6.956628280844393,7.8215851073854985,7.05792245571326,6.9853114442723,7.103739915799653,7.042482411654109,5.8940519421490905
ccv2_direct_large_g0_s17,combined,sony30_regression,30,6.519314495696776,7.8215851073854985,6.9302113227032445,18.47646764995317,0.1,0.03333333333333333,6.282686373662169,0,0.6666666666666666,6.489241106251903,7.8215851073854985,7.775869848845993,6.9853114442723,6.620680785157153,6.369121310987597,6.735806611528086
ccv2_direct_large_g0_s17,context,fresh_all,384,4.688166901728718,5.905982525864633,4.867091664303195,13.254535280518798,0.125,0.0078125,5.666459643431925,0,0.6458333333333334,5.710061993998832,5.905982525864633,5.8995019707790615,5.847352307471946,5.734490175577265,5.815015251651014,5.7323835496308835
ccv2_direct_large_g0_s17,cheap,fresh_all,384,4.688166901728718,5.905982525864633,4.867091664303195,13.254535280518798,0.125,0.0078125,5.712289258137169,0,0.6067708333333334,6.019743708969961,5.905982525864633,5.86055871471849,5.933486098623545,5.9665361710380935,6.082744752497252,5.966581795615373
ccv2_direct_large_g0_s17,combined,fresh_all,384,4.688166901728718,5.905982525864633,4.867091664303195,13.254535280518798,0.125,0.0078125,5.804398131585839,0,0.6067708333333334,5.8966258703517145,5.905982525864633,5.911587608672817,5.885417610328471,5.941077402155289,5.974033394923157,5.906296664195612
ccv2_direct_large_g0_s17,context,fresh_Canon_5DSR,128,3.67443817711938,4.392196091575447,3.9308109052019917,7.9276736308826825,0.03125,0.0078125,4.5453815776227495,0,0.6640625,4.451955268170619,4.392196091575447,4.443284885539618,4.350911643155951,4.39579380528462,4.460131092943404,4.506303949752669
ccv2_direct_large_g0_s17,cheap,fresh_Canon_5DSR,128,3.67443817711938,4.392196091575447,3.9308109052019917,7.9276736308826825,0.03125,0.0078125,3.8173749893957307,0,0.5234375,3.6581720027980826,4.392196091575447,4.124064272419515,4.116178434808422,4.067714541071578,3.934268611477336,3.7221186835102547
ccv2_direct_large_g0_s17,combined,fresh_Canon_5DSR,128,3.67443817711938,4.392196091575447,3.9308109052019917,7.9276736308826825,0.03125,0.0078125,3.903744147226505,0,0.5625,3.738637056384256,4.392196091575447,4.156359321033604,4.148781724115977,3.967894777077069,3.9682098492794906,3.742048933008346
ccv2_direct_large_g0_s17,context,fresh_Nikon_D810,128,4.626239522541216,5.72062341764077,4.055100580041886,14.11322038769826,0.15625,0.0078125,5.119634263569269,0,0.6484375,5.2283030236483965,5.72062341764077,5.79098857920024,5.784304194237886,5.246096603690103,5.337918331152845,5.193013887631689
ccv2_direct_large_g0_s17,cheap,fresh_Nikon_D810,128,4.626239522541216,5.72062341764077,4.055100580041886,14.11322038769826,0.15625,0.0078125,5.665127232796409,0,0.5,5.636667182799945,5.72062341764077,5.8313772302024685,5.746413004381057,5.750388759028354,5.634540372525491,5.6988479642498655
ccv2_direct_large_g0_s17,combined,fresh_Nikon_D810,128,4.626239522541216,5.72062341764077,4.055100580041886,14.11322038769826,0.15625,0.0078125,5.904998017968618,0,0.4765625,5.776675031855619,5.72062341764077,5.803168664865305,5.691680972721261,5.355527188669877,5.567323966085508,5.716219732156767
ccv2_direct_large_g0_s17,context,fresh_Sony_IMX135_BLCCSC,128,5.763823005525559,7.605128068377678,7.216901075235903,15.721352247541292,0.1875,0.0078125,7.503251991456185,0,0.625,7.546625321929886,7.605128068377678,7.494243840458555,7.398461866707831,7.346218287679089,7.66199291650388,7.528740253395949
ccv2_direct_large_g0_s17,cheap,fresh_Sony_IMX135_BLCCSC,128,5.763823005525559,7.605128068377678,7.216901075235903,15.721352247541292,0.1875,0.0078125,6.858616767452537,0,0.796875,7.811333924542478,7.605128068377678,7.757354409771347,7.736656080538238,7.811333924542478,7.3689371858201484,7.000576889711755
ccv2_direct_large_g0_s17,combined,fresh_Sony_IMX135_BLCCSC,128,5.763823005525559,7.605128068377678,7.216901075235903,15.721352247541292,0.1875,0.0078125,6.90675636074606,0,0.78125,7.523547827890905,7.605128068377678,7.757791339104081,7.762914936318776,7.5592247670491295,7.205775435304414,7.0423388805985105
ccv2_direct_large_g0_s29,context,source_regression,462,1.7589512622670191,2.3010576205352486,1.3164480543183563,8.535442801013634,0.02813852813852814,0.0021645021645021645,1.6614211908537753,0,0.7402597402597403,1.9174748768321364,2.3010576205352486,2.240789866238096,2.1874655480330545,1.9875600085854346,1.8428893876014112,1.723062661827837
ccv2_direct_large_g0_s29,cheap,source_regression,462,1.7589512622670191,2.3010576205352486,1.3164480543183563,8.535442801013634,0.02813852813852814,0.0021645021645021645,1.3111497505059262,0,0.9112554112554112,1.9605921553085455,2.3010576205352486,2.0906311401859314,1.93164785581976,1.6573833428114706,1.5011810489418358,1.3515236546653966
ccv2_direct_large_g0_s29,combined,source_regression,462,1.7589512622670191,2.3010576205352486,1.3164480543183563,8.535442801013634,0.02813852813852814,0.0021645021645021645,1.3268725785460351,0,0.9047619047619048,1.9950185044606608,2.3010576205352486,2.1051641338588305,1.9770662308881635,1.6873576925484135,1.5443427492889343,1.4704579498727168
ccv2_direct_large_g0_s29,context,sony30_regression,30,5.323736283652361,6.192476900848184,5.729063869577757,13.275131074720512,0.06666666666666667,0.0,6.952596621635318,0,0.5666666666666667,6.156411211428461,6.192476900848184,6.352014531241047,6.245981830300166,6.366276036867441,6.635262758795531,6.882982519595596
ccv2_direct_large_g0_s29,cheap,sony30_regression,30,5.323736283652361,6.192476900848184,5.729063869577757,13.275131074720512,0.06666666666666667,0.0,5.547588837716069,0,0.5666666666666667,6.157174725728637,6.192476900848184,6.246783042766414,5.765749275519361,5.805573263999052,5.88762058308053,6.174906197758463
ccv2_direct_large_g0_s29,combined,sony30_regression,30,5.323736283652361,6.192476900848184,5.729063869577757,13.275131074720512,0.06666666666666667,0.0,5.819250742389584,0,0.5,5.910148396548587,6.192476900848184,6.246783042766414,6.18184111141922,5.856185025145059,5.724183296972524,6.174906197758463
ccv2_direct_large_g0_s29,context,fresh_all,384,4.289096992947629,5.1743760983199705,4.180198322996146,10.95575570199234,0.06770833333333333,0.0078125,5.228837252413076,0,0.5494791666666666,5.218440301604638,5.1743760983199705,5.249287858387902,5.295996219938194,5.266968355435324,5.267164502252838,5.3539424942201155
ccv2_direct_large_g0_s29,cheap,fresh_all,384,4.289096992947629,5.1743760983199705,4.180198322996146,10.95575570199234,0.06770833333333333,0.0078125,4.794831960175702,0,0.6067708333333334,5.072909186289014,5.1743760983199705,5.165162256133698,5.178918921161454,5.134533816071685,5.051949391987025,5.10240532226774
ccv2_direct_large_g0_s29,combined,fresh_all,384,4.289096992947629,5.1743760983199705,4.180198322996146,10.95575570199234,0.06770833333333333,0.0078125,4.943065170288414,0,0.5807291666666666,5.0104703232280094,5.1743760983199705,5.072980714338286,5.0792562943967265,5.117319828958176,5.095024448202709,5.017456822309084
ccv2_direct_large_g0_s29,context,fresh_Canon_5DSR,128,3.6873602694187673,4.489323742417353,3.6407881143780396,8.899018134884061,0.015625,0.0078125,4.428798631147975,0,0.625,4.543413759785105,4.489323742417353,4.448323731366156,4.4630937186045845,4.39792971657536,4.546476576931907,4.452598440427508
ccv2_direct_large_g0_s29,cheap,fresh_Canon_5DSR,128,3.6873602694187673,4.489323742417353,3.6407881143780396,8.899018134884061,0.015625,0.0078125,3.73472926735161,0,0.6796875,3.97946928273549,4.489323742417353,4.354988117615077,4.326407833913321,4.0659098276865295,4.013651293531149,3.9636894499532644
ccv2_direct_large_g0_s29,combined,fresh_Canon_5DSR,128,3.6873602694187673,4.489323742417353,3.6407881143780396,8.899018134884061,0.015625,0.0078125,3.774917606532867,0,0.671875,4.006449819834642,4.489323742417353,4.158011722217045,4.043041340806644,3.9753970660497258,4.022161410325504,4.005397727774603
ccv2_direct_large_g0_s29,context,fresh_Nikon_D810,128,4.143792389700234,4.711279834641606,3.432588183969348,11.204597737485823,0.0859375,0.0078125,5.054570452826924,0,0.421875,4.768251046174277,4.711279834641606,4.761325936956104,4.825801615418426,4.933192085803143,4.948275672171285,5.002633307575144
ccv2_direct_large_g0_s29,cheap,fresh_Nikon_D810,128,4.143792389700234,4.711279834641606,3.432588183969348,11.204597737485823,0.0859375,0.0078125,4.440419572726899,0,0.390625,4.61091837055738,4.711279834641606,4.696209314850894,4.73145804587104,4.721852728279671,4.702682895807239,4.290447538450229
ccv2_direct_large_g0_s29,combined,fresh_Nikon_D810,128,4.143792389700234,4.711279834641606,3.432588183969348,11.204597737485823,0.0859375,0.0078125,4.4972555891229415,0,0.3203125,4.638555051094604,4.711279834641606,4.7170035441003035,4.646943547391784,4.68524371533787,4.487877972086025,4.4559319971823905
ccv2_direct_large_g0_s29,context,fresh_Sony_IMX135_BLCCSC,128,5.036138319723885,6.322524717900953,5.5856330565733785,12.434677926061626,0.1015625,0.0078125,6.283913346588475,0,0.6015625,6.235483718991677,6.322524717900953,6.494231837521544,6.46164352789831,6.427693494378851,6.437776022189743,6.211990133723878
ccv2_direct_large_g0_s29,cheap,fresh_Sony_IMX135_BLCCSC,128,5.036138319723885,6.322524717900953,5.5856330565733785,12.434677926061626,0.1015625,0.0078125,6.092788882562248,0,0.75,6.304459315411286,6.322524717900953,6.387184160541577,6.321675904558676,6.315369611422604,6.292006907159243,5.903345251498914
ccv2_direct_large_g0_s29,combined,fresh_Sony_IMX135_BLCCSC,128,5.036138319723885,6.322524717900953,5.5856330565733785,12.434677926061626,0.1015625,0.0078125,6.038499878445803,0,0.75,6.068744171658211,6.322524717900953,6.37234695946985,6.380953454261625,6.2918414677973225,6.062308668019483,6.010482704321885
ccv2_direct_large_g0_s43,context,source_regression,462,1.625632721810035,2.149292262550882,1.1795083920983855,8.14332667991885,0.021645021645021644,0.0021645021645021645,1.4011596365335883,0,0.7316017316017316,1.5291611318966463,2.149292262550882,2.0072990332469867,1.8311987004841148,1.6859951119469025,1.480872734538138,1.3816431993053364
ccv2_direct_large_g0_s43,cheap,source_regression,462,1.625632721810035,2.149292262550882,1.1795083920983855,8.14332667991885,0.021645021645021644,0.0021645021645021645,1.2795132185995566,0,0.8593073593073594,1.8098110629275421,2.149292262550882,1.9063603307374395,1.8462653175027006,1.7308440292778269,1.6044526682065487,1.3475893729789943
ccv2_direct_large_g0_s43,combined,source_regression,462,1.625632721810035,2.149292262550882,1.1795083920983855,8.14332667991885,0.021645021645021644,0.0021645021645021645,1.2839880182707868,0,0.8354978354978355,1.7376345328553395,2.149292262550882,1.972769307647644,1.8673984483805548,1.6239355130049968,1.5208258829243773,1.425040127641622
ccv2_direct_large_g0_s43,context,sony30_regression,30,6.006771919671508,7.380490570839754,6.379392724189936,18.4005222218428,0.1,0.06666666666666667,6.442046174314783,0,0.5333333333333333,5.312559355417008,7.380490570839754,6.591282022526238,6.701138843139611,6.7256921947276735,6.866001736491315,5.521415771871327
ccv2_direct_large_g0_s43,cheap,sony30_regression,30,6.006771919671508,7.380490570839754,6.379392724189936,18.4005222218428,0.1,0.06666666666666667,5.517417362112038,0,0.6,5.517168115754625,7.380490570839754,7.19600143838229,7.1679541843640475,6.300087925951488,5.591121864478297,5.517168115754624
ccv2_direct_large_g0_s43,combined,sony30_regression,30,6.006771919671508,7.380490570839754,6.379392724189936,18.4005222218428,0.1,0.06666666666666667,6.75234970759657,0,0.5,7.407267273870412,7.380490570839754,6.715854497982534,6.670024023949485,6.4035355928168265,6.646372002440502,6.7514381034583755
ccv2_direct_large_g0_s43,context,fresh_all,384,4.626910014831811,5.904596444534955,4.8076101408383405,12.870642689910321,0.11197916666666667,0.015625,6.352558520784584,0,0.6614583333333334,5.835237131219838,5.904596444534955,5.968515587288816,5.984430278811869,5.800728284377032,5.803100930473331,5.845585454006173
ccv2_direct_large_g0_s43,cheap,fresh_all,384,4.626910014831811,5.904596444534955,4.8076101408383405,12.870642689910321,0.11197916666666667,0.015625,5.436806702290127,0,0.6223958333333334,5.655179385210814,5.904596444534955,5.748021244798682,5.721584022326731,5.788168750384943,5.69458632162798,5.643153925805265
ccv2_direct_large_g0_s43,combined,fresh_all,384,4.626910014831811,5.904596444534955,4.8076101408383405,12.870642689910321,0.11197916666666667,0.015625,5.937822717903302,0,0.6171875,5.713596270096276,5.904596444534955,5.740368178191685,5.747421036861484,5.6147211200930585,5.735719469217257,5.716010392174602
ccv2_direct_large_g0_s43,context,fresh_Canon_5DSR,128,4.038179784903157,4.790247532917448,3.988564583229877,10.179905923490757,0.0546875,0.0234375,5.084055803284956,0,0.578125,4.599360224264347,4.790247532917448,4.925306704589296,4.954238677253586,4.781621230731624,4.419255124920989,4.541359273400987
ccv2_direct_large_g0_s43,cheap,fresh_Canon_5DSR,128,4.038179784903157,4.790247532917448,3.988564583229877,10.179905923490757,0.0546875,0.0234375,3.901481587104288,0,0.5625,3.9349067398778548,4.790247532917448,4.447382080825544,4.2495876706329145,4.209092613259195,4.3024740288130445,4.067311877000429
ccv2_direct_large_g0_s43,combined,fresh_Canon_5DSR,128,4.038179784903157,4.790247532917448,3.988564583229877,10.179905923490757,0.0546875,0.0234375,4.031766626690352,0,0.5078125,4.039810199977372,4.790247532917448,4.3560483892854345,4.3135502729051165,4.182056988589397,3.8844180765249843,3.98613865606695
ccv2_direct_large_g0_s43,context,fresh_Nikon_D810,128,4.43731519422213,5.73708596980353,4.431938922068301,12.60017904392507,0.1328125,0.0078125,5.991971901951009,0,0.6640625,5.2803609222633785,5.73708596980353,5.663057876104709,5.664396939073009,5.310421304650138,5.279839926629588,5.147011858211989
ccv2_direct_large_g0_s43,cheap,fresh_Nikon_D810,128,4.43731519422213,5.73708596980353,4.431938922068301,12.60017904392507,0.1328125,0.0078125,5.147971635593638,0,0.53125,5.356595714041968,5.73708596980353,5.71431771769962,5.626678986998038,5.381538687553579,5.598190302185654,5.484434821501913
ccv2_direct_large_g0_s43,combined,fresh_Nikon_D810,128,4.43731519422213,5.73708596980353,4.431938922068301,12.60017904392507,0.1328125,0.0078125,5.381116967712852,0,0.5859375,5.478314767551795,5.73708596980353,5.748003990176367,5.632347617657837,5.5747887532268265,5.439379993786198,5.5748794380898685
ccv2_direct_large_g0_s43,context,fresh_Sony_IMX135_BLCCSC,128,5.405235065370146,7.186455830883884,6.5174505991366,13.379429789759746,0.1484375,0.015625,7.599309639001656,0,0.7421875,7.294388382546207,7.186455830883884,7.1898475342244605,7.22904448480876,7.220448271585995,7.248278406560766,7.273982543683062
ccv2_direct_large_g0_s43,cheap,fresh_Sony_IMX135_BLCCSC,128,5.405235065370146,7.186455830883884,6.5174505991366,13.379429789759746,0.1484375,0.015625,6.591961560743604,0,0.7734375,7.111374537770961,7.186455830883884,7.124424913652954,7.136973964360856,7.0600733406109635,7.09004250962149,6.744802675176828
ccv2_direct_large_g0_s43,combined,fresh_Sony_IMX135_BLCCSC,128,5.405235065370146,7.186455830883884,6.5174505991366,13.379429789759746,0.1484375,0.015625,7.1307740941837,0,0.7578125,7.017124179875298,7.186455830883884,7.043782377126424,7.133143511633386,7.071318650505208,7.105744791416875,7.2161176930671
ccv2_direct_small_g0.7_s17,context,source_regression,462,2.53114330001385,3.1684274075165693,2.118650682242431,9.162208897704842,0.0367965367965368,0.0021645021645021645,2.419657459322796,0,0.7619047619047619,2.6724538463301197,3.1684274075165693,2.916118885509646,2.8575314752936,2.7235750216947507,2.6137289006639977,2.526469915456969
ccv2_direct_small_g0.7_s17,cheap,source_regression,462,2.53114330001385,3.1684274075165693,2.118650682242431,9.162208897704842,0.0367965367965368,0.0021645021645021645,2.427604817683602,0,0.7467532467532467,2.8372407431433695,3.1684274075165693,3.060481699215407,3.0132014562974785,2.917710500592983,2.8035302555306614,2.6772702337931356
ccv2_direct_small_g0.7_s17,combined,source_regression,462,2.53114330001385,3.1684274075165693,2.118650682242431,9.162208897704842,0.0367965367965368,0.0021645021645021645,2.2890499486835334,0,0.7424242424242424,2.809791686038551,3.1684274075165693,3.055139093357267,2.9586246081818044,2.8529006865496123,2.652812581399464,2.367580550295733
ccv2_direct_small_g0.7_s17,context,sony30_regression,30,4.136840576392641,5.083754802156888,4.187620677085676,11.401914342946533,0.1,0.0,4.265353787912132,0,0.36666666666666664,3.5798802318827687,5.083754802156888,4.631975256169068,4.586033095073996,4.347303210723637,4.5117936133920455,4.28920041750422
ccv2_direct_small_g0.7_s17,cheap,sony30_regression,30,4.136840576392641,5.083754802156888,4.187620677085676,11.401914342946533,0.1,0.0,4.274402802998954,0,0.8,4.577012698652092,5.083754802156888,4.920631196617349,4.569077050723457,4.577012698652092,4.380253685083577,4.5963356553510595
ccv2_direct_small_g0.7_s17,combined,sony30_regression,30,4.136840576392641,5.083754802156888,4.187620677085676,11.401914342946533,0.1,0.0,4.772207424778744,0,0.7333333333333333,4.8137584945019265,5.083754802156888,5.044663920515096,5.007288007997469,4.946389475115943,4.880869848231365,4.668786001991589
ccv2_direct_small_g0.7_s17,context,fresh_all,384,4.608667892488369,5.388236509826476,4.533709575282135,12.751152545650479,0.125,0.010416666666666666,5.171555108076138,0,0.4817708333333333,5.004671245234077,5.388236509826476,5.117001350096666,5.019740576911837,4.998328301898536,4.918851546616618,4.909763067228965
ccv2_direct_small_g0.7_s17,cheap,fresh_all,384,4.608667892488369,5.388236509826476,4.533709575282135,12.751152545650479,0.125,0.010416666666666666,4.419038583409145,0,0.734375,5.070493875686272,5.388236509826476,5.2773984893378065,5.257189070689781,5.002602372221842,4.978393713919354,4.686374342067877
ccv2_direct_small_g0.7_s17,combined,fresh_all,384,4.608667892488369,5.388236509826476,4.533709575282135,12.751152545650479,0.125,0.010416666666666666,4.32972704239423,0,0.7552083333333334,4.796443867296527,5.388236509826476,5.182778539335675,5.1062712051473325,4.929930262844707,4.616325818970554,4.475394212479237
ccv2_direct_small_g0.7_s17,context,fresh_Canon_5DSR,128,4.894284618667823,5.888946618592928,5.469464946608911,12.188402903118444,0.125,0.0078125,5.533377915764975,0,0.8125,5.582354684046186,5.888946618592928,5.648445052261979,5.496286059165275,5.58050998035766,5.522036914874253,5.703736311618166
ccv2_direct_small_g0.7_s17,cheap,fresh_Canon_5DSR,128,4.894284618667823,5.888946618592928,5.469464946608911,12.188402903118444,0.125,0.0078125,5.113244580702142,0,0.7578125,5.664108057613047,5.888946618592928,5.889090673119604,5.804943305375638,5.566956715191593,5.425921648529827,5.150706031509404
ccv2_direct_small_g0.7_s17,combined,fresh_Canon_5DSR,128,4.894284618667823,5.888946618592928,5.469464946608911,12.188402903118444,0.125,0.0078125,5.010796916569908,0,0.75,5.334651273339646,5.888946618592928,5.708060278913319,5.689027223922164,5.495594642077295,5.185050628472683,5.256391978367879
ccv2_direct_small_g0.7_s17,context,fresh_Nikon_D810,128,4.119436799130396,4.789264616958704,3.9189308923870954,11.172666881558506,0.078125,0.0078125,4.521933468190278,0,0.40625,3.994674337261416,4.789264616958704,4.658247545723433,4.556397440924055,4.236156903959537,4.2496870729662986,4.0888474598275835
ccv2_direct_small_g0.7_s17,cheap,fresh_Nikon_D810,128,4.119436799130396,4.789264616958704,3.9189308923870954,11.172666881558506,0.078125,0.0078125,3.960878764514281,0,0.828125,4.71716890700835,4.789264616958704,4.693411561510888,4.675609969656772,4.74871591977782,4.313251981608736,4.221650909127137
ccv2_direct_small_g0.7_s17,combined,fresh_Nikon_D810,128,4.119436799130396,4.789264616958704,3.9189308923870954,11.172666881558506,0.078125,0.0078125,3.72262244159141,0,0.875,4.506615757637832,4.789264616958704,4.629758355100837,4.590417682249078,4.239485557185093,4.159943820129537,3.9570976657381367
ccv2_direct_small_g0.7_s17,context,fresh_Sony_IMX135_BLCCSC,128,4.81228225966689,5.486498293927795,4.082696942674705,14.083660862905635,0.171875,0.015625,4.816634417262136,0,0.2265625,4.74400785137611,5.486498293927795,4.988232793937944,4.896896006793762,4.841259715232231,4.858500987085673,4.878147708805704
ccv2_direct_small_g0.7_s17,cheap,fresh_Sony_IMX135_BLCCSC,128,4.81228225966689,5.486498293927795,4.082696942674705,14.083660862905635,0.171875,0.015625,4.25397718938875,0,0.6171875,4.815707433065544,5.486498293927795,5.372334432594708,5.168308116244639,5.195389389729918,4.978311129595749,4.640830628034168
ccv2_direct_small_g0.7_s17,combined,fresh_Sony_IMX135_BLCCSC,128,4.81228225966689,5.486498293927795,4.082696942674705,14.083660862905635,0.171875,0.015625,4.071224428116669,0,0.640625,4.562210175853047,5.486498293927795,5.144877019624691,5.142324128855966,4.898878834367383,4.776416413441433,4.386869103395912
ccv2_direct_small_g0_s17,context,source_regression,462,1.8738139147588548,2.420868294441308,1.4458977785675708,8.596122934392644,0.032467532467532464,0.004329004329004329,1.7370478723152265,0,0.7402597402597403,1.847577237247244,2.420868294441308,2.2315591335609297,2.209727916791676,1.9849271245791036,1.8155226731552423,1.799591986989233
ccv2_direct_small_g0_s17,cheap,source_regression,462,1.8738139147588548,2.420868294441308,1.4458977785675708,8.596122934392644,0.032467532467532464,0.004329004329004329,1.373974909179915,0,0.79004329004329,1.8086123722561709,2.420868294441308,2.211160316680772,2.0143872099425733,1.8090139730612818,1.6597753607882482,1.4933609926938898
ccv2_direct_small_g0_s17,combined,source_regression,462,1.8738139147588548,2.420868294441308,1.4458977785675708,8.596122934392644,0.032467532467532464,0.004329004329004329,1.3586154429357638,0,0.8398268398268398,1.832720942342098,2.420868294441308,2.120206527977566,1.9629216926427033,1.7961927275276084,1.5568094278832565,1.4665960402242608
ccv2_direct_small_g0_s17,context,sony30_regression,30,8.16350506038091,9.88434814889004,6.905244539537497,30.119743064952925,0.3333333333333333,0.13333333333333333,11.626673414240289,0,0.36666666666666664,10.33053218555931,9.88434814889004,10.04234950505929,9.805663542290834,10.312858565424206,9.79948718431271,9.964477663294838
ccv2_direct_small_g0_s17,cheap,sony30_regression,30,8.16350506038091,9.88434814889004,6.905244539537497,30.119743064952925,0.3333333333333333,0.13333333333333333,6.547793400159725,0,0.4666666666666667,5.980702730426908,9.88434814889004,9.098248546231881,9.215504522073864,8.657164635295866,9.206625202701705,7.031596328147966
ccv2_direct_small_g0_s17,combined,sony30_regression,30,8.16350506038091,9.88434814889004,6.905244539537497,30.119743064952925,0.3333333333333333,0.13333333333333333,7.766554623429993,0,0.43333333333333335,7.6474679070488385,9.88434814889004,9.978207913019771,9.599864743709608,8.456134116153931,9.206625202701705,9.483742058342683
ccv2_direct_small_g0_s17,context,fresh_all,384,4.920844936763621,6.288778943386866,5.115719387973391,14.19995042810983,0.14322916666666666,0.018229166666666668,6.151447314151135,0,0.6640625,5.97186401702049,6.288778943386866,6.082682730857485,6.028051463194603,5.95015828664633,6.020446408661799,5.957703556970944
ccv2_direct_small_g0_s17,cheap,fresh_all,384,4.920844936763621,6.288778943386866,5.115719387973391,14.19995042810983,0.14322916666666666,0.018229166666666668,5.504721331830331,0,0.5130208333333334,5.369536573323646,6.288778943386866,6.234206308626063,6.227819269557111,6.1786061269669545,5.99957630052916,5.768507787689693
ccv2_direct_small_g0_s17,combined,fresh_all,384,4.920844936763621,6.288778943386866,5.115719387973391,14.19995042810983,0.14322916666666666,0.018229166666666668,5.763485770343781,0,0.6510416666666666,6.162092669243722,6.288778943386866,6.107361311068912,5.99480704507046,6.1716555358150025,6.159093394105655,6.067003003049483
ccv2_direct_small_g0_s17,context,fresh_Canon_5DSR,128,4.463226881758354,5.240090971699079,4.263739565089647,10.942960088867654,0.078125,0.03125,4.715665276816749,0,0.515625,4.376965123964037,5.240090971699079,4.846426007110845,4.818017670089307,4.631995462641788,4.311777567237466,4.439617603432545
ccv2_direct_small_g0_s17,cheap,fresh_Canon_5DSR,128,4.463226881758354,5.240090971699079,4.263739565089647,10.942960088867654,0.078125,0.03125,4.2269857381776585,0,0.5,4.07212849140903,5.240090971699079,5.046613872980999,4.992137634926016,4.844458219353263,4.3131284868525315,4.038832535118624
ccv2_direct_small_g0_s17,combined,fresh_Canon_5DSR,128,4.463226881758354,5.240090971699079,4.263739565089647,10.942960088867654,0.078125,0.03125,4.154020873388587,0,0.5,4.217259383093245,5.240090971699079,4.7926342615300195,4.549536020749151,4.426904356398065,4.4256807087499315,4.1533129507303626
ccv2_direct_small_g0_s17,context,fresh_Nikon_D810,128,4.540283488520958,6.0045441193541,4.456401467274469,14.723977180486303,0.1640625,0.0078125,4.953798869272703,0,0.7109375,5.154376115118797,6.0045441193541,5.84749630221607,5.6643984588144765,5.534194452722645,5.14004790408705,4.9661507570979015
ccv2_direct_small_g0_s17,cheap,fresh_Nikon_D810,128,4.540283488520958,6.0045441193541,4.456401467274469,14.723977180486303,0.1640625,0.0078125,5.313504366387378,0,0.484375,5.126299213484096,6.0045441193541,5.866654535593655,5.890606573195051,5.995227839209616,5.844362301700157,5.7436801892022515
ccv2_direct_small_g0_s17,combined,fresh_Nikon_D810,128,4.540283488520958,6.0045441193541,4.456401467274469,14.723977180486303,0.1640625,0.0078125,5.190205815531279,0,0.59375,5.622967973672535,6.0045441193541,5.936108935598255,5.743737828097514,5.721857233131624,5.984276028305264,5.622967973672535
ccv2_direct_small_g0_s17,context,fresh_Sony_IMX135_BLCCSC,128,5.759024440011553,7.621701739107417,7.00224218984483,15.210803022318203,0.1875,0.015625,7.5227907843561255,0,0.765625,7.805075506967227,7.621701739107417,7.50197754908195,7.54333833812844,7.709966453483188,7.772894071169591,7.748793521715217
ccv2_direct_small_g0_s17,cheap,fresh_Sony_IMX135_BLCCSC,128,5.759024440011553,7.621701739107417,7.00224218984483,15.210803022318203,0.1875,0.015625,6.705564708286271,0,0.5546875,6.751435637444599,7.621701739107417,7.68225386246117,7.68448725143303,7.388927928611281,7.172005308570123,6.7906182346738975
ccv2_direct_small_g0_s17,combined,fresh_Sony_IMX135_BLCCSC,128,5.759024440011553,7.621701739107417,7.00224218984483,15.210803022318203,0.1875,0.015625,6.6969145625694475,0,0.859375,7.666118189035001,7.621701739107417,7.712786356642982,7.709487441093853,7.436786793614424,7.243134541595702,7.134843242696574
ccv2_direct_small_g0_s29,context,source_regression,462,1.689349649017286,2.379321325976833,1.2404797181196754,8.718876477647049,0.0367965367965368,0.006493506493506494,1.621303985839358,0,0.7445887445887446,1.678824042260582,2.379321325976833,2.0040571717070703,1.8552583659719306,1.6712416672969355,1.6952280437712288,1.6332103153104793
ccv2_direct_small_g0_s29,cheap,source_regression,462,1.689349649017286,2.379321325976833,1.2404797181196754,8.718876477647049,0.0367965367965368,0.006493506493506494,1.263078797947412,0,0.8787878787878788,1.7497437703939855,2.379321325976833,2.061387188364151,1.8404249942271438,1.6710969849647557,1.4837239287038035,1.3969448130741329
ccv2_direct_small_g0_s29,combined,source_regression,462,1.689349649017286,2.379321325976833,1.2404797181196754,8.718876477647049,0.0367965367965368,0.006493506493506494,1.274567047039756,0,0.8528138528138528,1.6739556480828293,2.379321325976833,1.9977967091451099,1.78356761694882,1.618534718983974,1.4969087607671696,1.4798732557465664
ccv2_direct_small_g0_s29,context,sony30_regression,30,5.735342509288097,6.951221666893862,5.5673881748600955,17.579181679345425,0.06666666666666667,0.06666666666666667,6.761275699845811,0,0.5666666666666667,7.271890120452076,6.951221666893862,7.218976567664953,7.218701104274486,7.618269048267856,8.005709926433163,7.3411083061164355
ccv2_direct_small_g0_s29,cheap,sony30_regression,30,5.735342509288097,6.951221666893862,5.5673881748600955,17.579181679345425,0.06666666666666667,0.06666666666666667,7.164254564040615,0,0.5666666666666667,7.7079972818236415,6.951221666893862,7.157199429496337,7.311506372039741,7.711751317408179,8.228600840302995,7.495295094331002
ccv2_direct_small_g0_s29,combined,sony30_regression,30,5.735342509288097,6.951221666893862,5.5673881748600955,17.579181679345425,0.06666666666666667,0.06666666666666667,7.4753256378450175,0,0.5333333333333333,7.935138101015949,6.951221666893862,7.1459028181561175,7.212113030388959,7.711751317408179,8.228600840302995,8.93215755446216
ccv2_direct_small_g0_s29,context,fresh_all,384,4.4603993409694205,5.620567134105607,4.507759842319106,12.425786128919626,0.09375,0.0078125,5.1880718144487314,0,0.7005208333333334,5.400843773892358,5.620567134105607,5.563001520846159,5.53935846478351,5.4743991399817284,5.409126076067054,5.468421302857843
ccv2_direct_small_g0_s29,cheap,fresh_all,384,4.4603993409694205,5.620567134105607,4.507759842319106,12.425786128919626,0.09375,0.0078125,5.388561564025196,0,0.6302083333333334,5.4998137755756185,5.620567134105607,5.511663596141098,5.521078903940978,5.430813867588979,5.456262084158017,5.522162749126752
ccv2_direct_small_g0_s29,combined,fresh_all,384,4.4603993409694205,5.620567134105607,4.507759842319106,12.425786128919626,0.09375,0.0078125,5.356224374469588,0,0.6640625,5.387193649050718,5.620567134105607,5.536554808034693,5.526226238376506,5.397381848555795,5.366217644218849,5.44478026389538
ccv2_direct_small_g0_s29,context,fresh_Canon_5DSR,128,3.7687328073576207,4.453107549190468,3.831915020157134,8.445199336361979,0.0390625,0.0078125,4.156588346613853,0,0.6171875,4.045392614484987,4.453107549190468,4.350887322896041,4.2389294518535925,4.337011600871036,4.043755273816568,4.05525710980813
ccv2_direct_small_g0_s29,cheap,fresh_Canon_5DSR,128,3.7687328073576207,4.453107549190468,3.831915020157134,8.445199336361979,0.0390625,0.0078125,3.593406860132382,0,0.5625,3.565175487927599,4.453107549190468,4.193260300846775,4.208076131838721,3.9885088596525886,3.8230672263500884,3.6718955739392407
ccv2_direct_small_g0_s29,combined,fresh_Canon_5DSR,128,3.7687328073576207,4.453107549190468,3.831915020157134,8.445199336361979,0.0390625,0.0078125,3.5548993401011226,0,0.6015625,3.538094536482934,4.453107549190468,4.156859235594223,4.11642842374156,3.7666157601022427,3.6356004733303444,3.510448729293929
ccv2_direct_small_g0_s29,context,fresh_Nikon_D810,128,4.371880155418324,5.540800691893249,3.984541962884964,13.21182890876832,0.1015625,0.0078125,5.001260906525346,0,0.7109375,5.192796395434559,5.540800691893249,5.551560256361774,5.453424750218847,5.155467145941104,5.22853744153524,5.13489290745384
ccv2_direct_small_g0_s29,cheap,fresh_Nikon_D810,128,4.371880155418324,5.540800691893249,3.984541962884964,13.21182890876832,0.1015625,0.0078125,5.210658019431209,0,0.4921875,5.320923464071778,5.540800691893249,5.554619612127775,5.38938509855402,5.328535666173942,5.160647806822149,5.173109405866114
ccv2_direct_small_g0_s29,combined,fresh_Nikon_D810,128,4.371880155418324,5.540800691893249,3.984541962884964,13.21182890876832,0.1015625,0.0078125,5.089554137097396,0,0.5703125,5.2716408722892245,5.540800691893249,5.50371395137103,5.3744573478787165,5.3296200500333235,5.267569057470888,5.229101398903971
ccv2_direct_small_g0_s29,context,fresh_Sony_IMX135_BLCCSC,128,5.240585060132316,6.867793161233104,6.212776009850616,12.756359179456739,0.140625,0.0078125,6.23131244219976,0,0.7734375,6.6737018853352055,6.867793161233104,6.8032945332703925,6.79878766547412,6.836004473952213,6.701265063996263,6.534839197158771
ccv2_direct_small_g0_s29,cheap,fresh_Sony_IMX135_BLCCSC,128,5.240585060132316,6.867793161233104,6.212776009850616,12.756359179456739,0.140625,0.0078125,6.564478949734037,0,0.8359375,6.9069543955326225,6.867793161233104,6.978742481205012,6.832832062106512,6.954593266869504,6.970069558764428,6.956721174270537
ccv2_direct_small_g0_s29,combined,fresh_Sony_IMX135_BLCCSC,128,5.240585060132316,6.867793161233104,6.212776009850616,12.756359179456739,0.140625,0.0078125,6.5484388171180505,0,0.8203125,6.823536357348892,6.867793161233104,6.91289129502573,6.907402078867909,6.799958574543396,6.771867439790793,6.556594544734617
ccv2_direct_small_g0_s43,context,source_regression,462,1.7672851070182611,2.3140218064475193,1.2137638051238042,8.428027705333298,0.032467532467532464,0.006493506493506494,1.5662851186193767,0,0.7251082251082251,1.8424046040953068,2.3140218064475193,2.149927158190383,2.045997462837256,1.8647880031718744,1.806568150084641,1.6430578272069702
ccv2_direct_small_g0_s43,cheap,source_regression,462,1.7672851070182611,2.3140218064475193,1.2137638051238042,8.428027705333298,0.032467532467532464,0.006493506493506494,1.298492487536667,0,0.7770562770562771,1.68661870641672,2.3140218064475193,2.0259165859104447,1.8700786048809437,1.779542735962217,1.6146124371337904,1.5369732935014089
ccv2_direct_small_g0_s43,combined,source_regression,462,1.7672851070182611,2.3140218064475193,1.2137638051238042,8.428027705333298,0.032467532467532464,0.006493506493506494,1.2731534571433523,0,0.8268398268398268,1.761187300290034,2.3140218064475193,2.032369313547249,1.9170237905541458,1.672232622350214,1.5291049150802827,1.4386585404556618
ccv2_direct_small_g0_s43,context,sony30_regression,30,6.006515968346279,7.288255444371343,6.352555531447889,12.720606602380705,0.2,0.03333333333333333,6.631059671633448,0,0.3,7.163235865500417,7.288255444371343,7.409701446152364,7.218580050629155,6.2456922091308575,6.003645721398225,6.403787078617666
ccv2_direct_small_g0_s43,cheap,sony30_regression,30,6.006515968346279,7.288255444371343,6.352555531447889,12.720606602380705,0.2,0.03333333333333333,5.850477715836406,0,0.5,6.520109699166202,7.288255444371343,6.438527387452303,6.615894137487673,6.9012472815893355,7.168479499699618,7.249196750523303
ccv2_direct_small_g0_s43,combined,sony30_regression,30,6.006515968346279,7.288255444371343,6.352555531447889,12.720606602380705,0.2,0.03333333333333333,6.309243586281834,0,0.6,6.478819941308657,7.288255444371343,6.438527387452303,6.495930020619937,6.873226533219042,6.960747450951236,6.4788199413086565
ccv2_direct_small_g0_s43,context,fresh_all,384,4.358297662042969,5.421831881334974,4.351501220647027,12.374222858804846,0.0859375,0.0078125,5.289183611906887,0,0.546875,5.3167064557452,5.421831881334974,5.4295273311075185,5.430090374232752,5.3707082144447895,5.414675833046612,5.215233701746335
ccv2_direct_small_g0_s43,cheap,fresh_all,384,4.358297662042969,5.421831881334974,4.351501220647027,12.374222858804846,0.0859375,0.0078125,5.243920831191594,0,0.5833333333333334,5.157046968818581,5.421831881334974,5.332172955333571,5.38312696061255,5.417079025882603,5.463441780609648,5.310538887673813
ccv2_direct_small_g0_s43,combined,fresh_all,384,4.358297662042969,5.421831881334974,4.351501220647027,12.374222858804846,0.0859375,0.0078125,5.266773481730685,0,0.6276041666666666,5.342358432195946,5.421831881334974,5.325664006371662,5.379627028683115,5.331672838323602,5.405707793561351,5.333956183987835
ccv2_direct_small_g0_s43,context,fresh_Canon_5DSR,128,3.6304183102397527,4.369367572607775,3.8953191642950253,8.409976857764116,0.0234375,0.0078125,4.112641771489833,0,0.53125,3.9636172285110196,4.369367572607775,4.289149162839673,4.242984209686425,4.249939597132761,4.006672866131366,3.910964846011444
ccv2_direct_small_g0_s43,cheap,fresh_Canon_5DSR,128,3.6304183102397527,4.369367572607775,3.8953191642950253,8.409976857764116,0.0234375,0.0078125,3.833549665180458,0,0.4609375,3.9675088114161907,4.369367572607775,4.192967717683522,4.226444669998038,4.202312357399994,3.954384492950584,4.017582812063188
ccv2_direct_small_g0_s43,combined,fresh_Canon_5DSR,128,3.6304183102397527,4.369367572607775,3.8953191642950253,8.409976857764116,0.0234375,0.0078125,3.7979190462847345,0,0.53125,3.7907516194176365,4.369367572607775,4.1180931247137025,4.168795642613581,4.131135638989456,4.087743771820025,3.9251419226206834
ccv2_direct_small_g0_s43,context,fresh_Nikon_D810,128,4.3346312621807765,5.308000196416174,3.760018985642289,13.073351376862583,0.1015625,0.0078125,4.787140124098384,0,0.6328125,5.057731759795831,5.308000196416174,5.322740634889031,5.292603455397165,5.0908670076610525,5.029012291456658,5.158344938569724
ccv2_direct_small_g0_s43,cheap,fresh_Nikon_D810,128,4.3346312621807765,5.308000196416174,3.760018985642289,13.073351376862583,0.1015625,0.0078125,4.773277437114647,0,0.546875,4.5381983699106385,5.308000196416174,5.088512520258496,5.078635584947514,5.212792193571282,5.009388349165849,4.872327469029668
ccv2_direct_small_g0_s43,combined,fresh_Nikon_D810,128,4.3346312621807765,5.308000196416174,3.760018985642289,13.073351376862583,0.1015625,0.0078125,4.530253978209144,0,0.59375,4.893376388172974,5.308000196416174,5.11023583297157,5.145584969060292,5.082164252957656,4.874334512391475,4.893376388172974
ccv2_direct_small_g0_s43,context,fresh_Sony_IMX135_BLCCSC,128,5.109843413708379,6.588127874980977,5.897766584282522,13.486619768998455,0.1328125,0.0078125,6.852116456759333,0,0.4765625,7.1689526495783635,6.588127874980977,6.544741254100738,6.673446874197074,6.838113243481092,6.940928340556425,6.871878024127646
ccv2_direct_small_g0_s43,cheap,fresh_Sony_IMX135_BLCCSC,128,5.109843413708379,6.588127874980977,5.897766584282522,13.486619768998455,0.1328125,0.0078125,6.256123867561834,0,0.7421875,6.35180647629539,6.588127874980977,6.752827450596354,6.730637618585543,6.442171440974312,6.330822469201699,6.303170206011104
ccv2_direct_small_g0_s43,combined,fresh_Sony_IMX135_BLCCSC,128,5.109843413708379,6.588127874980977,5.897766584282522,13.486619768998455,0.1328125,0.0078125,6.457988075616131,0,0.7578125,6.781862541625543,6.588127874980977,6.638606386988024,6.589705921490894,6.798193357833615,6.880868493042312,6.469062078688716
ccv2_gw_large_g0_s17,context,source_regression,462,2.394513360489704,2.9932329690851693,1.9882396264256208,9.372548380450954,0.045454545454545456,0.006493506493506494,1.8590180258254287,0,0.7034632034632035,2.4676294796344758,2.9932329690851693,2.8299680567984837,2.7270602927347922,2.5864027596528665,2.4256303443462626,2.198592913995289
ccv2_gw_large_g0_s17,cheap,source_regression,462,2.394513360489704,2.9932329690851693,1.9882396264256208,9.372548380450954,0.045454545454545456,0.006493506493506494,1.9828483492590958,0,0.6428571428571429,2.2381678693478757,2.9932329690851693,2.7954101159010567,2.6669347514345043,2.4838757148125903,2.3231667423261357,2.1696920567254048
ccv2_gw_large_g0_s17,combined,source_regression,462,2.394513360489704,2.9932329690851693,1.9882396264256208,9.372548380450954,0.045454545454545456,0.006493506493506494,1.8366872272142158,0,0.6796536796536796,2.323626239525349,2.9932329690851693,2.8067302054420744,2.7083523823500766,2.4631077384699616,2.3967586633024536,2.1840450684905512
ccv2_gw_large_g0_s17,context,sony30_regression,30,2.8792880371400984,3.6153865104447345,2.556499790359428,8.715001045691848,0.03333333333333333,0.0,1.9202205667009484,0,0.5333333333333333,1.883197576244567,3.6153865104447345,3.158049983298087,2.9826264576091517,2.6082794904899633,2.2237802602794305,1.9580089333684407
ccv2_gw_large_g0_s17,cheap,sony30_regression,30,2.8792880371400984,3.6153865104447345,2.556499790359428,8.715001045691848,0.03333333333333333,0.0,3.137430961447152,0,0.6666666666666666,2.8158942539128047,3.6153865104447345,2.9272677761581614,2.8553312439978065,2.9658076572575296,2.720347549509968,2.8709893556169774
ccv2_gw_large_g0_s17,combined,sony30_regression,30,2.8792880371400984,3.6153865104447345,2.556499790359428,8.715001045691848,0.03333333333333333,0.0,3.2329944210834993,0,0.6333333333333333,3.0253111262850005,3.6153865104447345,3.158049983298087,2.993750846190622,3.1215297097244465,2.857927369497534,2.9985033115303477
ccv2_gw_large_g0_s17,context,fresh_all,384,3.54679739632587,4.229055121776619,3.145181675731137,10.78998495342825,0.07291666666666667,0.0078125,3.3155638865843584,0,0.6380208333333334,3.646087599646467,4.229055121776619,4.0541597173408475,3.9279531158660617,3.8740205484577683,3.658231689512402,3.578527266307841
ccv2_gw_large_g0_s17,cheap,fresh_all,384,3.54679739632587,4.229055121776619,3.145181675731137,10.78998495342825,0.07291666666666667,0.0078125,3.685122551748465,0,0.5078125,3.403595168640988,4.229055121776619,4.0913048197127315,3.987037126750883,3.8417143973311685,3.712169207224522,3.6370621602076167
ccv2_gw_large_g0_s17,combined,fresh_all,384,3.54679739632587,4.229055121776619,3.145181675731137,10.78998495342825,0.07291666666666667,0.0078125,3.3806552135637395,0,0.4973958333333333,3.477384399493291,4.229055121776619,4.078185745074349,3.91733222983766,3.7454341948114775,3.6679366088706264,3.4748096025541977
ccv2_gw_large_g0_s17,context,fresh_Canon_5DSR,128,3.379998702735099,4.414196359989776,3.601048793870066,10.27489659487877,0.078125,0.0078125,3.55583066675327,0,0.6953125,3.806200855549517,4.414196359989776,4.1615587007517245,4.007951843196317,3.9017597950617424,3.806200855549516,4.008083149188056
ccv2_gw_large_g0_s17,cheap,fresh_Canon_5DSR,128,3.379998702735099,4.414196359989776,3.601048793870066,10.27489659487877,0.078125,0.0078125,4.186610879436454,0,0.5625,3.7545827821588884,4.414196359989776,4.271887493202004,4.218705249057564,4.114452132083308,3.938104525863185,3.7480729143666536
ccv2_gw_large_g0_s17,combined,fresh_Canon_5DSR,128,3.379998702735099,4.414196359989776,3.601048793870066,10.27489659487877,0.078125,0.0078125,3.7620108356033946,0,0.5078125,3.685742377330709,4.414196359989776,4.2997369274844965,4.090493242405437,3.973081555164975,3.7223938882096377,3.695493886653806
ccv2_gw_large_g0_s17,context,fresh_Nikon_D810,128,3.6630713189157547,4.22215813916893,3.3124147074860195,11.047749790403405,0.0859375,0.0078125,3.24862796405002,0,0.6015625,3.575861118458363,4.22215813916893,4.1848008742805645,3.9822926795215454,4.038866427976909,3.723755674766545,3.6070719744125683
ccv2_gw_large_g0_s17,cheap,fresh_Nikon_D810,128,3.6630713189157547,4.22215813916893,3.3124147074860195,11.047749790403405,0.0859375,0.0078125,3.897258888174627,0,0.53125,3.5576583480824833,4.22215813916893,4.172472009023699,4.012375969119548,3.8406701030365684,3.771743529361187,3.6246971600367894
ccv2_gw_large_g0_s17,combined,fresh_Nikon_D810,128,3.6630713189157547,4.22215813916893,3.3124147074860195,11.047749790403405,0.0859375,0.0078125,3.30860263696869,0,0.4765625,3.5848805872962535,4.22215813916893,4.1244850700821685,4.001648762558422,3.877436870982732,3.867233720053128,3.5988693078489704
ccv2_gw_large_g0_s17,context,fresh_Sony_IMX135_BLCCSC,128,3.5973221673267552,4.050810866171153,2.5860646149032873,10.023014538261501,0.0546875,0.0078125,3.096198568645077,0,0.6171875,3.5341554385846026,4.050810866171153,3.850700089547161,3.6760317524369803,3.6506161493369795,3.4049721943470717,3.4655124220211406
ccv2_gw_large_g0_s17,cheap,fresh_Sony_IMX135_BLCCSC,128,3.5973221673267552,4.050810866171153,2.5860646149032873,10.023014538261501,0.0546875,0.0078125,2.811263556470675,0,0.4296875,2.753642361817162,4.050810866171153,3.7137322085207285,3.729237770893168,3.5821542122048653,3.4596262180070747,3.2500075025015
ccv2_gw_large_g0_s17,combined,fresh_Sony_IMX135_BLCCSC,128,3.5973221673267552,4.050810866171153,2.5860646149032873,10.023014538261501,0.0546875,0.0078125,2.924075280462388,0,0.5078125,3.168145383871555,4.050810866171153,3.782040346771897,3.5981318619147866,3.4393275675392854,3.3334569323425063,3.0258366406806876
ccv2_gw_small_g0.7_s17,context,source_regression,462,2.4807337099149454,3.1739304732253086,2.066243129349135,9.927899166732399,0.049783549783549784,0.004329004329004329,2.520836492625932,0,0.7402597402597403,2.7867714620214987,3.1739304732253086,3.0817298186227062,2.992978456754921,2.9047639226330815,2.7511716359455667,2.7197678205837272
ccv2_gw_small_g0.7_s17,cheap,source_regression,462,2.4807337099149454,3.1739304732253086,2.066243129349135,9.927899166732399,0.049783549783549784,0.004329004329004329,2.105362238737908,0,0.7164502164502164,2.7466463691220606,3.1739304732253086,3.0278248029928077,2.9219741271578457,2.832221398270159,2.6913696166018597,2.455216544555322
ccv2_gw_small_g0.7_s17,combined,source_regression,462,2.4807337099149454,3.1739304732253086,2.066243129349135,9.927899166732399,0.049783549783549784,0.004329004329004329,2.136682808510559,0,0.7337662337662337,2.7082310494091257,3.1739304732253086,3.0587499394868614,2.9548109207050404,2.8233041476170744,2.5575092903766743,2.3947109753895126
ccv2_gw_small_g0.7_s17,context,sony30_regression,30,3.1940967765401096,3.8646335847945372,2.804774206440847,8.90540409524679,0.06666666666666667,0.0,4.6722275746623625,0,0.7,3.745515318081973,3.8646335847945372,3.8059695212640654,3.7978988655171935,3.7455477293509856,3.745515318081972,4.190437244778374
ccv2_gw_small_g0.7_s17,cheap,sony30_regression,30,3.1940967765401096,3.8646335847945372,2.804774206440847,8.90540409524679,0.06666666666666667,0.0,2.476729540486792,0,0.7666666666666667,3.595519609422337,3.8646335847945372,3.710655197333267,3.825440237842194,3.70781231741365,2.875870658974918,2.906832495194831
ccv2_gw_small_g0.7_s17,combined,sony30_regression,30,3.1940967765401096,3.8646335847945372,2.804774206440847,8.90540409524679,0.06666666666666667,0.0,2.4275965388690266,0,0.7666666666666667,3.4584322172009156,3.8646335847945372,3.8034066752535716,3.678826954633041,3.7343899342163795,2.7257273246371705,2.654917237120861
ccv2_gw_small_g0.7_s17,context,fresh_all,384,3.761760987907762,4.478078085156813,3.2851092569283566,12.487786584326653,0.0859375,0.0078125,4.008967322887568,0,0.65625,3.9342896949678323,4.478078085156813,4.348130455605886,4.367485360501483,4.266766420803039,4.0668523230573665,3.6942565114720156
ccv2_gw_small_g0.7_s17,cheap,fresh_all,384,3.761760987907762,4.478078085156813,3.2851092569283566,12.487786584326653,0.0859375,0.0078125,3.4379788801792492,0,0.7395833333333334,4.0279880663714875,4.478078085156813,4.3958389451090065,4.368673534642025,4.220095539105024,3.9983287508262206,3.8061023548749326
ccv2_gw_small_g0.7_s17,combined,fresh_all,384,3.761760987907762,4.478078085156813,3.2851092569283566,12.487786584326653,0.0859375,0.0078125,3.6200366496620267,0,0.7864583333333334,4.346852197814691,4.478078085156813,4.417034564871127,4.426231082882354,4.3378088945074,4.2564443754007995,4.09638809857189
ccv2_gw_small_g0.7_s17,context,fresh_Canon_5DSR,128,3.3927758504206036,4.404238734295255,3.392136405785805,11.387978754958926,0.078125,0.0,4.118914135828481,0,0.7578125,3.9953196306641234,4.404238734295255,4.376165677180059,4.326904084978568,4.194898273970383,3.814513420951375,3.8447533940820993
ccv2_gw_small_g0.7_s17,cheap,fresh_Canon_5DSR,128,3.3927758504206036,4.404238734295255,3.392136405785805,11.387978754958926,0.078125,0.0,3.605138376247738,0,0.8046875,4.049910074173487,4.404238734295255,4.291277659506515,4.202522068526807,3.984502563174159,3.738982768619999,3.7481409605909657
ccv2_gw_small_g0.7_s17,combined,fresh_Canon_5DSR,128,3.3927758504206036,4.404238734295255,3.392136405785805,11.387978754958926,0.078125,0.0,3.8447854632546576,0,0.8359375,4.359515340708257,4.404238734295255,4.450100744674424,4.348390030023303,4.300007055790236,4.115856366252054,4.030727677824093
ccv2_gw_small_g0.7_s17,context,fresh_Nikon_D810,128,4.083106608626185,4.690812250633833,3.6907045101917584,11.413899342601166,0.1015625,0.0078125,4.393118664033281,0,0.640625,4.227174644351678,4.690812250633833,4.510204546009764,4.564368112082236,4.587139970670344,4.415980054486858,4.137358426115433
ccv2_gw_small_g0.7_s17,cheap,fresh_Nikon_D810,128,4.083106608626185,4.690812250633833,3.6907045101917584,11.413899342601166,0.1015625,0.0078125,3.685464698220202,0,0.71875,4.355280686465678,4.690812250633833,4.688260527555244,4.782741290973853,4.534657025875223,4.303621867771927,4.147756993390433
ccv2_gw_small_g0.7_s17,combined,fresh_Nikon_D810,128,4.083106608626185,4.690812250633833,3.6907045101917584,11.413899342601166,0.1015625,0.0078125,3.8022169721534094,0,0.796875,4.648763623811047,4.690812250633833,4.690616212346491,4.755950845466329,4.648763623811047,4.380969976465676,4.258100795237471
ccv2_gw_small_g0.7_s17,context,fresh_Sony_IMX135_BLCCSC,128,3.8094005046764954,4.3391832705413504,3.068503269327971,13.284522568890774,0.078125,0.015625,3.4631013323596127,0,0.5703125,3.5242010701457036,4.3391832705413504,4.16189171631919,4.180771248912541,3.883407965730542,3.81066478012426,3.579185742073095
ccv2_gw_small_g0.7_s17,cheap,fresh_Sony_IMX135_BLCCSC,128,3.8094005046764954,4.3391832705413504,3.068503269327971,13.284522568890774,0.078125,0.015625,3.109326724385855,0,0.6953125,3.664292697244845,4.3391832705413504,4.285654120243942,4.107602739999355,4.027538420741311,3.664292697244845,3.731868444693017
ccv2_gw_small_g0.7_s17,combined,fresh_Sony_IMX135_BLCCSC,128,3.8094005046764954,4.3391832705413504,3.068503269327971,13.284522568890774,0.078125,0.015625,3.2518552613968996,0,0.7265625,4.0011541145755505,4.3391832705413504,4.14936951405131,4.132634263086469,4.026094154134563,4.073932590201856,3.9777094144269616
ccv2_gw_small_g0_s17,context,source_regression,462,2.4853561546182474,3.156443130707687,2.115151964236113,9.648401794768803,0.045454545454545456,0.004329004329004329,2.255146734452125,0,0.7402597402597403,2.670104980155084,3.156443130707687,3.0599735072411627,2.953830678641912,2.8255469898944674,2.6663304552281524,2.6056423537676725
ccv2_gw_small_g0_s17,cheap,source_regression,462,2.4853561546182474,3.156443130707687,2.115151964236113,9.648401794768803,0.045454545454545456,0.004329004329004329,2.1500026587523773,0,0.7987012987012987,2.8298813479761535,3.156443130707687,3.062755201438077,2.975540555158973,2.8298813479761535,2.721217589200844,2.4297783039841883
ccv2_gw_small_g0_s17,combined,source_regression,462,2.4853561546182474,3.156443130707687,2.115151964236113,9.648401794768803,0.045454545454545456,0.004329004329004329,2.165556703094397,0,0.7251082251082251,2.710284647330075,3.156443130707687,3.0439260363931426,2.930246506065846,2.7854953282268284,2.701721698226399,2.5414767012435733
ccv2_gw_small_g0_s17,context,sony30_regression,30,3.010157189900346,3.644019809080558,2.6576240819636707,9.680491231363964,0.06666666666666667,0.0,3.1732556021423477,0,0.4,3.083943962525238,3.644019809080558,3.770742835541434,3.719640649355407,3.642626744487233,3.480303862234849,3.530293630643451
ccv2_gw_small_g0_s17,cheap,sony30_regression,30,3.010157189900346,3.644019809080558,2.6576240819636707,9.680491231363964,0.06666666666666667,0.0,2.351754918208635,0,0.9,3.5828524133137485,3.644019809080558,3.6388398936441204,3.582852413313748,3.1730471452654054,2.625882777279243,2.690606586624172
ccv2_gw_small_g0_s17,combined,sony30_regression,30,3.010157189900346,3.644019809080558,2.6576240819636707,9.680491231363964,0.06666666666666667,0.0,3.2147092737010095,0,0.7,3.6514115016778486,3.644019809080558,3.6855693161066942,3.691984000874981,3.8669885593477207,3.651411501677848,3.774239246548346
ccv2_gw_small_g0_s17,context,fresh_all,384,3.783379003499886,4.44337411348894,3.2480995377338733,11.757617703445952,0.109375,0.005208333333333333,3.5927189899263587,0,0.6197916666666666,3.90379340152497,4.44337411348894,4.4021667197720955,4.308718783728395,4.1213564467226265,4.063352330526698,3.7858944922315434
ccv2_gw_small_g0_s17,cheap,fresh_all,384,3.783379003499886,4.44337411348894,3.2480995377338733,11.757617703445952,0.109375,0.005208333333333333,3.7251317414610434,0,0.8229166666666666,4.3650132055538196,4.44337411348894,4.465693037639364,4.400679222848217,4.331553560146838,4.23272676576662,4.230373398772695
ccv2_gw_small_g0_s17,combined,fresh_all,384,3.783379003499886,4.44337411348894,3.2480995377338733,11.757617703445952,0.109375,0.005208333333333333,3.704161258879347,0,0.6432291666666666,3.94338607351946,4.44337411348894,4.333696074668492,4.25287277432141,4.237103381058138,4.098549127154855,3.8030054759652536
ccv2_gw_small_g0_s17,context,fresh_Canon_5DSR,128,3.5667578202710026,4.490485686296703,3.6380819290792377,11.601292997760865,0.1015625,0.0,3.57384324308606,0,0.6484375,3.923611908323783,4.490485686296703,4.347782816491273,4.196802640534701,4.078467949627806,4.000395603181989,3.577330878405473
ccv2_gw_small_g0_s17,cheap,fresh_Canon_5DSR,128,3.5667578202710026,4.490485686296703,3.6380819290792377,11.601292997760865,0.1015625,0.0,3.796280253533178,0,0.8203125,4.065444202987823,4.490485686296703,4.3953138921798045,4.256639592215551,4.001245142594299,3.9934746638816674,3.9078648036771555
ccv2_gw_small_g0_s17,combined,fresh_Canon_5DSR,128,3.5667578202710026,4.490485686296703,3.6380819290792377,11.601292997760865,0.1015625,0.0,3.6043535295868563,0,0.609375,3.702823996880544,4.490485686296703,4.379311412699789,4.293267122747006,4.091297232097411,3.9959953173745855,3.5755149806842055
ccv2_gw_small_g0_s17,context,fresh_Nikon_D810,128,4.09011484576091,4.7006994472685655,3.3463955688489673,12.090336785679124,0.125,0.0078125,3.5767281651958927,0,0.5859375,3.966649589665439,4.7006994472685655,4.730752286728349,4.622993463346208,4.192673948371688,4.129869846702044,3.928014602170381
ccv2_gw_small_g0_s17,cheap,fresh_Nikon_D810,128,4.09011484576091,4.7006994472685655,3.3463955688489673,12.090336785679124,0.125,0.0078125,3.724663586070256,0,0.8671875,4.626340732256945,4.7006994472685655,4.636062249854598,4.695187467826501,4.483487478922255,4.454193187467434,4.626439117805401
ccv2_gw_small_g0_s17,combined,fresh_Nikon_D810,128,4.09011484576091,4.7006994472685655,3.3463955688489673,12.090336785679124,0.125,0.0078125,3.813772250882726,0,0.6328125,4.166532177426304,4.7006994472685655,4.552747312772483,4.497988596880701,4.507413770740981,4.31801461270929,3.9847796397073485
ccv2_gw_small_g0_s17,context,fresh_Sony_IMX135_BLCCSC,128,3.693264344467745,4.138937206901556,2.60855870393031,11.153118839511,0.1015625,0.0078125,3.73641358317235,0,0.625,3.8243040243395137,4.138937206901556,4.082723924746916,4.126604120262616,4.140368627129505,4.022223049959856,3.620645430761908
ccv2_gw_small_g0_s17,cheap,fresh_Sony_IMX135_BLCCSC,128,3.693264344467745,4.138937206901556,2.60855870393031,11.153118839511,0.1015625,0.0078125,3.6218424196245746,0,0.78125,4.389487103607647,4.138937206901556,4.17205630566079,4.2717625549365765,4.349297586331088,4.157015258661777,4.180924120704643
ccv2_gw_small_g0_s17,combined,fresh_Sony_IMX135_BLCCSC,128,3.693264344467745,4.138937206901556,2.60855870393031,11.153118839511,0.1015625,0.0078125,3.675383367859384,0,0.6875,3.95121570489879,4.138937206901556,4.203344124277248,4.193763185575006,4.033011544999164,3.9545093599055448,3.7302312196690313
ccv2_legacy_baseline_s17,v1_baseline_context,source_regression,462,1.6880887648640936,2.2191049322180803,1.1192314884846253,8.249833904190814,0.030303030303030304,0.0,1.4576985959136555,0,0.803030303030303,1.662810921224515,2.2191049322180803,1.9924276937417298,1.8876240975286787,1.6538324736036785,1.5269358558351267,1.2837050645050994
ccv2_legacy_baseline_s17,v1_baseline_disagreement,source_regression,462,1.6880887648640936,2.2191049322180803,1.1192314884846253,8.249833904190814,0.030303030303030304,0.0,1.2145489191730954,0,0.7619047619047619,1.5239740450680535,2.2191049322180803,2.06399321844564,1.8862056357728507,1.5694919011900526,1.4516217332067467,1.32565251407017
ccv2_legacy_baseline_s17,v1_baseline_combined,source_regression,462,1.6880887648640936,2.2191049322180803,1.1192314884846253,8.249833904190814,0.030303030303030304,0.0,1.18076853101716,0,0.7835497835497836,1.4532492795021288,2.2191049322180803,2.029725914436304,1.848014689688957,1.494571060243529,1.3489399068274401,1.1883056184483565
ccv2_legacy_baseline_s17,v1_gray_world,source_regression,462,3.4764370620075136,4.592156911015615,2.9705638406897474,14.097362945164262,0.11255411255411256,0.008658008658008658,2.4861896130308923,0,0.7770562770562771,3.2624905102118147,4.592156911015615,4.18638609342609,3.9489956890882887,3.391297145410565,2.9520356807995722,2.5475499061017124
ccv2_legacy_baseline_s17,v1_max_rgb,source_regression,462,4.895285755052744,5.657222070008793,3.0381827257585146,17.688356060874384,0.21212121212121213,0.01948051948051948,2.4605755412120836,0,0.7554112554112554,3.114206455243982,5.657222070008793,4.909250670928819,4.353067466492612,3.357648127661793,2.801143196950565,2.432985477823641
ccv2_legacy_baseline_s17,v1_shades_gray,source_regression,462,2.7576590183720127,3.573456449774259,1.7779165963403436,12.511853436231677,0.09523809523809523,0.012987012987012988,1.844474087482397,0,0.7012987012987013,2.0838939308448516,3.573456449774259,3.0833304215149253,2.747692360063018,2.3387260459812445,2.080605848032025,1.9494996288332507
ccv2_legacy_baseline_s17,v1_gray_edge,source_regression,462,2.967114774628274,3.8865987487045834,2.124022342508623,13.290986861345068,0.09307359307359307,0.01948051948051948,2.0098670037980404,0,0.6753246753246753,2.296879431910486,3.8865987487045834,3.2901065196702994,3.0453519495243913,2.5998005079149844,2.3512928103432493,2.1083540690127363
ccv2_legacy_baseline_s17,upgraded_context,source_regression,462,1.6880887648640936,2.2191049322180803,1.1192314884846253,8.249833904190814,0.030303030303030304,0.0,1.5947501792452023,0,0.8095238095238095,1.677845245900874,2.2191049322180803,2.037859188568012,1.8707816947390055,1.6430568152718739,1.5374161520076395,1.4152975746954592
ccv2_legacy_baseline_s17,upgraded_combined,source_regression,462,1.6880887648640936,2.2191049322180803,1.1192314884846253,8.249833904190814,0.030303030303030304,0.0,1.1394521231586123,0,0.8225108225108225,1.5561744088580762,2.2191049322180803,1.9657408161961587,1.7509284957858753,1.4806786430506118,1.2999974193667336,1.184193581046723
ccv2_legacy_baseline_s17,v1_baseline_context,sony30_regression,30,7.992554749285779,9.738529721524392,7.684880777384381,25.78011949796426,0.3333333333333333,0.1,7.477763719148891,0,0.5,7.604665144613446,9.738529721524392,9.111245300266953,9.031105899509368,8.040251840332767,8.232580808211983,7.310389751167857
ccv2_legacy_baseline_s17,v1_baseline_disagreement,sony30_regression,30,7.992554749285779,9.738529721524392,7.684880777384381,25.78011949796426,0.3333333333333333,0.1,5.939074014577743,0,0.1,3.291623142311659,9.738529721524392,8.349747688638917,8.092162848191341,7.3781412510629965,6.665197314914743,6.308853608088754
ccv2_legacy_baseline_s17,v1_baseline_combined,sony30_regression,30,7.992554749285779,9.738529721524392,7.684880777384381,25.78011949796426,0.3333333333333333,0.1,6.197686037927026,0,0.26666666666666666,5.186181346378556,9.738529721524392,8.349747688638917,8.092162848191341,7.14883604932029,6.5372299363692505,6.017070686261428
ccv2_legacy_baseline_s17,v1_gray_world,sony30_regression,30,3.494152132433632,4.07302306069829,2.6122684538420873,11.105275389309437,0.06666666666666667,0.0,2.7330851028262755,0,0.5,2.559415767174002,4.07302306069829,3.5469464910438853,3.58041691612815,3.0380180128666137,2.7243425397309213,2.780915904209901
ccv2_legacy_baseline_s17,v1_max_rgb,sony30_regression,30,8.648663686210151,9.417194423595527,8.44416309951604,22.200606186371886,0.36666666666666664,0.13333333333333333,4.0499351011056115,0,0.36666666666666664,1.7222573094252704,9.417194423595527,8.735298259297469,8.183439215718316,6.649226204568869,5.603640319783083,4.440068595338909
ccv2_legacy_baseline_s17,v1_shades_gray,sony30_regression,30,3.6074355543615884,4.371094131862054,3.330872677850026,12.234214123633445,0.1,0.0,2.1392881822174976,0,0.13333333333333333,0.3825460637360083,4.371094131862054,4.04516986394849,3.9299971379311587,3.677067498643971,2.528850557873921,2.0611576807534444
ccv2_legacy_baseline_s17,v1_gray_edge,sony30_regression,30,3.426674104869379,4.110088555569959,3.252216558197403,10.707256213427682,0.1,0.0,2.5347670675732816,0,0.2,1.9205289274286852,4.110088555569959,4.102217787337092,3.8578841963982518,3.434729300914617,2.675212972475047,2.9274412469059783
ccv2_legacy_baseline_s17,upgraded_context,sony30_regression,30,7.992554749285779,9.738529721524392,7.684880777384381,25.78011949796426,0.3333333333333333,0.1,7.298373357604379,0,0.4666666666666667,7.0661075046461415,9.738529721524392,9.390946983063726,8.933704839564841,8.040251840332767,6.956514373252831,6.867741071984837
ccv2_legacy_baseline_s17,upgraded_combined,sony30_regression,30,7.992554749285779,9.738529721524392,7.684880777384381,25.78011949796426,0.3333333333333333,0.1,7.339687112383074,0,0.3333333333333333,7.238753673019413,9.738529721524392,9.756654059613377,9.677048212380772,8.597451965894232,8.462831350963167,7.222237463430732
ccv2_legacy_baseline_s17,v1_baseline_context,fresh_all,384,4.862890896414456,6.151472082235588,4.7971841364568775,15.330141099982837,0.1328125,0.020833333333333332,5.715874945546685,0,0.75,5.649195678705713,6.151472082235588,5.677231909932515,5.643612524813879,5.606652710447653,5.585382490186985,5.635086426996792
ccv2_legacy_baseline_s17,v1_baseline_disagreement,fresh_all,384,4.862890896414456,6.151472082235588,4.7971841364568775,15.330141099982837,0.1328125,0.020833333333333332,4.732706317219706,0,0.234375,4.281784792423232,6.151472082235588,5.822560215424596,5.579060586050295,5.348267243849797,5.064956023586842,4.817630806929668
ccv2_legacy_baseline_s17,v1_baseline_combined,fresh_all,384,4.862890896414456,6.151472082235588,4.7971841364568775,15.330141099982837,0.1328125,0.020833333333333332,4.888385365986509,0,0.3567708333333333,4.6571767441091385,6.151472082235588,5.680790913669858,5.567353727208032,5.330808831854263,5.182894259103026,5.067037940228491
ccv2_legacy_baseline_s17,v1_gray_world,fresh_all,384,4.985166488939522,6.16614410494257,4.791594539399697,16.312821223524487,0.20052083333333334,0.015625,3.750234565599659,0,0.5546875,3.919017558755429,6.16614410494257,5.85004727719364,5.695554853505567,5.13261739642773,4.711035395202354,4.189561469654281
ccv2_legacy_baseline_s17,v1_max_rgb,fresh_all,384,10.459406916945488,10.804522837381064,11.395241443555566,20.193621575003494,0.5390625,0.052083333333333336,5.8818338361409195,0,0.3255208333333333,3.7156953146455014,10.804522837381064,10.431068776877837,10.062988663472897,9.153362449221932,8.07617347365912,6.766005881478741
ccv2_legacy_baseline_s17,v1_shades_gray,fresh_all,384,5.75865240071353,6.480730423301317,4.921435760608351,16.870404332649517,0.25,0.015625,3.551090286489936,0,0.24739583333333334,2.462114350858446,6.480730423301317,5.964040963930104,5.512639805152937,4.759086017134767,4.165122278959398,3.7469583399909525
ccv2_legacy_baseline_s17,v1_gray_edge,fresh_all,384,6.1774736497700315,6.840626415053929,4.655198188118735,18.814899562812155,0.2734375,0.03125,3.6653330157799293,0,0.2786458333333333,2.5036840521163133,6.840626415053929,6.19405364995051,5.7067898303489635,4.855663295830525,4.196759390177809,3.793981210795018
ccv2_legacy_baseline_s17,upgraded_context,fresh_all,384,4.862890896414456,6.151472082235588,4.7971841364568775,15.330141099982837,0.1328125,0.020833333333333332,5.937957880654634,0,0.7161458333333334,5.595362386511076,6.151472082235588,5.766399425683221,5.628250864375859,5.652378076340036,5.589106451568127,5.668280579419872
ccv2_legacy_baseline_s17,upgraded_combined,fresh_all,384,4.862890896414456,6.151472082235588,4.7971841364568775,15.330141099982837,0.1328125,0.020833333333333332,4.999586796531281,0,0.5364583333333334,5.311089364067756,6.151472082235588,5.841058431268835,5.7189185071919395,5.549316116132577,5.5011710757590055,5.404991644034024
ccv2_legacy_baseline_s17,v1_baseline_context,fresh_Canon_5DSR,128,4.226391301675975,5.176628879048708,4.3489799652337275,15.689493490428797,0.0703125,0.015625,4.336767826069559,0,0.71875,4.023421867635641,5.176628879048708,4.531693001667441,4.1148485826200165,4.043838102166707,4.002684466134311,4.119524925503912
ccv2_legacy_baseline_s17,v1_baseline_disagreement,fresh_Canon_5DSR,128,4.226391301675975,5.176628879048708,4.3489799652337275,15.689493490428797,0.0703125,0.015625,4.311849543374734,0,0.265625,3.869290886497371,5.176628879048708,4.833146416399926,4.52907444158412,4.349725317277932,4.239996020540063,4.090190701184355
ccv2_legacy_baseline_s17,v1_baseline_combined,fresh_Canon_5DSR,128,4.226391301675975,5.176628879048708,4.3489799652337275,15.689493490428797,0.0703125,0.015625,4.196853239696555,0,0.390625,4.072720146553454,5.176628879048708,4.589542022329135,4.377459657872444,4.245796724695629,4.112970655366405,4.142414604334285
ccv2_legacy_baseline_s17,v1_gray_world,fresh_Canon_5DSR,128,4.506724629468871,5.993115771043569,4.26169120051428,16.130110688575538,0.2109375,0.0234375,3.7512027785950184,0,0.4296875,3.1221879519694737,5.993115771043569,5.926234405236375,5.683493995022473,5.403975144045711,4.829548524220552,4.175381954300616
ccv2_legacy_baseline_s17,v1_max_rgb,fresh_Canon_5DSR,128,13.908369806456648,14.253637686662815,17.590966137818626,21.37688394705338,0.6953125,0.140625,8.715989233599512,0,0.25,4.313179547405871,14.253637686662815,13.927528087550872,13.633804683282893,12.983540756187644,12.00262098462668,10.718202852927092
ccv2_legacy_baseline_s17,v1_shades_gray,fresh_Canon_5DSR,128,7.412147805579747,8.360427108725304,6.059139068854954,19.02763058129529,0.375,0.0390625,4.394187937872992,0,0.328125,3.2694505086200536,8.360427108725304,7.804931748107379,7.374365899236611,6.244867022232692,5.3163066128719745,4.266545814152765
ccv2_legacy_baseline_s17,v1_gray_edge,fresh_Canon_5DSR,128,8.393783987980157,9.136029072757609,6.11470416728316,21.233949565894946,0.40625,0.0859375,4.713870485430472,0,0.3203125,3.162121733402865,9.136029072757609,8.420932481600824,7.815684458785843,6.6885659264801856,5.567921538311376,4.490417429158406
ccv2_legacy_baseline_s17,upgraded_context,fresh_Canon_5DSR,128,4.226391301675975,5.176628879048708,4.3489799652337275,15.689493490428797,0.0703125,0.015625,4.38976602110667,0,0.671875,4.044164187070563,5.176628879048708,4.539313425446458,4.378158413684829,4.2679932740642075,4.105894552415247,4.132287611502124
ccv2_legacy_baseline_s17,upgraded_combined,fresh_Canon_5DSR,128,4.226391301675975,5.176628879048708,4.3489799652337275,15.689493490428797,0.0703125,0.015625,3.9777371320358643,0,0.578125,4.136048748049499,5.176628879048708,4.42111335132523,4.439664062202936,4.267575018628394,4.244014885644519,4.282016196817244
ccv2_legacy_baseline_s17,v1_baseline_context,fresh_Nikon_D810,128,4.451767785865146,5.5628685669822,3.8390568281545536,14.48956012383245,0.1484375,0.015625,4.887405545779991,0,0.7109375,4.9055481437018456,5.5628685669822,5.1817332118664226,5.063691037173302,4.883367817362633,4.903505738712229,4.813535911256638
ccv2_legacy_baseline_s17,v1_baseline_disagreement,fresh_Nikon_D810,128,4.451767785865146,5.5628685669822,3.8390568281545536,14.48956012383245,0.1484375,0.015625,4.1416056454342876,0,0.3203125,4.026109438913996,5.5628685669822,5.307923932059269,4.940654667440584,4.596720674582255,4.304384367417889,4.251092298829524
ccv2_legacy_baseline_s17,v1_baseline_combined,fresh_Nikon_D810,128,4.451767785865146,5.5628685669822,3.8390568281545536,14.48956012383245,0.1484375,0.015625,4.148598364457101,0,0.375,3.8289287521948054,5.5628685669822,5.136273336731159,4.9887855477475656,4.6208080375823615,4.310084367395985,4.361712971561596
ccv2_legacy_baseline_s17,v1_gray_world,fresh_Nikon_D810,128,5.531192639254466,6.687966386204783,5.357850483658654,17.94417007741393,0.21875,0.0078125,3.7526886915478626,0,0.4921875,3.64582655721952,6.687966386204783,6.192781266825841,6.0029442291200725,5.489839054212366,5.02772084742153,4.066153214806051
ccv2_legacy_baseline_s17,v1_max_rgb,fresh_Nikon_D810,128,9.585347151799354,9.950531491422336,10.720012276295076,17.348638095207825,0.53125,0.0,5.419474717473422,0,0.34375,3.658916287290801,9.950531491422336,9.611634680224737,9.283877769874376,8.512293374901033,7.512173271672098,6.134631402149412
ccv2_legacy_baseline_s17,v1_shades_gray,fresh_Nikon_D810,128,5.550812629815625,6.194429569859215,4.631911282036346,14.933490704810124,0.265625,0.0,3.2974708644382815,0,0.1640625,1.558565332121522,6.194429569859215,5.722480705449894,5.332526971508109,4.588306594573301,3.9355359478309966,3.511343839142666
ccv2_legacy_baseline_s17,v1_gray_edge,fresh_Nikon_D810,128,6.4514489720224315,7.088303940983927,6.384019206873918,16.503234332933324,0.3125,0.0078125,3.6791199732300823,0,0.1953125,1.8032422451191354,7.088303940983927,6.473172576386289,6.144575050810904,5.333336609510996,4.668025807464965,4.068753445935928
ccv2_legacy_baseline_s17,upgraded_context,fresh_Nikon_D810,128,4.451767785865146,5.5628685669822,3.8390568281545536,14.48956012383245,0.1484375,0.015625,4.938613183625682,0,0.6640625,4.911018507090084,5.5628685669822,5.162090420395396,4.983486708702391,4.961310038286821,4.8609528828481,4.852485102701259
ccv2_legacy_baseline_s17,upgraded_combined,fresh_Nikon_D810,128,4.451767785865146,5.5628685669822,3.8390568281545536,14.48956012383245,0.1484375,0.015625,4.456253517049443,0,0.4609375,4.607511764377613,5.5628685669822,5.300817630810468,5.147066261546582,4.959919047018759,4.776007164165966,4.881588977017885
ccv2_legacy_baseline_s17,v1_baseline_context,fresh_Sony_IMX135_BLCCSC,128,5.910513601702244,7.714918800675855,6.954028238531498,15.817663916537496,0.1796875,0.03125,7.225570750764638,0,0.8203125,7.718177738741886,7.714918800675855,7.555910884015472,7.626039045707263,7.734072073131801,7.7926486247550475,7.47740469070977
ccv2_legacy_baseline_s17,v1_baseline_disagreement,fresh_Sony_IMX135_BLCCSC,128,5.910513601702244,7.714918800675855,6.954028238531498,15.817663916537496,0.1796875,0.03125,6.409352584758475,0,0.1171875,5.915616945447096,7.714918800675855,7.324654127324934,7.1234781707242325,6.978352767312728,7.1695054646719365,6.900562024508338
ccv2_legacy_baseline_s17,v1_baseline_combined,fresh_Sony_IMX135_BLCCSC,128,5.910513601702244,7.714918800675855,6.954028238531498,15.817663916537496,0.1796875,0.03125,6.6405873923423115,0,0.3046875,6.425862218203298,7.714918800675855,7.311481982821648,7.214773006344857,7.134094445766337,7.0880611981690755,7.025669736367191
ccv2_legacy_baseline_s17,v1_gray_world,fresh_Sony_IMX135_BLCCSC,128,4.917582198095227,5.817350157579358,4.720750522494745,13.877645972112356,0.171875,0.015625,3.6487199970711766,0,0.7421875,4.561508732123742,5.817350157579358,5.242811431567442,5.150999907410605,4.879602638938629,4.324546166086785,3.7455308367341864
ccv2_legacy_baseline_s17,v1_max_rgb,fresh_Sony_IMX135_BLCCSC,128,7.884503792580467,8.20939933405804,7.567420998555997,17.1216729915539,0.390625,0.015625,4.212140462143116,0,0.3828125,3.3764867790388675,8.20939933405804,7.7741143654500515,7.500390862765931,6.629317283933858,5.531310454154912,4.580250802681076
ccv2_legacy_baseline_s17,v1_shades_gray,fresh_Sony_IMX135_BLCCSC,128,4.312996766745214,4.8873345913194335,4.13109109850733,12.109191021815343,0.109375,0.0078125,2.9106617075718026,0,0.25,1.9954396873424434,4.8873345913194335,4.606252750008889,4.491937911662979,4.142847538155821,3.5619415158640124,3.150019787609394
ccv2_legacy_baseline_s17,v1_gray_edge,fresh_Sony_IMX135_BLCCSC,128,3.687187989307507,4.297546231420251,2.678029309592789,12.99448017777168,0.1015625,0.0,2.8458941608313593,0,0.3203125,2.2723450336329183,4.297546231420251,4.020970260158375,3.891032395408296,3.6613483844802728,3.5610643457233717,3.0204489965341352
ccv2_legacy_baseline_s17,upgraded_context,fresh_Sony_IMX135_BLCCSC,128,5.910513601702244,7.714918800675855,6.954028238531498,15.817663916537496,0.1796875,0.03125,7.516990956865807,0,0.8125,7.437403491344427,7.714918800675855,7.539721237844424,7.558156343256552,7.459403635896107,7.546751640992794,7.485878253974778
ccv2_legacy_baseline_s17,upgraded_combined,fresh_Sony_IMX135_BLCCSC,128,5.910513601702244,7.714918800675855,6.954028238531498,15.817663916537496,0.1796875,0.03125,6.639366557182715,0,0.5703125,7.070871336219393,7.714918800675855,7.529393155742731,7.315110851928023,7.2434295093640175,7.098535328368175,7.100315581525208
ccv2_legacy_baseline_s29,v1_baseline_context,source_regression,462,1.6186275940458124,2.098910603458931,0.9421499613429433,8.299014718032883,0.030303030303030304,0.0021645021645021645,1.7740957073691552,0,0.829004329004329,1.6309215500379137,2.098910603458931,1.8300904344259246,1.708014944880067,1.6075235076466772,1.5189010515262646,1.4875214699840669
ccv2_legacy_baseline_s29,v1_baseline_disagreement,source_regression,462,1.6186275940458124,2.098910603458931,0.9421499613429433,8.299014718032883,0.030303030303030304,0.0021645021645021645,1.2330020170243354,0,0.7402597402597403,1.535264690363905,2.098910603458931,2.048601149982348,1.8614444602169329,1.651073412284411,1.4968861457557319,1.2886163241367259
ccv2_legacy_baseline_s29,v1_baseline_combined,source_regression,462,1.6186275940458124,2.098910603458931,0.9421499613429433,8.299014718032883,0.030303030303030304,0.0021645021645021645,1.3969261761867784,0,0.7705627705627706,1.477220627799787,2.098910603458931,1.983556211243887,1.8103346107383245,1.5374590314702776,1.3703815108002042,1.3083411883729548
ccv2_legacy_baseline_s29,v1_gray_world,source_regression,462,3.4764370620075136,4.592156911015615,2.9705638406897474,14.097362945164262,0.11255411255411256,0.008658008658008658,2.5007205185671326,0,0.7619047619047619,3.229369682992134,4.592156911015615,4.2084731426225375,3.7689684425328247,3.395299326746981,2.900445643316833,2.587076775801792
ccv2_legacy_baseline_s29,v1_max_rgb,source_regression,462,4.895285755052744,5.657222070008793,3.0381827257585146,17.688356060874384,0.21212121212121213,0.01948051948051948,2.4345140650216384,0,0.7489177489177489,3.0402958743040758,5.657222070008793,4.917153108104654,4.326215200340938,3.3569372805020046,2.772366001323227,2.393470512679496
ccv2_legacy_baseline_s29,v1_shades_gray,source_regression,462,2.7576590183720127,3.573456449774259,1.7779165963403436,12.511853436231677,0.09523809523809523,0.012987012987012988,1.9363903263219,0,0.7077922077922078,2.1173730813420932,3.573456449774259,3.1156224405261512,2.7517657505181274,2.3089859588365758,2.084418974469195,1.9927314496263446
ccv2_legacy_baseline_s29,v1_gray_edge,source_regression,462,2.967114774628274,3.8865987487045834,2.124022342508623,13.290986861345068,0.09307359307359307,0.01948051948051948,2.187588993157602,0,0.6688311688311688,2.341614516170323,3.8865987487045834,3.3255443606416564,3.045354644633484,2.73741019810393,2.3886923800482385,2.2666336566691734
ccv2_legacy_baseline_s29,upgraded_context,source_regression,462,1.6186275940458124,2.098910603458931,0.9421499613429433,8.299014718032883,0.030303030303030304,0.0021645021645021645,1.7732965252807835,0,0.829004329004329,1.6309215500379137,2.098910603458931,1.8300904344259246,1.708014944880067,1.6075235076466772,1.5189010515262646,1.4875214699840669
ccv2_legacy_baseline_s29,upgraded_combined,source_regression,462,1.6186275940458124,2.098910603458931,0.9421499613429433,8.299014718032883,0.030303030303030304,0.0021645021645021645,1.1351975558314085,0,0.7467532467532467,1.438778418561513,2.098910603458931,1.9235444119372045,1.7992588862484722,1.5219300478461755,1.2984264770852587,1.1827312630163132
ccv2_legacy_baseline_s29,v1_baseline_context,sony30_regression,30,6.625885975784117,8.23180825377401,6.9247291997424165,19.255741873986846,0.16666666666666666,0.03333333333333333,7.849008630513311,0,0.36666666666666664,8.312507384640123,8.23180825377401,7.869770902402263,7.853093386184632,8.46205640911885,8.531933465000092,8.525867663984712
ccv2_legacy_baseline_s29,v1_baseline_disagreement,sony30_regression,30,6.625885975784117,8.23180825377401,6.9247291997424165,19.255741873986846,0.16666666666666666,0.03333333333333333,5.105238610709196,0,0.13333333333333333,3.438606066275371,8.23180825377401,7.510959167493669,7.078246453347349,5.803082194122805,5.453269109882702,5.007759181340671
ccv2_legacy_baseline_s29,v1_baseline_combined,sony30_regression,30,6.625885975784117,8.23180825377401,6.9247291997424165,19.255741873986846,0.16666666666666666,0.03333333333333333,5.686151758893067,0,0.16666666666666666,5.928463616416364,8.23180825377401,7.940736412523428,7.926687248532507,6.020126286519243,5.453269109882702,5.302487268723662
ccv2_legacy_baseline_s29,v1_gray_world,sony30_regression,30,3.494152132433632,4.07302306069829,2.6122684538420873,11.105275389309437,0.06666666666666667,0.0,2.816962274495286,0,0.6333333333333333,2.8199733847710844,4.07302306069829,3.5469464910438853,3.2026260277211893,3.204854099023615,3.2812061326016844,2.5861019416782836
ccv2_legacy_baseline_s29,v1_max_rgb,sony30_regression,30,8.648663686210151,9.417194423595527,8.44416309951604,22.200606186371886,0.36666666666666664,0.13333333333333333,4.031412888111491,0,0.4,2.107646873152448,9.417194423595527,8.418516698274399,8.062968726334931,6.72635309100334,5.603640319783083,4.750851679422429
ccv2_legacy_baseline_s29,v1_shades_gray,sony30_regression,30,3.6074355543615884,4.371094131862054,3.330872677850026,12.234214123633445,0.1,0.0,2.2751748288863696,0,0.3,1.3098398493510706,4.371094131862054,4.2763761914446645,3.978607826473108,3.1071377663822877,2.528850557873921,2.0229898197412832
ccv2_legacy_baseline_s29,v1_gray_edge,sony30_regression,30,3.426674104869379,4.110088555569959,3.252216558197403,10.707256213427682,0.1,0.0,2.4235527540814914,0,0.36666666666666664,2.2996078553877997,4.110088555569959,3.6389144467018224,3.5991717605327134,3.301606515563563,2.630628791043923,2.128113261686974
ccv2_legacy_baseline_s29,upgraded_context,sony30_regression,30,6.625885975784117,8.23180825377401,6.9247291997424165,19.255741873986846,0.16666666666666666,0.03333333333333333,7.849008630513311,0,0.36666666666666664,8.312507384640123,8.23180825377401,7.869770902402263,7.853093386184632,8.46205640911885,8.531933465000092,8.525867663984712
ccv2_legacy_baseline_s29,upgraded_combined,sony30_regression,30,6.625885975784117,8.23180825377401,6.9247291997424165,19.255741873986846,0.16666666666666666,0.03333333333333333,5.650369519487837,0,0.23333333333333334,4.798680808967026,8.23180825377401,7.414176917882835,7.41943052775199,6.695371451566438,6.215206839797449,5.312576272623496
ccv2_legacy_baseline_s29,v1_baseline_context,fresh_all,384,4.653691894757885,5.611224997915412,4.470754145101414,13.054344603793538,0.09375,0.0078125,5.213549194629912,0,0.7708333333333334,5.179175834893301,5.611224997915412,5.418971099796669,5.2933335760104505,5.23037382672422,5.074963508978685,5.131119047142143
ccv2_legacy_baseline_s29,v1_baseline_disagreement,fresh_all,384,4.653691894757885,5.611224997915412,4.470754145101414,13.054344603793538,0.09375,0.0078125,4.689634245315052,0,0.1640625,3.9327706018380018,5.611224997915412,5.4569325792662795,5.316168332605369,5.222969577231163,5.044694844820185,4.782679233921887
ccv2_legacy_baseline_s29,v1_baseline_combined,fresh_all,384,4.653691894757885,5.611224997915412,4.470754145101414,13.054344603793538,0.09375,0.0078125,4.69489010244505,0,0.24479166666666666,4.468762224025853,5.611224997915412,5.391226893239239,5.189487295430079,5.158636921678753,5.067581386316184,5.062811012298407
ccv2_legacy_baseline_s29,v1_gray_world,fresh_all,384,4.985166488939522,6.16614410494257,4.791594539399697,16.312821223524487,0.20052083333333334,0.015625,3.8257967312303016,0,0.5651041666666666,3.9402972154443803,6.16614410494257,5.825124641246322,5.520659444998087,5.25798842480512,4.686937061929473,4.14885320387132
ccv2_legacy_baseline_s29,v1_max_rgb,fresh_all,384,10.459406916945488,10.804522837381064,11.395241443555566,20.193621575003494,0.5390625,0.052083333333333336,5.858346992852671,0,0.3359375,3.775136088417916,10.804522837381064,10.403001211096191,10.020933270597968,9.171101272106508,8.174930601683199,6.855857282142895
ccv2_legacy_baseline_s29,v1_shades_gray,fresh_all,384,5.75865240071353,6.480730423301317,4.921435760608351,16.870404332649517,0.25,0.015625,3.606610360232193,0,0.2526041666666667,2.4359060482903128,6.480730423301317,5.9463613570143785,5.457321248649282,4.723019070416975,4.247882834111429,3.8933615244888684
ccv2_legacy_baseline_s29,v1_gray_edge,fresh_all,384,6.1774736497700315,6.840626415053929,4.655198188118735,18.814899562812155,0.2734375,0.03125,3.811687931452387,0,0.3411458333333333,2.9646299753876,6.840626415053929,6.202042558146113,5.668979855638855,4.780938282463513,4.219008825842907,3.7012945506358728
ccv2_legacy_baseline_s29,upgraded_context,fresh_all,384,4.653691894757885,5.611224997915412,4.470754145101414,13.054344603793538,0.09375,0.0078125,5.2122169289760025,0,0.7708333333333334,5.179175834893301,5.611224997915412,5.418971099796669,5.2933335760104505,5.23037382672422,5.074963508978685,5.131119047142143
ccv2_legacy_baseline_s29,upgraded_combined,fresh_all,384,4.653691894757885,5.611224997915412,4.470754145101414,13.054344603793538,0.09375,0.0078125,4.889372485261664,0,0.21614583333333334,4.462142983681649,5.611224997915412,5.4385295901668265,5.380475476320906,5.265181630301952,5.112220702220474,5.055178483769569
ccv2_legacy_baseline_s29,v1_baseline_context,fresh_Canon_5DSR,128,4.170466167535293,4.884212809086628,4.2245417802552385,12.024818337782085,0.0703125,0.0078125,4.171963075254244,0,0.7421875,4.149415629840786,4.884212809086628,4.600557945372772,4.37559990349012,4.13159192550721,4.083709283260115,4.200649767703962
ccv2_legacy_baseline_s29,v1_baseline_disagreement,fresh_Canon_5DSR,128,4.170466167535293,4.884212809086628,4.2245417802552385,12.024818337782085,0.0703125,0.0078125,4.109466462587644,0,0.1796875,3.3950887465633706,4.884212809086628,4.784257569930648,4.743400819612691,4.6357401423589355,4.32460378876316,4.260290562485793
ccv2_legacy_baseline_s29,v1_baseline_combined,fresh_Canon_5DSR,128,4.170466167535293,4.884212809086628,4.2245417802552385,12.024818337782085,0.0703125,0.0078125,4.00993221209721,0,0.25,3.8333913671974553,4.884212809086628,4.813018043590074,4.56071933981332,4.251641705609067,4.242180652107624,4.3347573482376855
ccv2_legacy_baseline_s29,v1_gray_world,fresh_Canon_5DSR,128,4.506724629468871,5.993115771043569,4.26169120051428,16.130110688575538,0.2109375,0.0234375,3.9240435302639893,0,0.4453125,3.1156111759378833,5.993115771043569,5.896093177578337,5.653760407310985,5.277822310550492,5.082925945071355,4.380605808763047
ccv2_legacy_baseline_s29,v1_max_rgb,fresh_Canon_5DSR,128,13.908369806456648,14.253637686662815,17.590966137818626,21.37688394705338,0.6953125,0.140625,8.769337392295096,0,0.2578125,4.656853641244695,14.253637686662815,13.940262930449101,13.672806183186706,13.118256887819355,12.157374126221741,10.961606972576869
ccv2_legacy_baseline_s29,v1_shades_gray,fresh_Canon_5DSR,128,7.412147805579747,8.360427108725304,6.059139068854954,19.02763058129529,0.375,0.0390625,4.570894700335486,0,0.3125,3.5771138240112434,8.360427108725304,7.863934271819836,7.453770227174701,6.3283446932421015,5.274891270136001,4.518721842428409
ccv2_legacy_baseline_s29,v1_gray_edge,fresh_Canon_5DSR,128,8.393783987980157,9.136029072757609,6.11470416728316,21.233949565894946,0.40625,0.0859375,5.095439043233542,0,0.3203125,3.9456119433912074,9.136029072757609,8.420932481600824,7.986578132731221,6.817093482623337,5.572803027305098,4.6458432381624775
ccv2_legacy_baseline_s29,upgraded_context,fresh_Canon_5DSR,128,4.170466167535293,4.884212809086628,4.2245417802552385,12.024818337782085,0.0703125,0.0078125,4.17149051171769,0,0.7421875,4.149415629840786,4.884212809086628,4.600557945372772,4.37559990349012,4.13159192550721,4.083709283260115,4.200649767703962
ccv2_legacy_baseline_s29,upgraded_combined,fresh_Canon_5DSR,128,4.170466167535293,4.884212809086628,4.2245417802552385,12.024818337782085,0.0703125,0.0078125,4.140144009949765,0,0.28125,3.9050367129304533,4.884212809086628,4.664943749900093,4.5039241261725484,4.307486975572336,4.2767182697522435,4.214433197809093
ccv2_legacy_baseline_s29,v1_baseline_context,fresh_Nikon_D810,128,4.339733828938746,4.8929562962173385,3.4657695501295644,13.046336267079116,0.109375,0.0078125,4.226771178523114,0,0.8046875,4.307456487700282,4.8929562962173385,4.655086513506304,4.651672722678989,4.290275766223834,4.241468252701797,4.132528705045106
ccv2_legacy_baseline_s29,v1_baseline_disagreement,fresh_Nikon_D810,128,4.339733828938746,4.8929562962173385,3.4657695501295644,13.046336267079116,0.109375,0.0078125,3.966374078151069,0,0.1796875,3.5586419558814044,4.8929562962173385,4.597983731746489,4.4463058291144435,4.3103867596888294,4.2518962110224425,3.9822338677558102
ccv2_legacy_baseline_s29,v1_baseline_combined,fresh_Nikon_D810,128,4.339733828938746,4.8929562962173385,3.4657695501295644,13.046336267079116,0.109375,0.0078125,3.851722489637187,0,0.1953125,3.2106488477073882,4.8929562962173385,4.62965642278994,4.362742729617521,4.25043711340419,4.336669125633274,4.134609609755494
ccv2_legacy_baseline_s29,v1_gray_world,fresh_Nikon_D810,128,5.531192639254466,6.687966386204783,5.357850483658654,17.94417007741393,0.21875,0.0078125,3.7213836780034937,0,0.46875,3.630601451512851,6.687966386204783,6.165827530540698,5.719387625517502,5.39126969661303,4.908099934905407,4.164011005753108
ccv2_legacy_baseline_s29,v1_max_rgb,fresh_Nikon_D810,128,9.585347151799354,9.950531491422336,10.720012276295076,17.348638095207825,0.53125,0.0,5.3503338518260275,0,0.3671875,3.5716709164240794,9.950531491422336,9.628574607192125,9.313244554872307,8.479701879301281,7.433677184405056,6.05275644505223
ccv2_legacy_baseline_s29,v1_shades_gray,fresh_Nikon_D810,128,5.550812629815625,6.194429569859215,4.631911282036346,14.933490704810124,0.265625,0.0,3.2200380547156646,0,0.171875,1.368238101551881,6.194429569859215,5.699604599307245,5.359811588464151,4.65716369283975,3.820669620420702,3.623861742949135
ccv2_legacy_baseline_s29,v1_gray_edge,fresh_Nikon_D810,128,6.4514489720224315,7.088303940983927,6.384019206873918,16.503234332933324,0.3125,0.0078125,3.6154210500827273,0,0.265625,2.350329960532848,7.088303940983927,6.52923323531395,6.0903261983173875,5.2723232820979336,4.647971174003882,3.797885096070563
ccv2_legacy_baseline_s29,upgraded_context,fresh_Nikon_D810,128,4.339733828938746,4.8929562962173385,3.4657695501295644,13.046336267079116,0.109375,0.0078125,4.226858143942308,0,0.8046875,4.307456487700282,4.8929562962173385,4.655086513506304,4.651672722678989,4.290275766223834,4.241468252701797,4.132528705045106
ccv2_legacy_baseline_s29,upgraded_combined,fresh_Nikon_D810,128,4.339733828938746,4.8929562962173385,3.4657695501295644,13.046336267079116,0.109375,0.0078125,4.1176427212515865,0,0.1484375,3.4051560012242046,4.8929562962173385,4.806091495503682,4.739107327120445,4.523810657616129,4.295602488954143,4.3932562772575245
ccv2_legacy_baseline_s29,v1_baseline_context,fresh_Sony_IMX135_BLCCSC,128,5.450875687799615,7.056505888442272,6.433618010246465,13.454252046536897,0.1015625,0.0078125,7.138557053897401,0,0.765625,7.0936075924531945,7.056505888442272,6.941250947177588,6.871278791559115,7.0254818627440345,6.9749652835011915,6.853755413680593
ccv2_legacy_baseline_s29,v1_baseline_disagreement,fresh_Sony_IMX135_BLCCSC,128,5.450875687799615,7.056505888442272,6.433618010246465,13.454252046536897,0.1015625,0.0078125,6.011122147535618,0,0.1328125,5.166396574092019,7.056505888442272,6.760591940861154,6.606902684988821,6.515245013215895,6.51172042382496,6.109485766284887
ccv2_legacy_baseline_s29,v1_baseline_combined,fresh_Sony_IMX135_BLCCSC,128,5.450875687799615,7.056505888442272,6.433618010246465,13.454252046536897,0.1015625,0.0078125,6.111110095677665,0,0.2890625,5.868348759876402,7.056505888442272,6.778348108983569,6.617824972426781,6.460159251239619,6.565489907182049,6.4978139695523
ccv2_legacy_baseline_s29,v1_gray_world,fresh_Sony_IMX135_BLCCSC,128,4.917582198095227,5.817350157579358,4.720750522494745,13.877645972112356,0.171875,0.015625,3.785014268779962,0,0.78125,4.596185716322001,5.817350157579358,5.272167434193684,5.2520410244388325,4.655543279820431,4.236274111146749,3.8851766947153594
ccv2_legacy_baseline_s29,v1_max_rgb,fresh_Sony_IMX135_BLCCSC,128,7.884503792580467,8.20939933405804,7.567420998555997,17.1216729915539,0.390625,0.015625,4.268993378338188,0,0.3828125,3.3764867790388675,8.20939933405804,7.798153211861529,7.387666167855797,6.635112972787282,5.5628398040268765,4.577186973815538
ccv2_legacy_baseline_s29,v1_shades_gray,fresh_Sony_IMX135_BLCCSC,128,4.312996766745214,4.8873345913194335,4.13109109850733,12.109191021815343,0.109375,0.0078125,3.047038310195653,0,0.2734375,1.8027741568448339,4.8873345913194335,4.606252750008889,4.503519767206679,4.253861276261213,3.8791826247941175,3.327765630326346
ccv2_legacy_baseline_s29,v1_gray_edge,fresh_Sony_IMX135_BLCCSC,128,3.687187989307507,4.297546231420251,2.678029309592789,12.99448017777168,0.1015625,0.0,3.130211424089241,0,0.4375,2.61937890068963,4.297546231420251,4.03141734648208,4.020567154676634,3.8336723821783933,3.5337433410764474,3.4789418309140805
ccv2_legacy_baseline_s29,upgraded_context,fresh_Sony_IMX135_BLCCSC,128,5.450875687799615,7.056505888442272,6.433618010246465,13.454252046536897,0.1015625,0.0078125,7.1372314461709445,0,0.765625,7.0936075924531945,7.056505888442272,6.941250947177588,6.871278791559115,7.0254818627440345,6.9749652835011915,6.853755413680593
ccv2_legacy_baseline_s29,upgraded_combined,fresh_Sony_IMX135_BLCCSC,128,5.450875687799615,7.056505888442272,6.433618010246465,13.454252046536897,0.1015625,0.0078125,6.25165351878542,0,0.21875,5.895663641315024,7.056505888442272,6.894621416619546,6.8433185722567345,6.8758426640721435,6.555463587356223,6.529967436627128
ccv2_legacy_baseline_s43,v1_baseline_context,source_regression,462,1.6594951691352553,2.179260162203076,1.1344924355166208,7.848845898422804,0.021645021645021644,0.0021645021645021645,1.473754338585258,0,0.7748917748917749,1.6814552919748782,2.179260162203076,2.088107055066417,2.0051445540827433,1.7715518310264697,1.5584779061010086,1.5165873806772245
ccv2_legacy_baseline_s43,v1_baseline_disagreement,source_regression,462,1.6594951691352553,2.179260162203076,1.1344924355166208,7.848845898422804,0.021645021645021644,0.0021645021645021645,1.2758291766676622,0,0.7207792207792207,1.5785836369792356,2.179260162203076,2.0626854511492407,1.9054111529260913,1.749195838234268,1.5262909967477765,1.3837129958909145
ccv2_legacy_baseline_s43,v1_baseline_combined,source_regression,462,1.6594951691352553,2.179260162203076,1.1344924355166208,7.848845898422804,0.021645021645021644,0.0021645021645021645,1.2013501908765878,0,0.7619047619047619,1.5647524107024855,2.179260162203076,2.0345033923545235,1.9071651761200465,1.635801925488962,1.4736591680795055,1.3003046233173305
ccv2_legacy_baseline_s43,v1_gray_world,source_regression,462,3.4764370620075136,4.592156911015615,2.9705638406897474,14.097362945164262,0.11255411255411256,0.008658008658008658,2.3666013552225666,0,0.7532467532467533,3.1369503189043884,4.592156911015615,4.158216894322526,3.7972593776486554,3.3188088203956156,2.8233975925304358,2.550183435627869
ccv2_legacy_baseline_s43,v1_max_rgb,source_regression,462,4.895285755052744,5.657222070008793,3.0381827257585146,17.688356060874384,0.21212121212121213,0.01948051948051948,2.3912879129755575,0,0.7662337662337663,3.1791611835003577,5.657222070008793,4.919498386718575,4.352113829099823,3.3424573162538875,2.75279347882028,2.330025047320991
ccv2_legacy_baseline_s43,v1_shades_gray,source_regression,462,2.7576590183720127,3.573456449774259,1.7779165963403436,12.511853436231677,0.09523809523809523,0.012987012987012988,1.9183883162041682,0,0.696969696969697,2.0333808552960946,3.573456449774259,3.0143799795613533,2.7086152522644573,2.2991709124300748,2.0314691166596726,1.9636259194657102
ccv2_legacy_baseline_s43,v1_gray_edge,source_regression,462,2.967114774628274,3.8865987487045834,2.124022342508623,13.290986861345068,0.09307359307359307,0.01948051948051948,2.2544808398525986,0,0.70995670995671,2.345426372153302,3.8865987487045834,3.3844621676689903,3.0612095866598734,2.577898039781242,2.3163138955068128,2.0777835579477744
ccv2_legacy_baseline_s43,upgraded_context,source_regression,462,1.6594951691352553,2.179260162203076,1.1344924355166208,7.848845898422804,0.021645021645021644,0.0021645021645021645,1.4731603817955472,0,0.7748917748917749,1.6814552919748782,2.179260162203076,2.088107055066417,2.011691947744679,1.7715518310264697,1.5584779061010086,1.5135596217812557
ccv2_legacy_baseline_s43,upgraded_combined,source_regression,462,1.6594951691352553,2.179260162203076,1.1344924355166208,7.848845898422804,0.021645021645021644,0.0021645021645021645,1.1542569885826037,0,0.7207792207792207,1.4776574370963873,2.179260162203076,1.9346901266784842,1.808904950525247,1.6107371581974186,1.4570364992855567,1.2040474098789902
ccv2_legacy_baseline_s43,v1_baseline_context,sony30_regression,30,7.00663977096274,8.605363747694618,7.659676487142979,21.92087156637516,0.23333333333333334,0.06666666666666667,8.358662278428719,0,0.6666666666666666,9.448930091614352,8.605363747694618,8.552760309763888,8.624180780442803,8.703508771462465,9.324891976067667,8.512679727250822
ccv2_legacy_baseline_s43,v1_baseline_disagreement,sony30_regression,30,7.00663977096274,8.605363747694618,7.659676487142979,21.92087156637516,0.23333333333333334,0.06666666666666667,5.3180692919738055,0,0.13333333333333333,2.7091712673064783,8.605363747694618,8.001852323303947,7.68071494444763,6.628525856630437,6.436719206288517,6.0292743016181625
ccv2_legacy_baseline_s43,v1_baseline_combined,sony30_regression,30,7.00663977096274,8.605363747694618,7.659676487142979,21.92087156637516,0.23333333333333334,0.06666666666666667,5.72451508208429,0,0.23333333333333334,4.337764993795743,8.605363747694618,8.001852323303947,7.68071494444763,6.667979814258774,6.378211123038901,5.944060158971656
ccv2_legacy_baseline_s43,v1_gray_world,sony30_regression,30,3.494152132433632,4.07302306069829,2.6122684538420873,11.105275389309437,0.06666666666666667,0.0,2.3965052286587136,0,0.5,2.289207087431079,4.07302306069829,3.5469464910438853,3.2026260277211893,2.7173831366005565,2.5385038889718303,2.3082383279473477
ccv2_legacy_baseline_s43,v1_max_rgb,sony30_regression,30,8.648663686210151,9.417194423595527,8.44416309951604,22.200606186371886,0.36666666666666664,0.13333333333333333,4.075837046254384,0,0.4,2.107646873152448,9.417194423595527,8.619130287392062,8.062968726334931,6.633426187236452,5.471744252231601,4.96261004224726
ccv2_legacy_baseline_s43,v1_shades_gray,sony30_regression,30,3.6074355543615884,4.371094131862054,3.330872677850026,12.234214123633445,0.1,0.0,2.2428988909365133,0,0.16666666666666666,0.5465464064787677,4.371094131862054,4.223000970188479,4.170730711860263,3.3813943797784938,2.528850557873921,2.298893338789666
ccv2_legacy_baseline_s43,v1_gray_edge,sony30_regression,30,3.426674104869379,4.110088555569959,3.252216558197403,10.707256213427682,0.1,0.0,2.3942628899665985,0,0.36666666666666664,2.275007436220197,4.110088555569959,3.9786648401822924,3.729755214163644,2.7564114769888306,2.5851353726507336,2.307214721867266
ccv2_legacy_baseline_s43,upgraded_context,sony30_regression,30,7.00663977096274,8.605363747694618,7.659676487142979,21.92087156637516,0.23333333333333334,0.06666666666666667,8.437511032138529,0,0.6666666666666666,9.448930091614352,8.605363747694618,8.552760309763888,8.624180780442803,8.703508771462465,9.324891976067667,8.512679727250822
ccv2_legacy_baseline_s43,upgraded_combined,sony30_regression,30,7.00663977096274,8.605363747694618,7.659676487142979,21.92087156637516,0.23333333333333334,0.06666666666666667,7.767805825764312,0,0.16666666666666666,7.824962357986607,8.605363747694618,8.451755067308945,8.472408811196061,8.52777700692445,8.629905941481667,7.566403847041024
ccv2_legacy_baseline_s43,v1_baseline_context,fresh_all,384,4.892593971058239,6.135542223684488,5.018646338976838,13.98687556296484,0.13802083333333334,0.010416666666666666,5.879456366350484,0,0.8098958333333334,5.79553548224962,6.135542223684488,5.982347054174222,5.900931393420727,5.756690437479322,5.722152353410834,5.606329390124432
ccv2_legacy_baseline_s43,v1_baseline_disagreement,fresh_all,384,4.892593971058239,6.135542223684488,5.018646338976838,13.98687556296484,0.13802083333333334,0.010416666666666666,4.801841290465403,0,0.20572916666666666,4.139930113531028,6.135542223684488,5.994013746484856,5.822400235678377,5.427725302550146,5.226734364252198,5.11433199795592
ccv2_legacy_baseline_s43,v1_baseline_combined,fresh_all,384,4.892593971058239,6.135542223684488,5.018646338976838,13.98687556296484,0.13802083333333334,0.010416666666666666,4.887262378396817,0,0.375,4.682368190824958,6.135542223684488,5.914724507592649,5.702824493774214,5.479247368228989,5.2371472942482,5.176799629733964
ccv2_legacy_baseline_s43,v1_gray_world,fresh_all,384,4.985166488939522,6.16614410494257,4.791594539399697,16.312821223524487,0.20052083333333334,0.015625,3.907802454228841,0,0.5807291666666666,4.09188504132243,6.16614410494257,5.856596568823269,5.6035456556935905,5.107426463628698,4.446117682658396,4.09739835191777
ccv2_legacy_baseline_s43,v1_max_rgb,fresh_all,384,10.459406916945488,10.804522837381064,11.395241443555566,20.193621575003494,0.5390625,0.052083333333333336,5.886365319084784,0,0.3776041666666667,4.243171777785051,10.804522837381064,10.443039082838672,10.05985311628062,9.239994899169949,8.156141912899386,6.855322379620014
ccv2_legacy_baseline_s43,v1_shades_gray,fresh_all,384,5.75865240071353,6.480730423301317,4.921435760608351,16.870404332649517,0.25,0.015625,3.7629113913758694,0,0.2578125,2.6902210425859865,6.480730423301317,5.922671545618093,5.48828840100674,4.781690523209907,4.295608517146945,3.8832297253670265
ccv2_legacy_baseline_s43,v1_gray_edge,fresh_all,384,6.1774736497700315,6.840626415053929,4.655198188118735,18.814899562812155,0.2734375,0.03125,3.948390634357736,0,0.3203125,2.756907965486834,6.840626415053929,6.16783430625988,5.69083274476635,4.81025628019749,4.219927190885592,3.7411715763975635
ccv2_legacy_baseline_s43,upgraded_context,fresh_all,384,4.892593971058239,6.135542223684488,5.018646338976838,13.98687556296484,0.13802083333333334,0.010416666666666666,5.792564662072347,0,0.8098958333333334,5.79553548224962,6.135542223684488,5.982347054174222,5.8756112805668215,5.756690437479322,5.722152353410834,5.606329390124432
ccv2_legacy_baseline_s43,upgraded_combined,fresh_all,384,4.892593971058239,6.135542223684488,5.018646338976838,13.98687556296484,0.13802083333333334,0.010416666666666666,5.384408732285242,0,0.16927083333333334,4.277027502347593,6.135542223684488,6.082441292190992,6.0140269039260446,5.958647085277123,5.84855793912706,5.835268752195835
ccv2_legacy_baseline_s43,v1_baseline_context,fresh_Canon_5DSR,128,4.42937179515898,5.26502603762187,4.699914593435974,11.395975882702515,0.0625,0.015625,4.563013610752661,0,0.7578125,4.578288341591306,5.26502603762187,5.0568281040373595,5.008982614669469,4.786422907279137,4.391735813447923,4.346166237927334
ccv2_legacy_baseline_s43,v1_baseline_disagreement,fresh_Canon_5DSR,128,4.42937179515898,5.26502603762187,4.699914593435974,11.395975882702515,0.0625,0.015625,4.367706192130429,0,0.1484375,3.765214243561995,5.26502603762187,5.293174104876852,5.296229434542738,4.834716040817412,4.6575653517811535,4.679964285935644
ccv2_legacy_baseline_s43,v1_baseline_combined,fresh_Canon_5DSR,128,4.42937179515898,5.26502603762187,4.699914593435974,11.395975882702515,0.0625,0.015625,4.31175874458939,0,0.34375,4.244026854039295,5.26502603762187,5.166577876135852,5.090486762784823,4.593816334691187,4.421085636089456,4.246757023470819
ccv2_legacy_baseline_s43,v1_gray_world,fresh_Canon_5DSR,128,4.506724629468871,5.993115771043569,4.26169120051428,16.130110688575538,0.2109375,0.0234375,3.9211764035088947,0,0.40625,3.188947707853586,5.993115771043569,5.896785828305327,5.724556991180714,5.357002602682812,4.441177059996939,3.932949269132623
ccv2_legacy_baseline_s43,v1_max_rgb,fresh_Canon_5DSR,128,13.908369806456648,14.253637686662815,17.590966137818626,21.37688394705338,0.6953125,0.140625,8.764487865186101,0,0.3125,5.753053370838866,14.253637686662815,13.935371147296204,13.685162806902229,13.021237642593324,12.167620691420005,10.902028171052114
ccv2_legacy_baseline_s43,v1_shades_gray,fresh_Canon_5DSR,128,7.412147805579747,8.360427108725304,6.059139068854954,19.02763058129529,0.375,0.0390625,4.849156287674233,0,0.328125,3.452549600962437,8.360427108725304,7.813647814751544,7.409553119490073,6.434686858937671,5.573782657685936,4.904596732815463
ccv2_legacy_baseline_s43,v1_gray_edge,fresh_Canon_5DSR,128,8.393783987980157,9.136029072757609,6.11470416728316,21.233949565894946,0.40625,0.0859375,5.456426709435343,0,0.3515625,3.4935292593258023,9.136029072757609,8.420932481600824,7.893475295921354,6.856865004428834,5.627042654397964,4.7566603939685566
ccv2_legacy_baseline_s43,upgraded_context,fresh_Canon_5DSR,128,4.42937179515898,5.26502603762187,4.699914593435974,11.395975882702515,0.0625,0.015625,4.516556498432871,0,0.7578125,4.578288341591306,5.26502603762187,5.0568281040373595,5.008982614669469,4.786422907279137,4.391735813447923,4.346166237927334
ccv2_legacy_baseline_s43,upgraded_combined,fresh_Canon_5DSR,128,4.42937179515898,5.26502603762187,4.699914593435974,11.395975882702515,0.0625,0.015625,4.26345380985202,0,0.2421875,3.6241254831205842,5.26502603762187,5.270085480582339,5.161637890702455,5.047707329052712,4.831247122600559,4.7256513315163815
ccv2_legacy_baseline_s43,v1_baseline_context,fresh_Nikon_D810,128,4.349364124790389,5.3599166848971915,3.8845726262409994,13.672403737859957,0.140625,0.0078125,4.817726472509556,0,0.8359375,4.910192449139919,5.3599166848971915,5.202949102771377,5.05379783874018,4.783371478578887,4.879156155401655,4.416450274625459
ccv2_legacy_baseline_s43,v1_baseline_disagreement,fresh_Nikon_D810,128,4.349364124790389,5.3599166848971915,3.8845726262409994,13.672403737859957,0.140625,0.0078125,4.073675108478589,0,0.3125,3.6072765884422053,5.3599166848971915,5.190068796753842,5.0158196936626505,4.478757779126718,4.423874886494516,4.100492938292454
ccv2_legacy_baseline_s43,v1_baseline_combined,fresh_Nikon_D810,128,4.349364124790389,5.3599166848971915,3.8845726262409994,13.672403737859957,0.140625,0.0078125,4.064531329207865,0,0.4296875,3.7798769407409853,5.3599166848971915,5.131262669552243,4.9525943507790755,4.493954262396468,4.22749900662539,4.20061523946909
ccv2_legacy_baseline_s43,v1_gray_world,fresh_Nikon_D810,128,5.531192639254466,6.687966386204783,5.357850483658654,17.94417007741393,0.21875,0.0078125,3.876821083877447,0,0.5625,3.98963702758949,6.687966386204783,6.165827530540698,5.850372571362213,5.4688366096214525,4.809556380980069,4.055554177179715
ccv2_legacy_baseline_s43,v1_max_rgb,fresh_Nikon_D810,128,9.585347151799354,9.950531491422336,10.720012276295076,17.348638095207825,0.53125,0.0,5.4103615286018085,0,0.3984375,3.7893703659203446,9.950531491422336,9.62728835191161,9.36541715732025,8.529882862386163,7.407381042236417,6.188091007344932
ccv2_legacy_baseline_s43,v1_shades_gray,fresh_Nikon_D810,128,5.550812629815625,6.194429569859215,4.631911282036346,14.933490704810124,0.265625,0.0,3.3073007605055444,0,0.21875,2.2066727037731666,6.194429569859215,5.683609762446805,5.350504628183315,4.638609884693835,3.8899295202156883,3.2963859477748927
ccv2_legacy_baseline_s43,v1_gray_edge,fresh_Nikon_D810,128,6.4514489720224315,7.088303940983927,6.384019206873918,16.503234332933324,0.3125,0.0078125,4.0033382465323175,0,0.25,2.732354472320204,7.088303940983927,6.488784791969649,6.076860150394733,5.199702346407248,4.749625414423774,4.002943507896115
ccv2_legacy_baseline_s43,upgraded_context,fresh_Nikon_D810,128,4.349364124790389,5.3599166848971915,3.8845726262409994,13.672403737859957,0.140625,0.0078125,4.712239553946652,0,0.8359375,4.910192449139919,5.3599166848971915,5.202949102771377,5.05379783874018,4.783371478578887,4.879156155401655,4.416450274625459
ccv2_legacy_baseline_s43,upgraded_combined,fresh_Nikon_D810,128,4.349364124790389,5.3599166848971915,3.8845726262409994,13.672403737859957,0.140625,0.0078125,5.068493189250474,0,0.171875,4.5071499485313975,5.3599166848971915,5.256634093853837,5.340884449362294,5.0798847532243645,5.053838021243488,5.156168668972322
ccv2_legacy_baseline_s43,v1_baseline_context,fresh_Sony_IMX135_BLCCSC,128,5.89904599322535,7.781683948534401,7.167345879752391,16.374102922668705,0.2109375,0.0078125,7.4476445964787255,0,0.8359375,7.784364241002837,7.781683948534401,7.713317076694475,7.696077661493472,7.84986394710432,7.725217994052216,7.745836368699661
ccv2_legacy_baseline_s43,v1_baseline_disagreement,fresh_Sony_IMX135_BLCCSC,128,5.89904599322535,7.781683948534401,7.167345879752391,16.374102922668705,0.2109375,0.0078125,6.3809175993635545,0,0.15625,5.5612172401792535,7.781683948534401,7.462097942513962,7.200318013570563,7.050080093572712,7.069227544643406,6.782773872171766
ccv2_legacy_baseline_s43,v1_baseline_combined,fresh_Sony_IMX135_BLCCSC,128,5.89904599322535,7.781683948534401,7.167345879752391,16.374102922668705,0.2109375,0.0078125,6.591508602524458,0,0.3515625,6.214013470229131,7.781683948534401,7.462097942513962,7.293871064931164,7.070045938219187,7.106699773104875,7.069727682859375
ccv2_legacy_baseline_s43,v1_gray_world,fresh_Sony_IMX135_BLCCSC,128,4.917582198095227,5.817350157579358,4.720750522494745,13.877645972112356,0.171875,0.015625,3.8489225458865377,0,0.7734375,4.6405173476774975,5.817350157579358,5.264842260258543,5.0270157159788855,4.709965412798516,4.225886824110401,3.8523819291507184
ccv2_legacy_baseline_s43,v1_max_rgb,fresh_Sony_IMX135_BLCCSC,128,7.884503792580467,8.20939933405804,7.567420998555997,17.1216729915539,0.390625,0.015625,4.243421526598108,0,0.421875,3.553331190432225,8.20939933405804,7.788969346356283,7.429172829850178,6.642425542737583,5.684016700303522,4.643913499417063
ccv2_legacy_baseline_s43,v1_shades_gray,fresh_Sony_IMX135_BLCCSC,128,4.312996766745214,4.8873345913194335,4.13109109850733,12.109191021815343,0.109375,0.0078125,2.962441818394129,0,0.2265625,2.053033250687644,4.8873345913194335,4.574093076287704,4.4765934672998355,4.133303911420478,3.6195797727063117,3.2861282394203286
ccv2_legacy_baseline_s43,v1_gray_edge,fresh_Sony_IMX135_BLCCSC,128,3.687187989307507,4.297546231420251,2.678029309592789,12.99448017777168,0.1015625,0.0,2.6981517567281896,0,0.359375,2.0533808689341955,4.297546231420251,4.019798961427053,3.905233308941889,3.5278042479368787,3.0840341420789352,2.8307262107817377
ccv2_legacy_baseline_s43,upgraded_context,fresh_Sony_IMX135_BLCCSC,128,5.89904599322535,7.781683948534401,7.167345879752391,16.374102922668705,0.2109375,0.0078125,7.411498167817126,0,0.8359375,7.784364241002837,7.781683948534401,7.713317076694475,7.696077661493472,7.84986394710432,7.725217994052216,7.745836368699661
ccv2_legacy_baseline_s43,upgraded_combined,fresh_Sony_IMX135_BLCCSC,128,5.89904599322535,7.781683948534401,7.167345879752391,16.374102922668705,0.2109375,0.0078125,7.4151766085672675,0,0.09375,5.541799900680394,7.781683948534401,7.6955369905081,7.822966702189418,7.717424628837571,7.827403642316758,7.837259814285158
ccv2_legacy_proposed_s17,v1_proposed_context,source_regression,462,1.6297933032878287,2.155532690481291,0.9292676795546004,9.614075711566882,0.045454545454545456,0.0,1.4368830978931397,0,0.7294372294372294,1.6070964123840084,2.155532690481291,1.9371708278413615,1.8129342478877426,1.6823710235678757,1.5385353352823228,1.3894658931435988
ccv2_legacy_proposed_s17,v1_proposed_disagreement,source_regression,462,1.6297933032878287,2.155532690481291,0.9292676795546004,9.614075711566882,0.045454545454545456,0.0,1.4656586366570508,0,0.7445887445887446,1.5566122303785896,2.155532690481291,2.012538684352052,1.9012141798234998,1.7091309276489233,1.5069181029373209,1.4221150119956276
ccv2_legacy_proposed_s17,v1_proposed_combined,source_regression,462,1.6297933032878287,2.155532690481291,0.9292676795546004,9.614075711566882,0.045454545454545456,0.0,1.1664792718309398,0,0.7402597402597403,1.3957706214626273,2.155532690481291,1.9367560354401314,1.8303055255790501,1.5314533541217683,1.346000485584208,1.1641936736169545
ccv2_legacy_proposed_s17,upgraded_context,source_regression,462,1.6297933032878287,2.155532690481291,0.9292676795546004,9.614075711566882,0.045454545454545456,0.0,1.3916754076312872,0,0.7337662337662337,1.6059022870199502,2.155532690481291,1.9732906456172532,1.806584974542092,1.659529405130013,1.522066146067039,1.3828484475341707
ccv2_legacy_proposed_s17,upgraded_combined,source_regression,462,1.6297933032878287,2.155532690481291,0.9292676795546004,9.614075711566882,0.045454545454545456,0.0,1.1292646669275277,0,0.7337662337662337,1.3494875875903454,2.155532690481291,1.8656343331366454,1.7448131873906603,1.459690163445761,1.255744766629277,1.0996876435075216
ccv2_legacy_proposed_s17,v1_proposed_context,sony30_regression,30,4.565915709247448,5.901636768792842,4.99733633644252,12.766998229001153,0.13333333333333333,0.03333333333333333,5.776273108041292,0,0.3333333333333333,6.281614384014361,5.901636768792842,6.019166981482291,6.030670728176815,6.16864217585816,6.8670936438108106,5.6680182177691485
ccv2_legacy_proposed_s17,v1_proposed_disagreement,sony30_regression,30,4.565915709247448,5.901636768792842,4.99733633644252,12.766998229001153,0.13333333333333333,0.03333333333333333,3.632584556856616,0,0.4,2.9695089078490375,5.901636768792842,4.76053483586268,4.596065802329604,4.491290093677059,4.052609171793014,4.027109036995528
ccv2_legacy_proposed_s17,v1_proposed_combined,sony30_regression,30,4.565915709247448,5.901636768792842,4.99733633644252,12.766998229001153,0.13333333333333333,0.03333333333333333,3.624345598022541,0,0.5,3.5157374856490944,5.901636768792842,4.76053483586268,4.596065802329604,4.443533708797122,4.120565077381478,3.813080314131429
ccv2_legacy_proposed_s17,upgraded_context,sony30_regression,30,4.565915709247448,5.901636768792842,4.99733633644252,12.766998229001153,0.13333333333333333,0.03333333333333333,6.778724708545613,0,0.2,7.486369909276392,5.901636768792842,6.019166981482291,6.030670728176815,6.1038297153182945,6.018832410242526,6.663659951493338
ccv2_legacy_proposed_s17,upgraded_combined,sony30_regression,30,4.565915709247448,5.901636768792842,4.99733633644252,12.766998229001153,0.13333333333333333,0.03333333333333333,5.081638142738722,0,0.7666666666666667,5.535580178214365,5.901636768792842,5.605670504796393,5.750398111784263,5.657328894498879,5.695566649578209,5.846847408050945
ccv2_legacy_proposed_s17,v1_proposed_context,fresh_all,384,4.674144192433887,5.5113555758486,4.296099802336351,15.504303566643827,0.12239583333333333,0.020833333333333332,4.873422782654907,0,0.5598958333333334,4.989621862710408,5.5113555758486,5.375822546897921,5.196153875711977,4.940137510065064,4.933836696265656,4.97146021230258
ccv2_legacy_proposed_s17,v1_proposed_disagreement,fresh_all,384,4.674144192433887,5.5113555758486,4.296099802336351,15.504303566643827,0.12239583333333333,0.020833333333333332,4.223768550043335,0,0.2734375,3.5906292351691653,5.5113555758486,5.329528230381614,5.299254396946212,5.26080850131635,4.775075457028694,4.304245802281651
ccv2_legacy_proposed_s17,v1_proposed_combined,fresh_all,384,4.674144192433887,5.5113555758486,4.296099802336351,15.504303566643827,0.12239583333333333,0.020833333333333332,3.9895046442818938,0,0.3177083333333333,3.8102919299695226,5.5113555758486,5.331107639330158,5.279079940894272,4.981042681933062,4.5736255753831845,4.132605174235826
ccv2_legacy_proposed_s17,upgraded_context,fresh_all,384,4.674144192433887,5.5113555758486,4.296099802336351,15.504303566643827,0.12239583333333333,0.020833333333333332,4.857758960811054,0,0.625,4.780942349699865,5.5113555758486,5.168614409378321,5.041321739905681,4.890404696774328,4.8118224660796285,4.839139534245413
ccv2_legacy_proposed_s17,upgraded_combined,fresh_all,384,4.674144192433887,5.5113555758486,4.296099802336351,15.504303566643827,0.12239583333333333,0.020833333333333332,4.244925941167647,0,0.40625,4.10436879577233,5.5113555758486,5.281200991925003,5.087285442517348,4.761007166586535,4.635263057574146,4.332028308188793
ccv2_legacy_proposed_s17,v1_proposed_context,fresh_Canon_5DSR,128,5.718272480026137,6.426735063485244,4.848451926532412,18.165152504212006,0.1953125,0.0390625,4.960025021244549,0,0.5859375,4.779276412155826,6.426735063485244,6.053672055283959,5.638959399201443,5.174917153507761,4.922220394630323,4.744395140460077
ccv2_legacy_proposed_s17,v1_proposed_disagreement,fresh_Canon_5DSR,128,5.718272480026137,6.426735063485244,4.848451926532412,18.165152504212006,0.1953125,0.0390625,4.954769106882727,0,0.1875,3.820541107548648,6.426735063485244,6.459265193670837,6.5699498334270885,6.565182779956906,5.893883795121022,5.470140178085109
ccv2_legacy_proposed_s17,v1_proposed_combined,fresh_Canon_5DSR,128,5.718272480026137,6.426735063485244,4.848451926532412,18.165152504212006,0.1953125,0.0390625,4.695768093583629,0,0.2265625,3.4197359390360913,6.426735063485244,6.469700150373521,6.542075542922517,6.178793207244343,5.5004192806753105,4.808229061516795
ccv2_legacy_proposed_s17,upgraded_context,fresh_Canon_5DSR,128,5.718272480026137,6.426735063485244,4.848451926532412,18.165152504212006,0.1953125,0.0390625,4.7712044045254025,0,0.625,4.257127303894773,6.426735063485244,5.753529120173524,5.416444905003452,4.876848654801064,4.29233977373486,4.20998068595663
ccv2_legacy_proposed_s17,upgraded_combined,fresh_Canon_5DSR,128,5.718272480026137,6.426735063485244,4.848451926532412,18.165152504212006,0.1953125,0.0390625,5.0894645971342936,0,0.1640625,4.333555346163495,6.426735063485244,6.359566746482982,6.337923653382818,5.861720367282671,5.388935378684116,5.275483254139767
ccv2_legacy_proposed_s17,v1_proposed_context,fresh_Nikon_D810,128,3.9514271765857245,4.473165125870884,3.0875131340793396,13.129586023336678,0.109375,0.0078125,3.6060999911418703,0,0.5078125,3.7594632860457957,4.473165125870884,4.234133821647289,4.089496696347888,3.76405070864228,3.7176955863598433,3.7658066337082245
ccv2_legacy_proposed_s17,v1_proposed_disagreement,fresh_Nikon_D810,128,3.9514271765857245,4.473165125870884,3.0875131340793396,13.129586023336678,0.109375,0.0078125,3.346793560858063,0,0.328125,3.3085119343202583,4.473165125870884,4.16244742054998,4.146109388117206,4.171147656426462,3.984121342481414,3.582963488390467
ccv2_legacy_proposed_s17,v1_proposed_combined,fresh_Nikon_D810,128,3.9514271765857245,4.473165125870884,3.0875131340793396,13.129586023336678,0.109375,0.0078125,3.1574585310307945,0,0.34375,3.1163774607948356,4.473165125870884,4.16244742054998,4.145575107644577,4.052108786006696,3.732407520897213,3.406142118043285
ccv2_legacy_proposed_s17,upgraded_context,fresh_Nikon_D810,128,3.9514271765857245,4.473165125870884,3.0875131340793396,13.129586023336678,0.109375,0.0078125,3.560654179469034,0,0.6328125,3.7246960901663706,4.473165125870884,4.144544447757852,3.8946497091877337,3.9261069661235863,4.129350185335614,3.852558904610023
ccv2_legacy_proposed_s17,upgraded_combined,fresh_Nikon_D810,128,3.9514271765857245,4.473165125870884,3.0875131340793396,13.129586023336678,0.109375,0.0078125,2.8850944962591942,0,0.5,2.9447691783033614,4.473165125870884,4.0453562749291025,3.874916594884469,3.59819441364474,3.2659162626216194,3.036652318720767
ccv2_legacy_proposed_s17,v1_proposed_context,fresh_Sony_IMX135_BLCCSC,128,4.352732920689799,5.634166538189668,5.235208474855031,10.151391888173107,0.0625,0.015625,6.146888211776965,0,0.5859375,6.266104746374318,5.634166538189668,5.814355968159642,5.853588930612015,5.830381994404592,6.097604796752888,6.2240406325837
ccv2_legacy_proposed_s17,v1_proposed_disagreement,fresh_Sony_IMX135_BLCCSC,128,4.352732920689799,5.634166538189668,5.235208474855031,10.151391888173107,0.0625,0.015625,4.470744618367712,0,0.3046875,3.7529636376959994,5.634166538189668,5.305861101390375,5.221242366798745,5.033505155030189,4.778410728355583,4.537862186442547
ccv2_legacy_proposed_s17,v1_proposed_combined,fresh_Sony_IMX135_BLCCSC,128,4.352732920689799,5.634166538189668,5.235208474855031,10.151391888173107,0.0625,0.015625,4.29250773067133,0,0.3828125,4.664544182638009,5.634166538189668,5.364884645711963,5.307589403974719,5.1517603742573295,4.796276283322396,4.7855598934764725
ccv2_legacy_proposed_s17,upgraded_context,fresh_Sony_IMX135_BLCCSC,128,4.352732920689799,5.634166538189668,5.235208474855031,10.151391888173107,0.0625,0.015625,6.228852156101238,0,0.6171875,6.394374636872273,5.634166538189668,5.832508138956221,5.960679987154333,6.216240564290695,6.140664155532319,6.383951225002888
ccv2_legacy_proposed_s17,upgraded_combined,fresh_Sony_IMX135_BLCCSC,128,4.352732920689799,5.634166538189668,5.235208474855031,10.151391888173107,0.0625,0.015625,4.985560306749653,0,0.5546875,5.0818541191497895,5.634166538189668,5.4976844348241665,5.457849605721893,5.1550699340315465,5.202858015990497,5.101403680602687
ccv2_legacy_proposed_s29,v1_proposed_context,source_regression,462,1.5811242278537951,2.085473497951861,0.9392397106960861,7.890055305877376,0.030303030303030304,0.0021645021645021645,2.552248538570613,0,0.7683982683982684,1.9626868105582966,2.085473497951861,1.9517924846018446,1.893354700596943,1.953521864451307,1.9869890706783575,2.074812319377603
ccv2_legacy_proposed_s29,v1_proposed_disagreement,source_regression,462,1.5811242278537951,2.085473497951861,0.9392397106960861,7.890055305877376,0.030303030303030304,0.0021645021645021645,1.2628674471253591,0,0.7445887445887446,1.5062035700944287,2.085473497951861,2.0040703928610664,1.8802771591473575,1.5980247466006026,1.3837454468571648,1.314481162235744
ccv2_legacy_proposed_s29,v1_proposed_combined,source_regression,462,1.5811242278537951,2.085473497951861,0.9392397106960861,7.890055305877376,0.030303030303030304,0.0021645021645021645,1.3950473171105346,0,0.7424242424242424,1.4262615653726467,2.085473497951861,1.9079097460937402,1.8252321654712924,1.6058385360104461,1.4060861619378957,1.3204985669176947
ccv2_legacy_proposed_s29,upgraded_context,source_regression,462,1.5811242278537951,2.085473497951861,0.9392397106960861,7.890055305877376,0.030303030303030304,0.0021645021645021645,2.5836643828069534,0,0.7683982683982684,1.9626868105582966,2.085473497951861,1.9517924846018446,1.893354700596943,1.953521864451307,1.9869890706783575,2.070994216678475
ccv2_legacy_proposed_s29,upgraded_combined,source_regression,462,1.5811242278537951,2.085473497951861,0.9392397106960861,7.890055305877376,0.030303030303030304,0.0021645021645021645,1.3949264938618795,0,0.7424242424242424,1.4262615653726467,2.085473497951861,1.9079097460937402,1.8252321654712924,1.6058385360104461,1.4060861619378957,1.3204985669176947
ccv2_legacy_proposed_s29,v1_proposed_context,sony30_regression,30,4.2489272175474335,5.405374281266238,4.0029674348943916,13.344245651638868,0.13333333333333333,0.03333333333333333,4.395782426126493,0,0.3,3.8925234262678554,5.405374281266238,5.5988275356196695,5.547499560811967,5.492972838790926,5.909422867689678,6.176824872444105
ccv2_legacy_proposed_s29,v1_proposed_disagreement,sony30_regression,30,4.2489272175474335,5.405374281266238,4.0029674348943916,13.344245651638868,0.13333333333333333,0.03333333333333333,3.0438806104446012,0,0.4666666666666667,2.3832412276048367,5.405374281266238,4.206948765291376,4.190642520669899,3.820170184806867,3.809322044805808,3.7276795464573715
ccv2_legacy_proposed_s29,v1_proposed_combined,sony30_regression,30,4.2489272175474335,5.405374281266238,4.0029674348943916,13.344245651638868,0.13333333333333333,0.03333333333333333,2.8551201244630513,0,0.43333333333333335,2.375826244698415,5.405374281266238,4.206948765291376,4.107154681188841,4.102915954135227,3.9216501199589726,3.3101716803764067
ccv2_legacy_proposed_s29,upgraded_context,sony30_regression,30,4.2489272175474335,5.405374281266238,4.0029674348943916,13.344245651638868,0.13333333333333333,0.03333333333333333,4.395782426126493,0,0.3,3.8925234262678554,5.405374281266238,5.5988275356196695,5.547499560811967,5.492972838790926,5.909422867689678,6.176824872444105
ccv2_legacy_proposed_s29,upgraded_combined,sony30_regression,30,4.2489272175474335,5.405374281266238,4.0029674348943916,13.344245651638868,0.13333333333333333,0.03333333333333333,2.8551201244630513,0,0.43333333333333335,2.375826244698415,5.405374281266238,4.206948765291376,4.107154681188841,4.102915954135227,3.9216501199589726,3.3101716803764067
ccv2_legacy_proposed_s29,v1_proposed_context,fresh_all,384,4.5487411812476966,5.416525668183547,4.216303018605059,13.442975365176341,0.1171875,0.010416666666666666,4.681400440282757,0,0.3984375,4.867520382523693,5.416525668183547,4.916490818857983,4.864460650760453,4.890837269919336,4.939690674867976,5.016009534346421
ccv2_legacy_proposed_s29,v1_proposed_disagreement,fresh_all,384,4.5487411812476966,5.416525668183547,4.216303018605059,13.442975365176341,0.1171875,0.010416666666666666,4.238333274693374,0,0.3255208333333333,3.7242175686448546,5.416525668183547,5.395153577258944,5.390485477366514,5.282899364218358,4.967940365712381,4.671617681220568
ccv2_legacy_proposed_s29,v1_proposed_combined,fresh_all,384,4.5487411812476966,5.416525668183547,4.216303018605059,13.442975365176341,0.1171875,0.010416666666666666,4.103491243496368,0,0.328125,3.6296895331843984,5.416525668183547,5.2553151322805896,5.226150526396725,4.919240234118136,4.662331334170766,4.385035404784557
ccv2_legacy_proposed_s29,upgraded_context,fresh_all,384,4.5487411812476966,5.416525668183547,4.216303018605059,13.442975365176341,0.1171875,0.010416666666666666,4.681456609322823,0,0.3984375,4.867520382523693,5.416525668183547,4.916490818857983,4.864460650760453,4.890837269919336,4.939690674867976,5.016009534346421
ccv2_legacy_proposed_s29,upgraded_combined,fresh_all,384,4.5487411812476966,5.416525668183547,4.216303018605059,13.442975365176341,0.1171875,0.010416666666666666,4.102932370125921,0,0.328125,3.6296895331843984,5.416525668183547,5.2553151322805896,5.226150526396725,4.919240234118136,4.662331334170766,4.385035404784557
ccv2_legacy_proposed_s29,v1_proposed_context,fresh_Canon_5DSR,128,4.9955388871480455,5.721853718005872,4.2109272336565375,17.439039835458406,0.1484375,0.03125,4.277579018070033,0,0.625,4.153222563446808,5.721853718005872,4.923625888326846,4.511998589469135,4.241666446817649,4.200490835194476,4.117807878098369
ccv2_legacy_proposed_s29,v1_proposed_disagreement,fresh_Canon_5DSR,128,4.9955388871480455,5.721853718005872,4.2109272336565375,17.439039835458406,0.1484375,0.03125,4.3448630584196035,0,0.3671875,3.494425342223035,5.721853718005872,5.781107629640304,5.756519848030644,5.853932932845036,5.206489423179522,4.846304875228011
ccv2_legacy_proposed_s29,v1_proposed_combined,fresh_Canon_5DSR,128,4.9955388871480455,5.721853718005872,4.2109272336565375,17.439039835458406,0.1484375,0.03125,4.000432191208283,0,0.328125,3.157537554483788,5.721853718005872,5.610727929533828,5.429412212228482,5.297580714879225,4.775517754120573,4.1758877128413365
ccv2_legacy_proposed_s29,upgraded_context,fresh_Canon_5DSR,128,4.9955388871480455,5.721853718005872,4.2109272336565375,17.439039835458406,0.1484375,0.03125,4.27802518074123,0,0.625,4.153222563446808,5.721853718005872,4.923625888326846,4.511998589469135,4.241666446817649,4.200490835194476,4.117807878098369
ccv2_legacy_proposed_s29,upgraded_combined,fresh_Canon_5DSR,128,4.9955388871480455,5.721853718005872,4.2109272336565375,17.439039835458406,0.1484375,0.03125,3.999385999661634,0,0.328125,3.157537554483788,5.721853718005872,5.610727929533828,5.429412212228482,5.297580714879225,4.775517754120573,4.1758877128413365
ccv2_legacy_proposed_s29,v1_proposed_context,fresh_Nikon_D810,128,3.9689068273341768,4.5234224127943685,2.9029128701961806,12.098438341863764,0.125,0.0,4.292100922079735,0,0.2265625,5.283296217019517,4.5234224127943685,4.216553313927783,4.136769353932771,4.117656918449892,4.0396991634777635,4.12152546854224
ccv2_legacy_proposed_s29,v1_proposed_disagreement,fresh_Nikon_D810,128,3.9689068273341768,4.5234224127943685,2.9029128701961806,12.098438341863764,0.125,0.0,3.808344270717532,0,0.3515625,3.697130677697312,4.5234224127943685,4.406267435679787,4.3933323055788955,4.391668495403852,4.177819499460336,4.03891079668535
ccv2_legacy_proposed_s29,v1_proposed_combined,fresh_Nikon_D810,128,3.9689068273341768,4.5234224127943685,2.9029128701961806,12.098438341863764,0.125,0.0,3.625667082946208,0,0.3515625,3.5375349168659405,4.5234224127943685,4.386968931006933,4.370587324694095,4.277152611771191,3.885374928040788,3.6521118302491695
ccv2_legacy_proposed_s29,upgraded_context,fresh_Nikon_D810,128,3.9689068273341768,4.5234224127943685,2.9029128701961806,12.098438341863764,0.125,0.0,4.291068029494053,0,0.2265625,5.283296217019517,4.5234224127943685,4.216553313927783,4.136769353932771,4.117656918449892,4.0396991634777635,4.12152546854224
ccv2_legacy_proposed_s29,upgraded_combined,fresh_Nikon_D810,128,3.9689068273341768,4.5234224127943685,2.9029128701961806,12.098438341863764,0.125,0.0,3.625667082946208,0,0.3515625,3.5375349168659405,4.5234224127943685,4.386968931006933,4.370587324694095,4.277152611771191,3.885374928040788,3.6521118302491695
ccv2_legacy_proposed_s29,v1_proposed_context,fresh_Sony_IMX135_BLCCSC,128,4.6817778292608665,6.0043008737504024,5.7702796785509145,12.462269201683934,0.078125,0.0,5.779435376379759,0,0.34375,5.892209617200325,6.0043008737504024,5.981433834182114,6.060041745907868,6.134910534579438,6.16013211982279,6.261227034297261
ccv2_legacy_proposed_s29,v1_proposed_disagreement,fresh_Sony_IMX135_BLCCSC,128,4.6817778292608665,6.0043008737504024,5.7702796785509145,12.462269201683934,0.078125,0.0,4.638410611580035,0,0.2578125,4.08843407574985,6.0043008737504024,5.854690794205378,5.789249561343877,5.6588048662286665,5.437684678048683,5.183448161545004
ccv2_legacy_proposed_s29,v1_proposed_combined,fresh_Sony_IMX135_BLCCSC,128,4.6817778292608665,6.0043008737504024,5.7702796785509145,12.462269201683934,0.078125,0.0,4.821647528356394,0,0.3046875,4.244493144460198,6.0043008737504024,5.79284420750409,5.6057736656946435,5.460396403011024,5.241380125052462,5.124427358074142
ccv2_legacy_proposed_s29,upgraded_context,fresh_Sony_IMX135_BLCCSC,128,4.6817778292608665,6.0043008737504024,5.7702796785509145,12.462269201683934,0.078125,0.0,5.7791378166109055,0,0.34375,5.892209617200325,6.0043008737504024,5.981433834182114,6.060041745907868,6.134910534579438,6.16013211982279,6.261227034297261
ccv2_legacy_proposed_s29,upgraded_combined,fresh_Sony_IMX135_BLCCSC,128,4.6817778292608665,6.0043008737504024,5.7702796785509145,12.462269201683934,0.078125,0.0,4.822004436688482,0,0.3046875,4.244493144460198,6.0043008737504024,5.79284420750409,5.6057736656946435,5.460396403011024,5.241380125052462,5.124427358074142
ccv2_legacy_proposed_s43,v1_proposed_context,source_regression,462,1.5087769754912905,2.013206496547727,1.0674187833520365,7.403796951879015,0.025974025974025976,0.0,1.7553249705148828,0,0.7727272727272727,1.7927741759482057,2.013206496547727,1.8319090659945625,1.8207168933414326,1.790099765939304,1.7832473543170768,1.7577701206385843
ccv2_legacy_proposed_s43,v1_proposed_disagreement,source_regression,462,1.5087769754912905,2.013206496547727,1.0674187833520365,7.403796951879015,0.025974025974025976,0.0,1.5774907982170405,0,0.7272727272727273,1.5998039494832565,2.013206496547727,1.9405856144668123,1.8227788784268224,1.7209981055221806,1.5381024194232882,1.4169231357654863
ccv2_legacy_proposed_s43,v1_proposed_combined,source_regression,462,1.5087769754912905,2.013206496547727,1.0674187833520365,7.403796951879015,0.025974025974025976,0.0,1.4361575365129025,0,0.7272727272727273,1.516935935815371,2.013206496547727,1.8900371498243465,1.714570834784239,1.6209076255038333,1.5200534854448955,1.4724650581676668
ccv2_legacy_proposed_s43,upgraded_context,source_regression,462,1.5087769754912905,2.013206496547727,1.0674187833520365,7.403796951879015,0.025974025974025976,0.0,1.7113825694593923,0,0.7748917748917749,1.7468349772601708,2.013206496547727,1.8439598633614958,1.7826925338714923,1.7331306778905586,1.6895893865643858,1.7052385186876502
ccv2_legacy_proposed_s43,upgraded_combined,source_regression,462,1.5087769754912905,2.013206496547727,1.0674187833520365,7.403796951879015,0.025974025974025976,0.0,1.434396865470542,0,0.7272727272727273,1.516935935815371,2.013206496547727,1.8615346865157743,1.714570834784239,1.6209076255038333,1.5200534854448955,1.4724650581676668
ccv2_legacy_proposed_s43,v1_proposed_context,sony30_regression,30,3.948678616824474,5.253744012112281,4.346358119952064,11.946635046366087,0.1,0.0,6.078709128801661,0,0.43333333333333335,5.5089665204172755,5.253744012112281,5.463905214182434,5.598725252723377,5.942005517537669,5.685818705442088,5.705766770284412
ccv2_legacy_proposed_s43,v1_proposed_disagreement,sony30_regression,30,3.948678616824474,5.253744012112281,4.346358119952064,11.946635046366087,0.1,0.0,3.575031043262109,0,0.36666666666666664,3.756637081128467,5.253744012112281,4.831637090452773,4.821871393169988,4.742908372258591,4.4132919322562545,4.285919645938423
ccv2_legacy_proposed_s43,v1_proposed_combined,sony30_regression,30,3.948678616824474,5.253744012112281,4.346358119952064,11.946635046366087,0.1,0.0,3.9763550913529877,0,0.5333333333333333,3.6514306393052234,5.253744012112281,4.831637090452773,4.821871393169988,4.742908372258591,4.391279690047692,3.5519510184856915
ccv2_legacy_proposed_s43,upgraded_context,sony30_regression,30,3.948678616824474,5.253744012112281,4.346358119952064,11.946635046366087,0.1,0.0,5.98853654569845,0,0.5,5.441878845178876,5.253744012112281,5.463905214182434,5.504323780040117,5.754972773245288,5.547821000893395,5.803612698104732
ccv2_legacy_proposed_s43,upgraded_combined,sony30_regression,30,3.948678616824474,5.253744012112281,4.346358119952064,11.946635046366087,0.1,0.0,3.9763550913529877,0,0.5333333333333333,3.6514306393052234,5.253744012112281,4.831637090452773,4.821871393169988,4.742908372258591,4.391279690047692,3.5519510184856915
ccv2_legacy_proposed_s43,v1_proposed_context,fresh_all,384,4.384910390497127,5.210494815340293,4.1019594736482325,12.44313621268448,0.09635416666666667,0.015625,4.601805376488912,0,0.5833333333333334,4.551180417126149,5.210494815340293,4.966111004098577,4.96847280748203,4.867887676558731,4.7244896936252925,4.602972701464062
ccv2_legacy_proposed_s43,v1_proposed_disagreement,fresh_all,384,4.384910390497127,5.210494815340293,4.1019594736482325,12.44313621268448,0.09635416666666667,0.015625,4.033260997526129,0,0.2265625,3.425688147486058,5.210494815340293,5.096110708916808,5.044671220453957,4.9340676540698425,4.71987701705167,4.298816204865845
ccv2_legacy_proposed_s43,v1_proposed_combined,fresh_all,384,4.384910390497127,5.210494815340293,4.1019594736482325,12.44313621268448,0.09635416666666667,0.015625,3.9535026215606557,0,0.2942708333333333,3.4929545071943444,5.210494815340293,5.079867107992164,5.0300040974992255,4.805965856998071,4.536000334731504,4.112704116436376
ccv2_legacy_proposed_s43,upgraded_context,fresh_all,384,4.384910390497127,5.210494815340293,4.1019594736482325,12.44313621268448,0.09635416666666667,0.015625,4.725886282571305,0,0.609375,4.682937308292445,5.210494815340293,5.014581420280952,4.974649772347885,4.914696995006517,4.7982793097564205,4.675800486365156
ccv2_legacy_proposed_s43,upgraded_combined,fresh_all,384,4.384910390497127,5.210494815340293,4.1019594736482325,12.44313621268448,0.09635416666666667,0.015625,3.952976242136794,0,0.2942708333333333,3.4929545071943444,5.210494815340293,5.079867107992164,5.0300040974992255,4.805965856998071,4.536000334731504,4.068656431290799
ccv2_legacy_proposed_s43,v1_proposed_context,fresh_Canon_5DSR,128,4.666090046126958,5.32923387376829,4.305710903622564,14.553713317387704,0.109375,0.0390625,4.631952292259831,0,0.65625,4.333790241798991,5.32923387376829,4.885494816128933,4.752277931751777,4.385469539930445,4.289219416065383,4.429274120999156
ccv2_legacy_proposed_s43,v1_proposed_disagreement,fresh_Canon_5DSR,128,4.666090046126958,5.32923387376829,4.305710903622564,14.553713317387704,0.109375,0.0390625,3.982568523157491,0,0.2109375,3.470498939023819,5.32923387376829,5.28672914889536,5.3285672526956755,5.337638176420974,5.0899454349590485,4.521510993800692
ccv2_legacy_proposed_s43,v1_proposed_combined,fresh_Canon_5DSR,128,4.666090046126958,5.32923387376829,4.305710903622564,14.553713317387704,0.109375,0.0390625,4.003109160287256,0,0.2578125,3.2887914537262897,5.32923387376829,5.2454535332902825,5.343313162627113,5.390649177165594,4.76217929401619,4.318337468822774
ccv2_legacy_proposed_s43,upgraded_context,fresh_Canon_5DSR,128,4.666090046126958,5.32923387376829,4.305710903622564,14.553713317387704,0.109375,0.0390625,4.987425505256544,0,0.6953125,4.507088249306338,5.32923387376829,4.909959150323676,4.789652372355361,4.595329653211867,4.507088249306339,4.807567885018863
ccv2_legacy_proposed_s43,upgraded_combined,fresh_Canon_5DSR,128,4.666090046126958,5.32923387376829,4.305710903622564,14.553713317387704,0.109375,0.0390625,4.002888334566956,0,0.2578125,3.2887914537262897,5.32923387376829,5.2454535332902825,5.343313162627113,5.390649177165594,4.76217929401619,4.318337468822774
ccv2_legacy_proposed_s43,v1_proposed_context,fresh_Nikon_D810,128,3.843118496820181,4.3820722518281325,2.899944262749658,11.681898195485143,0.1015625,0.0,3.54136229654607,0,0.6015625,3.67122508733446,4.3820722518281325,4.139838015531586,4.198569004970509,4.041333241429873,3.9198539169512223,3.6613533628103454
ccv2_legacy_proposed_s43,v1_proposed_disagreement,fresh_Nikon_D810,128,3.843118496820181,4.3820722518281325,2.899944262749658,11.681898195485143,0.1015625,0.0,3.3765127161301587,0,0.25,3.116171931774726,4.3820722518281325,4.042834477850553,4.090323330594309,4.088793880629958,3.9103209624438064,3.545889737312404
ccv2_legacy_proposed_s43,v1_proposed_combined,fresh_Nikon_D810,128,3.843118496820181,4.3820722518281325,2.899944262749658,11.681898195485143,0.1015625,0.0,3.4120310498154804,0,0.3359375,3.193926377436177,4.3820722518281325,4.042834477850553,4.100664457463321,3.984142483408504,3.805666730476054,3.4061963233598114
ccv2_legacy_proposed_s43,upgraded_context,fresh_Nikon_D810,128,3.843118496820181,4.3820722518281325,2.899944262749658,11.681898195485143,0.1015625,0.0,3.6090537264934,0,0.625,3.829618694433736,4.3820722518281325,4.210626127994246,4.23252834324524,4.019627497129614,3.838248681275783,3.764792148737844
ccv2_legacy_proposed_s43,upgraded_combined,fresh_Nikon_D810,128,3.843118496820181,4.3820722518281325,2.899944262749658,11.681898195485143,0.1015625,0.0,3.4120310498154804,0,0.3359375,3.193926377436177,4.3820722518281325,4.042834477850553,4.100664457463321,3.984142483408504,3.805666730476054,3.4061963233598114
ccv2_legacy_proposed_s43,v1_proposed_context,fresh_Sony_IMX135_BLCCSC,128,4.645522628544245,5.920178320424457,5.298851484371136,11.76953545169348,0.078125,0.0078125,5.938743783463867,0,0.4921875,5.916534942863313,5.920178320424457,5.869554503829158,5.997700281395047,6.133634808537254,5.985039617128744,5.953385891436366
ccv2_legacy_proposed_s43,v1_proposed_disagreement,fresh_Sony_IMX135_BLCCSC,128,4.645522628544245,5.920178320424457,5.298851484371136,11.76953545169348,0.078125,0.0078125,4.714196607152912,0,0.21875,3.736210559316167,5.920178320424457,5.624471417687205,5.609928630344816,5.475753900967752,5.001689468056362,4.821671332906239
ccv2_legacy_proposed_s43,v1_proposed_combined,fresh_Sony_IMX135_BLCCSC,128,4.645522628544245,5.920178320424457,5.298851484371136,11.76953545169348,0.078125,0.0078125,4.5897338664015965,0,0.2890625,4.022565057033454,5.920178320424457,5.582643362105754,5.567843112970464,5.384801476007781,5.1922070317032425,4.915076596163521
ccv2_legacy_proposed_s43,upgraded_context,fresh_Sony_IMX135_BLCCSC,128,4.645522628544245,5.920178320424457,5.298851484371136,11.76953545169348,0.078125,0.0078125,5.824428294531688,0,0.5078125,5.973953544576449,5.920178320424457,5.869554503829158,6.014399148960163,5.984476662530191,6.05063103366894,6.093109620226282
ccv2_legacy_proposed_s43,upgraded_combined,fresh_Sony_IMX135_BLCCSC,128,4.645522628544245,5.920178320424457,5.298851484371136,11.76953545169348,0.078125,0.0078125,4.589447248912948,0,0.2890625,4.022565057033454,5.920178320424457,5.582643362105754,5.567843112970464,5.384801476007781,5.1922070317032425,4.915076596163521
ccv2_sog_large_g0_s17,context,source_regression,462,2.1719090255297266,2.770055124324432,1.7123383726941408,9.886849460663184,0.045454545454545456,0.0021645021645021645,1.818562905737179,0,0.7034632034632035,2.1392440442315133,2.770055124324432,2.4928174861941237,2.437231876657367,2.3009852889661744,2.1168072752719698,2.006324295752077
ccv2_sog_large_g0_s17,cheap,source_regression,462,2.1719090255297266,2.770055124324432,1.7123383726941408,9.886849460663184,0.045454545454545456,0.0021645021645021645,1.9376510309304589,0,0.7164502164502164,2.0825581175219567,2.770055124324432,2.5029517630166445,2.411250093082718,2.2085237844322023,2.0073942680842394,1.9472858519114666
ccv2_sog_large_g0_s17,combined,source_regression,462,2.1719090255297266,2.770055124324432,1.7123383726941408,9.886849460663184,0.045454545454545456,0.0021645021645021645,1.9211617638656995,0,0.7034632034632035,2.092694953413394,2.770055124324432,2.476802398698156,2.381597634966042,2.1698029955137055,2.043426112956898,1.8489497898193645
ccv2_sog_large_g0_s17,context,sony30_regression,30,2.5943064860416554,3.2525127592705596,1.974790190952852,8.869499924984465,0.06666666666666667,0.0,2.3829940082989456,0,0.5333333333333333,2.4531957252550733,3.2525127592705596,3.2466322585310254,3.1384971188903115,3.1908915800784743,2.711258439706061,2.5050073146085987
ccv2_sog_large_g0_s17,cheap,sony30_regression,30,2.5943064860416554,3.2525127592705596,1.974790190952852,8.869499924984465,0.06666666666666667,0.0,1.83851449011851,0,0.5,1.8220905111393728,3.2525127592705596,2.8688527597465403,2.765300633769622,2.1849127889403652,2.1051448678167213,2.1599216312640936
ccv2_sog_large_g0_s17,combined,sony30_regression,30,2.5943064860416554,3.2525127592705596,1.974790190952852,8.869499924984465,0.06666666666666667,0.0,1.8731889939058255,0,0.5333333333333333,1.9040855378779658,3.2525127592705596,3.0622979138629702,2.765300633769622,2.1535161591562657,2.1051448678167213,2.0275877874502393
ccv2_sog_large_g0_s17,context,fresh_all,384,3.918100686910064,4.585215211225349,3.30288940791598,12.836341244604293,0.11197916666666667,0.0078125,3.89814696475093,0,0.4348958333333333,3.760336776671933,4.585215211225349,4.491434056489933,4.365470263385461,4.280312173276214,4.301120315662089,4.092801435571934
ccv2_sog_large_g0_s17,cheap,fresh_all,384,3.918100686910064,4.585215211225349,3.30288940791598,12.836341244604293,0.11197916666666667,0.0078125,3.3850562126447454,0,0.4583333333333333,3.0104407135852127,4.585215211225349,4.457753307267281,4.2592400401756265,3.897490239278852,3.4522344922440285,3.1649203135760073
ccv2_sog_large_g0_s17,combined,fresh_all,384,3.918100686910064,4.585215211225349,3.30288940791598,12.836341244604293,0.11197916666666667,0.0078125,3.2926181753074837,0,0.453125,3.2269309896200404,4.585215211225349,4.418781677577366,4.252269528935372,3.751883507094164,3.4862366706991295,3.3119699589258906
ccv2_sog_large_g0_s17,context,fresh_Canon_5DSR,128,4.611759790056178,5.564212743278388,3.9665049688998053,15.082181634440365,0.171875,0.0234375,4.917714821380407,0,0.375,4.9699744308199785,5.564212743278388,5.606728488565696,5.427784561422118,5.371746334751275,5.46054028412782,5.429968466794352
ccv2_sog_large_g0_s17,cheap,fresh_Canon_5DSR,128,4.611759790056178,5.564212743278388,3.9665049688998053,15.082181634440365,0.171875,0.0234375,4.169415348167668,0,0.3828125,3.3505630824362433,5.564212743278388,5.564089237824153,5.418219282656335,4.892544161276444,4.268620021558054,3.922969762285669
ccv2_sog_large_g0_s17,combined,fresh_Canon_5DSR,128,4.611759790056178,5.564212743278388,3.9665049688998053,15.082181634440365,0.171875,0.0234375,4.135495895855929,0,0.3984375,3.726331959141578,5.564212743278388,5.514075755516526,5.345870853539613,4.86569606623633,4.26308085069245,4.121362653749098
ccv2_sog_large_g0_s17,context,fresh_Nikon_D810,128,3.711144953525595,4.302205957093894,3.1423013034663003,10.965903921937072,0.09375,0.0,3.540215015612583,0,0.4375,3.4767926241023965,4.302205957093894,4.217126590783124,4.072666247478543,4.004810756415125,4.035745860641452,3.6099728175394725
ccv2_sog_large_g0_s17,cheap,fresh_Nikon_D810,128,3.711144953525595,4.302205957093894,3.1423013034663003,10.965903921937072,0.09375,0.0,2.804364535890066,0,0.484375,2.8897168067431194,4.302205957093894,4.133282582898472,3.974358299957335,3.449230129232859,3.039910989659993,2.8734836421767205
ccv2_sog_large_g0_s17,combined,fresh_Nikon_D810,128,3.711144953525595,4.302205957093894,3.1423013034663003,10.965903921937072,0.09375,0.0,2.9181210060058524,0,0.453125,2.971993772066035,4.302205957093894,4.097854008415071,4.0154674858292365,3.455832763730876,3.0448021791422266,2.917126482982891
ccv2_sog_large_g0_s17,context,fresh_Sony_IMX135_BLCCSC,128,3.4313973171484164,3.8892269333037675,2.8492145818562715,11.688278460025643,0.0703125,0.0,3.2161618741181695,0,0.4921875,3.09074733452571,3.8892269333037675,3.741645299498452,3.7072364491234877,3.6311302964078607,3.2389115362866843,3.270377281405738
ccv2_sog_large_g0_s17,cheap,fresh_Sony_IMX135_BLCCSC,128,3.4313973171484164,3.8892269333037675,2.8492145818562715,11.688278460025643,0.0703125,0.0,3.281040919815726,0,0.5078125,2.8691928082084326,3.8892269333037675,3.7280754541025587,3.7312179455137695,3.5399754573754385,3.226687378471718,3.104540203315243
ccv2_sog_large_g0_s17,combined,fresh_Sony_IMX135_BLCCSC,128,3.4313973171484164,3.8892269333037675,2.8492145818562715,11.688278460025643,0.0703125,0.0,3.0648075957209415,0,0.5078125,3.0625757461205607,3.8892269333037675,3.7280754541025587,3.6514445685534067,3.4412051176459264,3.3527179304906203,3.0709099506069517
ccv2_sog_large_g0_s29,context,source_regression,462,2.4396092578895816,3.037661410775744,2.108180951470204,8.749736969713707,0.0367965367965368,0.004329004329004329,2.0533710456982686,0,0.7142857142857143,2.4843727527767077,3.037661410775744,2.8294766883265785,2.756977123418425,2.621750900977061,2.4910104229950325,2.3192141501534955
ccv2_sog_large_g0_s29,cheap,source_regression,462,2.4396092578895816,3.037661410775744,2.108180951470204,8.749736969713707,0.0367965367965368,0.004329004329004329,2.3420781903482304,0,0.7034632034632035,2.3893857952071946,3.037661410775744,2.8382507203667604,2.7601924845079076,2.5784810420026245,2.383475205075993,2.2726844250586735
ccv2_sog_large_g0_s29,combined,source_regression,462,2.4396092578895816,3.037661410775744,2.108180951470204,8.749736969713707,0.0367965367965368,0.004329004329004329,2.148810645558526,0,0.7056277056277056,2.380243780245073,3.037661410775744,2.927000912037151,2.804743031764197,2.5468842506378073,2.3750654993700886,2.1427925772648186
ccv2_sog_large_g0_s29,context,sony30_regression,30,3.0315558747565987,3.749946570099093,2.655953735759798,9.753867939085923,0.06666666666666667,0.0,2.7592123132488013,0,0.7,3.4103649257434214,3.749946570099093,3.579735276560444,3.56538492757216,3.473278473598631,3.4103649257434205,3.5462110384088135
ccv2_sog_large_g0_s29,cheap,sony30_regression,30,3.0315558747565987,3.749946570099093,2.655953735759798,9.753867939085923,0.06666666666666667,0.0,2.5407785971272534,0,0.6,2.2685404146770054,3.749946570099093,3.365317954829707,3.2876011788199464,3.33440403009352,2.3778149544692733,2.268540414677005
ccv2_sog_large_g0_s29,combined,sony30_regression,30,3.0315558747565987,3.749946570099093,2.655953735759798,9.753867939085923,0.06666666666666667,0.0,2.5861908055853586,0,0.7,2.4270650807600203,3.749946570099093,3.4659166722301573,3.391252453689658,2.5976599881580276,2.4270650807600207,2.5483856342227726
ccv2_sog_large_g0_s29,context,fresh_all,384,4.323519981090712,4.926359290191687,3.8689192603908555,12.338811999341408,0.11458333333333333,0.0078125,4.025865834960261,0,0.59375,4.24642465075271,4.926359290191687,4.838199372763424,4.708888104665503,4.575911614344664,4.449999714176809,4.232968701308752
ccv2_sog_large_g0_s29,cheap,fresh_all,384,4.323519981090712,4.926359290191687,3.8689192603908555,12.338811999341408,0.11458333333333333,0.0078125,3.641068941993448,0,0.4557291666666667,3.2953213458578214,4.926359290191687,4.6999404146923744,4.325717989320873,3.8999744055141834,3.7020382707645694,3.4118918041203568
ccv2_sog_large_g0_s29,combined,fresh_all,384,4.323519981090712,4.926359290191687,3.8689192603908555,12.338811999341408,0.11458333333333333,0.0078125,3.515078347796532,0,0.4869791666666667,3.2799843122278736,4.926359290191687,4.533710213779749,4.358756624113646,4.078662488781466,3.8065187785145893,3.5565059797735725
ccv2_sog_large_g0_s29,context,fresh_Canon_5DSR,128,5.132427109280447,5.9229382286278405,4.598652757401039,13.880438700483996,0.203125,0.0234375,4.87733878153718,0,0.6171875,5.3173392829946655,5.9229382286278405,5.7390319679624415,5.763488460622343,5.528519716138594,5.345327772114769,5.325767043082356
ccv2_sog_large_g0_s29,cheap,fresh_Canon_5DSR,128,5.132427109280447,5.9229382286278405,4.598652757401039,13.880438700483996,0.203125,0.0234375,4.015581044434844,0,0.3671875,3.1868799317226864,5.9229382286278405,5.635061508287919,5.501469496045046,4.531238517611162,4.0952672687080245,3.742386602642995
ccv2_sog_large_g0_s29,combined,fresh_Canon_5DSR,128,5.132427109280447,5.9229382286278405,4.598652757401039,13.880438700483996,0.203125,0.0234375,4.026105944666381,0,0.4765625,3.666099557195522,5.9229382286278405,5.501600160073954,5.233334180354675,4.736252892239648,4.18162147892276,3.909142836985324
ccv2_sog_large_g0_s29,context,fresh_Nikon_D810,128,4.068276698769677,4.59477330079285,3.5591671990201084,10.80808450971053,0.078125,0.0,3.497123514954299,0,0.6328125,3.7112652448998356,4.59477330079285,4.458263651914437,4.306364292972343,3.8787523953710155,3.906229098264738,3.5389870747766543
ccv2_sog_large_g0_s29,cheap,fresh_Nikon_D810,128,4.068276698769677,4.59477330079285,3.5591671990201084,10.80808450971053,0.078125,0.0,3.0069596473553304,0,0.4609375,2.6710672529666057,4.59477330079285,4.37474759057847,4.145517145848269,3.539292489713435,3.2523393288960687,2.9360963660808195
ccv2_sog_large_g0_s29,combined,fresh_Nikon_D810,128,4.068276698769677,4.59477330079285,3.5591671990201084,10.80808450971053,0.078125,0.0,3.125361337331098,0,0.484375,2.697350394027508,4.59477330079285,4.179381644872821,4.037177248006871,3.729499282099049,3.280849509075958,3.0542514816216246
ccv2_sog_large_g0_s29,context,fresh_Sony_IMX135_BLCCSC,128,3.769856135222013,4.261366341154372,3.406107281582003,11.182957343254635,0.0625,0.0,3.663764005438778,0,0.53125,3.6397431202669512,4.261366341154372,4.134441268446035,4.160380467244341,3.9924618508439242,3.828592397776437,3.6761719473244163
ccv2_sog_large_g0_s29,cheap,fresh_Sony_IMX135_BLCCSC,128,3.769856135222013,4.261366341154372,3.406107281582003,11.182957343254635,0.0625,0.0,4.151651615869304,0,0.5390625,3.9029697218713437,4.261366341154372,4.084612496441773,3.970015340672221,4.041700330187181,3.8926749843764785,4.039308627732783
ccv2_sog_large_g0_s29,combined,fresh_Sony_IMX135_BLCCSC,128,3.769856135222013,4.261366341154372,3.406107281582003,11.182957343254635,0.0625,0.0,3.5182029553034386,0,0.5,3.476394827624685,4.261366341154372,4.11427525638373,4.043422727571251,4.1228348801317525,3.8602799572978994,3.6326397098805225
ccv2_sog_large_g0_s43,context,source_regression,462,2.081079397004647,2.655463829305052,1.4430849916619637,10.085944939909014,0.05411255411255411,0.004329004329004329,1.6065420015175076,0,0.6796536796536796,1.8169368764296274,2.655463829305052,2.4685974572405214,2.3558830410232106,2.1506382175998864,1.8893777695989367,1.6500602262070923
ccv2_sog_large_g0_s43,cheap,source_regression,462,2.081079397004647,2.655463829305052,1.4430849916619637,10.085944939909014,0.05411255411255411,0.004329004329004329,1.8313348346399978,0,0.6623376623376623,1.843195785163228,2.655463829305052,2.4018136160941204,2.3104458468841305,2.1322900490272803,1.9186934072984607,1.6975174205511059
ccv2_sog_large_g0_s43,combined,source_regression,462,2.081079397004647,2.655463829305052,1.4430849916619637,10.085944939909014,0.05411255411255411,0.004329004329004329,1.8026035329717904,0,0.6926406926406926,1.9199815468558867,2.655463829305052,2.4095816168888713,2.3165858292361254,2.109823205481372,1.9211130357840123,1.6852781039018372
ccv2_sog_large_g0_s43,context,sony30_regression,30,2.4025584924899825,3.0231661996242485,1.8978392148378167,8.47183428248286,0.03333333333333333,0.0,1.8840114401450814,0,0.43333333333333335,1.8258080926962008,3.0231661996242485,2.3300947630265645,2.254190527886112,1.9313355368864693,1.9593151529504165,2.081575024312603
ccv2_sog_large_g0_s43,cheap,sony30_regression,30,2.4025584924899825,3.0231661996242485,1.8978392148378167,8.47183428248286,0.03333333333333333,0.0,1.81215280088354,0,0.36666666666666664,1.6116438925608454,3.0231661996242485,2.750361643790346,2.6900228486781823,2.057888136089567,1.7473431211838826,1.6291919341244099
ccv2_sog_large_g0_s43,combined,sony30_regression,30,2.4025584924899825,3.0231661996242485,1.8978392148378167,8.47183428248286,0.03333333333333333,0.0,1.8906604573587655,0,0.5,1.5408223854249543,3.0231661996242485,2.784130971462763,2.7750183985183505,2.563452676701283,1.9144707010853677,1.6562182243831731
ccv2_sog_large_g0_s43,context,fresh_all,384,4.007053121927429,4.646450631017285,3.30149129658845,12.657552771854084,0.109375,0.005208333333333333,3.374979652003058,0,0.4270833333333333,3.2826404802986553,4.646450631017285,4.468289720584097,4.247053166189474,3.9423525243195408,3.7642448571669576,3.488365408881887
ccv2_sog_large_g0_s43,cheap,fresh_all,384,4.007053121927429,4.646450631017285,3.30149129658845,12.657552771854084,0.109375,0.005208333333333333,3.4122836417837923,0,0.375,2.9105738877703,4.646450631017285,4.352169747789791,4.1373598757255,3.7927104811835295,3.521477926685459,3.3498987303785914
ccv2_sog_large_g0_s43,combined,fresh_all,384,4.007053121927429,4.646450631017285,3.30149129658845,12.657552771854084,0.109375,0.005208333333333333,3.368343326843187,0,0.4895833333333333,3.1482065568926565,4.646450631017285,4.277355320619442,4.0186722132539545,3.5844873637039667,3.476365286456554,3.2835292014004533
ccv2_sog_large_g0_s43,context,fresh_Canon_5DSR,128,4.902627613133819,5.858913683300228,4.553259932339417,14.894375939303583,0.1875,0.015625,4.41704446174852,0,0.4296875,4.590250759002745,5.858913683300228,5.631015808648459,5.505909450807667,4.947501574827003,4.942125752123325,4.785234557915227
ccv2_sog_large_g0_s43,cheap,fresh_Canon_5DSR,128,4.902627613133819,5.858913683300228,4.553259932339417,14.894375939303583,0.1875,0.015625,4.2014771164936295,0,0.34375,3.8425951988805354,5.858913683300228,5.531074531601559,5.278421275980467,4.939623449074414,4.564364394362327,4.041508495209584
ccv2_sog_large_g0_s43,combined,fresh_Canon_5DSR,128,4.902627613133819,5.858913683300228,4.553259932339417,14.894375939303583,0.1875,0.015625,3.8648476717051015,0,0.4453125,3.651565095938753,5.858913683300228,5.472260655438618,5.061391454869737,4.448020932483833,3.989214356289838,3.834201531581104
ccv2_sog_large_g0_s43,context,fresh_Nikon_D810,128,3.6264541571294813,4.14007515422618,2.8014222134626596,10.859489920552214,0.09375,0.0,2.754416596998038,0,0.4765625,2.6479923606500395,4.14007515422618,3.9593370263760694,3.7823697324843515,3.479584061288653,2.960875558748289,2.6667497130018907
ccv2_sog_large_g0_s43,cheap,fresh_Nikon_D810,128,3.6264541571294813,4.14007515422618,2.8014222134626596,10.859489920552214,0.09375,0.0,2.9282045140749147,0,0.3984375,2.2954915540124325,4.14007515422618,3.8940404799459896,3.6684450228786325,3.242920587618039,3.0195040342750104,2.704067496698987
ccv2_sog_large_g0_s43,combined,fresh_Nikon_D810,128,3.6264541571294813,4.14007515422618,2.8014222134626596,10.859489920552214,0.09375,0.0,2.792545394075345,0,0.53125,2.5008769515403197,4.14007515422618,3.8824741981259727,3.601404559522347,3.163907268206904,2.8423847338173043,2.5950596874488903
ccv2_sog_large_g0_s43,context,fresh_Sony_IMX135_BLCCSC,128,3.492077595518986,3.940363055525448,2.7393351735327442,9.759110535979076,0.046875,0.0,2.9875850561384025,0,0.375,2.5908690213369994,3.940363055525448,3.9062798574139075,3.6702500113977194,3.644296436462248,3.372677697330241,3.244143716701559
ccv2_sog_large_g0_s43,cheap,fresh_Sony_IMX135_BLCCSC,128,3.492077595518986,3.940363055525448,2.7393351735327442,9.759110535979076,0.046875,0.0,3.3658114511724055,0,0.3828125,2.713844527215215,3.940363055525448,3.834036093430211,3.802783163466344,3.7173308309052384,3.6169718477295616,3.631094407459475
ccv2_sog_large_g0_s43,combined,fresh_Sony_IMX135_BLCCSC,128,3.492077595518986,3.940363055525448,2.7393351735327442,9.759110535979076,0.046875,0.0,3.857528819726943,0,0.4921875,3.3914918971836308,3.940363055525448,3.79633151036878,3.6591138772406078,3.7587200417066877,3.5937015535683603,3.552423110098927
ccv2_sog_small_g0.7_s17,context,source_regression,462,2.397935519164444,3.0438259871177062,1.9057011830098487,9.865802343523326,0.045454545454545456,0.004329004329004329,1.9323385004121478,0,0.7467532467532467,2.3283115960644345,3.0438259871177062,2.8387610509717756,2.731160620604073,2.4417394869502838,2.3108896761027493,2.098400624331108
ccv2_sog_small_g0.7_s17,cheap,source_regression,462,2.397935519164444,3.0438259871177062,1.9057011830098487,9.865802343523326,0.045454545454545456,0.004329004329004329,2.082785731804635,0,0.70995670995671,2.2866008463023815,3.0438259871177062,2.828999333936273,2.7204089819691895,2.4075303037490947,2.253344489854221,2.1148218732899062
ccv2_sog_small_g0.7_s17,combined,source_regression,462,2.397935519164444,3.0438259871177062,1.9057011830098487,9.865802343523326,0.045454545454545456,0.004329004329004329,1.9155407465480865,0,0.7294372294372294,2.245151019764513,3.0438259871177062,2.844059983391133,2.61943852661743,2.3894581632022427,2.2446674597817826,1.9819390542553217
ccv2_sog_small_g0.7_s17,context,sony30_regression,30,3.3135494834020642,4.147272296753308,3.0949599508028713,10.010721224523671,0.06666666666666667,0.0,3.3636409605616633,0,0.6333333333333333,3.1988528596316423,4.147272296753308,3.976359359987701,3.9252080297615106,3.3206394574340874,3.0596487880158896,3.100463315760978
ccv2_sog_small_g0.7_s17,cheap,sony30_regression,30,3.3135494834020642,4.147272296753308,3.0949599508028713,10.010721224523671,0.06666666666666667,0.0,2.6091021859942405,0,0.5,2.2000045810007713,4.147272296753308,4.068435143522998,3.536843608738488,3.321979417495104,2.878262752681128,2.4292002543407474
ccv2_sog_small_g0.7_s17,combined,sony30_regression,30,3.3135494834020642,4.147272296753308,3.0949599508028713,10.010721224523671,0.06666666666666667,0.0,2.4913647105674213,0,0.5666666666666667,2.6275943871857397,4.147272296753308,3.6493474648883115,3.391145644358328,3.007198012635387,2.803211570838136,2.6686684169632917
ccv2_sog_small_g0.7_s17,context,fresh_all,384,4.83900882575526,5.529761135615382,4.395635974000555,15.018002577141512,0.16927083333333334,0.010416666666666666,5.062601968284633,0,0.6015625,5.197494785133034,5.529761135615382,5.376607975030124,5.228648601778469,5.263769585140549,5.325626796947663,5.203290379883666
ccv2_sog_small_g0.7_s17,cheap,fresh_all,384,4.83900882575526,5.529761135615382,4.395635974000555,15.018002577141512,0.16927083333333334,0.010416666666666666,3.869256494134115,0,0.4036458333333333,3.5076063452785307,5.529761135615382,5.216614001474359,4.965245774119218,4.499844542645109,4.25198578337194,3.939981399872667
ccv2_sog_small_g0.7_s17,combined,fresh_all,384,4.83900882575526,5.529761135615382,4.395635974000555,15.018002577141512,0.16927083333333334,0.010416666666666666,3.8399962906766496,0,0.4583333333333333,3.7630240760181524,5.529761135615382,5.217072391126035,4.910954746391577,4.4802368343795145,4.179785855489932,3.922422093166668
ccv2_sog_small_g0.7_s17,context,fresh_Canon_5DSR,128,5.959225853840582,6.905644590091228,5.117637213950687,17.687058367664594,0.2421875,0.0234375,5.9940212401697135,0,0.65625,6.529631023835246,6.905644590091228,6.82437539987546,6.767062339711324,6.663620218325453,6.540598869568993,6.672294995808594
ccv2_sog_small_g0.7_s17,cheap,fresh_Canon_5DSR,128,5.959225853840582,6.905644590091228,5.117637213950687,17.687058367664594,0.2421875,0.0234375,4.577845384932547,0,0.3671875,3.6708028331250486,6.905644590091228,6.5934303857894685,6.381317693183066,5.727102749086956,5.117659738473488,4.4504593226346865
ccv2_sog_small_g0.7_s17,combined,fresh_Canon_5DSR,128,5.959225853840582,6.905644590091228,5.117637213950687,17.687058367664594,0.2421875,0.0234375,4.481410121975051,0,0.4453125,4.091863806392436,6.905644590091228,6.580042216073155,6.489904997918648,5.51240682811806,5.065256668236436,4.391102439499971
ccv2_sog_small_g0.7_s17,context,fresh_Nikon_D810,128,4.730978633372605,5.303032403737449,4.274436834123983,13.793817299362788,0.1640625,0.0,5.35819546803727,0,0.6484375,5.236419454560529,5.303032403737449,5.231393797462826,5.201849501240283,5.279184031897632,5.206154625216997,5.265504654318873
ccv2_sog_small_g0.7_s17,cheap,fresh_Nikon_D810,128,4.730978633372605,5.303032403737449,4.274436834123983,13.793817299362788,0.1640625,0.0,3.5996284153726172,0,0.4140625,3.5942510331718562,5.303032403737449,4.98586291530826,4.726765245499729,4.452058824839087,4.319658742413027,3.8574150884501734
ccv2_sog_small_g0.7_s17,combined,fresh_Nikon_D810,128,4.730978633372605,5.303032403737449,4.274436834123983,13.793817299362788,0.1640625,0.0,3.632717112355941,0,0.4765625,3.883696348624846,5.303032403737449,5.1698493865263755,4.858062461117822,4.4382184847279715,3.942018827002464,3.7545775804887778
ccv2_sog_small_g0.7_s17,context,fresh_Sony_IMX135_BLCCSC,128,3.826821990052594,4.380606413017468,3.2721328033449555,11.277560850187804,0.1015625,0.0078125,3.1821887369134556,0,0.5,3.3985855411725936,4.380606413017468,4.163606354219925,3.9496992337217485,3.9130687305784893,3.6732354574041266,3.7280048214192663
ccv2_sog_small_g0.7_s17,cheap,fresh_Sony_IMX135_BLCCSC,128,3.826821990052594,4.380606413017468,3.2721328033449555,11.277560850187804,0.1015625,0.0078125,3.555600348995346,0,0.4296875,3.284653556421574,4.380606413017468,4.257345686399242,4.049816690334681,3.8526298538184123,3.599934855755502,3.423732028224338
ccv2_sog_small_g0.7_s17,combined,fresh_Sony_IMX135_BLCCSC,128,3.826821990052594,4.380606413017468,3.2721328033449555,11.277560850187804,0.1015625,0.0078125,3.5431503985177266,0,0.453125,3.3129400542881093,4.380606413017468,4.127446080577311,4.026514716615829,3.8827809966537865,3.77271674065593,3.6009537052233385
ccv2_sog_small_g0.7_s29,context,source_regression,462,2.326775328210571,2.9575790112433578,1.7233861536697954,11.555831743136913,0.06493506493506493,0.0021645021645021645,1.8483683053601858,0,0.7359307359307359,2.236545799401013,2.9575790112433578,2.7461485888175234,2.5506098936170205,2.275366883293747,2.184299738811518,2.078311602816157
ccv2_sog_small_g0.7_s29,cheap,source_regression,462,2.326775328210571,2.9575790112433578,1.7233861536697954,11.555831743136913,0.06493506493506493,0.0021645021645021645,1.9961594531631865,0,0.70995670995671,2.207838683714833,2.9575790112433578,2.719142670164908,2.4880984537990116,2.2930410389182256,2.198521707466324,2.0779524778082723
ccv2_sog_small_g0.7_s29,combined,source_regression,462,2.326775328210571,2.9575790112433578,1.7233861536697954,11.555831743136913,0.06493506493506493,0.0021645021645021645,1.8353401287488686,0,0.7077922077922078,2.193891093147235,2.9575790112433578,2.685290056240898,2.5133467004539525,2.3629168430495455,2.191782220706256,2.0670797618489907
ccv2_sog_small_g0.7_s29,context,sony30_regression,30,2.705489504626813,3.388244489769379,2.5343098135365607,9.940936117021337,0.06666666666666667,0.0,2.236893691239138,0,0.36666666666666664,2.4517734100679025,3.388244489769379,3.2018807150510376,3.2704456167541336,3.195391552298324,2.382303691711208,2.438437910762208
ccv2_sog_small_g0.7_s29,cheap,sony30_regression,30,2.705489504626813,3.388244489769379,2.5343098135365607,9.940936117021337,0.06666666666666667,0.0,2.153985401752536,0,0.6333333333333333,2.0783517216412113,3.388244489769379,2.5418295075090866,2.5069004492540934,2.373141893888883,2.042082474151524,2.047611057186787
ccv2_sog_small_g0.7_s29,combined,sony30_regression,30,2.705489504626813,3.388244489769379,2.5343098135365607,9.940936117021337,0.06666666666666667,0.0,1.9955739806565442,0,0.6333333333333333,2.0783517216412113,3.388244489769379,2.8062695292121873,2.684501249751302,2.3396195126688966,2.042082474151524,2.1187807967841983
ccv2_sog_small_g0.7_s29,context,fresh_all,384,4.596620661234234,5.2290339341826835,3.7737824426867457,14.07402759727827,0.14583333333333334,0.013020833333333334,4.045952600398399,0,0.40625,4.0103690353928965,5.2290339341826835,4.981702391807025,4.866954744416536,4.585143287257449,4.1804358764970955,4.12051474460819
ccv2_sog_small_g0.7_s29,cheap,fresh_all,384,4.596620661234234,5.2290339341826835,3.7737824426867457,14.07402759727827,0.14583333333333334,0.013020833333333334,3.9635529657777844,0,0.4583333333333333,3.262888166093939,5.2290339341826835,4.9549127197404434,4.641232370089215,4.1956909926506425,3.8973575838723695,3.6685919044657074
ccv2_sog_small_g0.7_s29,combined,fresh_all,384,4.596620661234234,5.2290339341826835,3.7737824426867457,14.07402759727827,0.14583333333333334,0.013020833333333334,3.6172369880067365,0,0.4505208333333333,3.2131240637722644,5.2290339341826835,4.93897387989302,4.734241331240528,4.295451848138526,3.923617874656445,3.694395796687344
ccv2_sog_small_g0.7_s29,context,fresh_Canon_5DSR,128,5.63360767067599,6.49687362375183,4.9154820620181905,17.346909228861342,0.21875,0.0234375,5.040954819083617,0,0.4140625,5.513606827911345,6.49687362375183,6.379258469021204,6.1010725412602165,5.71879574475993,5.355252203292937,5.518311631987102
ccv2_sog_small_g0.7_s29,cheap,fresh_Canon_5DSR,128,5.63360767067599,6.49687362375183,4.9154820620181905,17.346909228861342,0.21875,0.0234375,4.736998323129676,0,0.375,4.056290517712462,6.49687362375183,6.186843403204367,5.9760542140830895,5.233843259028443,4.66154596648772,4.464836612439116
ccv2_sog_small_g0.7_s29,combined,fresh_Canon_5DSR,128,5.63360767067599,6.49687362375183,4.9154820620181905,17.346909228861342,0.21875,0.0234375,4.430208542284908,0,0.40625,4.075151390380578,6.49687362375183,6.247261298622773,6.039491061604937,5.145549260109066,4.640612863272043,4.635050395027028
ccv2_sog_small_g0.7_s29,context,fresh_Nikon_D810,128,4.422302542163057,4.892535917919766,3.671947818735391,13.279955796425625,0.125,0.0,3.613684656860805,0,0.453125,3.4480500743052547,4.892535917919766,4.572441827567436,4.515747599148901,4.078958810104617,3.7180173594005073,3.444652661697559
ccv2_sog_small_g0.7_s29,cheap,fresh_Nikon_D810,128,4.422302542163057,4.892535917919766,3.671947818735391,13.279955796425625,0.125,0.0,3.390646609607791,0,0.5,2.7000032292911262,4.892535917919766,4.6153758709292125,4.3245372911871724,3.676496823640568,3.428543132750127,2.9543195793626422
ccv2_sog_small_g0.7_s29,combined,fresh_Nikon_D810,128,4.422302542163057,4.892535917919766,3.671947818735391,13.279955796425625,0.125,0.0,3.2714466272130442,0,0.4765625,2.56190767772324,4.892535917919766,4.52860781943692,4.427268727555584,4.001904499750934,3.37094890546752,2.8307269127718366
ccv2_sog_small_g0.7_s29,context,fresh_Sony_IMX135_BLCCSC,128,3.7339517708636554,4.297692260876456,2.946662200660567,12.216650210370615,0.09375,0.015625,3.2164641400473624,0,0.3515625,2.96465562960635,4.297692260876456,4.083929913217502,3.948940826570724,3.971603975751811,3.5002439101686345,3.329108549162705
ccv2_sog_small_g0.7_s29,cheap,fresh_Sony_IMX135_BLCCSC,128,3.7339517708636554,4.297692260876456,2.946662200660567,12.216650210370615,0.09375,0.015625,4.16049140190454,0,0.5,3.2307213391828595,4.297692260876456,4.151075940826028,4.115742141059599,3.944329336540993,3.734454595897438,3.68675467245566
ccv2_sog_small_g0.7_s29,combined,fresh_Sony_IMX135_BLCCSC,128,3.7339517708636554,4.297692260876456,2.946662200660567,12.216650210370615,0.09375,0.015625,3.216640529327025,0,0.46875,3.128103706528234,4.297692260876456,4.151075940826028,3.979587141069143,3.883874213763372,3.7650086718923235,3.6283934739299806
ccv2_sog_small_g0.7_s43,context,source_regression,462,2.199128344896974,2.7680173876146767,1.851423304598856,9.264241740108043,0.04329004329004329,0.004329004329004329,1.734037860321408,0,0.6818181818181818,1.9384562547159374,2.7680173876146767,2.5827960523090097,2.5202898110006853,2.2238839617699857,1.940782684200362,1.8449991420662866
ccv2_sog_small_g0.7_s43,cheap,source_regression,462,2.199128344896974,2.7680173876146767,1.851423304598856,9.264241740108043,0.04329004329004329,0.004329004329004329,1.8972828795442132,0,0.70995670995671,1.9884821613764099,2.7680173876146767,2.4728265246033034,2.3712037327986963,2.202923805176774,1.9769844296030725,1.939753809055234
ccv2_sog_small_g0.7_s43,combined,source_regression,462,2.199128344896974,2.7680173876146767,1.851423304598856,9.264241740108043,0.04329004329004329,0.004329004329004329,1.986599775510831,0,0.7056277056277056,2.113289805124605,2.7680173876146767,2.5796315600404016,2.4349658546514683,2.206298064536623,2.1142604439616024,1.9349842225185947
ccv2_sog_small_g0.7_s43,context,sony30_regression,30,3.0041397381652484,3.700602965771749,2.3389829800392534,10.746572491342842,0.06666666666666667,0.0,2.1234677194296157,0,0.5,1.9733886566985939,3.700602965771749,2.9755587065394997,3.0151467358304505,2.474281924439859,2.16641946772856,2.114742041877552
ccv2_sog_small_g0.7_s43,cheap,sony30_regression,30,3.0041397381652484,3.700602965771749,2.3389829800392534,10.746572491342842,0.06666666666666667,0.0,2.2712150522627397,0,0.43333333333333335,1.7816585536058942,3.700602965771749,2.9755587065394997,2.658919078962315,2.565505514745536,2.3489542727639647,2.3174856179626833
ccv2_sog_small_g0.7_s43,combined,sony30_regression,30,3.0041397381652484,3.700602965771749,2.3389829800392534,10.746572491342842,0.06666666666666667,0.0,2.407271601468696,0,0.6,2.5048363916421406,3.700602965771749,3.2034960644196917,2.658919078962315,2.6239301722455592,2.612425543689762,2.50483639164214
ccv2_sog_small_g0.7_s43,context,fresh_all,384,4.014064375178931,4.563833552876232,3.519802917938513,11.875929253245676,0.0859375,0.0078125,3.7706051225114106,0,0.4791666666666667,3.732810115778605,4.563833552876232,4.40673055953916,4.32593085116396,4.214049645757442,4.045498684406983,3.902434311015331
ccv2_sog_small_g0.7_s43,cheap,fresh_all,384,4.014064375178931,4.563833552876232,3.519802917938513,11.875929253245676,0.0859375,0.0078125,3.685567746997203,0,0.4244791666666667,3.1582088201702296,4.563833552876232,4.367160857406293,4.22065882206445,3.9240134131826023,3.6067406401458717,3.3863713049050825
ccv2_sog_small_g0.7_s43,combined,fresh_all,384,4.014064375178931,4.563833552876232,3.519802917938513,11.875929253245676,0.0859375,0.0078125,3.6210707161688784,0,0.5703125,3.5645513597501655,4.563833552876232,4.255829946746183,4.120402061567895,3.887074479595933,3.7638677799304627,3.5502309751792103
ccv2_sog_small_g0.7_s43,context,fresh_Canon_5DSR,128,4.589199204691836,5.423202646668287,4.116818323842132,13.683751497145154,0.1328125,0.015625,4.922965476500181,0,0.4921875,5.107336296457273,5.423202646668287,5.14398095614869,5.216156912994489,5.159227438652883,5.1268683799371,4.992625170363894
ccv2_sog_small_g0.7_s43,cheap,fresh_Canon_5DSR,128,4.589199204691836,5.423202646668287,4.116818323842132,13.683751497145154,0.1328125,0.015625,4.561720200038548,0,0.359375,3.684797822483039,5.423202646668287,5.181502677090579,5.035415224218938,4.768311395172601,4.43708540657818,4.152204093906427
ccv2_sog_small_g0.7_s43,combined,fresh_Canon_5DSR,128,4.589199204691836,5.423202646668287,4.116818323842132,13.683751497145154,0.1328125,0.015625,4.160109093240349,0,0.5703125,4.237763753199942,5.423202646668287,4.921058301780414,4.677645247026696,4.262106721327221,4.08348470781292,4.234896161337052
ccv2_sog_small_g0.7_s43,context,fresh_Nikon_D810,128,4.04359630387893,4.515381821169507,4.094397874995537,10.885824843542114,0.078125,0.0,3.3003750721507767,0,0.5546875,3.3796584632319666,4.515381821169507,4.408427096380785,4.15472847203648,3.924167279293127,3.6782728765378105,3.4885101389237225
ccv2_sog_small_g0.7_s43,cheap,fresh_Nikon_D810,128,4.04359630387893,4.515381821169507,4.094397874995537,10.885824843542114,0.078125,0.0,3.4277297353552107,0,0.4453125,3.085059359311955,4.515381821169507,4.386223129667287,4.152085536540995,3.8417164425109895,3.4436014192241315,3.3139676120216475
ccv2_sog_small_g0.7_s43,combined,fresh_Nikon_D810,128,4.04359630387893,4.515381821169507,4.094397874995537,10.885824843542114,0.078125,0.0,3.2426679111827936,0,0.6015625,3.248424446257691,4.515381821169507,4.317933135698448,4.175464249855479,3.8765485814982847,3.516105071484662,3.2657426765877253
ccv2_sog_small_g0.7_s43,context,fresh_Sony_IMX135_BLCCSC,128,3.409397616966028,3.7529161907908994,2.900812389146438,9.851627905595342,0.046875,0.0078125,2.8640913065005336,0,0.390625,2.5023824747397097,3.7529161907908994,3.663164179212944,3.745958701973227,3.486534743287861,3.26109660533625,3.0978135690721254
ccv2_sog_small_g0.7_s43,cheap,fresh_Sony_IMX135_BLCCSC,128,3.409397616966028,3.7529161907908994,2.900812389146438,9.851627905595342,0.046875,0.0078125,3.272493817790907,0,0.46875,2.8239825728791033,3.7529161907908994,3.5820831411038503,3.4806555054293495,3.2921505089793253,3.0307620019758357,3.027524268181366
ccv2_sog_small_g0.7_s43,combined,fresh_Sony_IMX135_BLCCSC,128,3.409397616966028,3.7529161907908994,2.900812389146438,9.851627905595342,0.046875,0.0078125,3.59949932455664,0,0.5390625,3.2050914701427295,3.7529161907908994,3.703106177590295,3.649451219762372,3.662374120771348,3.4806469512455567,3.2605581477235894
ccv2_sog_small_g0_s17,context,source_regression,462,2.2436636835420054,2.842745106766056,1.8380523439028376,9.188604793471915,0.045454545454545456,0.0,2.004883634436486,0,0.7489177489177489,2.3981196100908253,2.842745106766056,2.7026773336834484,2.6152942802911734,2.4730753514936064,2.3036775054743113,2.179648914386379
ccv2_sog_small_g0_s17,cheap,source_regression,462,2.2436636835420054,2.842745106766056,1.8380523439028376,9.188604793471915,0.045454545454545456,0.0,1.952401004259748,0,0.7683982683982684,2.3910909763665495,2.842745106766056,2.697921003018615,2.655642613641117,2.4873459236654765,2.2401951252723684,2.1007627607938604
ccv2_sog_small_g0_s17,combined,source_regression,462,2.2436636835420054,2.842745106766056,1.8380523439028376,9.188604793471915,0.045454545454545456,0.0,2.001015068413835,0,0.7424242424242424,2.2690008288719437,2.842745106766056,2.631467650639504,2.507135599016518,2.4100941757928687,2.214232402440525,2.107983237240939
ccv2_sog_small_g0_s17,context,sony30_regression,30,2.8262212700705143,3.648238740982021,2.8314057551744973,8.774163980907515,0.03333333333333333,0.0,3.401949209499851,0,0.6,3.818840372097462,3.648238740982021,3.4848734078394914,3.4687123996735285,3.4367300168544865,3.584300139059346,3.818840372097462
ccv2_sog_small_g0_s17,cheap,sony30_regression,30,2.8262212700705143,3.648238740982021,2.8314057551744973,8.774163980907515,0.03333333333333333,0.0,2.641550575983745,0,0.7333333333333333,2.8935741892336733,3.648238740982021,3.289195785836205,3.2175230779155157,2.80723299797858,2.9461282079382958,2.883850555563558
ccv2_sog_small_g0_s17,combined,sony30_regression,30,2.8262212700705143,3.648238740982021,2.8314057551744973,8.774163980907515,0.03333333333333333,0.0,2.4914094519750445,0,0.5666666666666667,2.584798145079267,3.648238740982021,3.5821993821944758,3.3567964410956006,2.89621050430285,2.6749413069326184,2.631193158985823
ccv2_sog_small_g0_s17,context,fresh_all,384,4.182117415284726,4.81595417691021,3.713723204215939,12.220475290475589,0.11458333333333333,0.0078125,4.667954827206892,0,0.578125,4.440096213485831,4.81595417691021,4.727313318967678,4.718392744365784,4.656558068235083,4.564221211408243,4.388901256400485
ccv2_sog_small_g0_s17,cheap,fresh_all,384,4.182117415284726,4.81595417691021,3.713723204215939,12.220475290475589,0.11458333333333333,0.0078125,3.689246092390826,0,0.4635416666666667,3.8917049401760475,4.81595417691021,4.742839052591917,4.497502763608627,4.33198576160614,4.2791321098644834,4.022538036437351
ccv2_sog_small_g0_s17,combined,fresh_all,384,4.182117415284726,4.81595417691021,3.713723204215939,12.220475290475589,0.11458333333333333,0.0078125,3.689448047526902,0,0.4765625,3.385295883707106,4.81595417691021,4.686134482641585,4.513187603759312,4.270294739520593,4.073820382880821,3.848064892927398
ccv2_sog_small_g0_s17,context,fresh_Canon_5DSR,128,4.697993473658496,5.552342909485009,3.977172344091039,15.783611370635654,0.1640625,0.0234375,5.266334325646087,0,0.609375,4.934518875670548,5.552342909485009,5.393273868328332,5.434207630338498,5.47151181611705,5.2629129474671945,5.013752689462528
ccv2_sog_small_g0_s17,cheap,fresh_Canon_5DSR,128,4.697993473658496,5.552342909485009,3.977172344091039,15.783611370635654,0.1640625,0.0234375,4.478209031678023,0,0.453125,4.632546629595898,5.552342909485009,5.496407801474639,5.372700654045751,4.807124159328123,4.647204225328029,4.547844820229437
ccv2_sog_small_g0_s17,combined,fresh_Canon_5DSR,128,4.697993473658496,5.552342909485009,3.977172344091039,15.783611370635654,0.1640625,0.0234375,3.9224446161908335,0,0.421875,3.41436965158508,5.552342909485009,5.274010133652739,5.217338015712191,4.506817264675007,4.3816221489549605,4.149497765679013
ccv2_sog_small_g0_s17,context,fresh_Nikon_D810,128,4.055372972470495,4.614853298672887,3.931742646398228,11.312267232227734,0.1171875,0.0,4.888021745175138,0,0.609375,4.320944505621573,4.614853298672887,4.641313842874323,4.5634211676363305,4.413798450964362,4.241178085757401,4.29392574563439
ccv2_sog_small_g0_s17,cheap,fresh_Nikon_D810,128,4.055372972470495,4.614853298672887,3.931742646398228,11.312267232227734,0.1171875,0.0,3.463783729910998,0,0.484375,3.5131763438657226,4.614853298672887,4.472657300340383,4.3505304033884755,4.04087395229281,3.8780072240168955,3.8239651013243945
ccv2_sog_small_g0_s17,combined,fresh_Nikon_D810,128,4.055372972470495,4.614853298672887,3.931742646398228,11.312267232227734,0.1171875,0.0,3.521277599448241,0,0.484375,3.281203101987871,4.614853298672887,4.610444977981806,4.510757260296616,4.1886281817120565,3.943247183007173,3.5816591810618816
ccv2_sog_small_g0_s17,context,fresh_Sony_IMX135_BLCCSC,128,3.7929857997251846,4.280666322572731,3.132171937756347,10.334955836808803,0.0625,0.0,3.6196449532544746,0,0.515625,3.9965941765616506,4.280666322572731,4.150471448875494,4.209379198547659,4.136005327235824,4.023956079878871,4.044195667473157
ccv2_sog_small_g0_s17,cheap,fresh_Sony_IMX135_BLCCSC,128,3.7929857997251846,4.280666322572731,3.132171937756347,10.334955836808803,0.0625,0.0,3.3197948120856395,0,0.453125,3.555497267501718,4.280666322572731,4.325350121684681,4.328803506960065,4.367390807600436,4.054254315390423,3.618878227993969
ccv2_sog_small_g0_s17,combined,fresh_Sony_IMX135_BLCCSC,128,3.7929857997251846,4.280666322572731,3.132171937756347,10.334955836808803,0.0625,0.0,3.7904166075183627,0,0.5234375,3.458187958351613,4.280666322572731,4.117358585532033,4.17066159908837,4.084486430752331,3.8314991565429675,3.865994572033637
direct_hgb7,context,source_regression,462,1.703496963799508,2.2431021443311674,1.0968697336820217,8.028054925373294,0.030303030303030304,0.004329004329004329,2.1946615401930742,0,0.7965367965367965,2.037413010348873,2.2431021443311674,2.153868666438452,2.048496521942997,2.033329246706659,2.0009072573021323,1.9963186328040172
direct_hgb7,cheap,source_regression,462,1.703496963799508,2.2431021443311674,1.0968697336820217,8.028054925373294,0.030303030303030304,0.004329004329004329,1.473048854278742,0,0.7272727272727273,1.826408748705191,2.2431021443311674,2.1339480752380067,2.0840215164302456,1.917667425590876,1.7988314496825446,1.747802232112853
direct_hgb7,combined,source_regression,462,1.703496963799508,2.2431021443311674,1.0968697336820217,8.028054925373294,0.030303030303030304,0.004329004329004329,1.4028837457015542,0,0.7186147186147186,1.783768586145051,2.2431021443311674,2.0646154865079467,1.9326256958539674,1.7967341669568637,1.7637167855141518,1.5479767614227173
direct_hgb7,context,sony30_regression,30,5.864371507306387,7.366373103342958,7.126205973242024,11.39376225193441,0.2,0.03333333333333333,7.83351814418759,0,0.8333333333333334,7.658142963652748,7.366373103342958,7.428003887614246,7.4302130520936,7.815123126698093,7.627426818332657,7.37204518485762
direct_hgb7,cheap,sony30_regression,30,5.864371507306387,7.366373103342958,7.126205973242024,11.39376225193441,0.2,0.03333333333333333,5.6471626129486925,0,0.5666666666666667,5.885367381584308,7.366373103342958,7.3434138829153275,7.46225785563715,7.207505418552542,6.233322581618097,5.995492738903878
direct_hgb7,combined,sony30_regression,30,5.864371507306387,7.366373103342958,7.126205973242024,11.39376225193441,0.2,0.03333333333333333,6.761459700880654,0,0.5,6.408096740704663,7.366373103342958,7.340817528438995,7.272285659172628,7.241019647987078,7.491025822125771,6.5417612846709075
direct_hgb7,context,fresh_all,384,5.196475542847073,6.8763372573038195,5.862851199362302,15.029401440629874,0.2109375,0.013020833333333334,7.407292653790182,0,0.7005208333333334,7.285126344529732,6.8763372573038195,6.883394126746095,7.057979658113979,7.157738349916774,7.2997655278946745,7.330155676818867
direct_hgb7,cheap,fresh_all,384,5.196475542847073,6.8763372573038195,5.862851199362302,15.029401440629874,0.2109375,0.013020833333333334,6.957836616462615,0,0.5885416666666666,6.84191771738395,6.8763372573038195,6.947378265065233,6.976226046995281,6.911983179683095,6.954601121789026,6.858176786752118
direct_hgb7,combined,fresh_all,384,5.196475542847073,6.8763372573038195,5.862851199362302,15.029401440629874,0.2109375,0.013020833333333334,6.7229907703945715,0,0.5416666666666666,7.000704491241407,6.8763372573038195,6.880714216390374,6.896637974386539,6.972311052107378,6.960810071255982,6.9145137879476195
direct_hgb7,context,fresh_Canon_5DSR,128,3.954675347624179,4.7677904792940335,4.186887199354918,10.916252637147588,0.0625,0.0078125,5.054624317437816,0,0.4453125,4.687789170807903,4.7677904792940335,4.79635838019201,4.635013252673788,4.6821501056644275,4.604917641981944,4.717180991510198
direct_hgb7,cheap,fresh_Canon_5DSR,128,3.954675347624179,4.7677904792940335,4.186887199354918,10.916252637147588,0.0625,0.0078125,4.987576018615633,0,0.5,5.585369461525733,4.7677904792940335,4.817598350517161,4.811336119449368,4.972884871569998,5.144585841442753,5.26800103415755
direct_hgb7,combined,fresh_Canon_5DSR,128,3.954675347624179,4.7677904792940335,4.186887199354918,10.916252637147588,0.0625,0.0078125,4.5814434665391435,0,0.4609375,5.227003720962216,4.7677904792940335,4.880795571583067,4.916004936438311,4.9758470841851,4.972799890149676,5.091349486219925
direct_hgb7,context,fresh_Nikon_D810,128,5.243973359092177,7.25211171152676,7.070507464311798,13.98779518035494,0.2265625,0.0078125,7.11043492039545,0,0.6875,7.138112132980921,7.25211171152676,7.194734807425518,7.294567039100066,7.039505971098667,7.159675096168605,7.122071230843876
direct_hgb7,cheap,fresh_Nikon_D810,128,5.243973359092177,7.25211171152676,7.070507464311798,13.98779518035494,0.2265625,0.0078125,7.557743109715457,0,0.625,6.875902316640993,7.25211171152676,7.384170103496094,7.244124075010297,7.153320509289257,7.032781709956091,6.998047311308692
direct_hgb7,combined,fresh_Nikon_D810,128,5.243973359092177,7.25211171152676,7.070507464311798,13.98779518035494,0.2265625,0.0078125,7.106224827347733,0,0.5390625,6.918718317835195,7.25211171152676,7.245032518043448,7.173827691803406,7.082065704005464,7.015373063939613,6.923750708050214
direct_hgb7,context,fresh_Sony_IMX135_BLCCSC,128,6.390777921824861,8.609109581090667,7.752897753860046,17.193366510921717,0.34375,0.0234375,8.292512653904627,0,0.96875,8.583396260001019,8.609109581090667,8.533579940542387,8.465028716926879,8.422048440322039,8.591346261772308,8.42728593080029
direct_hgb7,cheap,fresh_Sony_IMX135_BLCCSC,128,6.390777921824861,8.609109581090667,7.752897753860046,17.193366510921717,0.34375,0.0234375,8.019043044801677,0,0.640625,7.789482600729833,8.609109581090667,8.559007302085703,8.373812920083163,8.18551065260331,7.806267344175504,7.986004936208662
direct_hgb7,combined,fresh_Sony_IMX135_BLCCSC,128,6.390777921824861,8.609109581090667,7.752897753860046,17.193366510921717,0.34375,0.0234375,7.791538268393154,0,0.625,8.379521883885172,8.609109581090667,8.618758880837108,8.712536220126818,8.552068567602594,8.34858104944415,8.357098786654987
gw_ridge1,context,source_regression,462,2.320735175526635,2.979793970594833,1.9936763798238655,9.227485057820246,0.04112554112554113,0.0021645021645021645,2.1326829821469766,0,0.6948051948051948,2.422493991882958,2.979793970594833,2.714422262396281,2.657259561597679,2.47793612372363,2.4248141477499976,2.4030011495515033
gw_ridge1,cheap,source_regression,462,2.320735175526635,2.979793970594833,1.9936763798238655,9.227485057820246,0.04112554112554113,0.0021645021645021645,2.1382198850235317,0,0.6774891774891775,2.3839003972292043,2.979793970594833,2.7161393849395283,2.688169493923053,2.447165405842416,2.4331111565720445,2.3052109468415556
gw_ridge1,combined,source_regression,462,2.320735175526635,2.979793970594833,1.9936763798238655,9.227485057820246,0.04112554112554113,0.0021645021645021645,2.1768719621552637,0,0.6991341991341992,2.450007076099862,2.979793970594833,2.7161393849395283,2.681311676374233,2.5099342488622396,2.4500070760998622,2.297942215955993
gw_ridge1,context,sony30_regression,30,2.7197178092429133,3.392755128644475,2.0257271398901917,8.437245778765845,0.03333333333333333,0.0,2.733500242860446,0,0.43333333333333335,2.520170701681245,3.392755128644475,3.5174901578964977,2.9929822343300567,2.865494487065232,2.7187121278509117,2.396988373281749
gw_ridge1,cheap,sony30_regression,30,2.7197178092429133,3.392755128644475,2.0257271398901917,8.437245778765845,0.03333333333333333,0.0,2.650644879427419,0,0.4,2.130794102440541,3.392755128644475,3.5174901578964977,3.4883002555299645,2.5134644955310836,2.7156408119680924,2.396988373281749
gw_ridge1,combined,sony30_regression,30,2.7197178092429133,3.392755128644475,2.0257271398901917,8.437245778765845,0.03333333333333333,0.0,2.651825764308449,0,0.3333333333333333,1.9538397853178018,3.392755128644475,3.5174901578964977,3.4883002555299645,2.5134644955310836,2.7156408119680924,2.6343112226200827
gw_ridge1,context,fresh_all,384,3.86907778494894,4.558473981483222,3.6079629622575595,12.84095386924831,0.08854166666666667,0.0,4.088425111962119,0,0.4557291666666667,3.734869924396445,4.558473981483222,4.399137936062376,4.207016065330084,4.036203600666031,3.6915102414149787,3.6066822140694472
gw_ridge1,cheap,fresh_all,384,3.86907778494894,4.558473981483222,3.6079629622575595,12.84095386924831,0.08854166666666667,0.0,4.189828600120095,0,0.4296875,3.6146832818008257,4.558473981483222,4.421589130734241,4.190794687892488,3.9771468216746797,3.719211550095756,3.626426432381542
gw_ridge1,combined,fresh_all,384,3.86907778494894,4.558473981483222,3.6079629622575595,12.84095386924831,0.08854166666666667,0.0,4.276197081828229,0,0.4348958333333333,3.872017037257151,4.558473981483222,4.430971759323636,4.243045701187599,3.993765722312931,3.8059972272840765,3.634431031970601
gw_ridge1,context,fresh_Canon_5DSR,128,4.188719388139814,5.189482758045827,4.280608563863869,14.128223181019406,0.125,0.0,4.425507554118986,0,0.4609375,4.101716113237273,5.189482758045827,5.017359516167977,4.8079521517795705,4.456589504337706,4.274916877437738,3.9786337692632423
gw_ridge1,cheap,fresh_Canon_5DSR,128,4.188719388139814,5.189482758045827,4.280608563863869,14.128223181019406,0.125,0.0,4.628027072211923,0,0.421875,4.095588263733198,5.189482758045827,4.9977558829545385,4.77592313662043,4.428265449991861,4.3271867695828785,3.9932172694099664
gw_ridge1,combined,fresh_Canon_5DSR,128,4.188719388139814,5.189482758045827,4.280608563863869,14.128223181019406,0.125,0.0,4.816996313151087,0,0.4296875,4.450308388598358,5.189482758045827,5.053513776132541,4.77592313662043,4.394021913129753,4.468109747252349,4.067587280633933
gw_ridge1,context,fresh_Nikon_D810,128,3.8438221308655716,4.444869645281104,3.460942805526922,12.196952937419605,0.0703125,0.0,4.404820667102836,0,0.5,3.928250969742114,4.444869645281104,4.3126221853807625,4.280827969526193,4.103786772343416,3.901698506574028,3.9149329355505014
gw_ridge1,cheap,fresh_Nikon_D810,128,3.8438221308655716,4.444869645281104,3.460942805526922,12.196952937419605,0.0703125,0.0,4.43473738695705,0,0.4765625,3.9281940217454427,4.444869645281104,4.3126221853807625,4.280827969526193,4.037167994242305,3.901698506574028,3.986950031028215
gw_ridge1,combined,fresh_Nikon_D810,128,3.8438221308655716,4.444869645281104,3.460942805526922,12.196952937419605,0.0703125,0.0,4.488116867291873,0,0.484375,4.183094204817778,4.444869645281104,4.3126221853807625,4.318418149639755,4.133578073747,3.929752075743732,3.962400967954776
gw_ridge1,context,fresh_Sony_IMX135_BLCCSC,128,3.574691835841432,4.041069541122738,2.893544859672838,11.55146208514872,0.0703125,0.0,3.274078765696107,0,0.40625,3.080633154324684,4.041069541122738,3.8097017578506556,3.646553867258072,3.2556785410681885,3.188439231610073,3.073912205984192
gw_ridge1,cheap,fresh_Sony_IMX135_BLCCSC,128,3.574691835841432,4.041069541122738,2.893544859672838,11.55146208514872,0.0703125,0.0,3.375488486824981,0,0.390625,2.7128227985814313,4.041069541122738,3.8097017578506556,3.642122772943333,3.2808896456916163,3.139068673348922,3.0038065924105597
gw_ridge1,combined,fresh_Sony_IMX135_BLCCSC,128,3.574691835841432,4.041069541122738,2.893544859672838,11.55146208514872,0.0703125,0.0,3.2933914902828336,0,0.390625,2.8501608630066473,4.041069541122738,3.8097017578506556,3.609869424844022,3.284437221726273,3.217604424017185,2.985736508728483
