train_people,arm,accepted,coverage,mean_delta_e00
6,baseline,1,0.004310344827586207,4.2425542498810165
6,baseline,2,0.008620689655172414,3.6955383426016275
6,baseline,3,0.01293103448275862,4.842444242402919
6,baseline,4,0.017241379310344827,4.602432112858231
6,baseline,5,0.021551724137931036,4.270369759954549
6,baseline,6,0.02586206896551724,4.209150685132079
6,baseline,7,0.03017241379310345,4.220741239648567
6,baseline,8,0.034482758620689655,4.428764432679839
6,baseline,9,0.03879310344827586,4.509810943092403
6,baseline,10,0.04310344827586207,4.6983832874805005
6,baseline,11,0.04741379310344827,4.466617941979207
6,baseline,12,0.05172413793103448,4.483021017082222
6,baseline,13,0.05603448275862069,4.467125473957624
6,baseline,14,0.0603448275862069,4.42615034872142
6,baseline,15,0.06465517241379311,4.510924605118213
6,baseline,16,0.06896551724137931,4.627089936332538
6,baseline,17,0.07327586206896551,4.520792274020761
6,baseline,18,0.07758620689655173,4.523898918041935
6,baseline,19,0.08189655172413793,4.468927077774997
6,baseline,20,0.08620689655172414,4.388499175180892
6,baseline,21,0.09051724137931035,4.380715943427738
6,baseline,22,0.09482758620689655,4.354911209710721
6,baseline,23,0.09913793103448276,4.385526144728376
6,baseline,24,0.10344827586206896,4.280573752581879
6,baseline,25,0.10775862068965517,4.292351502170015
6,baseline,26,0.11206896551724138,4.361204373822962
6,baseline,27,0.11637931034482758,4.289690500147682
6,baseline,28,0.1206896551724138,4.350562354720741
6,baseline,29,0.125,4.291844762907792
6,baseline,30,0.12931034482758622,4.394520495508935
6,baseline,31,0.1336206896551724,4.349942894547955
6,baseline,32,0.13793103448275862,4.383235008364753
6,baseline,33,0.14224137931034483,4.416057549234043
6,baseline,34,0.14655172413793102,4.366953504745987
6,baseline,35,0.15086206896551724,4.385217454211349
6,baseline,36,0.15517241379310345,4.402491575387437
6,baseline,37,0.15948275862068967,4.369704042227953
6,baseline,38,0.16379310344827586,4.411504768237676
6,baseline,39,0.16810344827586207,4.443888551590051
6,baseline,40,0.1724137931034483,4.485411316559343
6,baseline,41,0.17672413793103448,4.476873361949969
6,baseline,42,0.1810344827586207,4.453656466403095
6,baseline,43,0.1853448275862069,4.450286900969619
6,baseline,44,0.1896551724137931,4.433875711521263
6,baseline,45,0.1939655172413793,4.482063700901409
6,baseline,46,0.19827586206896552,4.505730495045971
6,baseline,47,0.2025862068965517,4.490094481547421
6,baseline,48,0.20689655172413793,4.466092081876858
6,baseline,49,0.21120689655172414,4.488769321546498
6,baseline,50,0.21551724137931033,4.471784545501279
6,baseline,51,0.21982758620689655,4.475589341281419
6,baseline,52,0.22413793103448276,4.512064743148016
6,baseline,53,0.22844827586206898,4.471089669244602
6,baseline,54,0.23275862068965517,4.46723603175602
6,baseline,55,0.23706896551724138,4.491486454928331
6,baseline,56,0.2413793103448276,4.456217389032095
6,baseline,57,0.24568965517241378,4.470542562618509
6,baseline,58,0.25,4.463779806122525
6,baseline,59,0.2543103448275862,4.463796447083161
6,baseline,60,0.25862068965517243,4.483314102331849
6,baseline,61,0.2629310344827586,4.525428668912361
6,baseline,62,0.2672413793103448,4.512363751436065
6,baseline,63,0.27155172413793105,4.550671494006694
6,baseline,64,0.27586206896551724,4.561609186782272
6,baseline,65,0.2801724137931034,4.551795016916208
6,baseline,66,0.28448275862068967,4.541931360007999
6,baseline,67,0.28879310344827586,4.56471305985859
6,baseline,68,0.29310344827586204,4.5324820465368765
6,baseline,69,0.2974137931034483,4.53388645590758
6,baseline,70,0.3017241379310345,4.551623169707285
6,baseline,71,0.30603448275862066,4.544587038211994
6,baseline,72,0.3103448275862069,4.541301745683483
6,baseline,73,0.3146551724137931,4.53751418416919
6,baseline,74,0.31896551724137934,4.535728220508331
6,baseline,75,0.3232758620689655,4.534392574271748
6,baseline,76,0.3275862068965517,4.5537660133243385
6,baseline,77,0.33189655172413796,4.533083188217337
6,baseline,78,0.33620689655172414,4.513673568041817
6,baseline,79,0.34051724137931033,4.5108763020205975
6,baseline,80,0.3448275862068966,4.517530042020025
6,baseline,81,0.34913793103448276,4.518414897260545
6,baseline,82,0.35344827586206895,4.537016251924261
6,baseline,83,0.3577586206896552,4.545090530835444
6,baseline,84,0.3620689655172414,4.579721498492421
6,baseline,85,0.36637931034482757,4.566729700352539
6,baseline,86,0.3706896551724138,4.5556345458350895
6,baseline,87,0.375,4.550907446043904
6,baseline,88,0.3793103448275862,4.531447838976697
6,baseline,89,0.38362068965517243,4.578203642333244
6,baseline,90,0.3879310344827586,4.55937702683605
6,baseline,91,0.3922413793103448,4.57886337583651
6,baseline,92,0.39655172413793105,4.595921792334482
6,baseline,93,0.40086206896551724,4.593907275443192
6,baseline,94,0.4051724137931034,4.5758274882819325
6,baseline,95,0.40948275862068967,4.567438889541669
6,baseline,96,0.41379310344827586,4.588733539012779
6,baseline,97,0.41810344827586204,4.580108495134753
6,baseline,98,0.4224137931034483,4.596844518258714
6,baseline,99,0.4267241379310345,4.657695004019065
6,baseline,100,0.43103448275862066,4.696013021195054
6,baseline,101,0.4353448275862069,4.706465078746913
6,baseline,102,0.4396551724137931,4.755233383147009
6,baseline,103,0.44396551724137934,4.7462090505755095
6,baseline,104,0.4482758620689655,4.770770673525867
6,baseline,105,0.4525862068965517,4.790460139585804
6,baseline,106,0.45689655172413796,4.814215309939041
6,baseline,107,0.46120689655172414,4.861996676834828
6,baseline,108,0.46551724137931033,4.857424625391868
6,baseline,109,0.4698275862068966,4.890034002824527
6,baseline,110,0.47413793103448276,4.896813343881603
6,baseline,111,0.47844827586206895,4.878843661799218
6,baseline,112,0.4827586206896552,4.873178432841125
6,baseline,113,0.4870689655172414,4.915371208217041
6,baseline,114,0.49137931034482757,4.902691486328869
6,baseline,115,0.4956896551724138,4.907201165129625
6,baseline,116,0.5,4.886017842390147
6,baseline,117,0.5043103448275862,4.98682284331117
6,baseline,118,0.5086206896551724,5.026473106879521
6,baseline,119,0.5129310344827587,5.010587533926455
6,baseline,120,0.5172413793103449,5.02640025913725
6,baseline,121,0.521551724137931,5.025945407595112
6,baseline,122,0.5258620689655172,5.014911914944725
6,baseline,123,0.5301724137931034,4.992973714835422
6,baseline,124,0.5344827586206896,4.983196521671754
6,baseline,125,0.5387931034482759,5.009549245374435
6,baseline,126,0.5431034482758621,5.016720041876406
6,baseline,127,0.5474137931034483,5.0498030918338275
6,baseline,128,0.5517241379310345,5.085308406333119
6,baseline,129,0.5560344827586207,5.097319832999599
6,baseline,130,0.5603448275862069,5.102224892185174
6,baseline,131,0.5646551724137931,5.161913818890839
6,baseline,132,0.5689655172413793,5.16819242661736
6,baseline,133,0.5732758620689655,5.167716559012578
6,baseline,134,0.5775862068965517,5.169468608459894
6,baseline,135,0.5818965517241379,5.199693737128604
6,baseline,136,0.5862068965517241,5.219371701199083
6,baseline,137,0.5905172413793104,5.230237754864818
6,baseline,138,0.5948275862068966,5.2665215947281405
6,baseline,139,0.5991379310344828,5.26372203028525
6,baseline,140,0.603448275862069,5.269748238935022
6,baseline,141,0.6077586206896551,5.273046364865858
6,baseline,142,0.6120689655172413,5.273133968463582
6,baseline,143,0.6163793103448276,5.266531995241837
6,baseline,144,0.6206896551724138,5.272345725202341
6,baseline,145,0.625,5.272486251426577
6,baseline,146,0.6293103448275862,5.2857522244482
6,baseline,147,0.6336206896551724,5.289320463787841
6,baseline,148,0.6379310344827587,5.310472493344533
6,baseline,149,0.6422413793103449,5.335647494632603
6,baseline,150,0.646551724137931,5.359937835403731
6,baseline,151,0.6508620689655172,5.3510892670436405
6,baseline,152,0.6551724137931034,5.352507932712122
6,baseline,153,0.6594827586206896,5.3531864114399745
6,baseline,154,0.6637931034482759,5.359489005140499
6,baseline,155,0.6681034482758621,5.425041612252193
6,baseline,156,0.6724137931034483,5.459662325748369
6,baseline,157,0.6767241379310345,5.4587224044412155
6,baseline,158,0.6810344827586207,5.46236245467232
6,baseline,159,0.6853448275862069,5.489324126775396
6,baseline,160,0.6896551724137931,5.483424921414098
6,baseline,161,0.6939655172413793,5.524838173458002
6,baseline,162,0.6982758620689655,5.54489776830344
6,baseline,163,0.7025862068965517,5.5574051641205005
6,baseline,164,0.7068965517241379,5.576624981439475
6,baseline,165,0.7112068965517241,5.576823464155503
6,baseline,166,0.7155172413793104,5.6179226264069575
6,baseline,167,0.7198275862068966,5.618560936702963
6,baseline,168,0.7241379310344828,5.614882368752988
6,baseline,169,0.728448275862069,5.651969945776064
6,baseline,170,0.7327586206896551,5.679129797908428
6,baseline,171,0.7370689655172413,5.73105824713218
6,baseline,172,0.7413793103448276,5.748913156749103
6,baseline,173,0.7456896551724138,5.770345937280286
6,baseline,174,0.75,5.779702963549274
6,baseline,175,0.7543103448275862,5.80952391073648
6,baseline,176,0.7586206896551724,5.822910704416873
6,baseline,177,0.7629310344827587,5.884231641882202
6,baseline,178,0.7672413793103449,5.900912270931176
6,baseline,179,0.771551724137931,5.945126005988374
6,baseline,180,0.7758620689655172,5.945725923218281
6,baseline,181,0.7801724137931034,5.985413489023499
6,baseline,182,0.7844827586206896,6.01508178976444
6,baseline,183,0.7887931034482759,6.060470405720103
6,baseline,184,0.7931034482758621,6.08198323040726
6,baseline,185,0.7974137931034483,6.106888652007426
6,baseline,186,0.8017241379310345,6.143996643404248
6,baseline,187,0.8060344827586207,6.149348203890841
6,baseline,188,0.8103448275862069,6.172001644884631
6,baseline,189,0.8146551724137931,6.194752427323491
6,baseline,190,0.8189655172413793,6.225466261586294
6,baseline,191,0.8232758620689655,6.247029914937542
6,baseline,192,0.8275862068965517,6.2767578501226025
6,baseline,193,0.8318965517241379,6.306151460084412
6,baseline,194,0.8362068965517241,6.338396345404097
6,baseline,195,0.8405172413793104,6.34220564628473
6,baseline,196,0.8448275862068966,6.380757328905898
6,baseline,197,0.8491379310344828,6.397405791570834
6,baseline,198,0.853448275862069,6.4369379591691205
6,baseline,199,0.8577586206896551,6.463672254303766
6,baseline,200,0.8620689655172413,6.4643025687699724
6,baseline,201,0.8663793103448276,6.487873995649196
6,baseline,202,0.8706896551724138,6.481143428769525
6,baseline,203,0.875,6.527166938172379
6,baseline,204,0.8793103448275862,6.5237975839829785
6,baseline,205,0.8836206896551724,6.543689716495783
6,baseline,206,0.8879310344827587,6.542607111003434
6,baseline,207,0.8922413793103449,6.568564122433279
6,baseline,208,0.896551724137931,6.59554043227137
6,baseline,209,0.9008620689655172,6.635130686487254
6,baseline,210,0.9051724137931034,6.638896361614499
6,baseline,211,0.9094827586206896,6.699795482960194
6,baseline,212,0.9137931034482759,6.7291577532796465
6,baseline,213,0.9181034482758621,6.771609038499752
6,baseline,214,0.9224137931034483,6.791236843949965
6,baseline,215,0.9267241379310345,6.834459175966991
6,baseline,216,0.9310344827586207,6.849805444854809
6,baseline,217,0.9353448275862069,6.894595937811683
6,baseline,218,0.9396551724137931,6.914939190806312
6,baseline,219,0.9439655172413793,6.947441725177285
6,baseline,220,0.9482758620689655,6.979482275801389
6,baseline,221,0.9525862068965517,7.0181528319633975
6,baseline,222,0.9568965517241379,7.031743397251543
6,baseline,223,0.9612068965517241,7.046360967833874
6,baseline,224,0.9655172413793104,7.061003534306335
6,baseline,225,0.9698275862068966,7.077739551937946
6,baseline,226,0.9741379310344828,7.092948417198772
6,baseline,227,0.978448275862069,7.119385982793851
6,baseline,228,0.9827586206896551,7.14302776626542
6,baseline,229,0.9870689655172413,7.175585495617061
6,baseline,230,0.9913793103448276,7.193144762004863
6,baseline,231,0.9956896551724138,7.197167551666214
6,baseline,232,1.0,7.243890106732894
6,statistics,1,0.004310344827586207,4.095011983251045
6,statistics,2,0.008620689655172414,3.580914606247758
6,statistics,3,0.01293103448275862,4.736084525698719
6,statistics,4,0.017241379310344827,4.479807249914961
6,statistics,5,0.021551724137931036,4.168811512092684
6,statistics,6,0.02586206896551724,4.1141188722505575
6,statistics,7,0.03017241379310345,4.1450726281250985
6,statistics,8,0.034482758620689655,4.360249246108921
6,statistics,9,0.03879310344827586,4.477480619002299
6,statistics,10,0.04310344827586207,4.664781783007971
6,statistics,11,0.04741379310344827,4.405043939809807
6,statistics,12,0.05172413793103448,4.411946223499347
6,statistics,13,0.05603448275862069,4.404393646670418
6,statistics,14,0.0603448275862069,4.375120858645805
6,statistics,15,0.06465517241379311,4.453724476669875
6,statistics,16,0.06896551724137931,4.562146696823453
6,statistics,17,0.07327586206896551,4.480505757061183
6,statistics,18,0.07758620689655173,4.459508980799505
6,statistics,19,0.08189655172413793,4.406258774378593
6,statistics,20,0.08620689655172414,4.3379431481162065
6,statistics,21,0.09051724137931035,4.340414538833438
6,statistics,22,0.09482758620689655,4.334318378062453
6,statistics,23,0.09913793103448276,4.365746556527405
6,statistics,24,0.10344827586206896,4.263267773140996
6,statistics,25,0.10775862068965517,4.281082661925349
6,statistics,26,0.11206896551724138,4.339782971177523
6,statistics,27,0.11637931034482758,4.2811355045630615
6,statistics,28,0.1206896551724138,4.342871554231393
6,statistics,29,0.125,4.280553883955972
6,statistics,30,0.12931034482758622,4.37819012414636
6,statistics,31,0.1336206896551724,4.345727650250237
6,statistics,32,0.13793103448275862,4.382693811152822
6,statistics,33,0.14224137931034483,4.412178900282188
6,statistics,34,0.14655172413793102,4.364629304580179
6,statistics,35,0.15086206896551724,4.377540884654568
6,statistics,36,0.15517241379310345,4.392561837399456
6,statistics,37,0.15948275862068967,4.361949763171368
6,statistics,38,0.16379310344827586,4.403819210904437
6,statistics,39,0.16810344827586207,4.437639150268825
6,statistics,40,0.1724137931034483,4.468221533234323
6,statistics,41,0.17672413793103448,4.480951578754714
6,statistics,42,0.1810344827586207,4.456894568635551
6,statistics,43,0.1853448275862069,4.461123718869929
6,statistics,44,0.1896551724137931,4.44688288840755
6,statistics,45,0.1939655172413793,4.494856878980335
6,statistics,46,0.19827586206896552,4.518356889047912
6,statistics,47,0.2025862068965517,4.500397872112253
6,statistics,48,0.20689655172413793,4.473455667401624
6,statistics,49,0.21120689655172414,4.495151131552077
6,statistics,50,0.21551724137931033,4.472820571353726
6,statistics,51,0.21982758620689655,4.477451188170021
6,statistics,52,0.22413793103448276,4.503683161163667
6,statistics,53,0.22844827586206898,4.462035273096505
6,statistics,54,0.23275862068965517,4.459123964818503
6,statistics,55,0.23706896551724138,4.485529308964787
6,statistics,56,0.2413793103448276,4.4477378182607525
6,statistics,57,0.24568965517241378,4.460026384494632
6,statistics,58,0.25,4.454491091959267
6,statistics,59,0.2543103448275862,4.45383457240512
6,statistics,60,0.25862068965517243,4.474967077795214
6,statistics,61,0.2629310344827586,4.51433349910243
6,statistics,62,0.2672413793103448,4.505685670182053
6,statistics,63,0.27155172413793105,4.540022785786619
6,statistics,64,0.27586206896551724,4.552579211231836
6,statistics,65,0.2801724137931034,4.538086668201945
6,statistics,66,0.28448275862068967,4.5302901815407965
6,statistics,67,0.28879310344827586,4.557214363098127
6,statistics,68,0.29310344827586204,4.526875221486819
6,statistics,69,0.2974137931034483,4.525259642835194
6,statistics,70,0.3017241379310345,4.540430851656825
6,statistics,71,0.30603448275862066,4.534476622088584
6,statistics,72,0.3103448275862069,4.530632344690513
6,statistics,73,0.3146551724137931,4.529390947027383
6,statistics,74,0.31896551724137934,4.529433135117547
6,statistics,75,0.3232758620689655,4.522612637383543
6,statistics,76,0.3275862068965517,4.540286374308935
6,statistics,77,0.33189655172413796,4.522172472462355
6,statistics,78,0.33620689655172414,4.506648110585996
6,statistics,79,0.34051724137931033,4.503654445255425
6,statistics,80,0.3448275862068966,4.510538241835781
6,statistics,81,0.34913793103448276,4.507911283902396
6,statistics,82,0.35344827586206895,4.520152551817716
6,statistics,83,0.3577586206896552,4.526907906119891
6,statistics,84,0.3620689655172414,4.559818538491737
6,statistics,85,0.36637931034482757,4.5450960834968965
6,statistics,86,0.3706896551724138,4.537615299579973
6,statistics,87,0.375,4.534881617291552
6,statistics,88,0.3793103448275862,4.515764005759119
6,statistics,89,0.38362068965517243,4.566600793553699
6,statistics,90,0.3879310344827586,4.552767116592372
6,statistics,91,0.3922413793103448,4.569412444939701
6,statistics,92,0.39655172413793105,4.584565962582256
6,statistics,93,0.40086206896551724,4.584059131176261
6,statistics,94,0.4051724137931034,4.566548794490131
6,statistics,95,0.40948275862068967,4.554932011038277
6,statistics,96,0.41379310344827586,4.578317754401073
6,statistics,97,0.41810344827586204,4.56931302211213
6,statistics,98,0.4224137931034483,4.586296343629567
6,statistics,99,0.4267241379310345,4.648319813332271
6,statistics,100,0.43103448275862066,4.686829693200019
6,statistics,101,0.4353448275862069,4.6970155033103635
6,statistics,102,0.4396551724137931,4.744354784076978
6,statistics,103,0.44396551724137934,4.732416522942468
6,statistics,104,0.4482758620689655,4.756080548374967
6,statistics,105,0.4525862068965517,4.777059017389141
6,statistics,106,0.45689655172413796,4.800806823268758
6,statistics,107,0.46120689655172414,4.850772339260742
6,statistics,108,0.46551724137931033,4.845129787190881
6,statistics,109,0.4698275862068966,4.876989335281551
6,statistics,110,0.47413793103448276,4.8829593318580695
6,statistics,111,0.47844827586206895,4.869465762276909
6,statistics,112,0.4827586206896552,4.8680022927854605
6,statistics,113,0.4870689655172414,4.9098455085348895
6,statistics,114,0.49137931034482757,4.896032737281804
6,statistics,115,0.4956896551724138,4.900328857869527
6,statistics,116,0.5,4.882759542875433
6,statistics,117,0.5043103448275862,4.983185405516676
6,statistics,118,0.5086206896551724,5.027740884651691
6,statistics,119,0.5129310344827587,5.012275084730678
6,statistics,120,0.5172413793103449,5.031212138463817
6,statistics,121,0.521551724137931,5.029855273031359
6,statistics,122,0.5258620689655172,5.018021416459297
6,statistics,123,0.5301724137931034,4.9957387429580296
6,statistics,124,0.5344827586206896,4.983975899823548
6,statistics,125,0.5387931034482759,5.01522688156149
6,statistics,126,0.5431034482758621,5.018420302880363
6,statistics,127,0.5474137931034483,5.050044010016872
6,statistics,128,0.5517241379310345,5.086409583947475
6,statistics,129,0.5560344827586207,5.091101187536767
6,statistics,130,0.5603448275862069,5.0966014373081485
6,statistics,131,0.5646551724137931,5.156346053190556
6,statistics,132,0.5689655172413793,5.161128894167168
6,statistics,133,0.5732758620689655,5.161717203537777
6,statistics,134,0.5775862068965517,5.161782109291155
6,statistics,135,0.5818965517241379,5.192459733786349
6,statistics,136,0.5862068965517241,5.21310744112884
6,statistics,137,0.5905172413793104,5.229318925336929
6,statistics,138,0.5948275862068966,5.265428964057732
6,statistics,139,0.5991379310344828,5.262760699630892
6,statistics,140,0.603448275862069,5.268738220985756
6,statistics,141,0.6077586206896551,5.271342541093211
6,statistics,142,0.6120689655172413,5.273135746384327
6,statistics,143,0.6163793103448276,5.26213011821851
6,statistics,144,0.6206896551724138,5.268812888809458
6,statistics,145,0.625,5.27231294848518
6,statistics,146,0.6293103448275862,5.287860509618727
6,statistics,147,0.6336206896551724,5.291894861044437
6,statistics,148,0.6379310344827587,5.313670988997264
6,statistics,149,0.6422413793103449,5.3410968536012575
6,statistics,150,0.646551724137931,5.364902430849777
6,statistics,151,0.6508620689655172,5.356310561651291
6,statistics,152,0.6551724137931034,5.35733783185686
6,statistics,153,0.6594827586206896,5.3561265306382575
6,statistics,154,0.6637931034482759,5.359399194145108
6,statistics,155,0.6681034482758621,5.421372879286923
6,statistics,156,0.6724137931034483,5.4567128437446835
6,statistics,157,0.6767241379310345,5.451676272405635
6,statistics,158,0.6810344827586207,5.4532261921885015
6,statistics,159,0.6853448275862069,5.475790086953009
6,statistics,160,0.6896551724137931,5.471600124815192
6,statistics,161,0.6939655172413793,5.514477946772286
6,statistics,162,0.6982758620689655,5.542087998796156
6,statistics,163,0.7025862068965517,5.5548000337303245
6,statistics,164,0.7068965517241379,5.572136406074801
6,statistics,165,0.7112068965517241,5.575979569496309
6,statistics,166,0.7155172413793104,5.615102177373346
6,statistics,167,0.7198275862068966,5.611142641412841
6,statistics,168,0.7241379310344828,5.606357328343659
6,statistics,169,0.728448275862069,5.639629882753675
6,statistics,170,0.7327586206896551,5.6674595423501914
6,statistics,171,0.7370689655172413,5.718114913983443
6,statistics,172,0.7413793103448276,5.736339781284809
6,statistics,173,0.7456896551724138,5.7576908596226595
6,statistics,174,0.75,5.765830886746407
6,statistics,175,0.7543103448275862,5.796581997202718
6,statistics,176,0.7586206896551724,5.811448551951632
6,statistics,177,0.7629310344827587,5.872013098215398
6,statistics,178,0.7672413793103449,5.88705215478977
6,statistics,179,0.771551724137931,5.926351036113147
6,statistics,180,0.7758620689655172,5.925261764957134
6,statistics,181,0.7801724137931034,5.965961422657231
6,statistics,182,0.7844827586206896,5.99597715951401
6,statistics,183,0.7887931034482759,6.042004101774669
6,statistics,184,0.7931034482758621,6.063319719915401
6,statistics,185,0.7974137931034483,6.090063311249698
6,statistics,186,0.8017241379310345,6.121937011034071
6,statistics,187,0.8060344827586207,6.123522500117889
6,statistics,188,0.8103448275862069,6.148244255626831
6,statistics,189,0.8146551724137931,6.171159514644888
6,statistics,190,0.8189655172413793,6.197136574549519
6,statistics,191,0.8232758620689655,6.217433038861631
6,statistics,192,0.8275862068965517,6.248651528729003
6,statistics,193,0.8318965517241379,6.273179342279302
6,statistics,194,0.8362068965517241,6.30207859332965
6,statistics,195,0.8405172413793104,6.3067075327500985
6,statistics,196,0.8448275862068966,6.345544690047659
6,statistics,197,0.8491379310344828,6.3620330724583285
6,statistics,198,0.853448275862069,6.395279963898535
6,statistics,199,0.8577586206896551,6.419935551725216
6,statistics,200,0.8620689655172413,6.421613766421861
6,statistics,201,0.8663793103448276,6.443539422376397
6,statistics,202,0.8706896551724138,6.435240692769156
6,statistics,203,0.875,6.483128213016255
6,statistics,204,0.8793103448275862,6.483170491380748
6,statistics,205,0.8836206896551724,6.498801660884458
6,statistics,206,0.8879310344827587,6.4978609338990445
6,statistics,207,0.8922413793103449,6.520867861524759
6,statistics,208,0.896551724137931,6.548842347755599
6,statistics,209,0.9008620689655172,6.587298306959926
6,statistics,210,0.9051724137931034,6.591382951607902
6,statistics,211,0.9094827586206896,6.6543053091520505
6,statistics,212,0.9137931034482759,6.685137374585989
6,statistics,213,0.9181034482758621,6.728055437869405
6,statistics,214,0.9224137931034483,6.747593994075671
6,statistics,215,0.9267241379310345,6.790991333143296
6,statistics,216,0.9310344827586207,6.80560081116825
6,statistics,217,0.9353448275862069,6.853100281708948
6,statistics,218,0.9396551724137931,6.870951640807441
6,statistics,219,0.9439655172413793,6.902203288812378
6,statistics,220,0.9482758620689655,6.93400838624715
6,statistics,221,0.9525862068965517,6.974187472372777
6,statistics,222,0.9568965517241379,6.989330560389928
6,statistics,223,0.9612068965517241,7.009431004393529
6,statistics,224,0.9655172413793104,7.023945804475747
6,statistics,225,0.9698275862068966,7.039774608023142
6,statistics,226,0.9741379310344828,7.055554412437764
6,statistics,227,0.978448275862069,7.082112083627809
6,statistics,228,0.9827586206896551,7.1054420075348155
6,statistics,229,0.9870689655172413,7.139936932381713
6,statistics,230,0.9913793103448276,7.153593535011486
6,statistics,231,0.9956896551724138,7.157814765907154
6,statistics,232,1.0,7.2067600716747195
6,pixels,1,0.004310344827586207,4.193100915997598
6,pixels,2,0.008620689655172414,3.716127874889926
6,pixels,3,0.01293103448275862,4.826686659699806
6,pixels,4,0.017241379310344827,4.550884081179561
6,pixels,5,0.021551724137931036,4.228423044683265
6,pixels,6,0.02586206896551724,4.198860078180915
6,pixels,7,0.03017241379310345,4.198864664188224
6,pixels,8,0.034482758620689655,4.40208126058733
6,pixels,9,0.03879310344827586,4.511327480408284
6,pixels,10,0.04310344827586207,4.699472075004882
6,pixels,11,0.04741379310344827,4.449818278807393
6,pixels,12,0.05172413793103448,4.442741611487952
6,pixels,13,0.05603448275862069,4.435433222981927
6,pixels,14,0.0603448275862069,4.400677123434238
6,pixels,15,0.06465517241379311,4.477219679656998
6,pixels,16,0.06896551724137931,4.593265778758346
6,pixels,17,0.07327586206896551,4.516599857554219
6,pixels,18,0.07758620689655173,4.510867260589933
6,pixels,19,0.08189655172413793,4.461884566157305
6,pixels,20,0.08620689655172414,4.393616809049003
6,pixels,21,0.09051724137931035,4.392309189721164
6,pixels,22,0.09482758620689655,4.376419865166305
6,pixels,23,0.09913793103448276,4.40794734650935
6,pixels,24,0.10344827586206896,4.310170741401848
6,pixels,25,0.10775862068965517,4.31543771194648
6,pixels,26,0.11206896551724138,4.3757353225699935
6,pixels,27,0.11637931034482758,4.309808390817868
6,pixels,28,0.1206896551724138,4.367338716599652
6,pixels,29,0.125,4.305158423450352
6,pixels,30,0.12931034482758622,4.40832806515268
6,pixels,31,0.1336206896551724,4.373185553286877
6,pixels,32,0.13793103448275862,4.409192919848219
6,pixels,33,0.14224137931034483,4.438475231782374
6,pixels,34,0.14655172413793102,4.3842247918228345
6,pixels,35,0.15086206896551724,4.398679356096185
6,pixels,36,0.15517241379310345,4.410657366780992
6,pixels,37,0.15948275862068967,4.378550437865238
6,pixels,38,0.16379310344827586,4.418923196605238
6,pixels,39,0.16810344827586207,4.45120939513205
6,pixels,40,0.1724137931034483,4.4869761044641185
6,pixels,41,0.17672413793103448,4.505545030470924
6,pixels,42,0.1810344827586207,4.480139267462107
6,pixels,43,0.1853448275862069,4.479811902936089
6,pixels,44,0.1896551724137931,4.46397393666778
6,pixels,45,0.1939655172413793,4.511851849798048
6,pixels,46,0.19827586206896552,4.535758934776563
6,pixels,47,0.2025862068965517,4.520600395059969
6,pixels,48,0.20689655172413793,4.494498116857007
6,pixels,49,0.21120689655172414,4.518084801351008
6,pixels,50,0.21551724137931033,4.497998963908786
6,pixels,51,0.21982758620689655,4.503443875794599
6,pixels,52,0.22413793103448276,4.530997964954808
6,pixels,53,0.22844827586206898,4.486544688362646
6,pixels,54,0.23275862068965517,4.483238365053105
6,pixels,55,0.23706896551724138,4.509590167880915
6,pixels,56,0.2413793103448276,4.4732127038179135
6,pixels,57,0.24568965517241378,4.485085868079515
6,pixels,58,0.25,4.481712240290116
6,pixels,59,0.2543103448275862,4.479094392842208
6,pixels,60,0.25862068965517243,4.497143419443002
6,pixels,61,0.2629310344827586,4.536322889646395
6,pixels,62,0.2672413793103448,4.526504721091711
6,pixels,63,0.27155172413793105,4.560606903812308
6,pixels,64,0.27586206896551724,4.575498758304978
6,pixels,65,0.2801724137931034,4.561990051926286
6,pixels,66,0.28448275862068967,4.553849136549871
6,pixels,67,0.28879310344827586,4.579925627470705
6,pixels,68,0.29310344827586204,4.548647473906912
6,pixels,69,0.2974137931034483,4.546554045012887
6,pixels,70,0.3017241379310345,4.5638959138421304
6,pixels,71,0.30603448275862066,4.555709029633567
6,pixels,72,0.3103448275862069,4.554005946745238
6,pixels,73,0.3146551724137931,4.549307354421142
6,pixels,74,0.31896551724137934,4.548844378073948
6,pixels,75,0.3232758620689655,4.542099117476062
6,pixels,76,0.3275862068965517,4.559392835712418
6,pixels,77,0.33189655172413796,4.540701570964534
6,pixels,78,0.33620689655172414,4.526854743800956
6,pixels,79,0.34051724137931033,4.523827887737609
6,pixels,80,0.3448275862068966,4.530075117644668
6,pixels,81,0.34913793103448276,4.5280883106108645
6,pixels,82,0.35344827586206895,4.544798831834484
6,pixels,83,0.3577586206896552,4.5534102633271285
6,pixels,84,0.3620689655172414,4.581883055500182
6,pixels,85,0.36637931034482757,4.566971785702612
6,pixels,86,0.3706896551724138,4.55738896592847
6,pixels,87,0.375,4.5552196637846425
6,pixels,88,0.3793103448275862,4.534951746849528
6,pixels,89,0.38362068965517243,4.583105831751184
6,pixels,90,0.3879310344827586,4.568511584764907
6,pixels,91,0.3922413793103448,4.5859838825940855
6,pixels,92,0.39655172413793105,4.6021947634585905
6,pixels,93,0.40086206896551724,4.601468644338606
6,pixels,94,0.4051724137931034,4.5844916168506495
6,pixels,95,0.40948275862068967,4.573352392865889
6,pixels,96,0.41379310344827586,4.595861067487433
6,pixels,97,0.41810344827586204,4.586312671517018
6,pixels,98,0.4224137931034483,4.603109295565051
6,pixels,99,0.4267241379310345,4.663601161843712
6,pixels,100,0.43103448275862066,4.698480619864984
6,pixels,101,0.4353448275862069,4.708574952755449
6,pixels,102,0.4396551724137931,4.753515143616503
6,pixels,103,0.44396551724137934,4.741302870572305
6,pixels,104,0.4482758620689655,4.764743511139977
6,pixels,105,0.4525862068965517,4.784667308308831
6,pixels,106,0.45689655172413796,4.80686629632137
6,pixels,107,0.46120689655172414,4.85493739269786
6,pixels,108,0.46551724137931033,4.8504687053895355
6,pixels,109,0.4698275862068966,4.883287419399221
6,pixels,110,0.47413793103448276,4.890824766560278
6,pixels,111,0.47844827586206895,4.876503355424932
6,pixels,112,0.4827586206896552,4.874751043385469
6,pixels,113,0.4870689655172414,4.915396749071296
6,pixels,114,0.49137931034482757,4.899805349268781
6,pixels,115,0.4956896551724138,4.901997127919562
6,pixels,116,0.5,4.88424566092707
6,pixels,117,0.5043103448275862,4.983045261587244
6,pixels,118,0.5086206896551724,5.025227044072884
6,pixels,119,0.5129310344827587,5.008980929581768
6,pixels,120,0.5172413793103449,5.026195232287143
6,pixels,121,0.521551724137931,5.02587423031846
6,pixels,122,0.5258620689655172,5.014320359846802
6,pixels,123,0.5301724137931034,4.9918695981051044
6,pixels,124,0.5344827586206896,4.980552639165522
6,pixels,125,0.5387931034482759,5.009327279927207
6,pixels,126,0.5431034482758621,5.013301912807033
6,pixels,127,0.5474137931034483,5.0455649424714695
6,pixels,128,0.5517241379310345,5.081490623187436
6,pixels,129,0.5560344827586207,5.086794017337897
6,pixels,130,0.5603448275862069,5.091553582155453
6,pixels,131,0.5646551724137931,5.150515468455734
6,pixels,132,0.5689655172413793,5.154184196536002
6,pixels,133,0.5732758620689655,5.155219466896134
6,pixels,134,0.5775862068965517,5.154573052314762
6,pixels,135,0.5818965517241379,5.186310820583653
6,pixels,136,0.5862068965517241,5.2065069472211905
6,pixels,137,0.5905172413793104,5.22173337766159
6,pixels,138,0.5948275862068966,5.255326531152854
6,pixels,139,0.5991379310344828,5.2523626154994405
6,pixels,140,0.603448275862069,5.258031988224929
6,pixels,141,0.6077586206896551,5.259992201823104
6,pixels,142,0.6120689655172413,5.2611449477381305
6,pixels,143,0.6163793103448276,5.249266969644312
6,pixels,144,0.6206896551724138,5.256217136480358
6,pixels,145,0.625,5.258599666669507
6,pixels,146,0.6293103448275862,5.273190991720842
6,pixels,147,0.6336206896551724,5.277061630255056
6,pixels,148,0.6379310344827587,5.2969192482451914
6,pixels,149,0.6422413793103449,5.322765353056552
6,pixels,150,0.646551724137931,5.345905918534139
6,pixels,151,0.6508620689655172,5.337296575719482
6,pixels,152,0.6551724137931034,5.33884967268905
6,pixels,153,0.6594827586206896,5.338455876359352
6,pixels,154,0.6637931034482759,5.3411811342132856
6,pixels,155,0.6681034482758621,5.405503559584239
6,pixels,156,0.6724137931034483,5.440885375136247
6,pixels,157,0.6767241379310345,5.435405101240689
6,pixels,158,0.6810344827586207,5.438036792189856
6,pixels,159,0.6853448275862069,5.463231013328643
6,pixels,160,0.6896551724137931,5.459701478747008
6,pixels,161,0.6939655172413793,5.5031922390316454
6,pixels,162,0.6982758620689655,5.529817980842849
6,pixels,163,0.7025862068965517,5.542357317672182
6,pixels,164,0.7068965517241379,5.5593823256805015
6,pixels,165,0.7112068965517241,5.563010016155375
6,pixels,166,0.7155172413793104,5.601562849670414
6,pixels,167,0.7198275862068966,5.596619203413181
6,pixels,168,0.7241379310344828,5.593982303319392
6,pixels,169,0.728448275862069,5.630558592136882
6,pixels,170,0.7327586206896551,5.6578416903300415
6,pixels,171,0.7370689655172413,5.711852672851857
6,pixels,172,0.7413793103448276,5.730655547206698
6,pixels,173,0.7456896551724138,5.748285122150089
6,pixels,174,0.75,5.755538361635275
6,pixels,175,0.7543103448275862,5.785955161807338
6,pixels,176,0.7586206896551724,5.801483102123142
6,pixels,177,0.7629310344827587,5.856786023418678
6,pixels,178,0.7672413793103449,5.871720975625514
6,pixels,179,0.771551724137931,5.914862840608879
6,pixels,180,0.7758620689655172,5.914197139672083
6,pixels,181,0.7801724137931034,5.954612885617565
6,pixels,182,0.7844827586206896,5.985084812926886
6,pixels,183,0.7887931034482759,6.031166886604347
6,pixels,184,0.7931034482758621,6.050826167050132
6,pixels,185,0.7974137931034483,6.0777074496885
6,pixels,186,0.8017241379310345,6.1149856216529095
6,pixels,187,0.8060344827586207,6.1181337249809085
6,pixels,188,0.8103448275862069,6.1390520712572965
6,pixels,189,0.8146551724137931,6.162064262188004
6,pixels,190,0.8189655172413793,6.18983113613982
6,pixels,191,0.8232758620689655,6.210913966413071
6,pixels,192,0.8275862068965517,6.2415401487370845
6,pixels,193,0.8318965517241379,6.267727239187535
6,pixels,194,0.8362068965517241,6.299849587471779
6,pixels,195,0.8405172413793104,6.304176402339569
6,pixels,196,0.8448275862068966,6.342746145300569
6,pixels,197,0.8491379310344828,6.3585572843292795
6,pixels,198,0.853448275862069,6.395670308680791
6,pixels,199,0.8577586206896551,6.422875831680948
6,pixels,200,0.8620689655172413,6.423006404377219
6,pixels,201,0.8663793103448276,6.444681383753713
6,pixels,202,0.8706896551724138,6.435467373958292
6,pixels,203,0.875,6.48170291118674
6,pixels,204,0.8793103448275862,6.48016412660342
6,pixels,205,0.8836206896551724,6.497747463410801
6,pixels,206,0.8879310344827587,6.4972682482143425
6,pixels,207,0.8922413793103449,6.520095678468995
6,pixels,208,0.896551724137931,6.546655437360118
6,pixels,209,0.9008620689655172,6.586294300335961
6,pixels,210,0.9051724137931034,6.588421303133363
6,pixels,211,0.9094827586206896,6.647894945845459
6,pixels,212,0.9137931034482759,6.677892334645136
6,pixels,213,0.9181034482758621,6.721402210118884
6,pixels,214,0.9224137931034483,6.739852899655638
6,pixels,215,0.9267241379310345,6.784812683374862
6,pixels,216,0.9310344827586207,6.798652780598243
6,pixels,217,0.9353448275862069,6.844345768433379
6,pixels,218,0.9396551724137931,6.856343701708444
6,pixels,219,0.9439655172413793,6.888218175045769
6,pixels,220,0.9482758620689655,6.91958899778663
6,pixels,221,0.9525862068965517,6.955575959006758
6,pixels,222,0.9568965517241379,6.970345365047411
6,pixels,223,0.9612068965517241,6.984394072709343
6,pixels,224,0.9655172413793104,6.998526882710064
6,pixels,225,0.9698275862068966,7.011629586878816
6,pixels,226,0.9741379310344828,7.028292868484118
6,pixels,227,0.978448275862069,7.053623538635264
6,pixels,228,0.9827586206896551,7.0751381578336305
6,pixels,229,0.9870689655172413,7.108471733250341
6,pixels,230,0.9913793103448276,7.1249665525125225
6,pixels,231,0.9956896551724138,7.128783996353655
6,pixels,232,1.0,7.176229802896209
12,baseline,1,0.004310344827586207,3.296506863504328
12,baseline,2,0.008620689655172414,4.801236472709307
12,baseline,3,0.01293103448275862,4.3557674229044565
12,baseline,4,0.017241379310344827,4.463571551750971
12,baseline,5,0.021551724137931036,4.734229365927867
12,baseline,6,0.02586206896551724,4.7946426194134695
12,baseline,7,0.03017241379310345,4.682857718179281
12,baseline,8,0.034482758620689655,4.787930294635557
12,baseline,9,0.03879310344827586,4.628595829736264
12,baseline,10,0.04310344827586207,4.633169449770521
12,baseline,11,0.04741379310344827,4.718715681752069
12,baseline,12,0.05172413793103448,4.530306848698579
12,baseline,13,0.05603448275862069,4.515201771335055
12,baseline,14,0.0603448275862069,4.499882954504682
12,baseline,15,0.06465517241379311,4.4209807026687935
12,baseline,16,0.06896551724137931,4.42162951364692
12,baseline,17,0.07327586206896551,4.347835630960529
12,baseline,18,0.07758620689655173,4.32374379974886
12,baseline,19,0.08189655172413793,4.313343019573401
12,baseline,20,0.08620689655172414,4.243456744285549
12,baseline,21,0.09051724137931035,4.517509581114009
12,baseline,22,0.09482758620689655,4.475732202412587
12,baseline,23,0.09913793103448276,4.4943741721840205
12,baseline,24,0.10344827586206896,4.438761727336822
12,baseline,25,0.10775862068965517,4.434989650242255
12,baseline,26,0.11206896551724138,4.419625645237827
12,baseline,27,0.11637931034482758,4.432718113251881
12,baseline,28,0.1206896551724138,4.5029021084843635
12,baseline,29,0.125,4.538538604449903
12,baseline,30,0.12931034482758622,4.462502118942684
12,baseline,31,0.1336206896551724,4.617062801224512
12,baseline,32,0.13793103448275862,4.586916336132496
12,baseline,33,0.14224137931034483,4.611033183103983
12,baseline,34,0.14655172413793102,4.609494544027693
12,baseline,35,0.15086206896551724,4.5660966944179995
12,baseline,36,0.15517241379310345,4.573879114225463
12,baseline,37,0.15948275862068967,4.557598439499198
12,baseline,38,0.16379310344827586,4.512272882794768
12,baseline,39,0.16810344827586207,4.485163243410477
12,baseline,40,0.1724137931034483,4.817323487668042
12,baseline,41,0.17672413793103448,4.820554392113761
12,baseline,42,0.1810344827586207,4.8267503232613675
12,baseline,43,0.1853448275862069,4.788764620003139
12,baseline,44,0.1896551724137931,4.790071710500445
12,baseline,45,0.1939655172413793,4.758897948834922
12,baseline,46,0.19827586206896552,4.898773534296898
12,baseline,47,0.2025862068965517,4.865742496703427
12,baseline,48,0.20689655172413793,4.8128240043485215
12,baseline,49,0.21120689655172414,4.763698889881717
12,baseline,50,0.21551724137931033,4.735732940413141
12,baseline,51,0.21982758620689655,4.736149367601326
12,baseline,52,0.22413793103448276,4.710810736057551
12,baseline,53,0.22844827586206898,4.721236138848904
12,baseline,54,0.23275862068965517,4.705255774601819
12,baseline,55,0.23706896551724138,4.682721944323192
12,baseline,56,0.2413793103448276,4.703070268791603
12,baseline,57,0.24568965517241378,4.791001179567417
12,baseline,58,0.25,4.779720039630618
12,baseline,59,0.2543103448275862,4.773194084611744
12,baseline,60,0.25862068965517243,4.797304227435551
12,baseline,61,0.2629310344827586,4.848593768452151
12,baseline,62,0.2672413793103448,4.838587655362768
12,baseline,63,0.27155172413793105,4.8517834402489495
12,baseline,64,0.27586206896551724,4.866041371206209
12,baseline,65,0.2801724137931034,4.90328472764243
12,baseline,66,0.28448275862068967,4.889691341519448
12,baseline,67,0.28879310344827586,4.900433146340023
12,baseline,68,0.29310344827586204,4.895219270427262
12,baseline,69,0.2974137931034483,4.8729444533639645
12,baseline,70,0.3017241379310345,4.853318420364604
12,baseline,71,0.30603448275862066,4.832752438832286
12,baseline,72,0.3103448275862069,4.826045009398691
12,baseline,73,0.3146551724137931,4.824219767135418
12,baseline,74,0.31896551724137934,4.800325463482298
12,baseline,75,0.3232758620689655,4.808883214428268
12,baseline,76,0.3275862068965517,4.787600651877186
12,baseline,77,0.33189655172413796,4.7980233246724575
12,baseline,78,0.33620689655172414,4.804439193796827
12,baseline,79,0.34051724137931033,4.8026300640851245
12,baseline,80,0.3448275862068966,4.782388056296646
12,baseline,81,0.34913793103448276,4.76908026101565
12,baseline,82,0.35344827586206895,4.77681930275896
12,baseline,83,0.3577586206896552,4.758409332052416
12,baseline,84,0.3620689655172414,4.767670258194675
12,baseline,85,0.36637931034482757,4.741137736301185
12,baseline,86,0.3706896551724138,4.729710441129896
12,baseline,87,0.375,4.768429882465402
12,baseline,88,0.3793103448275862,4.735634414648641
12,baseline,89,0.38362068965517243,4.728069992619073
12,baseline,90,0.3879310344827586,4.721103365188541
12,baseline,91,0.3922413793103448,4.720255105631803
12,baseline,92,0.39655172413793105,4.734621544627021
12,baseline,93,0.40086206896551724,4.745734227290026
12,baseline,94,0.4051724137931034,4.717968446083481
12,baseline,95,0.40948275862068967,4.735344613835186
12,baseline,96,0.41379310344827586,4.742876899882035
12,baseline,97,0.41810344827586204,4.7730730641566375
12,baseline,98,0.4224137931034483,4.755401006413178
12,baseline,99,0.4267241379310345,4.74954983171486
12,baseline,100,0.43103448275862066,4.774988198561923
12,baseline,101,0.4353448275862069,4.779527131409761
12,baseline,102,0.4396551724137931,4.777803221934803
12,baseline,103,0.44396551724137934,4.7838910650511535
12,baseline,104,0.4482758620689655,4.823000865157867
12,baseline,105,0.4525862068965517,4.812957542516334
12,baseline,106,0.45689655172413796,4.804123578697964
12,baseline,107,0.46120689655172414,4.8108100519928785
12,baseline,108,0.46551724137931033,4.789344291799647
12,baseline,109,0.4698275862068966,4.808349841090748
12,baseline,110,0.47413793103448276,4.8042448884778635
12,baseline,111,0.47844827586206895,4.793547562784418
12,baseline,112,0.4827586206896552,4.826186148475
12,baseline,113,0.4870689655172414,4.8363109822860375
12,baseline,114,0.49137931034482757,4.831999987929514
12,baseline,115,0.4956896551724138,4.827123125187322
12,baseline,116,0.5,4.841731137891056
12,baseline,117,0.5043103448275862,4.865948405855382
12,baseline,118,0.5086206896551724,4.849331098164399
12,baseline,119,0.5129310344827587,4.871156099868474
12,baseline,120,0.5172413793103449,4.85850606816135
12,baseline,121,0.521551724137931,4.8664834919591895
12,baseline,122,0.5258620689655172,4.878033358332234
12,baseline,123,0.5301724137931034,4.874336035348481
12,baseline,124,0.5344827586206896,4.892729785905206
12,baseline,125,0.5387931034482759,4.894949033361887
12,baseline,126,0.5431034482758621,4.877196395491176
12,baseline,127,0.5474137931034483,4.923758981725762
12,baseline,128,0.5517241379310345,4.924786978754402
12,baseline,129,0.5560344827586207,4.941631744958481
12,baseline,130,0.5603448275862069,4.9363980298142005
12,baseline,131,0.5646551724137931,4.9411425386522465
12,baseline,132,0.5689655172413793,4.96718718591189
12,baseline,133,0.5732758620689655,5.006181268978229
12,baseline,134,0.5775862068965517,5.020543609111154
12,baseline,135,0.5818965517241379,5.022584344238714
12,baseline,136,0.5862068965517241,5.022600119892274
12,baseline,137,0.5905172413793104,5.015873246611256
12,baseline,138,0.5948275862068966,5.045679588973839
12,baseline,139,0.5991379310344828,5.081331449011966
12,baseline,140,0.603448275862069,5.103654157885251
12,baseline,141,0.6077586206896551,5.109316499084853
12,baseline,142,0.6120689655172413,5.10173727512959
12,baseline,143,0.6163793103448276,5.13527276626598
12,baseline,144,0.6206896551724138,5.146852058966762
12,baseline,145,0.625,5.167327257089803
12,baseline,146,0.6293103448275862,5.170763116268393
12,baseline,147,0.6336206896551724,5.202807126257742
12,baseline,148,0.6379310344827587,5.20920700935912
12,baseline,149,0.6422413793103449,5.207636077537398
12,baseline,150,0.646551724137931,5.218348621656669
12,baseline,151,0.6508620689655172,5.217182318909942
12,baseline,152,0.6551724137931034,5.219416672704362
12,baseline,153,0.6594827586206896,5.222596532568758
12,baseline,154,0.6637931034482759,5.237032089074952
12,baseline,155,0.6681034482758621,5.224940004103856
12,baseline,156,0.6724137931034483,5.242817238162451
12,baseline,157,0.6767241379310345,5.261416856255342
12,baseline,158,0.6810344827586207,5.270229473499949
12,baseline,159,0.6853448275862069,5.265010845871058
12,baseline,160,0.6896551724137931,5.258302563332042
12,baseline,161,0.6939655172413793,5.253362133861035
12,baseline,162,0.6982758620689655,5.254371965562113
12,baseline,163,0.7025862068965517,5.252854072448433
12,baseline,164,0.7068965517241379,5.282796645341654
12,baseline,165,0.7112068965517241,5.3005400142270105
12,baseline,166,0.7155172413793104,5.3045170092781495
12,baseline,167,0.7198275862068966,5.302967440287768
12,baseline,168,0.7241379310344828,5.3069171536539095
12,baseline,169,0.728448275862069,5.318043260758265
12,baseline,170,0.7327586206896551,5.325712313589481
12,baseline,171,0.7370689655172413,5.338157403231126
12,baseline,172,0.7413793103448276,5.343946238609621
12,baseline,173,0.7456896551724138,5.347919315392359
12,baseline,174,0.75,5.387401555004505
12,baseline,175,0.7543103448275862,5.405508358250749
12,baseline,176,0.7586206896551724,5.414948178681191
12,baseline,177,0.7629310344827587,5.439491759518948
12,baseline,178,0.7672413793103449,5.461789597317799
12,baseline,179,0.771551724137931,5.4836077887773
12,baseline,180,0.7758620689655172,5.500115122039779
12,baseline,181,0.7801724137931034,5.50657928913975
12,baseline,182,0.7844827586206896,5.516630946105173
12,baseline,183,0.7887931034482759,5.542749184360056
12,baseline,184,0.7931034482758621,5.550753403198708
12,baseline,185,0.7974137931034483,5.578205785072172
12,baseline,186,0.8017241379310345,5.591675917799698
12,baseline,187,0.8060344827586207,5.6221143056877745
12,baseline,188,0.8103448275862069,5.654783312825157
12,baseline,189,0.8146551724137931,5.656130989786585
12,baseline,190,0.8189655172413793,5.674024948181535
12,baseline,191,0.8232758620689655,5.7056838188829175
12,baseline,192,0.8275862068965517,5.72943327756268
12,baseline,193,0.8318965517241379,5.729094714282586
12,baseline,194,0.8362068965517241,5.749546558324266
12,baseline,195,0.8405172413793104,5.780506219186161
12,baseline,196,0.8448275862068966,5.7752032312654755
12,baseline,197,0.8491379310344828,5.79202427946025
12,baseline,198,0.853448275862069,5.7854563227813065
12,baseline,199,0.8577586206896551,5.786148054112554
12,baseline,200,0.8620689655172413,5.786837940554006
12,baseline,201,0.8663793103448276,5.783179995921941
12,baseline,202,0.8706896551724138,5.795850763870756
12,baseline,203,0.875,5.8038778283450325
12,baseline,204,0.8793103448275862,5.820139309649729
12,baseline,205,0.8836206896551724,5.8141213100379785
12,baseline,206,0.8879310344827587,5.812708202991458
12,baseline,207,0.8922413793103449,5.850373432486371
12,baseline,208,0.896551724137931,5.854307829021631
12,baseline,209,0.9008620689655172,5.8683518833115995
12,baseline,210,0.9051724137931034,5.887204182186218
12,baseline,211,0.9094827586206896,5.890388463049935
12,baseline,212,0.9137931034482759,5.898522210037673
12,baseline,213,0.9181034482758621,5.891253702167501
12,baseline,214,0.9224137931034483,5.906777182837673
12,baseline,215,0.9267241379310345,5.918113057954886
12,baseline,216,0.9310344827586207,5.92413235775944
12,baseline,217,0.9353448275862069,5.9477301874962905
12,baseline,218,0.9396551724137931,5.944827373339145
12,baseline,219,0.9439655172413793,5.965478157022367
12,baseline,220,0.9482758620689655,5.980640332172384
12,baseline,221,0.9525862068965517,5.990504580998131
12,baseline,222,0.9568965517241379,6.008469196283543
12,baseline,223,0.9612068965517241,6.027720173995821
12,baseline,224,0.9655172413793104,6.055049543509194
12,baseline,225,0.9698275862068966,6.074057935731214
12,baseline,226,0.9741379310344828,6.080424715010146
12,baseline,227,0.978448275862069,6.114144503978736
12,baseline,228,0.9827586206896551,6.170146644722212
12,baseline,229,0.9870689655172413,6.197367904817209
12,baseline,230,0.9913793103448276,6.206792464437849
12,baseline,231,0.9956896551724138,6.2364636214599285
12,baseline,232,1.0,6.28434289201832
12,statistics,1,0.004310344827586207,3.1603939228183577
12,statistics,2,0.008620689655172414,4.603921452264658
12,statistics,3,0.01293103448275862,4.271323659196761
12,statistics,4,0.017241379310344827,4.377212930341753
12,statistics,5,0.021551724137931036,4.659796412085876
12,statistics,6,0.02586206896551724,4.700349406541656
12,statistics,7,0.03017241379310345,4.5554002483270795
12,statistics,8,0.034482758620689655,4.6737373079807085
12,statistics,9,0.03879310344827586,4.516986671748017
12,statistics,10,0.04310344827586207,4.542195492631452
12,statistics,11,0.04741379310344827,4.618832719660315
12,statistics,12,0.05172413793103448,4.432492393882508
12,statistics,13,0.05603448275862069,4.4210217893221
12,statistics,14,0.0603448275862069,4.39880145288748
12,statistics,15,0.06465517241379311,4.334449125000318
12,statistics,16,0.06896551724137931,4.327157510339945
12,statistics,17,0.07327586206896551,4.266509740276021
12,statistics,18,0.07758620689655173,4.241302868840737
12,statistics,19,0.08189655172413793,4.224577240739529
12,statistics,20,0.08620689655172414,4.159473905047453
12,statistics,21,0.09051724137931035,4.431776362852916
12,statistics,22,0.09482758620689655,4.393791848188404
12,statistics,23,0.09913793103448276,4.410162742935847
12,statistics,24,0.10344827586206896,4.35346348404243
12,statistics,25,0.10775862068965517,4.345964271118068
12,statistics,26,0.11206896551724138,4.327604694754949
12,statistics,27,0.11637931034482758,4.335562022006832
12,statistics,28,0.1206896551724138,4.410172072835491
12,statistics,29,0.125,4.452801372095497
12,statistics,30,0.12931034482758622,4.377346145128086
12,statistics,31,0.1336206896551724,4.53196218062017
12,statistics,32,0.13793103448275862,4.510772933245925
12,statistics,33,0.14224137931034483,4.541938485200034
12,statistics,34,0.14655172413793102,4.54474413213248
12,statistics,35,0.15086206896551724,4.503352543346591
12,statistics,36,0.15517241379310345,4.504546853081272
12,statistics,37,0.15948275862068967,4.486391369634909
12,statistics,38,0.16379310344827586,4.445075808093802
12,statistics,39,0.16810344827586207,4.413444038692329
12,statistics,40,0.1724137931034483,4.755143135336233
12,statistics,41,0.17672413793103448,4.7621399884991655
12,statistics,42,0.1810344827586207,4.765834317979549
12,statistics,43,0.1853448275862069,4.729534332623156
12,statistics,44,0.1896551724137931,4.729177827693301
12,statistics,45,0.1939655172413793,4.702116928995687
12,statistics,46,0.19827586206896552,4.845617766721812
12,statistics,47,0.2025862068965517,4.813425233857273
12,statistics,48,0.20689655172413793,4.763841765260833
12,statistics,49,0.21120689655172414,4.719001666248958
12,statistics,50,0.21551724137931033,4.69015513334691
12,statistics,51,0.21982758620689655,4.691586698596954
12,statistics,52,0.22413793103448276,4.666308858797856
12,statistics,53,0.22844827586206898,4.68217987442621
12,statistics,54,0.23275862068965517,4.669213505600236
12,statistics,55,0.23706896551724138,4.644304937579542
12,statistics,56,0.2413793103448276,4.661706516200898
12,statistics,57,0.24568965517241378,4.751004694151983
12,statistics,58,0.25,4.7412166276543495
12,statistics,59,0.2543103448275862,4.733958916999117
12,statistics,60,0.25862068965517243,4.755680971088392
12,statistics,61,0.2629310344827586,4.8086200776646875
12,statistics,62,0.2672413793103448,4.802062775768604
12,statistics,63,0.27155172413793105,4.8164800335366955
12,statistics,64,0.27586206896551724,4.827700227093744
12,statistics,65,0.2801724137931034,4.861827280459571
12,statistics,66,0.28448275862068967,4.845488433412097
12,statistics,67,0.28879310344827586,4.858552994186205
12,statistics,68,0.29310344827586204,4.850529142657465
12,statistics,69,0.2974137931034483,4.827415620578875
12,statistics,70,0.3017241379310345,4.807477818809438
12,statistics,71,0.30603448275862066,4.792137111736449
12,statistics,72,0.3103448275862069,4.7856884418791745
12,statistics,73,0.3146551724137931,4.786556834230607
12,statistics,74,0.31896551724137934,4.763261949719373
12,statistics,75,0.3232758620689655,4.773139980164754
12,statistics,76,0.3275862068965517,4.754036316024876
12,statistics,77,0.33189655172413796,4.764987241948801
12,statistics,78,0.33620689655172414,4.769658145468152
12,statistics,79,0.34051724137931033,4.768527192384531
12,statistics,80,0.3448275862068966,4.750043422974755
12,statistics,81,0.34913793103448276,4.737876061173842
12,statistics,82,0.35344827586206895,4.7449759967950165
12,statistics,83,0.3577586206896552,4.727392265222971
12,statistics,84,0.3620689655172414,4.73541458286219
12,statistics,85,0.36637931034482757,4.707449810937454
12,statistics,86,0.3706896551724138,4.694998253931143
12,statistics,87,0.375,4.734032082621016
12,statistics,88,0.3793103448275862,4.701025495680618
12,statistics,89,0.38362068965517243,4.69437334849631
12,statistics,90,0.3879310344827586,4.686701942012642
12,statistics,91,0.3922413793103448,4.687470265636217
12,statistics,92,0.39655172413793105,4.701237619712664
12,statistics,93,0.40086206896551724,4.7149306929998716
12,statistics,94,0.4051724137931034,4.687727823018815
12,statistics,95,0.40948275862068967,4.7048045088099855
12,statistics,96,0.41379310344827586,4.706941019325066
12,statistics,97,0.41810344827586204,4.73578323621294
12,statistics,98,0.4224137931034483,4.718863158167118
12,statistics,99,0.4267241379310345,4.712091042573949
12,statistics,100,0.43103448275862066,4.736071373760577
12,statistics,101,0.4353448275862069,4.742702455271434
12,statistics,102,0.4396551724137931,4.741214666145042
12,statistics,103,0.44396551724137934,4.750876922391632
12,statistics,104,0.4482758620689655,4.790889830819848
12,statistics,105,0.4525862068965517,4.777933201723699
12,statistics,106,0.45689655172413796,4.769369393309045
12,statistics,107,0.46120689655172414,4.77512009273885
12,statistics,108,0.46551724137931033,4.75334478019843
12,statistics,109,0.4698275862068966,4.769217403888976
12,statistics,110,0.47413793103448276,4.7643499726028296
12,statistics,111,0.47844827586206895,4.752444567529525
12,statistics,112,0.4827586206896552,4.786298209274729
12,statistics,113,0.4870689655172414,4.79428495203392
12,statistics,114,0.49137931034482757,4.789501656569268
12,statistics,115,0.4956896551724138,4.7864645320760095
12,statistics,116,0.5,4.8004580168720885
12,statistics,117,0.5043103448275862,4.824817572473147
12,statistics,118,0.5086206896551724,4.807243933712344
12,statistics,119,0.5129310344827587,4.830450950650033
12,statistics,120,0.5172413793103449,4.817910599817948
12,statistics,121,0.521551724137931,4.82517741837383
12,statistics,122,0.5258620689655172,4.839029898164553
12,statistics,123,0.5301724137931034,4.835438220999254
12,statistics,124,0.5344827586206896,4.856846812394149
12,statistics,125,0.5387931034482759,4.858390979917843
12,statistics,126,0.5431034482758621,4.840696145815519
12,statistics,127,0.5474137931034483,4.888361685930488
12,statistics,128,0.5517241379310345,4.892074543243576
12,statistics,129,0.5560344827586207,4.910401118812678
12,statistics,130,0.5603448275862069,4.905947633388237
12,statistics,131,0.5646551724137931,4.913798571207142
12,statistics,132,0.5689655172413793,4.939129566947904
12,statistics,133,0.5732758620689655,4.980993542406007
12,statistics,134,0.5775862068965517,4.996833105334551
12,statistics,135,0.5818965517241379,4.997505302743242
12,statistics,136,0.5862068965517241,4.996819809196242
12,statistics,137,0.5905172413793104,4.992274040527228
12,statistics,138,0.5948275862068966,5.0250505282661395
12,statistics,139,0.5991379310344828,5.061236010356016
12,statistics,140,0.603448275862069,5.085652385278075
12,statistics,141,0.6077586206896551,5.09197298785191
12,statistics,142,0.6120689655172413,5.082869355432273
12,statistics,143,0.6163793103448276,5.119193445276412
12,statistics,144,0.6206896551724138,5.131519273458502
12,statistics,145,0.625,5.150533602388608
12,statistics,146,0.6293103448275862,5.15480730000926
12,statistics,147,0.6336206896551724,5.186866092449126
12,statistics,148,0.6379310344827587,5.191542410794843
12,statistics,149,0.6422413793103449,5.191336330436411
12,statistics,150,0.646551724137931,5.203677357645163
12,statistics,151,0.6508620689655172,5.20135441677212
12,statistics,152,0.6551724137931034,5.204840738547769
12,statistics,153,0.6594827586206896,5.211065826523603
12,statistics,154,0.6637931034482759,5.222504361874037
12,statistics,155,0.6681034482758621,5.209652721463056
12,statistics,156,0.6724137931034483,5.227477053301221
12,statistics,157,0.6767241379310345,5.253994547768926
12,statistics,158,0.6810344827586207,5.261274490410371
12,statistics,159,0.6853448275862069,5.256497954168812
12,statistics,160,0.6896551724137931,5.249868448871777
12,statistics,161,0.6939655172413793,5.244074178975077
12,statistics,162,0.6982758620689655,5.245159274705842
12,statistics,163,0.7025862068965517,5.242866672830355
12,statistics,164,0.7068965517241379,5.273805342696575
12,statistics,165,0.7112068965517241,5.289224877086835
12,statistics,166,0.7155172413793104,5.292812439312514
12,statistics,167,0.7198275862068966,5.289071587134149
12,statistics,168,0.7241379310344828,5.293612988977052
12,statistics,169,0.728448275862069,5.303410034441703
12,statistics,170,0.7327586206896551,5.314387815809926
12,statistics,171,0.7370689655172413,5.327339962555883
12,statistics,172,0.7413793103448276,5.334538680460496
12,statistics,173,0.7456896551724138,5.339696145397447
12,statistics,174,0.75,5.37113480345728
12,statistics,175,0.7543103448275862,5.386652450913743
12,statistics,176,0.7586206896551724,5.394568399243845
12,statistics,177,0.7629310344827587,5.422051216295148
12,statistics,178,0.7672413793103449,5.445697151778888
12,statistics,179,0.771551724137931,5.46711554509637
12,statistics,180,0.7758620689655172,5.485035434304989
12,statistics,181,0.7801724137931034,5.491832980737134
12,statistics,182,0.7844827586206896,5.500256718989092
12,statistics,183,0.7887931034482759,5.526674591306512
12,statistics,184,0.7931034482758621,5.534412645636498
12,statistics,185,0.7974137931034483,5.563869926894161
12,statistics,186,0.8017241379310345,5.574346791029463
12,statistics,187,0.8060344827586207,5.607148918647035
12,statistics,188,0.8103448275862069,5.640518029564994
12,statistics,189,0.8146551724137931,5.641813936201846
12,statistics,190,0.8189655172413793,5.658098253364481
12,statistics,191,0.8232758620689655,5.688940223211529
12,statistics,192,0.8275862068965517,5.712726818173529
12,statistics,193,0.8318965517241379,5.711600741764506
12,statistics,194,0.8362068965517241,5.732758810965824
12,statistics,195,0.8405172413793104,5.763054928756882
12,statistics,196,0.8448275862068966,5.757753465509495
12,statistics,197,0.8491379310344828,5.773088670546696
12,statistics,198,0.853448275862069,5.766165618912069
12,statistics,199,0.8577586206896551,5.767100521756959
12,statistics,200,0.8620689655172413,5.767227871136478
12,statistics,201,0.8663793103448276,5.7637690308584615
12,statistics,202,0.8706896551724138,5.777951247801724
12,statistics,203,0.875,5.785848198900877
12,statistics,204,0.8793103448275862,5.8029644945406575
12,statistics,205,0.8836206896551724,5.794373679180409
12,statistics,206,0.8879310344827587,5.792402873045464
12,statistics,207,0.8922413793103449,5.830219437945831
12,statistics,208,0.896551724137931,5.832976416043171
12,statistics,209,0.9008620689655172,5.8511733791949725
12,statistics,210,0.9051724137931034,5.87078853342918
12,statistics,211,0.9094827586206896,5.875998310121375
12,statistics,212,0.9137931034482759,5.882996164855837
12,statistics,213,0.9181034482758621,5.876591448170214
12,statistics,214,0.9224137931034483,5.892387730732853
12,statistics,215,0.9267241379310345,5.905343181110692
12,statistics,216,0.9310344827586207,5.9109763267887345
12,statistics,217,0.9353448275862069,5.934125365933085
12,statistics,218,0.9396551724137931,5.930901892204093
12,statistics,219,0.9439655172413793,5.9511156127898035
12,statistics,220,0.9482758620689655,5.966545663098671
12,statistics,221,0.9525862068965517,5.978185443250343
12,statistics,222,0.9568965517241379,5.998038638472842
12,statistics,223,0.9612068965517241,6.017883791661894
12,statistics,224,0.9655172413793104,6.046039652420902
12,statistics,225,0.9698275862068966,6.0673159828460514
12,statistics,226,0.9741379310344828,6.073806282833002
12,statistics,227,0.978448275862069,6.10977590454889
12,statistics,228,0.9827586206896551,6.170541884617548
12,statistics,229,0.9870689655172413,6.198754813711044
12,statistics,230,0.9913793103448276,6.2084989287166215
12,statistics,231,0.9956896551724138,6.241873607226697
12,statistics,232,1.0,6.29398117906394
12,pixels,1,0.004310344827586207,3.2369192866250223
12,pixels,2,0.008620689655172414,4.761183864265206
12,pixels,3,0.01293103448275862,4.368580472811803
12,pixels,4,0.017241379310344827,4.434182594999898
12,pixels,5,0.021551724137931036,4.721412439058383
12,pixels,6,0.02586206896551724,4.75951134864735
12,pixels,7,0.03017241379310345,4.647977477624786
12,pixels,8,0.034482758620689655,4.754957114338935
12,pixels,9,0.03879310344827586,4.603277535353211
12,pixels,10,0.04310344827586207,4.6226929521904525
12,pixels,11,0.04741379310344827,4.7111334543291035
12,pixels,12,0.05172413793103448,4.528944463412991
12,pixels,13,0.05603448275862069,4.512289701134244
12,pixels,14,0.0603448275862069,4.484843910863648
12,pixels,15,0.06465517241379311,4.4084183265447265
12,pixels,16,0.06896551724137931,4.40154732033387
12,pixels,17,0.07327586206896551,4.34086179199786
12,pixels,18,0.07758620689655173,4.319028095421186
12,pixels,19,0.08189655172413793,4.303894588661017
12,pixels,20,0.08620689655172414,4.236992324028141
12,pixels,21,0.09051724137931035,4.504358800852775
12,pixels,22,0.09482758620689655,4.463439568039298
12,pixels,23,0.09913793103448276,4.475774848950164
12,pixels,24,0.10344827586206896,4.42355349774487
12,pixels,25,0.10775862068965517,4.414023529654547
12,pixels,26,0.11206896551724138,4.394739857330573
12,pixels,27,0.11637931034482758,4.410870952783099
12,pixels,28,0.1206896551724138,4.4808949777315235
12,pixels,29,0.125,4.524669171138664
12,pixels,30,0.12931034482758622,4.449882069912267
12,pixels,31,0.1336206896551724,4.605531258588791
12,pixels,32,0.13793103448275862,4.580158104930096
12,pixels,33,0.14224137931034483,4.605921127252838
12,pixels,34,0.14655172413793102,4.598257359192693
12,pixels,35,0.15086206896551724,4.555793476917088
12,pixels,36,0.15517241379310345,4.566202930494318
12,pixels,37,0.15948275862068967,4.554454840302719
12,pixels,38,0.16379310344827586,4.509813549643141
12,pixels,39,0.16810344827586207,4.481362640122789
12,pixels,40,0.1724137931034483,4.813915169139343
12,pixels,41,0.17672413793103448,4.815559684289677
12,pixels,42,0.1810344827586207,4.815847504843595
12,pixels,43,0.1853448275862069,4.777449473081995
12,pixels,44,0.1896551724137931,4.778362377721586
12,pixels,45,0.1939655172413793,4.748756001692015
12,pixels,46,0.19827586206896552,4.891857143828392
12,pixels,47,0.2025862068965517,4.861252788773073
12,pixels,48,0.20689655172413793,4.810019536222602
12,pixels,49,0.21120689655172414,4.765342033784119
12,pixels,50,0.21551724137931033,4.739319302251352
12,pixels,51,0.21982758620689655,4.742147120215918
12,pixels,52,0.22413793103448276,4.716311277036776
12,pixels,53,0.22844827586206898,4.730371683862227
12,pixels,54,0.23275862068965517,4.714124928206638
12,pixels,55,0.23706896551724138,4.690083301889633
12,pixels,56,0.2413793103448276,4.70939061605547
12,pixels,57,0.24568965517241378,4.795917794734081
12,pixels,58,0.25,4.783729140143522
12,pixels,59,0.2543103448275862,4.774565180467566
12,pixels,60,0.25862068965517243,4.796176685612842
12,pixels,61,0.2629310344827586,4.849549519283887
12,pixels,62,0.2672413793103448,4.843453473986082
12,pixels,63,0.27155172413793105,4.85887530597968
12,pixels,64,0.27586206896551724,4.8690465471194715
12,pixels,65,0.2801724137931034,4.905518584223692
12,pixels,66,0.28448275862068967,4.8893721739287095
12,pixels,67,0.28879310344827586,4.899418690131431
12,pixels,68,0.29310344827586204,4.892451705068182
12,pixels,69,0.2974137931034483,4.8694916395499455
12,pixels,70,0.3017241379310345,4.847693542271794
12,pixels,71,0.30603448275862066,4.83235025033025
12,pixels,72,0.3103448275862069,4.825463392115338
12,pixels,73,0.3146551724137931,4.824817876445848
12,pixels,74,0.31896551724137934,4.802769323565052
12,pixels,75,0.3232758620689655,4.8120747749899415
12,pixels,76,0.3275862068965517,4.791222594403809
12,pixels,77,0.33189655172413796,4.8027327640075566
12,pixels,78,0.33620689655172414,4.807959656729801
12,pixels,79,0.34051724137931033,4.807831010044573
12,pixels,80,0.3448275862068966,4.7850134885683495
12,pixels,81,0.34913793103448276,4.770669950518237
12,pixels,82,0.35344827586206895,4.7774678563460995
12,pixels,83,0.3577586206896552,4.759991683573774
12,pixels,84,0.3620689655172414,4.768597827603079
12,pixels,85,0.36637931034482757,4.740953944587435
12,pixels,86,0.3706896551724138,4.72798314666623
12,pixels,87,0.375,4.766487227445755
12,pixels,88,0.3793103448275862,4.733705155479718
12,pixels,89,0.38362068965517243,4.725896641086826
12,pixels,90,0.3879310344827586,4.717241995556444
12,pixels,91,0.3922413793103448,4.717008992555087
12,pixels,92,0.39655172413793105,4.730033704873535
12,pixels,93,0.40086206896551724,4.743734783263655
12,pixels,94,0.4051724137931034,4.7159218511811005
12,pixels,95,0.40948275862068967,4.730142310670094
12,pixels,96,0.41379310344827586,4.734586412383681
12,pixels,97,0.41810344827586204,4.764526760442988
12,pixels,98,0.4224137931034483,4.747394489466174
12,pixels,99,0.4267241379310345,4.741694089672975
12,pixels,100,0.43103448275862066,4.7675268122188115
12,pixels,101,0.4353448275862069,4.772284022404407
12,pixels,102,0.4396551724137931,4.770639917184742
12,pixels,103,0.44396551724137934,4.777668375742297
12,pixels,104,0.4482758620689655,4.816333185463031
12,pixels,105,0.4525862068965517,4.804663015998504
12,pixels,106,0.45689655172413796,4.796095315585885
12,pixels,107,0.46120689655172414,4.802315227031098
12,pixels,108,0.46551724137931033,4.7811492871289785
12,pixels,109,0.4698275862068966,4.7995513975129604
12,pixels,110,0.47413793103448276,4.7941393782309545
12,pixels,111,0.47844827586206895,4.7831573906617235
12,pixels,112,0.4827586206896552,4.816555481371668
12,pixels,113,0.4870689655172414,4.826033638613288
12,pixels,114,0.49137931034482757,4.819702462987994
12,pixels,115,0.4956896551724138,4.816042776255272
12,pixels,116,0.5,4.8306080310297075
12,pixels,117,0.5043103448275862,4.854195688260115
12,pixels,118,0.5086206896551724,4.838496383008438
12,pixels,119,0.5129310344827587,4.862403775819839
12,pixels,120,0.5172413793103449,4.849343712218615
12,pixels,121,0.521551724137931,4.85845790335082
12,pixels,122,0.5258620689655172,4.871469895626134
12,pixels,123,0.5301724137931034,4.865857010147503
12,pixels,124,0.5344827586206896,4.884637928510908
12,pixels,125,0.5387931034482759,4.8867049536993195
12,pixels,126,0.5431034482758621,4.869892842059397
12,pixels,127,0.5474137931034483,4.9172393622309
12,pixels,128,0.5517241379310345,4.919113851323215
12,pixels,129,0.5560344827586207,4.93728754813959
12,pixels,130,0.5603448275862069,4.932050007292291
12,pixels,131,0.5646551724137931,4.9370915490711615
12,pixels,132,0.5689655172413793,4.960880098877684
12,pixels,133,0.5732758620689655,5.001624965097727
12,pixels,134,0.5775862068965517,5.01624432048736
12,pixels,135,0.5818965517241379,5.016321153334691
12,pixels,136,0.5862068965517241,5.01564819251793
12,pixels,137,0.5905172413793104,5.0095430820784195
12,pixels,138,0.5948275862068966,5.041565289217185
12,pixels,139,0.5991379310344828,5.076943942887923
12,pixels,140,0.603448275862069,5.101083207646718
12,pixels,141,0.6077586206896551,5.106938712080345
12,pixels,142,0.6120689655172413,5.097426518228985
12,pixels,143,0.6163793103448276,5.130931820768929
12,pixels,144,0.6206896551724138,5.142048121357948
12,pixels,145,0.625,5.1602944567123075
12,pixels,146,0.6293103448275862,5.164632580531726
12,pixels,147,0.6336206896551724,5.197234632509919
12,pixels,148,0.6379310344827587,5.202197436068385
12,pixels,149,0.6422413793103449,5.202982750413407
12,pixels,150,0.646551724137931,5.214259339609812
12,pixels,151,0.6508620689655172,5.21316128012439
12,pixels,152,0.6551724137931034,5.215772243568549
12,pixels,153,0.6594827586206896,5.220446531737317
12,pixels,154,0.6637931034482759,5.233400890880582
12,pixels,155,0.6681034482758621,5.221488861950091
12,pixels,156,0.6724137931034483,5.239700975732963
12,pixels,157,0.6767241379310345,5.2565747730490004
12,pixels,158,0.6810344827586207,5.264764612303255
12,pixels,159,0.6853448275862069,5.259037343145354
12,pixels,160,0.6896551724137931,5.251909823399255
12,pixels,161,0.6939655172413793,5.2458976097242385
12,pixels,162,0.6982758620689655,5.247679164337158
12,pixels,163,0.7025862068965517,5.245726179058491
12,pixels,164,0.7068965517241379,5.274801884020224
12,pixels,165,0.7112068965517241,5.292030366112255
12,pixels,166,0.7155172413793104,5.295326046737082
12,pixels,167,0.7198275862068966,5.2917524291991676
12,pixels,168,0.7241379310344828,5.29571401029192
12,pixels,169,0.728448275862069,5.306693466308907
12,pixels,170,0.7327586206896551,5.311566918060212
12,pixels,171,0.7370689655172413,5.324552159136634
12,pixels,172,0.7413793103448276,5.3306742398093325
12,pixels,173,0.7456896551724138,5.33485257246616
12,pixels,174,0.75,5.370057618735641
12,pixels,175,0.7543103448275862,5.387770828596801
12,pixels,176,0.7586206896551724,5.396255374412067
12,pixels,177,0.7629310344827587,5.422720607818331
12,pixels,178,0.7672413793103449,5.44614783349452
12,pixels,179,0.771551724137931,5.467199699304673
12,pixels,180,0.7758620689655172,5.483546409359271
12,pixels,181,0.7801724137931034,5.489434639239399
12,pixels,182,0.7844827586206896,5.500453897713758
12,pixels,183,0.7887931034482759,5.52715883909281
12,pixels,184,0.7931034482758621,5.535318057053256
12,pixels,185,0.7974137931034483,5.5645506770947515
12,pixels,186,0.8017241379310345,5.57502987341601
12,pixels,187,0.8060344827586207,5.607304085910807
12,pixels,188,0.8103448275862069,5.639809678845122
12,pixels,189,0.8146551724137931,5.641380798589289
12,pixels,190,0.8189655172413793,5.658200764900766
12,pixels,191,0.8232758620689655,5.689283318642398
12,pixels,192,0.8275862068965517,5.712910244159338
12,pixels,193,0.8318965517241379,5.710737320525865
12,pixels,194,0.8362068965517241,5.7289389926448555
12,pixels,195,0.8405172413793104,5.759440177473318
12,pixels,196,0.8448275862068966,5.754636159675083
12,pixels,197,0.8491379310344828,5.771736374207401
12,pixels,198,0.853448275862069,5.765249537029572
12,pixels,199,0.8577586206896551,5.766224720529664
12,pixels,200,0.8620689655172413,5.766973540645768
12,pixels,201,0.8663793103448276,5.763079743811828
12,pixels,202,0.8706896551724138,5.77779263976763
12,pixels,203,0.875,5.7851185676653865
12,pixels,204,0.8793103448275862,5.801419200214006
12,pixels,205,0.8836206896551724,5.791768817857741
12,pixels,206,0.8879310344827587,5.789366482749699
12,pixels,207,0.8922413793103449,5.82849080328787
12,pixels,208,0.896551724137931,5.831649442838053
12,pixels,209,0.9008620689655172,5.846821626924725
12,pixels,210,0.9051724137931034,5.86699298030269
12,pixels,211,0.9094827586206896,5.870037092279312
12,pixels,212,0.9137931034482759,5.87841948274463
12,pixels,213,0.9181034482758621,5.8715836318311725
12,pixels,214,0.9224137931034483,5.887083157451078
12,pixels,215,0.9267241379310345,5.899846477264096
12,pixels,216,0.9310344827586207,5.905415317131424
12,pixels,217,0.9353448275862069,5.9290884821512195
12,pixels,218,0.9396551724137931,5.926331661071553
12,pixels,219,0.9439655172413793,5.947485497291606
12,pixels,220,0.9482758620689655,5.961984345064754
12,pixels,221,0.9525862068965517,5.972122955715114
12,pixels,222,0.9568965517241379,5.9903591591118115
12,pixels,223,0.9612068965517241,6.010077715010546
12,pixels,224,0.9655172413793104,6.039139515151883
12,pixels,225,0.9698275862068966,6.058480498467933
12,pixels,226,0.9741379310344828,6.063742451680361
12,pixels,227,0.978448275862069,6.098695623250467
12,pixels,228,0.9827586206896551,6.158250153986941
12,pixels,229,0.9870689655172413,6.187337390906187
12,pixels,230,0.9913793103448276,6.194941758844229
12,pixels,231,0.9956896551724138,6.224707814266595
12,pixels,232,1.0,6.274352051588747
18,baseline,1,0.004310344827586207,4.960160194342646
18,baseline,2,0.008620689655172414,3.413692116321658
18,baseline,3,0.01293103448275862,5.138477796785778
18,baseline,4,0.017241379310344827,4.56058866678892
18,baseline,5,0.021551724137931036,4.453218941637327
18,baseline,6,0.02586206896551724,5.070069033457762
18,baseline,7,0.03017241379310345,5.259390553454875
18,baseline,8,0.034482758620689655,4.873058213592507
18,baseline,9,0.03879310344827586,5.048091036555067
18,baseline,10,0.04310344827586207,5.228373512289182
18,baseline,11,0.04741379310344827,4.971087931877062
18,baseline,12,0.05172413793103448,5.055491312346973
18,baseline,13,0.05603448275862069,5.19619259913157
18,baseline,14,0.0603448275862069,4.968892550639015
18,baseline,15,0.06465517241379311,4.929679196653722
18,baseline,16,0.06896551724137931,4.797732453030668
18,baseline,17,0.07327586206896551,4.907052573730719
18,baseline,18,0.07758620689655173,4.865410376763585
18,baseline,19,0.08189655172413793,4.820608471445205
18,baseline,20,0.08620689655172414,4.740755564810818
18,baseline,21,0.09051724137931035,4.66583108758767
18,baseline,22,0.09482758620689655,4.54402827028454
18,baseline,23,0.09913793103448276,4.567029438909158
18,baseline,24,0.10344827586206896,4.420963159655082
18,baseline,25,0.10775862068965517,4.436431135883885
18,baseline,26,0.11206896551724138,4.398506123518576
18,baseline,27,0.11637931034482758,4.402504819471643
18,baseline,28,0.1206896551724138,4.391961297827916
18,baseline,29,0.125,4.36924958759289
18,baseline,30,0.12931034482758622,4.487811323497588
18,baseline,31,0.1336206896551724,4.522008447619484
18,baseline,32,0.13793103448275862,4.501423281072499
18,baseline,33,0.14224137931034483,4.416622066927077
18,baseline,34,0.14655172413793102,4.353031844874778
18,baseline,35,0.15086206896551724,4.383109297958341
18,baseline,36,0.15517241379310345,4.36178595189007
18,baseline,37,0.15948275862068967,4.334044023712247
18,baseline,38,0.16379310344827586,4.750956377356954
18,baseline,39,0.16810344827586207,4.7321629757407555
18,baseline,40,0.1724137931034483,4.678993216344824
18,baseline,41,0.17672413793103448,4.869519133360172
18,baseline,42,0.1810344827586207,4.839542342298118
18,baseline,43,0.1853448275862069,4.885643478749835
18,baseline,44,0.1896551724137931,4.823111032728155
18,baseline,45,0.1939655172413793,4.800659981759429
18,baseline,46,0.19827586206896552,4.783452729835605
18,baseline,47,0.2025862068965517,4.754502849658877
18,baseline,48,0.20689655172413793,4.68910728444299
18,baseline,49,0.21120689655172414,4.71931623315387
18,baseline,50,0.21551724137931033,4.655496844284648
18,baseline,51,0.21982758620689655,5.01588417886893
18,baseline,52,0.22413793103448276,5.057088938981052
18,baseline,53,0.22844827586206898,5.0488915025209975
18,baseline,54,0.23275862068965517,4.993867425142458
18,baseline,55,0.23706896551724138,4.948667524172671
18,baseline,56,0.2413793103448276,4.895106317848654
18,baseline,57,0.24568965517241378,4.840913095974492
18,baseline,58,0.25,4.795219769474051
18,baseline,59,0.2543103448275862,4.742687758673555
18,baseline,60,0.25862068965517243,4.731509666345844
18,baseline,61,0.2629310344827586,4.744176868338698
18,baseline,62,0.2672413793103448,4.731058740939743
18,baseline,63,0.27155172413793105,4.7504150096168845
18,baseline,64,0.27586206896551724,4.72378773932628
18,baseline,65,0.2801724137931034,4.687388078454774
18,baseline,66,0.28448275862068967,4.725407920915304
18,baseline,67,0.28879310344827586,4.6930959325575685
18,baseline,68,0.29310344827586204,4.662038499295445
18,baseline,69,0.2974137931034483,4.651267908631194
18,baseline,70,0.3017241379310345,4.845280233459945
18,baseline,71,0.30603448275862066,4.827168517677211
18,baseline,72,0.3103448275862069,4.793770912336078
18,baseline,73,0.3146551724137931,4.869906529286894
18,baseline,74,0.31896551724137934,4.89618825539706
18,baseline,75,0.3232758620689655,4.915869085614685
18,baseline,76,0.3275862068965517,4.897210005990737
18,baseline,77,0.33189655172413796,4.877426367641687
18,baseline,78,0.33620689655172414,4.878029731613709
18,baseline,79,0.34051724137931033,4.8976475924400455
18,baseline,80,0.3448275862068966,4.90963512344483
18,baseline,81,0.34913793103448276,4.8785182093516495
18,baseline,82,0.35344827586206895,4.8650014496670195
18,baseline,83,0.3577586206896552,4.8394447025565555
18,baseline,84,0.3620689655172414,4.80122168175562
18,baseline,85,0.36637931034482757,4.808789522298689
18,baseline,86,0.3706896551724138,4.837666156771506
18,baseline,87,0.375,4.803472047044849
18,baseline,88,0.3793103448275862,4.787464972265797
18,baseline,89,0.38362068965517243,4.776573147756271
18,baseline,90,0.3879310344827586,4.796731711950291
18,baseline,91,0.3922413793103448,4.764119356215158
18,baseline,92,0.39655172413793105,4.789471262061798
18,baseline,93,0.40086206896551724,4.801195923715945
18,baseline,94,0.4051724137931034,4.822090902718334
18,baseline,95,0.40948275862068967,4.787839831391124
18,baseline,96,0.41379310344827586,4.770012677579117
18,baseline,97,0.41810344827586204,4.753595005947983
18,baseline,98,0.4224137931034483,4.753795317225392
18,baseline,99,0.4267241379310345,4.737429369466086
18,baseline,100,0.43103448275862066,4.708487412653466
18,baseline,101,0.4353448275862069,4.719112542052511
18,baseline,102,0.4396551724137931,4.747375600744733
18,baseline,103,0.44396551724137934,4.712818390561945
18,baseline,104,0.4482758620689655,4.7418679247338344
18,baseline,105,0.4525862068965517,4.759080785298121
18,baseline,106,0.45689655172413796,4.730436750932246
18,baseline,107,0.46120689655172414,4.711227677529183
18,baseline,108,0.46551724137931033,4.694835912765082
18,baseline,109,0.4698275862068966,4.6887977624095685
18,baseline,110,0.47413793103448276,4.703818485091606
18,baseline,111,0.47844827586206895,4.717617476660099
18,baseline,112,0.4827586206896552,4.816384609665488
18,baseline,113,0.4870689655172414,4.785780465659179
18,baseline,114,0.49137931034482757,4.836757507811733
18,baseline,115,0.4956896551724138,4.874322296030908
18,baseline,116,0.5,4.857519000825526
18,baseline,117,0.5043103448275862,4.847419175198742
18,baseline,118,0.5086206896551724,4.828932760107864
18,baseline,119,0.5129310344827587,4.80420511923468
18,baseline,120,0.5172413793103449,4.799828369515361
18,baseline,121,0.521551724137931,4.843276973241905
18,baseline,122,0.5258620689655172,4.856410333552561
18,baseline,123,0.5301724137931034,4.860060772456495
18,baseline,124,0.5344827586206896,4.846872545431964
18,baseline,125,0.5387931034482759,4.866407595875418
18,baseline,126,0.5431034482758621,4.8676696478530825
18,baseline,127,0.5474137931034483,4.882334870460798
18,baseline,128,0.5517241379310345,4.870020402757761
18,baseline,129,0.5560344827586207,4.853380214182857
18,baseline,130,0.5603448275862069,4.82848228841747
18,baseline,131,0.5646551724137931,4.864992812154804
18,baseline,132,0.5689655172413793,4.935363700667675
18,baseline,133,0.5732758620689655,4.9632094238085775
18,baseline,134,0.5775862068965517,4.943136901364741
18,baseline,135,0.5818965517241379,4.9293103497302395
18,baseline,136,0.5862068965517241,4.939831460499248
18,baseline,137,0.5905172413793104,4.9231699769743065
18,baseline,138,0.5948275862068966,4.98654796155564
18,baseline,139,0.5991379310344828,5.020794553491868
18,baseline,140,0.603448275862069,5.0142781379265715
18,baseline,141,0.6077586206896551,4.991050935285279
18,baseline,142,0.6120689655172413,4.996842630124334
18,baseline,143,0.6163793103448276,5.021584158710773
18,baseline,144,0.6206896551724138,5.087933368626801
18,baseline,145,0.625,5.092324095988162
18,baseline,146,0.6293103448275862,5.076218310103051
18,baseline,147,0.6336206896551724,5.085306776295671
18,baseline,148,0.6379310344827587,5.088728664558775
18,baseline,149,0.6422413793103449,5.143754153990532
18,baseline,150,0.646551724137931,5.151521261860505
18,baseline,151,0.6508620689655172,5.136161566374892
18,baseline,152,0.6551724137931034,5.1296320761660406
18,baseline,153,0.6594827586206896,5.121883844319352
18,baseline,154,0.6637931034482759,5.159684187388031
18,baseline,155,0.6681034482758621,5.156403812146279
18,baseline,156,0.6724137931034483,5.1714540686839925
18,baseline,157,0.6767241379310345,5.153885465596674
18,baseline,158,0.6810344827586207,5.13019987731241
18,baseline,159,0.6853448275862069,5.133743517307836
18,baseline,160,0.6896551724137931,5.210540397209005
18,baseline,161,0.6939655172413793,5.240205908513738
18,baseline,162,0.6982758620689655,5.250729743603699
18,baseline,163,0.7025862068965517,5.240342570933987
18,baseline,164,0.7068965517241379,5.25050029549329
18,baseline,165,0.7112068965517241,5.237512108812626
18,baseline,166,0.7155172413793104,5.225457908224802
18,baseline,167,0.7198275862068966,5.213146879776037
18,baseline,168,0.7241379310344828,5.204327769422316
18,baseline,169,0.728448275862069,5.220673444039946
18,baseline,170,0.7327586206896551,5.224858913768361
18,baseline,171,0.7370689655172413,5.2103436799237395
18,baseline,172,0.7413793103448276,5.242057015678262
18,baseline,173,0.7456896551724138,5.253766285601289
18,baseline,174,0.75,5.241316424369557
18,baseline,175,0.7543103448275862,5.246525466615683
18,baseline,176,0.7586206896551724,5.251067452635927
18,baseline,177,0.7629310344827587,5.253618338929475
18,baseline,178,0.7672413793103449,5.258127482164904
18,baseline,179,0.771551724137931,5.265325276378103
18,baseline,180,0.7758620689655172,5.2790965045161995
18,baseline,181,0.7801724137931034,5.294898176519989
18,baseline,182,0.7844827586206896,5.302152911727853
18,baseline,183,0.7887931034482759,5.331553517916135
18,baseline,184,0.7931034482758621,5.354713797982934
18,baseline,185,0.7974137931034483,5.392201450056674
18,baseline,186,0.8017241379310345,5.391797915881955
18,baseline,187,0.8060344827586207,5.4356237405503665
18,baseline,188,0.8103448275862069,5.4465788691413275
18,baseline,189,0.8146551724137931,5.48194560907528
18,baseline,190,0.8189655172413793,5.473458395945204
18,baseline,191,0.8232758620689655,5.508615203683706
18,baseline,192,0.8275862068965517,5.578803979899539
18,baseline,193,0.8318965517241379,5.5934829853857195
18,baseline,194,0.8362068965517241,5.591716368345086
18,baseline,195,0.8405172413793104,5.600680023988672
18,baseline,196,0.8448275862068966,5.5997343536380315
18,baseline,197,0.8491379310344828,5.641979159163038
18,baseline,198,0.853448275862069,5.623673586618857
18,baseline,199,0.8577586206896551,5.659572502952689
18,baseline,200,0.8620689655172413,5.662053186544715
18,baseline,201,0.8663793103448276,5.673551971601792
18,baseline,202,0.8706896551724138,5.664843040219881
18,baseline,203,0.875,5.674935636964132
18,baseline,204,0.8793103448275862,5.682687274346571
18,baseline,205,0.8836206896551724,5.665867509647049
18,baseline,206,0.8879310344827587,5.664518226693281
18,baseline,207,0.8922413793103449,5.6488337097467225
18,baseline,208,0.896551724137931,5.65472379429151
18,baseline,209,0.9008620689655172,5.690759978636446
18,baseline,210,0.9051724137931034,5.730074777241917
18,baseline,211,0.9094827586206896,5.7356005362934
18,baseline,212,0.9137931034482759,5.716695759984688
18,baseline,213,0.9181034482758621,5.740716777258293
18,baseline,214,0.9224137931034483,5.727831372115467
18,baseline,215,0.9267241379310345,5.780956644773258
18,baseline,216,0.9310344827586207,5.77853336373973
18,baseline,217,0.9353448275862069,5.79592924856063
18,baseline,218,0.9396551724137931,5.812585443285633
18,baseline,219,0.9439655172413793,5.835642579885665
18,baseline,220,0.9482758620689655,5.828461023879363
18,baseline,221,0.9525862068965517,5.821095896259095
18,baseline,222,0.9568965517241379,5.8271095856322965
18,baseline,223,0.9612068965517241,5.873377407670713
18,baseline,224,0.9655172413793104,5.911415397981005
18,baseline,225,0.9698275862068966,5.899616447726558
18,baseline,226,0.9741379310344828,5.917188956278227
18,baseline,227,0.978448275862069,5.960809929216572
18,baseline,228,0.9827586206896551,6.008235547581163
18,baseline,229,0.9870689655172413,6.05501308257715
18,baseline,230,0.9913793103448276,6.071333396202825
18,baseline,231,0.9956896551724138,6.081102747217373
18,baseline,232,1.0,6.108242323281772
18,statistics,1,0.004310344827586207,4.7466077852575195
18,statistics,2,0.008620689655172414,3.200919376138754
18,statistics,3,0.01293103448275862,4.985725494978539
18,statistics,4,0.017241379310344827,4.413671806333434
18,statistics,5,0.021551724137931036,4.349280722102955
18,statistics,6,0.02586206896551724,4.943649631873635
18,statistics,7,0.03017241379310345,5.1466363739855865
18,statistics,8,0.034482758620689655,4.769571034563654
18,statistics,9,0.03879310344827586,4.94574273072924
18,statistics,10,0.04310344827586207,5.100476031125299
18,statistics,11,0.04741379310344827,4.859645014743194
18,statistics,12,0.05172413793103448,4.947750479070915
18,statistics,13,0.05603448275862069,5.078228376573102
18,statistics,14,0.0603448275862069,4.845652172480165
18,statistics,15,0.06465517241379311,4.806078204887446
18,statistics,16,0.06896551724137931,4.68415962444834
18,statistics,17,0.07327586206896551,4.799268788857905
18,statistics,18,0.07758620689655173,4.774510115235284
18,statistics,19,0.08189655172413793,4.71557518364101
18,statistics,20,0.08620689655172414,4.63947193811966
18,statistics,21,0.09051724137931035,4.576488563808129
18,statistics,22,0.09482758620689655,4.468250202187588
18,statistics,23,0.09913793103448276,4.498099319959707
18,statistics,24,0.10344827586206896,4.356400284040066
18,statistics,25,0.10775862068965517,4.370745168033145
18,statistics,26,0.11206896551724138,4.369125080389598
18,statistics,27,0.11637931034482758,4.378070417389487
18,statistics,28,0.1206896551724138,4.367808520195267
18,statistics,29,0.125,4.347630601641819
18,statistics,30,0.12931034482758622,4.45687164051712
18,statistics,31,0.1336206896551724,4.496864052176625
18,statistics,32,0.13793103448275862,4.4745888728895205
18,statistics,33,0.14224137931034483,4.380467893439631
18,statistics,34,0.14655172413793102,4.320211756180916
18,statistics,35,0.15086206896551724,4.344758950953171
18,statistics,36,0.15517241379310345,4.352354048173709
18,statistics,37,0.15948275862068967,4.326218723484122
18,statistics,38,0.16379310344827586,4.745066653532327
18,statistics,39,0.16810344827586207,4.729937570167826
18,statistics,40,0.1724137931034483,4.68042948183733
18,statistics,41,0.17672413793103448,4.867173030506795
18,statistics,42,0.1810344827586207,4.8323184698813835
18,statistics,43,0.1853448275862069,4.882307776472278
18,statistics,44,0.1896551724137931,4.820545236334824
18,statistics,45,0.1939655172413793,4.794016046387753
18,statistics,46,0.19827586206896552,4.77708361625655
18,statistics,47,0.2025862068965517,4.7529284319877645
18,statistics,48,0.20689655172413793,4.6803460550721505
18,statistics,49,0.21120689655172414,4.713066631058985
18,statistics,50,0.21551724137931033,4.650455413742762
18,statistics,51,0.21982758620689655,5.014841235946989
18,statistics,52,0.22413793103448276,5.051308215171164
18,statistics,53,0.22844827586206898,5.040250884196045
18,statistics,54,0.23275862068965517,4.983329826661282
18,statistics,55,0.23706896551724138,4.936644812052627
18,statistics,56,0.2413793103448276,4.8771190022243305
18,statistics,57,0.24568965517241378,4.825641094392875
18,statistics,58,0.25,4.782065033211585
18,statistics,59,0.2543103448275862,4.730817608821101
18,statistics,60,0.25862068965517243,4.719605791405084
18,statistics,61,0.2629310344827586,4.728178443262832
18,statistics,62,0.2672413793103448,4.716549391847296
18,statistics,63,0.27155172413793105,4.735573472496748
18,statistics,64,0.27586206896551724,4.706643992554888
18,statistics,65,0.2801724137931034,4.673887807848736
18,statistics,66,0.28448275862068967,4.712941173518562
18,statistics,67,0.28879310344827586,4.68147739594046
18,statistics,68,0.29310344827586204,4.65148184290333
18,statistics,69,0.2974137931034483,4.642205924648768
18,statistics,70,0.3017241379310345,4.836854197702311
18,statistics,71,0.30603448275862066,4.814948247103838
18,statistics,72,0.3103448275862069,4.784958929333539
18,statistics,73,0.3146551724137931,4.860329605865022
18,statistics,74,0.31896551724137934,4.882977241177936
18,statistics,75,0.3232758620689655,4.899539117905268
18,statistics,76,0.3275862068965517,4.881398374791065
18,statistics,77,0.33189655172413796,4.861640853008276
18,statistics,78,0.33620689655172414,4.865329307926696
18,statistics,79,0.34051724137931033,4.889740515752734
18,statistics,80,0.3448275862068966,4.89851805554058
18,statistics,81,0.34913793103448276,4.868487247133301
18,statistics,82,0.35344827586206895,4.855801607061468
18,statistics,83,0.3577586206896552,4.830510579280587
18,statistics,84,0.3620689655172414,4.790051869169592
18,statistics,85,0.36637931034482757,4.8017518215851736
18,statistics,86,0.3706896551724138,4.831469667702096
18,statistics,87,0.375,4.799418151275333
18,statistics,88,0.3793103448275862,4.783951415258305
18,statistics,89,0.38362068965517243,4.7780372565919995
18,statistics,90,0.3879310344827586,4.796438325391902
18,statistics,91,0.3922413793103448,4.763048724434203
18,statistics,92,0.39655172413793105,4.7815065625163795
18,statistics,93,0.40086206896551724,4.790993547082873
18,statistics,94,0.4051724137931034,4.814133894536854
18,statistics,95,0.40948275862068967,4.780156325246228
18,statistics,96,0.41379310344827586,4.763026837162023
18,statistics,97,0.41810344827586204,4.746264481807519
18,statistics,98,0.4224137931034483,4.746072072139298
18,statistics,99,0.4267241379310345,4.728759075615808
18,statistics,100,0.43103448275862066,4.700963543744948
18,statistics,101,0.4353448275862069,4.714533042649403
18,statistics,102,0.4396551724137931,4.743610962211695
18,statistics,103,0.44396551724137934,4.711293179131673
18,statistics,104,0.4482758620689655,4.739141470024795
18,statistics,105,0.4525862068965517,4.7552605687636005
18,statistics,106,0.45689655172413796,4.724915687154879
18,statistics,107,0.46120689655172414,4.705580284643783
18,statistics,108,0.46551724137931033,4.688278592533333
18,statistics,109,0.4698275862068966,4.683638211607939
18,statistics,110,0.47413793103448276,4.6959818582607165
18,statistics,111,0.47844827586206895,4.707751166962889
18,statistics,112,0.4827586206896552,4.808237086591414
18,statistics,113,0.4870689655172414,4.776910140011039
18,statistics,114,0.49137931034482757,4.830794854429544
18,statistics,115,0.4956896551724138,4.869526283791733
18,statistics,116,0.5,4.8514976602316855
18,statistics,117,0.5043103448275862,4.839975689102368
18,statistics,118,0.5086206896551724,4.818614746793099
18,statistics,119,0.5129310344827587,4.793764492852243
18,statistics,120,0.5172413793103449,4.791094894425933
18,statistics,121,0.521551724137931,4.832541289905636
18,statistics,122,0.5258620689655172,4.843822705869624
18,statistics,123,0.5301724137931034,4.847482397971848
18,statistics,124,0.5344827586206896,4.834549663514431
18,statistics,125,0.5387931034482759,4.8530634184373325
18,statistics,126,0.5431034482758621,4.855671914699599
18,statistics,127,0.5474137931034483,4.868489674709941
18,statistics,128,0.5517241379310345,4.855872001886985
18,statistics,129,0.5560344827586207,4.840244133175298
18,statistics,130,0.5603448275862069,4.813932580477742
18,statistics,131,0.5646551724137931,4.8496979213543945
18,statistics,132,0.5689655172413793,4.928543424947118
18,statistics,133,0.5732758620689655,4.957089047261351
18,statistics,134,0.5775862068965517,4.937490681918299
18,statistics,135,0.5818965517241379,4.922056698741269
18,statistics,136,0.5862068965517241,4.9318666588023214
18,statistics,137,0.5905172413793104,4.917577306690014
18,statistics,138,0.5948275862068966,4.98210587821291
18,statistics,139,0.5991379310344828,5.0171734660891545
18,statistics,140,0.603448275862069,5.010872284624519
18,statistics,141,0.6077586206896551,4.98778355012012
18,statistics,142,0.6120689655172413,4.9970520086541965
18,statistics,143,0.6163793103448276,5.022417176567484
18,statistics,144,0.6206896551724138,5.090081244397502
18,statistics,145,0.625,5.095039362318311
18,statistics,146,0.6293103448275862,5.079127150575947
18,statistics,147,0.6336206896551724,5.0911880432398045
18,statistics,148,0.6379310344827587,5.096994295144838
18,statistics,149,0.6422413793103449,5.151586826481036
18,statistics,150,0.646551724137931,5.159444944058824
18,statistics,151,0.6508620689655172,5.142602535642213
18,statistics,152,0.6551724137931034,5.135874400715473
18,statistics,153,0.6594827586206896,5.1275627258739895
18,statistics,154,0.6637931034482759,5.166320568367649
18,statistics,155,0.6681034482758621,5.1603300098792575
18,statistics,156,0.6724137931034483,5.176106518101271
18,statistics,157,0.6767241379310345,5.158778463053525
18,statistics,158,0.6810344827586207,5.136691759615711
18,statistics,159,0.6853448275862069,5.142420175978853
18,statistics,160,0.6896551724137931,5.218755962729971
18,statistics,161,0.6939655172413793,5.2592385209316355
18,statistics,162,0.6982758620689655,5.270381545239438
18,statistics,163,0.7025862068965517,5.2604658213071005
18,statistics,164,0.7068965517241379,5.270836302297012
18,statistics,165,0.7112068965517241,5.255448913075562
18,statistics,166,0.7155172413793104,5.242911018670753
18,statistics,167,0.7198275862068966,5.228431058725822
18,statistics,168,0.7241379310344828,5.2189115397966015
18,statistics,169,0.728448275862069,5.23372276011725
18,statistics,170,0.7327586206896551,5.239480870461834
18,statistics,171,0.7370689655172413,5.224596110917442
18,statistics,172,0.7413793103448276,5.257093332101115
18,statistics,173,0.7456896551724138,5.2761288203004435
18,statistics,174,0.75,5.264564351664055
18,statistics,175,0.7543103448275862,5.269636912193384
18,statistics,176,0.7586206896551724,5.276944895506741
18,statistics,177,0.7629310344827587,5.280214638829585
18,statistics,178,0.7672413793103449,5.285242453610572
18,statistics,179,0.771551724137931,5.293419269269087
18,statistics,180,0.7758620689655172,5.307578620176179
18,statistics,181,0.7801724137931034,5.323552727436475
18,statistics,182,0.7844827586206896,5.333863023086642
18,statistics,183,0.7887931034482759,5.364298423378084
18,statistics,184,0.7931034482758621,5.388284676048381
18,statistics,185,0.7974137931034483,5.426448162359583
18,statistics,186,0.8017241379310345,5.425629331459009
18,statistics,187,0.8060344827586207,5.4703134647406175
18,statistics,188,0.8103448275862069,5.477870195708795
18,statistics,189,0.8146551724137931,5.512996336753957
18,statistics,190,0.8189655172413793,5.504388717225375
18,statistics,191,0.8232758620689655,5.538992565992196
18,statistics,192,0.8275862068965517,5.610566148435642
18,statistics,193,0.8318965517241379,5.626935791238778
18,statistics,194,0.8362068965517241,5.623619660460444
18,statistics,195,0.8405172413793104,5.633144797522768
18,statistics,196,0.8448275862068966,5.632129183294769
18,statistics,197,0.8491379310344828,5.6731378991310715
18,statistics,198,0.853448275862069,5.65622296181339
18,statistics,199,0.8577586206896551,5.691621240774683
18,statistics,200,0.8620689655172413,5.693427218115918
18,statistics,201,0.8663793103448276,5.7055803147632
18,statistics,202,0.8706896551724138,5.694164173392898
18,statistics,203,0.875,5.7077292668306265
18,statistics,204,0.8793103448275862,5.716778255175775
18,statistics,205,0.8836206896551724,5.700379534288864
18,statistics,206,0.8879310344827587,5.69935810685989
18,statistics,207,0.8922413793103449,5.683136837884981
18,statistics,208,0.896551724137931,5.689486410609686
18,statistics,209,0.9008620689655172,5.723367117935421
18,statistics,210,0.9051724137931034,5.765077422321972
18,statistics,211,0.9094827586206896,5.771049537108511
18,statistics,212,0.9137931034482759,5.752716976693588
18,statistics,213,0.9181034482758621,5.777453120681826
18,statistics,214,0.9224137931034483,5.764159997952011
18,statistics,215,0.9267241379310345,5.8166789560540435
18,statistics,216,0.9310344827586207,5.814609007865898
18,statistics,217,0.9353448275862069,5.832181603036084
18,statistics,218,0.9396551724137931,5.849899515104105
18,statistics,219,0.9439655172413793,5.875196288240861
18,statistics,220,0.9482758620689655,5.868634086717184
18,statistics,221,0.9525862068965517,5.860752000949468
18,statistics,222,0.9568965517241379,5.867010061250454
18,statistics,223,0.9612068965517241,5.913123023140834
18,statistics,224,0.9655172413793104,5.951675651762088
18,statistics,225,0.9698275862068966,5.940491621413245
18,statistics,226,0.9741379310344828,5.958650391990138
18,statistics,227,0.978448275862069,6.0013383596732455
18,statistics,228,0.9827586206896551,6.048426975409435
18,statistics,229,0.9870689655172413,6.098610324716355
18,statistics,230,0.9913793103448276,6.117290054617796
18,statistics,231,0.9956896551724138,6.126169535460207
18,statistics,232,1.0,6.156018524302405
18,pixels,1,0.004310344827586207,5.004761860021548
18,pixels,2,0.008620689655172414,3.409981578772531
18,pixels,3,0.01293103448275862,5.155221183804244
18,pixels,4,0.017241379310344827,4.56029088706091
18,pixels,5,0.021551724137931036,4.45978591148665
18,pixels,6,0.02586206896551724,5.062667782506002
18,pixels,7,0.03017241379310345,5.250561253805746
18,pixels,8,0.034482758620689655,4.866577301987937
18,pixels,9,0.03879310344827586,5.04310419786449
18,pixels,10,0.04310344827586207,5.219131634886283
18,pixels,11,0.04741379310344827,4.965723762082178
18,pixels,12,0.05172413793103448,5.04328545080746
18,pixels,13,0.05603448275862069,5.180413102887412
18,pixels,14,0.0603448275862069,4.949354238538222
18,pixels,15,0.06465517241379311,4.908080568484132
18,pixels,16,0.06896551724137931,4.773864186751075
18,pixels,17,0.07327586206896551,4.893317098057781
18,pixels,18,0.07758620689655173,4.854016901296313
18,pixels,19,0.08189655172413793,4.802411427544329
18,pixels,20,0.08620689655172414,4.72677739575705
18,pixels,21,0.09051724137931035,4.655609133055825
18,pixels,22,0.09482758620689655,4.537762475575314
18,pixels,23,0.09913793103448276,4.559708374864516
18,pixels,24,0.10344827586206896,4.4145587174980285
18,pixels,25,0.10775862068965517,4.429474715295805
18,pixels,26,0.11206896551724138,4.406627232206461
18,pixels,27,0.11637931034482758,4.413382293056536
18,pixels,28,0.1206896551724138,4.403030171268816
18,pixels,29,0.125,4.380152083456853
18,pixels,30,0.12931034482758622,4.494386414538004
18,pixels,31,0.1336206896551724,4.530750434898374
18,pixels,32,0.13793103448275862,4.511185014273024
18,pixels,33,0.14224137931034483,4.423557091909897
18,pixels,34,0.14655172413793102,4.359809960855387
18,pixels,35,0.15086206896551724,4.387853881135141
18,pixels,36,0.15517241379310345,4.375053730923539
18,pixels,37,0.15948275862068967,4.3486536110383085
18,pixels,38,0.16379310344827586,4.7661777599393105
18,pixels,39,0.16810344827586207,4.748631423821103
18,pixels,40,0.1724137931034483,4.696181125852701
18,pixels,41,0.17672413793103448,4.88571409044006
18,pixels,42,0.1810344827586207,4.8543051500372485
18,pixels,43,0.1853448275862069,4.901142497732761
18,pixels,44,0.1896551724137931,4.838255152390166
18,pixels,45,0.1939655172413793,4.812380859045686
18,pixels,46,0.19827586206896552,4.7957836287042825
18,pixels,47,0.2025862068965517,4.767965282498503
18,pixels,48,0.20689655172413793,4.700365408078972
18,pixels,49,0.21120689655172414,4.7308266419371305
18,pixels,50,0.21551724137931033,4.667091121197992
18,pixels,51,0.21982758620689655,5.028217565617705
18,pixels,52,0.22413793103448276,5.067519946515352
18,pixels,53,0.22844827586206898,5.057855631417858
18,pixels,54,0.23275862068965517,5.00167114786396
18,pixels,55,0.23706896551724138,4.956444232788072
18,pixels,56,0.2413793103448276,4.902066752369797
18,pixels,57,0.24568965517241378,4.847497383400982
18,pixels,58,0.25,4.801365252719101
18,pixels,59,0.2543103448275862,4.7487449423111805
18,pixels,60,0.25862068965517243,4.737015060462512
18,pixels,61,0.2629310344827586,4.749600079672913
18,pixels,62,0.2672413793103448,4.735603160898559
18,pixels,63,0.27155172413793105,4.754710722468956
18,pixels,64,0.27586206896551724,4.726682705315959
18,pixels,65,0.2801724137931034,4.69052423132682
18,pixels,66,0.28448275862068967,4.728898676982269
18,pixels,67,0.28879310344827586,4.696520395024703
18,pixels,68,0.29310344827586204,4.666032755223888
18,pixels,69,0.2974137931034483,4.655614415745647
18,pixels,70,0.3017241379310345,4.8494443737369055
18,pixels,71,0.30603448275862066,4.829489163213142
18,pixels,72,0.3103448275862069,4.796447156107234
18,pixels,73,0.3146551724137931,4.872083177094961
18,pixels,74,0.31896551724137934,4.899037802395463
18,pixels,75,0.3232758620689655,4.91838868863989
18,pixels,76,0.3275862068965517,4.899850147190974
18,pixels,77,0.33189655172413796,4.8794156251320695
18,pixels,78,0.33620689655172414,4.880304397689634
18,pixels,79,0.34051724137931033,4.901712029789237
18,pixels,80,0.3448275862068966,4.9130132124814025
18,pixels,81,0.34913793103448276,4.882181096112951
18,pixels,82,0.35344827586206895,4.868989775222345
18,pixels,83,0.3577586206896552,4.843195656239203
18,pixels,84,0.3620689655172414,4.805109104552754
18,pixels,85,0.36637931034482757,4.8141213921854895
18,pixels,86,0.3706896551724138,4.843392500311135
18,pixels,87,0.375,4.809544606808345
18,pixels,88,0.3793103448275862,4.794273600120879
18,pixels,89,0.38362068965517243,4.785241087773824
18,pixels,90,0.3879310344827586,4.805639898406458
18,pixels,91,0.3922413793103448,4.7723808771334495
18,pixels,92,0.39655172413793105,4.7960457215104055
18,pixels,93,0.40086206896551724,4.80674519328105
18,pixels,94,0.4051724137931034,4.8281729579182695
18,pixels,95,0.40948275862068967,4.793507976348448
18,pixels,96,0.41379310344827586,4.775988083061159
18,pixels,97,0.41810344827586204,4.759876493051888
18,pixels,98,0.4224137931034483,4.75955624048011
18,pixels,99,0.4267241379310345,4.742778194667613
18,pixels,100,0.43103448275862066,4.713706743670487
18,pixels,101,0.4353448275862069,4.724826313047262
18,pixels,102,0.4396551724137931,4.752841023863635
18,pixels,103,0.44396551724137934,4.718523113230657
18,pixels,104,0.4482758620689655,4.747551760485315
18,pixels,105,0.4525862068965517,4.764260989170952
18,pixels,106,0.45689655172413796,4.735543389114716
18,pixels,107,0.46120689655172414,4.7161546979455204
18,pixels,108,0.46551724137931033,4.699977590735194
18,pixels,109,0.4698275862068966,4.694194368365353
18,pixels,110,0.47413793103448276,4.708036205560924
18,pixels,111,0.47844827586206895,4.720907796459669
18,pixels,112,0.4827586206896552,4.820162087160816
18,pixels,113,0.4870689655172414,4.789539847277755
18,pixels,114,0.49137931034482757,4.841494517376396
18,pixels,115,0.4956896551724138,4.880051897230959
18,pixels,116,0.5,4.863357121039209
18,pixels,117,0.5043103448275862,4.853238629032989
18,pixels,118,0.5086206896551724,4.834115414854659
18,pixels,119,0.5129310344827587,4.809029133206291
18,pixels,120,0.5172413793103449,4.804437509264746
18,pixels,121,0.521551724137931,4.847436231487647
18,pixels,122,0.5258620689655172,4.86046462020781
18,pixels,123,0.5301724137931034,4.864090450745901
18,pixels,124,0.5344827586206896,4.85094006546537
18,pixels,125,0.5387931034482759,4.871037910649095
18,pixels,126,0.5431034482758621,4.872132135139899
18,pixels,127,0.5474137931034483,4.886979829449085
18,pixels,128,0.5517241379310345,4.874848450540103
18,pixels,129,0.5560344827586207,4.85803561579139
18,pixels,130,0.5603448275862069,4.832829057709268
18,pixels,131,0.5646551724137931,4.86892337452402
18,pixels,132,0.5689655172413793,4.942130369958641
18,pixels,133,0.5732758620689655,4.970364869168484
18,pixels,134,0.5775862068965517,4.950269522198044
18,pixels,135,0.5818965517241379,4.935764811582249
18,pixels,136,0.5862068965517241,4.946278092158654
18,pixels,137,0.5905172413793104,4.93041256192106
18,pixels,138,0.5948275862068966,4.9933611980975225
18,pixels,139,0.5991379310344828,5.026657811534816
18,pixels,140,0.603448275862069,5.0200660213104085
18,pixels,141,0.6077586206896551,4.997050089964436
18,pixels,142,0.6120689655172413,5.003760146411326
18,pixels,143,0.6163793103448276,5.028646294918674
18,pixels,144,0.6206896551724138,5.094875719105494
18,pixels,145,0.625,5.099203934026993
18,pixels,146,0.6293103448275862,5.083138223608464
18,pixels,147,0.6336206896551724,5.092866803914063
18,pixels,148,0.6379310344827587,5.097185081153882
18,pixels,149,0.6422413793103449,5.152166852836149
18,pixels,150,0.646551724137931,5.159243806073402
18,pixels,151,0.6508620689655172,5.143307566998552
18,pixels,152,0.6551724137931034,5.137057459847132
18,pixels,153,0.6594827586206896,5.129074096479827
18,pixels,154,0.6637931034482759,5.16637289198832
18,pixels,155,0.6681034482758621,5.161825232422649
18,pixels,156,0.6724137931034483,5.17649320922425
18,pixels,157,0.6767241379310345,5.158864350514104
18,pixels,158,0.6810344827586207,5.135190083686807
18,pixels,159,0.6853448275862069,5.139579206741884
18,pixels,160,0.6896551724137931,5.2169962740260925
18,pixels,161,0.6939655172413793,5.252674753511928
18,pixels,162,0.6982758620689655,5.263377934614344
18,pixels,163,0.7025862068965517,5.253054470308904
18,pixels,164,0.7068965517241379,5.26330804437965
18,pixels,165,0.7112068965517241,5.249833235949631
18,pixels,166,0.7155172413793104,5.2379455660217005
18,pixels,167,0.7198275862068966,5.224996171183801
18,pixels,168,0.7241379310344828,5.215732363946408
18,pixels,169,0.728448275862069,5.231865499886241
18,pixels,170,0.7327586206896551,5.236142736161432
18,pixels,171,0.7370689655172413,5.221255644941644
18,pixels,172,0.7413793103448276,5.25363082753791
18,pixels,173,0.7456896551724138,5.267038070944294
18,pixels,174,0.75,5.2549742650539875
18,pixels,175,0.7543103448275862,5.260046947353941
18,pixels,176,0.7586206896551724,5.2655227638847615
18,pixels,177,0.7629310344827587,5.26770459655777
18,pixels,178,0.7672413793103449,5.272495244760576
18,pixels,179,0.771551724137931,5.280231465411194
18,pixels,180,0.7758620689655172,5.29369364618463
18,pixels,181,0.7801724137931034,5.309612739977763
18,pixels,182,0.7844827586206896,5.318258178081923
18,pixels,183,0.7887931034482759,5.348012154621762
18,pixels,184,0.7931034482758621,5.371053088566314
18,pixels,185,0.7974137931034483,5.408192647937192
18,pixels,186,0.8017241379310345,5.40809415025042
18,pixels,187,0.8060344827586207,5.45212064421316
18,pixels,188,0.8103448275862069,5.461474389450875
18,pixels,189,0.8146551724137931,5.496911313658651
18,pixels,190,0.8189655172413793,5.488562017509451
18,pixels,191,0.8232758620689655,5.52320316116149
18,pixels,192,0.8275862068965517,5.5933102713471365
18,pixels,193,0.8318965517241379,5.6087391140846465
18,pixels,194,0.8362068965517241,5.606030219967063
18,pixels,195,0.8405172413793104,5.615963281275563
18,pixels,196,0.8448275862068966,5.615184088183962
18,pixels,197,0.8491379310344828,5.656891540503629
18,pixels,198,0.853448275862069,5.639722315400539
18,pixels,199,0.8577586206896551,5.67539877002217
18,pixels,200,0.8620689655172413,5.678238442501031
18,pixels,201,0.8663793103448276,5.689819572879808
18,pixels,202,0.8706896551724138,5.6800582078793935
18,pixels,203,0.875,5.691105852131526
18,pixels,204,0.8793103448275862,5.698788278294873
18,pixels,205,0.8836206896551724,5.68224049431607
18,pixels,206,0.8879310344827587,5.680894482276162
18,pixels,207,0.8922413793103449,5.66529012091528
18,pixels,208,0.896551724137931,5.671037696008326
18,pixels,209,0.9008620689655172,5.70650741683546
18,pixels,210,0.9051724137931034,5.746197002678595
18,pixels,211,0.9094827586206896,5.75221382327774
18,pixels,212,0.9137931034482759,5.73373476888755
18,pixels,213,0.9181034482758621,5.757337492023855
18,pixels,214,0.9224137931034483,5.744497534824664
18,pixels,215,0.9267241379310345,5.797636539764905
18,pixels,216,0.9310344827586207,5.794679335595451
18,pixels,217,0.9353448275862069,5.812041175527675
18,pixels,218,0.9396551724137931,5.828981331017789
18,pixels,219,0.9439655172413793,5.852333391162847
18,pixels,220,0.9482758620689655,5.845770714735919
18,pixels,221,0.9525862068965517,5.837897646136173
18,pixels,222,0.9568965517241379,5.844230029722401
18,pixels,223,0.9612068965517241,5.890133489794785
18,pixels,224,0.9655172413793104,5.928092093906506
18,pixels,225,0.9698275862068966,5.916198100937328
18,pixels,226,0.9741379310344828,5.933427025058723
18,pixels,227,0.978448275862069,5.977328054328808
18,pixels,228,0.9827586206896551,6.024240193089326
18,pixels,229,0.9870689655172413,6.071606374309866
18,pixels,230,0.9913793103448276,6.088362621481154
18,pixels,231,0.9956896551724138,6.0981019829724845
18,pixels,232,1.0,6.125795356850276
