protocol,method,seed,accepted,population,coverage,mean_delta_e00
from_ipod,copula,17,1,132,0.007575757575757576,3.3046110120610144
from_ipod,copula,17,2,132,0.015151515151515152,3.38692321564654
from_ipod,copula,17,3,132,0.022727272727272728,3.488315380139273
from_ipod,copula,17,4,132,0.030303030303030304,3.2729628061051197
from_ipod,copula,17,5,132,0.03787878787878788,3.285182988993732
from_ipod,copula,17,6,132,0.045454545454545456,3.890483760798745
from_ipod,copula,17,7,132,0.05303030303030303,3.9145267113864755
from_ipod,copula,17,8,132,0.06060606060606061,4.099697557330882
from_ipod,copula,17,9,132,0.06818181818181818,3.92462385927777
from_ipod,copula,17,10,132,0.07575757575757576,3.75825660319203
from_ipod,copula,17,11,132,0.08333333333333333,3.7834095237745715
from_ipod,copula,17,12,132,0.09090909090909091,3.723410902573074
from_ipod,copula,17,13,132,0.09848484848484848,3.8161980468905154
from_ipod,copula,17,14,132,0.10606060606060606,3.770158939253728
from_ipod,copula,17,15,132,0.11363636363636363,4.055985215546536
from_ipod,copula,17,16,132,0.12121212121212122,4.023091812097911
from_ipod,copula,17,17,132,0.12878787878787878,3.9903761677240897
from_ipod,copula,17,18,132,0.13636363636363635,4.076079562430062
from_ipod,copula,17,19,132,0.14393939393939395,4.124203656108598
from_ipod,copula,17,20,132,0.15151515151515152,4.250017438621538
from_ipod,copula,17,21,132,0.1590909090909091,4.117657848263256
from_ipod,copula,17,22,132,0.16666666666666666,4.01221005257084
from_ipod,copula,17,23,132,0.17424242424242425,4.297507711023142
from_ipod,copula,17,24,132,0.18181818181818182,4.428238343541834
from_ipod,copula,17,25,132,0.1893939393939394,4.429504687911444
from_ipod,copula,17,26,132,0.19696969696969696,4.383210772722284
from_ipod,copula,17,27,132,0.20454545454545456,4.3503729763569225
from_ipod,copula,17,28,132,0.21212121212121213,4.326792028568812
from_ipod,copula,17,29,132,0.2196969696969697,4.541511134854221
from_ipod,copula,17,30,132,0.22727272727272727,4.518955684391829
from_ipod,copula,17,31,132,0.23484848484848486,4.5619870715366355
from_ipod,copula,17,32,132,0.24242424242424243,4.489627409465326
from_ipod,copula,17,33,132,0.25,4.539828828887941
from_ipod,copula,17,34,132,0.25757575757575757,4.569637598904594
from_ipod,copula,17,35,132,0.26515151515151514,4.519785856374353
from_ipod,copula,17,36,132,0.2727272727272727,4.522812426585997
from_ipod,copula,17,37,132,0.2803030303030303,4.655892462910176
from_ipod,copula,17,38,132,0.2878787878787879,4.6197471875726
from_ipod,copula,17,39,132,0.29545454545454547,4.532629863625962
from_ipod,copula,17,40,132,0.30303030303030304,4.513970821742643
from_ipod,copula,17,41,132,0.3106060606060606,4.657520792949113
from_ipod,copula,17,42,132,0.3181818181818182,4.6287453717811395
from_ipod,copula,17,43,132,0.32575757575757575,4.709782451113653
from_ipod,copula,17,44,132,0.3333333333333333,4.727809363988801
from_ipod,copula,17,45,132,0.3409090909090909,4.655742765821061
from_ipod,copula,17,46,132,0.3484848484848485,4.623681228551649
from_ipod,copula,17,47,132,0.3560606060606061,4.65976344945669
from_ipod,copula,17,48,132,0.36363636363636365,4.664442929439288
from_ipod,copula,17,49,132,0.3712121212121212,4.836172923208099
from_ipod,copula,17,50,132,0.3787878787878788,4.871740919732542
from_ipod,copula,17,51,132,0.38636363636363635,4.962449309107858
from_ipod,copula,17,52,132,0.3939393939393939,4.9362693665067034
from_ipod,copula,17,53,132,0.4015151515151515,4.8647092523372475
from_ipod,copula,17,54,132,0.4090909090909091,5.032292924374739
from_ipod,copula,17,55,132,0.4166666666666667,5.117466314945174
from_ipod,copula,17,56,132,0.42424242424242425,5.185139764275904
from_ipod,copula,17,57,132,0.4318181818181818,5.271284659420708
from_ipod,copula,17,58,132,0.4393939393939394,5.282560598105404
from_ipod,copula,17,59,132,0.44696969696969696,5.2468410204018525
from_ipod,copula,17,60,132,0.45454545454545453,5.22665479806004
from_ipod,copula,17,61,132,0.4621212121212121,5.157158166497898
from_ipod,copula,17,62,132,0.4696969696969697,5.111918848350278
from_ipod,copula,17,63,132,0.4772727272727273,5.099677455389895
from_ipod,copula,17,64,132,0.48484848484848486,5.157356580001617
from_ipod,copula,17,65,132,0.49242424242424243,5.1071919809134
from_ipod,copula,17,66,132,0.5,5.057841897263292
from_ipod,copula,17,67,132,0.5075757575757576,5.151651163108285
from_ipod,copula,17,68,132,0.5151515151515151,5.115515386530814
from_ipod,copula,17,69,132,0.5227272727272727,5.081414052876242
from_ipod,copula,17,70,132,0.5303030303030303,5.04472341424293
from_ipod,copula,17,71,132,0.5378787878787878,5.0352191500279275
from_ipod,copula,17,72,132,0.5454545454545454,5.003762797256406
from_ipod,copula,17,73,132,0.553030303030303,5.012193745858087
from_ipod,copula,17,74,132,0.5606060606060606,4.9941416905523885
from_ipod,copula,17,75,132,0.5681818181818182,5.012418934500522
from_ipod,copula,17,76,132,0.5757575757575758,4.984498585818986
from_ipod,copula,17,77,132,0.5833333333333334,4.954559750477114
from_ipod,copula,17,78,132,0.5909090909090909,4.966404577439023
from_ipod,copula,17,79,132,0.5984848484848485,4.991301558049668
from_ipod,copula,17,80,132,0.6060606060606061,4.94021329576069
from_ipod,copula,17,81,132,0.6136363636363636,4.919053339020473
from_ipod,copula,17,82,132,0.6212121212121212,4.9242271040547285
from_ipod,copula,17,83,132,0.6287878787878788,4.895222454222839
from_ipod,copula,17,84,132,0.6363636363636364,4.898523177518657
from_ipod,copula,17,85,132,0.6439393939393939,4.872597622693816
from_ipod,copula,17,86,132,0.6515151515151515,4.888104047350837
from_ipod,copula,17,87,132,0.6590909090909091,4.888961440995445
from_ipod,copula,17,88,132,0.6666666666666666,4.933056428913302
from_ipod,copula,17,89,132,0.6742424242424242,4.939479025499408
from_ipod,copula,17,90,132,0.6818181818181818,4.944795449072735
from_ipod,copula,17,91,132,0.6893939393939394,4.936157982241621
from_ipod,copula,17,92,132,0.696969696969697,4.99522844192397
from_ipod,copula,17,93,132,0.7045454545454546,4.991523249309977
from_ipod,copula,17,94,132,0.7121212121212122,4.9874231049817315
from_ipod,copula,17,95,132,0.7196969696969697,4.971818185983745
from_ipod,copula,17,96,132,0.7272727272727273,5.02667511370374
from_ipod,copula,17,97,132,0.7348484848484849,5.036253432853582
from_ipod,copula,17,98,132,0.7424242424242424,5.041217273960831
from_ipod,copula,17,99,132,0.75,5.100784421669639
from_ipod,copula,17,100,132,0.7575757575757576,5.153364776870921
from_ipod,copula,17,101,132,0.7651515151515151,5.133299990635301
from_ipod,copula,17,102,132,0.7727272727272727,5.129199374542411
from_ipod,copula,17,103,132,0.7803030303030303,5.097621001379579
from_ipod,copula,17,104,132,0.7878787878787878,5.1264799422534315
from_ipod,copula,17,105,132,0.7954545454545454,5.197889859400705
from_ipod,copula,17,106,132,0.803030303030303,5.23095313533233
from_ipod,copula,17,107,132,0.8106060606060606,5.270792068913207
from_ipod,copula,17,108,132,0.8181818181818182,5.279854845245156
from_ipod,copula,17,109,132,0.8257575757575758,5.271991124295877
from_ipod,copula,17,110,132,0.8333333333333334,5.294595559777555
from_ipod,copula,17,111,132,0.8409090909090909,5.325162109348353
from_ipod,copula,17,112,132,0.8484848484848485,5.303572193835757
from_ipod,copula,17,113,132,0.8560606060606061,5.304105512273964
from_ipod,copula,17,114,132,0.8636363636363636,5.28683164544326
from_ipod,copula,17,115,132,0.8712121212121212,5.2489413658549555
from_ipod,copula,17,116,132,0.8787878787878788,5.227772045078019
from_ipod,copula,17,117,132,0.8863636363636364,5.205638337188798
from_ipod,copula,17,118,132,0.8939393939393939,5.196995488015439
from_ipod,copula,17,119,132,0.9015151515151515,5.266037695467304
from_ipod,copula,17,120,132,0.9090909090909091,5.280326659406488
from_ipod,copula,17,121,132,0.9166666666666666,5.277035783665057
from_ipod,copula,17,122,132,0.9242424242424242,5.303617377426681
from_ipod,copula,17,123,132,0.9318181818181818,5.310576782694077
from_ipod,copula,17,124,132,0.9393939393939394,5.294218855855265
from_ipod,copula,17,125,132,0.946969696969697,5.328334887043395
from_ipod,copula,17,126,132,0.9545454545454546,5.362093091266775
from_ipod,copula,17,127,132,0.9621212121212122,5.3684023611464715
from_ipod,copula,17,128,132,0.9696969696969697,5.384029678878502
from_ipod,copula,17,129,132,0.9772727272727273,5.3659566808031025
from_ipod,copula,17,130,132,0.9848484848484849,5.373371348750794
from_ipod,copula,17,131,132,0.9924242424242424,5.402907445610275
from_ipod,copula,17,132,132,1.0,5.378266944804489
from_ipod,copula,29,1,132,0.007575757575757576,5.917859299091791
from_ipod,copula,29,2,132,0.015151515151515152,5.368076674463035
from_ipod,copula,29,3,132,0.022727272727272728,4.260072809808402
from_ipod,copula,29,4,132,0.030303030303030304,5.539528573534976
from_ipod,copula,29,5,132,0.03787878787878788,5.2358575487299195
from_ipod,copula,29,6,132,0.045454545454545456,5.0960528810163765
from_ipod,copula,29,7,132,0.05303030303030303,5.686884384714786
from_ipod,copula,29,8,132,0.06060606060606061,5.4009997674485115
from_ipod,copula,29,9,132,0.06818181818181818,5.055367492858159
from_ipod,copula,29,10,132,0.07575757575757576,4.920711137944029
from_ipod,copula,29,11,132,0.08333333333333333,5.036957358162201
from_ipod,copula,29,12,132,0.09090909090909091,4.916577541506183
from_ipod,copula,29,13,132,0.09848484848484848,4.822644448687468
from_ipod,copula,29,14,132,0.10606060606060606,4.801635370205216
from_ipod,copula,29,15,132,0.11363636363636363,5.1673699429446796
from_ipod,copula,29,16,132,0.12121212121212122,5.112620958527034
from_ipod,copula,29,17,132,0.12878787878787878,5.146967034238819
from_ipod,copula,29,18,132,0.13636363636363635,5.270629451384808
from_ipod,copula,29,19,132,0.14393939393939395,5.188069120685808
from_ipod,copula,29,20,132,0.15151515151515152,5.195819358165316
from_ipod,copula,29,21,132,0.1590909090909091,5.643719598285306
from_ipod,copula,29,22,132,0.16666666666666666,5.704252131345147
from_ipod,copula,29,23,132,0.17424242424242425,5.675365454315199
from_ipod,copula,29,24,132,0.18181818181818182,5.580567287975314
from_ipod,copula,29,25,132,0.1893939393939394,5.422397863718777
from_ipod,copula,29,26,132,0.19696969696969696,5.3810499247303705
from_ipod,copula,29,27,132,0.20454545454545456,5.35470970874452
from_ipod,copula,29,28,132,0.21212121212121213,5.2844183342286675
from_ipod,copula,29,29,132,0.2196969696969697,5.163906064556949
from_ipod,copula,29,30,132,0.22727272727272727,5.299374335978337
from_ipod,copula,29,31,132,0.23484848484848486,5.28520217755338
from_ipod,copula,29,32,132,0.24242424242424243,5.4392481954251295
from_ipod,copula,29,33,132,0.25,5.53770963387669
from_ipod,copula,29,34,132,0.25757575757575757,5.71868118647927
from_ipod,copula,29,35,132,0.26515151515151514,5.878327741339579
from_ipod,copula,29,36,132,0.2727272727272727,5.946783166782842
from_ipod,copula,29,37,132,0.2803030303030303,5.871575111626643
from_ipod,copula,29,38,132,0.2878787878787879,5.857259654403294
from_ipod,copula,29,39,132,0.29545454545454547,5.806873241949434
from_ipod,copula,29,40,132,0.30303030303030304,5.748724564390875
from_ipod,copula,29,41,132,0.3106060606060606,5.69381784311531
from_ipod,copula,29,42,132,0.3181818181818182,5.878562113480153
from_ipod,copula,29,43,132,0.32575757575757575,5.8744250891843
from_ipod,copula,29,44,132,0.3333333333333333,5.801943981203579
from_ipod,copula,29,45,132,0.3409090909090909,5.842017511509461
from_ipod,copula,29,46,132,0.3484848484848485,5.787186571573288
from_ipod,copula,29,47,132,0.3560606060606061,5.89027734337921
from_ipod,copula,29,48,132,0.36363636363636365,6.08038320207199
from_ipod,copula,29,49,132,0.3712121212121212,6.077412331902535
from_ipod,copula,29,50,132,0.3787878787878788,6.0292276224593255
from_ipod,copula,29,51,132,0.38636363636363635,5.977164226237395
from_ipod,copula,29,52,132,0.3939393939393939,5.885601342605083
from_ipod,copula,29,53,132,0.4015151515151515,5.893729929123292
from_ipod,copula,29,54,132,0.4090909090909091,5.852272386909686
from_ipod,copula,29,55,132,0.4166666666666667,5.953157710718796
from_ipod,copula,29,56,132,0.42424242424242425,6.025020044834494
from_ipod,copula,29,57,132,0.4318181818181818,6.1970196386744565
from_ipod,copula,29,58,132,0.4393939393939394,6.281000916857258
from_ipod,copula,29,59,132,0.44696969696969696,6.3274185227034385
from_ipod,copula,29,60,132,0.45454545454545453,6.287218732279452
from_ipod,copula,29,61,132,0.4621212121212121,6.223001642195375
from_ipod,copula,29,62,132,0.4696969696969697,6.199133979499765
from_ipod,copula,29,63,132,0.4772727272727273,6.261305185613434
from_ipod,copula,29,64,132,0.48484848484848486,6.263204899924735
from_ipod,copula,29,65,132,0.49242424242424243,6.346719717560419
from_ipod,copula,29,66,132,0.5,6.295433975143555
from_ipod,copula,29,67,132,0.5075757575757576,6.26946901706459
from_ipod,copula,29,68,132,0.5151515151515151,6.292992833254514
from_ipod,copula,29,69,132,0.5227272727272727,6.34245626963043
from_ipod,copula,29,70,132,0.5303030303030303,6.279724022123506
from_ipod,copula,29,71,132,0.5378787878787878,6.2531313954726
from_ipod,copula,29,72,132,0.5454545454545454,6.273890392336748
from_ipod,copula,29,73,132,0.553030303030303,6.218807614509191
from_ipod,copula,29,74,132,0.5606060606060606,6.222708016906245
from_ipod,copula,29,75,132,0.5681818181818182,6.170503546975433
from_ipod,copula,29,76,132,0.5757575757575758,6.124103764070938
from_ipod,copula,29,77,132,0.5833333333333334,6.1855103964325036
from_ipod,copula,29,78,132,0.5909090909090909,6.1343593012061985
from_ipod,copula,29,79,132,0.5984848484848485,6.097325246214634
from_ipod,copula,29,80,132,0.6060606060606061,6.045085940722466
from_ipod,copula,29,81,132,0.6136363636363636,6.00893557972183
from_ipod,copula,29,82,132,0.6212121212121212,5.967982898785578
from_ipod,copula,29,83,132,0.6287878787878788,5.953905024370872
from_ipod,copula,29,84,132,0.6363636363636364,5.980405213614509
from_ipod,copula,29,85,132,0.6439393939393939,5.99267087167379
from_ipod,copula,29,86,132,0.6515151515151515,6.032128563885752
from_ipod,copula,29,87,132,0.6590909090909091,5.993770844156923
from_ipod,copula,29,88,132,0.6666666666666666,5.9859318885545125
from_ipod,copula,29,89,132,0.6742424242424242,6.001297088760949
from_ipod,copula,29,90,132,0.6818181818181818,5.958774808253886
from_ipod,copula,29,91,132,0.6893939393939394,5.940320068019062
from_ipod,copula,29,92,132,0.696969696969697,5.985500716790827
from_ipod,copula,29,93,132,0.7045454545454546,5.963245329925062
from_ipod,copula,29,94,132,0.7121212121212122,5.981892751030732
from_ipod,copula,29,95,132,0.7196969696969697,6.044397578363687
from_ipod,copula,29,96,132,0.7272727272727273,6.068511436330066
from_ipod,copula,29,97,132,0.7348484848484849,6.066857697122188
from_ipod,copula,29,98,132,0.7424242424242424,6.083409039321823
from_ipod,copula,29,99,132,0.75,6.132057657030302
from_ipod,copula,29,100,132,0.7575757575757576,6.11026706174266
from_ipod,copula,29,101,132,0.7651515151515151,6.08997743204093
from_ipod,copula,29,102,132,0.7727272727272727,6.09408612833383
from_ipod,copula,29,103,132,0.7803030303030303,6.153137818383524
from_ipod,copula,29,104,132,0.7878787878787878,6.127629014978883
from_ipod,copula,29,105,132,0.7954545454545454,6.195265689611541
from_ipod,copula,29,106,132,0.803030303030303,6.229128908316228
from_ipod,copula,29,107,132,0.8106060606060606,6.193325185231421
from_ipod,copula,29,108,132,0.8181818181818182,6.170380986450534
from_ipod,copula,29,109,132,0.8257575757575758,6.158781281158938
from_ipod,copula,29,110,132,0.8333333333333334,6.227567909749454
from_ipod,copula,29,111,132,0.8409090909090909,6.262547724199994
from_ipod,copula,29,112,132,0.8484848484848485,6.24532676857667
from_ipod,copula,29,113,132,0.8560606060606061,6.259429975895546
from_ipod,copula,29,114,132,0.8636363636363636,6.25918847286311
from_ipod,copula,29,115,132,0.8712121212121212,6.249117882912437
from_ipod,copula,29,116,132,0.8787878787878788,6.225900378714282
from_ipod,copula,29,117,132,0.8863636363636364,6.2173790733202905
from_ipod,copula,29,118,132,0.8939393939393939,6.1967342381137085
from_ipod,copula,29,119,132,0.9015151515151515,6.164787085203786
from_ipod,copula,29,120,132,0.9090909090909091,6.136349727975465
from_ipod,copula,29,121,132,0.9166666666666666,6.129603001681614
from_ipod,copula,29,122,132,0.9242424242424242,6.100431903603659
from_ipod,copula,29,123,132,0.9318181818181818,6.1292311787136375
from_ipod,copula,29,124,132,0.9393939393939394,6.163828531848811
from_ipod,copula,29,125,132,0.946969696969697,6.158324928775296
from_ipod,copula,29,126,132,0.9545454545454546,6.180391338784777
from_ipod,copula,29,127,132,0.9621212121212122,6.157605302415478
from_ipod,copula,29,128,132,0.9696969696969697,6.124532245535204
from_ipod,copula,29,129,132,0.9772727272727273,6.1093449864766
from_ipod,copula,29,130,132,0.9848484848484849,6.10999342271548
from_ipod,copula,29,131,132,0.9924242424242424,6.132155693014725
from_ipod,copula,29,132,132,1.0,6.10408510019482
from_ipod,copula,43,1,132,0.007575757575757576,3.6671582866207957
from_ipod,copula,43,2,132,0.015151515151515152,3.62802540491579
from_ipod,copula,43,3,132,0.022727272727272728,3.740138069438789
from_ipod,copula,43,4,132,0.030303030303030304,4.0820677976042425
from_ipod,copula,43,5,132,0.03787878787878788,3.970309757403342
from_ipod,copula,43,6,132,0.045454545454545456,4.529574289788968
from_ipod,copula,43,7,132,0.05303030303030303,4.513140177503902
from_ipod,copula,43,8,132,0.06060606060606061,4.365268779772342
from_ipod,copula,43,9,132,0.06818181818181818,4.160817465851992
from_ipod,copula,43,10,132,0.07575757575757576,4.0515181407376835
from_ipod,copula,43,11,132,0.08333333333333333,4.165567807077848
from_ipod,copula,43,12,132,0.09090909090909091,4.232145038498499
from_ipod,copula,43,13,132,0.09848484848484848,4.120600472445544
from_ipod,copula,43,14,132,0.10606060606060606,4.104712628004024
from_ipod,copula,43,15,132,0.11363636363636363,4.26839392986889
from_ipod,copula,43,16,132,0.12121212121212122,4.21118693167273
from_ipod,copula,43,17,132,0.12878787878787878,4.2950221662409405
from_ipod,copula,43,18,132,0.13636363636363635,4.253213330910279
from_ipod,copula,43,19,132,0.14393939393939395,4.286000442385024
from_ipod,copula,43,20,132,0.15151515151515152,4.1951617322989225
from_ipod,copula,43,21,132,0.1590909090909091,4.140656033179404
from_ipod,copula,43,22,132,0.16666666666666666,4.263216167222596
from_ipod,copula,43,23,132,0.17424242424242425,4.233872546791364
from_ipod,copula,43,24,132,0.18181818181818182,4.444008045789412
from_ipod,copula,43,25,132,0.1893939393939394,4.399391961172659
from_ipod,copula,43,26,132,0.19696969696969696,4.509025798390683
from_ipod,copula,43,27,132,0.20454545454545456,4.471668496493595
from_ipod,copula,43,28,132,0.21212121212121213,4.4381783333012566
from_ipod,copula,43,29,132,0.2196969696969697,4.40077944799374
from_ipod,copula,43,30,132,0.22727272727272727,4.370171573643201
from_ipod,copula,43,31,132,0.23484848484848486,4.429100030306877
from_ipod,copula,43,32,132,0.24242424242424243,4.5309740440948465
from_ipod,copula,43,33,132,0.25,4.5538090987209205
from_ipod,copula,43,34,132,0.25757575757575757,4.52520120651047
from_ipod,copula,43,35,132,0.26515151515151514,4.439622041295846
from_ipod,copula,43,36,132,0.2727272727272727,4.42737328601246
from_ipod,copula,43,37,132,0.2803030303030303,4.516955824792247
from_ipod,copula,43,38,132,0.2878787878787879,4.5425288404912205
from_ipod,copula,43,39,132,0.29545454545454547,4.5220396786784285
from_ipod,copula,43,40,132,0.30303030303030304,4.456915868924165
from_ipod,copula,43,41,132,0.3106060606060606,4.547924250598936
from_ipod,copula,43,42,132,0.3181818181818182,4.524413711624925
from_ipod,copula,43,43,132,0.32575757575757575,4.58780257936392
from_ipod,copula,43,44,132,0.3333333333333333,4.550493726059754
from_ipod,copula,43,45,132,0.3409090909090909,4.702668436280532
from_ipod,copula,43,46,132,0.3484848484848485,4.723626216249478
from_ipod,copula,43,47,132,0.3560606060606061,4.692233673255784
from_ipod,copula,43,48,132,0.36363636363636365,4.622162750912306
from_ipod,copula,43,49,132,0.3712121212121212,4.550632410342518
from_ipod,copula,43,50,132,0.3787878787878788,4.573946000871578
from_ipod,copula,43,51,132,0.38636363636363635,4.603163035844238
from_ipod,copula,43,52,132,0.3939393939393939,4.675584815926481
from_ipod,copula,43,53,132,0.4015151515151515,4.68979346773927
from_ipod,copula,43,54,132,0.4090909090909091,4.642578903466094
from_ipod,copula,43,55,132,0.4166666666666667,4.810833043839401
from_ipod,copula,43,56,132,0.42424242424242425,4.779384882257682
from_ipod,copula,43,57,132,0.4318181818181818,4.882986343927576
from_ipod,copula,43,58,132,0.4393939393939394,4.961161341830054
from_ipod,copula,43,59,132,0.44696969696969696,4.955587970492787
from_ipod,copula,43,60,132,0.45454545454545453,5.0109764917134765
from_ipod,copula,43,61,132,0.4621212121212121,5.002956318416631
from_ipod,copula,43,62,132,0.4696969696969697,4.973831662016164
from_ipod,copula,43,63,132,0.4772727272727273,5.036032230083887
from_ipod,copula,43,64,132,0.48484848484848486,4.989630902526983
from_ipod,copula,43,65,132,0.49242424242424243,4.977465354814702
from_ipod,copula,43,66,132,0.5,4.93688694915688
from_ipod,copula,43,67,132,0.5075757575757576,4.907523676325672
from_ipod,copula,43,68,132,0.5151515151515151,4.87014200900213
from_ipod,copula,43,69,132,0.5227272727272727,4.951253349683845
from_ipod,copula,43,70,132,0.5303030303030303,4.952324810091207
from_ipod,copula,43,71,132,0.5378787878787878,4.9371070791852665
from_ipod,copula,43,72,132,0.5454545454545454,4.9337152941300015
from_ipod,copula,43,73,132,0.553030303030303,4.910650794648121
from_ipod,copula,43,74,132,0.5606060606060606,4.968851207395266
from_ipod,copula,43,75,132,0.5681818181818182,4.962638621429374
from_ipod,copula,43,76,132,0.5757575757575758,4.9788112130798865
from_ipod,copula,43,77,132,0.5833333333333334,4.979908792642674
from_ipod,copula,43,78,132,0.5909090909090909,4.9417720610879945
from_ipod,copula,43,79,132,0.5984848484848485,4.913449802172337
from_ipod,copula,43,80,132,0.6060606060606061,4.8691992499188235
from_ipod,copula,43,81,132,0.6136363636363636,4.829288423352168
from_ipod,copula,43,82,132,0.6212121212121212,4.850090579987827
from_ipod,copula,43,83,132,0.6287878787878788,4.852101115039815
from_ipod,copula,43,84,132,0.6363636363636364,4.826854530075202
from_ipod,copula,43,85,132,0.6439393939393939,4.836711977473572
from_ipod,copula,43,86,132,0.6515151515151515,4.834452395087187
from_ipod,copula,43,87,132,0.6590909090909091,4.8156672951018695
from_ipod,copula,43,88,132,0.6666666666666666,4.827938404864022
from_ipod,copula,43,89,132,0.6742424242424242,4.872439464485111
from_ipod,copula,43,90,132,0.6818181818181818,4.879655545198732
from_ipod,copula,43,91,132,0.6893939393939394,4.865001320408318
from_ipod,copula,43,92,132,0.696969696969697,4.854774966707722
from_ipod,copula,43,93,132,0.7045454545454546,4.855363951304572
from_ipod,copula,43,94,132,0.7121212121212122,4.8499677121318205
from_ipod,copula,43,95,132,0.7196969696969697,4.856768164204986
from_ipod,copula,43,96,132,0.7272727272727273,4.8377917206470995
from_ipod,copula,43,97,132,0.7348484848484849,4.901627380432964
from_ipod,copula,43,98,132,0.7424242424242424,4.910245013888995
from_ipod,copula,43,99,132,0.75,4.976882844008853
from_ipod,copula,43,100,132,0.7575757575757576,5.023111244798137
from_ipod,copula,43,101,132,0.7651515151515151,5.039668839020127
from_ipod,copula,43,102,132,0.7727272727272727,5.00985811304977
from_ipod,copula,43,103,132,0.7803030303030303,5.055687894052541
from_ipod,copula,43,104,132,0.7878787878787878,5.107626710457311
from_ipod,copula,43,105,132,0.7954545454545454,5.111566098555738
from_ipod,copula,43,106,132,0.803030303030303,5.093677143535312
from_ipod,copula,43,107,132,0.8106060606060606,5.130881048997587
from_ipod,copula,43,108,132,0.8181818181818182,5.152437105552651
from_ipod,copula,43,109,132,0.8257575757575758,5.1894471205687305
from_ipod,copula,43,110,132,0.8333333333333334,5.223994300021156
from_ipod,copula,43,111,132,0.8409090909090909,5.200049221364033
from_ipod,copula,43,112,132,0.8484848484848485,5.185080254964673
from_ipod,copula,43,113,132,0.8560606060606061,5.1861327536837
from_ipod,copula,43,114,132,0.8636363636363636,5.161706995692296
from_ipod,copula,43,115,132,0.8712121212121212,5.176675747579833
from_ipod,copula,43,116,132,0.8787878787878788,5.153630425633584
from_ipod,copula,43,117,132,0.8863636363636364,5.1488028072609895
from_ipod,copula,43,118,132,0.8939393939393939,5.180140421697784
from_ipod,copula,43,119,132,0.9015151515151515,5.159366745661447
from_ipod,copula,43,120,132,0.9090909090909091,5.1425408162563055
from_ipod,copula,43,121,132,0.9166666666666666,5.134003905036168
from_ipod,copula,43,122,132,0.9242424242424242,5.2069401175494665
from_ipod,copula,43,123,132,0.9318181818181818,5.194582486398365
from_ipod,copula,43,124,132,0.9393939393939394,5.225612514096648
from_ipod,copula,43,125,132,0.946969696969697,5.215966563483179
from_ipod,copula,43,126,132,0.9545454545454546,5.251184119474008
from_ipod,copula,43,127,132,0.9621212121212122,5.26542863222224
from_ipod,copula,43,128,132,0.9696969696969697,5.245707254720439
from_ipod,copula,43,129,132,0.9772727272727273,5.243712284106709
from_ipod,copula,43,130,132,0.9848484848484849,5.257576134784315
from_ipod,copula,43,131,132,0.9924242424242424,5.254611529003597
from_ipod,copula,43,132,132,1.0,5.228333397628432
from_ipod,none,17,1,132,0.007575757575757576,4.239351648570725
from_ipod,none,17,2,132,0.015151515151515152,3.734165506811297
from_ipod,none,17,3,132,0.022727272727272728,3.8872447625047535
from_ipod,none,17,4,132,0.030303030303030304,5.044266395873116
from_ipod,none,17,5,132,0.03787878787878788,4.503612151436519
from_ipod,none,17,6,132,0.045454545454545456,4.18223919212211
from_ipod,none,17,7,132,0.05303030303030303,3.873923282310149
from_ipod,none,17,8,132,0.06060606060606061,4.015128413253761
from_ipod,none,17,9,132,0.06818181818181818,4.179828032571732
from_ipod,none,17,10,132,0.07575757575757576,4.219505343502229
from_ipod,none,17,11,132,0.08333333333333333,4.142736193570915
from_ipod,none,17,12,132,0.09090909090909091,3.993059278965895
from_ipod,none,17,13,132,0.09848484848484848,3.9245749222990307
from_ipod,none,17,14,132,0.10606060606060606,4.130319901856568
from_ipod,none,17,15,132,0.11363636363636363,4.317716464507731
from_ipod,none,17,16,132,0.12121212121212122,4.274973778865127
from_ipod,none,17,17,132,0.12878787878787878,4.459080044282015
from_ipod,none,17,18,132,0.13636363636363635,4.558836310028959
from_ipod,none,17,19,132,0.14393939393939395,4.575997493694403
from_ipod,none,17,20,132,0.15151515151515152,4.59575810030771
from_ipod,none,17,21,132,0.1590909090909091,4.508694527728541
from_ipod,none,17,22,132,0.16666666666666666,4.3976662646007405
from_ipod,none,17,23,132,0.17424242424242425,4.266956239638697
from_ipod,none,17,24,132,0.18181818181818182,4.243103675155563
from_ipod,none,17,25,132,0.1893939393939394,4.301067179352822
from_ipod,none,17,26,132,0.19696969696969696,4.312642473626241
from_ipod,none,17,27,132,0.20454545454545456,4.3908825996543355
from_ipod,none,17,28,132,0.21212121212121213,4.413076247370414
from_ipod,none,17,29,132,0.2196969696969697,4.352213203780528
from_ipod,none,17,30,132,0.22727272727272727,4.4002825705444915
from_ipod,none,17,31,132,0.23484848484848486,4.520168897366264
from_ipod,none,17,32,132,0.24242424242424243,4.486637602691623
from_ipod,none,17,33,132,0.25,4.409450834658202
from_ipod,none,17,34,132,0.25757575757575757,4.449975437685668
from_ipod,none,17,35,132,0.26515151515151514,4.4798718631616925
from_ipod,none,17,36,132,0.2727272727272727,4.497094358226574
from_ipod,none,17,37,132,0.2803030303030303,4.5041310884384
from_ipod,none,17,38,132,0.2878787878787879,4.560126105070508
from_ipod,none,17,39,132,0.29545454545454547,4.483436073828498
from_ipod,none,17,40,132,0.30303030303030304,4.545645207101179
from_ipod,none,17,41,132,0.3106060606060606,4.620295112107897
from_ipod,none,17,42,132,0.3181818181818182,4.64582734315637
from_ipod,none,17,43,132,0.32575757575757575,4.65869844272973
from_ipod,none,17,44,132,0.3333333333333333,4.596358897852436
from_ipod,none,17,45,132,0.3409090909090909,4.611671175069436
from_ipod,none,17,46,132,0.3484848484848485,4.66063666492782
from_ipod,none,17,47,132,0.3560606060606061,4.691976306835535
from_ipod,none,17,48,132,0.36363636363636365,4.659757009803356
from_ipod,none,17,49,132,0.3712121212121212,4.7210200940694875
from_ipod,none,17,50,132,0.3787878787878788,4.825949139887226
from_ipod,none,17,51,132,0.38636363636363635,4.9298813389155836
from_ipod,none,17,52,132,0.3939393939393939,4.970617552756488
from_ipod,none,17,53,132,0.4015151515151515,4.940483157595968
from_ipod,none,17,54,132,0.4090909090909091,4.972160857932543
from_ipod,none,17,55,132,0.4166666666666667,5.071215268696644
from_ipod,none,17,56,132,0.42424242424242425,5.050897701510486
from_ipod,none,17,57,132,0.4318181818181818,5.017367748956656
from_ipod,none,17,58,132,0.4393939393939394,5.063405321888259
from_ipod,none,17,59,132,0.44696969696969696,5.045824166705053
from_ipod,none,17,60,132,0.45454545454545453,5.162377358922812
from_ipod,none,17,61,132,0.4621212121212121,5.17491705970691
from_ipod,none,17,62,132,0.4696969696969697,5.163644162039974
from_ipod,none,17,63,132,0.4772727272727273,5.151166011930324
from_ipod,none,17,64,132,0.48484848484848486,5.245925904510116
from_ipod,none,17,65,132,0.49242424242424243,5.221932359608079
from_ipod,none,17,66,132,0.5,5.214272892924228
from_ipod,none,17,67,132,0.5075757575757576,5.263808560618942
from_ipod,none,17,68,132,0.5151515151515151,5.306497430900974
from_ipod,none,17,69,132,0.5227272727272727,5.315961007769181
from_ipod,none,17,70,132,0.5303030303030303,5.322667853782709
from_ipod,none,17,71,132,0.5378787878787878,5.323392606949784
from_ipod,none,17,72,132,0.5454545454545454,5.3290678237106475
from_ipod,none,17,73,132,0.553030303030303,5.3581931891953465
from_ipod,none,17,74,132,0.5606060606060606,5.339008145911025
from_ipod,none,17,75,132,0.5681818181818182,5.365123142464928
from_ipod,none,17,76,132,0.5757575757575758,5.313233010506456
from_ipod,none,17,77,132,0.5833333333333334,5.40134556209499
from_ipod,none,17,78,132,0.5909090909090909,5.42771689854416
from_ipod,none,17,79,132,0.5984848484848485,5.424945979893312
from_ipod,none,17,80,132,0.6060606060606061,5.407140682999984
from_ipod,none,17,81,132,0.6136363636363636,5.472113301159791
from_ipod,none,17,82,132,0.6212121212121212,5.430922251287423
from_ipod,none,17,83,132,0.6287878787878788,5.435571435809052
from_ipod,none,17,84,132,0.6363636363636364,5.443856547583589
from_ipod,none,17,85,132,0.6439393939393939,5.448334818432902
from_ipod,none,17,86,132,0.6515151515151515,5.45109449697589
from_ipod,none,17,87,132,0.6590909090909091,5.469292172155823
from_ipod,none,17,88,132,0.6666666666666666,5.500737506246071
from_ipod,none,17,89,132,0.6742424242424242,5.514546510489112
from_ipod,none,17,90,132,0.6818181818181818,5.524376104686114
from_ipod,none,17,91,132,0.6893939393939394,5.5498268864770335
from_ipod,none,17,92,132,0.696969696969697,5.540182926119147
from_ipod,none,17,93,132,0.7045454545454546,5.535184243716441
from_ipod,none,17,94,132,0.7121212121212122,5.561757126669765
from_ipod,none,17,95,132,0.7196969696969697,5.580572107210776
from_ipod,none,17,96,132,0.7272727272727273,5.578159920418391
from_ipod,none,17,97,132,0.7348484848484849,5.597664543567128
from_ipod,none,17,98,132,0.7424242424242424,5.609518549586331
from_ipod,none,17,99,132,0.75,5.625112759350459
from_ipod,none,17,100,132,0.7575757575757576,5.622288393799295
from_ipod,none,17,101,132,0.7651515151515151,5.639553249019785
from_ipod,none,17,102,132,0.7727272727272727,5.681193328295197
from_ipod,none,17,103,132,0.7803030303030303,5.675742746507913
from_ipod,none,17,104,132,0.7878787878787878,5.701947005783284
from_ipod,none,17,105,132,0.7954545454545454,5.702265923171355
from_ipod,none,17,106,132,0.803030303030303,5.757471521787599
from_ipod,none,17,107,132,0.8106060606060606,5.778613555204831
from_ipod,none,17,108,132,0.8181818181818182,5.783546221266102
from_ipod,none,17,109,132,0.8257575757575758,5.809154439286055
from_ipod,none,17,110,132,0.8333333333333334,5.797872858089929
from_ipod,none,17,111,132,0.8409090909090909,5.810815875133815
from_ipod,none,17,112,132,0.8484848484848485,5.83018235796257
from_ipod,none,17,113,132,0.8560606060606061,5.837836448114476
from_ipod,none,17,114,132,0.8636363636363636,5.847109113665841
from_ipod,none,17,115,132,0.8712121212121212,5.841432596169015
from_ipod,none,17,116,132,0.8787878787878788,5.824291453937886
from_ipod,none,17,117,132,0.8863636363636364,5.852548723799646
from_ipod,none,17,118,132,0.8939393939393939,5.854466509795843
from_ipod,none,17,119,132,0.9015151515151515,5.8835472831471884
from_ipod,none,17,120,132,0.9090909090909091,5.870208219564348
from_ipod,none,17,121,132,0.9166666666666666,5.858443418698044
from_ipod,none,17,122,132,0.9242424242424242,5.8618595702328165
from_ipod,none,17,123,132,0.9318181818181818,5.864170307540762
from_ipod,none,17,124,132,0.9393939393939394,5.880247191413671
from_ipod,none,17,125,132,0.946969696969697,5.891154109510798
from_ipod,none,17,126,132,0.9545454545454546,5.871705431780227
from_ipod,none,17,127,132,0.9621212121212122,5.860382327191756
from_ipod,none,17,128,132,0.9696969696969697,5.881269803763307
from_ipod,none,17,129,132,0.9772727272727273,5.885755332132032
from_ipod,none,17,130,132,0.9848484848484849,5.8764425623347565
from_ipod,none,17,131,132,0.9924242424242424,5.883423321556611
from_ipod,none,17,132,132,1.0,5.861099055344688
from_ipod,none,29,1,132,0.007575757575757576,5.037309730461612
from_ipod,none,29,2,132,0.015151515151515152,5.2122937169281185
from_ipod,none,29,3,132,0.022727272727272728,5.767524715098364
from_ipod,none,29,4,132,0.030303030303030304,5.9519673758747125
from_ipod,none,29,5,132,0.03787878787878788,5.371748687125172
from_ipod,none,29,6,132,0.045454545454545456,5.219216941093311
from_ipod,none,29,7,132,0.05303030303030303,4.923412853741577
from_ipod,none,29,8,132,0.06060606060606061,5.652383929898417
from_ipod,none,29,9,132,0.06818181818181818,5.589339800719355
from_ipod,none,29,10,132,0.07575757575757576,5.409501246898153
from_ipod,none,29,11,132,0.08333333333333333,5.149111563920044
from_ipod,none,29,12,132,0.09090909090909091,4.887274871492944
from_ipod,none,29,13,132,0.09848484848484848,4.849808129707165
from_ipod,none,29,14,132,0.10606060606060606,4.934680200124101
from_ipod,none,29,15,132,0.11363636363636363,4.821524996358073
from_ipod,none,29,16,132,0.12121212121212122,4.635140454530487
from_ipod,none,29,17,132,0.12878787878787878,4.559923807809895
from_ipod,none,29,18,132,0.13636363636363635,4.6469333963814785
from_ipod,none,29,19,132,0.14393939393939395,4.623698744867552
from_ipod,none,29,20,132,0.15151515151515152,4.666004075762763
from_ipod,none,29,21,132,0.1590909090909091,4.709093041314842
from_ipod,none,29,22,132,0.16666666666666666,4.617918410654209
from_ipod,none,29,23,132,0.17424242424242425,4.545338105468213
from_ipod,none,29,24,132,0.18181818181818182,4.536728926113712
from_ipod,none,29,25,132,0.1893939393939394,4.589319718788767
from_ipod,none,29,26,132,0.19696969696969696,4.634786477070513
from_ipod,none,29,27,132,0.20454545454545456,4.633819311157916
from_ipod,none,29,28,132,0.21212121212121213,4.631437084902037
from_ipod,none,29,29,132,0.2196969696969697,4.680127045518635
from_ipod,none,29,30,132,0.22727272727272727,4.649640326613943
from_ipod,none,29,31,132,0.23484848484848486,4.574162630093349
from_ipod,none,29,32,132,0.24242424242424243,4.628853748254945
from_ipod,none,29,33,132,0.25,4.6945130211655535
from_ipod,none,29,34,132,0.25757575757575757,4.714715953575672
from_ipod,none,29,35,132,0.26515151515151514,4.691864878779156
from_ipod,none,29,36,132,0.2727272727272727,4.79472893977377
from_ipod,none,29,37,132,0.2803030303030303,4.826817535056432
from_ipod,none,29,38,132,0.2878787878787879,4.828839841676245
from_ipod,none,29,39,132,0.29545454545454547,4.847623419561139
from_ipod,none,29,40,132,0.30303030303030304,4.8075912251481085
from_ipod,none,29,41,132,0.3106060606060606,4.82883838296716
from_ipod,none,29,42,132,0.3181818181818182,4.835359598188662
from_ipod,none,29,43,132,0.32575757575757575,4.8640725236950155
from_ipod,none,29,44,132,0.3333333333333333,4.845023207006382
from_ipod,none,29,45,132,0.3409090909090909,4.761251976066103
from_ipod,none,29,46,132,0.3484848484848485,4.874764617404528
from_ipod,none,29,47,132,0.3560606060606061,4.817196765018534
from_ipod,none,29,48,132,0.36363636363636365,4.751470464571088
from_ipod,none,29,49,132,0.3712121212121212,4.729907716796237
from_ipod,none,29,50,132,0.3787878787878788,4.816892375674934
from_ipod,none,29,51,132,0.38636363636363635,4.904500259657487
from_ipod,none,29,52,132,0.3939393939393939,4.938285867991725
from_ipod,none,29,53,132,0.4015151515151515,4.9827378659296455
from_ipod,none,29,54,132,0.4090909090909091,5.0163646557521
from_ipod,none,29,55,132,0.4166666666666667,5.037217362148631
from_ipod,none,29,56,132,0.42424242424242425,5.115694140790674
from_ipod,none,29,57,132,0.4318181818181818,5.241612256282948
from_ipod,none,29,58,132,0.4393939393939394,5.2379494011843
from_ipod,none,29,59,132,0.44696969696969696,5.208186476456979
from_ipod,none,29,60,132,0.45454545454545453,5.3281738808633605
from_ipod,none,29,61,132,0.4621212121212121,5.3092970645169775
from_ipod,none,29,62,132,0.4696969696969697,5.404308842385368
from_ipod,none,29,63,132,0.4772727272727273,5.37765643984975
from_ipod,none,29,64,132,0.48484848484848486,5.357680410286782
from_ipod,none,29,65,132,0.49242424242424243,5.29919442678765
from_ipod,none,29,66,132,0.5,5.299857209337646
from_ipod,none,29,67,132,0.5075757575757576,5.307945556086287
from_ipod,none,29,68,132,0.5151515151515151,5.301446501121074
from_ipod,none,29,69,132,0.5227272727272727,5.3473907200466275
from_ipod,none,29,70,132,0.5303030303030303,5.388955992414609
from_ipod,none,29,71,132,0.5378787878787878,5.411770135323794
from_ipod,none,29,72,132,0.5454545454545454,5.435114448639941
from_ipod,none,29,73,132,0.553030303030303,5.512316460775346
from_ipod,none,29,74,132,0.5606060606060606,5.527619601169934
from_ipod,none,29,75,132,0.5681818181818182,5.539204335204953
from_ipod,none,29,76,132,0.5757575757575758,5.506731999496055
from_ipod,none,29,77,132,0.5833333333333334,5.52179895428062
from_ipod,none,29,78,132,0.5909090909090909,5.475953867820838
from_ipod,none,29,79,132,0.5984848484848485,5.474037603957059
from_ipod,none,29,80,132,0.6060606060606061,5.47072161619062
from_ipod,none,29,81,132,0.6136363636363636,5.490789335307009
from_ipod,none,29,82,132,0.6212121212121212,5.477592471307452
from_ipod,none,29,83,132,0.6287878787878788,5.457334502730375
from_ipod,none,29,84,132,0.6363636363636364,5.488777180873443
from_ipod,none,29,85,132,0.6439393939393939,5.516921186232116
from_ipod,none,29,86,132,0.6515151515151515,5.48055970413927
from_ipod,none,29,87,132,0.6590909090909091,5.484095382716883
from_ipod,none,29,88,132,0.6666666666666666,5.497700581874074
from_ipod,none,29,89,132,0.6742424242424242,5.515438904972266
from_ipod,none,29,90,132,0.6818181818181818,5.532263441061654
from_ipod,none,29,91,132,0.6893939393939394,5.545057773519782
from_ipod,none,29,92,132,0.696969696969697,5.552450875972191
from_ipod,none,29,93,132,0.7045454545454546,5.552522406722493
from_ipod,none,29,94,132,0.7121212121212122,5.563040748728551
from_ipod,none,29,95,132,0.7196969696969697,5.589190410032577
from_ipod,none,29,96,132,0.7272727272727273,5.584101294456378
from_ipod,none,29,97,132,0.7348484848484849,5.548401809837231
from_ipod,none,29,98,132,0.7424242424242424,5.575043635703591
from_ipod,none,29,99,132,0.75,5.599340947345295
from_ipod,none,29,100,132,0.7575757575757576,5.592377212121651
from_ipod,none,29,101,132,0.7651515151515151,5.607508671178718
from_ipod,none,29,102,132,0.7727272727272727,5.629252241507558
from_ipod,none,29,103,132,0.7803030303030303,5.631545472542542
from_ipod,none,29,104,132,0.7878787878787878,5.6572830629006425
from_ipod,none,29,105,132,0.7954545454545454,5.642944040311818
from_ipod,none,29,106,132,0.803030303030303,5.697748870621164
from_ipod,none,29,107,132,0.8106060606060606,5.68951792925005
from_ipod,none,29,108,132,0.8181818181818182,5.723914305085346
from_ipod,none,29,109,132,0.8257575757575758,5.726073721336421
from_ipod,none,29,110,132,0.8333333333333334,5.710285308874086
from_ipod,none,29,111,132,0.8409090909090909,5.741703183349277
from_ipod,none,29,112,132,0.8484848484848485,5.744531628127625
from_ipod,none,29,113,132,0.8560606060606061,5.750344881546718
from_ipod,none,29,114,132,0.8636363636363636,5.7363235799081895
from_ipod,none,29,115,132,0.8712121212121212,5.77261643604025
from_ipod,none,29,116,132,0.8787878787878788,5.779102777435657
from_ipod,none,29,117,132,0.8863636363636364,5.7975468156843695
from_ipod,none,29,118,132,0.8939393939393939,5.823346129895576
from_ipod,none,29,119,132,0.9015151515151515,5.846066904029915
from_ipod,none,29,120,132,0.9090909090909091,5.864028789168155
from_ipod,none,29,121,132,0.9166666666666666,5.861959381016616
from_ipod,none,29,122,132,0.9242424242424242,5.871244552897998
from_ipod,none,29,123,132,0.9318181818181818,5.87903748423248
from_ipod,none,29,124,132,0.9393939393939394,5.852851401794378
from_ipod,none,29,125,132,0.946969696969697,5.85379297048979
from_ipod,none,29,126,132,0.9545454545454546,5.852163895894046
from_ipod,none,29,127,132,0.9621212121212122,5.839341384141416
from_ipod,none,29,128,132,0.9696969696969697,5.852861806283154
from_ipod,none,29,129,132,0.9772727272727273,5.853263512716546
from_ipod,none,29,130,132,0.9848484848484849,5.837925435049849
from_ipod,none,29,131,132,0.9924242424242424,5.842861879804457
from_ipod,none,29,132,132,1.0,5.813830192488107
from_ipod,none,43,1,132,0.007575757575757576,5.451209139452697
from_ipod,none,43,2,132,0.015151515151515152,6.167834161448596
from_ipod,none,43,3,132,0.022727272727272728,6.499530965658198
from_ipod,none,43,4,132,0.030303030303030304,5.668859994562914
from_ipod,none,43,5,132,0.03787878787878788,5.343526083123708
from_ipod,none,43,6,132,0.045454545454545456,5.4994009236956325
from_ipod,none,43,7,132,0.05303030303030303,5.22087097472486
from_ipod,none,43,8,132,0.06060606060606061,5.101693420026887
from_ipod,none,43,9,132,0.06818181818181818,5.058440405140978
from_ipod,none,43,10,132,0.07575757575757576,5.027005394451341
from_ipod,none,43,11,132,0.08333333333333333,4.8221966697910865
from_ipod,none,43,12,132,0.09090909090909091,4.751389855032094
from_ipod,none,43,13,132,0.09848484848484848,4.903232338826654
from_ipod,none,43,14,132,0.10606060606060606,4.730944788694572
from_ipod,none,43,15,132,0.11363636363636363,4.83817674261233
from_ipod,none,43,16,132,0.12121212121212122,4.829979211968098
from_ipod,none,43,17,132,0.12878787878787878,4.984589810341204
from_ipod,none,43,18,132,0.13636363636363635,4.94041257104041
from_ipod,none,43,19,132,0.14393939393939395,4.8423587198122515
from_ipod,none,43,20,132,0.15151515151515152,4.8693567251586565
from_ipod,none,43,21,132,0.1590909090909091,4.76935062238424
from_ipod,none,43,22,132,0.16666666666666666,4.8173809225024815
from_ipod,none,43,23,132,0.17424242424242425,4.856107346714565
from_ipod,none,43,24,132,0.18181818181818182,4.773036158377992
from_ipod,none,43,25,132,0.1893939393939394,4.886049928358532
from_ipod,none,43,26,132,0.19696969696969696,4.877493006617553
from_ipod,none,43,27,132,0.20454545454545456,4.9962702110409465
from_ipod,none,43,28,132,0.21212121212121213,5.031541465480612
from_ipod,none,43,29,132,0.2196969696969697,4.953457407349751
from_ipod,none,43,30,132,0.22727272727272727,4.995630934702867
from_ipod,none,43,31,132,0.23484848484848486,5.025368540027753
from_ipod,none,43,32,132,0.24242424242424243,5.087141375587862
from_ipod,none,43,33,132,0.25,5.14015745286175
from_ipod,none,43,34,132,0.25757575757575757,5.078901246211963
from_ipod,none,43,35,132,0.26515151515151514,5.188342763357979
from_ipod,none,43,36,132,0.2727272727272727,5.1515292206584835
from_ipod,none,43,37,132,0.2803030303030303,5.10939446283541
from_ipod,none,43,38,132,0.2878787878787879,5.279611240313123
from_ipod,none,43,39,132,0.29545454545454547,5.315997744354521
from_ipod,none,43,40,132,0.30303030303030304,5.289346593308294
from_ipod,none,43,41,132,0.3106060606060606,5.203043226937734
from_ipod,none,43,42,132,0.3181818181818182,5.232137034458274
from_ipod,none,43,43,132,0.32575757575757575,5.173898721839215
from_ipod,none,43,44,132,0.3333333333333333,5.19754850769154
from_ipod,none,43,45,132,0.3409090909090909,5.255491680921892
from_ipod,none,43,46,132,0.3484848484848485,5.279818609099115
from_ipod,none,43,47,132,0.3560606060606061,5.235916473011512
from_ipod,none,43,48,132,0.36363636363636365,5.366167155875547
from_ipod,none,43,49,132,0.3712121212121212,5.376223124485186
from_ipod,none,43,50,132,0.3787878787878788,5.359211173946004
from_ipod,none,43,51,132,0.38636363636363635,5.4161334672198755
from_ipod,none,43,52,132,0.3939393939393939,5.539743252533843
from_ipod,none,43,53,132,0.4015151515151515,5.5395858101734285
from_ipod,none,43,54,132,0.4090909090909091,5.682768104328129
from_ipod,none,43,55,132,0.4166666666666667,5.7373901667118234
from_ipod,none,43,56,132,0.42424242424242425,5.78061592949279
from_ipod,none,43,57,132,0.4318181818181818,5.746028409427473
from_ipod,none,43,58,132,0.4393939393939394,5.735108925833845
from_ipod,none,43,59,132,0.44696969696969696,5.756583478839318
from_ipod,none,43,60,132,0.45454545454545453,5.776362925191902
from_ipod,none,43,61,132,0.4621212121212121,5.872616893538647
from_ipod,none,43,62,132,0.4696969696969697,5.859930318200814
from_ipod,none,43,63,132,0.4772727272727273,5.817883267817044
from_ipod,none,43,64,132,0.48484848484848486,5.828322179151269
from_ipod,none,43,65,132,0.49242424242424243,5.793476465997976
from_ipod,none,43,66,132,0.5,5.813019908854752
from_ipod,none,43,67,132,0.5075757575757576,5.799179862578349
from_ipod,none,43,68,132,0.5151515151515151,5.752086548635781
from_ipod,none,43,69,132,0.5227272727272727,5.763101037182653
from_ipod,none,43,70,132,0.5303030303030303,5.7839624765821585
from_ipod,none,43,71,132,0.5378787878787878,5.803454016593973
from_ipod,none,43,72,132,0.5454545454545454,5.835878044326657
from_ipod,none,43,73,132,0.553030303030303,5.862845436783864
from_ipod,none,43,74,132,0.5606060606060606,5.936929628943418
from_ipod,none,43,75,132,0.5681818181818182,5.917397888000935
from_ipod,none,43,76,132,0.5757575757575758,5.9300578870475515
from_ipod,none,43,77,132,0.5833333333333334,5.974922167000695
from_ipod,none,43,78,132,0.5909090909090909,6.024214377181266
from_ipod,none,43,79,132,0.5984848484848485,6.028402934684359
from_ipod,none,43,80,132,0.6060606060606061,6.048157560104668
from_ipod,none,43,81,132,0.6136363636363636,6.049366001151561
from_ipod,none,43,82,132,0.6212121212121212,6.032502455877148
from_ipod,none,43,83,132,0.6287878787878788,6.1212293555625354
from_ipod,none,43,84,132,0.6363636363636364,6.145878485723493
from_ipod,none,43,85,132,0.6439393939393939,6.144392974085166
from_ipod,none,43,86,132,0.6515151515151515,6.165140874350038
from_ipod,none,43,87,132,0.6590909090909091,6.181088960530354
from_ipod,none,43,88,132,0.6666666666666666,6.196013387407114
from_ipod,none,43,89,132,0.6742424242424242,6.2312055393741215
from_ipod,none,43,90,132,0.6818181818181818,6.238636858377414
from_ipod,none,43,91,132,0.6893939393939394,6.192452305766157
from_ipod,none,43,92,132,0.696969696969697,6.207377253051236
from_ipod,none,43,93,132,0.7045454545454546,6.2217411061402155
from_ipod,none,43,94,132,0.7121212121212122,6.2136045733650365
from_ipod,none,43,95,132,0.7196969696969697,6.227910924420474
from_ipod,none,43,96,132,0.7272727272727273,6.215272307603922
from_ipod,none,43,97,132,0.7348484848484849,6.226161066026792
from_ipod,none,43,98,132,0.7424242424242424,6.245219498568379
from_ipod,none,43,99,132,0.75,6.26062918588748
from_ipod,none,43,100,132,0.7575757575757576,6.270960656675777
from_ipod,none,43,101,132,0.7651515151515151,6.307789344905828
from_ipod,none,43,102,132,0.7727272727272727,6.306504173778203
from_ipod,none,43,103,132,0.7803030303030303,6.301505816313733
from_ipod,none,43,104,132,0.7878787878787878,6.294838248941781
from_ipod,none,43,105,132,0.7954545454545454,6.286263977071094
from_ipod,none,43,106,132,0.803030303030303,6.281505736949763
from_ipod,none,43,107,132,0.8106060606060606,6.276275967249814
from_ipod,none,43,108,132,0.8181818181818182,6.32239196570501
from_ipod,none,43,109,132,0.8257575757575758,6.339344641455051
from_ipod,none,43,110,132,0.8333333333333334,6.325899721174389
from_ipod,none,43,111,132,0.8409090909090909,6.33760574017597
from_ipod,none,43,112,132,0.8484848484848485,6.354061276813224
from_ipod,none,43,113,132,0.8560606060606061,6.36827833338996
from_ipod,none,43,114,132,0.8636363636363636,6.359799997535414
from_ipod,none,43,115,132,0.8712121212121212,6.356289274051609
from_ipod,none,43,116,132,0.8787878787878788,6.338519169434665
from_ipod,none,43,117,132,0.8863636363636364,6.335988200246017
from_ipod,none,43,118,132,0.8939393939393939,6.335761561181459
from_ipod,none,43,119,132,0.9015151515151515,6.317646980379102
from_ipod,none,43,120,132,0.9090909090909091,6.335702126194333
from_ipod,none,43,121,132,0.9166666666666666,6.333243833035288
from_ipod,none,43,122,132,0.9242424242424242,6.362703978010685
from_ipod,none,43,123,132,0.9318181818181818,6.364397430529794
from_ipod,none,43,124,132,0.9393939393939394,6.346207294255917
from_ipod,none,43,125,132,0.946969696969697,6.318951602354907
from_ipod,none,43,126,132,0.9545454545454546,6.303049200271855
from_ipod,none,43,127,132,0.9621212121212122,6.322508427886559
from_ipod,none,43,128,132,0.9696969696969697,6.329292541713471
from_ipod,none,43,129,132,0.9772727272727273,6.336839645474418
from_ipod,none,43,130,132,0.9848484848484849,6.317128626562725
from_ipod,none,43,131,132,0.9924242424242424,6.32590107381738
from_ipod,none,43,132,132,1.0,6.2942981146678205
from_ipod,rank_only,17,1,132,0.007575757575757576,6.54211589481837
from_ipod,rank_only,17,2,132,0.015151515151515152,4.408119200526345
from_ipod,rank_only,17,3,132,0.022727272727272728,5.256194676614906
from_ipod,rank_only,17,4,132,0.030303030303030304,5.6374485314821845
from_ipod,rank_only,17,5,132,0.03787878787878788,4.883728878325258
from_ipod,rank_only,17,6,132,0.045454545454545456,4.510680683810636
from_ipod,rank_only,17,7,132,0.05303030303030303,4.349687117269887
from_ipod,rank_only,17,8,132,0.06060606060606061,4.151457470929084
from_ipod,rank_only,17,9,132,0.06818181818181818,4.35522209356642
from_ipod,rank_only,17,10,132,0.07575757575757576,4.253437295417973
from_ipod,rank_only,17,11,132,0.08333333333333333,3.9505419941098294
from_ipod,rank_only,17,12,132,0.09090909090909091,3.7875750369055154
from_ipod,rank_only,17,13,132,0.09848484848484848,3.9980019370111486
from_ipod,rank_only,17,14,132,0.10606060606060606,4.393440622055377
from_ipod,rank_only,17,15,132,0.11363636363636363,4.331607336234486
from_ipod,rank_only,17,16,132,0.12121212121212122,4.286312563019599
from_ipod,rank_only,17,17,132,0.12878787878787878,4.406539516459109
from_ipod,rank_only,17,18,132,0.13636363636363635,4.252600217110339
from_ipod,rank_only,17,19,132,0.14393939393939395,4.251968004458195
from_ipod,rank_only,17,20,132,0.15151515151515152,4.1729941814385105
from_ipod,rank_only,17,21,132,0.1590909090909091,4.245695211378042
from_ipod,rank_only,17,22,132,0.16666666666666666,4.227587092361262
from_ipod,rank_only,17,23,132,0.17424242424242425,4.296364921969982
from_ipod,rank_only,17,24,132,0.18181818181818182,4.235320128688463
from_ipod,rank_only,17,25,132,0.1893939393939394,4.293763325483952
from_ipod,rank_only,17,26,132,0.19696969696969696,4.181309222555826
from_ipod,rank_only,17,27,132,0.20454545454545456,4.1503330286753615
from_ipod,rank_only,17,28,132,0.21212121212121213,4.166517656984227
from_ipod,rank_only,17,29,132,0.2196969696969697,4.206787295462313
from_ipod,rank_only,17,30,132,0.22727272727272727,4.183065039278655
from_ipod,rank_only,17,31,132,0.23484848484848486,4.14251676400942
from_ipod,rank_only,17,32,132,0.24242424242424243,4.134767020812211
from_ipod,rank_only,17,33,132,0.25,4.228549377037816
from_ipod,rank_only,17,34,132,0.25757575757575757,4.295581220737111
from_ipod,rank_only,17,35,132,0.26515151515151514,4.322849342925738
from_ipod,rank_only,17,36,132,0.2727272727272727,4.2750720026762705
from_ipod,rank_only,17,37,132,0.2803030303030303,4.251116583698641
from_ipod,rank_only,17,38,132,0.2878787878787879,4.380042757274674
from_ipod,rank_only,17,39,132,0.29545454545454547,4.3661199339353285
from_ipod,rank_only,17,40,132,0.30303030303030304,4.498400683672313
from_ipod,rank_only,17,41,132,0.3106060606060606,4.629490163502586
from_ipod,rank_only,17,42,132,0.3181818181818182,4.624382536601051
from_ipod,rank_only,17,43,132,0.32575757575757575,4.802709244403939
from_ipod,rank_only,17,44,132,0.3333333333333333,4.80344285579853
from_ipod,rank_only,17,45,132,0.3409090909090909,4.796534798303786
from_ipod,rank_only,17,46,132,0.3484848484848485,5.071396073449972
from_ipod,rank_only,17,47,132,0.3560606060606061,5.023452461460155
from_ipod,rank_only,17,48,132,0.36363636363636365,5.053158442652145
from_ipod,rank_only,17,49,132,0.3712121212121212,5.058426595861353
from_ipod,rank_only,17,50,132,0.3787878787878788,5.122901328841848
from_ipod,rank_only,17,51,132,0.38636363636363635,5.109957144535797
from_ipod,rank_only,17,52,132,0.3939393939393939,5.090218181191896
from_ipod,rank_only,17,53,132,0.4015151515151515,5.138191628173862
from_ipod,rank_only,17,54,132,0.4090909090909091,5.190208778523248
from_ipod,rank_only,17,55,132,0.4166666666666667,5.157986159921406
from_ipod,rank_only,17,56,132,0.42424242424242425,5.229179233579827
from_ipod,rank_only,17,57,132,0.4318181818181818,5.198829214899579
from_ipod,rank_only,17,58,132,0.4393939393939394,5.175048458664104
from_ipod,rank_only,17,59,132,0.44696969696969696,5.1897378562470795
from_ipod,rank_only,17,60,132,0.45454545454545453,5.187514621078309
from_ipod,rank_only,17,61,132,0.4621212121212121,5.199272107853125
from_ipod,rank_only,17,62,132,0.4696969696969697,5.17178187593779
from_ipod,rank_only,17,63,132,0.4772727272727273,5.188751867891542
from_ipod,rank_only,17,64,132,0.48484848484848486,5.167500641604709
from_ipod,rank_only,17,65,132,0.49242424242424243,5.202705662920702
from_ipod,rank_only,17,66,132,0.5,5.147504661889104
from_ipod,rank_only,17,67,132,0.5075757575757576,5.103940050476343
from_ipod,rank_only,17,68,132,0.5151515151515151,5.119877825912266
from_ipod,rank_only,17,69,132,0.5227272727272727,5.187662361277535
from_ipod,rank_only,17,70,132,0.5303030303030303,5.199249846532093
from_ipod,rank_only,17,71,132,0.5378787878787878,5.1981643634620145
from_ipod,rank_only,17,72,132,0.5454545454545454,5.2297703497581045
from_ipod,rank_only,17,73,132,0.553030303030303,5.211507793929119
from_ipod,rank_only,17,74,132,0.5606060606060606,5.2577480521119915
from_ipod,rank_only,17,75,132,0.5681818181818182,5.247255068495279
from_ipod,rank_only,17,76,132,0.5757575757575758,5.366371610080068
from_ipod,rank_only,17,77,132,0.5833333333333334,5.342237564335318
from_ipod,rank_only,17,78,132,0.5909090909090909,5.326732269454039
from_ipod,rank_only,17,79,132,0.5984848484848485,5.407330810050474
from_ipod,rank_only,17,80,132,0.6060606060606061,5.428805227510537
from_ipod,rank_only,17,81,132,0.6136363636363636,5.410227210018431
from_ipod,rank_only,17,82,132,0.6212121212121212,5.510527916188552
from_ipod,rank_only,17,83,132,0.6287878787878788,5.459613747099342
from_ipod,rank_only,17,84,132,0.6363636363636364,5.45834173215993
from_ipod,rank_only,17,85,132,0.6439393939393939,5.508197946980906
from_ipod,rank_only,17,86,132,0.6515151515151515,5.5004483050039
from_ipod,rank_only,17,87,132,0.6590909090909091,5.462718931067284
from_ipod,rank_only,17,88,132,0.6666666666666666,5.512453638590295
from_ipod,rank_only,17,89,132,0.6742424242424242,5.527974452107001
from_ipod,rank_only,17,90,132,0.6818181818181818,5.56572592841029
from_ipod,rank_only,17,91,132,0.6893939393939394,5.677394650197233
from_ipod,rank_only,17,92,132,0.696969696969697,5.643465087051448
from_ipod,rank_only,17,93,132,0.7045454545454546,5.602875327582923
from_ipod,rank_only,17,94,132,0.7121212121212122,5.592375275088667
from_ipod,rank_only,17,95,132,0.7196969696969697,5.594270021180661
from_ipod,rank_only,17,96,132,0.7272727272727273,5.581427345507937
from_ipod,rank_only,17,97,132,0.7348484848484849,5.632619568840574
from_ipod,rank_only,17,98,132,0.7424242424242424,5.604337387284147
from_ipod,rank_only,17,99,132,0.75,5.628196807639518
from_ipod,rank_only,17,100,132,0.7575757575757576,5.616996320650081
from_ipod,rank_only,17,101,132,0.7651515151515151,5.664129814577594
from_ipod,rank_only,17,102,132,0.7727272727272727,5.711011533858822
from_ipod,rank_only,17,103,132,0.7803030303030303,5.675040945131889
from_ipod,rank_only,17,104,132,0.7878787878787878,5.645133736652398
from_ipod,rank_only,17,105,132,0.7954545454545454,5.641052879020068
from_ipod,rank_only,17,106,132,0.803030303030303,5.721833083399092
from_ipod,rank_only,17,107,132,0.8106060606060606,5.748597210930219
from_ipod,rank_only,17,108,132,0.8181818181818182,5.810102787818833
from_ipod,rank_only,17,109,132,0.8257575757575758,5.784051681118068
from_ipod,rank_only,17,110,132,0.8333333333333334,5.798842158326828
from_ipod,rank_only,17,111,132,0.8409090909090909,5.808817134461586
from_ipod,rank_only,17,112,132,0.8484848484848485,5.802838214889634
from_ipod,rank_only,17,113,132,0.8560606060606061,5.828399846148523
from_ipod,rank_only,17,114,132,0.8636363636363636,5.83237440201934
from_ipod,rank_only,17,115,132,0.8712121212121212,5.803585838862677
from_ipod,rank_only,17,116,132,0.8787878787878788,5.779779255550655
from_ipod,rank_only,17,117,132,0.8863636363636364,5.841682613783884
from_ipod,rank_only,17,118,132,0.8939393939393939,5.833566044982079
from_ipod,rank_only,17,119,132,0.9015151515151515,5.8208783778370945
from_ipod,rank_only,17,120,132,0.9090909090909091,5.818002936099476
from_ipod,rank_only,17,121,132,0.9166666666666666,5.8014384534024765
from_ipod,rank_only,17,122,132,0.9242424242424242,5.7938770492586205
from_ipod,rank_only,17,123,132,0.9318181818181818,5.841058925134818
from_ipod,rank_only,17,124,132,0.9393939393939394,5.8867464024631335
from_ipod,rank_only,17,125,132,0.946969696969697,5.892628331007729
from_ipod,rank_only,17,126,132,0.9545454545454546,5.891022943344934
from_ipod,rank_only,17,127,132,0.9621212121212122,5.914484357215691
from_ipod,rank_only,17,128,132,0.9696969696969697,5.933892586141656
from_ipod,rank_only,17,129,132,0.9772727272727273,5.996488505139973
from_ipod,rank_only,17,130,132,0.9848484848484849,6.064920194453802
from_ipod,rank_only,17,131,132,0.9924242424242424,6.078483382241203
from_ipod,rank_only,17,132,132,1.0,6.133454609148714
from_ipod,rank_only,29,1,132,0.007575757575757576,13.468044611424137
from_ipod,rank_only,29,2,132,0.015151515151515152,9.783682219403314
from_ipod,rank_only,29,3,132,0.022727272727272728,7.5755154054842215
from_ipod,rank_only,29,4,132,0.030303030303030304,7.124391947871972
from_ipod,rank_only,29,5,132,0.03787878787878788,6.965621063244527
from_ipod,rank_only,29,6,132,0.045454545454545456,6.454748640507911
from_ipod,rank_only,29,7,132,0.05303030303030303,6.63080453015118
from_ipod,rank_only,29,8,132,0.06060606060606061,6.247250130821795
from_ipod,rank_only,29,9,132,0.06818181818181818,6.227084566623698
from_ipod,rank_only,29,10,132,0.07575757575757576,5.974888147096018
from_ipod,rank_only,29,11,132,0.08333333333333333,5.765127040948197
from_ipod,rank_only,29,12,132,0.09090909090909091,5.859965411527953
from_ipod,rank_only,29,13,132,0.09848484848484848,5.628617788126821
from_ipod,rank_only,29,14,132,0.10606060606060606,5.395635206470362
from_ipod,rank_only,29,15,132,0.11363636363636363,5.555329412943295
from_ipod,rank_only,29,16,132,0.12121212121212122,5.448174801002268
from_ipod,rank_only,29,17,132,0.12878787878787878,5.535786518995377
from_ipod,rank_only,29,18,132,0.13636363636363635,5.473432829904052
from_ipod,rank_only,29,19,132,0.14393939393939395,5.417213521967542
from_ipod,rank_only,29,20,132,0.15151515151515152,5.674817947308595
from_ipod,rank_only,29,21,132,0.1590909090909091,5.529891322635848
from_ipod,rank_only,29,22,132,0.16666666666666666,5.650904995953059
from_ipod,rank_only,29,23,132,0.17424242424242425,5.911869205796582
from_ipod,rank_only,29,24,132,0.18181818181818182,5.961941633065979
from_ipod,rank_only,29,25,132,0.1893939393939394,5.940580819433499
from_ipod,rank_only,29,26,132,0.19696969696969696,6.10485549132155
from_ipod,rank_only,29,27,132,0.20454545454545456,6.172600073149888
from_ipod,rank_only,29,28,132,0.21212121212121213,6.336285851933134
from_ipod,rank_only,29,29,132,0.2196969696969697,6.30378343557007
from_ipod,rank_only,29,30,132,0.22727272727272727,6.279635333163025
from_ipod,rank_only,29,31,132,0.23484848484848486,6.177249170817551
from_ipod,rank_only,29,32,132,0.24242424242424243,6.123757544764697
from_ipod,rank_only,29,33,132,0.25,6.141611188855317
from_ipod,rank_only,29,34,132,0.25757575757575757,6.1347776471437365
from_ipod,rank_only,29,35,132,0.26515151515151514,6.137726697927732
from_ipod,rank_only,29,36,132,0.2727272727272727,6.12293197586401
from_ipod,rank_only,29,37,132,0.2803030303030303,6.071761377494114
from_ipod,rank_only,29,38,132,0.2878787878787879,6.067373906916882
from_ipod,rank_only,29,39,132,0.29545454545454547,6.022111042029342
from_ipod,rank_only,29,40,132,0.30303030303030304,6.021697197352344
from_ipod,rank_only,29,41,132,0.3106060606060606,5.96062757816801
from_ipod,rank_only,29,42,132,0.3181818181818182,6.038534404230955
from_ipod,rank_only,29,43,132,0.32575757575757575,6.0810191027160725
from_ipod,rank_only,29,44,132,0.3333333333333333,6.197181740082402
from_ipod,rank_only,29,45,132,0.3409090909090909,6.1124356825502195
from_ipod,rank_only,29,46,132,0.3484848484848485,6.086218673253531
from_ipod,rank_only,29,47,132,0.3560606060606061,6.074012292587553
from_ipod,rank_only,29,48,132,0.36363636363636365,6.046127533281822
from_ipod,rank_only,29,49,132,0.3712121212121212,5.993507939286192
from_ipod,rank_only,29,50,132,0.3787878787878788,5.976690602131452
from_ipod,rank_only,29,51,132,0.38636363636363635,5.933542178431292
from_ipod,rank_only,29,52,132,0.3939393939393939,5.865572683964656
from_ipod,rank_only,29,53,132,0.4015151515151515,5.922715616224471
from_ipod,rank_only,29,54,132,0.4090909090909091,5.850794941338919
from_ipod,rank_only,29,55,132,0.4166666666666667,5.929755145710356
from_ipod,rank_only,29,56,132,0.42424242424242425,5.970718703039958
from_ipod,rank_only,29,57,132,0.4318181818181818,6.00700065382743
from_ipod,rank_only,29,58,132,0.4393939393939394,5.98630942624954
from_ipod,rank_only,29,59,132,0.44696969696969696,5.953147703847249
from_ipod,rank_only,29,60,132,0.45454545454545453,5.924288990410122
from_ipod,rank_only,29,61,132,0.4621212121212121,6.072118518627646
from_ipod,rank_only,29,62,132,0.4696969696969697,6.059713544565483
from_ipod,rank_only,29,63,132,0.4772727272727273,5.992086775540459
from_ipod,rank_only,29,64,132,0.48484848484848486,5.9755894591837295
from_ipod,rank_only,29,65,132,0.49242424242424243,5.971833685945742
from_ipod,rank_only,29,66,132,0.5,5.988806648423394
from_ipod,rank_only,29,67,132,0.5075757575757576,5.992100112625283
from_ipod,rank_only,29,68,132,0.5151515151515151,5.987320458098791
from_ipod,rank_only,29,69,132,0.5227272727272727,5.955553556636655
from_ipod,rank_only,29,70,132,0.5303030303030303,5.909117169173992
from_ipod,rank_only,29,71,132,0.5378787878787878,5.924315570455354
from_ipod,rank_only,29,72,132,0.5454545454545454,5.86730861593056
from_ipod,rank_only,29,73,132,0.553030303030303,5.854847675209259
from_ipod,rank_only,29,74,132,0.5606060606060606,5.885146717296592
from_ipod,rank_only,29,75,132,0.5681818181818182,5.951728171064756
from_ipod,rank_only,29,76,132,0.5757575757575758,5.900253732034403
from_ipod,rank_only,29,77,132,0.5833333333333334,5.846529354778167
from_ipod,rank_only,29,78,132,0.5909090909090909,5.843115056634228
from_ipod,rank_only,29,79,132,0.5984848484848485,5.804120474203955
from_ipod,rank_only,29,80,132,0.6060606060606061,5.816227146944604
from_ipod,rank_only,29,81,132,0.6136363636363636,5.835218864734974
from_ipod,rank_only,29,82,132,0.6212121212121212,5.818839269349636
from_ipod,rank_only,29,83,132,0.6287878787878788,5.9443646276528845
from_ipod,rank_only,29,84,132,0.6363636363636364,5.954455466073475
from_ipod,rank_only,29,85,132,0.6439393939393939,5.977280666746945
from_ipod,rank_only,29,86,132,0.6515151515151515,6.063914951331101
from_ipod,rank_only,29,87,132,0.6590909090909091,6.094876017747915
from_ipod,rank_only,29,88,132,0.6666666666666666,6.062193064595888
from_ipod,rank_only,29,89,132,0.6742424242424242,6.042342266243897
from_ipod,rank_only,29,90,132,0.6818181818181818,6.011475906792295
from_ipod,rank_only,29,91,132,0.6893939393939394,5.973783784597322
from_ipod,rank_only,29,92,132,0.696969696969697,6.0112874830472585
from_ipod,rank_only,29,93,132,0.7045454545454546,6.04604830640771
from_ipod,rank_only,29,94,132,0.7121212121212122,6.027244987645023
from_ipod,rank_only,29,95,132,0.7196969696969697,6.01279076797397
from_ipod,rank_only,29,96,132,0.7272727272727273,6.013468653866247
from_ipod,rank_only,29,97,132,0.7348484848484849,5.978167123424575
from_ipod,rank_only,29,98,132,0.7424242424242424,5.971258212164289
from_ipod,rank_only,29,99,132,0.75,5.949812737552297
from_ipod,rank_only,29,100,132,0.7575757575757576,5.9998236158748295
from_ipod,rank_only,29,101,132,0.7651515151515151,5.986363670206514
from_ipod,rank_only,29,102,132,0.7727272727272727,5.9950120752842055
from_ipod,rank_only,29,103,132,0.7803030303030303,5.978234544642981
from_ipod,rank_only,29,104,132,0.7878787878787878,5.979297486342432
from_ipod,rank_only,29,105,132,0.7954545454545454,6.059443185538774
from_ipod,rank_only,29,106,132,0.803030303030303,6.060915117885088
from_ipod,rank_only,29,107,132,0.8106060606060606,6.041770117262506
from_ipod,rank_only,29,108,132,0.8181818181818182,6.050512575419999
from_ipod,rank_only,29,109,132,0.8257575757575758,6.104651927458874
from_ipod,rank_only,29,110,132,0.8333333333333334,6.085146881266087
from_ipod,rank_only,29,111,132,0.8409090909090909,6.119067121840475
from_ipod,rank_only,29,112,132,0.8484848484848485,6.113053801643388
from_ipod,rank_only,29,113,132,0.8560606060606061,6.1018988304338135
from_ipod,rank_only,29,114,132,0.8636363636363636,6.083943720550996
from_ipod,rank_only,29,115,132,0.8712121212121212,6.067757592258534
from_ipod,rank_only,29,116,132,0.8787878787878788,6.116607762459204
from_ipod,rank_only,29,117,132,0.8863636363636364,6.1445442304028255
from_ipod,rank_only,29,118,132,0.8939393939393939,6.126180401577999
from_ipod,rank_only,29,119,132,0.9015151515151515,6.114373921360481
from_ipod,rank_only,29,120,132,0.9090909090909091,6.112300087133901
from_ipod,rank_only,29,121,132,0.9166666666666666,6.096626754425398
from_ipod,rank_only,29,122,132,0.9242424242424242,6.107334867048277
from_ipod,rank_only,29,123,132,0.9318181818181818,6.114466541756307
from_ipod,rank_only,29,124,132,0.9393939393939394,6.1980570515675675
from_ipod,rank_only,29,125,132,0.946969696969697,6.2307498587667824
from_ipod,rank_only,29,126,132,0.9545454545454546,6.205942260800406
from_ipod,rank_only,29,127,132,0.9621212121212122,6.2934102885698975
from_ipod,rank_only,29,128,132,0.9696969696969697,6.344119874629167
from_ipod,rank_only,29,129,132,0.9772727272727273,6.3540799464395255
from_ipod,rank_only,29,130,132,0.9848484848484849,6.356769530228231
from_ipod,rank_only,29,131,132,0.9924242424242424,6.428106010565669
from_ipod,rank_only,29,132,132,1.0,6.518291244888164
from_ipod,rank_only,43,1,132,0.007575757575757576,14.652023755411754
from_ipod,rank_only,43,2,132,0.015151515151515152,8.647741685736822
from_ipod,rank_only,43,3,132,0.022727272727272728,6.360753440949522
from_ipod,rank_only,43,4,132,0.030303030303030304,6.238847197887507
from_ipod,rank_only,43,5,132,0.03787878787878788,6.292754632769335
from_ipod,rank_only,43,6,132,0.045454545454545456,5.972826125334983
from_ipod,rank_only,43,7,132,0.05303030303030303,5.344470985219681
from_ipod,rank_only,43,8,132,0.06060606060606061,5.92122583460589
from_ipod,rank_only,43,9,132,0.06818181818181818,5.885164390926864
from_ipod,rank_only,43,10,132,0.07575757575757576,5.577737611923375
from_ipod,rank_only,43,11,132,0.08333333333333333,5.295020281498736
from_ipod,rank_only,43,12,132,0.09090909090909091,5.502956035274386
from_ipod,rank_only,43,13,132,0.09848484848484848,5.827685602023346
from_ipod,rank_only,43,14,132,0.10606060606060606,5.664884251593122
from_ipod,rank_only,43,15,132,0.11363636363636363,5.415797732522725
from_ipod,rank_only,43,16,132,0.12121212121212122,5.338023570489144
from_ipod,rank_only,43,17,132,0.12878787878787878,5.280823705284581
from_ipod,rank_only,43,18,132,0.13636363636363635,5.155483917761046
from_ipod,rank_only,43,19,132,0.14393939393939395,5.072307984067786
from_ipod,rank_only,43,20,132,0.15151515151515152,5.265962212287741
from_ipod,rank_only,43,21,132,0.1590909090909091,5.254687585473492
from_ipod,rank_only,43,22,132,0.16666666666666666,5.272211075630481
from_ipod,rank_only,43,23,132,0.17424242424242425,5.496468202465609
from_ipod,rank_only,43,24,132,0.18181818181818182,5.397578657574008
from_ipod,rank_only,43,25,132,0.1893939393939394,5.347384597033301
from_ipod,rank_only,43,26,132,0.19696969696969696,5.42167446539012
from_ipod,rank_only,43,27,132,0.20454545454545456,5.254770012019291
from_ipod,rank_only,43,28,132,0.21212121212121213,5.221437478247607
from_ipod,rank_only,43,29,132,0.2196969696969697,5.278276673033302
from_ipod,rank_only,43,30,132,0.22727272727272727,5.258705332077821
from_ipod,rank_only,43,31,132,0.23484848484848486,5.166380769895648
from_ipod,rank_only,43,32,132,0.24242424242424243,5.077564475502942
from_ipod,rank_only,43,33,132,0.25,5.11435426545319
from_ipod,rank_only,43,34,132,0.25757575757575757,5.083301504357351
from_ipod,rank_only,43,35,132,0.26515151515151514,5.020536796209995
from_ipod,rank_only,43,36,132,0.2727272727272727,5.075875971062369
from_ipod,rank_only,43,37,132,0.2803030303030303,5.075540061573286
from_ipod,rank_only,43,38,132,0.2878787878787879,5.051782503986547
from_ipod,rank_only,43,39,132,0.29545454545454547,5.0318763632990064
from_ipod,rank_only,43,40,132,0.30303030303030304,5.022634486292477
from_ipod,rank_only,43,41,132,0.3106060606060606,4.9863005437390715
from_ipod,rank_only,43,42,132,0.3181818181818182,4.952272999158213
from_ipod,rank_only,43,43,132,0.32575757575757575,5.00936383183161
from_ipod,rank_only,43,44,132,0.3333333333333333,4.99437619098405
from_ipod,rank_only,43,45,132,0.3409090909090909,5.108651301560102
from_ipod,rank_only,43,46,132,0.3484848484848485,5.118790811337055
from_ipod,rank_only,43,47,132,0.3560606060606061,5.265005261397857
from_ipod,rank_only,43,48,132,0.36363636363636365,5.257341603836216
from_ipod,rank_only,43,49,132,0.3712121212121212,5.238301113294623
from_ipod,rank_only,43,50,132,0.3787878787878788,5.150487414041659
from_ipod,rank_only,43,51,132,0.38636363636363635,5.152940470581247
from_ipod,rank_only,43,52,132,0.3939393939393939,5.235395527703456
from_ipod,rank_only,43,53,132,0.4015151515151515,5.40596362851576
from_ipod,rank_only,43,54,132,0.4090909090909091,5.479533903539415
from_ipod,rank_only,43,55,132,0.4166666666666667,5.4828569586514435
from_ipod,rank_only,43,56,132,0.42424242424242425,5.4421010107670265
from_ipod,rank_only,43,57,132,0.4318181818181818,5.385827489539671
from_ipod,rank_only,43,58,132,0.4393939393939394,5.42959506464757
from_ipod,rank_only,43,59,132,0.44696969696969696,5.373723185734038
from_ipod,rank_only,43,60,132,0.45454545454545453,5.325120482708911
from_ipod,rank_only,43,61,132,0.4621212121212121,5.309036542666379
from_ipod,rank_only,43,62,132,0.4696969696969697,5.298469219377555
from_ipod,rank_only,43,63,132,0.4772727272727273,5.353887955144975
from_ipod,rank_only,43,64,132,0.48484848484848486,5.329827085072513
from_ipod,rank_only,43,65,132,0.49242424242424243,5.354936741255379
from_ipod,rank_only,43,66,132,0.5,5.391452594251068
from_ipod,rank_only,43,67,132,0.5075757575757576,5.387639143353147
from_ipod,rank_only,43,68,132,0.5151515151515151,5.365566435281046
from_ipod,rank_only,43,69,132,0.5227272727272727,5.299418741088264
from_ipod,rank_only,43,70,132,0.5303030303030303,5.275738732590594
from_ipod,rank_only,43,71,132,0.5378787878787878,5.247995286307747
from_ipod,rank_only,43,72,132,0.5454545454545454,5.264795543749311
from_ipod,rank_only,43,73,132,0.553030303030303,5.266651201748563
from_ipod,rank_only,43,74,132,0.5606060606060606,5.219151612762201
from_ipod,rank_only,43,75,132,0.5681818181818182,5.273566289302102
from_ipod,rank_only,43,76,132,0.5757575757575758,5.227783501660621
from_ipod,rank_only,43,77,132,0.5833333333333334,5.201139525633641
from_ipod,rank_only,43,78,132,0.5909090909090909,5.183308399839209
from_ipod,rank_only,43,79,132,0.5984848484848485,5.195813449442296
from_ipod,rank_only,43,80,132,0.6060606060606061,5.1734182388978365
from_ipod,rank_only,43,81,132,0.6136363636363636,5.132170826826614
from_ipod,rank_only,43,82,132,0.6212121212121212,5.210436156519627
from_ipod,rank_only,43,83,132,0.6287878787878788,5.2479008163429395
from_ipod,rank_only,43,84,132,0.6363636363636364,5.251579777273873
from_ipod,rank_only,43,85,132,0.6439393939393939,5.239568062609235
from_ipod,rank_only,43,86,132,0.6515151515151515,5.2408496198815895
from_ipod,rank_only,43,87,132,0.6590909090909091,5.23242850023711
from_ipod,rank_only,43,88,132,0.6666666666666666,5.290558798362603
from_ipod,rank_only,43,89,132,0.6742424242424242,5.26706342218844
from_ipod,rank_only,43,90,132,0.6818181818181818,5.266048557157176
from_ipod,rank_only,43,91,132,0.6893939393939394,5.261254147707395
from_ipod,rank_only,43,92,132,0.696969696969697,5.367807702893446
from_ipod,rank_only,43,93,132,0.7045454545454546,5.337117442192086
from_ipod,rank_only,43,94,132,0.7121212121212122,5.323969564051778
from_ipod,rank_only,43,95,132,0.7196969696969697,5.290697394199437
from_ipod,rank_only,43,96,132,0.7272727272727273,5.297828827315377
from_ipod,rank_only,43,97,132,0.7348484848484849,5.264782525721327
from_ipod,rank_only,43,98,132,0.7424242424242424,5.287185306214796
from_ipod,rank_only,43,99,132,0.75,5.248066335055948
from_ipod,rank_only,43,100,132,0.7575757575757576,5.30858592394296
from_ipod,rank_only,43,101,132,0.7651515151515151,5.347486687183786
from_ipod,rank_only,43,102,132,0.7727272727272727,5.360192941842452
from_ipod,rank_only,43,103,132,0.7803030303030303,5.329516070934563
from_ipod,rank_only,43,104,132,0.7878787878787878,5.355742351338322
from_ipod,rank_only,43,105,132,0.7954545454545454,5.343120590168196
from_ipod,rank_only,43,106,132,0.803030303030303,5.336434007281778
from_ipod,rank_only,43,107,132,0.8106060606060606,5.300317360792918
from_ipod,rank_only,43,108,132,0.8181818181818182,5.317643834742934
from_ipod,rank_only,43,109,132,0.8257575757575758,5.295751800734186
from_ipod,rank_only,43,110,132,0.8333333333333334,5.297002406869352
from_ipod,rank_only,43,111,132,0.8409090909090909,5.294055954685848
from_ipod,rank_only,43,112,132,0.8484848484848485,5.321582526960296
from_ipod,rank_only,43,113,132,0.8560606060606061,5.30634894250549
from_ipod,rank_only,43,114,132,0.8636363636363636,5.343245102838282
from_ipod,rank_only,43,115,132,0.8712121212121212,5.3599497237910345
from_ipod,rank_only,43,116,132,0.8787878787878788,5.416496990453386
from_ipod,rank_only,43,117,132,0.8863636363636364,5.430164614728816
from_ipod,rank_only,43,118,132,0.8939393939393939,5.4801471171093
from_ipod,rank_only,43,119,132,0.9015151515151515,5.506158433123118
from_ipod,rank_only,43,120,132,0.9090909090909091,5.502458945874973
from_ipod,rank_only,43,121,132,0.9166666666666666,5.529108232843792
from_ipod,rank_only,43,122,132,0.9242424242424242,5.5395035365330525
from_ipod,rank_only,43,123,132,0.9318181818181818,5.577953922082596
from_ipod,rank_only,43,124,132,0.9393939393939394,5.573077328831574
from_ipod,rank_only,43,125,132,0.946969696969697,5.570873184645484
from_ipod,rank_only,43,126,132,0.9545454545454546,5.599038078472914
from_ipod,rank_only,43,127,132,0.9621212121212122,5.678971324644189
from_ipod,rank_only,43,128,132,0.9696969696969697,5.691253843827134
from_ipod,rank_only,43,129,132,0.9772727272727273,5.695602397475443
from_ipod,rank_only,43,130,132,0.9848484848484849,5.7862055575122024
from_ipod,rank_only,43,131,132,0.9924242424242424,5.860284608338992
from_ipod,rank_only,43,132,132,1.0,5.9443675780403575
from_ipod,rgb_hist,17,1,132,0.007575757575757576,28.57295146598267
from_ipod,rgb_hist,17,2,132,0.015151515151515152,18.453766264437167
from_ipod,rgb_hist,17,3,132,0.022727272727272728,21.09869056959786
from_ipod,rgb_hist,17,4,132,0.030303030303030304,17.594992949585862
from_ipod,rgb_hist,17,5,132,0.03787878787878788,18.81698580409131
from_ipod,rgb_hist,17,6,132,0.045454545454545456,17.864390974011485
from_ipod,rgb_hist,17,7,132,0.05303030303030303,18.175985969568128
from_ipod,rgb_hist,17,8,132,0.06060606060606061,16.96136234622276
from_ipod,rgb_hist,17,9,132,0.06818181818181818,15.55352227418124
from_ipod,rgb_hist,17,10,132,0.07575757575757576,14.557790545605846
from_ipod,rgb_hist,17,11,132,0.08333333333333333,14.773369415154649
from_ipod,rgb_hist,17,12,132,0.09090909090909091,14.75709165416046
from_ipod,rgb_hist,17,13,132,0.09848484848484848,14.426571600969256
from_ipod,rgb_hist,17,14,132,0.10606060606060606,14.227091647971097
from_ipod,rgb_hist,17,15,132,0.11363636363636363,13.972377460593009
from_ipod,rgb_hist,17,16,132,0.12121212121212122,13.815731708799666
from_ipod,rgb_hist,17,17,132,0.12878787878787878,13.480248971616488
from_ipod,rgb_hist,17,18,132,0.13636363636363635,13.20395923682439
from_ipod,rgb_hist,17,19,132,0.14393939393939395,13.399440435720946
from_ipod,rgb_hist,17,20,132,0.15151515151515152,13.34574433633017
from_ipod,rgb_hist,17,21,132,0.1590909090909091,13.220350236296238
from_ipod,rgb_hist,17,22,132,0.16666666666666666,13.079558322491918
from_ipod,rgb_hist,17,23,132,0.17424242424242425,13.08857268123427
from_ipod,rgb_hist,17,24,132,0.18181818181818182,12.880893835879725
from_ipod,rgb_hist,17,25,132,0.1893939393939394,12.68027626416876
from_ipod,rgb_hist,17,26,132,0.19696969696969696,12.596114379723865
from_ipod,rgb_hist,17,27,132,0.20454545454545456,12.331085575325627
from_ipod,rgb_hist,17,28,132,0.21212121212121213,12.168285251772918
from_ipod,rgb_hist,17,29,132,0.2196969696969697,11.928636143273408
from_ipod,rgb_hist,17,30,132,0.22727272727272727,11.726109300730558
from_ipod,rgb_hist,17,31,132,0.23484848484848486,11.652280323807545
from_ipod,rgb_hist,17,32,132,0.24242424242424243,11.88524872863396
from_ipod,rgb_hist,17,33,132,0.25,11.825551243348022
from_ipod,rgb_hist,17,34,132,0.25757575757575757,11.627364789574814
from_ipod,rgb_hist,17,35,132,0.26515151515151514,11.509400244167608
from_ipod,rgb_hist,17,36,132,0.2727272727272727,11.49175104277068
from_ipod,rgb_hist,17,37,132,0.2803030303030303,11.442810945971653
from_ipod,rgb_hist,17,38,132,0.2878787878787879,11.474105929565534
from_ipod,rgb_hist,17,39,132,0.29545454545454547,11.27556296263751
from_ipod,rgb_hist,17,40,132,0.30303030303030304,11.284382719190187
from_ipod,rgb_hist,17,41,132,0.3106060606060606,11.192131647159364
from_ipod,rgb_hist,17,42,132,0.3181818181818182,11.079096964225428
from_ipod,rgb_hist,17,43,132,0.32575757575757575,10.911085023317563
from_ipod,rgb_hist,17,44,132,0.3333333333333333,10.766649360946424
from_ipod,rgb_hist,17,45,132,0.3409090909090909,10.565845150227506
from_ipod,rgb_hist,17,46,132,0.3484848484848485,10.59179550550521
from_ipod,rgb_hist,17,47,132,0.3560606060606061,10.570298296868247
from_ipod,rgb_hist,17,48,132,0.36363636363636365,10.51984393783478
from_ipod,rgb_hist,17,49,132,0.3712121212121212,10.533845099787325
from_ipod,rgb_hist,17,50,132,0.3787878787878788,10.406108437875298
from_ipod,rgb_hist,17,51,132,0.38636363636363635,10.302569471205729
from_ipod,rgb_hist,17,52,132,0.3939393939393939,10.178229733253827
from_ipod,rgb_hist,17,53,132,0.4015151515151515,10.056061496079426
from_ipod,rgb_hist,17,54,132,0.4090909090909091,9.962953996953594
from_ipod,rgb_hist,17,55,132,0.4166666666666667,9.88353079365744
from_ipod,rgb_hist,17,56,132,0.42424242424242425,9.950148057834125
from_ipod,rgb_hist,17,57,132,0.4318181818181818,9.829346739061501
from_ipod,rgb_hist,17,58,132,0.4393939393939394,9.85754795742492
from_ipod,rgb_hist,17,59,132,0.44696969696969696,9.844431494131404
from_ipod,rgb_hist,17,60,132,0.45454545454545453,9.718962496186341
from_ipod,rgb_hist,17,61,132,0.4621212121212121,9.755394977258781
from_ipod,rgb_hist,17,62,132,0.4696969696969697,9.662967540454417
from_ipod,rgb_hist,17,63,132,0.4772727272727273,9.568224875902652
from_ipod,rgb_hist,17,64,132,0.48484848484848486,9.593325429203269
from_ipod,rgb_hist,17,65,132,0.49242424242424243,9.47331982590303
from_ipod,rgb_hist,17,66,132,0.5,9.495383802051517
from_ipod,rgb_hist,17,67,132,0.5075757575757576,9.499202513663128
from_ipod,rgb_hist,17,68,132,0.5151515151515151,9.439871783344415
from_ipod,rgb_hist,17,69,132,0.5227272727272727,9.404645352697843
from_ipod,rgb_hist,17,70,132,0.5303030303030303,9.306930769927948
from_ipod,rgb_hist,17,71,132,0.5378787878787878,9.273297632633355
from_ipod,rgb_hist,17,72,132,0.5454545454545454,9.195006046141222
from_ipod,rgb_hist,17,73,132,0.553030303030303,9.159192098957925
from_ipod,rgb_hist,17,74,132,0.5606060606060606,9.097355161417182
from_ipod,rgb_hist,17,75,132,0.5681818181818182,9.02450315123835
from_ipod,rgb_hist,17,76,132,0.5757575757575758,8.991943738861249
from_ipod,rgb_hist,17,77,132,0.5833333333333334,8.97963705671873
from_ipod,rgb_hist,17,78,132,0.5909090909090909,8.894783438052334
from_ipod,rgb_hist,17,79,132,0.5984848484848485,8.874231667911099
from_ipod,rgb_hist,17,80,132,0.6060606060606061,8.823608331174924
from_ipod,rgb_hist,17,81,132,0.6136363636363636,8.85958008248909
from_ipod,rgb_hist,17,82,132,0.6212121212121212,8.880148919980797
from_ipod,rgb_hist,17,83,132,0.6287878787878788,8.858635951237169
from_ipod,rgb_hist,17,84,132,0.6363636363636364,8.820634998778443
from_ipod,rgb_hist,17,85,132,0.6439393939393939,8.776353957888398
from_ipod,rgb_hist,17,86,132,0.6515151515151515,8.716597866199269
from_ipod,rgb_hist,17,87,132,0.6590909090909091,8.774429882731733
from_ipod,rgb_hist,17,88,132,0.6666666666666666,8.743620945176671
from_ipod,rgb_hist,17,89,132,0.6742424242424242,8.720126277539508
from_ipod,rgb_hist,17,90,132,0.6818181818181818,8.677532237565844
from_ipod,rgb_hist,17,91,132,0.6893939393939394,8.655202094824611
from_ipod,rgb_hist,17,92,132,0.696969696969697,8.675508266926851
from_ipod,rgb_hist,17,93,132,0.7045454545454546,8.676948001951077
from_ipod,rgb_hist,17,94,132,0.7121212121212122,8.715214623777833
from_ipod,rgb_hist,17,95,132,0.7196969696969697,8.69225391209083
from_ipod,rgb_hist,17,96,132,0.7272727272727273,8.727005825934933
from_ipod,rgb_hist,17,97,132,0.7348484848484849,8.737904384771566
from_ipod,rgb_hist,17,98,132,0.7424242424242424,8.773701325896754
from_ipod,rgb_hist,17,99,132,0.75,8.737910941980006
from_ipod,rgb_hist,17,100,132,0.7575757575757576,8.672185120429445
from_ipod,rgb_hist,17,101,132,0.7651515151515151,8.696398416808561
from_ipod,rgb_hist,17,102,132,0.7727272727272727,8.677590039442437
from_ipod,rgb_hist,17,103,132,0.7803030303030303,8.661886799493566
from_ipod,rgb_hist,17,104,132,0.7878787878787878,8.63804490293817
from_ipod,rgb_hist,17,105,132,0.7954545454545454,8.688858636300814
from_ipod,rgb_hist,17,106,132,0.803030303030303,8.67116900713368
from_ipod,rgb_hist,17,107,132,0.8106060606060606,8.643876415610551
from_ipod,rgb_hist,17,108,132,0.8181818181818182,8.585416772925242
from_ipod,rgb_hist,17,109,132,0.8257575757575758,8.549725809273404
from_ipod,rgb_hist,17,110,132,0.8333333333333334,8.55562089284009
from_ipod,rgb_hist,17,111,132,0.8409090909090909,8.491501123710655
from_ipod,rgb_hist,17,112,132,0.8484848484848485,8.46301293656654
from_ipod,rgb_hist,17,113,132,0.8560606060606061,8.479741281291776
from_ipod,rgb_hist,17,114,132,0.8636363636363636,8.458362589917945
from_ipod,rgb_hist,17,115,132,0.8712121212121212,8.499202820851114
from_ipod,rgb_hist,17,116,132,0.8787878787878788,8.51483122302798
from_ipod,rgb_hist,17,117,132,0.8863636363636364,8.490729175769799
from_ipod,rgb_hist,17,118,132,0.8939393939393939,8.505924243261648
from_ipod,rgb_hist,17,119,132,0.9015151515151515,8.485758977104103
from_ipod,rgb_hist,17,120,132,0.9090909090909091,8.444269220964761
from_ipod,rgb_hist,17,121,132,0.9166666666666666,8.41741303620745
from_ipod,rgb_hist,17,122,132,0.9242424242424242,8.388424753027678
from_ipod,rgb_hist,17,123,132,0.9318181818181818,8.398297680939002
from_ipod,rgb_hist,17,124,132,0.9393939393939394,8.420272223508642
from_ipod,rgb_hist,17,125,132,0.946969696969697,8.403522164877597
from_ipod,rgb_hist,17,126,132,0.9545454545454546,8.413815213750402
from_ipod,rgb_hist,17,127,132,0.9621212121212122,8.368082789076869
from_ipod,rgb_hist,17,128,132,0.9696969696969697,8.330637604880327
from_ipod,rgb_hist,17,129,132,0.9772727272727273,8.31984828512267
from_ipod,rgb_hist,17,130,132,0.9848484848484849,8.27502928880815
from_ipod,rgb_hist,17,131,132,0.9924242424242424,8.233731073000913
from_ipod,rgb_hist,17,132,132,1.0,8.18900690534461
from_ipod,rgb_hist,29,1,132,0.007575757575757576,7.142126194712661
from_ipod,rgb_hist,29,2,132,0.015151515151515152,6.390821870076703
from_ipod,rgb_hist,29,3,132,0.022727272727272728,5.178711928708392
from_ipod,rgb_hist,29,4,132,0.030303030303030304,7.801286006470098
from_ipod,rgb_hist,29,5,132,0.03787878787878788,10.391854610167114
from_ipod,rgb_hist,29,6,132,0.045454545454545456,9.693685156179063
from_ipod,rgb_hist,29,7,132,0.05303030303030303,11.759072580477648
from_ipod,rgb_hist,29,8,132,0.06060606060606061,11.2405987068462
from_ipod,rgb_hist,29,9,132,0.06818181818181818,11.710037548960186
from_ipod,rgb_hist,29,10,132,0.07575757575757576,10.866309530965548
from_ipod,rgb_hist,29,11,132,0.08333333333333333,10.470347317340915
from_ipod,rgb_hist,29,12,132,0.09090909090909091,10.166564529478178
from_ipod,rgb_hist,29,13,132,0.09848484848484848,10.22650172592757
from_ipod,rgb_hist,29,14,132,0.10606060606060606,9.870789168279876
from_ipod,rgb_hist,29,15,132,0.11363636363636363,10.354542902462283
from_ipod,rgb_hist,29,16,132,0.12121212121212122,10.85334853946052
from_ipod,rgb_hist,29,17,132,0.12878787878787878,10.451106566372093
from_ipod,rgb_hist,29,18,132,0.13636363636363635,10.363585447826422
from_ipod,rgb_hist,29,19,132,0.14393939393939395,10.185879683833685
from_ipod,rgb_hist,29,20,132,0.15151515151515152,10.085811177330498
from_ipod,rgb_hist,29,21,132,0.1590909090909091,10.010477556697143
from_ipod,rgb_hist,29,22,132,0.16666666666666666,9.99273137634104
from_ipod,rgb_hist,29,23,132,0.17424242424242425,10.047766652022231
from_ipod,rgb_hist,29,24,132,0.18181818181818182,9.855070058517365
from_ipod,rgb_hist,29,25,132,0.1893939393939394,9.877071397912331
from_ipod,rgb_hist,29,26,132,0.19696969696969696,9.911179909117198
from_ipod,rgb_hist,29,27,132,0.20454545454545456,9.60990324545347
from_ipod,rgb_hist,29,28,132,0.21212121212121213,9.413469813349284
from_ipod,rgb_hist,29,29,132,0.2196969696969697,9.245144235419938
from_ipod,rgb_hist,29,30,132,0.22727272727272727,9.395823485849636
from_ipod,rgb_hist,29,31,132,0.23484848484848486,9.318012582242307
from_ipod,rgb_hist,29,32,132,0.24242424242424243,9.262231090131761
from_ipod,rgb_hist,29,33,132,0.25,9.134875133694953
from_ipod,rgb_hist,29,34,132,0.25757575757575757,9.159346216602676
from_ipod,rgb_hist,29,35,132,0.26515151515151514,9.218591382001279
from_ipod,rgb_hist,29,36,132,0.2727272727272727,9.311828386944516
from_ipod,rgb_hist,29,37,132,0.2803030303030303,9.30554197522752
from_ipod,rgb_hist,29,38,132,0.2878787878787879,9.265257692072941
from_ipod,rgb_hist,29,39,132,0.29545454545454547,9.318695783215652
from_ipod,rgb_hist,29,40,132,0.30303030303030304,9.287905426236254
from_ipod,rgb_hist,29,41,132,0.3106060606060606,9.224444219782903
from_ipod,rgb_hist,29,42,132,0.3181818181818182,9.187955761077019
from_ipod,rgb_hist,29,43,132,0.32575757575757575,9.199949093795933
from_ipod,rgb_hist,29,44,132,0.3333333333333333,9.166553613716863
from_ipod,rgb_hist,29,45,132,0.3409090909090909,9.011884980457928
from_ipod,rgb_hist,29,46,132,0.3484848484848485,8.991590985410554
from_ipod,rgb_hist,29,47,132,0.3560606060606061,9.039327813390802
from_ipod,rgb_hist,29,48,132,0.36363636363636365,9.013339146453115
from_ipod,rgb_hist,29,49,132,0.3712121212121212,8.992202154018166
from_ipod,rgb_hist,29,50,132,0.3787878787878788,8.959841028413049
from_ipod,rgb_hist,29,51,132,0.38636363636363635,8.940931144018846
from_ipod,rgb_hist,29,52,132,0.3939393939393939,8.896291029069845
from_ipod,rgb_hist,29,53,132,0.4015151515151515,8.937638916059585
from_ipod,rgb_hist,29,54,132,0.4090909090909091,8.824294248337193
from_ipod,rgb_hist,29,55,132,0.4166666666666667,8.807195318088944
from_ipod,rgb_hist,29,56,132,0.42424242424242425,8.791864409139249
from_ipod,rgb_hist,29,57,132,0.4318181818181818,8.728282199508119
from_ipod,rgb_hist,29,58,132,0.4393939393939394,8.668351405235367
from_ipod,rgb_hist,29,59,132,0.44696969696969696,8.673159161431187
from_ipod,rgb_hist,29,60,132,0.45454545454545453,8.625660428399444
from_ipod,rgb_hist,29,61,132,0.4621212121212121,8.629234601777322
from_ipod,rgb_hist,29,62,132,0.4696969696969697,8.609823273708622
from_ipod,rgb_hist,29,63,132,0.4772727272727273,8.63095973516994
from_ipod,rgb_hist,29,64,132,0.48484848484848486,8.633404935598731
from_ipod,rgb_hist,29,65,132,0.49242424242424243,8.628455548539376
from_ipod,rgb_hist,29,66,132,0.5,8.568805505391996
from_ipod,rgb_hist,29,67,132,0.5075757575757576,8.581920728843555
from_ipod,rgb_hist,29,68,132,0.5151515151515151,8.649678490018562
from_ipod,rgb_hist,29,69,132,0.5227272727272727,8.656632804859772
from_ipod,rgb_hist,29,70,132,0.5303030303030303,8.583139488404008
from_ipod,rgb_hist,29,71,132,0.5378787878787878,8.681098120659293
from_ipod,rgb_hist,29,72,132,0.5454545454545454,8.626917079477339
from_ipod,rgb_hist,29,73,132,0.553030303030303,8.596309820314781
from_ipod,rgb_hist,29,74,132,0.5606060606060606,8.567619891821074
from_ipod,rgb_hist,29,75,132,0.5681818181818182,8.559689561245476
from_ipod,rgb_hist,29,76,132,0.5757575757575758,8.540831385198699
from_ipod,rgb_hist,29,77,132,0.5833333333333334,8.497563539196452
from_ipod,rgb_hist,29,78,132,0.5909090909090909,8.488254582299838
from_ipod,rgb_hist,29,79,132,0.5984848484848485,8.451316060303768
from_ipod,rgb_hist,29,80,132,0.6060606060606061,8.409259503887247
from_ipod,rgb_hist,29,81,132,0.6136363636363636,8.413140070222013
from_ipod,rgb_hist,29,82,132,0.6212121212121212,8.370165271479262
from_ipod,rgb_hist,29,83,132,0.6287878787878788,8.36816364263019
from_ipod,rgb_hist,29,84,132,0.6363636363636364,8.365031882340006
from_ipod,rgb_hist,29,85,132,0.6439393939393939,8.396197737282565
from_ipod,rgb_hist,29,86,132,0.6515151515151515,8.40689532298828
from_ipod,rgb_hist,29,87,132,0.6590909090909091,8.364564540139623
from_ipod,rgb_hist,29,88,132,0.6666666666666666,8.370283382385956
from_ipod,rgb_hist,29,89,132,0.6742424242424242,8.360563801054566
from_ipod,rgb_hist,29,90,132,0.6818181818181818,8.377881573790033
from_ipod,rgb_hist,29,91,132,0.6893939393939394,8.37709908863011
from_ipod,rgb_hist,29,92,132,0.696969696969697,8.359457044589584
from_ipod,rgb_hist,29,93,132,0.7045454545454546,8.346656095901583
from_ipod,rgb_hist,29,94,132,0.7121212121212122,8.35930621595154
from_ipod,rgb_hist,29,95,132,0.7196969696969697,8.372540855900247
from_ipod,rgb_hist,29,96,132,0.7272727272727273,8.388023883507492
from_ipod,rgb_hist,29,97,132,0.7348484848484849,8.389202421776217
from_ipod,rgb_hist,29,98,132,0.7424242424242424,8.400571515495715
from_ipod,rgb_hist,29,99,132,0.75,8.39583306392201
from_ipod,rgb_hist,29,100,132,0.7575757575757576,8.387665916257284
from_ipod,rgb_hist,29,101,132,0.7651515151515151,8.375446504816924
from_ipod,rgb_hist,29,102,132,0.7727272727272727,8.407172585531828
from_ipod,rgb_hist,29,103,132,0.7803030303030303,8.384523205927698
from_ipod,rgb_hist,29,104,132,0.7878787878787878,8.338082666573117
from_ipod,rgb_hist,29,105,132,0.7954545454545454,8.353757136248284
from_ipod,rgb_hist,29,106,132,0.803030303030303,8.383960862359528
from_ipod,rgb_hist,29,107,132,0.8106060606060606,8.370731025883144
from_ipod,rgb_hist,29,108,132,0.8181818181818182,8.385000912938823
from_ipod,rgb_hist,29,109,132,0.8257575757575758,8.404584324742371
from_ipod,rgb_hist,29,110,132,0.8333333333333334,8.395293277397107
from_ipod,rgb_hist,29,111,132,0.8409090909090909,8.400490203566575
from_ipod,rgb_hist,29,112,132,0.8484848484848485,8.389541467615311
from_ipod,rgb_hist,29,113,132,0.8560606060606061,8.361132559244117
from_ipod,rgb_hist,29,114,132,0.8636363636363636,8.336474524842435
from_ipod,rgb_hist,29,115,132,0.8712121212121212,8.291529032726512
from_ipod,rgb_hist,29,116,132,0.8787878787878788,8.309006062169116
from_ipod,rgb_hist,29,117,132,0.8863636363636364,8.282020510212593
from_ipod,rgb_hist,29,118,132,0.8939393939393939,8.28858325501191
from_ipod,rgb_hist,29,119,132,0.9015151515151515,8.262486631291404
from_ipod,rgb_hist,29,120,132,0.9090909090909091,8.24520797843404
from_ipod,rgb_hist,29,121,132,0.9166666666666666,8.25852696645169
from_ipod,rgb_hist,29,122,132,0.9242424242424242,8.234655696609183
from_ipod,rgb_hist,29,123,132,0.9318181818181818,8.233596947793014
from_ipod,rgb_hist,29,124,132,0.9393939393939394,8.217440631844788
from_ipod,rgb_hist,29,125,132,0.946969696969697,8.177218615747789
from_ipod,rgb_hist,29,126,132,0.9545454545454546,8.169852777943008
from_ipod,rgb_hist,29,127,132,0.9621212121212122,8.152150118038415
from_ipod,rgb_hist,29,128,132,0.9696969696969697,8.148991914693593
from_ipod,rgb_hist,29,129,132,0.9772727272727273,8.126616025858652
from_ipod,rgb_hist,29,130,132,0.9848484848484849,8.085346638900536
from_ipod,rgb_hist,29,131,132,0.9924242424242424,8.05560777691284
from_ipod,rgb_hist,29,132,132,1.0,8.00948445995572
from_ipod,rgb_hist,43,1,132,0.007575757575757576,5.42958879241572
from_ipod,rgb_hist,43,2,132,0.015151515151515152,13.765913289114835
from_ipod,rgb_hist,43,3,132,0.022727272727272728,12.249518077083613
from_ipod,rgb_hist,43,4,132,0.030303030303030304,10.473490582362185
from_ipod,rgb_hist,43,5,132,0.03787878787878788,10.768728733989931
from_ipod,rgb_hist,43,6,132,0.045454545454545456,12.391890641313914
from_ipod,rgb_hist,43,7,132,0.05303030303030303,12.582708792548607
from_ipod,rgb_hist,43,8,132,0.06060606060606061,11.900563405382853
from_ipod,rgb_hist,43,9,132,0.06818181818181818,11.297768592712861
from_ipod,rgb_hist,43,10,132,0.07575757575757576,11.38486015339208
from_ipod,rgb_hist,43,11,132,0.08333333333333333,11.743421557822295
from_ipod,rgb_hist,43,12,132,0.09090909090909091,11.539600835878373
from_ipod,rgb_hist,43,13,132,0.09848484848484848,11.704850838022397
from_ipod,rgb_hist,43,14,132,0.10606060606060606,11.291989330622004
from_ipod,rgb_hist,43,15,132,0.11363636363636363,11.249570783334455
from_ipod,rgb_hist,43,16,132,0.12121212121212122,11.401715344797717
from_ipod,rgb_hist,43,17,132,0.12878787878787878,11.300195663741906
from_ipod,rgb_hist,43,18,132,0.13636363636363635,11.177582259719838
from_ipod,rgb_hist,43,19,132,0.14393939393939395,11.052570661592089
from_ipod,rgb_hist,43,20,132,0.15151515151515152,10.672934983073144
from_ipod,rgb_hist,43,21,132,0.1590909090909091,10.636192647907338
from_ipod,rgb_hist,43,22,132,0.16666666666666666,10.406210379262573
from_ipod,rgb_hist,43,23,132,0.17424242424242425,10.43531775339461
from_ipod,rgb_hist,43,24,132,0.18181818181818182,10.214024316538936
from_ipod,rgb_hist,43,25,132,0.1893939393939394,10.070966525550167
from_ipod,rgb_hist,43,26,132,0.19696969696969696,10.18764821522643
from_ipod,rgb_hist,43,27,132,0.20454545454545456,10.091004699793336
from_ipod,rgb_hist,43,28,132,0.21212121212121213,10.292465830488439
from_ipod,rgb_hist,43,29,132,0.2196969696969697,10.293422172035791
from_ipod,rgb_hist,43,30,132,0.22727272727272727,10.191161585347063
from_ipod,rgb_hist,43,31,132,0.23484848484848486,10.03617009193169
from_ipod,rgb_hist,43,32,132,0.24242424242424243,9.952606522283432
from_ipod,rgb_hist,43,33,132,0.25,10.072696455324532
from_ipod,rgb_hist,43,34,132,0.25757575757575757,9.999418032054152
from_ipod,rgb_hist,43,35,132,0.26515151515151514,10.047763222250133
from_ipod,rgb_hist,43,36,132,0.2727272727272727,10.094763934293864
from_ipod,rgb_hist,43,37,132,0.2803030303030303,10.131840531894218
from_ipod,rgb_hist,43,38,132,0.2878787878787879,9.981032426061446
from_ipod,rgb_hist,43,39,132,0.29545454545454547,9.86790169688219
from_ipod,rgb_hist,43,40,132,0.30303030303030304,9.912016781834108
from_ipod,rgb_hist,43,41,132,0.3106060606060606,9.910962949529393
from_ipod,rgb_hist,43,42,132,0.3181818181818182,9.815946015637625
from_ipod,rgb_hist,43,43,132,0.32575757575757575,9.704469913093156
from_ipod,rgb_hist,43,44,132,0.3333333333333333,9.631799756464387
from_ipod,rgb_hist,43,45,132,0.3409090909090909,9.511731818283655
from_ipod,rgb_hist,43,46,132,0.3484848484848485,9.412105950375183
from_ipod,rgb_hist,43,47,132,0.3560606060606061,9.307980982834058
from_ipod,rgb_hist,43,48,132,0.36363636363636365,9.34340632257901
from_ipod,rgb_hist,43,49,132,0.3712121212121212,9.361199873417235
from_ipod,rgb_hist,43,50,132,0.3787878787878788,9.326832537985192
from_ipod,rgb_hist,43,51,132,0.38636363636363635,9.420947549974581
from_ipod,rgb_hist,43,52,132,0.3939393939393939,9.293862298418894
from_ipod,rgb_hist,43,53,132,0.4015151515151515,9.22000397308617
from_ipod,rgb_hist,43,54,132,0.4090909090909091,9.127635547851067
from_ipod,rgb_hist,43,55,132,0.4166666666666667,9.167641906402466
from_ipod,rgb_hist,43,56,132,0.42424242424242425,9.069972532528656
from_ipod,rgb_hist,43,57,132,0.4318181818181818,8.9965812211678
from_ipod,rgb_hist,43,58,132,0.4393939393939394,8.90311492801336
from_ipod,rgb_hist,43,59,132,0.44696969696969696,8.945427099721556
from_ipod,rgb_hist,43,60,132,0.45454545454545453,8.918782146058065
from_ipod,rgb_hist,43,61,132,0.4621212121212121,8.887419021710784
from_ipod,rgb_hist,43,62,132,0.4696969696969697,8.804014428601121
from_ipod,rgb_hist,43,63,132,0.4772727272727273,8.715682380598055
from_ipod,rgb_hist,43,64,132,0.48484848484848486,8.706626552573296
from_ipod,rgb_hist,43,65,132,0.49242424242424243,8.631210159500217
from_ipod,rgb_hist,43,66,132,0.5,8.665312404572585
from_ipod,rgb_hist,43,67,132,0.5075757575757576,8.62071994927044
from_ipod,rgb_hist,43,68,132,0.5151515151515151,8.537296763969612
from_ipod,rgb_hist,43,69,132,0.5227272727272727,8.479895596200183
from_ipod,rgb_hist,43,70,132,0.5303030303030303,8.383392026012464
from_ipod,rgb_hist,43,71,132,0.5378787878787878,8.415307082259107
from_ipod,rgb_hist,43,72,132,0.5454545454545454,8.326797593703747
from_ipod,rgb_hist,43,73,132,0.553030303030303,8.349741506707057
from_ipod,rgb_hist,43,74,132,0.5606060606060606,8.305078253390754
from_ipod,rgb_hist,43,75,132,0.5681818181818182,8.2577457942894
from_ipod,rgb_hist,43,76,132,0.5757575757575758,8.222626100455377
from_ipod,rgb_hist,43,77,132,0.5833333333333334,8.261819959473213
from_ipod,rgb_hist,43,78,132,0.5909090909090909,8.247440039787294
from_ipod,rgb_hist,43,79,132,0.5984848484848485,8.268327912905043
from_ipod,rgb_hist,43,80,132,0.6060606060606061,8.285121646610929
from_ipod,rgb_hist,43,81,132,0.6136363636363636,8.207487203345872
from_ipod,rgb_hist,43,82,132,0.6212121212121212,8.180001113288823
from_ipod,rgb_hist,43,83,132,0.6287878787878788,8.13573456594699
from_ipod,rgb_hist,43,84,132,0.6363636363636364,8.110774307574111
from_ipod,rgb_hist,43,85,132,0.6439393939393939,8.071823249614088
from_ipod,rgb_hist,43,86,132,0.6515151515151515,8.13010658024777
from_ipod,rgb_hist,43,87,132,0.6590909090909091,8.08126041278358
from_ipod,rgb_hist,43,88,132,0.6666666666666666,8.049158054780607
from_ipod,rgb_hist,43,89,132,0.6742424242424242,8.020923969129765
from_ipod,rgb_hist,43,90,132,0.6818181818181818,8.0464976703115
from_ipod,rgb_hist,43,91,132,0.6893939393939394,7.988669502082268
from_ipod,rgb_hist,43,92,132,0.696969696969697,7.957052419351612
from_ipod,rgb_hist,43,93,132,0.7045454545454546,7.919720857384404
from_ipod,rgb_hist,43,94,132,0.7121212121212122,7.9541199250158146
from_ipod,rgb_hist,43,95,132,0.7196969696969697,7.993585024866757
from_ipod,rgb_hist,43,96,132,0.7272727272727273,8.02074718907043
from_ipod,rgb_hist,43,97,132,0.7348484848484849,7.991195178587876
from_ipod,rgb_hist,43,98,132,0.7424242424242424,7.9779127129258365
from_ipod,rgb_hist,43,99,132,0.75,7.955516093098108
from_ipod,rgb_hist,43,100,132,0.7575757575757576,7.985066005815976
from_ipod,rgb_hist,43,101,132,0.7651515151515151,7.969848481723079
from_ipod,rgb_hist,43,102,132,0.7727272727272727,7.966791255561037
from_ipod,rgb_hist,43,103,132,0.7803030303030303,7.971489512633612
from_ipod,rgb_hist,43,104,132,0.7878787878787878,7.923274359696142
from_ipod,rgb_hist,43,105,132,0.7954545454545454,7.956735113275684
from_ipod,rgb_hist,43,106,132,0.803030303030303,7.910253954819859
from_ipod,rgb_hist,43,107,132,0.8106060606060606,7.889932502895932
from_ipod,rgb_hist,43,108,132,0.8181818181818182,7.852066296883909
from_ipod,rgb_hist,43,109,132,0.8257575757575758,7.828607510780845
from_ipod,rgb_hist,43,110,132,0.8333333333333334,7.838107408008303
from_ipod,rgb_hist,43,111,132,0.8409090909090909,7.886689594117939
from_ipod,rgb_hist,43,112,132,0.8484848484848485,7.868432473151445
from_ipod,rgb_hist,43,113,132,0.8560606060606061,7.821102411423085
from_ipod,rgb_hist,43,114,132,0.8636363636363636,7.804490671990193
from_ipod,rgb_hist,43,115,132,0.8712121212121212,7.841729845825064
from_ipod,rgb_hist,43,116,132,0.8787878787878788,7.858188413827044
from_ipod,rgb_hist,43,117,132,0.8863636363636364,7.8497959842074065
from_ipod,rgb_hist,43,118,132,0.8939393939393939,7.8626294449548375
from_ipod,rgb_hist,43,119,132,0.9015151515151515,7.841906177844086
from_ipod,rgb_hist,43,120,132,0.9090909090909091,7.816299112693279
from_ipod,rgb_hist,43,121,132,0.9166666666666666,7.789415922374465
from_ipod,rgb_hist,43,122,132,0.9242424242424242,7.750905844483836
from_ipod,rgb_hist,43,123,132,0.9318181818181818,7.762239788689767
from_ipod,rgb_hist,43,124,132,0.9393939393939394,7.753132840853137
from_ipod,rgb_hist,43,125,132,0.946969696969697,7.74204225450223
from_ipod,rgb_hist,43,126,132,0.9545454545454546,7.755671866348555
from_ipod,rgb_hist,43,127,132,0.9621212121212122,7.712761483037448
from_ipod,rgb_hist,43,128,132,0.9696969696969697,7.718216066308968
from_ipod,rgb_hist,43,129,132,0.9772727272727273,7.710479776850778
from_ipod,rgb_hist,43,130,132,0.9848484848484849,7.6723941613438305
from_ipod,rgb_hist,43,131,132,0.9924242424242424,7.641663780707413
from_ipod,rgb_hist,43,132,132,1.0,7.601391443864693
from_SLR,copula,17,1,132,0.007575757575757576,6.664707967138672
from_SLR,copula,17,2,132,0.015151515151515152,5.254787288106179
from_SLR,copula,17,3,132,0.022727272727272728,7.117825026166613
from_SLR,copula,17,4,132,0.030303030303030304,6.647557342824353
from_SLR,copula,17,5,132,0.03787878787878788,5.8424096592263295
from_SLR,copula,17,6,132,0.045454545454545456,5.2019519715066735
from_SLR,copula,17,7,132,0.05303030303030303,5.576912915761807
from_SLR,copula,17,8,132,0.06060606060606061,5.751893114500096
from_SLR,copula,17,9,132,0.06818181818181818,6.272867441338693
from_SLR,copula,17,10,132,0.07575757575757576,5.8871799900922985
from_SLR,copula,17,11,132,0.08333333333333333,5.99964159421929
from_SLR,copula,17,12,132,0.09090909090909091,5.679670441616698
from_SLR,copula,17,13,132,0.09848484848484848,6.147442688111564
from_SLR,copula,17,14,132,0.10606060606060606,6.200882690379416
from_SLR,copula,17,15,132,0.11363636363636363,5.977023102555351
from_SLR,copula,17,16,132,0.12121212121212122,5.938665738160555
from_SLR,copula,17,17,132,0.12878787878787878,5.625067522157286
from_SLR,copula,17,18,132,0.13636363636363635,5.909767192829444
from_SLR,copula,17,19,132,0.14393939393939395,6.171324538728138
from_SLR,copula,17,20,132,0.15151515151515152,5.9204586149299265
from_SLR,copula,17,21,132,0.1590909090909091,5.778267793259645
from_SLR,copula,17,22,132,0.16666666666666666,5.76888221623757
from_SLR,copula,17,23,132,0.17424242424242425,5.6715207865392845
from_SLR,copula,17,24,132,0.18181818181818182,5.835679444485216
from_SLR,copula,17,25,132,0.1893939393939394,5.797899482087491
from_SLR,copula,17,26,132,0.19696969696969696,5.737056205853402
from_SLR,copula,17,27,132,0.20454545454545456,5.645756315936975
from_SLR,copula,17,28,132,0.21212121212121213,5.512990110841914
from_SLR,copula,17,29,132,0.2196969696969697,5.544430050163216
from_SLR,copula,17,30,132,0.22727272727272727,5.569309857391458
from_SLR,copula,17,31,132,0.23484848484848486,5.612315055081103
from_SLR,copula,17,32,132,0.24242424242424243,5.611811754849844
from_SLR,copula,17,33,132,0.25,5.645440482983681
from_SLR,copula,17,34,132,0.25757575757575757,5.679797835079971
from_SLR,copula,17,35,132,0.26515151515151514,5.660946538668171
from_SLR,copula,17,36,132,0.2727272727272727,5.560273669192082
from_SLR,copula,17,37,132,0.2803030303030303,5.498888221274227
from_SLR,copula,17,38,132,0.2878787878787879,5.656841159758458
from_SLR,copula,17,39,132,0.29545454545454547,5.827505594317426
from_SLR,copula,17,40,132,0.30303030303030304,5.74828796729499
from_SLR,copula,17,41,132,0.3106060606060606,5.873220367197705
from_SLR,copula,17,42,132,0.3181818181818182,5.81132705367762
from_SLR,copula,17,43,132,0.32575757575757575,5.788604762744999
from_SLR,copula,17,44,132,0.3333333333333333,5.670565874229431
from_SLR,copula,17,45,132,0.3409090909090909,5.646492379831082
from_SLR,copula,17,46,132,0.3484848484848485,5.673168490404457
from_SLR,copula,17,47,132,0.3560606060606061,5.66395297741032
from_SLR,copula,17,48,132,0.36363636363636365,5.634348122069501
from_SLR,copula,17,49,132,0.3712121212121212,5.672826531403548
from_SLR,copula,17,50,132,0.3787878787878788,5.746824159448182
from_SLR,copula,17,51,132,0.38636363636363635,5.7429321567347555
from_SLR,copula,17,52,132,0.3939393939393939,5.673807034414136
from_SLR,copula,17,53,132,0.4015151515151515,5.682710915536028
from_SLR,copula,17,54,132,0.4090909090909091,5.621293716631005
from_SLR,copula,17,55,132,0.4166666666666667,5.708078559945092
from_SLR,copula,17,56,132,0.42424242424242425,5.670100298628527
from_SLR,copula,17,57,132,0.4318181818181818,5.710232552290814
from_SLR,copula,17,58,132,0.4393939393939394,5.724401182218574
from_SLR,copula,17,59,132,0.44696969696969696,5.855359504409585
from_SLR,copula,17,60,132,0.45454545454545453,5.907146986055221
from_SLR,copula,17,61,132,0.4621212121212121,5.826451417386121
from_SLR,copula,17,62,132,0.4696969696969697,5.852936036286273
from_SLR,copula,17,63,132,0.4772727272727273,5.822555492085243
from_SLR,copula,17,64,132,0.48484848484848486,5.8627664288879044
from_SLR,copula,17,65,132,0.49242424242424243,5.865238030971088
from_SLR,copula,17,66,132,0.5,5.899281204335164
from_SLR,copula,17,67,132,0.5075757575757576,5.9245666631241685
from_SLR,copula,17,68,132,0.5151515151515151,5.881334920958658
from_SLR,copula,17,69,132,0.5227272727272727,5.8632926764184825
from_SLR,copula,17,70,132,0.5303030303030303,5.8908413292364274
from_SLR,copula,17,71,132,0.5378787878787878,5.83788517964198
from_SLR,copula,17,72,132,0.5454545454545454,5.809830702913603
from_SLR,copula,17,73,132,0.553030303030303,5.804508431202157
from_SLR,copula,17,74,132,0.5606060606060606,5.9306420172216585
from_SLR,copula,17,75,132,0.5681818181818182,5.89106664009818
from_SLR,copula,17,76,132,0.5757575757575758,5.856457002759641
from_SLR,copula,17,77,132,0.5833333333333334,5.877736435879393
from_SLR,copula,17,78,132,0.5909090909090909,5.856063570826229
from_SLR,copula,17,79,132,0.5984848484848485,5.867648868236559
from_SLR,copula,17,80,132,0.6060606060606061,5.883470180073692
from_SLR,copula,17,81,132,0.6136363636363636,5.858603294517779
from_SLR,copula,17,82,132,0.6212121212121212,5.835790291509815
from_SLR,copula,17,83,132,0.6287878787878788,5.971441879735139
from_SLR,copula,17,84,132,0.6363636363636364,5.961417643360557
from_SLR,copula,17,85,132,0.6439393939393939,5.9735421174684
from_SLR,copula,17,86,132,0.6515151515151515,6.057636072863873
from_SLR,copula,17,87,132,0.6590909090909091,6.11595742391037
from_SLR,copula,17,88,132,0.6666666666666666,6.128685010634954
from_SLR,copula,17,89,132,0.6742424242424242,6.097214937243493
from_SLR,copula,17,90,132,0.6818181818181818,6.136605261247685
from_SLR,copula,17,91,132,0.6893939393939394,6.198960628997559
from_SLR,copula,17,92,132,0.696969696969697,6.276947046605585
from_SLR,copula,17,93,132,0.7045454545454546,6.276965964968288
from_SLR,copula,17,94,132,0.7121212121212122,6.302809116932845
from_SLR,copula,17,95,132,0.7196969696969697,6.326916267330366
from_SLR,copula,17,96,132,0.7272727272727273,6.298043903558596
from_SLR,copula,17,97,132,0.7348484848484849,6.287458904422417
from_SLR,copula,17,98,132,0.7424242424242424,6.273241499912345
from_SLR,copula,17,99,132,0.75,6.262310757714424
from_SLR,copula,17,100,132,0.7575757575757576,6.302635874252774
from_SLR,copula,17,101,132,0.7651515151515151,6.276711183827795
from_SLR,copula,17,102,132,0.7727272727272727,6.307779844967762
from_SLR,copula,17,103,132,0.7803030303030303,6.31712363331194
from_SLR,copula,17,104,132,0.7878787878787878,6.329759128149339
from_SLR,copula,17,105,132,0.7954545454545454,6.285321891216771
from_SLR,copula,17,106,132,0.803030303030303,6.247591519197307
from_SLR,copula,17,107,132,0.8106060606060606,6.29723377415421
from_SLR,copula,17,108,132,0.8181818181818182,6.374769192755239
from_SLR,copula,17,109,132,0.8257575757575758,6.335337449482045
from_SLR,copula,17,110,132,0.8333333333333334,6.391316743031007
from_SLR,copula,17,111,132,0.8409090909090909,6.351841469015337
from_SLR,copula,17,112,132,0.8484848484848485,6.39796012017339
from_SLR,copula,17,113,132,0.8560606060606061,6.415208216896078
from_SLR,copula,17,114,132,0.8636363636363636,6.40734971078022
from_SLR,copula,17,115,132,0.8712121212121212,6.3950179141746215
from_SLR,copula,17,116,132,0.8787878787878788,6.40143503418049
from_SLR,copula,17,117,132,0.8863636363636364,6.380441750389219
from_SLR,copula,17,118,132,0.8939393939393939,6.3539914016201315
from_SLR,copula,17,119,132,0.9015151515151515,6.326131593798125
from_SLR,copula,17,120,132,0.9090909090909091,6.305345170884652
from_SLR,copula,17,121,132,0.9166666666666666,6.274740912903759
from_SLR,copula,17,122,132,0.9242424242424242,6.274966982671527
from_SLR,copula,17,123,132,0.9318181818181818,6.25551702047588
from_SLR,copula,17,124,132,0.9393939393939394,6.233021099642748
from_SLR,copula,17,125,132,0.946969696969697,6.214445627690553
from_SLR,copula,17,126,132,0.9545454545454546,6.213568228038862
from_SLR,copula,17,127,132,0.9621212121212122,6.210291046976456
from_SLR,copula,17,128,132,0.9696969696969697,6.1998063261011565
from_SLR,copula,17,129,132,0.9772727272727273,6.1760779977507685
from_SLR,copula,17,130,132,0.9848484848484849,6.147078948116756
from_SLR,copula,17,131,132,0.9924242424242424,6.135557281963387
from_SLR,copula,17,132,132,1.0,6.123000124525745
from_SLR,copula,29,1,132,0.007575757575757576,3.4059077033704055
from_SLR,copula,29,2,132,0.015151515151515152,3.276602617723377
from_SLR,copula,29,3,132,0.022727272727272728,3.553770197990648
from_SLR,copula,29,4,132,0.030303030303030304,3.5317519012311975
from_SLR,copula,29,5,132,0.03787878787878788,3.407721408793871
from_SLR,copula,29,6,132,0.045454545454545456,3.3255902676016267
from_SLR,copula,29,7,132,0.05303030303030303,3.1555376356019202
from_SLR,copula,29,8,132,0.06060606060606061,3.257628371776848
from_SLR,copula,29,9,132,0.06818181818181818,3.1376487685514447
from_SLR,copula,29,10,132,0.07575757575757576,3.7629458273231506
from_SLR,copula,29,11,132,0.08333333333333333,3.8390229206440085
from_SLR,copula,29,12,132,0.09090909090909091,3.987028026712417
from_SLR,copula,29,13,132,0.09848484848484848,3.8843600523677946
from_SLR,copula,29,14,132,0.10606060606060606,3.811182205684897
from_SLR,copula,29,15,132,0.11363636363636363,4.060917274443811
from_SLR,copula,29,16,132,0.12121212121212122,4.239892026025656
from_SLR,copula,29,17,132,0.12878787878787878,4.1882101242977035
from_SLR,copula,29,18,132,0.13636363636363635,4.091155163941113
from_SLR,copula,29,19,132,0.14393939393939395,4.345166413923016
from_SLR,copula,29,20,132,0.15151515151515152,4.571464987354519
from_SLR,copula,29,21,132,0.1590909090909091,4.441069656185606
from_SLR,copula,29,22,132,0.16666666666666666,4.444328378525662
from_SLR,copula,29,23,132,0.17424242424242425,4.370744644135378
from_SLR,copula,29,24,132,0.18181818181818182,4.566167985377328
from_SLR,copula,29,25,132,0.1893939393939394,4.634578147059682
from_SLR,copula,29,26,132,0.19696969696969696,4.837352053137093
from_SLR,copula,29,27,132,0.20454545454545456,4.7095043703139465
from_SLR,copula,29,28,132,0.21212121212121213,4.640437797733599
from_SLR,copula,29,29,132,0.2196969696969697,4.801551848373058
from_SLR,copula,29,30,132,0.22727272727272727,4.95777934042027
from_SLR,copula,29,31,132,0.23484848484848486,4.9956073779189385
from_SLR,copula,29,32,132,0.24242424242424243,4.99840190036123
from_SLR,copula,29,33,132,0.25,5.058228845468643
from_SLR,copula,29,34,132,0.25757575757575757,5.1400249694515585
from_SLR,copula,29,35,132,0.26515151515151514,5.146666232772755
from_SLR,copula,29,36,132,0.2727272727272727,5.202696237003648
from_SLR,copula,29,37,132,0.2803030303030303,5.165701767864275
from_SLR,copula,29,38,132,0.2878787878787879,5.234029057948393
from_SLR,copula,29,39,132,0.29545454545454547,5.253386293826203
from_SLR,copula,29,40,132,0.30303030303030304,5.3548894497733635
from_SLR,copula,29,41,132,0.3106060606060606,5.238837765918057
from_SLR,copula,29,42,132,0.3181818181818182,5.288432702116696
from_SLR,copula,29,43,132,0.32575757575757575,5.398975437730387
from_SLR,copula,29,44,132,0.3333333333333333,5.362741490469245
from_SLR,copula,29,45,132,0.3409090909090909,5.392246404385432
from_SLR,copula,29,46,132,0.3484848484848485,5.376817936479481
from_SLR,copula,29,47,132,0.3560606060606061,5.290233593756014
from_SLR,copula,29,48,132,0.36363636363636365,5.234380718447555
from_SLR,copula,29,49,132,0.3712121212121212,5.243731910622035
from_SLR,copula,29,50,132,0.3787878787878788,5.256064461823262
from_SLR,copula,29,51,132,0.38636363636363635,5.1859212708378735
from_SLR,copula,29,52,132,0.3939393939393939,5.197388519314853
from_SLR,copula,29,53,132,0.4015151515151515,5.198097036490703
from_SLR,copula,29,54,132,0.4090909090909091,5.329086584514847
from_SLR,copula,29,55,132,0.4166666666666667,5.355850999562853
from_SLR,copula,29,56,132,0.42424242424242425,5.35777531982946
from_SLR,copula,29,57,132,0.4318181818181818,5.358722380272186
from_SLR,copula,29,58,132,0.4393939393939394,5.285134941928886
from_SLR,copula,29,59,132,0.44696969696969696,5.245899883669664
from_SLR,copula,29,60,132,0.45454545454545453,5.199949734107631
from_SLR,copula,29,61,132,0.4621212121212121,5.166794347371866
from_SLR,copula,29,62,132,0.4696969696969697,5.162549534887424
from_SLR,copula,29,63,132,0.4772727272727273,5.143837228287843
from_SLR,copula,29,64,132,0.48484848484848486,5.202901831156716
from_SLR,copula,29,65,132,0.49242424242424243,5.1855997898552575
from_SLR,copula,29,66,132,0.5,5.168760346253245
from_SLR,copula,29,67,132,0.5075757575757576,5.158437350728278
from_SLR,copula,29,68,132,0.5151515151515151,5.11942740762732
from_SLR,copula,29,69,132,0.5227272727272727,5.11644957324193
from_SLR,copula,29,70,132,0.5303030303030303,5.119680478863485
from_SLR,copula,29,71,132,0.5378787878787878,5.154515147137306
from_SLR,copula,29,72,132,0.5454545454545454,5.171256605798639
from_SLR,copula,29,73,132,0.553030303030303,5.12006045572317
from_SLR,copula,29,74,132,0.5606060606060606,5.172276355369711
from_SLR,copula,29,75,132,0.5681818181818182,5.261291072081148
from_SLR,copula,29,76,132,0.5757575757575758,5.228156454495232
from_SLR,copula,29,77,132,0.5833333333333334,5.181961650536409
from_SLR,copula,29,78,132,0.5909090909090909,5.211039266693854
from_SLR,copula,29,79,132,0.5984848484848485,5.2220606689725955
from_SLR,copula,29,80,132,0.6060606060606061,5.275581274789692
from_SLR,copula,29,81,132,0.6136363636363636,5.258191794108613
from_SLR,copula,29,82,132,0.6212121212121212,5.234354698022926
from_SLR,copula,29,83,132,0.6287878787878788,5.27090684768782
from_SLR,copula,29,84,132,0.6363636363636364,5.362938374661917
from_SLR,copula,29,85,132,0.6439393939393939,5.331646858378171
from_SLR,copula,29,86,132,0.6515151515151515,5.345580880368682
from_SLR,copula,29,87,132,0.6590909090909091,5.3685845981115445
from_SLR,copula,29,88,132,0.6666666666666666,5.403387837869969
from_SLR,copula,29,89,132,0.6742424242424242,5.441904688485489
from_SLR,copula,29,90,132,0.6818181818181818,5.431914058632357
from_SLR,copula,29,91,132,0.6893939393939394,5.458775289308441
from_SLR,copula,29,92,132,0.696969696969697,5.525396789057477
from_SLR,copula,29,93,132,0.7045454545454546,5.534246791897287
from_SLR,copula,29,94,132,0.7121212121212122,5.513185454588066
from_SLR,copula,29,95,132,0.7196969696969697,5.578461951103574
from_SLR,copula,29,96,132,0.7272727272727273,5.564226932988173
from_SLR,copula,29,97,132,0.7348484848484849,5.537992987655527
from_SLR,copula,29,98,132,0.7424242424242424,5.489251878810553
from_SLR,copula,29,99,132,0.75,5.478779166684362
from_SLR,copula,29,100,132,0.7575757575757576,5.436736784366781
from_SLR,copula,29,101,132,0.7651515151515151,5.458897556786068
from_SLR,copula,29,102,132,0.7727272727272727,5.571648236060981
from_SLR,copula,29,103,132,0.7803030303030303,5.610005926315543
from_SLR,copula,29,104,132,0.7878787878787878,5.625444893614428
from_SLR,copula,29,105,132,0.7954545454545454,5.620618120016225
from_SLR,copula,29,106,132,0.803030303030303,5.585283933410151
from_SLR,copula,29,107,132,0.8106060606060606,5.585204234673
from_SLR,copula,29,108,132,0.8181818181818182,5.577129881024098
from_SLR,copula,29,109,132,0.8257575757575758,5.553857545713391
from_SLR,copula,29,110,132,0.8333333333333334,5.624560102394501
from_SLR,copula,29,111,132,0.8409090909090909,5.704561929543594
from_SLR,copula,29,112,132,0.8484848484848485,5.67688596055295
from_SLR,copula,29,113,132,0.8560606060606061,5.674794102612432
from_SLR,copula,29,114,132,0.8636363636363636,5.7200488357320145
from_SLR,copula,29,115,132,0.8712121212121212,5.777737119542574
from_SLR,copula,29,116,132,0.8787878787878788,5.816480319544345
from_SLR,copula,29,117,132,0.8863636363636364,5.851050821445004
from_SLR,copula,29,118,132,0.8939393939393939,5.902890102232743
from_SLR,copula,29,119,132,0.9015151515151515,5.892999154500763
from_SLR,copula,29,120,132,0.9090909090909091,5.884642494682411
from_SLR,copula,29,121,132,0.9166666666666666,5.876342210676952
from_SLR,copula,29,122,132,0.9242424242424242,5.857979751252167
from_SLR,copula,29,123,132,0.9318181818181818,5.849983850187903
from_SLR,copula,29,124,132,0.9393939393939394,5.830650779324425
from_SLR,copula,29,125,132,0.946969696969697,5.815321605984946
from_SLR,copula,29,126,132,0.9545454545454546,5.812294503222648
from_SLR,copula,29,127,132,0.9621212121212122,5.816676807893143
from_SLR,copula,29,128,132,0.9696969696969697,5.812805452450355
from_SLR,copula,29,129,132,0.9772727272727273,5.793485844400687
from_SLR,copula,29,130,132,0.9848484848484849,5.778487505613342
from_SLR,copula,29,131,132,0.9924242424242424,5.771598891174154
from_SLR,copula,29,132,132,1.0,5.756071398180815
from_SLR,copula,43,1,132,0.007575757575757576,4.788838575419585
from_SLR,copula,43,2,132,0.015151515151515152,4.186530467913656
from_SLR,copula,43,3,132,0.022727272727272728,5.993465862357925
from_SLR,copula,43,4,132,0.030303030303030304,5.173763688231591
from_SLR,copula,43,5,132,0.03787878787878788,6.050816960070144
from_SLR,copula,43,6,132,0.045454545454545456,5.763281148172992
from_SLR,copula,43,7,132,0.05303030303030303,6.279306485657868
from_SLR,copula,43,8,132,0.06060606060606061,6.746831700514177
from_SLR,copula,43,9,132,0.06818181818181818,6.8941654256539255
from_SLR,copula,43,10,132,0.07575757575757576,6.808507194994254
from_SLR,copula,43,11,132,0.08333333333333333,7.116466661059452
from_SLR,copula,43,12,132,0.09090909090909091,6.832722597223577
from_SLR,copula,43,13,132,0.09848484848484848,6.839787557113015
from_SLR,copula,43,14,132,0.10606060606060606,6.605108469922272
from_SLR,copula,43,15,132,0.11363636363636363,6.627934953913733
from_SLR,copula,43,16,132,0.12121212121212122,6.555099009529797
from_SLR,copula,43,17,132,0.12878787878787878,6.2646219601646695
from_SLR,copula,43,18,132,0.13636363636363635,6.101851436371984
from_SLR,copula,43,19,132,0.14393939393939395,5.9357150540742945
from_SLR,copula,43,20,132,0.15151515151515152,5.893180135992984
from_SLR,copula,43,21,132,0.1590909090909091,5.869714689809878
from_SLR,copula,43,22,132,0.16666666666666666,5.852659718577715
from_SLR,copula,43,23,132,0.17424242424242425,5.931435729038264
from_SLR,copula,43,24,132,0.18181818181818182,5.838894959068981
from_SLR,copula,43,25,132,0.1893939393939394,5.668507154412156
from_SLR,copula,43,26,132,0.19696969696969696,5.866676372673846
from_SLR,copula,43,27,132,0.20454545454545456,5.865239690177618
from_SLR,copula,43,28,132,0.21212121212121213,5.872156964295114
from_SLR,copula,43,29,132,0.2196969696969697,6.087334761513448
from_SLR,copula,43,30,132,0.22727272727272727,5.989107891156613
from_SLR,copula,43,31,132,0.23484848484848486,5.983183229362095
from_SLR,copula,43,32,132,0.24242424242424243,5.986123545485163
from_SLR,copula,43,33,132,0.25,6.05699201269008
from_SLR,copula,43,34,132,0.25757575757575757,6.039795250493669
from_SLR,copula,43,35,132,0.26515151515151514,5.929043934329449
from_SLR,copula,43,36,132,0.2727272727272727,5.829350352551609
from_SLR,copula,43,37,132,0.2803030303030303,5.927318453537348
from_SLR,copula,43,38,132,0.2878787878787879,6.069577823756231
from_SLR,copula,43,39,132,0.29545454545454547,6.076457624537188
from_SLR,copula,43,40,132,0.30303030303030304,6.140114916790974
from_SLR,copula,43,41,132,0.3106060606060606,6.30784959975563
from_SLR,copula,43,42,132,0.3181818181818182,6.3015278302220015
from_SLR,copula,43,43,132,0.32575757575757575,6.3006602554777835
from_SLR,copula,43,44,132,0.3333333333333333,6.263241674913095
from_SLR,copula,43,45,132,0.3409090909090909,6.4461386837319035
from_SLR,copula,43,46,132,0.3484848484848485,6.510115766529429
from_SLR,copula,43,47,132,0.3560606060606061,6.454243488541275
from_SLR,copula,43,48,132,0.36363636363636365,6.395040210148235
from_SLR,copula,43,49,132,0.3712121212121212,6.465005031076791
from_SLR,copula,43,50,132,0.3787878787878788,6.438888692989288
from_SLR,copula,43,51,132,0.38636363636363635,6.439084303537033
from_SLR,copula,43,52,132,0.3939393939393939,6.451947161557593
from_SLR,copula,43,53,132,0.4015151515151515,6.385163209785352
from_SLR,copula,43,54,132,0.4090909090909091,6.417781698745818
from_SLR,copula,43,55,132,0.4166666666666667,6.426016637798681
from_SLR,copula,43,56,132,0.42424242424242425,6.351206929279471
from_SLR,copula,43,57,132,0.4318181818181818,6.313446863905056
from_SLR,copula,43,58,132,0.4393939393939394,6.3604859137747045
from_SLR,copula,43,59,132,0.44696969696969696,6.348772263120171
from_SLR,copula,43,60,132,0.45454545454545453,6.36788667084339
from_SLR,copula,43,61,132,0.4621212121212121,6.3986665047067595
from_SLR,copula,43,62,132,0.4696969696969697,6.444555126665526
from_SLR,copula,43,63,132,0.4772727272727273,6.41550136603502
from_SLR,copula,43,64,132,0.48484848484848486,6.515139391388716
from_SLR,copula,43,65,132,0.49242424242424243,6.483965190456864
from_SLR,copula,43,66,132,0.5,6.445229999448254
from_SLR,copula,43,67,132,0.5075757575757576,6.415585264725579
from_SLR,copula,43,68,132,0.5151515151515151,6.503878702349066
from_SLR,copula,43,69,132,0.5227272727272727,6.547615025097258
from_SLR,copula,43,70,132,0.5303030303030303,6.560921201233239
from_SLR,copula,43,71,132,0.5378787878787878,6.547462619354207
from_SLR,copula,43,72,132,0.5454545454545454,6.533532925089858
from_SLR,copula,43,73,132,0.553030303030303,6.558062669908829
from_SLR,copula,43,74,132,0.5606060606060606,6.5118246503776245
from_SLR,copula,43,75,132,0.5681818181818182,6.6678039445557
from_SLR,copula,43,76,132,0.5757575757575758,6.66484167998781
from_SLR,copula,43,77,132,0.5833333333333334,6.693908910212492
from_SLR,copula,43,78,132,0.5909090909090909,6.762573181612122
from_SLR,copula,43,79,132,0.5984848484848485,6.775200696641816
from_SLR,copula,43,80,132,0.6060606060606061,6.7375895738530245
from_SLR,copula,43,81,132,0.6136363636363636,6.718545597403829
from_SLR,copula,43,82,132,0.6212121212121212,6.721632513999571
from_SLR,copula,43,83,132,0.6287878787878788,6.6827512548040735
from_SLR,copula,43,84,132,0.6363636363636364,6.6974671844790805
from_SLR,copula,43,85,132,0.6439393939393939,6.692043701088255
from_SLR,copula,43,86,132,0.6515151515151515,6.674263566680827
from_SLR,copula,43,87,132,0.6590909090909091,6.630314382010871
from_SLR,copula,43,88,132,0.6666666666666666,6.570731651724547
from_SLR,copula,43,89,132,0.6742424242424242,6.6667395667337415
from_SLR,copula,43,90,132,0.6818181818181818,6.741886804864205
from_SLR,copula,43,91,132,0.6893939393939394,6.7780884912208235
from_SLR,copula,43,92,132,0.696969696969697,6.8233708211159465
from_SLR,copula,43,93,132,0.7045454545454546,6.762171931270176
from_SLR,copula,43,94,132,0.7121212121212122,6.786021393997207
from_SLR,copula,43,95,132,0.7196969696969697,6.747543183737693
from_SLR,copula,43,96,132,0.7272727272727273,6.780881524480616
from_SLR,copula,43,97,132,0.7348484848484849,6.741004660696921
from_SLR,copula,43,98,132,0.7424242424242424,6.738412429604868
from_SLR,copula,43,99,132,0.75,6.799936343922665
from_SLR,copula,43,100,132,0.7575757575757576,6.767893681627446
from_SLR,copula,43,101,132,0.7651515151515151,6.82162214789504
from_SLR,copula,43,102,132,0.7727272727272727,6.875142925139195
from_SLR,copula,43,103,132,0.7803030303030303,6.830335311349941
from_SLR,copula,43,104,132,0.7878787878787878,6.820987309151237
from_SLR,copula,43,105,132,0.7954545454545454,6.798938399911786
from_SLR,copula,43,106,132,0.803030303030303,6.786665316590654
from_SLR,copula,43,107,132,0.8106060606060606,6.76667048735342
from_SLR,copula,43,108,132,0.8181818181818182,6.731319719720774
from_SLR,copula,43,109,132,0.8257575757575758,6.701221904845638
from_SLR,copula,43,110,132,0.8333333333333334,6.669354354088955
from_SLR,copula,43,111,132,0.8409090909090909,6.637628061710378
from_SLR,copula,43,112,132,0.8484848484848485,6.610682016914773
from_SLR,copula,43,113,132,0.8560606060606061,6.595495355926468
from_SLR,copula,43,114,132,0.8636363636363636,6.568446642207881
from_SLR,copula,43,115,132,0.8712121212121212,6.564098837285903
from_SLR,copula,43,116,132,0.8787878787878788,6.538794065095734
from_SLR,copula,43,117,132,0.8863636363636364,6.528203583245431
from_SLR,copula,43,118,132,0.8939393939393939,6.502992699259778
from_SLR,copula,43,119,132,0.9015151515151515,6.475094038078708
from_SLR,copula,43,120,132,0.9090909090909091,6.44812874042849
from_SLR,copula,43,121,132,0.9166666666666666,6.448067936806278
from_SLR,copula,43,122,132,0.9242424242424242,6.404954465488013
from_SLR,copula,43,123,132,0.9318181818181818,6.377164448977554
from_SLR,copula,43,124,132,0.9393939393939394,6.3765942530825654
from_SLR,copula,43,125,132,0.946969696969697,6.365177316277828
from_SLR,copula,43,126,132,0.9545454545454546,6.3414543661179055
from_SLR,copula,43,127,132,0.9621212121212122,6.325628733372319
from_SLR,copula,43,128,132,0.9696969696969697,6.288792751314297
from_SLR,copula,43,129,132,0.9772727272727273,6.260493379538146
from_SLR,copula,43,130,132,0.9848484848484849,6.248266337118915
from_SLR,copula,43,131,132,0.9924242424242424,6.240676925170367
from_SLR,copula,43,132,132,1.0,6.222480182571304
from_SLR,none,17,1,132,0.007575757575757576,6.761043104529295
from_SLR,none,17,2,132,0.015151515151515152,6.855410514913208
from_SLR,none,17,3,132,0.022727272727272728,9.431680041079316
from_SLR,none,17,4,132,0.030303030303030304,9.413462191441194
from_SLR,none,17,5,132,0.03787878787878788,8.051813800959165
from_SLR,none,17,6,132,0.045454545454545456,8.028116530240839
from_SLR,none,17,7,132,0.05303030303030303,8.072421672763523
from_SLR,none,17,8,132,0.06060606060606061,8.684640405032571
from_SLR,none,17,9,132,0.06818181818181818,8.355633723378169
from_SLR,none,17,10,132,0.07575757575757576,8.389572120968884
from_SLR,none,17,11,132,0.08333333333333333,8.154255744012575
from_SLR,none,17,12,132,0.09090909090909091,8.05070003923885
from_SLR,none,17,13,132,0.09848484848484848,7.877330815975734
from_SLR,none,17,14,132,0.10606060606060606,8.402335093800714
from_SLR,none,17,15,132,0.11363636363636363,8.014808023426445
from_SLR,none,17,16,132,0.12121212121212122,7.630659368088801
from_SLR,none,17,17,132,0.12878787878787878,7.631787186992543
from_SLR,none,17,18,132,0.13636363636363635,7.5272098252549
from_SLR,none,17,19,132,0.14393939393939395,7.4901540703559135
from_SLR,none,17,20,132,0.15151515151515152,7.3162567107025
from_SLR,none,17,21,132,0.1590909090909091,7.266604195406901
from_SLR,none,17,22,132,0.16666666666666666,7.059614392375676
from_SLR,none,17,23,132,0.17424242424242425,7.043776073849411
from_SLR,none,17,24,132,0.18181818181818182,7.054893426406397
from_SLR,none,17,25,132,0.1893939393939394,6.909096894625807
from_SLR,none,17,26,132,0.19696969696969696,7.034718323107809
from_SLR,none,17,27,132,0.20454545454545456,6.974756818952648
from_SLR,none,17,28,132,0.21212121212121213,6.946975634730242
from_SLR,none,17,29,132,0.2196969696969697,7.125886451543295
from_SLR,none,17,30,132,0.22727272727272727,6.939785432732574
from_SLR,none,17,31,132,0.23484848484848486,6.863848554115959
from_SLR,none,17,32,132,0.24242424242424243,6.891548416258237
from_SLR,none,17,33,132,0.25,6.767983589152905
from_SLR,none,17,34,132,0.25757575757575757,6.8376246623665455
from_SLR,none,17,35,132,0.26515151515151514,6.968849916587303
from_SLR,none,17,36,132,0.2727272727272727,6.83199809899842
from_SLR,none,17,37,132,0.2803030303030303,6.911676846702559
from_SLR,none,17,38,132,0.2878787878787879,6.9853237991580075
from_SLR,none,17,39,132,0.29545454545454547,6.972312897431296
from_SLR,none,17,40,132,0.30303030303030304,6.839099151617779
from_SLR,none,17,41,132,0.3106060606060606,6.79937464806713
from_SLR,none,17,42,132,0.3181818181818182,6.806593659556064
from_SLR,none,17,43,132,0.32575757575757575,6.8239808138315645
from_SLR,none,17,44,132,0.3333333333333333,6.828618978347124
from_SLR,none,17,45,132,0.3409090909090909,6.786255867400936
from_SLR,none,17,46,132,0.3484848484848485,6.753205799201106
from_SLR,none,17,47,132,0.3560606060606061,6.8010794234218634
from_SLR,none,17,48,132,0.36363636363636365,6.715873695683019
from_SLR,none,17,49,132,0.3712121212121212,6.736927833822153
from_SLR,none,17,50,132,0.3787878787878788,6.661119737488821
from_SLR,none,17,51,132,0.38636363636363635,6.569165181960435
from_SLR,none,17,52,132,0.3939393939393939,6.46311904061108
from_SLR,none,17,53,132,0.4015151515151515,6.416885181541396
from_SLR,none,17,54,132,0.4090909090909091,6.353796421570042
from_SLR,none,17,55,132,0.4166666666666667,6.383955818185962
from_SLR,none,17,56,132,0.42424242424242425,6.365233163903428
from_SLR,none,17,57,132,0.4318181818181818,6.395426146623923
from_SLR,none,17,58,132,0.4393939393939394,6.4109596075520985
from_SLR,none,17,59,132,0.44696969696969696,6.353569711906777
from_SLR,none,17,60,132,0.45454545454545453,6.371066429806982
from_SLR,none,17,61,132,0.4621212121212121,6.3217306865664895
from_SLR,none,17,62,132,0.4696969696969697,6.370983628445816
from_SLR,none,17,63,132,0.4772727272727273,6.342790996568876
from_SLR,none,17,64,132,0.48484848484848486,6.290485862223516
from_SLR,none,17,65,132,0.49242424242424243,6.258979326994907
from_SLR,none,17,66,132,0.5,6.255310449738006
from_SLR,none,17,67,132,0.5075757575757576,6.213198139578267
from_SLR,none,17,68,132,0.5151515151515151,6.283224202727046
from_SLR,none,17,69,132,0.5227272727272727,6.368675656579254
from_SLR,none,17,70,132,0.5303030303030303,6.402992193665598
from_SLR,none,17,71,132,0.5378787878787878,6.406826680062913
from_SLR,none,17,72,132,0.5454545454545454,6.375793794684084
from_SLR,none,17,73,132,0.553030303030303,6.390999453809563
from_SLR,none,17,74,132,0.5606060606060606,6.3805484862036375
from_SLR,none,17,75,132,0.5681818181818182,6.412768082021694
from_SLR,none,17,76,132,0.5757575757575758,6.427509893336603
from_SLR,none,17,77,132,0.5833333333333334,6.3968035945876975
from_SLR,none,17,78,132,0.5909090909090909,6.358378930121868
from_SLR,none,17,79,132,0.5984848484848485,6.338969533862832
from_SLR,none,17,80,132,0.6060606060606061,6.41399840866211
from_SLR,none,17,81,132,0.6136363636363636,6.373349168647153
from_SLR,none,17,82,132,0.6212121212121212,6.335401320989848
from_SLR,none,17,83,132,0.6287878787878788,6.284361079657641
from_SLR,none,17,84,132,0.6363636363636364,6.267184995003393
from_SLR,none,17,85,132,0.6439393939393939,6.233567841587551
from_SLR,none,17,86,132,0.6515151515151515,6.211276160429309
from_SLR,none,17,87,132,0.6590909090909091,6.17138849634407
from_SLR,none,17,88,132,0.6666666666666666,6.184075977375093
from_SLR,none,17,89,132,0.6742424242424242,6.212043788558552
from_SLR,none,17,90,132,0.6818181818181818,6.191104460454023
from_SLR,none,17,91,132,0.6893939393939394,6.168202023917518
from_SLR,none,17,92,132,0.696969696969697,6.173237258836978
from_SLR,none,17,93,132,0.7045454545454546,6.186872423561523
from_SLR,none,17,94,132,0.7121212121212122,6.178421203858751
from_SLR,none,17,95,132,0.7196969696969697,6.124587035154487
from_SLR,none,17,96,132,0.7272727272727273,6.121152682418329
from_SLR,none,17,97,132,0.7348484848484849,6.116816975741986
from_SLR,none,17,98,132,0.7424242424242424,6.110774788382544
from_SLR,none,17,99,132,0.75,6.162106360241034
from_SLR,none,17,100,132,0.7575757575757576,6.131518778411196
from_SLR,none,17,101,132,0.7651515151515151,6.201391630526177
from_SLR,none,17,102,132,0.7727272727272727,6.176605373562705
from_SLR,none,17,103,132,0.7803030303030303,6.174966557400385
from_SLR,none,17,104,132,0.7878787878787878,6.183116521533632
from_SLR,none,17,105,132,0.7954545454545454,6.142268496988906
from_SLR,none,17,106,132,0.803030303030303,6.134758985190368
from_SLR,none,17,107,132,0.8106060606060606,6.130688657565319
from_SLR,none,17,108,132,0.8181818181818182,6.104540659813859
from_SLR,none,17,109,132,0.8257575757575758,6.124472530564084
from_SLR,none,17,110,132,0.8333333333333334,6.169222487399481
from_SLR,none,17,111,132,0.8409090909090909,6.212048775494557
from_SLR,none,17,112,132,0.8484848484848485,6.242376078635901
from_SLR,none,17,113,132,0.8560606060606061,6.216866926933336
from_SLR,none,17,114,132,0.8636363636363636,6.192205288748175
from_SLR,none,17,115,132,0.8712121212121212,6.221931282464614
from_SLR,none,17,116,132,0.8787878787878788,6.220424412337352
from_SLR,none,17,117,132,0.8863636363636364,6.2014923209068185
from_SLR,none,17,118,132,0.8939393939393939,6.177403947208702
from_SLR,none,17,119,132,0.9015151515151515,6.160866784783489
from_SLR,none,17,120,132,0.9090909090909091,6.149870236600961
from_SLR,none,17,121,132,0.9166666666666666,6.146945534458794
from_SLR,none,17,122,132,0.9242424242424242,6.1424987055741225
from_SLR,none,17,123,132,0.9318181818181818,6.110284290429858
from_SLR,none,17,124,132,0.9393939393939394,6.135000741977197
from_SLR,none,17,125,132,0.946969696969697,6.134135228907298
from_SLR,none,17,126,132,0.9545454545454546,6.151996292366676
from_SLR,none,17,127,132,0.9621212121212122,6.146330838832036
from_SLR,none,17,128,132,0.9696969696969697,6.139986636327271
from_SLR,none,17,129,132,0.9772727272727273,6.15958212717962
from_SLR,none,17,130,132,0.9848484848484849,6.147960156158355
from_SLR,none,17,131,132,0.9924242424242424,6.134144320765526
from_SLR,none,17,132,132,1.0,6.109335671565013
from_SLR,none,29,1,132,0.007575757575757576,2.35794037273899
from_SLR,none,29,2,132,0.015151515151515152,2.7155923452700654
from_SLR,none,29,3,132,0.022727272727272728,2.9852663029710858
from_SLR,none,29,4,132,0.030303030303030304,3.188758930759708
from_SLR,none,29,5,132,0.03787878787878788,3.169264754631441
from_SLR,none,29,6,132,0.045454545454545456,4.094256685613226
from_SLR,none,29,7,132,0.05303030303030303,4.13593520977844
from_SLR,none,29,8,132,0.06060606060606061,4.144406902028255
from_SLR,none,29,9,132,0.06818181818181818,4.591855510985218
from_SLR,none,29,10,132,0.07575757575757576,4.401270630200553
from_SLR,none,29,11,132,0.08333333333333333,4.286223117355662
from_SLR,none,29,12,132,0.09090909090909091,4.4088463569462375
from_SLR,none,29,13,132,0.09848484848484848,4.406595609404281
from_SLR,none,29,14,132,0.10606060606060606,4.26955688831987
from_SLR,none,29,15,132,0.11363636363636363,4.483269039033635
from_SLR,none,29,16,132,0.12121212121212122,4.316780578888554
from_SLR,none,29,17,132,0.12878787878787878,4.211148573721395
from_SLR,none,29,18,132,0.13636363636363635,4.3760267153610535
from_SLR,none,29,19,132,0.14393939393939395,4.6059443714305175
from_SLR,none,29,20,132,0.15151515151515152,4.526239257450821
from_SLR,none,29,21,132,0.1590909090909091,4.58199111843452
from_SLR,none,29,22,132,0.16666666666666666,4.644417923728226
from_SLR,none,29,23,132,0.17424242424242425,4.875365989765154
from_SLR,none,29,24,132,0.18181818181818182,4.78973583737368
from_SLR,none,29,25,132,0.1893939393939394,4.845738162656037
from_SLR,none,29,26,132,0.19696969696969696,4.874932705167333
from_SLR,none,29,27,132,0.20454545454545456,4.771671815883879
from_SLR,none,29,28,132,0.21212121212121213,4.819658338258184
from_SLR,none,29,29,132,0.2196969696969697,4.742292363721654
from_SLR,none,29,30,132,0.22727272727272727,4.676529645782975
from_SLR,none,29,31,132,0.23484848484848486,4.687390991493537
from_SLR,none,29,32,132,0.24242424242424243,4.782971843646729
from_SLR,none,29,33,132,0.25,4.8952866357745854
from_SLR,none,29,34,132,0.25757575757575757,4.944269547628208
from_SLR,none,29,35,132,0.26515151515151514,4.9926116996373775
from_SLR,none,29,36,132,0.2727272727272727,4.963163270519472
from_SLR,none,29,37,132,0.2803030303030303,5.040980955175991
from_SLR,none,29,38,132,0.2878787878787879,5.042244334695701
from_SLR,none,29,39,132,0.29545454545454547,4.973533670737602
from_SLR,none,29,40,132,0.30303030303030304,5.085843653410629
from_SLR,none,29,41,132,0.3106060606060606,5.182600475427554
from_SLR,none,29,42,132,0.3181818181818182,5.2021737096392044
from_SLR,none,29,43,132,0.32575757575757575,5.171215616265238
from_SLR,none,29,44,132,0.3333333333333333,5.135862762595043
from_SLR,none,29,45,132,0.3409090909090909,5.146725319535511
from_SLR,none,29,46,132,0.3484848484848485,5.13440558373412
from_SLR,none,29,47,132,0.3560606060606061,5.07868122376829
from_SLR,none,29,48,132,0.36363636363636365,5.071791134691227
from_SLR,none,29,49,132,0.3712121212121212,5.093004112853282
from_SLR,none,29,50,132,0.3787878787878788,5.115490491107
from_SLR,none,29,51,132,0.38636363636363635,5.145959408060788
from_SLR,none,29,52,132,0.3939393939393939,5.054589789411245
from_SLR,none,29,53,132,0.4015151515151515,5.053232257077654
from_SLR,none,29,54,132,0.4090909090909091,5.0916403103705425
from_SLR,none,29,55,132,0.4166666666666667,5.192334057225233
from_SLR,none,29,56,132,0.42424242424242425,5.12541097596351
from_SLR,none,29,57,132,0.4318181818181818,5.13898195926657
from_SLR,none,29,58,132,0.4393939393939394,5.120387120887127
from_SLR,none,29,59,132,0.44696969696969696,5.128965738563086
from_SLR,none,29,60,132,0.45454545454545453,5.177879257120332
from_SLR,none,29,61,132,0.4621212121212121,5.209440153432806
from_SLR,none,29,62,132,0.4696969696969697,5.173751518738242
from_SLR,none,29,63,132,0.4772727272727273,5.1185916406606
from_SLR,none,29,64,132,0.48484848484848486,5.1062799997221955
from_SLR,none,29,65,132,0.49242424242424243,5.116892861949727
from_SLR,none,29,66,132,0.5,5.106260099678848
from_SLR,none,29,67,132,0.5075757575757576,5.058217213762364
from_SLR,none,29,68,132,0.5151515151515151,5.091612786268043
from_SLR,none,29,69,132,0.5227272727272727,5.145189659718071
from_SLR,none,29,70,132,0.5303030303030303,5.197781595099488
from_SLR,none,29,71,132,0.5378787878787878,5.180860812916153
from_SLR,none,29,72,132,0.5454545454545454,5.235228291616082
from_SLR,none,29,73,132,0.553030303030303,5.232434819317959
from_SLR,none,29,74,132,0.5606060606060606,5.204862432080305
from_SLR,none,29,75,132,0.5681818181818182,5.189419581634963
from_SLR,none,29,76,132,0.5757575757575758,5.160820777673028
from_SLR,none,29,77,132,0.5833333333333334,5.125143965165906
from_SLR,none,29,78,132,0.5909090909090909,5.075031744315197
from_SLR,none,29,79,132,0.5984848484848485,5.05070625157826
from_SLR,none,29,80,132,0.6060606060606061,5.062510277991788
from_SLR,none,29,81,132,0.6136363636363636,5.112406419604075
from_SLR,none,29,82,132,0.6212121212121212,5.170071560831852
from_SLR,none,29,83,132,0.6287878787878788,5.160588310576688
from_SLR,none,29,84,132,0.6363636363636364,5.119678929682211
from_SLR,none,29,85,132,0.6439393939393939,5.104969775829574
from_SLR,none,29,86,132,0.6515151515151515,5.081566091360699
from_SLR,none,29,87,132,0.6590909090909091,5.153257676683372
from_SLR,none,29,88,132,0.6666666666666666,5.211537693186987
from_SLR,none,29,89,132,0.6742424242424242,5.183642956807351
from_SLR,none,29,90,132,0.6818181818181818,5.195216371735842
from_SLR,none,29,91,132,0.6893939393939394,5.167169916276949
from_SLR,none,29,92,132,0.696969696969697,5.142810534145096
from_SLR,none,29,93,132,0.7045454545454546,5.162597294198857
from_SLR,none,29,94,132,0.7121212121212122,5.142744881614875
from_SLR,none,29,95,132,0.7196969696969697,5.136459734749638
from_SLR,none,29,96,132,0.7272727272727273,5.132142096195554
from_SLR,none,29,97,132,0.7348484848484849,5.139992774897635
from_SLR,none,29,98,132,0.7424242424242424,5.182456846916165
from_SLR,none,29,99,132,0.75,5.261033137173572
from_SLR,none,29,100,132,0.7575757575757576,5.348386682440246
from_SLR,none,29,101,132,0.7651515151515151,5.40715476418997
from_SLR,none,29,102,132,0.7727272727272727,5.380879857103677
from_SLR,none,29,103,132,0.7803030303030303,5.397782968374653
from_SLR,none,29,104,132,0.7878787878787878,5.35620452662092
from_SLR,none,29,105,132,0.7954545454545454,5.413915833480843
from_SLR,none,29,106,132,0.803030303030303,5.404009699782054
from_SLR,none,29,107,132,0.8106060606060606,5.393980718314343
from_SLR,none,29,108,132,0.8181818181818182,5.39448985662762
from_SLR,none,29,109,132,0.8257575757575758,5.370942902811906
from_SLR,none,29,110,132,0.8333333333333334,5.428412472920641
from_SLR,none,29,111,132,0.8409090909090909,5.425640229022646
from_SLR,none,29,112,132,0.8484848484848485,5.4698979808139905
from_SLR,none,29,113,132,0.8560606060606061,5.46352897707445
from_SLR,none,29,114,132,0.8636363636363636,5.45408732729995
from_SLR,none,29,115,132,0.8712121212121212,5.425060350137933
from_SLR,none,29,116,132,0.8787878787878788,5.38639395008705
from_SLR,none,29,117,132,0.8863636363636364,5.3502700502385165
from_SLR,none,29,118,132,0.8939393939393939,5.344422707782405
from_SLR,none,29,119,132,0.9015151515151515,5.338032609686137
from_SLR,none,29,120,132,0.9090909090909091,5.335553872196688
from_SLR,none,29,121,132,0.9166666666666666,5.3298358912332615
from_SLR,none,29,122,132,0.9242424242424242,5.36109794514455
from_SLR,none,29,123,132,0.9318181818181818,5.349177763307133
from_SLR,none,29,124,132,0.9393939393939394,5.352415661781019
from_SLR,none,29,125,132,0.946969696969697,5.351519974558633
from_SLR,none,29,126,132,0.9545454545454546,5.359180584544153
from_SLR,none,29,127,132,0.9621212121212122,5.356920739149552
from_SLR,none,29,128,132,0.9696969696969697,5.3644196757350455
from_SLR,none,29,129,132,0.9772727272727273,5.347353983167829
from_SLR,none,29,130,132,0.9848484848484849,5.343703248774735
from_SLR,none,29,131,132,0.9924242424242424,5.337615201327422
from_SLR,none,29,132,132,1.0,5.32333306759045
from_SLR,none,43,1,132,0.007575757575757576,5.224649771647779
from_SLR,none,43,2,132,0.015151515151515152,5.0379011418074775
from_SLR,none,43,3,132,0.022727272727272728,5.210090175349539
from_SLR,none,43,4,132,0.030303030303030304,4.532963144697863
from_SLR,none,43,5,132,0.03787878787878788,4.7492125165976145
from_SLR,none,43,6,132,0.045454545454545456,4.345877865561868
from_SLR,none,43,7,132,0.05303030303030303,4.530532349200966
from_SLR,none,43,8,132,0.06060606060606061,4.986584320223514
from_SLR,none,43,9,132,0.06818181818181818,5.166605473671964
from_SLR,none,43,10,132,0.07575757575757576,5.344654253157985
from_SLR,none,43,11,132,0.08333333333333333,5.286908003313021
from_SLR,none,43,12,132,0.09090909090909091,5.145063352626907
from_SLR,none,43,13,132,0.09848484848484848,5.393535291418795
from_SLR,none,43,14,132,0.10606060606060606,5.453303389919374
from_SLR,none,43,15,132,0.11363636363636363,5.441556235219784
from_SLR,none,43,16,132,0.12121212121212122,5.264343944630468
from_SLR,none,43,17,132,0.12878787878787878,5.338646593912828
from_SLR,none,43,18,132,0.13636363636363635,5.5020042020772575
from_SLR,none,43,19,132,0.14393939393939395,5.595120306149982
from_SLR,none,43,20,132,0.15151515151515152,5.601493911705025
from_SLR,none,43,21,132,0.1590909090909091,5.650685942533776
from_SLR,none,43,22,132,0.16666666666666666,5.863928260734564
from_SLR,none,43,23,132,0.17424242424242425,5.764240171666266
from_SLR,none,43,24,132,0.18181818181818182,5.620686531771191
from_SLR,none,43,25,132,0.1893939393939394,5.707729119565728
from_SLR,none,43,26,132,0.19696969696969696,5.858805512397468
from_SLR,none,43,27,132,0.20454545454545456,5.766260396751888
from_SLR,none,43,28,132,0.21212121212121213,5.8072191268416455
from_SLR,none,43,29,132,0.2196969696969697,5.787138013669846
from_SLR,none,43,30,132,0.22727272727272727,5.700380354547592
from_SLR,none,43,31,132,0.23484848484848486,5.6572182431606794
from_SLR,none,43,32,132,0.24242424242424243,5.70905764965252
from_SLR,none,43,33,132,0.25,5.818688272071722
from_SLR,none,43,34,132,0.25757575757575757,5.888185120820187
from_SLR,none,43,35,132,0.26515151515151514,5.8766845969746395
from_SLR,none,43,36,132,0.2727272727272727,5.814975430504004
from_SLR,none,43,37,132,0.2803030303030303,5.757406499027466
from_SLR,none,43,38,132,0.2878787878787879,5.756909227319025
from_SLR,none,43,39,132,0.29545454545454547,5.807507936682081
from_SLR,none,43,40,132,0.30303030303030304,5.91346777636794
from_SLR,none,43,41,132,0.3106060606060606,5.8496499763460665
from_SLR,none,43,42,132,0.3181818181818182,5.844020081890236
from_SLR,none,43,43,132,0.32575757575757575,5.802521374215675
from_SLR,none,43,44,132,0.3333333333333333,5.8484357127379605
from_SLR,none,43,45,132,0.3409090909090909,5.868050846497326
from_SLR,none,43,46,132,0.3484848484848485,5.989653372943054
from_SLR,none,43,47,132,0.3560606060606061,5.899811043999659
from_SLR,none,43,48,132,0.36363636363636365,5.973552637557318
from_SLR,none,43,49,132,0.3712121212121212,5.959447562813462
from_SLR,none,43,50,132,0.3787878787878788,6.077195968307669
from_SLR,none,43,51,132,0.38636363636363635,6.084809352950453
from_SLR,none,43,52,132,0.3939393939393939,6.060090555326317
from_SLR,none,43,53,132,0.4015151515151515,6.092948154582359
from_SLR,none,43,54,132,0.4090909090909091,6.001531029946562
from_SLR,none,43,55,132,0.4166666666666667,5.946420877059741
from_SLR,none,43,56,132,0.42424242424242425,5.994205022569192
from_SLR,none,43,57,132,0.4318181818181818,5.951900188591462
from_SLR,none,43,58,132,0.4393939393939394,5.922101429102467
from_SLR,none,43,59,132,0.44696969696969696,5.901021687129762
from_SLR,none,43,60,132,0.45454545454545453,5.847199883077423
from_SLR,none,43,61,132,0.4621212121212121,5.881366864562542
from_SLR,none,43,62,132,0.4696969696969697,5.875042802498608
from_SLR,none,43,63,132,0.4772727272727273,5.899572930151239
from_SLR,none,43,64,132,0.48484848484848486,5.950463454852915
from_SLR,none,43,65,132,0.49242424242424243,5.920866280393299
from_SLR,none,43,66,132,0.5,5.87636815970491
from_SLR,none,43,67,132,0.5075757575757576,5.850723102785315
from_SLR,none,43,68,132,0.5151515151515151,5.925793987627351
from_SLR,none,43,69,132,0.5227272727272727,5.929421314266494
from_SLR,none,43,70,132,0.5303030303030303,5.980951314476049
from_SLR,none,43,71,132,0.5378787878787878,5.939820458335438
from_SLR,none,43,72,132,0.5454545454545454,5.897333456137179
from_SLR,none,43,73,132,0.553030303030303,5.886859333900319
from_SLR,none,43,74,132,0.5606060606060606,5.875909735839584
from_SLR,none,43,75,132,0.5681818181818182,5.864557361983531
from_SLR,none,43,76,132,0.5757575757575758,5.801623537123258
from_SLR,none,43,77,132,0.5833333333333334,5.815224687738465
from_SLR,none,43,78,132,0.5909090909090909,5.829788133766707
from_SLR,none,43,79,132,0.5984848484848485,5.831851454661742
from_SLR,none,43,80,132,0.6060606060606061,5.918065475413437
from_SLR,none,43,81,132,0.6136363636363636,6.017739981438275
from_SLR,none,43,82,132,0.6212121212121212,5.981096802295494
from_SLR,none,43,83,132,0.6287878787878788,6.013091648661683
from_SLR,none,43,84,132,0.6363636363636364,6.00450341138946
from_SLR,none,43,85,132,0.6439393939393939,5.957028531996811
from_SLR,none,43,86,132,0.6515151515151515,5.902416932543977
from_SLR,none,43,87,132,0.6590909090909091,5.928162392657121
from_SLR,none,43,88,132,0.6666666666666666,5.919585622112433
from_SLR,none,43,89,132,0.6742424242424242,5.9420882595053515
from_SLR,none,43,90,132,0.6818181818181818,6.004170194924528
from_SLR,none,43,91,132,0.6893939393939394,5.980863786411747
from_SLR,none,43,92,132,0.696969696969697,5.94271590662413
from_SLR,none,43,93,132,0.7045454545454546,5.996601029558913
from_SLR,none,43,94,132,0.7121212121212122,5.983429331130675
from_SLR,none,43,95,132,0.7196969696969697,6.040130716521783
from_SLR,none,43,96,132,0.7272727272727273,6.030036053948451
from_SLR,none,43,97,132,0.7348484848484849,6.024703498766909
from_SLR,none,43,98,132,0.7424242424242424,6.012052194553345
from_SLR,none,43,99,132,0.75,6.077170650853866
from_SLR,none,43,100,132,0.7575757575757576,6.050264349380946
from_SLR,none,43,101,132,0.7651515151515151,6.03546701523118
from_SLR,none,43,102,132,0.7727272727272727,6.098136885679445
from_SLR,none,43,103,132,0.7803030303030303,6.071775678151672
from_SLR,none,43,104,132,0.7878787878787878,6.058006179055429
from_SLR,none,43,105,132,0.7954545454545454,6.029977057125599
from_SLR,none,43,106,132,0.803030303030303,6.036822670618406
from_SLR,none,43,107,132,0.8106060606060606,6.027294934302774
from_SLR,none,43,108,132,0.8181818181818182,6.003521927417034
from_SLR,none,43,109,132,0.8257575757575758,6.0565954679867335
from_SLR,none,43,110,132,0.8333333333333334,6.059293688327784
from_SLR,none,43,111,132,0.8409090909090909,6.032211422602441
from_SLR,none,43,112,132,0.8484848484848485,6.040316341119003
from_SLR,none,43,113,132,0.8560606060606061,6.043369086426072
from_SLR,none,43,114,132,0.8636363636363636,6.021256721798449
from_SLR,none,43,115,132,0.8712121212121212,6.00085531085186
from_SLR,none,43,116,132,0.8787878787878788,5.983245393710644
from_SLR,none,43,117,132,0.8863636363636364,5.981027628148435
from_SLR,none,43,118,132,0.8939393939393939,5.989045508788955
from_SLR,none,43,119,132,0.9015151515151515,5.977076709077669
from_SLR,none,43,120,132,0.9090909090909091,6.016263620427515
from_SLR,none,43,121,132,0.9166666666666666,6.017484050444635
from_SLR,none,43,122,132,0.9242424242424242,6.00871060060955
from_SLR,none,43,123,132,0.9318181818181818,6.000862253804713
from_SLR,none,43,124,132,0.9393939393939394,5.963710845208841
from_SLR,none,43,125,132,0.946969696969697,5.983411609969341
from_SLR,none,43,126,132,0.9545454545454546,6.001937688655578
from_SLR,none,43,127,132,0.9621212121212122,5.972670522628359
from_SLR,none,43,128,132,0.9696969696969697,5.937707062401517
from_SLR,none,43,129,132,0.9772727272727273,5.93112807982652
from_SLR,none,43,130,132,0.9848484848484849,5.9085767302749055
from_SLR,none,43,131,132,0.9924242424242424,5.905565342285315
from_SLR,none,43,132,132,1.0,5.898300434805695
from_SLR,rank_only,17,1,132,0.007575757575757576,6.207264032191897
from_SLR,rank_only,17,2,132,0.015151515151515152,7.343967946168799
from_SLR,rank_only,17,3,132,0.022727272727272728,7.429572357411328
from_SLR,rank_only,17,4,132,0.030303030303030304,6.545071765472671
from_SLR,rank_only,17,5,132,0.03787878787878788,7.88599068099432
from_SLR,rank_only,17,6,132,0.045454545454545456,7.4270679448652
from_SLR,rank_only,17,7,132,0.05303030303030303,6.88446008173548
from_SLR,rank_only,17,8,132,0.06060606060606061,7.629149161772549
from_SLR,rank_only,17,9,132,0.06818181818181818,7.364811097230851
from_SLR,rank_only,17,10,132,0.07575757575757576,7.008432611352902
from_SLR,rank_only,17,11,132,0.08333333333333333,7.0521004421439475
from_SLR,rank_only,17,12,132,0.09090909090909091,6.657946671224708
from_SLR,rank_only,17,13,132,0.09848484848484848,6.317140996359124
from_SLR,rank_only,17,14,132,0.10606060606060606,6.701322765404046
from_SLR,rank_only,17,15,132,0.11363636363636363,6.968988838074723
from_SLR,rank_only,17,16,132,0.12121212121212122,6.700457189735058
from_SLR,rank_only,17,17,132,0.12878787878787878,6.450417351418333
from_SLR,rank_only,17,18,132,0.13636363636363635,6.551861939429027
from_SLR,rank_only,17,19,132,0.14393939393939395,6.722249867430781
from_SLR,rank_only,17,20,132,0.15151515151515152,7.164379531548759
from_SLR,rank_only,17,21,132,0.1590909090909091,7.6427632322899335
from_SLR,rank_only,17,22,132,0.16666666666666666,7.862201760768759
from_SLR,rank_only,17,23,132,0.17424242424242425,8.31530795394498
from_SLR,rank_only,17,24,132,0.18181818181818182,8.439273931289767
from_SLR,rank_only,17,25,132,0.1893939393939394,8.356937438338374
from_SLR,rank_only,17,26,132,0.19696969696969696,8.09037482109603
from_SLR,rank_only,17,27,132,0.20454545454545456,8.309729884305417
from_SLR,rank_only,17,28,132,0.21212121212121213,8.037751011255281
from_SLR,rank_only,17,29,132,0.2196969696969697,8.42878350023737
from_SLR,rank_only,17,30,132,0.22727272727272727,8.694928168085593
from_SLR,rank_only,17,31,132,0.23484848484848486,8.681287255742236
from_SLR,rank_only,17,32,132,0.24242424242424243,8.576531304602243
from_SLR,rank_only,17,33,132,0.25,8.500101050148926
from_SLR,rank_only,17,34,132,0.25757575757575757,8.31145980659431
from_SLR,rank_only,17,35,132,0.26515151515151514,8.204470403794014
from_SLR,rank_only,17,36,132,0.2727272727272727,8.117549756937736
from_SLR,rank_only,17,37,132,0.2803030303030303,8.205691639729498
from_SLR,rank_only,17,38,132,0.2878787878787879,8.291047546275017
from_SLR,rank_only,17,39,132,0.29545454545454547,8.107676098891563
from_SLR,rank_only,17,40,132,0.30303030303030304,8.212250813281576
from_SLR,rank_only,17,41,132,0.3106060606060606,8.513287307525987
from_SLR,rank_only,17,42,132,0.3181818181818182,8.373603745446637
from_SLR,rank_only,17,43,132,0.32575757575757575,8.280655224925285
from_SLR,rank_only,17,44,132,0.3333333333333333,8.587992634215523
from_SLR,rank_only,17,45,132,0.3409090909090909,8.442586531583633
from_SLR,rank_only,17,46,132,0.3484848484848485,8.485443938423602
from_SLR,rank_only,17,47,132,0.3560606060606061,8.397165321578461
from_SLR,rank_only,17,48,132,0.36363636363636365,8.35680977052919
from_SLR,rank_only,17,49,132,0.3712121212121212,8.5370583211668
from_SLR,rank_only,17,50,132,0.3787878787878788,8.391482739007465
from_SLR,rank_only,17,51,132,0.38636363636363635,8.429885139471986
from_SLR,rank_only,17,52,132,0.3939393939393939,8.496222660524726
from_SLR,rank_only,17,53,132,0.4015151515151515,8.451402686295902
from_SLR,rank_only,17,54,132,0.4090909090909091,8.34124961500793
from_SLR,rank_only,17,55,132,0.4166666666666667,8.533362370479207
from_SLR,rank_only,17,56,132,0.42424242424242425,8.42105224304514
from_SLR,rank_only,17,57,132,0.4318181818181818,8.383946233837937
from_SLR,rank_only,17,58,132,0.4393939393939394,8.290679006322762
from_SLR,rank_only,17,59,132,0.44696969696969696,8.380582650944687
from_SLR,rank_only,17,60,132,0.45454545454545453,8.377724233705864
from_SLR,rank_only,17,61,132,0.4621212121212121,8.342601131352412
from_SLR,rank_only,17,62,132,0.4696969696969697,8.229397203714026
from_SLR,rank_only,17,63,132,0.4772727272727273,8.24156940060458
from_SLR,rank_only,17,64,132,0.48484848484848486,8.216598123227321
from_SLR,rank_only,17,65,132,0.49242424242424243,8.20315305912595
from_SLR,rank_only,17,66,132,0.5,8.220113385744373
from_SLR,rank_only,17,67,132,0.5075757575757576,8.262663780416148
from_SLR,rank_only,17,68,132,0.5151515151515151,8.42658556749732
from_SLR,rank_only,17,69,132,0.5227272727272727,8.36190679079745
from_SLR,rank_only,17,70,132,0.5303030303030303,8.27377665233778
from_SLR,rank_only,17,71,132,0.5378787878787878,8.203879297702567
from_SLR,rank_only,17,72,132,0.5454545454545454,8.205751004878657
from_SLR,rank_only,17,73,132,0.553030303030303,8.214123285580927
from_SLR,rank_only,17,74,132,0.5606060606060606,8.328376623528895
from_SLR,rank_only,17,75,132,0.5681818181818182,8.365993918479685
from_SLR,rank_only,17,76,132,0.5757575757575758,8.437775896022151
from_SLR,rank_only,17,77,132,0.5833333333333334,8.454819964647399
from_SLR,rank_only,17,78,132,0.5909090909090909,8.446784179359133
from_SLR,rank_only,17,79,132,0.5984848484848485,8.392677216673926
from_SLR,rank_only,17,80,132,0.6060606060606061,8.362104573940858
from_SLR,rank_only,17,81,132,0.6136363636363636,8.362795380931153
from_SLR,rank_only,17,82,132,0.6212121212121212,8.45191391394369
from_SLR,rank_only,17,83,132,0.6287878787878788,8.433772200895634
from_SLR,rank_only,17,84,132,0.6363636363636364,8.468584646164985
from_SLR,rank_only,17,85,132,0.6439393939393939,8.387141191401403
from_SLR,rank_only,17,86,132,0.6515151515151515,8.377130892603207
from_SLR,rank_only,17,87,132,0.6590909090909091,8.350700643577914
from_SLR,rank_only,17,88,132,0.6666666666666666,8.286370497923546
from_SLR,rank_only,17,89,132,0.6742424242424242,8.252205959284401
from_SLR,rank_only,17,90,132,0.6818181818181818,8.323346524697522
from_SLR,rank_only,17,91,132,0.6893939393939394,8.294143596197998
from_SLR,rank_only,17,92,132,0.696969696969697,8.34969763885805
from_SLR,rank_only,17,93,132,0.7045454545454546,8.275235382013586
from_SLR,rank_only,17,94,132,0.7121212121212122,8.257122290767732
from_SLR,rank_only,17,95,132,0.7196969696969697,8.344172208225226
from_SLR,rank_only,17,96,132,0.7272727272727273,8.31499796108069
from_SLR,rank_only,17,97,132,0.7348484848484849,8.327307094711026
from_SLR,rank_only,17,98,132,0.7424242424242424,8.313773607831852
from_SLR,rank_only,17,99,132,0.75,8.260014756266626
from_SLR,rank_only,17,100,132,0.7575757575757576,8.200247444766287
from_SLR,rank_only,17,101,132,0.7651515151515151,8.162353718074321
from_SLR,rank_only,17,102,132,0.7727272727272727,8.232551348642186
from_SLR,rank_only,17,103,132,0.7803030303030303,8.189687993198937
from_SLR,rank_only,17,104,132,0.7878787878787878,8.200044657021916
from_SLR,rank_only,17,105,132,0.7954545454545454,8.212130336903535
from_SLR,rank_only,17,106,132,0.803030303030303,8.152806936907025
from_SLR,rank_only,17,107,132,0.8106060606060606,8.241780067823361
from_SLR,rank_only,17,108,132,0.8181818181818182,8.19355847452699
from_SLR,rank_only,17,109,132,0.8257575757575758,8.165238390299535
from_SLR,rank_only,17,110,132,0.8333333333333334,8.122208851763034
from_SLR,rank_only,17,111,132,0.8409090909090909,8.068727143815531
from_SLR,rank_only,17,112,132,0.8484848484848485,8.094298380900376
from_SLR,rank_only,17,113,132,0.8560606060606061,8.199411149893564
from_SLR,rank_only,17,114,132,0.8636363636363636,8.214213742533726
from_SLR,rank_only,17,115,132,0.8712121212121212,8.17829261954967
from_SLR,rank_only,17,116,132,0.8787878787878788,8.201053150613156
from_SLR,rank_only,17,117,132,0.8863636363636364,8.221564085498889
from_SLR,rank_only,17,118,132,0.8939393939393939,8.270144636596529
from_SLR,rank_only,17,119,132,0.9015151515151515,8.24894030502641
from_SLR,rank_only,17,120,132,0.9090909090909091,8.317130216039091
from_SLR,rank_only,17,121,132,0.9166666666666666,8.396860292604536
from_SLR,rank_only,17,122,132,0.9242424242424242,8.429023422420022
from_SLR,rank_only,17,123,132,0.9318181818181818,8.4331705100929
from_SLR,rank_only,17,124,132,0.9393939393939394,8.449846624668984
from_SLR,rank_only,17,125,132,0.946969696969697,8.49934267547752
from_SLR,rank_only,17,126,132,0.9545454545454546,8.482930681322788
from_SLR,rank_only,17,127,132,0.9621212121212122,8.507164381463136
from_SLR,rank_only,17,128,132,0.9696969696969697,8.609813132404032
from_SLR,rank_only,17,129,132,0.9772727272727273,8.625867618871858
from_SLR,rank_only,17,130,132,0.9848484848484849,8.744545750384138
from_SLR,rank_only,17,131,132,0.9924242424242424,8.838749557718334
from_SLR,rank_only,17,132,132,1.0,8.950916836385852
from_SLR,rank_only,29,1,132,0.007575757575757576,5.108766068460127
from_SLR,rank_only,29,2,132,0.015151515151515152,4.6523748847990225
from_SLR,rank_only,29,3,132,0.022727272727272728,4.528304677715688
from_SLR,rank_only,29,4,132,0.030303030303030304,4.744523659194705
from_SLR,rank_only,29,5,132,0.03787878787878788,5.46963108711274
from_SLR,rank_only,29,6,132,0.045454545454545456,5.44435552367855
from_SLR,rank_only,29,7,132,0.05303030303030303,6.962746055488365
from_SLR,rank_only,29,8,132,0.06060606060606061,6.612596378153139
from_SLR,rank_only,29,9,132,0.06818181818181818,7.886713663612779
from_SLR,rank_only,29,10,132,0.07575757575757576,8.046169222720291
from_SLR,rank_only,29,11,132,0.08333333333333333,8.097285585220677
from_SLR,rank_only,29,12,132,0.09090909090909091,8.692982612094918
from_SLR,rank_only,29,13,132,0.09848484848484848,8.917443620117288
from_SLR,rank_only,29,14,132,0.10606060606060606,9.148847540104265
from_SLR,rank_only,29,15,132,0.11363636363636363,8.979945270854035
from_SLR,rank_only,29,16,132,0.12121212121212122,9.242631191582957
from_SLR,rank_only,29,17,132,0.12878787878787878,9.678240581754944
from_SLR,rank_only,29,18,132,0.13636363636363635,9.805720879694217
from_SLR,rank_only,29,19,132,0.14393939393939395,9.683981525073248
from_SLR,rank_only,29,20,132,0.15151515151515152,9.66651443948477
from_SLR,rank_only,29,21,132,0.1590909090909091,9.438573371543002
from_SLR,rank_only,29,22,132,0.16666666666666666,9.738306105194864
from_SLR,rank_only,29,23,132,0.17424242424242425,9.910925251226608
from_SLR,rank_only,29,24,132,0.18181818181818182,9.959916720382294
from_SLR,rank_only,29,25,132,0.1893939393939394,10.294205299065714
from_SLR,rank_only,29,26,132,0.19696969696969696,10.197523814341126
from_SLR,rank_only,29,27,132,0.20454545454545456,10.11647693111081
from_SLR,rank_only,29,28,132,0.21212121212121213,10.127872643367144
from_SLR,rank_only,29,29,132,0.2196969696969697,10.497255362720674
from_SLR,rank_only,29,30,132,0.22727272727272727,10.344209727537013
from_SLR,rank_only,29,31,132,0.23484848484848486,10.146966713416708
from_SLR,rank_only,29,32,132,0.24242424242424243,10.28080080236654
from_SLR,rank_only,29,33,132,0.25,9.996610006655603
from_SLR,rank_only,29,34,132,0.25757575757575757,9.75138679314573
from_SLR,rank_only,29,35,132,0.26515151515151514,9.691092416660933
from_SLR,rank_only,29,36,132,0.2727272727272727,9.55861206237587
from_SLR,rank_only,29,37,132,0.2803030303030303,9.443461328023083
from_SLR,rank_only,29,38,132,0.2878787878787879,9.459633703855756
from_SLR,rank_only,29,39,132,0.29545454545454547,9.465351898877545
from_SLR,rank_only,29,40,132,0.30303030303030304,9.70801079756317
from_SLR,rank_only,29,41,132,0.3106060606060606,9.651213034549317
from_SLR,rank_only,29,42,132,0.3181818181818182,9.712415833968766
from_SLR,rank_only,29,43,132,0.32575757575757575,9.538056913807178
from_SLR,rank_only,29,44,132,0.3333333333333333,9.529990845716311
from_SLR,rank_only,29,45,132,0.3409090909090909,9.597080092666706
from_SLR,rank_only,29,46,132,0.3484848484848485,9.517968066890658
from_SLR,rank_only,29,47,132,0.3560606060606061,9.550145021701152
from_SLR,rank_only,29,48,132,0.36363636363636365,9.404068858600565
from_SLR,rank_only,29,49,132,0.3712121212121212,9.49071411605992
from_SLR,rank_only,29,50,132,0.3787878787878788,9.383422098965086
from_SLR,rank_only,29,51,132,0.38636363636363635,9.360744365706584
from_SLR,rank_only,29,52,132,0.3939393939393939,9.467120599737353
from_SLR,rank_only,29,53,132,0.4015151515151515,9.500069406956051
from_SLR,rank_only,29,54,132,0.4090909090909091,9.535631101514966
from_SLR,rank_only,29,55,132,0.4166666666666667,9.614741822694507
from_SLR,rank_only,29,56,132,0.42424242424242425,9.584589206967893
from_SLR,rank_only,29,57,132,0.4318181818181818,9.440224309354214
from_SLR,rank_only,29,58,132,0.4393939393939394,9.333206077765006
from_SLR,rank_only,29,59,132,0.44696969696969696,9.196452989096139
from_SLR,rank_only,29,60,132,0.45454545454545453,9.075024990379438
from_SLR,rank_only,29,61,132,0.4621212121212121,9.006017072607165
from_SLR,rank_only,29,62,132,0.4696969696969697,9.029218811461602
from_SLR,rank_only,29,63,132,0.4772727272727273,8.919536606831501
from_SLR,rank_only,29,64,132,0.48484848484848486,8.828283607887759
from_SLR,rank_only,29,65,132,0.49242424242424243,8.855406327886179
from_SLR,rank_only,29,66,132,0.5,8.796916589020224
from_SLR,rank_only,29,67,132,0.5075757575757576,8.840076386504638
from_SLR,rank_only,29,68,132,0.5151515151515151,8.915936253246262
from_SLR,rank_only,29,69,132,0.5227272727272727,8.88551243258339
from_SLR,rank_only,29,70,132,0.5303030303030303,8.777388145520817
from_SLR,rank_only,29,71,132,0.5378787878787878,8.818826147616205
from_SLR,rank_only,29,72,132,0.5454545454545454,8.774960361967501
from_SLR,rank_only,29,73,132,0.553030303030303,8.842244322472876
from_SLR,rank_only,29,74,132,0.5606060606060606,8.824637097779396
from_SLR,rank_only,29,75,132,0.5681818181818182,8.922790929326105
from_SLR,rank_only,29,76,132,0.5757575757575758,8.82907055165006
from_SLR,rank_only,29,77,132,0.5833333333333334,8.812544828420856
from_SLR,rank_only,29,78,132,0.5909090909090909,8.934532790421663
from_SLR,rank_only,29,79,132,0.5984848484848485,9.0344372136347
from_SLR,rank_only,29,80,132,0.6060606060606061,8.960187622880596
from_SLR,rank_only,29,81,132,0.6136363636363636,8.876801389483486
from_SLR,rank_only,29,82,132,0.6212121212121212,8.924999372855076
from_SLR,rank_only,29,83,132,0.6287878787878788,8.851082303020762
from_SLR,rank_only,29,84,132,0.6363636363636364,8.880028601888771
from_SLR,rank_only,29,85,132,0.6439393939393939,8.968988883925416
from_SLR,rank_only,29,86,132,0.6515151515151515,8.95726113966184
from_SLR,rank_only,29,87,132,0.6590909090909091,8.890775365544858
from_SLR,rank_only,29,88,132,0.6666666666666666,8.981453137069575
from_SLR,rank_only,29,89,132,0.6742424242424242,9.00179449440351
from_SLR,rank_only,29,90,132,0.6818181818181818,8.942779018035537
from_SLR,rank_only,29,91,132,0.6893939393939394,8.945780261549872
from_SLR,rank_only,29,92,132,0.696969696969697,9.051020913991374
from_SLR,rank_only,29,93,132,0.7045454545454546,8.986801569437553
from_SLR,rank_only,29,94,132,0.7121212121212122,8.909018678172114
from_SLR,rank_only,29,95,132,0.7196969696969697,8.959468784461208
from_SLR,rank_only,29,96,132,0.7272727272727273,9.000733338945194
from_SLR,rank_only,29,97,132,0.7348484848484849,8.948321936424442
from_SLR,rank_only,29,98,132,0.7424242424242424,8.923848373298174
from_SLR,rank_only,29,99,132,0.75,8.85978499319708
from_SLR,rank_only,29,100,132,0.7575757575757576,8.847043247032365
from_SLR,rank_only,29,101,132,0.7651515151515151,8.831835340659644
from_SLR,rank_only,29,102,132,0.7727272727272727,8.769020601509064
from_SLR,rank_only,29,103,132,0.7803030303030303,8.760738437896881
from_SLR,rank_only,29,104,132,0.7878787878787878,8.761459905181745
from_SLR,rank_only,29,105,132,0.7954545454545454,8.720163161772597
from_SLR,rank_only,29,106,132,0.803030303030303,8.673152241997162
from_SLR,rank_only,29,107,132,0.8106060606060606,8.70108468943847
from_SLR,rank_only,29,108,132,0.8181818181818182,8.701281755802118
from_SLR,rank_only,29,109,132,0.8257575757575758,8.742462360240129
from_SLR,rank_only,29,110,132,0.8333333333333334,8.704122358008828
from_SLR,rank_only,29,111,132,0.8409090909090909,8.740955486989714
from_SLR,rank_only,29,112,132,0.8484848484848485,8.718459813877507
from_SLR,rank_only,29,113,132,0.8560606060606061,8.810350928187583
from_SLR,rank_only,29,114,132,0.8636363636363636,8.763458475910856
from_SLR,rank_only,29,115,132,0.8712121212121212,8.743538511253071
from_SLR,rank_only,29,116,132,0.8787878787878788,8.736134857287754
from_SLR,rank_only,29,117,132,0.8863636363636364,8.816216609428304
from_SLR,rank_only,29,118,132,0.8939393939393939,8.865095641086215
from_SLR,rank_only,29,119,132,0.9015151515151515,8.893088817495068
from_SLR,rank_only,29,120,132,0.9090909090909091,8.886392568671116
from_SLR,rank_only,29,121,132,0.9166666666666666,9.004122473460589
from_SLR,rank_only,29,122,132,0.9242424242424242,9.016052258616964
from_SLR,rank_only,29,123,132,0.9318181818181818,8.971971931540235
from_SLR,rank_only,29,124,132,0.9393939393939394,9.089332569972548
from_SLR,rank_only,29,125,132,0.946969696969697,9.086468905078823
from_SLR,rank_only,29,126,132,0.9545454545454546,9.100550650437448
from_SLR,rank_only,29,127,132,0.9621212121212122,9.14455900859264
from_SLR,rank_only,29,128,132,0.9696969696969697,9.190014835564291
from_SLR,rank_only,29,129,132,0.9772727272727273,9.146547188303062
from_SLR,rank_only,29,130,132,0.9848484848484849,9.217880167353075
from_SLR,rank_only,29,131,132,0.9924242424242424,9.204371295969056
from_SLR,rank_only,29,132,132,1.0,9.31799230624377
from_SLR,rank_only,43,1,132,0.007575757575757576,10.491457941871879
from_SLR,rank_only,43,2,132,0.015151515151515152,7.189831035851626
from_SLR,rank_only,43,3,132,0.022727272727272728,7.026908025396582
from_SLR,rank_only,43,4,132,0.030303030303030304,8.133314738733219
from_SLR,rank_only,43,5,132,0.03787878787878788,7.614165241309766
from_SLR,rank_only,43,6,132,0.045454545454545456,7.6793419203504625
from_SLR,rank_only,43,7,132,0.05303030303030303,8.319929221354494
from_SLR,rank_only,43,8,132,0.06060606060606061,8.660406517419085
from_SLR,rank_only,43,9,132,0.06818181818181818,8.05288153145779
from_SLR,rank_only,43,10,132,0.07575757575757576,7.456974569299137
from_SLR,rank_only,43,11,132,0.08333333333333333,6.962515337776043
from_SLR,rank_only,43,12,132,0.09090909090909091,7.053401009088282
from_SLR,rank_only,43,13,132,0.09848484848484848,7.28231679687658
from_SLR,rank_only,43,14,132,0.10606060606060606,6.902994516803766
from_SLR,rank_only,43,15,132,0.11363636363636363,6.782926581198414
from_SLR,rank_only,43,16,132,0.12121212121212122,6.98051666524876
from_SLR,rank_only,43,17,132,0.12878787878787878,6.684735183728195
from_SLR,rank_only,43,18,132,0.13636363636363635,6.396527507736078
from_SLR,rank_only,43,19,132,0.14393939393939395,6.376801041297654
from_SLR,rank_only,43,20,132,0.15151515151515152,6.293597376010697
from_SLR,rank_only,43,21,132,0.1590909090909091,6.8725881258811565
from_SLR,rank_only,43,22,132,0.16666666666666666,6.669095211265451
from_SLR,rank_only,43,23,132,0.17424242424242425,6.4231504736918525
from_SLR,rank_only,43,24,132,0.18181818181818182,6.421960968468565
from_SLR,rank_only,43,25,132,0.1893939393939394,6.686250937781332
from_SLR,rank_only,43,26,132,0.19696969696969696,7.096344455678729
from_SLR,rank_only,43,27,132,0.20454545454545456,7.003791985593404
from_SLR,rank_only,43,28,132,0.21212121212121213,6.979695755117303
from_SLR,rank_only,43,29,132,0.2196969696969697,7.345027297665373
from_SLR,rank_only,43,30,132,0.22727272727272727,7.238598435625921
from_SLR,rank_only,43,31,132,0.23484848484848486,7.127610698171578
from_SLR,rank_only,43,32,132,0.24242424242424243,7.074841710612807
from_SLR,rank_only,43,33,132,0.25,7.04105677407631
from_SLR,rank_only,43,34,132,0.25757575757575757,6.983792267238918
from_SLR,rank_only,43,35,132,0.26515151515151514,7.276323329410791
from_SLR,rank_only,43,36,132,0.2727272727272727,7.150907309945527
from_SLR,rank_only,43,37,132,0.2803030303030303,7.183838554731139
from_SLR,rank_only,43,38,132,0.2878787878787879,7.030227002979086
from_SLR,rank_only,43,39,132,0.29545454545454547,6.949645923458645
from_SLR,rank_only,43,40,132,0.30303030303030304,6.835660776302116
from_SLR,rank_only,43,41,132,0.3106060606060606,7.031516276658678
from_SLR,rank_only,43,42,132,0.3181818181818182,6.921624732422557
from_SLR,rank_only,43,43,132,0.32575757575757575,6.788304982792517
from_SLR,rank_only,43,44,132,0.3333333333333333,6.960305373367645
from_SLR,rank_only,43,45,132,0.3409090909090909,6.9474827606578025
from_SLR,rank_only,43,46,132,0.3484848484848485,6.9374943217839595
from_SLR,rank_only,43,47,132,0.3560606060606061,7.146756664778362
from_SLR,rank_only,43,48,132,0.36363636363636365,7.149029426680549
from_SLR,rank_only,43,49,132,0.3712121212121212,7.2076222708245306
from_SLR,rank_only,43,50,132,0.3787878787878788,7.304197257401898
from_SLR,rank_only,43,51,132,0.38636363636363635,7.299486209736664
from_SLR,rank_only,43,52,132,0.3939393939393939,7.2442682347235205
from_SLR,rank_only,43,53,132,0.4015151515151515,7.224879316536662
from_SLR,rank_only,43,54,132,0.4090909090909091,7.155094916117975
from_SLR,rank_only,43,55,132,0.4166666666666667,7.271163598173547
from_SLR,rank_only,43,56,132,0.42424242424242425,7.264225138540387
from_SLR,rank_only,43,57,132,0.4318181818181818,7.316004826608566
from_SLR,rank_only,43,58,132,0.4393939393939394,7.3651014703832205
from_SLR,rank_only,43,59,132,0.44696969696969696,7.25113172137896
from_SLR,rank_only,43,60,132,0.45454545454545453,7.331514827767345
from_SLR,rank_only,43,61,132,0.4621212121212121,7.236857752623774
from_SLR,rank_only,43,62,132,0.4696969696969697,7.172693848172022
from_SLR,rank_only,43,63,132,0.4772727272727273,7.189508273025569
from_SLR,rank_only,43,64,132,0.48484848484848486,7.156987380853866
from_SLR,rank_only,43,65,132,0.49242424242424243,7.215619399878889
from_SLR,rank_only,43,66,132,0.5,7.354593248046553
from_SLR,rank_only,43,67,132,0.5075757575757576,7.36182928881775
from_SLR,rank_only,43,68,132,0.5151515151515151,7.315226474418328
from_SLR,rank_only,43,69,132,0.5227272727272727,7.262327316769659
from_SLR,rank_only,43,70,132,0.5303030303030303,7.411222522087249
from_SLR,rank_only,43,71,132,0.5378787878787878,7.348441609874798
from_SLR,rank_only,43,72,132,0.5454545454545454,7.353928187170747
from_SLR,rank_only,43,73,132,0.553030303030303,7.3227851343518875
from_SLR,rank_only,43,74,132,0.5606060606060606,7.325741052043607
from_SLR,rank_only,43,75,132,0.5681818181818182,7.41136511965182
from_SLR,rank_only,43,76,132,0.5757575757575758,7.479756396569279
from_SLR,rank_only,43,77,132,0.5833333333333334,7.458590450141479
from_SLR,rank_only,43,78,132,0.5909090909090909,7.5933391199946
from_SLR,rank_only,43,79,132,0.5984848484848485,7.671491524945985
from_SLR,rank_only,43,80,132,0.6060606060606061,7.628908270191795
from_SLR,rank_only,43,81,132,0.6136363636363636,7.555596366345742
from_SLR,rank_only,43,82,132,0.6212121212121212,7.513097009048581
from_SLR,rank_only,43,83,132,0.6287878787878788,7.603647304784439
from_SLR,rank_only,43,84,132,0.6363636363636364,7.546056046207391
from_SLR,rank_only,43,85,132,0.6439393939393939,7.603902458403413
from_SLR,rank_only,43,86,132,0.6515151515151515,7.558893859503273
from_SLR,rank_only,43,87,132,0.6590909090909091,7.509702461883127
from_SLR,rank_only,43,88,132,0.6666666666666666,7.518194695245754
from_SLR,rank_only,43,89,132,0.6742424242424242,7.530410527331655
from_SLR,rank_only,43,90,132,0.6818181818181818,7.506944104735614
from_SLR,rank_only,43,91,132,0.6893939393939394,7.614017725274355
from_SLR,rank_only,43,92,132,0.696969696969697,7.625951148611266
from_SLR,rank_only,43,93,132,0.7045454545454546,7.720856828068105
from_SLR,rank_only,43,94,132,0.7121212121212122,7.715564861311172
from_SLR,rank_only,43,95,132,0.7196969696969697,7.721493796645984
from_SLR,rank_only,43,96,132,0.7272727272727273,7.761420561582426
from_SLR,rank_only,43,97,132,0.7348484848484849,7.804486528919552
from_SLR,rank_only,43,98,132,0.7424242424242424,7.876828182833273
from_SLR,rank_only,43,99,132,0.75,7.889942565380684
from_SLR,rank_only,43,100,132,0.7575757575757576,7.906300932772621
from_SLR,rank_only,43,101,132,0.7651515151515151,7.943570219881646
from_SLR,rank_only,43,102,132,0.7727272727272727,7.995024535043561
from_SLR,rank_only,43,103,132,0.7803030303030303,7.967065778813297
from_SLR,rank_only,43,104,132,0.7878787878787878,7.988469790050633
from_SLR,rank_only,43,105,132,0.7954545454545454,8.020557110339583
from_SLR,rank_only,43,106,132,0.803030303030303,7.977282682525155
from_SLR,rank_only,43,107,132,0.8106060606060606,7.998222800426556
from_SLR,rank_only,43,108,132,0.8181818181818182,8.057404699004493
from_SLR,rank_only,43,109,132,0.8257575757575758,8.086575329378592
from_SLR,rank_only,43,110,132,0.8333333333333334,8.04534812072745
from_SLR,rank_only,43,111,132,0.8409090909090909,8.013024990263391
from_SLR,rank_only,43,112,132,0.8484848484848485,7.958459947132353
from_SLR,rank_only,43,113,132,0.8560606060606061,8.030393987572586
from_SLR,rank_only,43,114,132,0.8636363636363636,7.986759423031864
from_SLR,rank_only,43,115,132,0.8712121212121212,7.994725792244645
from_SLR,rank_only,43,116,132,0.8787878787878788,7.998546372735984
from_SLR,rank_only,43,117,132,0.8863636363636364,7.978588547193908
from_SLR,rank_only,43,118,132,0.8939393939393939,8.01799846757295
from_SLR,rank_only,43,119,132,0.9015151515151515,7.987512625978512
from_SLR,rank_only,43,120,132,0.9090909090909091,7.973898930222649
from_SLR,rank_only,43,121,132,0.9166666666666666,8.051494840603699
from_SLR,rank_only,43,122,132,0.9242424242424242,8.01311089485462
from_SLR,rank_only,43,123,132,0.9318181818181818,7.98355147815867
from_SLR,rank_only,43,124,132,0.9393939393939394,8.020011493623175
from_SLR,rank_only,43,125,132,0.946969696969697,8.13443859660433
from_SLR,rank_only,43,126,132,0.9545454545454546,8.107997295366836
from_SLR,rank_only,43,127,132,0.9621212121212122,8.186893144191597
from_SLR,rank_only,43,128,132,0.9696969696969697,8.188596045324521
from_SLR,rank_only,43,129,132,0.9772727272727273,8.207558505193115
from_SLR,rank_only,43,130,132,0.9848484848484849,8.202623608928825
from_SLR,rank_only,43,131,132,0.9924242424242424,8.22944155249782
from_SLR,rank_only,43,132,132,1.0,8.235894713371652
from_SLR,rgb_hist,17,1,132,0.007575757575757576,3.3844105255551438
from_SLR,rgb_hist,17,2,132,0.015151515151515152,4.581176401732712
from_SLR,rgb_hist,17,3,132,0.022727272727272728,6.326789841548222
from_SLR,rgb_hist,17,4,132,0.030303030303030304,6.466971074479184
from_SLR,rgb_hist,17,5,132,0.03787878787878788,5.896083723564233
from_SLR,rgb_hist,17,6,132,0.045454545454545456,5.68522402453188
from_SLR,rgb_hist,17,7,132,0.05303030303030303,4.990208666944308
from_SLR,rgb_hist,17,8,132,0.06060606060606061,5.044892279698153
from_SLR,rgb_hist,17,9,132,0.06818181818181818,5.2193442751737615
from_SLR,rgb_hist,17,10,132,0.07575757575757576,5.402529916457762
from_SLR,rgb_hist,17,11,132,0.08333333333333333,5.183554991062551
from_SLR,rgb_hist,17,12,132,0.09090909090909091,4.88232104207874
from_SLR,rgb_hist,17,13,132,0.09848484848484848,4.908413512157358
from_SLR,rgb_hist,17,14,132,0.10606060606060606,5.104360183184055
from_SLR,rgb_hist,17,15,132,0.11363636363636363,5.02336476380627
from_SLR,rgb_hist,17,16,132,0.12121212121212122,5.2086590217454045
from_SLR,rgb_hist,17,17,132,0.12878787878787878,5.1007426081974545
from_SLR,rgb_hist,17,18,132,0.13636363636363635,5.311964610804476
from_SLR,rgb_hist,17,19,132,0.14393939393939395,5.405290771488025
from_SLR,rgb_hist,17,20,132,0.15151515151515152,5.279736920984817
from_SLR,rgb_hist,17,21,132,0.1590909090909091,5.452250241537441
from_SLR,rgb_hist,17,22,132,0.16666666666666666,5.521583351934945
from_SLR,rgb_hist,17,23,132,0.17424242424242425,5.3415386681981545
from_SLR,rgb_hist,17,24,132,0.18181818181818182,5.358817132353708
from_SLR,rgb_hist,17,25,132,0.1893939393939394,5.404208864379703
from_SLR,rgb_hist,17,26,132,0.19696969696969696,5.238170733923915
from_SLR,rgb_hist,17,27,132,0.20454545454545456,5.098519672875143
from_SLR,rgb_hist,17,28,132,0.21212121212121213,5.061152639418281
from_SLR,rgb_hist,17,29,132,0.2196969696969697,5.123205741775712
from_SLR,rgb_hist,17,30,132,0.22727272727272727,5.264063797486456
from_SLR,rgb_hist,17,31,132,0.23484848484848486,5.553861516074197
from_SLR,rgb_hist,17,32,132,0.24242424242424243,5.676353487677787
from_SLR,rgb_hist,17,33,132,0.25,5.807557569061247
from_SLR,rgb_hist,17,34,132,0.25757575757575757,5.878084507286947
from_SLR,rgb_hist,17,35,132,0.26515151515151514,5.799023918020396
from_SLR,rgb_hist,17,36,132,0.2727272727272727,5.714229036287401
from_SLR,rgb_hist,17,37,132,0.2803030303030303,5.782072188843633
from_SLR,rgb_hist,17,38,132,0.2878787878787879,5.709869537404631
from_SLR,rgb_hist,17,39,132,0.29545454545454547,5.7364200110595585
from_SLR,rgb_hist,17,40,132,0.30303030303030304,5.70684770952806
from_SLR,rgb_hist,17,41,132,0.3106060606060606,5.788583205866995
from_SLR,rgb_hist,17,42,132,0.3181818181818182,5.7715841849642935
from_SLR,rgb_hist,17,43,132,0.32575757575757575,5.668706016034157
from_SLR,rgb_hist,17,44,132,0.3333333333333333,5.768521467355895
from_SLR,rgb_hist,17,45,132,0.3409090909090909,5.78047454406064
from_SLR,rgb_hist,17,46,132,0.3484848484848485,5.890980289014129
from_SLR,rgb_hist,17,47,132,0.3560606060606061,5.859410091929188
from_SLR,rgb_hist,17,48,132,0.36363636363636365,5.856445540263162
from_SLR,rgb_hist,17,49,132,0.3712121212121212,5.954397253758865
from_SLR,rgb_hist,17,50,132,0.3787878787878788,5.879487821525763
from_SLR,rgb_hist,17,51,132,0.38636363636363635,5.826018860113431
from_SLR,rgb_hist,17,52,132,0.3939393939393939,5.787850535074554
from_SLR,rgb_hist,17,53,132,0.4015151515151515,5.8156417399290525
from_SLR,rgb_hist,17,54,132,0.4090909090909091,5.85888986952699
from_SLR,rgb_hist,17,55,132,0.4166666666666667,5.810184407345037
from_SLR,rgb_hist,17,56,132,0.42424242424242425,5.795269568982436
from_SLR,rgb_hist,17,57,132,0.4318181818181818,5.732965037035375
from_SLR,rgb_hist,17,58,132,0.4393939393939394,5.737810520344064
from_SLR,rgb_hist,17,59,132,0.44696969696969696,5.734485125277175
from_SLR,rgb_hist,17,60,132,0.45454545454545453,5.719462449124589
from_SLR,rgb_hist,17,61,132,0.4621212121212121,5.680422085473071
from_SLR,rgb_hist,17,62,132,0.4696969696969697,5.705691126411442
from_SLR,rgb_hist,17,63,132,0.4772727272727273,5.760006341285512
from_SLR,rgb_hist,17,64,132,0.48484848484848486,5.728254033342491
from_SLR,rgb_hist,17,65,132,0.49242424242424243,5.734653006334167
from_SLR,rgb_hist,17,66,132,0.5,5.807369804362166
from_SLR,rgb_hist,17,67,132,0.5075757575757576,5.744968488428454
from_SLR,rgb_hist,17,68,132,0.5151515151515151,5.772541292754906
from_SLR,rgb_hist,17,69,132,0.5227272727272727,5.793523547698624
from_SLR,rgb_hist,17,70,132,0.5303030303030303,5.75349064835011
from_SLR,rgb_hist,17,71,132,0.5378787878787878,5.734993283203046
from_SLR,rgb_hist,17,72,132,0.5454545454545454,5.721275122715379
from_SLR,rgb_hist,17,73,132,0.553030303030303,5.67230217103811
from_SLR,rgb_hist,17,74,132,0.5606060606060606,5.656686662744974
from_SLR,rgb_hist,17,75,132,0.5681818181818182,5.583862412105186
from_SLR,rgb_hist,17,76,132,0.5757575757575758,5.656163365148601
from_SLR,rgb_hist,17,77,132,0.5833333333333334,5.645101865912112
from_SLR,rgb_hist,17,78,132,0.5909090909090909,5.69975180542061
from_SLR,rgb_hist,17,79,132,0.5984848484848485,5.65382793697295
from_SLR,rgb_hist,17,80,132,0.6060606060606061,5.600735779183854
from_SLR,rgb_hist,17,81,132,0.6136363636363636,5.542757040624396
from_SLR,rgb_hist,17,82,132,0.6212121212121212,5.560018957829923
from_SLR,rgb_hist,17,83,132,0.6287878787878788,5.532403385758202
from_SLR,rgb_hist,17,84,132,0.6363636363636364,5.57317183634346
from_SLR,rgb_hist,17,85,132,0.6439393939393939,5.530376872232673
from_SLR,rgb_hist,17,86,132,0.6515151515151515,5.495585219092869
from_SLR,rgb_hist,17,87,132,0.6590909090909091,5.525515090369999
from_SLR,rgb_hist,17,88,132,0.6666666666666666,5.532419648524354
from_SLR,rgb_hist,17,89,132,0.6742424242424242,5.566328762673189
from_SLR,rgb_hist,17,90,132,0.6818181818181818,5.632205833581617
from_SLR,rgb_hist,17,91,132,0.6893939393939394,5.601331129072076
from_SLR,rgb_hist,17,92,132,0.696969696969697,5.578683993244266
from_SLR,rgb_hist,17,93,132,0.7045454545454546,5.551902168948669
from_SLR,rgb_hist,17,94,132,0.7121212121212122,5.567268659822141
from_SLR,rgb_hist,17,95,132,0.7196969696969697,5.546464860000208
from_SLR,rgb_hist,17,96,132,0.7272727272727273,5.519754243757383
from_SLR,rgb_hist,17,97,132,0.7348484848484849,5.485025138561097
from_SLR,rgb_hist,17,98,132,0.7424242424242424,5.445835440354783
from_SLR,rgb_hist,17,99,132,0.75,5.478362506194466
from_SLR,rgb_hist,17,100,132,0.7575757575757576,5.490107006313118
from_SLR,rgb_hist,17,101,132,0.7651515151515151,5.555767461032433
from_SLR,rgb_hist,17,102,132,0.7727272727272727,5.555050842251466
from_SLR,rgb_hist,17,103,132,0.7803030303030303,5.507485106262272
from_SLR,rgb_hist,17,104,132,0.7878787878787878,5.47673807570583
from_SLR,rgb_hist,17,105,132,0.7954545454545454,5.465354425395858
from_SLR,rgb_hist,17,106,132,0.803030303030303,5.456416824605443
from_SLR,rgb_hist,17,107,132,0.8106060606060606,5.4301735306967585
from_SLR,rgb_hist,17,108,132,0.8181818181818182,5.447272859048804
from_SLR,rgb_hist,17,109,132,0.8257575757575758,5.479385908035851
from_SLR,rgb_hist,17,110,132,0.8333333333333334,5.494818812288049
from_SLR,rgb_hist,17,111,132,0.8409090909090909,5.464246156719988
from_SLR,rgb_hist,17,112,132,0.8484848484848485,5.4630694397266195
from_SLR,rgb_hist,17,113,132,0.8560606060606061,5.455957315999904
from_SLR,rgb_hist,17,114,132,0.8636363636363636,5.465522915255594
from_SLR,rgb_hist,17,115,132,0.8712121212121212,5.4429877089120176
from_SLR,rgb_hist,17,116,132,0.8787878787878788,5.455941457741604
from_SLR,rgb_hist,17,117,132,0.8863636363636364,5.439598482183553
from_SLR,rgb_hist,17,118,132,0.8939393939393939,5.447730689236503
from_SLR,rgb_hist,17,119,132,0.9015151515151515,5.481005242512882
from_SLR,rgb_hist,17,120,132,0.9090909090909091,5.4941646750654645
from_SLR,rgb_hist,17,121,132,0.9166666666666666,5.497879209851016
from_SLR,rgb_hist,17,122,132,0.9242424242424242,5.508588706198641
from_SLR,rgb_hist,17,123,132,0.9318181818181818,5.518892008773984
from_SLR,rgb_hist,17,124,132,0.9393939393939394,5.5312120879878846
from_SLR,rgb_hist,17,125,132,0.946969696969697,5.538750811156914
from_SLR,rgb_hist,17,126,132,0.9545454545454546,5.536388003479664
from_SLR,rgb_hist,17,127,132,0.9621212121212122,5.531718893852512
from_SLR,rgb_hist,17,128,132,0.9696969696969697,5.527245930190846
from_SLR,rgb_hist,17,129,132,0.9772727272727273,5.50531057001397
from_SLR,rgb_hist,17,130,132,0.9848484848484849,5.50917046057391
from_SLR,rgb_hist,17,131,132,0.9924242424242424,5.531422271646256
from_SLR,rgb_hist,17,132,132,1.0,5.559586737399861
from_SLR,rgb_hist,29,1,132,0.007575757575757576,8.753264964431388
from_SLR,rgb_hist,29,2,132,0.015151515151515152,7.795077102711223
from_SLR,rgb_hist,29,3,132,0.022727272727272728,6.5981965306589245
from_SLR,rgb_hist,29,4,132,0.030303030303030304,7.171808444412476
from_SLR,rgb_hist,29,5,132,0.03787878787878788,7.0726182338358825
from_SLR,rgb_hist,29,6,132,0.045454545454545456,6.388276000080005
from_SLR,rgb_hist,29,7,132,0.05303030303030303,5.626305561559824
from_SLR,rgb_hist,29,8,132,0.06060606060606061,5.92507968521554
from_SLR,rgb_hist,29,9,132,0.06818181818181818,6.072198775322268
from_SLR,rgb_hist,29,10,132,0.07575757575757576,6.0551655267783255
from_SLR,rgb_hist,29,11,132,0.08333333333333333,5.893817915934945
from_SLR,rgb_hist,29,12,132,0.09090909090909091,6.18699186706309
from_SLR,rgb_hist,29,13,132,0.09848484848484848,6.318132509322334
from_SLR,rgb_hist,29,14,132,0.10606060606060606,6.149860800517303
from_SLR,rgb_hist,29,15,132,0.11363636363636363,6.301313438990841
from_SLR,rgb_hist,29,16,132,0.12121212121212122,6.266310974601579
from_SLR,rgb_hist,29,17,132,0.12878787878787878,6.130616242303928
from_SLR,rgb_hist,29,18,132,0.13636363636363635,6.208396046368812
from_SLR,rgb_hist,29,19,132,0.14393939393939395,6.324151428861816
from_SLR,rgb_hist,29,20,132,0.15151515151515152,6.117739666680864
from_SLR,rgb_hist,29,21,132,0.1590909090909091,6.1678732959297085
from_SLR,rgb_hist,29,22,132,0.16666666666666666,6.202632105241059
from_SLR,rgb_hist,29,23,132,0.17424242424242425,6.158357125775399
from_SLR,rgb_hist,29,24,132,0.18181818181818182,6.205794154386862
from_SLR,rgb_hist,29,25,132,0.1893939393939394,6.53340071732077
from_SLR,rgb_hist,29,26,132,0.19696969696969696,6.3482588180898
from_SLR,rgb_hist,29,27,132,0.20454545454545456,6.471732886102698
from_SLR,rgb_hist,29,28,132,0.21212121212121213,6.587232076347337
from_SLR,rgb_hist,29,29,132,0.2196969696969697,6.6395139583635
from_SLR,rgb_hist,29,30,132,0.22727272727272727,6.468387996052679
from_SLR,rgb_hist,29,31,132,0.23484848484848486,6.584027548713238
from_SLR,rgb_hist,29,32,132,0.24242424242424243,6.4311381616183105
from_SLR,rgb_hist,29,33,132,0.25,6.360667588563795
from_SLR,rgb_hist,29,34,132,0.25757575757575757,6.264356496507338
from_SLR,rgb_hist,29,35,132,0.26515151515151514,6.162382284569165
from_SLR,rgb_hist,29,36,132,0.2727272727272727,6.151955612435479
from_SLR,rgb_hist,29,37,132,0.2803030303030303,6.038136705987394
from_SLR,rgb_hist,29,38,132,0.2878787878787879,5.992500967805495
from_SLR,rgb_hist,29,39,132,0.29545454545454547,5.943753547979996
from_SLR,rgb_hist,29,40,132,0.30303030303030304,5.8428840669655475
from_SLR,rgb_hist,29,41,132,0.3106060606060606,5.893049891441258
from_SLR,rgb_hist,29,42,132,0.3181818181818182,5.861415122789797
from_SLR,rgb_hist,29,43,132,0.32575757575757575,5.939105258895657
from_SLR,rgb_hist,29,44,132,0.3333333333333333,5.960123300025589
from_SLR,rgb_hist,29,45,132,0.3409090909090909,5.863981857992058
from_SLR,rgb_hist,29,46,132,0.3484848484848485,5.90132646488777
from_SLR,rgb_hist,29,47,132,0.3560606060606061,5.933582604414139
from_SLR,rgb_hist,29,48,132,0.36363636363636365,5.978179661658417
from_SLR,rgb_hist,29,49,132,0.3712121212121212,6.046432766122216
from_SLR,rgb_hist,29,50,132,0.3787878787878788,5.981332317348827
from_SLR,rgb_hist,29,51,132,0.38636363636363635,5.922057859444802
from_SLR,rgb_hist,29,52,132,0.3939393939393939,5.940626223884156
from_SLR,rgb_hist,29,53,132,0.4015151515151515,6.014963488668099
from_SLR,rgb_hist,29,54,132,0.4090909090909091,6.030933683364622
from_SLR,rgb_hist,29,55,132,0.4166666666666667,6.0506448594924205
from_SLR,rgb_hist,29,56,132,0.42424242424242425,5.973983743185982
from_SLR,rgb_hist,29,57,132,0.4318181818181818,5.939654072920049
from_SLR,rgb_hist,29,58,132,0.4393939393939394,6.041025623581566
from_SLR,rgb_hist,29,59,132,0.44696969696969696,6.130853313536866
from_SLR,rgb_hist,29,60,132,0.45454545454545453,6.04969939905324
from_SLR,rgb_hist,29,61,132,0.4621212121212121,5.998686907949158
from_SLR,rgb_hist,29,62,132,0.4696969696969697,5.996178932061287
from_SLR,rgb_hist,29,63,132,0.4772727272727273,5.964847758024916
from_SLR,rgb_hist,29,64,132,0.48484848484848486,5.896940223942742
from_SLR,rgb_hist,29,65,132,0.49242424242424243,5.954221334995262
from_SLR,rgb_hist,29,66,132,0.5,5.944842844819656
from_SLR,rgb_hist,29,67,132,0.5075757575757576,5.901769827879464
from_SLR,rgb_hist,29,68,132,0.5151515151515151,5.844145610034214
from_SLR,rgb_hist,29,69,132,0.5227272727272727,5.840455654448358
from_SLR,rgb_hist,29,70,132,0.5303030303030303,5.771089306724326
from_SLR,rgb_hist,29,71,132,0.5378787878787878,5.77931481099866
from_SLR,rgb_hist,29,72,132,0.5454545454545454,5.800602635419621
from_SLR,rgb_hist,29,73,132,0.553030303030303,5.813633710560434
from_SLR,rgb_hist,29,74,132,0.5606060606060606,5.8330719878565604
from_SLR,rgb_hist,29,75,132,0.5681818181818182,5.781535807049233
from_SLR,rgb_hist,29,76,132,0.5757575757575758,5.730318911233633
from_SLR,rgb_hist,29,77,132,0.5833333333333334,5.723798981275956
from_SLR,rgb_hist,29,78,132,0.5909090909090909,5.694254045249756
from_SLR,rgb_hist,29,79,132,0.5984848484848485,5.736718530308066
from_SLR,rgb_hist,29,80,132,0.6060606060606061,5.692952916731797
from_SLR,rgb_hist,29,81,132,0.6136363636363636,5.751710601009472
from_SLR,rgb_hist,29,82,132,0.6212121212121212,5.705857155058023
from_SLR,rgb_hist,29,83,132,0.6287878787878788,5.688053666237269
from_SLR,rgb_hist,29,84,132,0.6363636363636364,5.678679415155811
from_SLR,rgb_hist,29,85,132,0.6439393939393939,5.630318286923166
from_SLR,rgb_hist,29,86,132,0.6515151515151515,5.635389014276051
from_SLR,rgb_hist,29,87,132,0.6590909090909091,5.667057527376922
from_SLR,rgb_hist,29,88,132,0.6666666666666666,5.629639627377944
from_SLR,rgb_hist,29,89,132,0.6742424242424242,5.618323806479332
from_SLR,rgb_hist,29,90,132,0.6818181818181818,5.657311703983727
from_SLR,rgb_hist,29,91,132,0.6893939393939394,5.6589875716401306
from_SLR,rgb_hist,29,92,132,0.696969696969697,5.675311838473371
from_SLR,rgb_hist,29,93,132,0.7045454545454546,5.627522841429633
from_SLR,rgb_hist,29,94,132,0.7121212121212122,5.603647978793015
from_SLR,rgb_hist,29,95,132,0.7196969696969697,5.57360785720741
from_SLR,rgb_hist,29,96,132,0.7272727272727273,5.550047002773983
from_SLR,rgb_hist,29,97,132,0.7348484848484849,5.519658054646094
from_SLR,rgb_hist,29,98,132,0.7424242424242424,5.598104478604784
from_SLR,rgb_hist,29,99,132,0.75,5.613570097480114
from_SLR,rgb_hist,29,100,132,0.7575757575757576,5.662804129370212
from_SLR,rgb_hist,29,101,132,0.7651515151515151,5.6210606714291185
from_SLR,rgb_hist,29,102,132,0.7727272727272727,5.600635525486455
from_SLR,rgb_hist,29,103,132,0.7803030303030303,5.557764285644545
from_SLR,rgb_hist,29,104,132,0.7878787878787878,5.5732698175474145
from_SLR,rgb_hist,29,105,132,0.7954545454545454,5.582808142237023
from_SLR,rgb_hist,29,106,132,0.803030303030303,5.58634712340579
from_SLR,rgb_hist,29,107,132,0.8106060606060606,5.583216196808181
from_SLR,rgb_hist,29,108,132,0.8181818181818182,5.549829260120544
from_SLR,rgb_hist,29,109,132,0.8257575757575758,5.5728047318684375
from_SLR,rgb_hist,29,110,132,0.8333333333333334,5.573172227473059
from_SLR,rgb_hist,29,111,132,0.8409090909090909,5.574209091006024
from_SLR,rgb_hist,29,112,132,0.8484848484848485,5.575487971809686
from_SLR,rgb_hist,29,113,132,0.8560606060606061,5.598529018800219
from_SLR,rgb_hist,29,114,132,0.8636363636363636,5.583570538750924
from_SLR,rgb_hist,29,115,132,0.8712121212121212,5.54758284424925
from_SLR,rgb_hist,29,116,132,0.8787878787878788,5.5345696117014125
from_SLR,rgb_hist,29,117,132,0.8863636363636364,5.544543350525147
from_SLR,rgb_hist,29,118,132,0.8939393939393939,5.551157592194837
from_SLR,rgb_hist,29,119,132,0.9015151515151515,5.55973988245579
from_SLR,rgb_hist,29,120,132,0.9090909090909091,5.608585194026937
from_SLR,rgb_hist,29,121,132,0.9166666666666666,5.578068867267586
from_SLR,rgb_hist,29,122,132,0.9242424242424242,5.5873066623212955
from_SLR,rgb_hist,29,123,132,0.9318181818181818,5.567016342900516
from_SLR,rgb_hist,29,124,132,0.9393939393939394,5.594263298965237
from_SLR,rgb_hist,29,125,132,0.946969696969697,5.565901895799754
from_SLR,rgb_hist,29,126,132,0.9545454545454546,5.565034867152611
from_SLR,rgb_hist,29,127,132,0.9621212121212122,5.557012543298672
from_SLR,rgb_hist,29,128,132,0.9696969696969697,5.552857744430597
from_SLR,rgb_hist,29,129,132,0.9772727272727273,5.5340846823981105
from_SLR,rgb_hist,29,130,132,0.9848484848484849,5.527149479822225
from_SLR,rgb_hist,29,131,132,0.9924242424242424,5.558326716806184
from_SLR,rgb_hist,29,132,132,1.0,5.568631146432118
from_SLR,rgb_hist,43,1,132,0.007575757575757576,4.670860902929296
from_SLR,rgb_hist,43,2,132,0.015151515151515152,5.399519446090955
from_SLR,rgb_hist,43,3,132,0.022727272727272728,5.808841116838091
from_SLR,rgb_hist,43,4,132,0.030303030303030304,4.513792606784591
from_SLR,rgb_hist,43,5,132,0.03787878787878788,5.248976245017852
from_SLR,rgb_hist,43,6,132,0.045454545454545456,5.7893472870850955
from_SLR,rgb_hist,43,7,132,0.05303030303030303,5.238638114624441
from_SLR,rgb_hist,43,8,132,0.06060606060606061,5.101246374745906
from_SLR,rgb_hist,43,9,132,0.06818181818181818,4.948532648444415
from_SLR,rgb_hist,43,10,132,0.07575757575757576,4.711541194781449
from_SLR,rgb_hist,43,11,132,0.08333333333333333,4.797240348602712
from_SLR,rgb_hist,43,12,132,0.09090909090909091,5.086770365008847
from_SLR,rgb_hist,43,13,132,0.09848484848484848,4.995672383353286
from_SLR,rgb_hist,43,14,132,0.10606060606060606,5.286317156211289
from_SLR,rgb_hist,43,15,132,0.11363636363636363,5.60580950272346
from_SLR,rgb_hist,43,16,132,0.12121212121212122,5.6479451099486955
from_SLR,rgb_hist,43,17,132,0.12878787878787878,5.829645029552156
from_SLR,rgb_hist,43,18,132,0.13636363636363635,5.606975853802968
from_SLR,rgb_hist,43,19,132,0.14393939393939395,5.421890876235031
from_SLR,rgb_hist,43,20,132,0.15151515151515152,5.36603228847989
from_SLR,rgb_hist,43,21,132,0.1590909090909091,5.511945271393682
from_SLR,rgb_hist,43,22,132,0.16666666666666666,5.585295190927512
from_SLR,rgb_hist,43,23,132,0.17424242424242425,5.770744787875384
from_SLR,rgb_hist,43,24,132,0.18181818181818182,6.021007333024333
from_SLR,rgb_hist,43,25,132,0.1893939393939394,6.199743099777463
from_SLR,rgb_hist,43,26,132,0.19696969696969696,6.29418995546745
from_SLR,rgb_hist,43,27,132,0.20454545454545456,6.324273264296609
from_SLR,rgb_hist,43,28,132,0.21212121212121213,6.384135954343939
from_SLR,rgb_hist,43,29,132,0.2196969696969697,6.249810758593106
from_SLR,rgb_hist,43,30,132,0.22727272727272727,6.064879916948145
from_SLR,rgb_hist,43,31,132,0.23484848484848486,6.003746706682497
from_SLR,rgb_hist,43,32,132,0.24242424242424243,6.23071480188303
from_SLR,rgb_hist,43,33,132,0.25,6.351007155375433
from_SLR,rgb_hist,43,34,132,0.25757575757575757,6.209844091977347
from_SLR,rgb_hist,43,35,132,0.26515151515151514,6.130517845658903
from_SLR,rgb_hist,43,36,132,0.2727272727272727,6.032986765108863
from_SLR,rgb_hist,43,37,132,0.2803030303030303,6.095511851943232
from_SLR,rgb_hist,43,38,132,0.2878787878787879,6.020834967729412
from_SLR,rgb_hist,43,39,132,0.29545454545454547,6.055462889829048
from_SLR,rgb_hist,43,40,132,0.30303030303030304,5.928741150164553
from_SLR,rgb_hist,43,41,132,0.3106060606060606,5.848640740341542
from_SLR,rgb_hist,43,42,132,0.3181818181818182,5.836956693714124
from_SLR,rgb_hist,43,43,132,0.32575757575757575,5.843400046793186
from_SLR,rgb_hist,43,44,132,0.3333333333333333,5.851056823261998
from_SLR,rgb_hist,43,45,132,0.3409090909090909,5.783101415784576
from_SLR,rgb_hist,43,46,132,0.3484848484848485,5.8492536408602245
from_SLR,rgb_hist,43,47,132,0.3560606060606061,5.798519567232933
from_SLR,rgb_hist,43,48,132,0.36363636363636365,5.741791363465026
from_SLR,rgb_hist,43,49,132,0.3712121212121212,5.745278854385015
from_SLR,rgb_hist,43,50,132,0.3787878787878788,5.738211679897859
from_SLR,rgb_hist,43,51,132,0.38636363636363635,5.745997014365946
from_SLR,rgb_hist,43,52,132,0.3939393939393939,5.734005525272424
from_SLR,rgb_hist,43,53,132,0.4015151515151515,5.672714981975757
from_SLR,rgb_hist,43,54,132,0.4090909090909091,5.693450807389041
from_SLR,rgb_hist,43,55,132,0.4166666666666667,5.775845747808584
from_SLR,rgb_hist,43,56,132,0.42424242424242425,5.8322604021326105
from_SLR,rgb_hist,43,57,132,0.4318181818181818,5.796549820158656
from_SLR,rgb_hist,43,58,132,0.4393939393939394,5.913564720409047
from_SLR,rgb_hist,43,59,132,0.44696969696969696,5.899463445271629
from_SLR,rgb_hist,43,60,132,0.45454545454545453,5.847876084804204
from_SLR,rgb_hist,43,61,132,0.4621212121212121,5.908294760291228
from_SLR,rgb_hist,43,62,132,0.4696969696969697,5.835777482041059
from_SLR,rgb_hist,43,63,132,0.4772727272727273,5.770648608900724
from_SLR,rgb_hist,43,64,132,0.48484848484848486,5.838609856908702
from_SLR,rgb_hist,43,65,132,0.49242424242424243,5.902855009534336
from_SLR,rgb_hist,43,66,132,0.5,5.865382400198766
from_SLR,rgb_hist,43,67,132,0.5075757575757576,5.823642396612451
from_SLR,rgb_hist,43,68,132,0.5151515151515151,5.822312621050039
from_SLR,rgb_hist,43,69,132,0.5227272727272727,5.779778363117059
from_SLR,rgb_hist,43,70,132,0.5303030303030303,5.854091982072171
from_SLR,rgb_hist,43,71,132,0.5378787878787878,5.785529441918538
from_SLR,rgb_hist,43,72,132,0.5454545454545454,5.779133979850056
from_SLR,rgb_hist,43,73,132,0.553030303030303,5.724090298205368
from_SLR,rgb_hist,43,74,132,0.5606060606060606,5.797701797730035
from_SLR,rgb_hist,43,75,132,0.5681818181818182,5.78947106967457
from_SLR,rgb_hist,43,76,132,0.5757575757575758,5.853141252354624
from_SLR,rgb_hist,43,77,132,0.5833333333333334,5.890932366664102
from_SLR,rgb_hist,43,78,132,0.5909090909090909,5.912400437004004
from_SLR,rgb_hist,43,79,132,0.5984848484848485,5.86866228979528
from_SLR,rgb_hist,43,80,132,0.6060606060606061,5.831966033400926
from_SLR,rgb_hist,43,81,132,0.6136363636363636,5.830221298385839
from_SLR,rgb_hist,43,82,132,0.6212121212121212,5.8312725837063475
from_SLR,rgb_hist,43,83,132,0.6287878787878788,5.822291173830264
from_SLR,rgb_hist,43,84,132,0.6363636363636364,5.885748406385211
from_SLR,rgb_hist,43,85,132,0.6439393939393939,5.846567496937361
from_SLR,rgb_hist,43,86,132,0.6515151515151515,5.912425228878087
from_SLR,rgb_hist,43,87,132,0.6590909090909091,5.9599738317940565
from_SLR,rgb_hist,43,88,132,0.6666666666666666,6.026913131845368
from_SLR,rgb_hist,43,89,132,0.6742424242424242,6.066180240891795
from_SLR,rgb_hist,43,90,132,0.6818181818181818,6.091745578339277
from_SLR,rgb_hist,43,91,132,0.6893939393939394,6.06851540654652
from_SLR,rgb_hist,43,92,132,0.696969696969697,6.026315934748077
from_SLR,rgb_hist,43,93,132,0.7045454545454546,6.006902319830039
from_SLR,rgb_hist,43,94,132,0.7121212121212122,5.973408236538655
from_SLR,rgb_hist,43,95,132,0.7196969696969697,5.959252936845057
from_SLR,rgb_hist,43,96,132,0.7272727272727273,5.9143472150024445
from_SLR,rgb_hist,43,97,132,0.7348484848484849,5.956655845176923
from_SLR,rgb_hist,43,98,132,0.7424242424242424,5.9125842347549575
from_SLR,rgb_hist,43,99,132,0.75,5.898733665587182
from_SLR,rgb_hist,43,100,132,0.7575757575757576,5.923227912578524
from_SLR,rgb_hist,43,101,132,0.7651515151515151,5.8941694462863685
from_SLR,rgb_hist,43,102,132,0.7727272727272727,5.861702323668275
from_SLR,rgb_hist,43,103,132,0.7803030303030303,5.825084745308792
from_SLR,rgb_hist,43,104,132,0.7878787878787878,5.812102562461034
from_SLR,rgb_hist,43,105,132,0.7954545454545454,5.797636403759936
from_SLR,rgb_hist,43,106,132,0.803030303030303,5.8010239585345
from_SLR,rgb_hist,43,107,132,0.8106060606060606,5.79676400319167
from_SLR,rgb_hist,43,108,132,0.8181818181818182,5.777689154465199
from_SLR,rgb_hist,43,109,132,0.8257575757575758,5.781564677124432
from_SLR,rgb_hist,43,110,132,0.8333333333333334,5.7436028691036745
from_SLR,rgb_hist,43,111,132,0.8409090909090909,5.771201126134852
from_SLR,rgb_hist,43,112,132,0.8484848484848485,5.778768655968243
from_SLR,rgb_hist,43,113,132,0.8560606060606061,5.759337359082149
from_SLR,rgb_hist,43,114,132,0.8636363636363636,5.72746675746566
from_SLR,rgb_hist,43,115,132,0.8712121212121212,5.710139017872655
from_SLR,rgb_hist,43,116,132,0.8787878787878788,5.740162720113894
from_SLR,rgb_hist,43,117,132,0.8863636363636364,5.744509040414835
from_SLR,rgb_hist,43,118,132,0.8939393939393939,5.758052811384502
from_SLR,rgb_hist,43,119,132,0.9015151515151515,5.738292514538809
from_SLR,rgb_hist,43,120,132,0.9090909090909091,5.74978454741987
from_SLR,rgb_hist,43,121,132,0.9166666666666666,5.762407258042934
from_SLR,rgb_hist,43,122,132,0.9242424242424242,5.750364376092021
from_SLR,rgb_hist,43,123,132,0.9318181818181818,5.733996749718879
from_SLR,rgb_hist,43,124,132,0.9393939393939394,5.745710985551041
from_SLR,rgb_hist,43,125,132,0.946969696969697,5.782777657536295
from_SLR,rgb_hist,43,126,132,0.9545454545454546,5.7849863145166145
from_SLR,rgb_hist,43,127,132,0.9621212121212122,5.789514038389662
from_SLR,rgb_hist,43,128,132,0.9696969696969697,5.800553486572839
from_SLR,rgb_hist,43,129,132,0.9772727272727273,5.793834820229387
from_SLR,rgb_hist,43,130,132,0.9848484848484849,5.753567897464954
from_SLR,rgb_hist,43,131,132,0.9924242424242424,5.741539922792587
from_SLR,rgb_hist,43,132,132,1.0,5.775937750647636
mixed,copula,17,1,264,0.003787878787878788,1.958100268290065
mixed,copula,17,2,264,0.007575757575757576,4.7265905539810324
mixed,copula,17,3,264,0.011363636363636364,4.510452104760401
mixed,copula,17,4,264,0.015151515151515152,4.389453427711919
mixed,copula,17,5,264,0.01893939393939394,4.752265497044091
mixed,copula,17,6,264,0.022727272727272728,4.868732761878657
mixed,copula,17,7,264,0.026515151515151516,4.767869522911937
mixed,copula,17,8,264,0.030303030303030304,4.8763628705506505
mixed,copula,17,9,264,0.03409090909090909,4.668625448162193
mixed,copula,17,10,264,0.03787878787878788,4.660122477506471
mixed,copula,17,11,264,0.041666666666666664,4.466862962323069
mixed,copula,17,12,264,0.045454545454545456,4.325451204534027
mixed,copula,17,13,264,0.04924242424242424,4.190144673686794
mixed,copula,17,14,264,0.05303030303030303,4.006933142782389
mixed,copula,17,15,264,0.056818181818181816,3.7937669645397
mixed,copula,17,16,264,0.06060606060606061,3.7107395097204177
mixed,copula,17,17,264,0.06439393939393939,3.653150333329404
mixed,copula,17,18,264,0.06818181818181818,3.7590004814662388
mixed,copula,17,19,264,0.07196969696969698,3.6524119523952776
mixed,copula,17,20,264,0.07575757575757576,3.6028231060749007
mixed,copula,17,21,264,0.07954545454545454,3.790015746887377
mixed,copula,17,22,264,0.08333333333333333,3.7174342503122886
mixed,copula,17,23,264,0.08712121212121213,3.6960326766618135
mixed,copula,17,24,264,0.09090909090909091,3.681960968153794
mixed,copula,17,25,264,0.0946969696969697,3.7316416854925674
mixed,copula,17,26,264,0.09848484848484848,3.67463666372302
mixed,copula,17,27,264,0.10227272727272728,3.6155935918591786
mixed,copula,17,28,264,0.10606060606060606,3.562370897028136
mixed,copula,17,29,264,0.10984848484848485,3.5048950577682216
mixed,copula,17,30,264,0.11363636363636363,3.5556925580046315
mixed,copula,17,31,264,0.11742424242424243,3.5357955683175124
mixed,copula,17,32,264,0.12121212121212122,3.5200847314092703
mixed,copula,17,33,264,0.125,3.6394361897975367
mixed,copula,17,34,264,0.12878787878787878,3.655719313836978
mixed,copula,17,35,264,0.13257575757575757,3.620657198624141
mixed,copula,17,36,264,0.13636363636363635,3.6131243891794913
mixed,copula,17,37,264,0.14015151515151514,3.5819518613580783
mixed,copula,17,38,264,0.14393939393939395,3.5170815223916883
mixed,copula,17,39,264,0.14772727272727273,3.5817094670083724
mixed,copula,17,40,264,0.15151515151515152,3.621096627141033
mixed,copula,17,41,264,0.1553030303030303,3.7196994462499453
mixed,copula,17,42,264,0.1590909090909091,3.648391507215232
mixed,copula,17,43,264,0.16287878787878787,3.648342092408203
mixed,copula,17,44,264,0.16666666666666666,3.6319584599635686
mixed,copula,17,45,264,0.17045454545454544,3.606325118368818
mixed,copula,17,46,264,0.17424242424242425,3.5896331388990177
mixed,copula,17,47,264,0.17803030303030304,3.5959839109533034
mixed,copula,17,48,264,0.18181818181818182,3.5740440833891074
mixed,copula,17,49,264,0.1856060606060606,3.566726174314253
mixed,copula,17,50,264,0.1893939393939394,3.5820506006001667
mixed,copula,17,51,264,0.19318181818181818,3.637061188314398
mixed,copula,17,52,264,0.19696969696969696,3.5925654504929057
mixed,copula,17,53,264,0.20075757575757575,3.6229251782912417
mixed,copula,17,54,264,0.20454545454545456,3.5820109838548495
mixed,copula,17,55,264,0.20833333333333334,3.6335287543807966
mixed,copula,17,56,264,0.21212121212121213,3.6300130283894774
mixed,copula,17,57,264,0.2159090909090909,3.617247957097045
mixed,copula,17,58,264,0.2196969696969697,3.677115399997793
mixed,copula,17,59,264,0.22348484848484848,3.6916051895410704
mixed,copula,17,60,264,0.22727272727272727,3.6911348264354467
mixed,copula,17,61,264,0.23106060606060605,3.6554593097146593
mixed,copula,17,62,264,0.23484848484848486,3.6225853446806395
mixed,copula,17,63,264,0.23863636363636365,3.6350490018530808
mixed,copula,17,64,264,0.24242424242424243,3.6392173912609076
mixed,copula,17,65,264,0.24621212121212122,3.661068524962545
mixed,copula,17,66,264,0.25,3.6721930411962758
mixed,copula,17,67,264,0.2537878787878788,3.72101842409274
mixed,copula,17,68,264,0.25757575757575757,3.7358400209542304
mixed,copula,17,69,264,0.26136363636363635,3.712635912088345
mixed,copula,17,70,264,0.26515151515151514,3.7009805131271856
mixed,copula,17,71,264,0.2689393939393939,3.7110976302864196
mixed,copula,17,72,264,0.2727272727272727,3.7118060902479755
mixed,copula,17,73,264,0.2765151515151515,3.7124554097156843
mixed,copula,17,74,264,0.2803030303030303,3.6915174850985686
mixed,copula,17,75,264,0.2840909090909091,3.666041088532154
mixed,copula,17,76,264,0.2878787878787879,3.650039691658801
mixed,copula,17,77,264,0.2916666666666667,3.643120394792211
mixed,copula,17,78,264,0.29545454545454547,3.6321378817463685
mixed,copula,17,79,264,0.29924242424242425,3.6123693938868304
mixed,copula,17,80,264,0.30303030303030304,3.6027664476895667
mixed,copula,17,81,264,0.3068181818181818,3.645687118670123
mixed,copula,17,82,264,0.3106060606060606,3.6404398525139836
mixed,copula,17,83,264,0.3143939393939394,3.607392069093631
mixed,copula,17,84,264,0.3181818181818182,3.5916852517464704
mixed,copula,17,85,264,0.32196969696969696,3.5678327027916317
mixed,copula,17,86,264,0.32575757575757575,3.577211869381793
mixed,copula,17,87,264,0.32954545454545453,3.598208292303428
mixed,copula,17,88,264,0.3333333333333333,3.635395823154946
mixed,copula,17,89,264,0.3371212121212121,3.6290971209937286
mixed,copula,17,90,264,0.3409090909090909,3.682700153213098
mixed,copula,17,91,264,0.3446969696969697,3.72649009880143
mixed,copula,17,92,264,0.3484848484848485,3.6969048702655978
mixed,copula,17,93,264,0.3522727272727273,3.699244223008857
mixed,copula,17,94,264,0.3560606060606061,3.721505401438122
mixed,copula,17,95,264,0.35984848484848486,3.7566943736465124
mixed,copula,17,96,264,0.36363636363636365,3.7467076178151077
mixed,copula,17,97,264,0.36742424242424243,3.7441036881772183
mixed,copula,17,98,264,0.3712121212121212,3.7197834757775556
mixed,copula,17,99,264,0.375,3.6953292906240036
mixed,copula,17,100,264,0.3787878787878788,3.6884265172324175
mixed,copula,17,101,264,0.38257575757575757,3.6783870178672857
mixed,copula,17,102,264,0.38636363636363635,3.6598619199566507
mixed,copula,17,103,264,0.39015151515151514,3.6510653463716434
mixed,copula,17,104,264,0.3939393939393939,3.6288253576512046
mixed,copula,17,105,264,0.3977272727272727,3.614687750355076
mixed,copula,17,106,264,0.4015151515151515,3.5994079897258473
mixed,copula,17,107,264,0.4053030303030303,3.5991363292130214
mixed,copula,17,108,264,0.4090909090909091,3.602947752374043
mixed,copula,17,109,264,0.4128787878787879,3.60543528835237
mixed,copula,17,110,264,0.4166666666666667,3.5899607778181912
mixed,copula,17,111,264,0.42045454545454547,3.5761126040917106
mixed,copula,17,112,264,0.42424242424242425,3.5887967433418693
mixed,copula,17,113,264,0.42803030303030304,3.585984597720735
mixed,copula,17,114,264,0.4318181818181818,3.59016095773975
mixed,copula,17,115,264,0.4356060606060606,3.5814317274060663
mixed,copula,17,116,264,0.4393939393939394,3.5922030497148105
mixed,copula,17,117,264,0.4431818181818182,3.58110989407788
mixed,copula,17,118,264,0.44696969696969696,3.57373927858823
mixed,copula,17,119,264,0.45075757575757575,3.561351658435241
mixed,copula,17,120,264,0.45454545454545453,3.5649749269647586
mixed,copula,17,121,264,0.4583333333333333,3.603945091286464
mixed,copula,17,122,264,0.4621212121212121,3.5827702454245913
mixed,copula,17,123,264,0.4659090909090909,3.6041810593482464
mixed,copula,17,124,264,0.4696969696969697,3.62465414167386
mixed,copula,17,125,264,0.4734848484848485,3.607028699609983
mixed,copula,17,126,264,0.4772727272727273,3.6058658270478743
mixed,copula,17,127,264,0.4810606060606061,3.635362714765359
mixed,copula,17,128,264,0.48484848484848486,3.6525798783054544
mixed,copula,17,129,264,0.48863636363636365,3.6568334190896605
mixed,copula,17,130,264,0.49242424242424243,3.6468877942838525
mixed,copula,17,131,264,0.4962121212121212,3.635353285554645
mixed,copula,17,132,264,0.5,3.6314325385798196
mixed,copula,17,133,264,0.5037878787878788,3.644226442224456
mixed,copula,17,134,264,0.5075757575757576,3.643930732965359
mixed,copula,17,135,264,0.5113636363636364,3.634806720345183
mixed,copula,17,136,264,0.5151515151515151,3.619063186274986
mixed,copula,17,137,264,0.5189393939393939,3.603800285030242
mixed,copula,17,138,264,0.5227272727272727,3.6027911757827615
mixed,copula,17,139,264,0.5265151515151515,3.600849531586827
mixed,copula,17,140,264,0.5303030303030303,3.586892207188041
mixed,copula,17,141,264,0.5340909090909091,3.5797389593619595
mixed,copula,17,142,264,0.5378787878787878,3.587834068149242
mixed,copula,17,143,264,0.5416666666666666,3.600688006198008
mixed,copula,17,144,264,0.5454545454545454,3.6324220212782077
mixed,copula,17,145,264,0.5492424242424242,3.628223834729001
mixed,copula,17,146,264,0.553030303030303,3.6268048489364633
mixed,copula,17,147,264,0.5568181818181818,3.6354117453667625
mixed,copula,17,148,264,0.5606060606060606,3.627414611747377
mixed,copula,17,149,264,0.5643939393939394,3.614459107918972
mixed,copula,17,150,264,0.5681818181818182,3.623691666126534
mixed,copula,17,151,264,0.571969696969697,3.6399840183097076
mixed,copula,17,152,264,0.5757575757575758,3.6278027810897404
mixed,copula,17,153,264,0.5795454545454546,3.618696016738058
mixed,copula,17,154,264,0.5833333333333334,3.661102835476472
mixed,copula,17,155,264,0.5871212121212122,3.6502117397854223
mixed,copula,17,156,264,0.5909090909090909,3.661065343017523
mixed,copula,17,157,264,0.5946969696969697,3.6663975279709446
mixed,copula,17,158,264,0.5984848484848485,3.6941052918522295
mixed,copula,17,159,264,0.6022727272727273,3.6926914967865714
mixed,copula,17,160,264,0.6060606060606061,3.6758933222758627
mixed,copula,17,161,264,0.6098484848484849,3.688979681970088
mixed,copula,17,162,264,0.6136363636363636,3.678055899678028
mixed,copula,17,163,264,0.6174242424242424,3.6847474128436906
mixed,copula,17,164,264,0.6212121212121212,3.6834762515957915
mixed,copula,17,165,264,0.625,3.6776672991956674
mixed,copula,17,166,264,0.6287878787878788,3.69237470958023
mixed,copula,17,167,264,0.6325757575757576,3.7212711256021
mixed,copula,17,168,264,0.6363636363636364,3.7054525556597766
mixed,copula,17,169,264,0.6401515151515151,3.707807106601238
mixed,copula,17,170,264,0.6439393939393939,3.7113290615803978
mixed,copula,17,171,264,0.6477272727272727,3.6975903883083383
mixed,copula,17,172,264,0.6515151515151515,3.6936913741379693
mixed,copula,17,173,264,0.6553030303030303,3.701350830793108
mixed,copula,17,174,264,0.6590909090909091,3.688844746923879
mixed,copula,17,175,264,0.6628787878787878,3.705765279418369
mixed,copula,17,176,264,0.6666666666666666,3.7033572238083834
mixed,copula,17,177,264,0.6704545454545454,3.694735692217186
mixed,copula,17,178,264,0.6742424242424242,3.6842436731294117
mixed,copula,17,179,264,0.678030303030303,3.6910255664948126
mixed,copula,17,180,264,0.6818181818181818,3.6749298462361715
mixed,copula,17,181,264,0.6856060606060606,3.6726501943619603
mixed,copula,17,182,264,0.6893939393939394,3.6604920320148917
mixed,copula,17,183,264,0.6931818181818182,3.661036092861603
mixed,copula,17,184,264,0.696969696969697,3.669864923147324
mixed,copula,17,185,264,0.7007575757575758,3.6886791694120125
mixed,copula,17,186,264,0.7045454545454546,3.6910131971541476
mixed,copula,17,187,264,0.7083333333333334,3.7192730312629454
mixed,copula,17,188,264,0.7121212121212122,3.7094906898840088
mixed,copula,17,189,264,0.7159090909090909,3.716302776362787
mixed,copula,17,190,264,0.7196969696969697,3.7270665022777036
mixed,copula,17,191,264,0.7234848484848485,3.7140248302595333
mixed,copula,17,192,264,0.7272727272727273,3.7070900046713997
mixed,copula,17,193,264,0.7310606060606061,3.701522317620955
mixed,copula,17,194,264,0.7348484848484849,3.7061332683338053
mixed,copula,17,195,264,0.7386363636363636,3.718775516408181
mixed,copula,17,196,264,0.7424242424242424,3.724794992002455
mixed,copula,17,197,264,0.7462121212121212,3.719345804962576
mixed,copula,17,198,264,0.75,3.7131670049797703
mixed,copula,17,199,264,0.7537878787878788,3.7064624563270647
mixed,copula,17,200,264,0.7575757575757576,3.6952875066564315
mixed,copula,17,201,264,0.7613636363636364,3.6970129463340156
mixed,copula,17,202,264,0.7651515151515151,3.7159860556217836
mixed,copula,17,203,264,0.7689393939393939,3.734041239232752
mixed,copula,17,204,264,0.7727272727272727,3.749175932478305
mixed,copula,17,205,264,0.7765151515151515,3.7488976335232764
mixed,copula,17,206,264,0.7803030303030303,3.7535181553214905
mixed,copula,17,207,264,0.7840909090909091,3.7496575154199077
mixed,copula,17,208,264,0.7878787878787878,3.7445362319483597
mixed,copula,17,209,264,0.7916666666666666,3.7347978211597646
mixed,copula,17,210,264,0.7954545454545454,3.739068575863675
mixed,copula,17,211,264,0.7992424242424242,3.7403559962901385
mixed,copula,17,212,264,0.803030303030303,3.7622848809223206
mixed,copula,17,213,264,0.8068181818181818,3.74569249563355
mixed,copula,17,214,264,0.8106060606060606,3.755654454138602
mixed,copula,17,215,264,0.8143939393939394,3.748819916996403
mixed,copula,17,216,264,0.8181818181818182,3.7473651132542933
mixed,copula,17,217,264,0.821969696969697,3.7449316803132877
mixed,copula,17,218,264,0.8257575757575758,3.7379728272661294
mixed,copula,17,219,264,0.8295454545454546,3.7454297754083403
mixed,copula,17,220,264,0.8333333333333334,3.7354919343285826
mixed,copula,17,221,264,0.8371212121212122,3.730493561376432
mixed,copula,17,222,264,0.8409090909090909,3.723563439459059
mixed,copula,17,223,264,0.8446969696969697,3.7270580526388684
mixed,copula,17,224,264,0.8484848484848485,3.7157369543966516
mixed,copula,17,225,264,0.8522727272727273,3.7378368838166995
mixed,copula,17,226,264,0.8560606060606061,3.7355634657854915
mixed,copula,17,227,264,0.8598484848484849,3.7229029622320158
mixed,copula,17,228,264,0.8636363636363636,3.752163611451596
mixed,copula,17,229,264,0.8674242424242424,3.7389471247186026
mixed,copula,17,230,264,0.8712121212121212,3.7249413869822146
mixed,copula,17,231,264,0.875,3.721449947799286
mixed,copula,17,232,264,0.8787878787878788,3.7184904157546486
mixed,copula,17,233,264,0.8825757575757576,3.723026736133886
mixed,copula,17,234,264,0.8863636363636364,3.7153189237812083
mixed,copula,17,235,264,0.8901515151515151,3.727403324318932
mixed,copula,17,236,264,0.8939393939393939,3.720333433017827
mixed,copula,17,237,264,0.8977272727272727,3.706413518991356
mixed,copula,17,238,264,0.9015151515151515,3.7089204676381455
mixed,copula,17,239,264,0.9053030303030303,3.7030511231991134
mixed,copula,17,240,264,0.9090909090909091,3.702091650185982
mixed,copula,17,241,264,0.9128787878787878,3.694460609898815
mixed,copula,17,242,264,0.9166666666666666,3.6845144768728515
mixed,copula,17,243,264,0.9204545454545454,3.6802541217877143
mixed,copula,17,244,264,0.9242424242424242,3.677573048855284
mixed,copula,17,245,264,0.928030303030303,3.6736683613658148
mixed,copula,17,246,264,0.9318181818181818,3.6692496834754516
mixed,copula,17,247,264,0.9356060606060606,3.6644356755847047
mixed,copula,17,248,264,0.9393939393939394,3.6643111231667875
mixed,copula,17,249,264,0.9431818181818182,3.663432828659276
mixed,copula,17,250,264,0.946969696969697,3.65939176814019
mixed,copula,17,251,264,0.9507575757575758,3.6557102009812406
mixed,copula,17,252,264,0.9545454545454546,3.649870174143949
mixed,copula,17,253,264,0.9583333333333334,3.6452781116690023
mixed,copula,17,254,264,0.9621212121212122,3.639886537363919
mixed,copula,17,255,264,0.9659090909090909,3.6300262443534335
mixed,copula,17,256,264,0.9696969696969697,3.626201197080576
mixed,copula,17,257,264,0.9734848484848485,3.619293696287099
mixed,copula,17,258,264,0.9772727272727273,3.612618385734822
mixed,copula,17,259,264,0.9810606060606061,3.620440179167002
mixed,copula,17,260,264,0.9848484848484849,3.6185501862615923
mixed,copula,17,261,264,0.9886363636363636,3.625433279752634
mixed,copula,17,262,264,0.9924242424242424,3.6184826227808147
mixed,copula,17,263,264,0.9962121212121212,3.62997139915447
mixed,copula,17,264,264,1.0,3.620910297201637
mixed,copula,29,1,264,0.003787878787878788,1.3299013029848314
mixed,copula,29,2,264,0.007575757575757576,2.7215008423937954
mixed,copula,29,3,264,0.011363636363636364,2.4268549198247444
mixed,copula,29,4,264,0.015151515151515152,2.105108391914246
mixed,copula,29,5,264,0.01893939393939394,1.9987261581098186
mixed,copula,29,6,264,0.022727272727272728,2.078488760574096
mixed,copula,29,7,264,0.026515151515151516,2.4294525238209004
mixed,copula,29,8,264,0.030303030303030304,2.4308540585602043
mixed,copula,29,9,264,0.03409090909090909,2.377516934596506
mixed,copula,29,10,264,0.03787878787878788,2.2060075412584177
mixed,copula,29,11,264,0.041666666666666664,2.1854475391595467
mixed,copula,29,12,264,0.045454545454545456,2.4221803748773594
mixed,copula,29,13,264,0.04924242424242424,2.4975238234163624
mixed,copula,29,14,264,0.05303030303030303,2.541110577534088
mixed,copula,29,15,264,0.056818181818181816,2.536606043242869
mixed,copula,29,16,264,0.06060606060606061,2.485860980600203
mixed,copula,29,17,264,0.06439393939393939,2.484353344233526
mixed,copula,29,18,264,0.06818181818181818,2.5595561085585343
mixed,copula,29,19,264,0.07196969696969698,2.535390399142858
mixed,copula,29,20,264,0.07575757575757576,2.6489834792332045
mixed,copula,29,21,264,0.07954545454545454,2.6547925495391382
mixed,copula,29,22,264,0.08333333333333333,2.704476047352143
mixed,copula,29,23,264,0.08712121212121213,2.661662733910249
mixed,copula,29,24,264,0.09090909090909091,2.658554389010467
mixed,copula,29,25,264,0.0946969696969697,2.5984905820872632
mixed,copula,29,26,264,0.09848484848484848,2.6929471101503726
mixed,copula,29,27,264,0.10227272727272728,2.7229003539345453
mixed,copula,29,28,264,0.10606060606060606,2.7024251419630807
mixed,copula,29,29,264,0.10984848484848485,2.686590459261159
mixed,copula,29,30,264,0.11363636363636363,2.6910927278535337
mixed,copula,29,31,264,0.11742424242424243,2.6664140654346644
mixed,copula,29,32,264,0.12121212121212122,2.641231273928811
mixed,copula,29,33,264,0.125,2.6510122123061564
mixed,copula,29,34,264,0.12878787878787878,2.6112528203998377
mixed,copula,29,35,264,0.13257575757575757,2.737553602345424
mixed,copula,29,36,264,0.13636363636363635,2.77660606736642
mixed,copula,29,37,264,0.14015151515151514,2.784671204472464
mixed,copula,29,38,264,0.14393939393939395,2.76755268528861
mixed,copula,29,39,264,0.14772727272727273,2.83830065780808
mixed,copula,29,40,264,0.15151515151515152,2.7938867242168586
mixed,copula,29,41,264,0.1553030303030303,2.7696829335420947
mixed,copula,29,42,264,0.1590909090909091,2.788864635966591
mixed,copula,29,43,264,0.16287878787878787,2.778670325377138
mixed,copula,29,44,264,0.16666666666666666,2.873388694178178
mixed,copula,29,45,264,0.17045454545454544,2.8718230841681267
mixed,copula,29,46,264,0.17424242424242425,2.8708041621533487
mixed,copula,29,47,264,0.17803030303030304,2.940780578441144
mixed,copula,29,48,264,0.18181818181818182,2.9369727237913934
mixed,copula,29,49,264,0.1856060606060606,2.9476985352941716
mixed,copula,29,50,264,0.1893939393939394,2.9507397719932116
mixed,copula,29,51,264,0.19318181818181818,2.960759477890217
mixed,copula,29,52,264,0.19696969696969696,2.9444033880197154
mixed,copula,29,53,264,0.20075757575757575,2.9560546717777925
mixed,copula,29,54,264,0.20454545454545456,2.988607622076227
mixed,copula,29,55,264,0.20833333333333334,2.977211499842149
mixed,copula,29,56,264,0.21212121212121213,2.9995903263093076
mixed,copula,29,57,264,0.2159090909090909,3.0899613549785205
mixed,copula,29,58,264,0.2196969696969697,3.169787931205447
mixed,copula,29,59,264,0.22348484848484848,3.2274608571554366
mixed,copula,29,60,264,0.22727272727272727,3.2109658757676183
mixed,copula,29,61,264,0.23106060606060605,3.22533788301918
mixed,copula,29,62,264,0.23484848484848486,3.21912329122066
mixed,copula,29,63,264,0.23863636363636365,3.2025993693172743
mixed,copula,29,64,264,0.24242424242424243,3.174271067940384
mixed,copula,29,65,264,0.24621212121212122,3.1683123057349656
mixed,copula,29,66,264,0.25,3.172202328908183
mixed,copula,29,67,264,0.2537878787878788,3.218968572866327
mixed,copula,29,68,264,0.25757575757575757,3.3084927061895293
mixed,copula,29,69,264,0.26136363636363635,3.315584417903028
mixed,copula,29,70,264,0.26515151515151514,3.337421816237621
mixed,copula,29,71,264,0.2689393939393939,3.365789532483209
mixed,copula,29,72,264,0.2727272727272727,3.345637810536702
mixed,copula,29,73,264,0.2765151515151515,3.313611916284901
mixed,copula,29,74,264,0.2803030303030303,3.30947781137363
mixed,copula,29,75,264,0.2840909090909091,3.310890022869877
mixed,copula,29,76,264,0.2878787878787879,3.2912914995679405
mixed,copula,29,77,264,0.2916666666666667,3.2859739136601536
mixed,copula,29,78,264,0.29545454545454547,3.3217796472875714
mixed,copula,29,79,264,0.29924242424242425,3.3137842403406554
mixed,copula,29,80,264,0.30303030303030304,3.3558820197958377
mixed,copula,29,81,264,0.3068181818181818,3.401720245239158
mixed,copula,29,82,264,0.3106060606060606,3.4689689341062855
mixed,copula,29,83,264,0.3143939393939394,3.487186265996072
mixed,copula,29,84,264,0.3181818181818182,3.4827819082216496
mixed,copula,29,85,264,0.32196969696969696,3.504527989520346
mixed,copula,29,86,264,0.32575757575757575,3.468888327906618
mixed,copula,29,87,264,0.32954545454545453,3.460403884854501
mixed,copula,29,88,264,0.3333333333333333,3.450677071098399
mixed,copula,29,89,264,0.3371212121212121,3.4671619701698186
mixed,copula,29,90,264,0.3409090909090909,3.446360360942766
mixed,copula,29,91,264,0.3446969696969697,3.4477917489163774
mixed,copula,29,92,264,0.3484848484848485,3.4295494189983815
mixed,copula,29,93,264,0.3522727272727273,3.416843150903671
mixed,copula,29,94,264,0.3560606060606061,3.4533213788980017
mixed,copula,29,95,264,0.35984848484848486,3.4579313928817275
mixed,copula,29,96,264,0.36363636363636365,3.490661886650076
mixed,copula,29,97,264,0.36742424242424243,3.5023315010992566
mixed,copula,29,98,264,0.3712121212121212,3.5649193816475893
mixed,copula,29,99,264,0.375,3.555906918387513
mixed,copula,29,100,264,0.3787878787878788,3.548053369846423
mixed,copula,29,101,264,0.38257575757575757,3.5337593807302485
mixed,copula,29,102,264,0.38636363636363635,3.545786451384121
mixed,copula,29,103,264,0.39015151515151514,3.5227940533767086
mixed,copula,29,104,264,0.3939393939393939,3.563010652303142
mixed,copula,29,105,264,0.3977272727272727,3.5503248039553297
mixed,copula,29,106,264,0.4015151515151515,3.536721573688567
mixed,copula,29,107,264,0.4053030303030303,3.53649275879743
mixed,copula,29,108,264,0.4090909090909091,3.5170003686495015
mixed,copula,29,109,264,0.4128787878787879,3.5027859952238596
mixed,copula,29,110,264,0.4166666666666667,3.480900083644228
mixed,copula,29,111,264,0.42045454545454547,3.479370397808726
mixed,copula,29,112,264,0.42424242424242425,3.4596346088107626
mixed,copula,29,113,264,0.42803030303030304,3.447529113763518
mixed,copula,29,114,264,0.4318181818181818,3.48162813389102
mixed,copula,29,115,264,0.4356060606060606,3.495394224073914
mixed,copula,29,116,264,0.4393939393939394,3.5062531142092106
mixed,copula,29,117,264,0.4431818181818182,3.511582226356631
mixed,copula,29,118,264,0.44696969696969696,3.520533491953287
mixed,copula,29,119,264,0.45075757575757575,3.524787201057703
mixed,copula,29,120,264,0.45454545454545453,3.548931572229463
mixed,copula,29,121,264,0.4583333333333333,3.5416552326616495
mixed,copula,29,122,264,0.4621212121212121,3.5580735922669513
mixed,copula,29,123,264,0.4659090909090909,3.577493403902921
mixed,copula,29,124,264,0.4696969696969697,3.5968174581856944
mixed,copula,29,125,264,0.4734848484848485,3.5910562325438007
mixed,copula,29,126,264,0.4772727272727273,3.5782853924754887
mixed,copula,29,127,264,0.4810606060606061,3.588441524108542
mixed,copula,29,128,264,0.48484848484848486,3.575237360489349
mixed,copula,29,129,264,0.48863636363636365,3.5747594448562148
mixed,copula,29,130,264,0.49242424242424243,3.5619543481520055
mixed,copula,29,131,264,0.4962121212121212,3.5624402389908525
mixed,copula,29,132,264,0.5,3.5790532162758755
mixed,copula,29,133,264,0.5037878787878788,3.5745028140596276
mixed,copula,29,134,264,0.5075757575757576,3.590305092380617
mixed,copula,29,135,264,0.5113636363636364,3.5889056487654383
mixed,copula,29,136,264,0.5151515151515151,3.5927526494692605
mixed,copula,29,137,264,0.5189393939393939,3.5794016247254095
mixed,copula,29,138,264,0.5227272727272727,3.59246099050664
mixed,copula,29,139,264,0.5265151515151515,3.5855887090605716
mixed,copula,29,140,264,0.5303030303030303,3.5799129324031482
mixed,copula,29,141,264,0.5340909090909091,3.581567573429182
mixed,copula,29,142,264,0.5378787878787878,3.6117323529603675
mixed,copula,29,143,264,0.5416666666666666,3.6377830613112634
mixed,copula,29,144,264,0.5454545454545454,3.6386791240918583
mixed,copula,29,145,264,0.5492424242424242,3.6248274555140716
mixed,copula,29,146,264,0.553030303030303,3.614325187037419
mixed,copula,29,147,264,0.5568181818181818,3.599776402776125
mixed,copula,29,148,264,0.5606060606060606,3.6068857479226053
mixed,copula,29,149,264,0.5643939393939394,3.5960453488449033
mixed,copula,29,150,264,0.5681818181818182,3.5920715223889808
mixed,copula,29,151,264,0.571969696969697,3.599127997893893
mixed,copula,29,152,264,0.5757575757575758,3.5992029529004306
mixed,copula,29,153,264,0.5795454545454546,3.5892490803142394
mixed,copula,29,154,264,0.5833333333333334,3.5857035061978197
mixed,copula,29,155,264,0.5871212121212122,3.5777663850134447
mixed,copula,29,156,264,0.5909090909090909,3.566736285049587
mixed,copula,29,157,264,0.5946969696969697,3.57055978545601
mixed,copula,29,158,264,0.5984848484848485,3.5752103835578644
mixed,copula,29,159,264,0.6022727272727273,3.5724269836429516
mixed,copula,29,160,264,0.6060606060606061,3.5980812003316074
mixed,copula,29,161,264,0.6098484848484849,3.5899282555332
mixed,copula,29,162,264,0.6136363636363636,3.578313723102667
mixed,copula,29,163,264,0.6174242424242424,3.5651963199036234
mixed,copula,29,164,264,0.6212121212121212,3.558054489934525
mixed,copula,29,165,264,0.625,3.560027383604535
mixed,copula,29,166,264,0.6287878787878788,3.5481329609008943
mixed,copula,29,167,264,0.6325757575757576,3.5388313060961867
mixed,copula,29,168,264,0.6363636363636364,3.5463140087575638
mixed,copula,29,169,264,0.6401515151515151,3.5416761616923735
mixed,copula,29,170,264,0.6439393939393939,3.5473036440108126
mixed,copula,29,171,264,0.6477272727272727,3.554743598771029
mixed,copula,29,172,264,0.6515151515151515,3.564972873064237
mixed,copula,29,173,264,0.6553030303030303,3.568156944877619
mixed,copula,29,174,264,0.6590909090909091,3.5602501218843785
mixed,copula,29,175,264,0.6628787878787878,3.5698344697368882
mixed,copula,29,176,264,0.6666666666666666,3.554755615062479
mixed,copula,29,177,264,0.6704545454545454,3.572010263501609
mixed,copula,29,178,264,0.6742424242424242,3.5576760178149396
mixed,copula,29,179,264,0.678030303030303,3.5631118776460915
mixed,copula,29,180,264,0.6818181818181818,3.5537741218572103
mixed,copula,29,181,264,0.6856060606060606,3.551647658173784
mixed,copula,29,182,264,0.6893939393939394,3.537462509005448
mixed,copula,29,183,264,0.6931818181818182,3.5333371583810695
mixed,copula,29,184,264,0.696969696969697,3.5269013004381433
mixed,copula,29,185,264,0.7007575757575758,3.5574748013054043
mixed,copula,29,186,264,0.7045454545454546,3.5555794366505555
mixed,copula,29,187,264,0.7083333333333334,3.5801479333989454
mixed,copula,29,188,264,0.7121212121212122,3.5776707447192178
mixed,copula,29,189,264,0.7159090909090909,3.5913577904088596
mixed,copula,29,190,264,0.7196969696969697,3.5901261270506564
mixed,copula,29,191,264,0.7234848484848485,3.63903977019273
mixed,copula,29,192,264,0.7272727272727273,3.651515458671773
mixed,copula,29,193,264,0.7310606060606061,3.6864149625252556
mixed,copula,29,194,264,0.7348484848484849,3.679976562864205
mixed,copula,29,195,264,0.7386363636363636,3.6694002375947425
mixed,copula,29,196,264,0.7424242424242424,3.672056484723019
mixed,copula,29,197,264,0.7462121212121212,3.674507419360494
mixed,copula,29,198,264,0.75,3.677875737102117
mixed,copula,29,199,264,0.7537878787878788,3.680122942870699
mixed,copula,29,200,264,0.7575757575757576,3.6774518002998566
mixed,copula,29,201,264,0.7613636363636364,3.6672180154208185
mixed,copula,29,202,264,0.7651515151515151,3.662088921267839
mixed,copula,29,203,264,0.7689393939393939,3.665270942902713
mixed,copula,29,204,264,0.7727272727272727,3.6732355521576694
mixed,copula,29,205,264,0.7765151515151515,3.667070195473885
mixed,copula,29,206,264,0.7803030303030303,3.673429310620316
mixed,copula,29,207,264,0.7840909090909091,3.669567932136587
mixed,copula,29,208,264,0.7878787878787878,3.659632398588231
mixed,copula,29,209,264,0.7916666666666666,3.6627597839330432
mixed,copula,29,210,264,0.7954545454545454,3.6628126044887215
mixed,copula,29,211,264,0.7992424242424242,3.6515055374115675
mixed,copula,29,212,264,0.803030303030303,3.6425443817049903
mixed,copula,29,213,264,0.8068181818181818,3.653516253877468
mixed,copula,29,214,264,0.8106060606060606,3.687300338145042
mixed,copula,29,215,264,0.8143939393939394,3.67909021422542
mixed,copula,29,216,264,0.8181818181818182,3.668865161432214
mixed,copula,29,217,264,0.821969696969697,3.65695058439847
mixed,copula,29,218,264,0.8257575757575758,3.651984504843862
mixed,copula,29,219,264,0.8295454545454546,3.650633403617113
mixed,copula,29,220,264,0.8333333333333334,3.6738535738538034
mixed,copula,29,221,264,0.8371212121212122,3.668365032002852
mixed,copula,29,222,264,0.8409090909090909,3.671519163707547
mixed,copula,29,223,264,0.8446969696969697,3.666318299843182
mixed,copula,29,224,264,0.8484848484848485,3.653398785422906
mixed,copula,29,225,264,0.8522727272727273,3.6582321049544597
mixed,copula,29,226,264,0.8560606060606061,3.6610074725703208
mixed,copula,29,227,264,0.8598484848484849,3.658597044116328
mixed,copula,29,228,264,0.8636363636363636,3.6619984690499616
mixed,copula,29,229,264,0.8674242424242424,3.6540043445961627
mixed,copula,29,230,264,0.8712121212121212,3.6530626185532578
mixed,copula,29,231,264,0.875,3.66593434421033
mixed,copula,29,232,264,0.8787878787878788,3.7059011200297833
mixed,copula,29,233,264,0.8825757575757576,3.7016032002507666
mixed,copula,29,234,264,0.8863636363636364,3.700501921685097
mixed,copula,29,235,264,0.8901515151515151,3.689717452589389
mixed,copula,29,236,264,0.8939393939393939,3.681428836521309
mixed,copula,29,237,264,0.8977272727272727,3.7044521400784562
mixed,copula,29,238,264,0.9015151515151515,3.696896550702938
mixed,copula,29,239,264,0.9053030303030303,3.686749393144691
mixed,copula,29,240,264,0.9090909090909091,3.678851957280423
mixed,copula,29,241,264,0.9128787878787878,3.6753411598772274
mixed,copula,29,242,264,0.9166666666666666,3.693310935585947
mixed,copula,29,243,264,0.9204545454545454,3.7116766566590322
mixed,copula,29,244,264,0.9242424242424242,3.705459337348048
mixed,copula,29,245,264,0.928030303030303,3.6976816469968727
mixed,copula,29,246,264,0.9318181818181818,3.6863933611887023
mixed,copula,29,247,264,0.9356060606060606,3.676208159995836
mixed,copula,29,248,264,0.9393939393939394,3.676203803627668
mixed,copula,29,249,264,0.9431818181818182,3.675124027338174
mixed,copula,29,250,264,0.946969696969697,3.6759225545450027
mixed,copula,29,251,264,0.9507575757575758,3.6677215148997435
mixed,copula,29,252,264,0.9545454545454546,3.6624796906027757
mixed,copula,29,253,264,0.9583333333333334,3.65972617147127
mixed,copula,29,254,264,0.9621212121212122,3.6527221525261164
mixed,copula,29,255,264,0.9659090909090909,3.649253279558275
mixed,copula,29,256,264,0.9696969696969697,3.644577573048461
mixed,copula,29,257,264,0.9734848484848485,3.6374922625211195
mixed,copula,29,258,264,0.9772727272727273,3.636211302949135
mixed,copula,29,259,264,0.9810606060606061,3.6332344854960446
mixed,copula,29,260,264,0.9848484848484849,3.6333694073789795
mixed,copula,29,261,264,0.9886363636363636,3.6325806787580937
mixed,copula,29,262,264,0.9924242424242424,3.628969056312786
mixed,copula,29,263,264,0.9962121212121212,3.6222634386075114
mixed,copula,29,264,264,1.0,3.641907911286219
mixed,copula,43,1,264,0.003787878787878788,2.431563912331707
mixed,copula,43,2,264,0.007575757575757576,2.462911858056791
mixed,copula,43,3,264,0.011363636363636364,2.078858440695264
mixed,copula,43,4,264,0.015151515151515152,2.3426506839646986
mixed,copula,43,5,264,0.01893939393939394,2.642840175787185
mixed,copula,43,6,264,0.022727272727272728,3.1249853222579578
mixed,copula,43,7,264,0.026515151515151516,3.016827940952286
mixed,copula,43,8,264,0.030303030303030304,3.028319557180099
mixed,copula,43,9,264,0.03409090909090909,2.8717352142671873
mixed,copula,43,10,264,0.03787878787878788,2.896825948214212
mixed,copula,43,11,264,0.041666666666666664,2.7924730356062533
mixed,copula,43,12,264,0.045454545454545456,2.6445345881391695
mixed,copula,43,13,264,0.04924242424242424,2.794959091282297
mixed,copula,43,14,264,0.05303030303030303,2.868002203282978
mixed,copula,43,15,264,0.056818181818181816,2.815779881211981
mixed,copula,43,16,264,0.06060606060606061,2.848684408289665
mixed,copula,43,17,264,0.06439393939393939,2.824909902286925
mixed,copula,43,18,264,0.06818181818181818,2.9214281073268973
mixed,copula,43,19,264,0.07196969696969698,2.890136588292329
mixed,copula,43,20,264,0.07575757575757576,2.8929004788832553
mixed,copula,43,21,264,0.07954545454545454,2.8817573237948366
mixed,copula,43,22,264,0.08333333333333333,2.7969783571980797
mixed,copula,43,23,264,0.08712121212121213,2.772074769397965
mixed,copula,43,24,264,0.09090909090909091,2.9668966783108384
mixed,copula,43,25,264,0.0946969696969697,2.963568521748278
mixed,copula,43,26,264,0.09848484848484848,2.9249618374641644
mixed,copula,43,27,264,0.10227272727272728,2.953966751535992
mixed,copula,43,28,264,0.10606060606060606,2.897954795038891
mixed,copula,43,29,264,0.10984848484848485,2.8759792458759197
mixed,copula,43,30,264,0.11363636363636363,2.826836942886598
mixed,copula,43,31,264,0.11742424242424243,2.798196129058423
mixed,copula,43,32,264,0.12121212121212122,2.770858720314791
mixed,copula,43,33,264,0.125,2.7368715934556356
mixed,copula,43,34,264,0.12878787878787878,2.7301304538614444
mixed,copula,43,35,264,0.13257575757575757,2.73410770663877
mixed,copula,43,36,264,0.13636363636363635,2.735971477242491
mixed,copula,43,37,264,0.14015151515151514,2.7866021893413535
mixed,copula,43,38,264,0.14393939393939395,2.737056000784412
mixed,copula,43,39,264,0.14772727272727273,2.7788713992442666
mixed,copula,43,40,264,0.15151515151515152,2.8961379310475546
mixed,copula,43,41,264,0.1553030303030303,2.8972205150885206
mixed,copula,43,42,264,0.1590909090909091,2.9018180697081584
mixed,copula,43,43,264,0.16287878787878787,3.0010182870022377
mixed,copula,43,44,264,0.16666666666666666,3.001945972726609
mixed,copula,43,45,264,0.17045454545454544,3.0032343422370653
mixed,copula,43,46,264,0.17424242424242425,2.9762647383229237
mixed,copula,43,47,264,0.17803030303030304,3.059945057885926
mixed,copula,43,48,264,0.18181818181818182,3.072026631030534
mixed,copula,43,49,264,0.1856060606060606,3.053158218485599
mixed,copula,43,50,264,0.1893939393939394,3.0527269204038094
mixed,copula,43,51,264,0.19318181818181818,3.0515752762865382
mixed,copula,43,52,264,0.19696969696969696,3.054978096080278
mixed,copula,43,53,264,0.20075757575757575,3.045779327013387
mixed,copula,43,54,264,0.20454545454545456,3.0407510020119526
mixed,copula,43,55,264,0.20833333333333334,3.0748717565310533
mixed,copula,43,56,264,0.21212121212121213,3.08000011332081
mixed,copula,43,57,264,0.2159090909090909,3.160117096001684
mixed,copula,43,58,264,0.2196969696969697,3.1960701025536675
mixed,copula,43,59,264,0.22348484848484848,3.1890400066498032
mixed,copula,43,60,264,0.22727272727272727,3.2068789154555635
mixed,copula,43,61,264,0.23106060606060605,3.206686615247185
mixed,copula,43,62,264,0.23484848484848486,3.2418343198707165
mixed,copula,43,63,264,0.23863636363636365,3.2273463238664255
mixed,copula,43,64,264,0.24242424242424243,3.2251486673773395
mixed,copula,43,65,264,0.24621212121212122,3.2160495571192134
mixed,copula,43,66,264,0.25,3.2611918253609264
mixed,copula,43,67,264,0.2537878787878788,3.2516979416928944
mixed,copula,43,68,264,0.25757575757575757,3.2243913718047765
mixed,copula,43,69,264,0.26136363636363635,3.2322674191414107
mixed,copula,43,70,264,0.26515151515151514,3.2331327008062316
mixed,copula,43,71,264,0.2689393939393939,3.219570627823955
mixed,copula,43,72,264,0.2727272727272727,3.2058206907425766
mixed,copula,43,73,264,0.2765151515151515,3.2183954991531523
mixed,copula,43,74,264,0.2803030303030303,3.221005729989537
mixed,copula,43,75,264,0.2840909090909091,3.264394552239336
mixed,copula,43,76,264,0.2878787878787879,3.2474950258454607
mixed,copula,43,77,264,0.2916666666666667,3.316003772183051
mixed,copula,43,78,264,0.29545454545454547,3.3550095199961945
mixed,copula,43,79,264,0.29924242424242425,3.4194823730048394
mixed,copula,43,80,264,0.30303030303030304,3.4201705379049274
mixed,copula,43,81,264,0.3068181818181818,3.4301828364743208
mixed,copula,43,82,264,0.3106060606060606,3.3967630298980245
mixed,copula,43,83,264,0.3143939393939394,3.415551563555328
mixed,copula,43,84,264,0.3181818181818182,3.4048524615001385
mixed,copula,43,85,264,0.32196969696969696,3.4258659643198577
mixed,copula,43,86,264,0.32575757575757575,3.4218149827869815
mixed,copula,43,87,264,0.32954545454545453,3.419293134030261
mixed,copula,43,88,264,0.3333333333333333,3.4180266533542
mixed,copula,43,89,264,0.3371212121212121,3.3927025419647276
mixed,copula,43,90,264,0.3409090909090909,3.3879731841191694
mixed,copula,43,91,264,0.3446969696969697,3.381075759205419
mixed,copula,43,92,264,0.3484848484848485,3.384465596304207
mixed,copula,43,93,264,0.3522727272727273,3.4170693218178148
mixed,copula,43,94,264,0.3560606060606061,3.414253965118069
mixed,copula,43,95,264,0.35984848484848486,3.4448941099831654
mixed,copula,43,96,264,0.36363636363636365,3.4318294294681913
mixed,copula,43,97,264,0.36742424242424243,3.4266015052929015
mixed,copula,43,98,264,0.3712121212121212,3.465446997547064
mixed,copula,43,99,264,0.375,3.4872422659808384
mixed,copula,43,100,264,0.3787878787878788,3.488640985687964
mixed,copula,43,101,264,0.38257575757575757,3.4825953039480364
mixed,copula,43,102,264,0.38636363636363635,3.4848034856411165
mixed,copula,43,103,264,0.39015151515151514,3.4946489005053736
mixed,copula,43,104,264,0.3939393939393939,3.515304495349005
mixed,copula,43,105,264,0.3977272727272727,3.532640094476023
mixed,copula,43,106,264,0.4015151515151515,3.519178888387177
mixed,copula,43,107,264,0.4053030303030303,3.5087514005680664
mixed,copula,43,108,264,0.4090909090909091,3.497718120029348
mixed,copula,43,109,264,0.4128787878787879,3.504872502258592
mixed,copula,43,110,264,0.4166666666666667,3.497899530413708
mixed,copula,43,111,264,0.42045454545454547,3.480703122097251
mixed,copula,43,112,264,0.42424242424242425,3.463067366500248
mixed,copula,43,113,264,0.42803030303030304,3.4697061359273267
mixed,copula,43,114,264,0.4318181818181818,3.4692787568752586
mixed,copula,43,115,264,0.4356060606060606,3.4793326870998893
mixed,copula,43,116,264,0.4393939393939394,3.461691704591359
mixed,copula,43,117,264,0.4431818181818182,3.4384833611696055
mixed,copula,43,118,264,0.44696969696969696,3.424789712032377
mixed,copula,43,119,264,0.45075757575757575,3.4342495816423884
mixed,copula,43,120,264,0.45454545454545453,3.433433511165286
mixed,copula,43,121,264,0.4583333333333333,3.428598087936669
mixed,copula,43,122,264,0.4621212121212121,3.4290266730030594
mixed,copula,43,123,264,0.4659090909090909,3.455929834265856
mixed,copula,43,124,264,0.4696969696969697,3.4772304078004237
mixed,copula,43,125,264,0.4734848484848485,3.467201742569562
mixed,copula,43,126,264,0.4772727272727273,3.471274200861467
mixed,copula,43,127,264,0.4810606060606061,3.473141671461826
mixed,copula,43,128,264,0.48484848484848486,3.496303956275848
mixed,copula,43,129,264,0.48863636363636365,3.4999374449284133
mixed,copula,43,130,264,0.49242424242424243,3.487345142661624
mixed,copula,43,131,264,0.4962121212121212,3.472125518264396
mixed,copula,43,132,264,0.5,3.4695025609643513
mixed,copula,43,133,264,0.5037878787878788,3.4641413670546597
mixed,copula,43,134,264,0.5075757575757576,3.4732410698276213
mixed,copula,43,135,264,0.5113636363636364,3.47671266115881
mixed,copula,43,136,264,0.5151515151515151,3.4897164097776687
mixed,copula,43,137,264,0.5189393939393939,3.48518584533316
mixed,copula,43,138,264,0.5227272727272727,3.506725782700842
mixed,copula,43,139,264,0.5265151515151515,3.489070221181618
mixed,copula,43,140,264,0.5303030303030303,3.4748422814498046
mixed,copula,43,141,264,0.5340909090909091,3.4734917990621152
mixed,copula,43,142,264,0.5378787878787878,3.477178722934987
mixed,copula,43,143,264,0.5416666666666666,3.4684364949602657
mixed,copula,43,144,264,0.5454545454545454,3.4616111880389493
mixed,copula,43,145,264,0.5492424242424242,3.4722573452805765
mixed,copula,43,146,264,0.553030303030303,3.4780892548963687
mixed,copula,43,147,264,0.5568181818181818,3.467640587020955
mixed,copula,43,148,264,0.5606060606060606,3.4802655340203277
mixed,copula,43,149,264,0.5643939393939394,3.5023975695968077
mixed,copula,43,150,264,0.5681818181818182,3.5243259524001664
mixed,copula,43,151,264,0.571969696969697,3.528328789334022
mixed,copula,43,152,264,0.5757575757575758,3.543965513724318
mixed,copula,43,153,264,0.5795454545454546,3.5522403867193733
mixed,copula,43,154,264,0.5833333333333334,3.536174553450191
mixed,copula,43,155,264,0.5871212121212122,3.538999252234837
mixed,copula,43,156,264,0.5909090909090909,3.531402994772243
mixed,copula,43,157,264,0.5946969696969697,3.549984470352286
mixed,copula,43,158,264,0.5984848484848485,3.542314175074975
mixed,copula,43,159,264,0.6022727272727273,3.5396806297525596
mixed,copula,43,160,264,0.6060606060606061,3.5366686745528577
mixed,copula,43,161,264,0.6098484848484849,3.5403731864920007
mixed,copula,43,162,264,0.6136363636363636,3.5372764238443635
mixed,copula,43,163,264,0.6174242424242424,3.5344835400522268
mixed,copula,43,164,264,0.6212121212121212,3.548308438341535
mixed,copula,43,165,264,0.625,3.573212347352179
mixed,copula,43,166,264,0.6287878787878788,3.5670892761579482
mixed,copula,43,167,264,0.6325757575757576,3.5688072269224462
mixed,copula,43,168,264,0.6363636363636364,3.563189314095907
mixed,copula,43,169,264,0.6401515151515151,3.564912372893097
mixed,copula,43,170,264,0.6439393939393939,3.5717709415369603
mixed,copula,43,171,264,0.6477272727272727,3.6165237488097293
mixed,copula,43,172,264,0.6515151515151515,3.6203251667813183
mixed,copula,43,173,264,0.6553030303030303,3.626161160425862
mixed,copula,43,174,264,0.6590909090909091,3.621083585289049
mixed,copula,43,175,264,0.6628787878787878,3.624091412082126
mixed,copula,43,176,264,0.6666666666666666,3.619364664882902
mixed,copula,43,177,264,0.6704545454545454,3.6156677602897522
mixed,copula,43,178,264,0.6742424242424242,3.603058870486289
mixed,copula,43,179,264,0.678030303030303,3.610215580780375
mixed,copula,43,180,264,0.6818181818181818,3.6027728464304
mixed,copula,43,181,264,0.6856060606060606,3.608332488245125
mixed,copula,43,182,264,0.6893939393939394,3.6013652310716147
mixed,copula,43,183,264,0.6931818181818182,3.6070869935355487
mixed,copula,43,184,264,0.696969696969697,3.598171012946303
mixed,copula,43,185,264,0.7007575757575758,3.5897886831536265
mixed,copula,43,186,264,0.7045454545454546,3.58256496113118
mixed,copula,43,187,264,0.7083333333333334,3.5704873205779446
mixed,copula,43,188,264,0.7121212121212122,3.562871571447229
mixed,copula,43,189,264,0.7159090909090909,3.5886036827014376
mixed,copula,43,190,264,0.7196969696969697,3.597525608295849
mixed,copula,43,191,264,0.7234848484848485,3.5958903467799104
mixed,copula,43,192,264,0.7272727272727273,3.597101582824347
mixed,copula,43,193,264,0.7310606060606061,3.6136379641019407
mixed,copula,43,194,264,0.7348484848484849,3.609296971887275
mixed,copula,43,195,264,0.7386363636363636,3.6138724742155492
mixed,copula,43,196,264,0.7424242424242424,3.612526824351689
mixed,copula,43,197,264,0.7462121212121212,3.6169816108210084
mixed,copula,43,198,264,0.75,3.6248561166795445
mixed,copula,43,199,264,0.7537878787878788,3.6248646369068105
mixed,copula,43,200,264,0.7575757575757576,3.6336289702110047
mixed,copula,43,201,264,0.7613636363636364,3.6306602097239606
mixed,copula,43,202,264,0.7651515151515151,3.638402308822279
mixed,copula,43,203,264,0.7689393939393939,3.6828470798922166
mixed,copula,43,204,264,0.7727272727272727,3.677036590560914
mixed,copula,43,205,264,0.7765151515151515,3.6710887067085967
mixed,copula,43,206,264,0.7803030303030303,3.698779146396994
mixed,copula,43,207,264,0.7840909090909091,3.734952569594429
mixed,copula,43,208,264,0.7878787878787878,3.7349017396664284
mixed,copula,43,209,264,0.7916666666666666,3.727967287635413
mixed,copula,43,210,264,0.7954545454545454,3.714976486859389
mixed,copula,43,211,264,0.7992424242424242,3.702906134317962
mixed,copula,43,212,264,0.803030303030303,3.7110616996414163
mixed,copula,43,213,264,0.8068181818181818,3.7034328599930064
mixed,copula,43,214,264,0.8106060606060606,3.7028488254252965
mixed,copula,43,215,264,0.8143939393939394,3.7051700282650506
mixed,copula,43,216,264,0.8181818181818182,3.7429702506752167
mixed,copula,43,217,264,0.821969696969697,3.7347146026459037
mixed,copula,43,218,264,0.8257575757575758,3.7700225916608665
mixed,copula,43,219,264,0.8295454545454546,3.759449003638119
mixed,copula,43,220,264,0.8333333333333334,3.754998902714174
mixed,copula,43,221,264,0.8371212121212122,3.7449275300955405
mixed,copula,43,222,264,0.8409090909090909,3.742660139192502
mixed,copula,43,223,264,0.8446969696969697,3.7358863324306912
mixed,copula,43,224,264,0.8484848484848485,3.7618605088749613
mixed,copula,43,225,264,0.8522727272727273,3.753180557266271
mixed,copula,43,226,264,0.8560606060606061,3.754275476974412
mixed,copula,43,227,264,0.8598484848484849,3.7525245889353185
mixed,copula,43,228,264,0.8636363636363636,3.7465491769911727
mixed,copula,43,229,264,0.8674242424242424,3.733578961153761
mixed,copula,43,230,264,0.8712121212121212,3.747410688060104
mixed,copula,43,231,264,0.875,3.7362157052111984
mixed,copula,43,232,264,0.8787878787878788,3.7264918565035994
mixed,copula,43,233,264,0.8825757575757576,3.7256390266598625
mixed,copula,43,234,264,0.8863636363636364,3.7339205328263563
mixed,copula,43,235,264,0.8901515151515151,3.729155176683427
mixed,copula,43,236,264,0.8939393939393939,3.71875798677565
mixed,copula,43,237,264,0.8977272727272727,3.719818734603126
mixed,copula,43,238,264,0.9015151515151515,3.727278775736969
mixed,copula,43,239,264,0.9053030303030303,3.7413258517795143
mixed,copula,43,240,264,0.9090909090909091,3.734340200795853
mixed,copula,43,241,264,0.9128787878787878,3.7238566746229727
mixed,copula,43,242,264,0.9166666666666666,3.717945516922939
mixed,copula,43,243,264,0.9204545454545454,3.7152763635457036
mixed,copula,43,244,264,0.9242424242424242,3.711462967963779
mixed,copula,43,245,264,0.928030303030303,3.712362940698886
mixed,copula,43,246,264,0.9318181818181818,3.7233805614940114
mixed,copula,43,247,264,0.9356060606060606,3.7220199509672693
mixed,copula,43,248,264,0.9393939393939394,3.7211001554789593
mixed,copula,43,249,264,0.9431818181818182,3.712100179515906
mixed,copula,43,250,264,0.946969696969697,3.7031321620051805
mixed,copula,43,251,264,0.9507575757575758,3.7045526843366705
mixed,copula,43,252,264,0.9545454545454546,3.7017709784657935
mixed,copula,43,253,264,0.9583333333333334,3.6944612746975904
mixed,copula,43,254,264,0.9621212121212122,3.690718305772927
mixed,copula,43,255,264,0.9659090909090909,3.6893640534525947
mixed,copula,43,256,264,0.9696969696969697,3.6818080126758783
mixed,copula,43,257,264,0.9734848484848485,3.675729572664635
mixed,copula,43,258,264,0.9772727272727273,3.672333301839518
mixed,copula,43,259,264,0.9810606060606061,3.6685612639615197
mixed,copula,43,260,264,0.9848484848484849,3.669293108096062
mixed,copula,43,261,264,0.9886363636363636,3.664377697410873
mixed,copula,43,262,264,0.9924242424242424,3.6700709956199526
mixed,copula,43,263,264,0.9962121212121212,3.6638054222211607
mixed,copula,43,264,264,1.0,3.6751615884632582
mixed,none,17,1,264,0.003787878787878788,3.458062360644202
mixed,none,17,2,264,0.007575757575757576,3.034091719367398
mixed,none,17,3,264,0.011363636363636364,2.8305204470554823
mixed,none,17,4,264,0.015151515151515152,2.7272534040546335
mixed,none,17,5,264,0.01893939393939394,2.618744452248518
mixed,none,17,6,264,0.022727272727272728,2.554330609305412
mixed,none,17,7,264,0.026515151515151516,3.091101999194057
mixed,none,17,8,264,0.030303030303030304,2.924774638680329
mixed,none,17,9,264,0.03409090909090909,2.770930126932687
mixed,none,17,10,264,0.03787878787878788,3.0701693809928643
mixed,none,17,11,264,0.041666666666666664,3.2611387675459325
mixed,none,17,12,264,0.045454545454545456,3.1430633684153615
mixed,none,17,13,264,0.04924242424242424,3.161318889538987
mixed,none,17,14,264,0.05303030303030303,3.102399316237561
mixed,none,17,15,264,0.056818181818181816,3.2776799096877642
mixed,none,17,16,264,0.06060606060606061,3.2607614937604374
mixed,none,17,17,264,0.06439393939393939,3.1939516420904455
mixed,none,17,18,264,0.06818181818181818,3.1227353807957465
mixed,none,17,19,264,0.07196969696969698,3.029195740773319
mixed,none,17,20,264,0.07575757575757576,3.0107834784951883
mixed,none,17,21,264,0.07954545454545454,3.0851893684371894
mixed,none,17,22,264,0.08333333333333333,3.12060096535897
mixed,none,17,23,264,0.08712121212121213,3.0371807702863847
mixed,none,17,24,264,0.09090909090909091,3.0777261908312856
mixed,none,17,25,264,0.0946969696969697,3.121228612743516
mixed,none,17,26,264,0.09848484848484848,3.0841529065925544
mixed,none,17,27,264,0.10227272727272728,3.055999222636109
mixed,none,17,28,264,0.10606060606060606,3.0706711587843354
mixed,none,17,29,264,0.10984848484848485,3.1244596664469415
mixed,none,17,30,264,0.11363636363636363,3.0659991233648527
mixed,none,17,31,264,0.11742424242424243,3.117417513042545
mixed,none,17,32,264,0.12121212121212122,3.213067280594532
mixed,none,17,33,264,0.125,3.19875890263247
mixed,none,17,34,264,0.12878787878787878,3.209222188187035
mixed,none,17,35,264,0.13257575757575757,3.1582326881702185
mixed,none,17,36,264,0.13636363636363635,3.168241396203664
mixed,none,17,37,264,0.14015151515151514,3.1024057702707983
mixed,none,17,38,264,0.14393939393939395,3.1044014837325475
mixed,none,17,39,264,0.14772727272727273,3.0593394901281
mixed,none,17,40,264,0.15151515151515152,3.035049424458684
mixed,none,17,41,264,0.1553030303030303,3.0253533586302166
mixed,none,17,42,264,0.1590909090909091,3.0926414317861264
mixed,none,17,43,264,0.16287878787878787,3.1608087725233056
mixed,none,17,44,264,0.16666666666666666,3.1082606600064526
mixed,none,17,45,264,0.17045454545454544,3.127114113412824
mixed,none,17,46,264,0.17424242424242425,3.098270772896033
mixed,none,17,47,264,0.17803030303030304,3.1200493949070958
mixed,none,17,48,264,0.18181818181818182,3.133208928058641
mixed,none,17,49,264,0.1856060606060606,3.0959950555133813
mixed,none,17,50,264,0.1893939393939394,3.0956420137869625
mixed,none,17,51,264,0.19318181818181818,3.0552323400070738
mixed,none,17,52,264,0.19696969696969696,3.0575227990031624
mixed,none,17,53,264,0.20075757575757575,3.0626553067491553
mixed,none,17,54,264,0.20454545454545456,3.031139893730604
mixed,none,17,55,264,0.20833333333333334,3.011728253100667
mixed,none,17,56,264,0.21212121212121213,2.999496780774119
mixed,none,17,57,264,0.2159090909090909,3.016023412056964
mixed,none,17,58,264,0.2196969696969697,3.013106591623189
mixed,none,17,59,264,0.22348484848484848,3.008349901247585
mixed,none,17,60,264,0.22727272727272727,3.026388726610572
mixed,none,17,61,264,0.23106060606060605,3.123908372313428
mixed,none,17,62,264,0.23484848484848486,3.0811666454886995
mixed,none,17,63,264,0.23863636363636365,3.0725891302266772
mixed,none,17,64,264,0.24242424242424243,3.1190025594980937
mixed,none,17,65,264,0.24621212121212122,3.144544334620022
mixed,none,17,66,264,0.25,3.1839088133200732
mixed,none,17,67,264,0.2537878787878788,3.1482919335110133
mixed,none,17,68,264,0.25757575757575757,3.13704253956936
mixed,none,17,69,264,0.26136363636363635,3.189499774623558
mixed,none,17,70,264,0.26515151515151514,3.164428408675909
mixed,none,17,71,264,0.2689393939393939,3.1823461876335517
mixed,none,17,72,264,0.2727272727272727,3.1582487930244665
mixed,none,17,73,264,0.2765151515151515,3.158360821948052
mixed,none,17,74,264,0.2803030303030303,3.126076706078205
mixed,none,17,75,264,0.2840909090909091,3.1779288186497476
mixed,none,17,76,264,0.2878787878787879,3.230339019812635
mixed,none,17,77,264,0.2916666666666667,3.2223977844831073
mixed,none,17,78,264,0.29545454545454547,3.220478176546275
mixed,none,17,79,264,0.29924242424242425,3.2261314944314856
mixed,none,17,80,264,0.30303030303030304,3.2509124173038275
mixed,none,17,81,264,0.3068181818181818,3.2363109435701296
mixed,none,17,82,264,0.3106060606060606,3.2416926276021787
mixed,none,17,83,264,0.3143939393939394,3.2311601290800946
mixed,none,17,84,264,0.3181818181818182,3.219251748351355
mixed,none,17,85,264,0.32196969696969696,3.1950158875843173
mixed,none,17,86,264,0.32575757575757575,3.186884640327248
mixed,none,17,87,264,0.32954545454545453,3.2212375244601
mixed,none,17,88,264,0.3333333333333333,3.202339820176311
mixed,none,17,89,264,0.3371212121212121,3.2368886131280665
mixed,none,17,90,264,0.3409090909090909,3.229822813651069
mixed,none,17,91,264,0.3446969696969697,3.2144093970603613
mixed,none,17,92,264,0.3484848484848485,3.2100842171247708
mixed,none,17,93,264,0.3522727272727273,3.2071284128573176
mixed,none,17,94,264,0.3560606060606061,3.1817079143252815
mixed,none,17,95,264,0.35984848484848486,3.2205327267951285
mixed,none,17,96,264,0.36363636363636365,3.1964551801776118
mixed,none,17,97,264,0.36742424242424243,3.2223229152899573
mixed,none,17,98,264,0.3712121212121212,3.2179637091774493
mixed,none,17,99,264,0.375,3.224728186617881
mixed,none,17,100,264,0.3787878787878788,3.231717610959976
mixed,none,17,101,264,0.38257575757575757,3.2165989015891157
mixed,none,17,102,264,0.38636363636363635,3.1915928020672375
mixed,none,17,103,264,0.39015151515151514,3.176463569985708
mixed,none,17,104,264,0.3939393939393939,3.2306041897690982
mixed,none,17,105,264,0.3977272727272727,3.210799075338031
mixed,none,17,106,264,0.4015151515151515,3.2298158676166815
mixed,none,17,107,264,0.4053030303030303,3.233278282807785
mixed,none,17,108,264,0.4090909090909091,3.2910685498366368
mixed,none,17,109,264,0.4128787878787879,3.295152377900231
mixed,none,17,110,264,0.4166666666666667,3.2892100197176433
mixed,none,17,111,264,0.42045454545454547,3.2788453240029294
mixed,none,17,112,264,0.42424242424242425,3.3035526444062255
mixed,none,17,113,264,0.42803030303030304,3.289721053560711
mixed,none,17,114,264,0.4318181818181818,3.283342761546274
mixed,none,17,115,264,0.4356060606060606,3.316846885967188
mixed,none,17,116,264,0.4393939393939394,3.309825804194168
mixed,none,17,117,264,0.4431818181818182,3.3065209277860617
mixed,none,17,118,264,0.44696969696969696,3.3027969516122053
mixed,none,17,119,264,0.45075757575757575,3.2901401057653703
mixed,none,17,120,264,0.45454545454545453,3.361266989373549
mixed,none,17,121,264,0.4583333333333333,3.3467558583086103
mixed,none,17,122,264,0.4621212121212121,3.3357976593239496
mixed,none,17,123,264,0.4659090909090909,3.3289312836071323
mixed,none,17,124,264,0.4696969696969697,3.3210223571832143
mixed,none,17,125,264,0.4734848484848485,3.3393706053089898
mixed,none,17,126,264,0.4772727272727273,3.369947809438174
mixed,none,17,127,264,0.4810606060606061,3.3595580313913715
mixed,none,17,128,264,0.48484848484848486,3.3635328648001215
mixed,none,17,129,264,0.48863636363636365,3.3665681832955987
mixed,none,17,130,264,0.49242424242424243,3.3866498733225177
mixed,none,17,131,264,0.4962121212121212,3.3991145923052493
mixed,none,17,132,264,0.5,3.386218581907935
mixed,none,17,133,264,0.5037878787878788,3.3928074582657706
mixed,none,17,134,264,0.5075757575757576,3.3839938667653855
mixed,none,17,135,264,0.5113636363636364,3.3929509283619534
mixed,none,17,136,264,0.5151515151515151,3.382296707783275
mixed,none,17,137,264,0.5189393939393939,3.376753558656408
mixed,none,17,138,264,0.5227272727272727,3.372928448413344
mixed,none,17,139,264,0.5265151515151515,3.376406820035766
mixed,none,17,140,264,0.5303030303030303,3.3613580924878046
mixed,none,17,141,264,0.5340909090909091,3.355844859580025
mixed,none,17,142,264,0.5378787878787878,3.3563485338711456
mixed,none,17,143,264,0.5416666666666666,3.372679090311509
mixed,none,17,144,264,0.5454545454545454,3.370353955913617
mixed,none,17,145,264,0.5492424242424242,3.3711614305853965
mixed,none,17,146,264,0.553030303030303,3.382051300732705
mixed,none,17,147,264,0.5568181818181818,3.3928238634807113
mixed,none,17,148,264,0.5606060606060606,3.404432494252139
mixed,none,17,149,264,0.5643939393939394,3.3969937542967266
mixed,none,17,150,264,0.5681818181818182,3.4134249801998076
mixed,none,17,151,264,0.571969696969697,3.405358836174953
mixed,none,17,152,264,0.5757575757575758,3.391236554425726
mixed,none,17,153,264,0.5795454545454546,3.3971330779599493
mixed,none,17,154,264,0.5833333333333334,3.391609797052238
mixed,none,17,155,264,0.5871212121212122,3.3983029173375576
mixed,none,17,156,264,0.5909090909090909,3.39971265893548
mixed,none,17,157,264,0.5946969696969697,3.4100369827800785
mixed,none,17,158,264,0.5984848484848485,3.419504056329105
mixed,none,17,159,264,0.6022727272727273,3.409693948451635
mixed,none,17,160,264,0.6060606060606061,3.4060299685347397
mixed,none,17,161,264,0.6098484848484849,3.410616814473506
mixed,none,17,162,264,0.6136363636363636,3.4196508599557083
mixed,none,17,163,264,0.6174242424242424,3.4688079221815142
mixed,none,17,164,264,0.6212121212121212,3.481329386169194
mixed,none,17,165,264,0.625,3.484119766982317
mixed,none,17,166,264,0.6287878787878788,3.5024279364201663
mixed,none,17,167,264,0.6325757575757576,3.4890520765064563
mixed,none,17,168,264,0.6363636363636364,3.4837207995594612
mixed,none,17,169,264,0.6401515151515151,3.4677006178699776
mixed,none,17,170,264,0.6439393939393939,3.486050277212371
mixed,none,17,171,264,0.6477272727272727,3.48095072919384
mixed,none,17,172,264,0.6515151515151515,3.4900127581857463
mixed,none,17,173,264,0.6553030303030303,3.4724285965289625
mixed,none,17,174,264,0.6590909090909091,3.466287895074825
mixed,none,17,175,264,0.6628787878787878,3.4555648257246014
mixed,none,17,176,264,0.6666666666666666,3.4458584406383177
mixed,none,17,177,264,0.6704545454545454,3.459769040119261
mixed,none,17,178,264,0.6742424242424242,3.4666409326119116
mixed,none,17,179,264,0.678030303030303,3.4625166615092526
mixed,none,17,180,264,0.6818181818181818,3.461254773175244
mixed,none,17,181,264,0.6856060606060606,3.4597639450898345
mixed,none,17,182,264,0.6893939393939394,3.496259598742826
mixed,none,17,183,264,0.6931818181818182,3.4975789530792616
mixed,none,17,184,264,0.696969696969697,3.5014475606116977
mixed,none,17,185,264,0.7007575757575758,3.497766580256391
mixed,none,17,186,264,0.7045454545454546,3.50082967588017
mixed,none,17,187,264,0.7083333333333334,3.488057985926697
mixed,none,17,188,264,0.7121212121212122,3.4855880063955573
mixed,none,17,189,264,0.7159090909090909,3.4918762987562206
mixed,none,17,190,264,0.7196969696969697,3.502998469266376
mixed,none,17,191,264,0.7234848484848485,3.500340138886593
mixed,none,17,192,264,0.7272727272727273,3.50150430367747
mixed,none,17,193,264,0.7310606060606061,3.5060252151332447
mixed,none,17,194,264,0.7348484848484849,3.524050778936616
mixed,none,17,195,264,0.7386363636363636,3.517866093372855
mixed,none,17,196,264,0.7424242424242424,3.557440280497877
mixed,none,17,197,264,0.7462121212121212,3.5555623653532282
mixed,none,17,198,264,0.75,3.557565693597185
mixed,none,17,199,264,0.7537878787878788,3.5611196532290688
mixed,none,17,200,264,0.7575757575757576,3.5789110252717595
mixed,none,17,201,264,0.7613636363636364,3.574809969121406
mixed,none,17,202,264,0.7651515151515151,3.5751044436871244
mixed,none,17,203,264,0.7689393939393939,3.5851021583564244
mixed,none,17,204,264,0.7727272727272727,3.5759637530756105
mixed,none,17,205,264,0.7765151515151515,3.5714025082881773
mixed,none,17,206,264,0.7803030303030303,3.566123686071214
mixed,none,17,207,264,0.7840909090909091,3.563271163883056
mixed,none,17,208,264,0.7878787878787878,3.56779305406472
mixed,none,17,209,264,0.7916666666666666,3.5956844124585734
mixed,none,17,210,264,0.7954545454545454,3.6014867172597453
mixed,none,17,211,264,0.7992424242424242,3.6041714572146115
mixed,none,17,212,264,0.803030303030303,3.611513094647686
mixed,none,17,213,264,0.8068181818181818,3.6059861314024912
mixed,none,17,214,264,0.8106060606060606,3.6066344448905303
mixed,none,17,215,264,0.8143939393939394,3.60491356945259
mixed,none,17,216,264,0.8181818181818182,3.59643290908553
mixed,none,17,217,264,0.821969696969697,3.5869562189095943
mixed,none,17,218,264,0.8257575757575758,3.5784957179148122
mixed,none,17,219,264,0.8295454545454546,3.572769014543033
mixed,none,17,220,264,0.8333333333333334,3.580524627526554
mixed,none,17,221,264,0.8371212121212122,3.577215012747365
mixed,none,17,222,264,0.8409090909090909,3.568948452841281
mixed,none,17,223,264,0.8446969696969697,3.5602137183176854
mixed,none,17,224,264,0.8484848484848485,3.571650914302661
mixed,none,17,225,264,0.8522727272727273,3.5617058328383235
mixed,none,17,226,264,0.8560606060606061,3.55539853916508
mixed,none,17,227,264,0.8598484848484849,3.574890777670762
mixed,none,17,228,264,0.8636363636363636,3.577489126500037
mixed,none,17,229,264,0.8674242424242424,3.5719153556657535
mixed,none,17,230,264,0.8712121212121212,3.568657746747917
mixed,none,17,231,264,0.875,3.55597081093863
mixed,none,17,232,264,0.8787878787878788,3.5534717271876755
mixed,none,17,233,264,0.8825757575757576,3.546623396241626
mixed,none,17,234,264,0.8863636363636364,3.5415860407353694
mixed,none,17,235,264,0.8901515151515151,3.5362694492558053
mixed,none,17,236,264,0.8939393939393939,3.5312776611052956
mixed,none,17,237,264,0.8977272727272727,3.5388189309259057
mixed,none,17,238,264,0.9015151515151515,3.5412478015945483
mixed,none,17,239,264,0.9053030303030303,3.5330316055447057
mixed,none,17,240,264,0.9090909090909091,3.524397240854754
mixed,none,17,241,264,0.9128787878787878,3.515430772145963
mixed,none,17,242,264,0.9166666666666666,3.506041951813258
mixed,none,17,243,264,0.9204545454545454,3.5045575365188824
mixed,none,17,244,264,0.9242424242424242,3.497332918974639
mixed,none,17,245,264,0.928030303030303,3.4855214338736173
mixed,none,17,246,264,0.9318181818181818,3.4979811766615585
mixed,none,17,247,264,0.9356060606060606,3.4950087336014106
mixed,none,17,248,264,0.9393939393939394,3.493284272687628
mixed,none,17,249,264,0.9431818181818182,3.489225213000352
mixed,none,17,250,264,0.946969696969697,3.4880935877951007
mixed,none,17,251,264,0.9507575757575758,3.478221868112033
mixed,none,17,252,264,0.9545454545454546,3.477691976096301
mixed,none,17,253,264,0.9583333333333334,3.476631244859036
mixed,none,17,254,264,0.9621212121212122,3.4772079206353013
mixed,none,17,255,264,0.9659090909090909,3.4745174589884416
mixed,none,17,256,264,0.9696969696969697,3.472859438141542
mixed,none,17,257,264,0.9734848484848485,3.4695718663062016
mixed,none,17,258,264,0.9772727272727273,3.469236943920386
mixed,none,17,259,264,0.9810606060606061,3.4745947450477312
mixed,none,17,260,264,0.9848484848484849,3.4747983564272067
mixed,none,17,261,264,0.9886363636363636,3.490405223898924
mixed,none,17,262,264,0.9924242424242424,3.487729467777077
mixed,none,17,263,264,0.9962121212121212,3.4802618799684657
mixed,none,17,264,264,1.0,3.500298876335925
mixed,none,29,1,264,0.003787878787878788,3.779810168601765
mixed,none,29,2,264,0.007575757575757576,3.372726399797216
mixed,none,29,3,264,0.011363636363636364,3.9541334268667967
mixed,none,29,4,264,0.015151515151515152,3.2889815635288713
mixed,none,29,5,264,0.01893939393939394,3.0243816209781613
mixed,none,29,6,264,0.022727272727272728,2.9151571058191403
mixed,none,29,7,264,0.026515151515151516,2.7351916705813766
mixed,none,29,8,264,0.030303030303030304,2.5948358728861036
mixed,none,29,9,264,0.03409090909090909,2.67836935350586
mixed,none,29,10,264,0.03787878787878788,2.5689381915794987
mixed,none,29,11,264,0.041666666666666664,2.522409564033728
mixed,none,29,12,264,0.045454545454545456,2.6640198708493217
mixed,none,29,13,264,0.04924242424242424,2.7015311862894316
mixed,none,29,14,264,0.05303030303030303,2.6699311284638614
mixed,none,29,15,264,0.056818181818181816,2.6462917750413846
mixed,none,29,16,264,0.06060606060606061,2.6966151241062377
mixed,none,29,17,264,0.06439393939393939,2.686626529612003
mixed,none,29,18,264,0.06818181818181818,2.695049752724804
mixed,none,29,19,264,0.07196969696969698,2.747249958967289
mixed,none,29,20,264,0.07575757575757576,2.6772975410090103
mixed,none,29,21,264,0.07954545454545454,2.6488030827788065
mixed,none,29,22,264,0.08333333333333333,2.641193048157292
mixed,none,29,23,264,0.08712121212121213,2.654254024806788
mixed,none,29,24,264,0.09090909090909091,2.6923864255742593
mixed,none,29,25,264,0.0946969696969697,2.642517595930536
mixed,none,29,26,264,0.09848484848484848,2.6722439475640596
mixed,none,29,27,264,0.10227272727272728,2.7643887190300607
mixed,none,29,28,264,0.10606060606060606,2.771603339898481
mixed,none,29,29,264,0.10984848484848485,2.8861659411315412
mixed,none,29,30,264,0.11363636363636363,2.9911272669681086
mixed,none,29,31,264,0.11742424242424243,3.035190098656757
mixed,none,29,32,264,0.12121212121212122,3.043579436410651
mixed,none,29,33,264,0.125,3.1040284262827322
mixed,none,29,34,264,0.12878787878787878,3.0663591491863134
mixed,none,29,35,264,0.13257575757575757,3.022748762189603
mixed,none,29,36,264,0.13636363636363635,3.0365427204552833
mixed,none,29,37,264,0.14015151515151514,3.0123635007837817
mixed,none,29,38,264,0.14393939393939395,2.993405438337791
mixed,none,29,39,264,0.14772727272727273,3.013624958771624
mixed,none,29,40,264,0.15151515151515152,2.9599281468163072
mixed,none,29,41,264,0.1553030303030303,2.9306921862913824
mixed,none,29,42,264,0.1590909090909091,2.9193302824719782
mixed,none,29,43,264,0.16287878787878787,2.9167676694402322
mixed,none,29,44,264,0.16666666666666666,2.866618531395118
mixed,none,29,45,264,0.17045454545454544,2.8758482650851223
mixed,none,29,46,264,0.17424242424242425,2.8876931736941516
mixed,none,29,47,264,0.17803030303030304,2.8911054161693985
mixed,none,29,48,264,0.18181818181818182,2.8915544810677773
mixed,none,29,49,264,0.1856060606060606,2.8613685898395267
mixed,none,29,50,264,0.1893939393939394,2.9550927207995836
mixed,none,29,51,264,0.19318181818181818,2.92592017119142
mixed,none,29,52,264,0.19696969696969696,2.9436342240184596
mixed,none,29,53,264,0.20075757575757575,2.916585746765525
mixed,none,29,54,264,0.20454545454545456,2.9112991636981636
mixed,none,29,55,264,0.20833333333333334,2.914144179511708
mixed,none,29,56,264,0.21212121212121213,2.923647079184793
mixed,none,29,57,264,0.2159090909090909,2.9308320352333337
mixed,none,29,58,264,0.2196969696969697,2.938930710181585
mixed,none,29,59,264,0.22348484848484848,2.93120512039899
mixed,none,29,60,264,0.22727272727272727,3.0004034370639805
mixed,none,29,61,264,0.23106060606060605,3.006128419399683
mixed,none,29,62,264,0.23484848484848486,3.0070977407335002
mixed,none,29,63,264,0.23863636363636365,2.9854336594591953
mixed,none,29,64,264,0.24242424242424243,3.051107387045279
mixed,none,29,65,264,0.24621212121212122,3.047650879557084
mixed,none,29,66,264,0.25,3.0106965353039015
mixed,none,29,67,264,0.2537878787878788,3.0094586426697343
mixed,none,29,68,264,0.25757575757575757,3.041657433936015
mixed,none,29,69,264,0.26136363636363635,3.031047351276665
mixed,none,29,70,264,0.26515151515151514,3.0296722450998455
mixed,none,29,71,264,0.2689393939393939,3.0602765482838565
mixed,none,29,72,264,0.2727272727272727,3.041121159804042
mixed,none,29,73,264,0.2765151515151515,3.035782655727204
mixed,none,29,74,264,0.2803030303030303,3.0201410720119646
mixed,none,29,75,264,0.2840909090909091,3.0606329551285176
mixed,none,29,76,264,0.2878787878787879,3.0414077240420996
mixed,none,29,77,264,0.2916666666666667,3.019062236941325
mixed,none,29,78,264,0.29545454545454547,3.020915190771462
mixed,none,29,79,264,0.29924242424242425,3.00045538168432
mixed,none,29,80,264,0.30303030303030304,2.9755720797498793
mixed,none,29,81,264,0.3068181818181818,2.9624738461099773
mixed,none,29,82,264,0.3106060606060606,2.95055857205888
mixed,none,29,83,264,0.3143939393939394,2.9663242000916603
mixed,none,29,84,264,0.3181818181818182,2.968220811208986
mixed,none,29,85,264,0.32196969696969696,2.9763100923461474
mixed,none,29,86,264,0.32575757575757575,2.989655750280927
mixed,none,29,87,264,0.32954545454545453,3.028294435141738
mixed,none,29,88,264,0.3333333333333333,3.0508447524893003
mixed,none,29,89,264,0.3371212121212121,3.0375272835065497
mixed,none,29,90,264,0.3409090909090909,3.02804868860678
mixed,none,29,91,264,0.3446969696969697,3.013577196566524
mixed,none,29,92,264,0.3484848484848485,3.042404933922539
mixed,none,29,93,264,0.3522727272727273,3.0256577051282325
mixed,none,29,94,264,0.3560606060606061,3.0484204697071755
mixed,none,29,95,264,0.35984848484848486,3.039472133052041
mixed,none,29,96,264,0.36363636363636365,3.058983928199959
mixed,none,29,97,264,0.36742424242424243,3.0682850795383207
mixed,none,29,98,264,0.3712121212121212,3.1214126791553496
mixed,none,29,99,264,0.375,3.10543939071086
mixed,none,29,100,264,0.3787878787878788,3.1244981088139325
mixed,none,29,101,264,0.38257575757575757,3.1138234320729294
mixed,none,29,102,264,0.38636363636363635,3.1064423203319076
mixed,none,29,103,264,0.39015151515151514,3.1339455121088298
mixed,none,29,104,264,0.3939393939393939,3.1200376271531245
mixed,none,29,105,264,0.3977272727272727,3.131570149694841
mixed,none,29,106,264,0.4015151515151515,3.145780057065565
mixed,none,29,107,264,0.4053030303030303,3.136558623881921
mixed,none,29,108,264,0.4090909090909091,3.14803142143772
mixed,none,29,109,264,0.4128787878787879,3.1384743579018166
mixed,none,29,110,264,0.4166666666666667,3.162902867037404
mixed,none,29,111,264,0.42045454545454547,3.1852956275551865
mixed,none,29,112,264,0.42424242424242425,3.192829322951336
mixed,none,29,113,264,0.42803030303030304,3.197652212562847
mixed,none,29,114,264,0.4318181818181818,3.2061070807647485
mixed,none,29,115,264,0.4356060606060606,3.1992869996954116
mixed,none,29,116,264,0.4393939393939394,3.21697951651671
mixed,none,29,117,264,0.4431818181818182,3.2426060897968223
mixed,none,29,118,264,0.44696969696969696,3.270686346514793
mixed,none,29,119,264,0.45075757575757575,3.275707766671477
mixed,none,29,120,264,0.45454545454545453,3.274759983374761
mixed,none,29,121,264,0.4583333333333333,3.265719806958356
mixed,none,29,122,264,0.4621212121212121,3.266115223967798
mixed,none,29,123,264,0.4659090909090909,3.250622022140017
mixed,none,29,124,264,0.4696969696969697,3.2468135760961254
mixed,none,29,125,264,0.4734848484848485,3.2686264350825556
mixed,none,29,126,264,0.4772727272727273,3.2631158431506115
mixed,none,29,127,264,0.4810606060606061,3.300938036510129
mixed,none,29,128,264,0.48484848484848486,3.2896465112687476
mixed,none,29,129,264,0.48863636363636365,3.2974125684872737
mixed,none,29,130,264,0.49242424242424243,3.2874272650292693
mixed,none,29,131,264,0.4962121212121212,3.2817137511448333
mixed,none,29,132,264,0.5,3.293281563254033
mixed,none,29,133,264,0.5037878787878788,3.2874279555806902
mixed,none,29,134,264,0.5075757575757576,3.285477208862345
mixed,none,29,135,264,0.5113636363636364,3.3040991469423684
mixed,none,29,136,264,0.5151515151515151,3.3118617994960857
mixed,none,29,137,264,0.5189393939393939,3.328864529356653
mixed,none,29,138,264,0.5227272727272727,3.3260163678719916
mixed,none,29,139,264,0.5265151515151515,3.340013100119639
mixed,none,29,140,264,0.5303030303030303,3.3208697388360773
mixed,none,29,141,264,0.5340909090909091,3.3411143779679464
mixed,none,29,142,264,0.5378787878787878,3.3283568020508936
mixed,none,29,143,264,0.5416666666666666,3.3255504668178895
mixed,none,29,144,264,0.5454545454545454,3.3170712632544683
mixed,none,29,145,264,0.5492424242424242,3.326203631675858
mixed,none,29,146,264,0.553030303030303,3.3261543974277648
mixed,none,29,147,264,0.5568181818181818,3.3254656594595033
mixed,none,29,148,264,0.5606060606060606,3.309476892914216
mixed,none,29,149,264,0.5643939393939394,3.3132778136030963
mixed,none,29,150,264,0.5681818181818182,3.309934889290807
mixed,none,29,151,264,0.571969696969697,3.3006795206371775
mixed,none,29,152,264,0.5757575757575758,3.348450810562202
mixed,none,29,153,264,0.5795454545454546,3.342618247931133
mixed,none,29,154,264,0.5833333333333334,3.3473649964492798
mixed,none,29,155,264,0.5871212121212122,3.3367059937812247
mixed,none,29,156,264,0.5909090909090909,3.3404491756758294
mixed,none,29,157,264,0.5946969696969697,3.3729567631773585
mixed,none,29,158,264,0.5984848484848485,3.3819246339023614
mixed,none,29,159,264,0.6022727272727273,3.389160491645791
mixed,none,29,160,264,0.6060606060606061,3.3805174734518992
mixed,none,29,161,264,0.6098484848484849,3.3795611021608707
mixed,none,29,162,264,0.6136363636363636,3.381251066677398
mixed,none,29,163,264,0.6174242424242424,3.3701569032958862
mixed,none,29,164,264,0.6212121212121212,3.391802056254833
mixed,none,29,165,264,0.625,3.3843659384576266
mixed,none,29,166,264,0.6287878787878788,3.404099882934577
mixed,none,29,167,264,0.6325757575757576,3.3963264659325354
mixed,none,29,168,264,0.6363636363636364,3.3856273759793973
mixed,none,29,169,264,0.6401515151515151,3.427555617749919
mixed,none,29,170,264,0.6439393939393939,3.4283703397419063
mixed,none,29,171,264,0.6477272727272727,3.438456312806875
mixed,none,29,172,264,0.6515151515151515,3.4391207337783802
mixed,none,29,173,264,0.6553030303030303,3.4369503939603283
mixed,none,29,174,264,0.6590909090909091,3.433709954658493
mixed,none,29,175,264,0.6628787878787878,3.426866499496791
mixed,none,29,176,264,0.6666666666666666,3.42926726138495
mixed,none,29,177,264,0.6704545454545454,3.4258679721389536
mixed,none,29,178,264,0.6742424242424242,3.4233379948381906
mixed,none,29,179,264,0.678030303030303,3.4213822640873808
mixed,none,29,180,264,0.6818181818181818,3.411399185163539
mixed,none,29,181,264,0.6856060606060606,3.4093295718591863
mixed,none,29,182,264,0.6893939393939394,3.4129144404898266
mixed,none,29,183,264,0.6931818181818182,3.4053634451169743
mixed,none,29,184,264,0.696969696969697,3.3969294226766715
mixed,none,29,185,264,0.7007575757575758,3.3835146360259833
mixed,none,29,186,264,0.7045454545454546,3.376377180657583
mixed,none,29,187,264,0.7083333333333334,3.379703039158045
mixed,none,29,188,264,0.7121212121212122,3.3855993515165657
mixed,none,29,189,264,0.7159090909090909,3.38504937910734
mixed,none,29,190,264,0.7196969696969697,3.3761795065884193
mixed,none,29,191,264,0.7234848484848485,3.3664256053638346
mixed,none,29,192,264,0.7272727272727273,3.3699728872841024
mixed,none,29,193,264,0.7310606060606061,3.377620064595483
mixed,none,29,194,264,0.7348484848484849,3.38238167650495
mixed,none,29,195,264,0.7386363636363636,3.3877054611995465
mixed,none,29,196,264,0.7424242424242424,3.376371648485476
mixed,none,29,197,264,0.7462121212121212,3.36398799046657
mixed,none,29,198,264,0.75,3.3495833040267433
mixed,none,29,199,264,0.7537878787878788,3.341612059809127
mixed,none,29,200,264,0.7575757575757576,3.344429872750465
mixed,none,29,201,264,0.7613636363636364,3.3341018190474223
mixed,none,29,202,264,0.7651515151515151,3.3233815427058695
mixed,none,29,203,264,0.7689393939393939,3.332041844581956
mixed,none,29,204,264,0.7727272727272727,3.3295257063315797
mixed,none,29,205,264,0.7765151515151515,3.3608049811000953
mixed,none,29,206,264,0.7803030303030303,3.3523270881804765
mixed,none,29,207,264,0.7840909090909091,3.385193586436476
mixed,none,29,208,264,0.7878787878787878,3.382105023022474
mixed,none,29,209,264,0.7916666666666666,3.387292409778491
mixed,none,29,210,264,0.7954545454545454,3.4088049945345618
mixed,none,29,211,264,0.7992424242424242,3.416019942733126
mixed,none,29,212,264,0.803030303030303,3.4093431579920463
mixed,none,29,213,264,0.8068181818181818,3.401230878165875
mixed,none,29,214,264,0.8106060606060606,3.4053313803122447
mixed,none,29,215,264,0.8143939393939394,3.4021252141374534
mixed,none,29,216,264,0.8181818181818182,3.4005930677067506
mixed,none,29,217,264,0.821969696969697,3.390294969861847
mixed,none,29,218,264,0.8257575757575758,3.3973887091243262
mixed,none,29,219,264,0.8295454545454546,3.408196081217619
mixed,none,29,220,264,0.8333333333333334,3.4056273856476706
mixed,none,29,221,264,0.8371212121212122,3.401216563326778
mixed,none,29,222,264,0.8409090909090909,3.4084976429696257
mixed,none,29,223,264,0.8446969696969697,3.4164708174517875
mixed,none,29,224,264,0.8484848484848485,3.4100901677345012
mixed,none,29,225,264,0.8522727272727273,3.404317373692496
mixed,none,29,226,264,0.8560606060606061,3.4009740658497005
mixed,none,29,227,264,0.8598484848484849,3.4073078716195146
mixed,none,29,228,264,0.8636363636363636,3.399034035858081
mixed,none,29,229,264,0.8674242424242424,3.4292172413915303
mixed,none,29,230,264,0.8712121212121212,3.4225121337397826
mixed,none,29,231,264,0.875,3.421111641120519
mixed,none,29,232,264,0.8787878787878788,3.429929860900679
mixed,none,29,233,264,0.8825757575757576,3.4300405807185324
mixed,none,29,234,264,0.8863636363636364,3.423783575579809
mixed,none,29,235,264,0.8901515151515151,3.4269291933026977
mixed,none,29,236,264,0.8939393939393939,3.4224120059687015
mixed,none,29,237,264,0.8977272727272727,3.4547807454826582
mixed,none,29,238,264,0.9015151515151515,3.4497703436350116
mixed,none,29,239,264,0.9053030303030303,3.4489388185578407
mixed,none,29,240,264,0.9090909090909091,3.470637723622421
mixed,none,29,241,264,0.9128787878787878,3.4702720398850926
mixed,none,29,242,264,0.9166666666666666,3.4694389451812166
mixed,none,29,243,264,0.9204545454545454,3.4666117370719394
mixed,none,29,244,264,0.9242424242424242,3.4605633593802083
mixed,none,29,245,264,0.928030303030303,3.4692041036858545
mixed,none,29,246,264,0.9318181818181818,3.4733162220605664
mixed,none,29,247,264,0.9356060606060606,3.4699511291758447
mixed,none,29,248,264,0.9393939393939394,3.475502935569521
mixed,none,29,249,264,0.9431818181818182,3.475415083746314
mixed,none,29,250,264,0.946969696969697,3.4663203403182052
mixed,none,29,251,264,0.9507575757575758,3.4786011089245275
mixed,none,29,252,264,0.9545454545454546,3.489350792635847
mixed,none,29,253,264,0.9583333333333334,3.4870250833864556
mixed,none,29,254,264,0.9621212121212122,3.4828371194963625
mixed,none,29,255,264,0.9659090909090909,3.482134885843104
mixed,none,29,256,264,0.9696969696969697,3.4906173488895518
mixed,none,29,257,264,0.9734848484848485,3.50021097728145
mixed,none,29,258,264,0.9772727272727273,3.4920618189327555
mixed,none,29,259,264,0.9810606060606061,3.488511265885526
mixed,none,29,260,264,0.9848484848484849,3.487289229298639
mixed,none,29,261,264,0.9886363636363636,3.4887347956623365
mixed,none,29,262,264,0.9924242424242424,3.4900884085729427
mixed,none,29,263,264,0.9962121212121212,3.4886243610260452
mixed,none,29,264,264,1.0,3.500025588626791
mixed,none,43,1,264,0.003787878787878788,2.6973737669414386
mixed,none,43,2,264,0.007575757575757576,3.6030429209059474
mixed,none,43,3,264,0.011363636363636364,3.508173153534614
mixed,none,43,4,264,0.015151515151515152,4.009042816280699
mixed,none,43,5,264,0.01893939393939394,3.524053775031004
mixed,none,43,6,264,0.022727272727272728,3.199347706008449
mixed,none,43,7,264,0.026515151515151516,3.0909854946295394
mixed,none,43,8,264,0.030303030303030304,2.8962820643906877
mixed,none,43,9,264,0.03409090909090909,2.853459097773922
mixed,none,43,10,264,0.03787878787878788,2.8082770689441334
mixed,none,43,11,264,0.041666666666666664,2.9436676107545976
mixed,none,43,12,264,0.045454545454545456,2.9312283347386674
mixed,none,43,13,264,0.04924242424242424,2.929110954905947
mixed,none,43,14,264,0.05303030303030303,2.989812739522737
mixed,none,43,15,264,0.056818181818181816,2.8926431545101585
mixed,none,43,16,264,0.06060606060606061,2.8700527694028066
mixed,none,43,17,264,0.06439393939393939,2.941364151172071
mixed,none,43,18,264,0.06818181818181818,2.8768601143239847
mixed,none,43,19,264,0.07196969696969698,2.971902677020385
mixed,none,43,20,264,0.07575757575757576,2.9445925398165853
mixed,none,43,21,264,0.07954545454545454,2.930702231623086
mixed,none,43,22,264,0.08333333333333333,2.9225957323812835
mixed,none,43,23,264,0.08712121212121213,2.9096662679319185
mixed,none,43,24,264,0.09090909090909091,2.826590647580591
mixed,none,43,25,264,0.0946969696969697,2.768956607599589
mixed,none,43,26,264,0.09848484848484848,2.782511229062913
mixed,none,43,27,264,0.10227272727272728,2.818427113696405
mixed,none,43,28,264,0.10606060606060606,2.8498220219337136
mixed,none,43,29,264,0.10984848484848485,2.8431529379926657
mixed,none,43,30,264,0.11363636363636363,2.825354327611127
mixed,none,43,31,264,0.11742424242424243,2.8365627598437113
mixed,none,43,32,264,0.12121212121212122,2.837825809978292
mixed,none,43,33,264,0.125,2.7975066798622326
mixed,none,43,34,264,0.12878787878787878,2.7676987861654925
mixed,none,43,35,264,0.13257575757575757,2.774160738121617
mixed,none,43,36,264,0.13636363636363635,2.7892048891960846
mixed,none,43,37,264,0.14015151515151514,2.8927164051019565
mixed,none,43,38,264,0.14393939393939395,2.858290890738138
mixed,none,43,39,264,0.14772727272727273,2.8153756901536098
mixed,none,43,40,264,0.15151515151515152,2.822918316994225
mixed,none,43,41,264,0.1553030303030303,2.891459584373339
mixed,none,43,42,264,0.1590909090909091,2.889028897968358
mixed,none,43,43,264,0.16287878787878787,2.9795823087678066
mixed,none,43,44,264,0.16666666666666666,2.942519949516985
mixed,none,43,45,264,0.17045454545454544,2.942996491867095
mixed,none,43,46,264,0.17424242424242425,2.9271198586967593
mixed,none,43,47,264,0.17803030303030304,2.958058785900333
mixed,none,43,48,264,0.18181818181818182,2.9231478189314832
mixed,none,43,49,264,0.1856060606060606,3.0007855820993536
mixed,none,43,50,264,0.1893939393939394,3.001122588514497
mixed,none,43,51,264,0.19318181818181818,2.9911713273893885
mixed,none,43,52,264,0.19696969696969696,3.073695721893555
mixed,none,43,53,264,0.20075757575757575,3.0762791157380533
mixed,none,43,54,264,0.20454545454545456,3.0628177844367532
mixed,none,43,55,264,0.20833333333333334,3.0670034162921462
mixed,none,43,56,264,0.21212121212121213,3.0543900845304113
mixed,none,43,57,264,0.2159090909090909,3.0212401075477873
mixed,none,43,58,264,0.2196969696969697,3.021445885318593
mixed,none,43,59,264,0.22348484848484848,2.9857847058034483
mixed,none,43,60,264,0.22727272727272727,2.9764878143650617
mixed,none,43,61,264,0.23106060606060605,2.9782787786504885
mixed,none,43,62,264,0.23484848484848486,2.99657649695888
mixed,none,43,63,264,0.23863636363636365,2.9991180830694644
mixed,none,43,64,264,0.24242424242424243,2.99718939690727
mixed,none,43,65,264,0.24621212121212122,3.0094293242195382
mixed,none,43,66,264,0.25,3.0551414124637803
mixed,none,43,67,264,0.2537878787878788,3.0440271886400545
mixed,none,43,68,264,0.25757575757575757,3.020049930983381
mixed,none,43,69,264,0.26136363636363635,2.9945951383452183
mixed,none,43,70,264,0.26515151515151514,3.0064970320257083
mixed,none,43,71,264,0.2689393939393939,3.0047886503779053
mixed,none,43,72,264,0.2727272727272727,2.9997303011786935
mixed,none,43,73,264,0.2765151515151515,2.9838332834210575
mixed,none,43,74,264,0.2803030303030303,2.974250340849087
mixed,none,43,75,264,0.2840909090909091,2.9578265564469612
mixed,none,43,76,264,0.2878787878787879,2.99586053144641
mixed,none,43,77,264,0.2916666666666667,2.9737583768115385
mixed,none,43,78,264,0.29545454545454547,2.988126193721731
mixed,none,43,79,264,0.29924242424242425,2.9662356497305855
mixed,none,43,80,264,0.30303030303030304,2.9936715013698865
mixed,none,43,81,264,0.3068181818181818,2.988055976322743
mixed,none,43,82,264,0.3106060606060606,2.9859689335796418
mixed,none,43,83,264,0.3143939393939394,2.9764113225902675
mixed,none,43,84,264,0.3181818181818182,2.9586012670016526
mixed,none,43,85,264,0.32196969696969696,2.94287736412433
mixed,none,43,86,264,0.32575757575757575,3.002491734442717
mixed,none,43,87,264,0.32954545454545453,3.043998706215191
mixed,none,43,88,264,0.3333333333333333,3.0344771197226397
mixed,none,43,89,264,0.3371212121212121,3.015625008961834
mixed,none,43,90,264,0.3409090909090909,3.0168944388111374
mixed,none,43,91,264,0.3446969696969697,3.029893743452941
mixed,none,43,92,264,0.3484848484848485,3.0237710499273986
mixed,none,43,93,264,0.3522727272727273,3.0524310428414467
mixed,none,43,94,264,0.3560606060606061,3.0367378038136446
mixed,none,43,95,264,0.35984848484848486,3.0250486863454635
mixed,none,43,96,264,0.36363636363636365,3.022721994868611
mixed,none,43,97,264,0.36742424242424243,3.01514728773209
mixed,none,43,98,264,0.3712121212121212,3.0528984274326305
mixed,none,43,99,264,0.375,3.0646224764521657
mixed,none,43,100,264,0.3787878787878788,3.0980534292243336
mixed,none,43,101,264,0.38257575757575757,3.14311704009271
mixed,none,43,102,264,0.38636363636363635,3.126360522361657
mixed,none,43,103,264,0.39015151515151514,3.1145917543357857
mixed,none,43,104,264,0.3939393939393939,3.1162865324372024
mixed,none,43,105,264,0.3977272727272727,3.107750449720764
mixed,none,43,106,264,0.4015151515151515,3.116929613680803
mixed,none,43,107,264,0.4053030303030303,3.163605183528178
mixed,none,43,108,264,0.4090909090909091,3.145775696139409
mixed,none,43,109,264,0.4128787878787879,3.167521303283708
mixed,none,43,110,264,0.4166666666666667,3.1795908255915966
mixed,none,43,111,264,0.42045454545454547,3.189469995825633
mixed,none,43,112,264,0.42424242424242425,3.166307033119563
mixed,none,43,113,264,0.42803030303030304,3.1512366743425178
mixed,none,43,114,264,0.4318181818181818,3.139326844038405
mixed,none,43,115,264,0.4356060606060606,3.118788287451395
mixed,none,43,116,264,0.4393939393939394,3.122462996840285
mixed,none,43,117,264,0.4431818181818182,3.1107795371695444
mixed,none,43,118,264,0.44696969696969696,3.1291704857224225
mixed,none,43,119,264,0.45075757575757575,3.1219685210324735
mixed,none,43,120,264,0.45454545454545453,3.1098869690212774
mixed,none,43,121,264,0.4583333333333333,3.13057278349685
mixed,none,43,122,264,0.4621212121212121,3.145067952685474
mixed,none,43,123,264,0.4659090909090909,3.166764561237688
mixed,none,43,124,264,0.4696969696969697,3.1731108367252765
mixed,none,43,125,264,0.4734848484848485,3.15852022203181
mixed,none,43,126,264,0.4772727272727273,3.177856756578303
mixed,none,43,127,264,0.4810606060606061,3.18308147976161
mixed,none,43,128,264,0.48484848484848486,3.178518759671514
mixed,none,43,129,264,0.48863636363636365,3.170478533285427
mixed,none,43,130,264,0.49242424242424243,3.165764884240546
mixed,none,43,131,264,0.4962121212121212,3.1915786681318696
mixed,none,43,132,264,0.5,3.245973706637707
mixed,none,43,133,264,0.5037878787878788,3.236263522316395
mixed,none,43,134,264,0.5075757575757576,3.232881503756576
mixed,none,43,135,264,0.5113636363636364,3.2552694019922126
mixed,none,43,136,264,0.5151515151515151,3.246872045014864
mixed,none,43,137,264,0.5189393939393939,3.2421194969886056
mixed,none,43,138,264,0.5227272727272727,3.234065769743004
mixed,none,43,139,264,0.5265151515151515,3.24935052342482
mixed,none,43,140,264,0.5303030303030303,3.292152756930925
mixed,none,43,141,264,0.5340909090909091,3.2838315567833876
mixed,none,43,142,264,0.5378787878787878,3.302424276617028
mixed,none,43,143,264,0.5416666666666666,3.326762272815089
mixed,none,43,144,264,0.5454545454545454,3.31906846176256
mixed,none,43,145,264,0.5492424242424242,3.300766512616909
mixed,none,43,146,264,0.553030303030303,3.2964375828646277
mixed,none,43,147,264,0.5568181818181818,3.29394821598004
mixed,none,43,148,264,0.5606060606060606,3.2899984347753373
mixed,none,43,149,264,0.5643939393939394,3.2957859920515404
mixed,none,43,150,264,0.5681818181818182,3.3060204723091613
mixed,none,43,151,264,0.571969696969697,3.3111972691264877
mixed,none,43,152,264,0.5757575757575758,3.3194903995578833
mixed,none,43,153,264,0.5795454545454546,3.307656323557205
mixed,none,43,154,264,0.5833333333333334,3.3139988630086927
mixed,none,43,155,264,0.5871212121212122,3.3412766803612217
mixed,none,43,156,264,0.5909090909090909,3.3584262451371525
mixed,none,43,157,264,0.5946969696969697,3.3557516186755216
mixed,none,43,158,264,0.5984848484848485,3.3526983539566126
mixed,none,43,159,264,0.6022727272727273,3.353296069323052
mixed,none,43,160,264,0.6060606060606061,3.3464592158786317
mixed,none,43,161,264,0.6098484848484849,3.3325969098008836
mixed,none,43,162,264,0.6136363636363636,3.347130839143567
mixed,none,43,163,264,0.6174242424242424,3.3373805428230416
mixed,none,43,164,264,0.6212121212121212,3.332008057962952
mixed,none,43,165,264,0.625,3.367401812116325
mixed,none,43,166,264,0.6287878787878788,3.358682142248055
mixed,none,43,167,264,0.6325757575757576,3.350876191604096
mixed,none,43,168,264,0.6363636363636364,3.3615813265713053
mixed,none,43,169,264,0.6401515151515151,3.360471556181545
mixed,none,43,170,264,0.6439393939393939,3.3488140849169166
mixed,none,43,171,264,0.6477272727272727,3.3572457033436316
mixed,none,43,172,264,0.6515151515151515,3.3681794963194194
mixed,none,43,173,264,0.6553030303030303,3.3716024434744725
mixed,none,43,174,264,0.6590909090909091,3.3633898163644713
mixed,none,43,175,264,0.6628787878787878,3.371062998672806
mixed,none,43,176,264,0.6666666666666666,3.368749745240751
mixed,none,43,177,264,0.6704545454545454,3.3672411913094713
mixed,none,43,178,264,0.6742424242424242,3.354754823498242
mixed,none,43,179,264,0.678030303030303,3.3428120757662856
mixed,none,43,180,264,0.6818181818181818,3.343120657878009
mixed,none,43,181,264,0.6856060606060606,3.3478603955911344
mixed,none,43,182,264,0.6893939393939394,3.343114276671661
mixed,none,43,183,264,0.6931818181818182,3.3365868608016713
mixed,none,43,184,264,0.696969696969697,3.352796310449811
mixed,none,43,185,264,0.7007575757575758,3.351491688775545
mixed,none,43,186,264,0.7045454545454546,3.358115143012729
mixed,none,43,187,264,0.7083333333333334,3.3492441260122408
mixed,none,43,188,264,0.7121212121212122,3.340483192290607
mixed,none,43,189,264,0.7159090909090909,3.339028421122086
mixed,none,43,190,264,0.7196969696969697,3.3742861142636373
mixed,none,43,191,264,0.7234848484848485,3.370774749135113
mixed,none,43,192,264,0.7272727272727273,3.3656563397498345
mixed,none,43,193,264,0.7310606060606061,3.3822112739607033
mixed,none,43,194,264,0.7348484848484849,3.3743098041380777
mixed,none,43,195,264,0.7386363636363636,3.3680473585020185
mixed,none,43,196,264,0.7424242424242424,3.3614953353481813
mixed,none,43,197,264,0.7462121212121212,3.361108241689134
mixed,none,43,198,264,0.75,3.3511605135358087
mixed,none,43,199,264,0.7537878787878788,3.3473149366759554
mixed,none,43,200,264,0.7575757575757576,3.3593415019397215
mixed,none,43,201,264,0.7613636363636364,3.3598337589510376
mixed,none,43,202,264,0.7651515151515151,3.350834764123059
mixed,none,43,203,264,0.7689393939393939,3.338909988079505
mixed,none,43,204,264,0.7727272727272727,3.3343595920871896
mixed,none,43,205,264,0.7765151515151515,3.3478965919438752
mixed,none,43,206,264,0.7803030303030303,3.3454694853084765
mixed,none,43,207,264,0.7840909090909091,3.380532815994353
mixed,none,43,208,264,0.7878787878787878,3.3733026113328064
mixed,none,43,209,264,0.7916666666666666,3.367380106237128
mixed,none,43,210,264,0.7954545454545454,3.358565009608441
mixed,none,43,211,264,0.7992424242424242,3.367353233072905
mixed,none,43,212,264,0.803030303030303,3.3594404387882646
mixed,none,43,213,264,0.8068181818181818,3.3721054832535042
mixed,none,43,214,264,0.8106060606060606,3.371771208885731
mixed,none,43,215,264,0.8143939393939394,3.361413390697418
mixed,none,43,216,264,0.8181818181818182,3.3550859702029037
mixed,none,43,217,264,0.821969696969697,3.3536974626085465
mixed,none,43,218,264,0.8257575757575758,3.3514644560735776
mixed,none,43,219,264,0.8295454545454546,3.345674595008074
mixed,none,43,220,264,0.8333333333333334,3.344214075743449
mixed,none,43,221,264,0.8371212121212122,3.335023368198818
mixed,none,43,222,264,0.8409090909090909,3.3270264580822233
mixed,none,43,223,264,0.8446969696969697,3.3328690262588045
mixed,none,43,224,264,0.8484848484848485,3.331878301665152
mixed,none,43,225,264,0.8522727272727273,3.331588606192404
mixed,none,43,226,264,0.8560606060606061,3.3309566945889326
mixed,none,43,227,264,0.8598484848484849,3.335521837162152
mixed,none,43,228,264,0.8636363636363636,3.329423174907397
mixed,none,43,229,264,0.8674242424242424,3.3300065487123005
mixed,none,43,230,264,0.8712121212121212,3.32700789370175
mixed,none,43,231,264,0.875,3.3219003449566253
mixed,none,43,232,264,0.8787878787878788,3.321603055068052
mixed,none,43,233,264,0.8825757575757576,3.3391848969257993
mixed,none,43,234,264,0.8863636363636364,3.3373080513469806
mixed,none,43,235,264,0.8901515151515151,3.329452959541088
mixed,none,43,236,264,0.8939393939393939,3.320307602309389
mixed,none,43,237,264,0.8977272727272727,3.330556928224795
mixed,none,43,238,264,0.9015151515151515,3.329573422829158
mixed,none,43,239,264,0.9053030303030303,3.3389693828026994
mixed,none,43,240,264,0.9090909090909091,3.365792327057022
mixed,none,43,241,264,0.9128787878787878,3.3762622271140628
mixed,none,43,242,264,0.9166666666666666,3.3726031372368794
mixed,none,43,243,264,0.9204545454545454,3.376197485146512
mixed,none,43,244,264,0.9242424242424242,3.3860714323639196
mixed,none,43,245,264,0.928030303030303,3.395015377941545
mixed,none,43,246,264,0.9318181818181818,3.402125218575446
mixed,none,43,247,264,0.9356060606060606,3.4032655172964916
mixed,none,43,248,264,0.9393939393939394,3.409713228767122
mixed,none,43,249,264,0.9431818181818182,3.4289122429333307
mixed,none,43,250,264,0.946969696969697,3.428532584820692
mixed,none,43,251,264,0.9507575757575758,3.4334360036477483
mixed,none,43,252,264,0.9545454545454546,3.4317569009759032
mixed,none,43,253,264,0.9583333333333334,3.441804379829804
mixed,none,43,254,264,0.9621212121212122,3.449124894326769
mixed,none,43,255,264,0.9659090909090909,3.4472306661055776
mixed,none,43,256,264,0.9696969696969697,3.4483653613614798
mixed,none,43,257,264,0.9734848484848485,3.4412044978242036
mixed,none,43,258,264,0.9772727272727273,3.4341397724994294
mixed,none,43,259,264,0.9810606060606061,3.430534050024592
mixed,none,43,260,264,0.9848484848484849,3.4284413491302246
mixed,none,43,261,264,0.9886363636363636,3.4277272136806856
mixed,none,43,262,264,0.9924242424242424,3.427147857220123
mixed,none,43,263,264,0.9962121212121212,3.4308810190068804
mixed,none,43,264,264,1.0,3.4398903858930767
mixed,rank_only,17,1,264,0.003787878787878788,3.2637342141900754
mixed,rank_only,17,2,264,0.007575757575757576,3.371277689421748
mixed,rank_only,17,3,264,0.011363636363636364,3.20080406540013
mixed,rank_only,17,4,264,0.015151515151515152,3.012554870098892
mixed,rank_only,17,5,264,0.01893939393939394,3.059545100714245
mixed,rank_only,17,6,264,0.022727272727272728,2.828128117886156
mixed,rank_only,17,7,264,0.026515151515151516,3.4595187287327134
mixed,rank_only,17,8,264,0.030303030303030304,3.6217646024384154
mixed,rank_only,17,9,264,0.03409090909090909,4.699302258957729
mixed,rank_only,17,10,264,0.03787878787878788,4.664529246484248
mixed,rank_only,17,11,264,0.041666666666666664,4.926483016286786
mixed,rank_only,17,12,264,0.045454545454545456,4.767377806557344
mixed,rank_only,17,13,264,0.04924242424242424,4.628144565645071
mixed,rank_only,17,14,264,0.05303030303030303,4.476739616238735
mixed,rank_only,17,15,264,0.056818181818181816,4.562690369703519
mixed,rank_only,17,16,264,0.06060606060606061,4.567365034112494
mixed,rank_only,17,17,264,0.06439393939393939,4.544243297962473
mixed,rank_only,17,18,264,0.06818181818181818,4.51316729335379
mixed,rank_only,17,19,264,0.07196969696969698,4.637518632848939
mixed,rank_only,17,20,264,0.07575757575757576,4.5225545009779
mixed,rank_only,17,21,264,0.07954545454545454,4.460294921808812
mixed,rank_only,17,22,264,0.08333333333333333,4.601508138500596
mixed,rank_only,17,23,264,0.08712121212121213,4.592972635115607
mixed,rank_only,17,24,264,0.09090909090909091,4.746866100305705
mixed,rank_only,17,25,264,0.0946969696969697,5.032848395173817
mixed,rank_only,17,26,264,0.09848484848484848,5.142976148257156
mixed,rank_only,17,27,264,0.10227272727272728,5.056369644556531
mixed,rank_only,17,28,264,0.10606060606060606,5.019236096912775
mixed,rank_only,17,29,264,0.10984848484848485,5.016811043391043
mixed,rank_only,17,30,264,0.11363636363636363,4.976065103852473
mixed,rank_only,17,31,264,0.11742424242424243,4.924404551023959
mixed,rank_only,17,32,264,0.12121212121212122,5.133784199554533
mixed,rank_only,17,33,264,0.125,5.179975491687046
mixed,rank_only,17,34,264,0.12878787878787878,5.292752601466638
mixed,rank_only,17,35,264,0.13257575757575757,5.380129041107348
mixed,rank_only,17,36,264,0.13636363636363635,5.292005430149799
mixed,rank_only,17,37,264,0.14015151515151514,5.197836256382064
mixed,rank_only,17,38,264,0.14393939393939395,5.3389558663436505
mixed,rank_only,17,39,264,0.14772727272727273,5.532151229177627
mixed,rank_only,17,40,264,0.15151515151515152,5.426934504929422
mixed,rank_only,17,41,264,0.1553030303030303,5.4749960122725
mixed,rank_only,17,42,264,0.1590909090909091,5.389295767233703
mixed,rank_only,17,43,264,0.16287878787878787,5.43188975091104
mixed,rank_only,17,44,264,0.16666666666666666,5.421043566529082
mixed,rank_only,17,45,264,0.17045454545454544,5.437340765107284
mixed,rank_only,17,46,264,0.17424242424242425,5.5349613955738
mixed,rank_only,17,47,264,0.17803030303030304,5.457263558625815
mixed,rank_only,17,48,264,0.18181818181818182,5.473951375691083
mixed,rank_only,17,49,264,0.1856060606060606,5.627611672925734
mixed,rank_only,17,50,264,0.1893939393939394,5.686634320228347
mixed,rank_only,17,51,264,0.19318181818181818,5.742398050803387
mixed,rank_only,17,52,264,0.19696969696969696,5.718647429161304
mixed,rank_only,17,53,264,0.20075757575757575,5.633017049665112
mixed,rank_only,17,54,264,0.20454545454545456,5.704447080991992
mixed,rank_only,17,55,264,0.20833333333333334,5.717030303207709
mixed,rank_only,17,56,264,0.21212121212121213,5.689949310319844
mixed,rank_only,17,57,264,0.2159090909090909,5.8385113326615405
mixed,rank_only,17,58,264,0.2196969696969697,5.837317958982653
mixed,rank_only,17,59,264,0.22348484848484848,5.922843297436099
mixed,rank_only,17,60,264,0.22727272727272727,5.852189845706373
mixed,rank_only,17,61,264,0.23106060606060605,5.920370797674409
mixed,rank_only,17,62,264,0.23484848484848486,5.920473075145223
mixed,rank_only,17,63,264,0.23863636363636365,5.862505008428979
mixed,rank_only,17,64,264,0.24242424242424243,5.832492003990639
mixed,rank_only,17,65,264,0.24621212121212122,5.794696400738893
mixed,rank_only,17,66,264,0.25,5.8845552750764405
mixed,rank_only,17,67,264,0.2537878787878788,5.801867233948733
mixed,rank_only,17,68,264,0.25757575757575757,5.830734596089188
mixed,rank_only,17,69,264,0.26136363636363635,5.771328158038179
mixed,rank_only,17,70,264,0.26515151515151514,5.784806211319278
mixed,rank_only,17,71,264,0.2689393939393939,5.758073779748514
mixed,rank_only,17,72,264,0.2727272727272727,5.692824220560301
mixed,rank_only,17,73,264,0.2765151515151515,5.728239970859523
mixed,rank_only,17,74,264,0.2803030303030303,5.669347515678319
mixed,rank_only,17,75,264,0.2840909090909091,5.71978217435564
mixed,rank_only,17,76,264,0.2878787878787879,5.679534687888264
mixed,rank_only,17,77,264,0.2916666666666667,5.676096198154405
mixed,rank_only,17,78,264,0.29545454545454547,5.816882150765435
mixed,rank_only,17,79,264,0.29924242424242425,5.854119159718338
mixed,rank_only,17,80,264,0.30303030303030304,5.837667375893754
mixed,rank_only,17,81,264,0.3068181818181818,5.819622773365772
mixed,rank_only,17,82,264,0.3106060606060606,5.793586399216279
mixed,rank_only,17,83,264,0.3143939393939394,5.830662504737072
mixed,rank_only,17,84,264,0.3181818181818182,5.879077351485318
mixed,rank_only,17,85,264,0.32196969696969696,5.835482825446521
mixed,rank_only,17,86,264,0.32575757575757575,5.814685543267569
mixed,rank_only,17,87,264,0.32954545454545453,5.839045983810401
mixed,rank_only,17,88,264,0.3333333333333333,5.927930567514375
mixed,rank_only,17,89,264,0.3371212121212121,5.932262373796296
mixed,rank_only,17,90,264,0.3409090909090909,5.925052454519261
mixed,rank_only,17,91,264,0.3446969696969697,5.947918920614615
mixed,rank_only,17,92,264,0.3484848484848485,5.956206251403971
mixed,rank_only,17,93,264,0.3522727272727273,5.9215946163993545
mixed,rank_only,17,94,264,0.3560606060606061,5.88140255350846
mixed,rank_only,17,95,264,0.35984848484848486,5.835998831242615
mixed,rank_only,17,96,264,0.36363636363636365,5.846032190427882
mixed,rank_only,17,97,264,0.36742424242424243,5.884344680978495
mixed,rank_only,17,98,264,0.3712121212121212,5.926578616632617
mixed,rank_only,17,99,264,0.375,5.935876203210824
mixed,rank_only,17,100,264,0.3787878787878788,5.962519507294811
mixed,rank_only,17,101,264,0.38257575757575757,6.024700354423619
mixed,rank_only,17,102,264,0.38636363636363635,6.019041167033887
mixed,rank_only,17,103,264,0.39015151515151514,6.058771624866705
mixed,rank_only,17,104,264,0.3939393939393939,6.080788066524263
mixed,rank_only,17,105,264,0.3977272727272727,6.05041644407771
mixed,rank_only,17,106,264,0.4015151515151515,6.03868926916612
mixed,rank_only,17,107,264,0.4053030303030303,6.009047606013027
mixed,rank_only,17,108,264,0.4090909090909091,6.040995712345618
mixed,rank_only,17,109,264,0.4128787878787879,6.058950657512842
mixed,rank_only,17,110,264,0.4166666666666667,6.073283082166337
mixed,rank_only,17,111,264,0.42045454545454547,6.026687810447194
mixed,rank_only,17,112,264,0.42424242424242425,6.0187890982948105
mixed,rank_only,17,113,264,0.42803030303030304,6.022712467272173
mixed,rank_only,17,114,264,0.4318181818181818,6.0128014094523685
mixed,rank_only,17,115,264,0.4356060606060606,6.042774664077315
mixed,rank_only,17,116,264,0.4393939393939394,6.040767800358559
mixed,rank_only,17,117,264,0.4431818181818182,6.035347295459016
mixed,rank_only,17,118,264,0.44696969696969696,6.024999124099069
mixed,rank_only,17,119,264,0.45075757575757575,6.00622029971812
mixed,rank_only,17,120,264,0.45454545454545453,5.975156028599523
mixed,rank_only,17,121,264,0.4583333333333333,5.986959280456883
mixed,rank_only,17,122,264,0.4621212121212121,5.958041590114716
mixed,rank_only,17,123,264,0.4659090909090909,5.973824701717713
mixed,rank_only,17,124,264,0.4696969696969697,5.947037116921481
mixed,rank_only,17,125,264,0.4734848484848485,5.942215435155384
mixed,rank_only,17,126,264,0.4772727272727273,5.925678773254515
mixed,rank_only,17,127,264,0.4810606060606061,5.973002139021622
mixed,rank_only,17,128,264,0.48484848484848486,5.980805048970862
mixed,rank_only,17,129,264,0.48863636363636365,5.981675383953249
mixed,rank_only,17,130,264,0.49242424242424243,5.974613305829862
mixed,rank_only,17,131,264,0.4962121212121212,5.937550975192805
mixed,rank_only,17,132,264,0.5,5.925021746280329
mixed,rank_only,17,133,264,0.5037878787878788,5.9241979233684
mixed,rank_only,17,134,264,0.5075757575757576,5.925536054905733
mixed,rank_only,17,135,264,0.5113636363636364,5.934218349767896
mixed,rank_only,17,136,264,0.5151515151515151,5.958185965746721
mixed,rank_only,17,137,264,0.5189393939393939,5.942003847327169
mixed,rank_only,17,138,264,0.5227272727272727,5.931411095269661
mixed,rank_only,17,139,264,0.5265151515151515,5.929570736701454
mixed,rank_only,17,140,264,0.5303030303030303,5.9221533437174365
mixed,rank_only,17,141,264,0.5340909090909091,5.937416052370728
mixed,rank_only,17,142,264,0.5378787878787878,5.969544003311997
mixed,rank_only,17,143,264,0.5416666666666666,5.963628494375208
mixed,rank_only,17,144,264,0.5454545454545454,5.948691075823671
mixed,rank_only,17,145,264,0.5492424242424242,5.932785083046448
mixed,rank_only,17,146,264,0.553030303030303,5.95620424530565
mixed,rank_only,17,147,264,0.5568181818181818,5.9323503957897765
mixed,rank_only,17,148,264,0.5606060606060606,5.922505441052631
mixed,rank_only,17,149,264,0.5643939393939394,5.910721308696805
mixed,rank_only,17,150,264,0.5681818181818182,5.89804732389422
mixed,rank_only,17,151,264,0.571969696969697,5.908664646934443
mixed,rank_only,17,152,264,0.5757575757575758,5.886670099583473
mixed,rank_only,17,153,264,0.5795454545454546,5.914380009931289
mixed,rank_only,17,154,264,0.5833333333333334,5.893856047826639
mixed,rank_only,17,155,264,0.5871212121212122,5.906271250928145
mixed,rank_only,17,156,264,0.5909090909090909,5.903466257716909
mixed,rank_only,17,157,264,0.5946969696969697,5.88283700097966
mixed,rank_only,17,158,264,0.5984848484848485,5.861227891746782
mixed,rank_only,17,159,264,0.6022727272727273,5.86908142729792
mixed,rank_only,17,160,264,0.6060606060606061,5.8492229365437645
mixed,rank_only,17,161,264,0.6098484848484849,5.84105637251475
mixed,rank_only,17,162,264,0.6136363636363636,5.815522561121604
mixed,rank_only,17,163,264,0.6174242424242424,5.79147678595658
mixed,rank_only,17,164,264,0.6212121212121212,5.77287756004067
mixed,rank_only,17,165,264,0.625,5.77826675692486
mixed,rank_only,17,166,264,0.6287878787878788,5.760834324078358
mixed,rank_only,17,167,264,0.6325757575757576,5.776095503105306
mixed,rank_only,17,168,264,0.6363636363636364,5.763447239009061
mixed,rank_only,17,169,264,0.6401515151515151,5.754865915669823
mixed,rank_only,17,170,264,0.6439393939393939,5.737756834673377
mixed,rank_only,17,171,264,0.6477272727272727,5.736738226966539
mixed,rank_only,17,172,264,0.6515151515151515,5.7342593638582455
mixed,rank_only,17,173,264,0.6553030303030303,5.740563574079475
mixed,rank_only,17,174,264,0.6590909090909091,5.7647309536785905
mixed,rank_only,17,175,264,0.6628787878787878,5.751641892199896
mixed,rank_only,17,176,264,0.6666666666666666,5.7307984038550615
mixed,rank_only,17,177,264,0.6704545454545454,5.70779043689016
mixed,rank_only,17,178,264,0.6742424242424242,5.6894974102418425
mixed,rank_only,17,179,264,0.678030303030303,5.671844573016685
mixed,rank_only,17,180,264,0.6818181818181818,5.657188630939989
mixed,rank_only,17,181,264,0.6856060606060606,5.656874072652858
mixed,rank_only,17,182,264,0.6893939393939394,5.64584201240572
mixed,rank_only,17,183,264,0.6931818181818182,5.627336989733611
mixed,rank_only,17,184,264,0.696969696969697,5.6189580032691575
mixed,rank_only,17,185,264,0.7007575757575758,5.629087154773447
mixed,rank_only,17,186,264,0.7045454545454546,5.612334645074527
mixed,rank_only,17,187,264,0.7083333333333334,5.603865499075729
mixed,rank_only,17,188,264,0.7121212121212122,5.5860223403363465
mixed,rank_only,17,189,264,0.7159090909090909,5.564145262226413
mixed,rank_only,17,190,264,0.7196969696969697,5.590046843950014
mixed,rank_only,17,191,264,0.7234848484848485,5.5746753752103615
mixed,rank_only,17,192,264,0.7272727272727273,5.567777750962342
mixed,rank_only,17,193,264,0.7310606060606061,5.5564455504129455
mixed,rank_only,17,194,264,0.7348484848484849,5.539723351456763
mixed,rank_only,17,195,264,0.7386363636363636,5.532941976262094
mixed,rank_only,17,196,264,0.7424242424242424,5.53878534729926
mixed,rank_only,17,197,264,0.7462121212121212,5.537623280916459
mixed,rank_only,17,198,264,0.75,5.542352531306568
mixed,rank_only,17,199,264,0.7537878787878788,5.528792053224929
mixed,rank_only,17,200,264,0.7575757575757576,5.515771594945339
mixed,rank_only,17,201,264,0.7613636363636364,5.521985647971551
mixed,rank_only,17,202,264,0.7651515151515151,5.506880674287698
mixed,rank_only,17,203,264,0.7689393939393939,5.494751846061321
mixed,rank_only,17,204,264,0.7727272727272727,5.49022270469841
mixed,rank_only,17,205,264,0.7765151515151515,5.478870675795032
mixed,rank_only,17,206,264,0.7803030303030303,5.502827753804903
mixed,rank_only,17,207,264,0.7840909090909091,5.492233629950996
mixed,rank_only,17,208,264,0.7878787878787878,5.490093608127017
mixed,rank_only,17,209,264,0.7916666666666666,5.4843417627285245
mixed,rank_only,17,210,264,0.7954545454545454,5.488610173802174
mixed,rank_only,17,211,264,0.7992424242424242,5.47759983096872
mixed,rank_only,17,212,264,0.803030303030303,5.463231307053005
mixed,rank_only,17,213,264,0.8068181818181818,5.458731576325823
mixed,rank_only,17,214,264,0.8106060606060606,5.465736758328781
mixed,rank_only,17,215,264,0.8143939393939394,5.451973245053234
mixed,rank_only,17,216,264,0.8181818181818182,5.441815140747314
mixed,rank_only,17,217,264,0.821969696969697,5.42120931753847
mixed,rank_only,17,218,264,0.8257575757575758,5.404835132516839
mixed,rank_only,17,219,264,0.8295454545454546,5.401353831397327
mixed,rank_only,17,220,264,0.8333333333333334,5.384746820926516
mixed,rank_only,17,221,264,0.8371212121212122,5.3783074210820425
mixed,rank_only,17,222,264,0.8409090909090909,5.381788207548867
mixed,rank_only,17,223,264,0.8446969696969697,5.3786401252058775
mixed,rank_only,17,224,264,0.8484848484848485,5.362602772455269
mixed,rank_only,17,225,264,0.8522727272727273,5.355780074631391
mixed,rank_only,17,226,264,0.8560606060606061,5.351575582276091
mixed,rank_only,17,227,264,0.8598484848484849,5.343680440199576
mixed,rank_only,17,228,264,0.8636363636363636,5.336045106287267
mixed,rank_only,17,229,264,0.8674242424242424,5.3353979206232385
mixed,rank_only,17,230,264,0.8712121212121212,5.338489759406451
mixed,rank_only,17,231,264,0.875,5.324644333165694
mixed,rank_only,17,232,264,0.8787878787878788,5.3106920759690555
mixed,rank_only,17,233,264,0.8825757575757576,5.29570619902168
mixed,rank_only,17,234,264,0.8863636363636364,5.287419046619062
mixed,rank_only,17,235,264,0.8901515151515151,5.272011292176569
mixed,rank_only,17,236,264,0.8939393939393939,5.274018586573049
mixed,rank_only,17,237,264,0.8977272727272727,5.261574023020562
mixed,rank_only,17,238,264,0.9015151515151515,5.247956908525001
mixed,rank_only,17,239,264,0.9053030303030303,5.242893169377091
mixed,rank_only,17,240,264,0.9090909090909091,5.2461956576829
mixed,rank_only,17,241,264,0.9128787878787878,5.240523695069564
mixed,rank_only,17,242,264,0.9166666666666666,5.2333287812342135
mixed,rank_only,17,243,264,0.9204545454545454,5.257026152988151
mixed,rank_only,17,244,264,0.9242424242424242,5.258698917115643
mixed,rank_only,17,245,264,0.928030303030303,5.24771882365391
mixed,rank_only,17,246,264,0.9318181818181818,5.2759349464865455
mixed,rank_only,17,247,264,0.9356060606060606,5.269071387420021
mixed,rank_only,17,248,264,0.9393939393939394,5.260444717783716
mixed,rank_only,17,249,264,0.9431818181818182,5.255539914379991
mixed,rank_only,17,250,264,0.946969696969697,5.243386619093966
mixed,rank_only,17,251,264,0.9507575757575758,5.230862525347508
mixed,rank_only,17,252,264,0.9545454545454546,5.220214934090471
mixed,rank_only,17,253,264,0.9583333333333334,5.2053918474473795
mixed,rank_only,17,254,264,0.9621212121212122,5.207639509130859
mixed,rank_only,17,255,264,0.9659090909090909,5.199503371083637
mixed,rank_only,17,256,264,0.9696969696969697,5.186959364565118
mixed,rank_only,17,257,264,0.9734848484848485,5.179989784237612
mixed,rank_only,17,258,264,0.9772727272727273,5.175612199901467
mixed,rank_only,17,259,264,0.9810606060606061,5.168763632056333
mixed,rank_only,17,260,264,0.9848484848484849,5.163313654565872
mixed,rank_only,17,261,264,0.9886363636363636,5.1565019110004675
mixed,rank_only,17,262,264,0.9924242424242424,5.1458351200713635
mixed,rank_only,17,263,264,0.9962121212121212,5.133055642002117
mixed,rank_only,17,264,264,1.0,5.124813434933237
mixed,rank_only,29,1,264,0.003787878787878788,5.3915945664298075
mixed,rank_only,29,2,264,0.007575757575757576,7.46685090178646
mixed,rank_only,29,3,264,0.011363636363636364,6.241661713852526
mixed,rank_only,29,4,264,0.015151515151515152,5.797419126203092
mixed,rank_only,29,5,264,0.01893939393939394,5.444184354470833
mixed,rank_only,29,6,264,0.022727272727272728,6.547918193148704
mixed,rank_only,29,7,264,0.026515151515151516,5.9556557754066715
mixed,rank_only,29,8,264,0.030303030303030304,5.834223229155029
mixed,rank_only,29,9,264,0.03409090909090909,5.555381334932301
mixed,rank_only,29,10,264,0.03787878787878788,5.3448123587179435
mixed,rank_only,29,11,264,0.041666666666666664,5.620258986103188
mixed,rank_only,29,12,264,0.045454545454545456,5.624641831712609
mixed,rank_only,29,13,264,0.04924242424242424,5.866581493932693
mixed,rank_only,29,14,264,0.05303030303030303,6.121366279042516
mixed,rank_only,29,15,264,0.056818181818181816,6.106727693401746
mixed,rank_only,29,16,264,0.06060606060606061,5.905550368659154
mixed,rank_only,29,17,264,0.06439393939393939,5.774276740962633
mixed,rank_only,29,18,264,0.06818181818181818,5.606040886548663
mixed,rank_only,29,19,264,0.07196969696969698,5.7628426129293215
mixed,rank_only,29,20,264,0.07575757575757576,5.621799927556496
mixed,rank_only,29,21,264,0.07954545454545454,5.495062545555896
mixed,rank_only,29,22,264,0.08333333333333333,5.757775408701041
mixed,rank_only,29,23,264,0.08712121212121213,5.5782261876480055
mixed,rank_only,29,24,264,0.09090909090909091,5.507499133322116
mixed,rank_only,29,25,264,0.0946969696969697,5.731362859757509
mixed,rank_only,29,26,264,0.09848484848484848,5.8774730146415
mixed,rank_only,29,27,264,0.10227272727272728,5.867068628279775
mixed,rank_only,29,28,264,0.10606060606060606,5.779046108854305
mixed,rank_only,29,29,264,0.10984848484848485,5.883146449272993
mixed,rank_only,29,30,264,0.11363636363636363,6.240858704246568
mixed,rank_only,29,31,264,0.11742424242424243,6.056714776425528
mixed,rank_only,29,32,264,0.12121212121212122,5.918982890001339
mixed,rank_only,29,33,264,0.125,5.984806520540013
mixed,rank_only,29,34,264,0.12878787878787878,5.924506182430266
mixed,rank_only,29,35,264,0.13257575757575757,5.8474571133672795
mixed,rank_only,29,36,264,0.13636363636363635,5.815941553066586
mixed,rank_only,29,37,264,0.14015151515151514,5.737201002919468
mixed,rank_only,29,38,264,0.14393939393939395,5.607284837385007
mixed,rank_only,29,39,264,0.14772727272727273,5.714392651040021
mixed,rank_only,29,40,264,0.15151515151515152,5.765588664590198
mixed,rank_only,29,41,264,0.1553030303030303,5.66017882010157
mixed,rank_only,29,42,264,0.1590909090909091,5.641667841981065
mixed,rank_only,29,43,264,0.16287878787878787,5.601856459789604
mixed,rank_only,29,44,264,0.16666666666666666,5.6225491106259335
mixed,rank_only,29,45,264,0.17045454545454544,5.68105237575699
mixed,rank_only,29,46,264,0.17424242424242425,5.798934493598021
mixed,rank_only,29,47,264,0.17803030303030304,5.765012508782828
mixed,rank_only,29,48,264,0.18181818181818182,5.85754242648882
mixed,rank_only,29,49,264,0.1856060606060606,5.926201759613183
mixed,rank_only,29,50,264,0.1893939393939394,5.89401603672429
mixed,rank_only,29,51,264,0.19318181818181818,5.866367530408725
mixed,rank_only,29,52,264,0.19696969696969696,5.87107946843406
mixed,rank_only,29,53,264,0.20075757575757575,5.831738295579005
mixed,rank_only,29,54,264,0.20454545454545456,5.809986248031619
mixed,rank_only,29,55,264,0.20833333333333334,5.95614633444731
mixed,rank_only,29,56,264,0.21212121212121213,5.905201736354525
mixed,rank_only,29,57,264,0.2159090909090909,5.870850364496364
mixed,rank_only,29,58,264,0.2196969696969697,5.868316200871731
mixed,rank_only,29,59,264,0.22348484848484848,5.961350955089016
mixed,rank_only,29,60,264,0.22727272727272727,6.029827836062796
mixed,rank_only,29,61,264,0.23106060606060605,5.997452488066922
mixed,rank_only,29,62,264,0.23484848484848486,5.964318767554777
mixed,rank_only,29,63,264,0.23863636363636365,6.021069327185452
mixed,rank_only,29,64,264,0.24242424242424243,5.9818063408074496
mixed,rank_only,29,65,264,0.24621212121212122,6.017723100780344
mixed,rank_only,29,66,264,0.25,5.988216050056912
mixed,rank_only,29,67,264,0.2537878787878788,5.953095382120345
mixed,rank_only,29,68,264,0.25757575757575757,5.895309625733425
mixed,rank_only,29,69,264,0.26136363636363635,5.906039649281395
mixed,rank_only,29,70,264,0.26515151515151514,5.858798453253239
mixed,rank_only,29,71,264,0.2689393939393939,5.912834980218892
mixed,rank_only,29,72,264,0.2727272727272727,5.846089606952373
mixed,rank_only,29,73,264,0.2765151515151515,5.79163495239988
mixed,rank_only,29,74,264,0.2803030303030303,5.858956701855894
mixed,rank_only,29,75,264,0.2840909090909091,5.808222938861963
mixed,rank_only,29,76,264,0.2878787878787879,5.817544659722625
mixed,rank_only,29,77,264,0.2916666666666667,5.7674427921329805
mixed,rank_only,29,78,264,0.29545454545454547,5.764223667525328
mixed,rank_only,29,79,264,0.29924242424242425,5.764427544104228
mixed,rank_only,29,80,264,0.30303030303030304,5.799703948863603
mixed,rank_only,29,81,264,0.3068181818181818,5.775385188202551
mixed,rank_only,29,82,264,0.3106060606060606,5.735507042901138
mixed,rank_only,29,83,264,0.3143939393939394,5.71368682411146
mixed,rank_only,29,84,264,0.3181818181818182,5.731840361294108
mixed,rank_only,29,85,264,0.32196969696969696,5.723616042203333
mixed,rank_only,29,86,264,0.32575757575757575,5.737258661770042
mixed,rank_only,29,87,264,0.32954545454545453,5.690956489310245
mixed,rank_only,29,88,264,0.3333333333333333,5.719212610297083
mixed,rank_only,29,89,264,0.3371212121212121,5.768799488672352
mixed,rank_only,29,90,264,0.3409090909090909,5.745053922452756
mixed,rank_only,29,91,264,0.3446969696969697,5.740486611934253
mixed,rank_only,29,92,264,0.3484848484848485,5.701664627102259
mixed,rank_only,29,93,264,0.3522727272727273,5.654057886865315
mixed,rank_only,29,94,264,0.3560606060606061,5.642842331700486
mixed,rank_only,29,95,264,0.35984848484848486,5.6523849899542205
mixed,rank_only,29,96,264,0.36363636363636365,5.6397266061478355
mixed,rank_only,29,97,264,0.36742424242424243,5.70126681666781
mixed,rank_only,29,98,264,0.3712121212121212,5.729894943264193
mixed,rank_only,29,99,264,0.375,5.693957190681123
mixed,rank_only,29,100,264,0.3787878787878788,5.706237212467657
mixed,rank_only,29,101,264,0.38257575757575757,5.716803123809344
mixed,rank_only,29,102,264,0.38636363636363635,5.679763759291281
mixed,rank_only,29,103,264,0.39015151515151514,5.665355954256207
mixed,rank_only,29,104,264,0.3939393939393939,5.666654196495196
mixed,rank_only,29,105,264,0.3977272727272727,5.626089858618973
mixed,rank_only,29,106,264,0.4015151515151515,5.6502994179380615
mixed,rank_only,29,107,264,0.4053030303030303,5.653683760686973
mixed,rank_only,29,108,264,0.4090909090909091,5.652595605596964
mixed,rank_only,29,109,264,0.4128787878787879,5.63392290270051
mixed,rank_only,29,110,264,0.4166666666666667,5.621885503883265
mixed,rank_only,29,111,264,0.42045454545454547,5.608795489443297
mixed,rank_only,29,112,264,0.42424242424242425,5.606912510939815
mixed,rank_only,29,113,264,0.42803030303030304,5.588300726867497
mixed,rank_only,29,114,264,0.4318181818181818,5.624208938193481
mixed,rank_only,29,115,264,0.4356060606060606,5.615386148316291
mixed,rank_only,29,116,264,0.4393939393939394,5.5999756818589095
mixed,rank_only,29,117,264,0.4431818181818182,5.58993207545698
mixed,rank_only,29,118,264,0.44696969696969696,5.565065639339629
mixed,rank_only,29,119,264,0.45075757575757575,5.606027269965358
mixed,rank_only,29,120,264,0.45454545454545453,5.616903476426816
mixed,rank_only,29,121,264,0.4583333333333333,5.6332098444957674
mixed,rank_only,29,122,264,0.4621212121212121,5.636198774023504
mixed,rank_only,29,123,264,0.4659090909090909,5.650957421707973
mixed,rank_only,29,124,264,0.4696969696969697,5.6851543180654955
mixed,rank_only,29,125,264,0.4734848484848485,5.711054055340672
mixed,rank_only,29,126,264,0.4772727272727273,5.687143410186284
mixed,rank_only,29,127,264,0.4810606060606061,5.738597571640507
mixed,rank_only,29,128,264,0.48484848484848486,5.735219843837474
mixed,rank_only,29,129,264,0.48863636363636365,5.721281691776931
mixed,rank_only,29,130,264,0.49242424242424243,5.703078607188059
mixed,rank_only,29,131,264,0.4962121212121212,5.686471391552206
mixed,rank_only,29,132,264,0.5,5.665178006386749
mixed,rank_only,29,133,264,0.5037878787878788,5.67384395615335
mixed,rank_only,29,134,264,0.5075757575757576,5.65590643347908
mixed,rank_only,29,135,264,0.5113636363636364,5.684721307401363
mixed,rank_only,29,136,264,0.5151515151515151,5.673913404773748
mixed,rank_only,29,137,264,0.5189393939393939,5.648205993416335
mixed,rank_only,29,138,264,0.5227272727272727,5.643109430040493
mixed,rank_only,29,139,264,0.5265151515151515,5.623841818285832
mixed,rank_only,29,140,264,0.5303030303030303,5.60233455426279
mixed,rank_only,29,141,264,0.5340909090909091,5.614313311616368
mixed,rank_only,29,142,264,0.5378787878787878,5.598424780049105
mixed,rank_only,29,143,264,0.5416666666666666,5.587827412026008
mixed,rank_only,29,144,264,0.5454545454545454,5.569679747936339
mixed,rank_only,29,145,264,0.5492424242424242,5.557311717454827
mixed,rank_only,29,146,264,0.553030303030303,5.5341163726922264
mixed,rank_only,29,147,264,0.5568181818181818,5.568858700243644
mixed,rank_only,29,148,264,0.5606060606060606,5.585789220079178
mixed,rank_only,29,149,264,0.5643939393939394,5.563834830431606
mixed,rank_only,29,150,264,0.5681818181818182,5.5872937803421365
mixed,rank_only,29,151,264,0.571969696969697,5.5850182573991916
mixed,rank_only,29,152,264,0.5757575757575758,5.59726214187382
mixed,rank_only,29,153,264,0.5795454545454546,5.658314735125545
mixed,rank_only,29,154,264,0.5833333333333334,5.641140915527963
mixed,rank_only,29,155,264,0.5871212121212122,5.6285340740623395
mixed,rank_only,29,156,264,0.5909090909090909,5.6169677471091095
mixed,rank_only,29,157,264,0.5946969696969697,5.613290612259965
mixed,rank_only,29,158,264,0.5984848484848485,5.598131804254442
mixed,rank_only,29,159,264,0.6022727272727273,5.600242501448109
mixed,rank_only,29,160,264,0.6060606060606061,5.601116948969347
mixed,rank_only,29,161,264,0.6098484848484849,5.585387083445321
mixed,rank_only,29,162,264,0.6136363636363636,5.561664295159475
mixed,rank_only,29,163,264,0.6174242424242424,5.600408334430519
mixed,rank_only,29,164,264,0.6212121212121212,5.585047437753134
mixed,rank_only,29,165,264,0.625,5.588687798439991
mixed,rank_only,29,166,264,0.6287878787878788,5.569030731530889
mixed,rank_only,29,167,264,0.6325757575757576,5.549972800583211
mixed,rank_only,29,168,264,0.6363636363636364,5.56669802900454
mixed,rank_only,29,169,264,0.6401515151515151,5.5655463606257145
mixed,rank_only,29,170,264,0.6439393939393939,5.603399524752679
mixed,rank_only,29,171,264,0.6477272727272727,5.5743473623718005
mixed,rank_only,29,172,264,0.6515151515151515,5.568004270515961
mixed,rank_only,29,173,264,0.6553030303030303,5.580519350760449
mixed,rank_only,29,174,264,0.6590909090909091,5.562114050282401
mixed,rank_only,29,175,264,0.6628787878787878,5.554425630074975
mixed,rank_only,29,176,264,0.6666666666666666,5.552694687403495
mixed,rank_only,29,177,264,0.6704545454545454,5.531420748145624
mixed,rank_only,29,178,264,0.6742424242424242,5.508206040348658
mixed,rank_only,29,179,264,0.678030303030303,5.490813145149721
mixed,rank_only,29,180,264,0.6818181818181818,5.493519222341147
mixed,rank_only,29,181,264,0.6856060606060606,5.49488223026602
mixed,rank_only,29,182,264,0.6893939393939394,5.483150180162096
mixed,rank_only,29,183,264,0.6931818181818182,5.483620544542818
mixed,rank_only,29,184,264,0.696969696969697,5.503846286185916
mixed,rank_only,29,185,264,0.7007575757575758,5.500597967429049
mixed,rank_only,29,186,264,0.7045454545454546,5.480173591073019
mixed,rank_only,29,187,264,0.7083333333333334,5.505696920150319
mixed,rank_only,29,188,264,0.7121212121212122,5.490001848113834
mixed,rank_only,29,189,264,0.7159090909090909,5.489837549223503
mixed,rank_only,29,190,264,0.7196969696969697,5.487923832145753
mixed,rank_only,29,191,264,0.7234848484848485,5.477360081602266
mixed,rank_only,29,192,264,0.7272727272727273,5.457053849523365
mixed,rank_only,29,193,264,0.7310606060606061,5.461214295380573
mixed,rank_only,29,194,264,0.7348484848484849,5.500561287927905
mixed,rank_only,29,195,264,0.7386363636363636,5.475730017677133
mixed,rank_only,29,196,264,0.7424242424242424,5.463502610068027
mixed,rank_only,29,197,264,0.7462121212121212,5.455348779216366
mixed,rank_only,29,198,264,0.75,5.44379995633144
mixed,rank_only,29,199,264,0.7537878787878788,5.438333851324181
mixed,rank_only,29,200,264,0.7575757575757576,5.45038054077002
mixed,rank_only,29,201,264,0.7613636363636364,5.452545231695694
mixed,rank_only,29,202,264,0.7651515151515151,5.443657305393424
mixed,rank_only,29,203,264,0.7689393939393939,5.433054153159244
mixed,rank_only,29,204,264,0.7727272727272727,5.428403136523327
mixed,rank_only,29,205,264,0.7765151515151515,5.4065948334223695
mixed,rank_only,29,206,264,0.7803030303030303,5.397101980703543
mixed,rank_only,29,207,264,0.7840909090909091,5.4118543122477245
mixed,rank_only,29,208,264,0.7878787878787878,5.412539877078354
mixed,rank_only,29,209,264,0.7916666666666666,5.398338611320915
mixed,rank_only,29,210,264,0.7954545454545454,5.384980118380295
mixed,rank_only,29,211,264,0.7992424242424242,5.372089469583745
mixed,rank_only,29,212,264,0.803030303030303,5.362225922267123
mixed,rank_only,29,213,264,0.8068181818181818,5.361039301234339
mixed,rank_only,29,214,264,0.8106060606060606,5.356386503087838
mixed,rank_only,29,215,264,0.8143939393939394,5.350951347030088
mixed,rank_only,29,216,264,0.8181818181818182,5.334937271543432
mixed,rank_only,29,217,264,0.821969696969697,5.32629934718278
mixed,rank_only,29,218,264,0.8257575757575758,5.327075318911674
mixed,rank_only,29,219,264,0.8295454545454546,5.310194827884978
mixed,rank_only,29,220,264,0.8333333333333334,5.309955825398255
mixed,rank_only,29,221,264,0.8371212121212122,5.297289568644671
mixed,rank_only,29,222,264,0.8409090909090909,5.2917042941029
mixed,rank_only,29,223,264,0.8446969696969697,5.283765805434528
mixed,rank_only,29,224,264,0.8484848484848485,5.289059169654224
mixed,rank_only,29,225,264,0.8522727272727273,5.290543250312676
mixed,rank_only,29,226,264,0.8560606060606061,5.270260300116712
mixed,rank_only,29,227,264,0.8598484848484849,5.264600329480078
mixed,rank_only,29,228,264,0.8636363636363636,5.283087324165972
mixed,rank_only,29,229,264,0.8674242424242424,5.268271331064989
mixed,rank_only,29,230,264,0.8712121212121212,5.257366356900681
mixed,rank_only,29,231,264,0.875,5.248912825537947
mixed,rank_only,29,232,264,0.8787878787878788,5.236154542663493
mixed,rank_only,29,233,264,0.8825757575757576,5.242714361383671
mixed,rank_only,29,234,264,0.8863636363636364,5.236831758676774
mixed,rank_only,29,235,264,0.8901515151515151,5.231274048466074
mixed,rank_only,29,236,264,0.8939393939393939,5.218543586477004
mixed,rank_only,29,237,264,0.8977272727272727,5.215111871018163
mixed,rank_only,29,238,264,0.9015151515151515,5.208772025814572
mixed,rank_only,29,239,264,0.9053030303030303,5.224255537822997
mixed,rank_only,29,240,264,0.9090909090909091,5.212114594420951
mixed,rank_only,29,241,264,0.9128787878787878,5.216952572156733
mixed,rank_only,29,242,264,0.9166666666666666,5.2057798734090595
mixed,rank_only,29,243,264,0.9204545454545454,5.193482961156534
mixed,rank_only,29,244,264,0.9242424242424242,5.186653678883627
mixed,rank_only,29,245,264,0.928030303030303,5.17241781650053
mixed,rank_only,29,246,264,0.9318181818181818,5.161186453098069
mixed,rank_only,29,247,264,0.9356060606060606,5.162172551744788
mixed,rank_only,29,248,264,0.9393939393939394,5.156937259014219
mixed,rank_only,29,249,264,0.9431818181818182,5.160960344206866
mixed,rank_only,29,250,264,0.946969696969697,5.1523512992638265
mixed,rank_only,29,251,264,0.9507575757575758,5.144282801716484
mixed,rank_only,29,252,264,0.9545454545454546,5.133190344004314
mixed,rank_only,29,253,264,0.9583333333333334,5.13327149256766
mixed,rank_only,29,254,264,0.9621212121212122,5.121311431193212
mixed,rank_only,29,255,264,0.9659090909090909,5.113340929831783
mixed,rank_only,29,256,264,0.9696969696969697,5.102986863328813
mixed,rank_only,29,257,264,0.9734848484848485,5.09818346884565
mixed,rank_only,29,258,264,0.9772727272727273,5.0846015385546774
mixed,rank_only,29,259,264,0.9810606060606061,5.0687574099440855
mixed,rank_only,29,260,264,0.9848484848484849,5.070017736540882
mixed,rank_only,29,261,264,0.9886363636363636,5.05901623127653
mixed,rank_only,29,262,264,0.9924242424242424,5.067504962219697
mixed,rank_only,29,263,264,0.9962121212121212,5.059358792426675
mixed,rank_only,29,264,264,1.0,5.0504185591085085
mixed,rank_only,43,1,264,0.003787878787878788,4.490389840121214
mixed,rank_only,43,2,264,0.007575757575757576,3.526136529874127
mixed,rank_only,43,3,264,0.011363636363636364,2.602870969105528
mixed,rank_only,43,4,264,0.015151515151515152,4.0073496335095875
mixed,rank_only,43,5,264,0.01893939393939394,3.786204350814754
mixed,rank_only,43,6,264,0.022727272727272728,4.587091843436446
mixed,rank_only,43,7,264,0.026515151515151516,4.94696350353396
mixed,rank_only,43,8,264,0.030303030303030304,4.994811444646826
mixed,rank_only,43,9,264,0.03409090909090909,5.281918058675291
mixed,rank_only,43,10,264,0.03787878787878788,6.037252535529719
mixed,rank_only,43,11,264,0.041666666666666664,6.175093507015288
mixed,rank_only,43,12,264,0.045454545454545456,6.004446679543545
mixed,rank_only,43,13,264,0.04924242424242424,5.590634133692559
mixed,rank_only,43,14,264,0.05303030303030303,5.936751962360761
mixed,rank_only,43,15,264,0.056818181818181816,5.608366155933572
mixed,rank_only,43,16,264,0.06060606060606061,5.851913382884097
mixed,rank_only,43,17,264,0.06439393939393939,6.151629282036039
mixed,rank_only,43,18,264,0.06818181818181818,6.2274277295241856
mixed,rank_only,43,19,264,0.07196969696969698,6.312359202262798
mixed,rank_only,43,20,264,0.07575757575757576,6.342076379514651
mixed,rank_only,43,21,264,0.07954545454545454,6.400565528444934
mixed,rank_only,43,22,264,0.08333333333333333,6.64057786882565
mixed,rank_only,43,23,264,0.08712121212121213,6.5326339497895916
mixed,rank_only,43,24,264,0.09090909090909091,6.514045788235056
mixed,rank_only,43,25,264,0.0946969696969697,6.588500463126842
mixed,rank_only,43,26,264,0.09848484848484848,6.416150443910345
mixed,rank_only,43,27,264,0.10227272727272728,6.337166371513155
mixed,rank_only,43,28,264,0.10606060606060606,6.3127737697115
mixed,rank_only,43,29,264,0.10984848484848485,6.383703028755071
mixed,rank_only,43,30,264,0.11363636363636363,6.272051099728264
mixed,rank_only,43,31,264,0.11742424242424243,6.298210134831182
mixed,rank_only,43,32,264,0.12121212121212122,6.137650167459214
mixed,rank_only,43,33,264,0.125,6.013849846728048
mixed,rank_only,43,34,264,0.12878787878787878,5.882173724834138
mixed,rank_only,43,35,264,0.13257575757575757,5.824936944301312
mixed,rank_only,43,36,264,0.13636363636363635,5.779958720648273
mixed,rank_only,43,37,264,0.14015151515151514,5.684064493591863
mixed,rank_only,43,38,264,0.14393939393939395,5.596904245866562
mixed,rank_only,43,39,264,0.14772727272727273,5.487781289870546
mixed,rank_only,43,40,264,0.15151515151515152,5.487477785638201
mixed,rank_only,43,41,264,0.1553030303030303,5.436392449017834
mixed,rank_only,43,42,264,0.1590909090909091,5.428612395557551
mixed,rank_only,43,43,264,0.16287878787878787,5.447298132420066
mixed,rank_only,43,44,264,0.16666666666666666,5.425341657825813
mixed,rank_only,43,45,264,0.17045454545454544,5.473185525911736
mixed,rank_only,43,46,264,0.17424242424242425,5.541461933739398
mixed,rank_only,43,47,264,0.17803030303030304,5.474512459603296
mixed,rank_only,43,48,264,0.18181818181818182,5.52529144758287
mixed,rank_only,43,49,264,0.1856060606060606,5.544037487050445
mixed,rank_only,43,50,264,0.1893939393939394,5.481931303156265
mixed,rank_only,43,51,264,0.19318181818181818,5.46869351077591
mixed,rank_only,43,52,264,0.19696969696969696,5.413130044404931
mixed,rank_only,43,53,264,0.20075757575757575,5.454162196973208
mixed,rank_only,43,54,264,0.20454545454545456,5.4051390457366795
mixed,rank_only,43,55,264,0.20833333333333334,5.390769109005771
mixed,rank_only,43,56,264,0.21212121212121213,5.512788903598573
mixed,rank_only,43,57,264,0.2159090909090909,5.499490969782916
mixed,rank_only,43,58,264,0.2196969696969697,5.577009617195398
mixed,rank_only,43,59,264,0.22348484848484848,5.590319506660621
mixed,rank_only,43,60,264,0.22727272727272727,5.538561428301103
mixed,rank_only,43,61,264,0.23106060606060605,5.535649700325767
mixed,rank_only,43,62,264,0.23484848484848486,5.551561878912213
mixed,rank_only,43,63,264,0.23863636363636365,5.526791200060278
mixed,rank_only,43,64,264,0.24242424242424243,5.5350289564550685
mixed,rank_only,43,65,264,0.24621212121212122,5.688895694122908
mixed,rank_only,43,66,264,0.25,5.756373004219742
mixed,rank_only,43,67,264,0.2537878787878788,5.766308185106232
mixed,rank_only,43,68,264,0.25757575757575757,5.7533317231572445
mixed,rank_only,43,69,264,0.26136363636363635,5.714633265974219
mixed,rank_only,43,70,264,0.26515151515151514,5.851170995560392
mixed,rank_only,43,71,264,0.2689393939393939,5.861079086488715
mixed,rank_only,43,72,264,0.2727272727272727,5.902250043863246
mixed,rank_only,43,73,264,0.2765151515151515,5.984976049061691
mixed,rank_only,43,74,264,0.2803030303030303,5.950251779000952
mixed,rank_only,43,75,264,0.2840909090909091,5.936055496021347
mixed,rank_only,43,76,264,0.2878787878787879,5.910785188430231
mixed,rank_only,43,77,264,0.2916666666666667,5.927567091290703
mixed,rank_only,43,78,264,0.29545454545454547,5.871811321756789
mixed,rank_only,43,79,264,0.29924242424242425,5.8949855518046155
mixed,rank_only,43,80,264,0.30303030303030304,5.97529593348154
mixed,rank_only,43,81,264,0.3068181818181818,5.976595594523191
mixed,rank_only,43,82,264,0.3106060606060606,5.91915205643723
mixed,rank_only,43,83,264,0.3143939393939394,5.943159227052592
mixed,rank_only,43,84,264,0.3181818181818182,5.9420390787267205
mixed,rank_only,43,85,264,0.32196969696969696,5.9091237597610125
mixed,rank_only,43,86,264,0.32575757575757575,5.907309416049583
mixed,rank_only,43,87,264,0.32954545454545453,5.882238655025018
mixed,rank_only,43,88,264,0.3333333333333333,5.905433309687737
mixed,rank_only,43,89,264,0.3371212121212121,5.889622010216732
mixed,rank_only,43,90,264,0.3409090909090909,5.853993226895466
mixed,rank_only,43,91,264,0.3446969696969697,5.843797572059819
mixed,rank_only,43,92,264,0.3484848484848485,5.8275374478722535
mixed,rank_only,43,93,264,0.3522727272727273,5.833059313904157
mixed,rank_only,43,94,264,0.3560606060606061,5.786872737245767
mixed,rank_only,43,95,264,0.35984848484848486,5.790535594877782
mixed,rank_only,43,96,264,0.36363636363636365,5.767269325502428
mixed,rank_only,43,97,264,0.36742424242424243,5.760652636728423
mixed,rank_only,43,98,264,0.3712121212121212,5.743503128432997
mixed,rank_only,43,99,264,0.375,5.77318374385396
mixed,rank_only,43,100,264,0.3787878787878788,5.7520610675089925
mixed,rank_only,43,101,264,0.38257575757575757,5.709908555637594
mixed,rank_only,43,102,264,0.38636363636363635,5.69500826428234
mixed,rank_only,43,103,264,0.39015151515151514,5.658768907770327
mixed,rank_only,43,104,264,0.3939393939393939,5.649828189938395
mixed,rank_only,43,105,264,0.3977272727272727,5.684869735659801
mixed,rank_only,43,106,264,0.4015151515151515,5.721210391385821
mixed,rank_only,43,107,264,0.4053030303030303,5.753804697756417
mixed,rank_only,43,108,264,0.4090909090909091,5.786580997206307
mixed,rank_only,43,109,264,0.4128787878787879,5.847035488460051
mixed,rank_only,43,110,264,0.4166666666666667,5.828567801694648
mixed,rank_only,43,111,264,0.42045454545454547,5.811778620011345
mixed,rank_only,43,112,264,0.42424242424242425,5.819213295240309
mixed,rank_only,43,113,264,0.42803030303030304,5.806827607863215
mixed,rank_only,43,114,264,0.4318181818181818,5.807697878508421
mixed,rank_only,43,115,264,0.4356060606060606,5.832872230200139
mixed,rank_only,43,116,264,0.4393939393939394,5.867018103912872
mixed,rank_only,43,117,264,0.4431818181818182,5.851144877771646
mixed,rank_only,43,118,264,0.44696969696969696,5.8483231428359685
mixed,rank_only,43,119,264,0.45075757575757575,5.845055168688445
mixed,rank_only,43,120,264,0.45454545454545453,5.812609865150118
mixed,rank_only,43,121,264,0.4583333333333333,5.785720709031927
mixed,rank_only,43,122,264,0.4621212121212121,5.815977757323798
mixed,rank_only,43,123,264,0.4659090909090909,5.792210482183291
mixed,rank_only,43,124,264,0.4696969696969697,5.7931529635832835
mixed,rank_only,43,125,264,0.4734848484848485,5.821929634765186
mixed,rank_only,43,126,264,0.4772727272727273,5.79941973389275
mixed,rank_only,43,127,264,0.4810606060606061,5.786359549852639
mixed,rank_only,43,128,264,0.48484848484848486,5.769945651215773
mixed,rank_only,43,129,264,0.48863636363636365,5.808250708868768
mixed,rank_only,43,130,264,0.49242424242424243,5.793652625899715
mixed,rank_only,43,131,264,0.4962121212121212,5.771569330469326
mixed,rank_only,43,132,264,0.5,5.749282034044689
mixed,rank_only,43,133,264,0.5037878787878788,5.737039235875298
mixed,rank_only,43,134,264,0.5075757575757576,5.73935366969986
mixed,rank_only,43,135,264,0.5113636363636364,5.705730843388702
mixed,rank_only,43,136,264,0.5151515151515151,5.691424625888982
mixed,rank_only,43,137,264,0.5189393939393939,5.688380464440614
mixed,rank_only,43,138,264,0.5227272727272727,5.674970334681473
mixed,rank_only,43,139,264,0.5265151515151515,5.685317239040828
mixed,rank_only,43,140,264,0.5303030303030303,5.680146368977437
mixed,rank_only,43,141,264,0.5340909090909091,5.669500657399553
mixed,rank_only,43,142,264,0.5378787878787878,5.682022101832874
mixed,rank_only,43,143,264,0.5416666666666666,5.698764871910767
mixed,rank_only,43,144,264,0.5454545454545454,5.6958165681050295
mixed,rank_only,43,145,264,0.5492424242424242,5.694303536380694
mixed,rank_only,43,146,264,0.553030303030303,5.671632483969741
mixed,rank_only,43,147,264,0.5568181818181818,5.648553876825789
mixed,rank_only,43,148,264,0.5606060606060606,5.648667679178426
mixed,rank_only,43,149,264,0.5643939393939394,5.638754794993056
mixed,rank_only,43,150,264,0.5681818181818182,5.621158929852562
mixed,rank_only,43,151,264,0.571969696969697,5.60820660608379
mixed,rank_only,43,152,264,0.5757575757575758,5.589758259813509
mixed,rank_only,43,153,264,0.5795454545454546,5.5695172202111936
mixed,rank_only,43,154,264,0.5833333333333334,5.565379067228532
mixed,rank_only,43,155,264,0.5871212121212122,5.551067337650475
mixed,rank_only,43,156,264,0.5909090909090909,5.539688344839184
mixed,rank_only,43,157,264,0.5946969696969697,5.529425514202898
mixed,rank_only,43,158,264,0.5984848484848485,5.508581778197205
mixed,rank_only,43,159,264,0.6022727272727273,5.491495520569096
mixed,rank_only,43,160,264,0.6060606060606061,5.517236649421861
mixed,rank_only,43,161,264,0.6098484848484849,5.502601304011101
mixed,rank_only,43,162,264,0.6136363636363636,5.492982868872163
mixed,rank_only,43,163,264,0.6174242424242424,5.491752656206576
mixed,rank_only,43,164,264,0.6212121212121212,5.488919534728749
mixed,rank_only,43,165,264,0.625,5.47118827842204
mixed,rank_only,43,166,264,0.6287878787878788,5.455354373145374
mixed,rank_only,43,167,264,0.6325757575757576,5.440356108712545
mixed,rank_only,43,168,264,0.6363636363636364,5.436797192407906
mixed,rank_only,43,169,264,0.6401515151515151,5.42065508092362
mixed,rank_only,43,170,264,0.6439393939393939,5.41847320076973
mixed,rank_only,43,171,264,0.6477272727272727,5.408139926754468
mixed,rank_only,43,172,264,0.6515151515151515,5.436199802371528
mixed,rank_only,43,173,264,0.6553030303030303,5.424159242870632
mixed,rank_only,43,174,264,0.6590909090909091,5.4082149513113205
mixed,rank_only,43,175,264,0.6628787878787878,5.393256757855203
mixed,rank_only,43,176,264,0.6666666666666666,5.405525986840717
mixed,rank_only,43,177,264,0.6704545454545454,5.399164319152361
mixed,rank_only,43,178,264,0.6742424242424242,5.397396074086695
mixed,rank_only,43,179,264,0.678030303030303,5.395674303615881
mixed,rank_only,43,180,264,0.6818181818181818,5.424340089101966
mixed,rank_only,43,181,264,0.6856060606060606,5.4019232688945475
mixed,rank_only,43,182,264,0.6893939393939394,5.394756262206984
mixed,rank_only,43,183,264,0.6931818181818182,5.373190583470781
mixed,rank_only,43,184,264,0.696969696969697,5.368154063539774
mixed,rank_only,43,185,264,0.7007575757575758,5.358770827531536
mixed,rank_only,43,186,264,0.7045454545454546,5.352932840511259
mixed,rank_only,43,187,264,0.7083333333333334,5.338969289969682
mixed,rank_only,43,188,264,0.7121212121212122,5.3369488086848955
mixed,rank_only,43,189,264,0.7159090909090909,5.328031721892682
mixed,rank_only,43,190,264,0.7196969696969697,5.388660879076492
mixed,rank_only,43,191,264,0.7234848484848485,5.389786909089966
mixed,rank_only,43,192,264,0.7272727272727273,5.374240907462457
mixed,rank_only,43,193,264,0.7310606060606061,5.371488358121352
mixed,rank_only,43,194,264,0.7348484848484849,5.392981321558346
mixed,rank_only,43,195,264,0.7386363636363636,5.38580468206984
mixed,rank_only,43,196,264,0.7424242424242424,5.398658206118941
mixed,rank_only,43,197,264,0.7462121212121212,5.393169546118558
mixed,rank_only,43,198,264,0.75,5.384524350123143
mixed,rank_only,43,199,264,0.7537878787878788,5.365568117804115
mixed,rank_only,43,200,264,0.7575757575757576,5.3572405410668305
mixed,rank_only,43,201,264,0.7613636363636364,5.366721014076996
mixed,rank_only,43,202,264,0.7651515151515151,5.376384896968123
mixed,rank_only,43,203,264,0.7689393939393939,5.3624370059845266
mixed,rank_only,43,204,264,0.7727272727272727,5.346260765683129
mixed,rank_only,43,205,264,0.7765151515151515,5.344522059807681
mixed,rank_only,43,206,264,0.7803030303030303,5.345113455651229
mixed,rank_only,43,207,264,0.7840909090909091,5.3523104644442805
mixed,rank_only,43,208,264,0.7878787878787878,5.344207719084774
mixed,rank_only,43,209,264,0.7916666666666666,5.33431980532842
mixed,rank_only,43,210,264,0.7954545454545454,5.319801796155232
mixed,rank_only,43,211,264,0.7992424242424242,5.347774382633775
mixed,rank_only,43,212,264,0.803030303030303,5.339887278694216
mixed,rank_only,43,213,264,0.8068181818181818,5.336598247997341
mixed,rank_only,43,214,264,0.8106060606060606,5.328588447904982
mixed,rank_only,43,215,264,0.8143939393939394,5.308826796089656
mixed,rank_only,43,216,264,0.8181818181818182,5.318314095855861
mixed,rank_only,43,217,264,0.821969696969697,5.31738029737511
mixed,rank_only,43,218,264,0.8257575757575758,5.31157315769247
mixed,rank_only,43,219,264,0.8295454545454546,5.298252641696844
mixed,rank_only,43,220,264,0.8333333333333334,5.2834926017549835
mixed,rank_only,43,221,264,0.8371212121212122,5.269967777584657
mixed,rank_only,43,222,264,0.8409090909090909,5.252885980103354
mixed,rank_only,43,223,264,0.8446969696969697,5.241897259102776
mixed,rank_only,43,224,264,0.8484848484848485,5.224510904786864
mixed,rank_only,43,225,264,0.8522727272727273,5.215650425108399
mixed,rank_only,43,226,264,0.8560606060606061,5.213548870082916
mixed,rank_only,43,227,264,0.8598484848484849,5.207163363905428
mixed,rank_only,43,228,264,0.8636363636363636,5.210550240363577
mixed,rank_only,43,229,264,0.8674242424242424,5.197150487261879
mixed,rank_only,43,230,264,0.8712121212121212,5.193152219114915
mixed,rank_only,43,231,264,0.875,5.225544414086933
mixed,rank_only,43,232,264,0.8787878787878788,5.215674150634546
mixed,rank_only,43,233,264,0.8825757575757576,5.20312440700528
mixed,rank_only,43,234,264,0.8863636363636364,5.190345184108813
mixed,rank_only,43,235,264,0.8901515151515151,5.181382216120334
mixed,rank_only,43,236,264,0.8939393939393939,5.168274017601636
mixed,rank_only,43,237,264,0.8977272727272727,5.188022204236496
mixed,rank_only,43,238,264,0.9015151515151515,5.18388457800749
mixed,rank_only,43,239,264,0.9053030303030303,5.175628657951681
mixed,rank_only,43,240,264,0.9090909090909091,5.1639152965651105
mixed,rank_only,43,241,264,0.9128787878787878,5.156624957941181
mixed,rank_only,43,242,264,0.9166666666666666,5.162698996145135
mixed,rank_only,43,243,264,0.9204545454545454,5.150897371736853
mixed,rank_only,43,244,264,0.9242424242424242,5.148729776194448
mixed,rank_only,43,245,264,0.928030303030303,5.185479634801382
mixed,rank_only,43,246,264,0.9318181818181818,5.1856627307441245
mixed,rank_only,43,247,264,0.9356060606060606,5.178762127200868
mixed,rank_only,43,248,264,0.9393939393939394,5.166268486775744
mixed,rank_only,43,249,264,0.9431818181818182,5.155377166839827
mixed,rank_only,43,250,264,0.946969696969697,5.148136671913618
mixed,rank_only,43,251,264,0.9507575757575758,5.1386672532224695
mixed,rank_only,43,252,264,0.9545454545454546,5.1624735810080145
mixed,rank_only,43,253,264,0.9583333333333334,5.148273385244212
mixed,rank_only,43,254,264,0.9621212121212122,5.136382955599541
mixed,rank_only,43,255,264,0.9659090909090909,5.12259382702627
mixed,rank_only,43,256,264,0.9696969696969697,5.112197925888753
mixed,rank_only,43,257,264,0.9734848484848485,5.101806030222126
mixed,rank_only,43,258,264,0.9772727272727273,5.09615480749628
mixed,rank_only,43,259,264,0.9810606060606061,5.09628112904525
mixed,rank_only,43,260,264,0.9848484848484849,5.092353135378493
mixed,rank_only,43,261,264,0.9886363636363636,5.125302337595004
mixed,rank_only,43,262,264,0.9924242424242424,5.116552973037721
mixed,rank_only,43,263,264,0.9962121212121212,5.098774549603683
mixed,rank_only,43,264,264,1.0,5.094353828418547
mixed,rgb_hist,17,1,264,0.003787878787878788,9.771493571808692
mixed,rgb_hist,17,2,264,0.007575757575757576,7.81137760008931
mixed,rgb_hist,17,3,264,0.011363636363636364,6.097034917491431
mixed,rgb_hist,17,4,264,0.015151515151515152,5.31994067773673
mixed,rgb_hist,17,5,264,0.01893939393939394,4.625456475502718
mixed,rgb_hist,17,6,264,0.022727272727272728,4.7715824733302
mixed,rgb_hist,17,7,264,0.026515151515151516,5.075329539736143
mixed,rgb_hist,17,8,264,0.030303030303030304,4.7857240539162245
mixed,rgb_hist,17,9,264,0.03409090909090909,4.665775253074787
mixed,rgb_hist,17,10,264,0.03787878787878788,4.399832510014926
mixed,rgb_hist,17,11,264,0.041666666666666664,4.390090077168815
mixed,rgb_hist,17,12,264,0.045454545454545456,4.2358959049177685
mixed,rgb_hist,17,13,264,0.04924242424242424,4.0998467694122676
mixed,rgb_hist,17,14,264,0.05303030303030303,3.996371924448608
mixed,rgb_hist,17,15,264,0.056818181818181816,4.092589570482547
mixed,rgb_hist,17,16,264,0.06060606060606061,4.102963700544361
mixed,rgb_hist,17,17,264,0.06439393939393939,3.9459793448656426
mixed,rgb_hist,17,18,264,0.06818181818181818,3.786923732421961
mixed,rgb_hist,17,19,264,0.07196969696969698,3.706758008569631
mixed,rgb_hist,17,20,264,0.07575757575757576,3.8333327367449015
mixed,rgb_hist,17,21,264,0.07954545454545454,3.7600248413571946
mixed,rgb_hist,17,22,264,0.08333333333333333,3.7752433223200352
mixed,rgb_hist,17,23,264,0.08712121212121213,3.675869482022697
mixed,rgb_hist,17,24,264,0.09090909090909091,3.5777821457525736
mixed,rgb_hist,17,25,264,0.0946969696969697,3.689675100870368
mixed,rgb_hist,17,26,264,0.09848484848484848,3.6626207927142196
mixed,rgb_hist,17,27,264,0.10227272727272728,3.591898381144099
mixed,rgb_hist,17,28,264,0.10606060606060606,3.5745438705492556
mixed,rgb_hist,17,29,264,0.10984848484848485,3.477064090996657
mixed,rgb_hist,17,30,264,0.11363636363636363,3.617112399722738
mixed,rgb_hist,17,31,264,0.11742424242424243,3.6669148841329635
mixed,rgb_hist,17,32,264,0.12121212121212122,3.614895626662121
mixed,rgb_hist,17,33,264,0.125,3.574963263268266
mixed,rgb_hist,17,34,264,0.12878787878787878,3.622506420543194
mixed,rgb_hist,17,35,264,0.13257575757575757,3.6270241352792336
mixed,rgb_hist,17,36,264,0.13636363636363635,3.5667075146792135
mixed,rgb_hist,17,37,264,0.14015151515151514,3.6080359732498466
mixed,rgb_hist,17,38,264,0.14393939393939395,3.5506572901915483
mixed,rgb_hist,17,39,264,0.14772727272727273,3.5954010658489275
mixed,rgb_hist,17,40,264,0.15151515151515152,3.5661097734997087
mixed,rgb_hist,17,41,264,0.1553030303030303,3.6050496261380744
mixed,rgb_hist,17,42,264,0.1590909090909091,3.565509739396652
mixed,rgb_hist,17,43,264,0.16287878787878787,3.585029276130369
mixed,rgb_hist,17,44,264,0.16666666666666666,3.6506735274220588
mixed,rgb_hist,17,45,264,0.17045454545454544,3.6105265671847944
mixed,rgb_hist,17,46,264,0.17424242424242425,3.6491889372853556
mixed,rgb_hist,17,47,264,0.17803030303030304,3.6453000831613753
mixed,rgb_hist,17,48,264,0.18181818181818182,3.6159044555861204
mixed,rgb_hist,17,49,264,0.1856060606060606,3.5746765264776066
mixed,rgb_hist,17,50,264,0.1893939393939394,3.5602660596889217
mixed,rgb_hist,17,51,264,0.19318181818181818,3.5095723722057097
mixed,rgb_hist,17,52,264,0.19696969696969696,3.5036903866518347
mixed,rgb_hist,17,53,264,0.20075757575757575,3.5006287250268255
mixed,rgb_hist,17,54,264,0.20454545454545456,3.500475921686737
mixed,rgb_hist,17,55,264,0.20833333333333334,3.502114414461932
mixed,rgb_hist,17,56,264,0.21212121212121213,3.5101803999111354
mixed,rgb_hist,17,57,264,0.2159090909090909,3.4981181824258814
mixed,rgb_hist,17,58,264,0.2196969696969697,3.473986638917055
mixed,rgb_hist,17,59,264,0.22348484848484848,3.472220875742823
mixed,rgb_hist,17,60,264,0.22727272727272727,3.489184574293492
mixed,rgb_hist,17,61,264,0.23106060606060605,3.4601782207158944
mixed,rgb_hist,17,62,264,0.23484848484848486,3.439881220442125
mixed,rgb_hist,17,63,264,0.23863636363636365,3.467477823581915
mixed,rgb_hist,17,64,264,0.24242424242424243,3.43789273139143
mixed,rgb_hist,17,65,264,0.24621212121212122,3.4545283790942873
mixed,rgb_hist,17,66,264,0.25,3.4359409797221896
mixed,rgb_hist,17,67,264,0.2537878787878788,3.504820102599878
mixed,rgb_hist,17,68,264,0.25757575757575757,3.4958448324650386
mixed,rgb_hist,17,69,264,0.26136363636363635,3.476949850852806
mixed,rgb_hist,17,70,264,0.26515151515151514,3.5111133804701042
mixed,rgb_hist,17,71,264,0.2689393939393939,3.4850119584918873
mixed,rgb_hist,17,72,264,0.2727272727272727,3.5138182406876273
mixed,rgb_hist,17,73,264,0.2765151515151515,3.5000140707963947
mixed,rgb_hist,17,74,264,0.2803030303030303,3.4683942620310604
mixed,rgb_hist,17,75,264,0.2840909090909091,3.485093405913327
mixed,rgb_hist,17,76,264,0.2878787878787879,3.496954520202769
mixed,rgb_hist,17,77,264,0.2916666666666667,3.4771218504636474
mixed,rgb_hist,17,78,264,0.29545454545454547,3.466120982078211
mixed,rgb_hist,17,79,264,0.29924242424242425,3.457451911313299
mixed,rgb_hist,17,80,264,0.30303030303030304,3.506316834297728
mixed,rgb_hist,17,81,264,0.3068181818181818,3.4644808800917284
mixed,rgb_hist,17,82,264,0.3106060606060606,3.435309844583727
mixed,rgb_hist,17,83,264,0.3143939393939394,3.430576001039661
mixed,rgb_hist,17,84,264,0.3181818181818182,3.4230999513656
mixed,rgb_hist,17,85,264,0.32196969696969696,3.436257392520642
mixed,rgb_hist,17,86,264,0.32575757575757575,3.451761530874833
mixed,rgb_hist,17,87,264,0.32954545454545453,3.4403285525143255
mixed,rgb_hist,17,88,264,0.3333333333333333,3.460909716658495
mixed,rgb_hist,17,89,264,0.3371212121212121,3.47080886052091
mixed,rgb_hist,17,90,264,0.3409090909090909,3.455878555193103
mixed,rgb_hist,17,91,264,0.3446969696969697,3.440678940428102
mixed,rgb_hist,17,92,264,0.3484848484848485,3.4167977895573975
mixed,rgb_hist,17,93,264,0.3522727272727273,3.480029765468411
mixed,rgb_hist,17,94,264,0.3560606060606061,3.4594634419605272
mixed,rgb_hist,17,95,264,0.35984848484848486,3.460378424577267
mixed,rgb_hist,17,96,264,0.36363636363636365,3.4537884722996766
mixed,rgb_hist,17,97,264,0.36742424242424243,3.442272382648655
mixed,rgb_hist,17,98,264,0.3712121212121212,3.4248536832848
mixed,rgb_hist,17,99,264,0.375,3.4249562547511236
mixed,rgb_hist,17,100,264,0.3787878787878788,3.4466651413245954
mixed,rgb_hist,17,101,264,0.38257575757575757,3.472829976504577
mixed,rgb_hist,17,102,264,0.38636363636363635,3.499895914619045
mixed,rgb_hist,17,103,264,0.39015151515151514,3.506814774558281
mixed,rgb_hist,17,104,264,0.3939393939393939,3.482916977681375
mixed,rgb_hist,17,105,264,0.3977272727272727,3.4919956971373893
mixed,rgb_hist,17,106,264,0.4015151515151515,3.5327791355950886
mixed,rgb_hist,17,107,264,0.4053030303030303,3.515080859987637
mixed,rgb_hist,17,108,264,0.4090909090909091,3.4884056841671596
mixed,rgb_hist,17,109,264,0.4128787878787879,3.4651505903906776
mixed,rgb_hist,17,110,264,0.4166666666666667,3.478255583355594
mixed,rgb_hist,17,111,264,0.42045454545454547,3.46286827495509
mixed,rgb_hist,17,112,264,0.42424242424242425,3.4968060106527625
mixed,rgb_hist,17,113,264,0.42803030303030304,3.49446787653461
mixed,rgb_hist,17,114,264,0.4318181818181818,3.477321236630395
mixed,rgb_hist,17,115,264,0.4356060606060606,3.46223678223759
mixed,rgb_hist,17,116,264,0.4393939393939394,3.449581640058595
mixed,rgb_hist,17,117,264,0.4431818181818182,3.4516358381711183
mixed,rgb_hist,17,118,264,0.44696969696969696,3.489964901092815
mixed,rgb_hist,17,119,264,0.45075757575757575,3.4803288111972854
mixed,rgb_hist,17,120,264,0.45454545454545453,3.4789479414041344
mixed,rgb_hist,17,121,264,0.4583333333333333,3.49418521539212
mixed,rgb_hist,17,122,264,0.4621212121212121,3.5206541774993645
mixed,rgb_hist,17,123,264,0.4659090909090909,3.511653694777285
mixed,rgb_hist,17,124,264,0.4696969696969697,3.5052313152927437
mixed,rgb_hist,17,125,264,0.4734848484848485,3.5145636830576104
mixed,rgb_hist,17,126,264,0.4772727272727273,3.513061315897261
mixed,rgb_hist,17,127,264,0.4810606060606061,3.5315246709816783
mixed,rgb_hist,17,128,264,0.48484848484848486,3.5469928061364397
mixed,rgb_hist,17,129,264,0.48863636363636365,3.5795617289284647
mixed,rgb_hist,17,130,264,0.49242424242424243,3.59181644209103
mixed,rgb_hist,17,131,264,0.4962121212121212,3.588485349020557
mixed,rgb_hist,17,132,264,0.5,3.6131650703971054
mixed,rgb_hist,17,133,264,0.5037878787878788,3.599690120599087
mixed,rgb_hist,17,134,264,0.5075757575757576,3.608490497655946
mixed,rgb_hist,17,135,264,0.5113636363636364,3.586068146637765
mixed,rgb_hist,17,136,264,0.5151515151515151,3.5753493919351382
mixed,rgb_hist,17,137,264,0.5189393939393939,3.5804653111658875
mixed,rgb_hist,17,138,264,0.5227272727272727,3.58747619065788
mixed,rgb_hist,17,139,264,0.5265151515151515,3.594538881558625
mixed,rgb_hist,17,140,264,0.5303030303030303,3.622344149045676
mixed,rgb_hist,17,141,264,0.5340909090909091,3.6423853212603676
mixed,rgb_hist,17,142,264,0.5378787878787878,3.6464051206824095
mixed,rgb_hist,17,143,264,0.5416666666666666,3.6439563057143314
mixed,rgb_hist,17,144,264,0.5454545454545454,3.632105929654492
mixed,rgb_hist,17,145,264,0.5492424242424242,3.627784878077618
mixed,rgb_hist,17,146,264,0.553030303030303,3.61742461952457
mixed,rgb_hist,17,147,264,0.5568181818181818,3.6244560573219706
mixed,rgb_hist,17,148,264,0.5606060606060606,3.622958586560724
mixed,rgb_hist,17,149,264,0.5643939393939394,3.6133069477329287
mixed,rgb_hist,17,150,264,0.5681818181818182,3.593385633220566
mixed,rgb_hist,17,151,264,0.571969696969697,3.5912244950566974
mixed,rgb_hist,17,152,264,0.5757575757575758,3.577883646139411
mixed,rgb_hist,17,153,264,0.5795454545454546,3.5749068910417545
mixed,rgb_hist,17,154,264,0.5833333333333334,3.5625700045310675
mixed,rgb_hist,17,155,264,0.5871212121212122,3.5858397435681333
mixed,rgb_hist,17,156,264,0.5909090909090909,3.575002232820267
mixed,rgb_hist,17,157,264,0.5946969696969697,3.5776935317695058
mixed,rgb_hist,17,158,264,0.5984848484848485,3.568356173914134
mixed,rgb_hist,17,159,264,0.6022727272727273,3.59749966597029
mixed,rgb_hist,17,160,264,0.6060606060606061,3.618088303049455
mixed,rgb_hist,17,161,264,0.6098484848484849,3.6155021101124
mixed,rgb_hist,17,162,264,0.6136363636363636,3.6188917395247775
mixed,rgb_hist,17,163,264,0.6174242424242424,3.6049462768820812
mixed,rgb_hist,17,164,264,0.6212121212121212,3.592580110418276
mixed,rgb_hist,17,165,264,0.625,3.5825944311893037
mixed,rgb_hist,17,166,264,0.6287878787878788,3.596657033465994
mixed,rgb_hist,17,167,264,0.6325757575757576,3.591197724467294
mixed,rgb_hist,17,168,264,0.6363636363636364,3.581227706148076
mixed,rgb_hist,17,169,264,0.6401515151515151,3.5771122650492275
mixed,rgb_hist,17,170,264,0.6439393939393939,3.5837500426349274
mixed,rgb_hist,17,171,264,0.6477272727272727,3.5884137955012916
mixed,rgb_hist,17,172,264,0.6515151515151515,3.5790851199198146
mixed,rgb_hist,17,173,264,0.6553030303030303,3.570121003885861
mixed,rgb_hist,17,174,264,0.6590909090909091,3.5671289112811713
mixed,rgb_hist,17,175,264,0.6628787878787878,3.5801069931186924
mixed,rgb_hist,17,176,264,0.6666666666666666,3.5729790264135413
mixed,rgb_hist,17,177,264,0.6704545454545454,3.57898642852429
mixed,rgb_hist,17,178,264,0.6742424242424242,3.578937121330552
mixed,rgb_hist,17,179,264,0.678030303030303,3.5752214724403037
mixed,rgb_hist,17,180,264,0.6818181818181818,3.5641749876767848
mixed,rgb_hist,17,181,264,0.6856060606060606,3.5676078765621684
mixed,rgb_hist,17,182,264,0.6893939393939394,3.556657646510939
mixed,rgb_hist,17,183,264,0.6931818181818182,3.5567355062105386
mixed,rgb_hist,17,184,264,0.696969696969697,3.5798507954237913
mixed,rgb_hist,17,185,264,0.7007575757575758,3.5872993732297034
mixed,rgb_hist,17,186,264,0.7045454545454546,3.5897600527859357
mixed,rgb_hist,17,187,264,0.7083333333333334,3.6137398235065628
mixed,rgb_hist,17,188,264,0.7121212121212122,3.607606790209283
mixed,rgb_hist,17,189,264,0.7159090909090909,3.611965927917841
mixed,rgb_hist,17,190,264,0.7196969696969697,3.617067807436625
mixed,rgb_hist,17,191,264,0.7234848484848485,3.6336088303291554
mixed,rgb_hist,17,192,264,0.7272727272727273,3.6202135460047042
mixed,rgb_hist,17,193,264,0.7310606060606061,3.6260119410560163
mixed,rgb_hist,17,194,264,0.7348484848484849,3.6593496314857563
mixed,rgb_hist,17,195,264,0.7386363636363636,3.649224368135438
mixed,rgb_hist,17,196,264,0.7424242424242424,3.651693196695985
mixed,rgb_hist,17,197,264,0.7462121212121212,3.6428960122490537
mixed,rgb_hist,17,198,264,0.75,3.628576163296847
mixed,rgb_hist,17,199,264,0.7537878787878788,3.617200820759691
mixed,rgb_hist,17,200,264,0.7575757575757576,3.6081863821019398
mixed,rgb_hist,17,201,264,0.7613636363636364,3.5952751824773608
mixed,rgb_hist,17,202,264,0.7651515151515151,3.585447423638605
mixed,rgb_hist,17,203,264,0.7689393939393939,3.5900779688384703
mixed,rgb_hist,17,204,264,0.7727272727272727,3.586551941106482
mixed,rgb_hist,17,205,264,0.7765151515151515,3.5847554111271003
mixed,rgb_hist,17,206,264,0.7803030303030303,3.579405582155871
mixed,rgb_hist,17,207,264,0.7840909090909091,3.579490407913693
mixed,rgb_hist,17,208,264,0.7878787878787878,3.5919399532443204
mixed,rgb_hist,17,209,264,0.7916666666666666,3.5835468523992073
mixed,rgb_hist,17,210,264,0.7954545454545454,3.5924409650843008
mixed,rgb_hist,17,211,264,0.7992424242424242,3.5828736403381654
mixed,rgb_hist,17,212,264,0.803030303030303,3.5917816627218793
mixed,rgb_hist,17,213,264,0.8068181818181818,3.6086753210006144
mixed,rgb_hist,17,214,264,0.8106060606060606,3.6069280462143856
mixed,rgb_hist,17,215,264,0.8143939393939394,3.602679675880116
mixed,rgb_hist,17,216,264,0.8181818181818182,3.5949115228325037
mixed,rgb_hist,17,217,264,0.821969696969697,3.584115446915208
mixed,rgb_hist,17,218,264,0.8257575757575758,3.5832886833955144
mixed,rgb_hist,17,219,264,0.8295454545454546,3.571441309438114
mixed,rgb_hist,17,220,264,0.8333333333333334,3.569883095417508
mixed,rgb_hist,17,221,264,0.8371212121212122,3.563621223263942
mixed,rgb_hist,17,222,264,0.8409090909090909,3.587998677504034
mixed,rgb_hist,17,223,264,0.8446969696969697,3.5818997136752215
mixed,rgb_hist,17,224,264,0.8484848484848485,3.5852175218275244
mixed,rgb_hist,17,225,264,0.8522727272727273,3.586449100720035
mixed,rgb_hist,17,226,264,0.8560606060606061,3.575819109305148
mixed,rgb_hist,17,227,264,0.8598484848484849,3.5703401229829166
mixed,rgb_hist,17,228,264,0.8636363636363636,3.5727182706237373
mixed,rgb_hist,17,229,264,0.8674242424242424,3.5707120020113257
mixed,rgb_hist,17,230,264,0.8712121212121212,3.5722008318285003
mixed,rgb_hist,17,231,264,0.875,3.571735726329201
mixed,rgb_hist,17,232,264,0.8787878787878788,3.5894223519580324
mixed,rgb_hist,17,233,264,0.8825757575757576,3.5971045783387843
mixed,rgb_hist,17,234,264,0.8863636363636364,3.5852244195721514
mixed,rgb_hist,17,235,264,0.8901515151515151,3.578661641903246
mixed,rgb_hist,17,236,264,0.8939393939393939,3.5690125770965304
mixed,rgb_hist,17,237,264,0.8977272727272727,3.5595230339523534
mixed,rgb_hist,17,238,264,0.9015151515151515,3.5735065521371303
mixed,rgb_hist,17,239,264,0.9053030303030303,3.571618856612713
mixed,rgb_hist,17,240,264,0.9090909090909091,3.5717747985844612
mixed,rgb_hist,17,241,264,0.9128787878787878,3.576244690053903
mixed,rgb_hist,17,242,264,0.9166666666666666,3.5663937187337997
mixed,rgb_hist,17,243,264,0.9204545454545454,3.555566810844133
mixed,rgb_hist,17,244,264,0.9242424242424242,3.5584408554451326
mixed,rgb_hist,17,245,264,0.928030303030303,3.5623549434224766
mixed,rgb_hist,17,246,264,0.9318181818181818,3.590911258436021
mixed,rgb_hist,17,247,264,0.9356060606060606,3.5961524570762755
mixed,rgb_hist,17,248,264,0.9393939393939394,3.593862762797371
mixed,rgb_hist,17,249,264,0.9431818181818182,3.5885843946398666
mixed,rgb_hist,17,250,264,0.946969696969697,3.599991622552188
mixed,rgb_hist,17,251,264,0.9507575757575758,3.5998388055844233
mixed,rgb_hist,17,252,264,0.9545454545454546,3.605495277780599
mixed,rgb_hist,17,253,264,0.9583333333333334,3.616263533351877
mixed,rgb_hist,17,254,264,0.9621212121212122,3.6386348477975208
mixed,rgb_hist,17,255,264,0.9659090909090909,3.644421361282991
mixed,rgb_hist,17,256,264,0.9696969696969697,3.64958414231285
mixed,rgb_hist,17,257,264,0.9734848484848485,3.6390538552602645
mixed,rgb_hist,17,258,264,0.9772727272727273,3.642742751258402
mixed,rgb_hist,17,259,264,0.9810606060606061,3.6459109449634504
mixed,rgb_hist,17,260,264,0.9848484848484849,3.638251947727685
mixed,rgb_hist,17,261,264,0.9886363636363636,3.633605173663298
mixed,rgb_hist,17,262,264,0.9924242424242424,3.634550754254353
mixed,rgb_hist,17,263,264,0.9962121212121212,3.6380402746794465
mixed,rgb_hist,17,264,264,1.0,3.643300291017544
mixed,rgb_hist,29,1,264,0.003787878787878788,8.122517622619549
mixed,rgb_hist,29,2,264,0.007575757575757576,7.011772886132082
mixed,rgb_hist,29,3,264,0.011363636363636364,6.479751204056256
mixed,rgb_hist,29,4,264,0.015151515151515152,5.415857336066587
mixed,rgb_hist,29,5,264,0.01893939393939394,5.215155622050874
mixed,rgb_hist,29,6,264,0.022727272727272728,5.097139075285486
mixed,rgb_hist,29,7,264,0.026515151515151516,4.727053549062193
mixed,rgb_hist,29,8,264,0.030303030303030304,4.673831057827141
mixed,rgb_hist,29,9,264,0.03409090909090909,4.289071095881763
mixed,rgb_hist,29,10,264,0.03787878787878788,4.47323219409815
mixed,rgb_hist,29,11,264,0.041666666666666664,4.256001019355277
mixed,rgb_hist,29,12,264,0.045454545454545456,4.067456403849134
mixed,rgb_hist,29,13,264,0.04924242424242424,4.184020094045049
mixed,rgb_hist,29,14,264,0.05303030303030303,4.120965488299725
mixed,rgb_hist,29,15,264,0.056818181818181816,4.136471121392517
mixed,rgb_hist,29,16,264,0.06060606060606061,4.20914600912411
mixed,rgb_hist,29,17,264,0.06439393939393939,4.133911839107001
mixed,rgb_hist,29,18,264,0.06818181818181818,3.989585075450169
mixed,rgb_hist,29,19,264,0.07196969696969698,3.9039304340985725
mixed,rgb_hist,29,20,264,0.07575757575757576,3.8108225137382377
mixed,rgb_hist,29,21,264,0.07954545454545454,3.7381186782041445
mixed,rgb_hist,29,22,264,0.08333333333333333,3.8476785882663553
mixed,rgb_hist,29,23,264,0.08712121212121213,3.9687921823994023
mixed,rgb_hist,29,24,264,0.09090909090909091,3.9152888250873734
mixed,rgb_hist,29,25,264,0.0946969696969697,3.888782378424781
mixed,rgb_hist,29,26,264,0.09848484848484848,3.973156429015182
mixed,rgb_hist,29,27,264,0.10227272727272728,3.899841167913524
mixed,rgb_hist,29,28,264,0.10606060606060606,3.8563486330558163
mixed,rgb_hist,29,29,264,0.10984848484848485,3.9067141291628915
mixed,rgb_hist,29,30,264,0.11363636363636363,3.8218286629105394
mixed,rgb_hist,29,31,264,0.11742424242424243,3.7480946671219395
mixed,rgb_hist,29,32,264,0.12121212121212122,3.723025254705076
mixed,rgb_hist,29,33,264,0.125,3.6627452843620234
mixed,rgb_hist,29,34,264,0.12878787878787878,3.7795429899465756
mixed,rgb_hist,29,35,264,0.13257575757575757,3.7160694204676497
mixed,rgb_hist,29,36,264,0.13636363636363635,3.7743677100306945
mixed,rgb_hist,29,37,264,0.14015151515151514,3.689835099352105
mixed,rgb_hist,29,38,264,0.14393939393939395,3.649042902104205
mixed,rgb_hist,29,39,264,0.14772727272727273,3.6414301015387527
mixed,rgb_hist,29,40,264,0.15151515151515152,3.69320357851072
mixed,rgb_hist,29,41,264,0.1553030303030303,3.665099068959384
mixed,rgb_hist,29,42,264,0.1590909090909091,3.7329304293109207
mixed,rgb_hist,29,43,264,0.16287878787878787,3.7996768077382947
mixed,rgb_hist,29,44,264,0.16666666666666666,3.8072818037861484
mixed,rgb_hist,29,45,264,0.17045454545454544,3.7705130855167535
mixed,rgb_hist,29,46,264,0.17424242424242425,3.7884420635817735
mixed,rgb_hist,29,47,264,0.17803030303030304,3.74036821725094
mixed,rgb_hist,29,48,264,0.18181818181818182,3.723790227530145
mixed,rgb_hist,29,49,264,0.1856060606060606,3.687416741642172
mixed,rgb_hist,29,50,264,0.1893939393939394,3.738200804721893
mixed,rgb_hist,29,51,264,0.19318181818181818,3.7061796026933673
mixed,rgb_hist,29,52,264,0.19696969696969696,3.690256780823698
mixed,rgb_hist,29,53,264,0.20075757575757575,3.6985243286019474
mixed,rgb_hist,29,54,264,0.20454545454545456,3.7584004659893004
mixed,rgb_hist,29,55,264,0.20833333333333334,3.7630810855954984
mixed,rgb_hist,29,56,264,0.21212121212121213,3.7658554617199775
mixed,rgb_hist,29,57,264,0.2159090909090909,3.783653108543908
mixed,rgb_hist,29,58,264,0.2196969696969697,3.738863855514337
mixed,rgb_hist,29,59,264,0.22348484848484848,3.703853000450291
mixed,rgb_hist,29,60,264,0.22727272727272727,3.698354698708881
mixed,rgb_hist,29,61,264,0.23106060606060605,3.7015221950790247
mixed,rgb_hist,29,62,264,0.23484848484848486,3.6794045192886826
mixed,rgb_hist,29,63,264,0.23863636363636365,3.661896460740734
mixed,rgb_hist,29,64,264,0.24242424242424243,3.6325241926836846
mixed,rgb_hist,29,65,264,0.24621212121212122,3.624367948082634
mixed,rgb_hist,29,66,264,0.25,3.6370767006599816
mixed,rgb_hist,29,67,264,0.2537878787878788,3.605445826586529
mixed,rgb_hist,29,68,264,0.25757575757575757,3.6103992122990998
mixed,rgb_hist,29,69,264,0.26136363636363635,3.6144316768464977
mixed,rgb_hist,29,70,264,0.26515151515151514,3.589328621131132
mixed,rgb_hist,29,71,264,0.2689393939393939,3.579617461380726
mixed,rgb_hist,29,72,264,0.2727272727272727,3.621486677257707
mixed,rgb_hist,29,73,264,0.2765151515151515,3.6566281833706875
mixed,rgb_hist,29,74,264,0.2803030303030303,3.7028042206120158
mixed,rgb_hist,29,75,264,0.2840909090909091,3.7088792639422272
mixed,rgb_hist,29,76,264,0.2878787878787879,3.7078049251273306
mixed,rgb_hist,29,77,264,0.2916666666666667,3.711204345958594
mixed,rgb_hist,29,78,264,0.29545454545454547,3.762516703018172
mixed,rgb_hist,29,79,264,0.29924242424242425,3.8226185788444416
mixed,rgb_hist,29,80,264,0.30303030303030304,3.80097152505165
mixed,rgb_hist,29,81,264,0.3068181818181818,3.7869436624166672
mixed,rgb_hist,29,82,264,0.3106060606060606,3.7611105210743707
mixed,rgb_hist,29,83,264,0.3143939393939394,3.7469710297711374
mixed,rgb_hist,29,84,264,0.3181818181818182,3.762208079223179
mixed,rgb_hist,29,85,264,0.32196969696969696,3.731594329018403
mixed,rgb_hist,29,86,264,0.32575757575757575,3.728913459188168
mixed,rgb_hist,29,87,264,0.32954545454545453,3.7211966371986027
mixed,rgb_hist,29,88,264,0.3333333333333333,3.7625883128137443
mixed,rgb_hist,29,89,264,0.3371212121212121,3.75944859361552
mixed,rgb_hist,29,90,264,0.3409090909090909,3.7619984151162087
mixed,rgb_hist,29,91,264,0.3446969696969697,3.788479333556942
mixed,rgb_hist,29,92,264,0.3484848484848485,3.7760541752385217
mixed,rgb_hist,29,93,264,0.3522727272727273,3.763927492250059
mixed,rgb_hist,29,94,264,0.3560606060606061,3.7673807244350828
mixed,rgb_hist,29,95,264,0.35984848484848486,3.744662275871859
mixed,rgb_hist,29,96,264,0.36363636363636365,3.722805745226786
mixed,rgb_hist,29,97,264,0.36742424242424243,3.7369763745656632
mixed,rgb_hist,29,98,264,0.3712121212121212,3.7492536355248087
mixed,rgb_hist,29,99,264,0.375,3.731410821332276
mixed,rgb_hist,29,100,264,0.3787878787878788,3.7331561605595835
mixed,rgb_hist,29,101,264,0.38257575757575757,3.730562122181833
mixed,rgb_hist,29,102,264,0.38636363636363635,3.7260845280629242
mixed,rgb_hist,29,103,264,0.39015151515151514,3.760963060447794
mixed,rgb_hist,29,104,264,0.3939393939393939,3.7367023105926096
mixed,rgb_hist,29,105,264,0.3977272727272727,3.7159817496497425
mixed,rgb_hist,29,106,264,0.4015151515151515,3.721761073726289
mixed,rgb_hist,29,107,264,0.4053030303030303,3.738809435641983
mixed,rgb_hist,29,108,264,0.4090909090909091,3.73867597261309
mixed,rgb_hist,29,109,264,0.4128787878787879,3.730662630711322
mixed,rgb_hist,29,110,264,0.4166666666666667,3.7030560763589677
mixed,rgb_hist,29,111,264,0.42045454545454547,3.6861032894799006
mixed,rgb_hist,29,112,264,0.42424242424242425,3.6865557955216457
mixed,rgb_hist,29,113,264,0.42803030303030304,3.705722910870767
mixed,rgb_hist,29,114,264,0.4318181818181818,3.6858770722795384
mixed,rgb_hist,29,115,264,0.4356060606060606,3.723137226841594
mixed,rgb_hist,29,116,264,0.4393939393939394,3.740202649624439
mixed,rgb_hist,29,117,264,0.4431818181818182,3.7232809596596645
mixed,rgb_hist,29,118,264,0.44696969696969696,3.7011769509190993
mixed,rgb_hist,29,119,264,0.45075757575757575,3.731752423216731
mixed,rgb_hist,29,120,264,0.45454545454545453,3.7031967519203315
mixed,rgb_hist,29,121,264,0.4583333333333333,3.681354387317735
mixed,rgb_hist,29,122,264,0.4621212121212121,3.6972048401735766
mixed,rgb_hist,29,123,264,0.4659090909090909,3.694669086513206
mixed,rgb_hist,29,124,264,0.4696969696969697,3.688153041294097
mixed,rgb_hist,29,125,264,0.4734848484848485,3.696803795897828
mixed,rgb_hist,29,126,264,0.4772727272727273,3.686429679047417
mixed,rgb_hist,29,127,264,0.4810606060606061,3.705488337855179
mixed,rgb_hist,29,128,264,0.48484848484848486,3.6975682944483785
mixed,rgb_hist,29,129,264,0.48863636363636365,3.7317188227102465
mixed,rgb_hist,29,130,264,0.49242424242424243,3.736441883483543
mixed,rgb_hist,29,131,264,0.4962121212121212,3.7378784790598685
mixed,rgb_hist,29,132,264,0.5,3.735859786171131
mixed,rgb_hist,29,133,264,0.5037878787878788,3.7172121655025347
mixed,rgb_hist,29,134,264,0.5075757575757576,3.6985146371671354
mixed,rgb_hist,29,135,264,0.5113636363636364,3.6763048046496642
mixed,rgb_hist,29,136,264,0.5151515151515151,3.6873575571151838
mixed,rgb_hist,29,137,264,0.5189393939393939,3.677976836063706
mixed,rgb_hist,29,138,264,0.5227272727272727,3.6701837237110255
mixed,rgb_hist,29,139,264,0.5265151515151515,3.6631160660593856
mixed,rgb_hist,29,140,264,0.5303030303030303,3.6444186872210427
mixed,rgb_hist,29,141,264,0.5340909090909091,3.6355298439240475
mixed,rgb_hist,29,142,264,0.5378787878787878,3.6233305523408483
mixed,rgb_hist,29,143,264,0.5416666666666666,3.620205840357494
mixed,rgb_hist,29,144,264,0.5454545454545454,3.623574493356708
mixed,rgb_hist,29,145,264,0.5492424242424242,3.648235002056023
mixed,rgb_hist,29,146,264,0.553030303030303,3.644947327011918
mixed,rgb_hist,29,147,264,0.5568181818181818,3.6817118928057373
mixed,rgb_hist,29,148,264,0.5606060606060606,3.6625100785198996
mixed,rgb_hist,29,149,264,0.5643939393939394,3.6651469463455175
mixed,rgb_hist,29,150,264,0.5681818181818182,3.6676688478859494
mixed,rgb_hist,29,151,264,0.571969696969697,3.666614724560716
mixed,rgb_hist,29,152,264,0.5757575757575758,3.6941645733082416
mixed,rgb_hist,29,153,264,0.5795454545454546,3.693136561338021
mixed,rgb_hist,29,154,264,0.5833333333333334,3.708154522449274
mixed,rgb_hist,29,155,264,0.5871212121212122,3.694509066828313
mixed,rgb_hist,29,156,264,0.5909090909090909,3.688113083919883
mixed,rgb_hist,29,157,264,0.5946969696969697,3.6805958475649
mixed,rgb_hist,29,158,264,0.5984848484848485,3.6716293781420415
mixed,rgb_hist,29,159,264,0.6022727272727273,3.6764919758328145
mixed,rgb_hist,29,160,264,0.6060606060606061,3.6672276077729045
mixed,rgb_hist,29,161,264,0.6098484848484849,3.6571019668062896
mixed,rgb_hist,29,162,264,0.6136363636363636,3.644946750894385
mixed,rgb_hist,29,163,264,0.6174242424242424,3.633112762580633
mixed,rgb_hist,29,164,264,0.6212121212121212,3.638401956302422
mixed,rgb_hist,29,165,264,0.625,3.6375778997162294
mixed,rgb_hist,29,166,264,0.6287878787878788,3.634034506977543
mixed,rgb_hist,29,167,264,0.6325757575757576,3.6381064142865576
mixed,rgb_hist,29,168,264,0.6363636363636364,3.6303279468257585
mixed,rgb_hist,29,169,264,0.6401515151515151,3.627818149545954
mixed,rgb_hist,29,170,264,0.6439393939393939,3.626710126444015
mixed,rgb_hist,29,171,264,0.6477272727272727,3.6373617981661646
mixed,rgb_hist,29,172,264,0.6515151515151515,3.641450628324938
mixed,rgb_hist,29,173,264,0.6553030303030303,3.6554069817394677
mixed,rgb_hist,29,174,264,0.6590909090909091,3.6764144516449653
mixed,rgb_hist,29,175,264,0.6628787878787878,3.667460071723265
mixed,rgb_hist,29,176,264,0.6666666666666666,3.6595407079068094
mixed,rgb_hist,29,177,264,0.6704545454545454,3.6620090352454597
mixed,rgb_hist,29,178,264,0.6742424242424242,3.6734878937742867
mixed,rgb_hist,29,179,264,0.678030303030303,3.707521946941734
mixed,rgb_hist,29,180,264,0.6818181818181818,3.714428610303778
mixed,rgb_hist,29,181,264,0.6856060606060606,3.7081934241122556
mixed,rgb_hist,29,182,264,0.6893939393939394,3.7161719392993673
mixed,rgb_hist,29,183,264,0.6931818181818182,3.7358008528859745
mixed,rgb_hist,29,184,264,0.696969696969697,3.7233325084897584
mixed,rgb_hist,29,185,264,0.7007575757575758,3.7351840208047693
mixed,rgb_hist,29,186,264,0.7045454545454546,3.719616909551225
mixed,rgb_hist,29,187,264,0.7083333333333334,3.7272094903083532
mixed,rgb_hist,29,188,264,0.7121212121212122,3.712758792273935
mixed,rgb_hist,29,189,264,0.7159090909090909,3.705154570533032
mixed,rgb_hist,29,190,264,0.7196969696969697,3.7024346345106367
mixed,rgb_hist,29,191,264,0.7234848484848485,3.6912308943437817
mixed,rgb_hist,29,192,264,0.7272727272727273,3.708159523180196
mixed,rgb_hist,29,193,264,0.7310606060606061,3.69627580771152
mixed,rgb_hist,29,194,264,0.7348484848484849,3.688086065685004
mixed,rgb_hist,29,195,264,0.7386363636363636,3.6839694008740014
mixed,rgb_hist,29,196,264,0.7424242424242424,3.6803215166188927
mixed,rgb_hist,29,197,264,0.7462121212121212,3.697430309226967
mixed,rgb_hist,29,198,264,0.75,3.705464878361299
mixed,rgb_hist,29,199,264,0.7537878787878788,3.6932465003470445
mixed,rgb_hist,29,200,264,0.7575757575757576,3.67981709181319
mixed,rgb_hist,29,201,264,0.7613636363636364,3.6733086954357037
mixed,rgb_hist,29,202,264,0.7651515151515151,3.6639546005323607
mixed,rgb_hist,29,203,264,0.7689393939393939,3.6650649324674562
mixed,rgb_hist,29,204,264,0.7727272727272727,3.6640890865801574
mixed,rgb_hist,29,205,264,0.7765151515151515,3.653372533605402
mixed,rgb_hist,29,206,264,0.7803030303030303,3.653646496102062
mixed,rgb_hist,29,207,264,0.7840909090909091,3.647883894229925
mixed,rgb_hist,29,208,264,0.7878787878787878,3.6560129222661546
mixed,rgb_hist,29,209,264,0.7916666666666666,3.647333820028768
mixed,rgb_hist,29,210,264,0.7954545454545454,3.6537877064613937
mixed,rgb_hist,29,211,264,0.7992424242424242,3.6450249404863335
mixed,rgb_hist,29,212,264,0.803030303030303,3.644824020242342
mixed,rgb_hist,29,213,264,0.8068181818181818,3.6343486867918524
mixed,rgb_hist,29,214,264,0.8106060606060606,3.6344651076979937
mixed,rgb_hist,29,215,264,0.8143939393939394,3.6295575383520853
mixed,rgb_hist,29,216,264,0.8181818181818182,3.62562779052837
mixed,rgb_hist,29,217,264,0.821969696969697,3.6177680293625083
mixed,rgb_hist,29,218,264,0.8257575757575758,3.607675194559632
mixed,rgb_hist,29,219,264,0.8295454545454546,3.5986593812559002
mixed,rgb_hist,29,220,264,0.8333333333333334,3.5963236630159447
mixed,rgb_hist,29,221,264,0.8371212121212122,3.5878797792473107
mixed,rgb_hist,29,222,264,0.8409090909090909,3.6129297895013477
mixed,rgb_hist,29,223,264,0.8446969696969697,3.6252317528449973
mixed,rgb_hist,29,224,264,0.8484848484848485,3.6144128801523583
mixed,rgb_hist,29,225,264,0.8522727272727273,3.6073724371513647
mixed,rgb_hist,29,226,264,0.8560606060606061,3.6083610912626596
mixed,rgb_hist,29,227,264,0.8598484848484849,3.617445078252541
mixed,rgb_hist,29,228,264,0.8636363636363636,3.608822171155799
mixed,rgb_hist,29,229,264,0.8674242424242424,3.6180045357918598
mixed,rgb_hist,29,230,264,0.8712121212121212,3.619629267798906
mixed,rgb_hist,29,231,264,0.875,3.624833280571996
mixed,rgb_hist,29,232,264,0.8787878787878788,3.6198261638250675
mixed,rgb_hist,29,233,264,0.8825757575757576,3.6112405256085625
mixed,rgb_hist,29,234,264,0.8863636363636364,3.6430831379937456
mixed,rgb_hist,29,235,264,0.8901515151515151,3.6373727397726068
mixed,rgb_hist,29,236,264,0.8939393939393939,3.62876021680943
mixed,rgb_hist,29,237,264,0.8977272727272727,3.634309054042647
mixed,rgb_hist,29,238,264,0.9015151515151515,3.6294691487430937
mixed,rgb_hist,29,239,264,0.9053030303030303,3.624766905410845
mixed,rgb_hist,29,240,264,0.9090909090909091,3.6247512778580866
mixed,rgb_hist,29,241,264,0.9128787878787878,3.6473289091007612
mixed,rgb_hist,29,242,264,0.9166666666666666,3.6456965522116636
mixed,rgb_hist,29,243,264,0.9204545454545454,3.638363554852276
mixed,rgb_hist,29,244,264,0.9242424242424242,3.637976272721586
mixed,rgb_hist,29,245,264,0.928030303030303,3.63159374114382
mixed,rgb_hist,29,246,264,0.9318181818181818,3.6317892187139993
mixed,rgb_hist,29,247,264,0.9356060606060606,3.6292098383740314
mixed,rgb_hist,29,248,264,0.9393939393939394,3.6192852863336435
mixed,rgb_hist,29,249,264,0.9431818181818182,3.6185879216998234
mixed,rgb_hist,29,250,264,0.946969696969697,3.625899049694855
mixed,rgb_hist,29,251,264,0.9507575757575758,3.628583256435094
mixed,rgb_hist,29,252,264,0.9545454545454546,3.6230432099377152
mixed,rgb_hist,29,253,264,0.9583333333333334,3.6253014263757852
mixed,rgb_hist,29,254,264,0.9621212121212122,3.6306545391643748
mixed,rgb_hist,29,255,264,0.9659090909090909,3.6430230047955448
mixed,rgb_hist,29,256,264,0.9696969696969697,3.633901137640002
mixed,rgb_hist,29,257,264,0.9734848484848485,3.637594803993149
mixed,rgb_hist,29,258,264,0.9772727272727273,3.6392211041616207
mixed,rgb_hist,29,259,264,0.9810606060606061,3.634845609289128
mixed,rgb_hist,29,260,264,0.9848484848484849,3.652642009834331
mixed,rgb_hist,29,261,264,0.9886363636363636,3.6527770668825954
mixed,rgb_hist,29,262,264,0.9924242424242424,3.6730083701357583
mixed,rgb_hist,29,263,264,0.9962121212121212,3.6665021385748524
mixed,rgb_hist,29,264,264,1.0,3.6643029717702627
mixed,rgb_hist,43,1,264,0.003787878787878788,8.377001901476413
mixed,rgb_hist,43,2,264,0.007575757575757576,5.158610138485371
mixed,rgb_hist,43,3,264,0.011363636363636364,4.026345448210911
mixed,rgb_hist,43,4,264,0.015151515151515152,4.307584410065807
mixed,rgb_hist,43,5,264,0.01893939393939394,4.384199898008963
mixed,rgb_hist,43,6,264,0.022727272727272728,4.032801074118208
mixed,rgb_hist,43,7,264,0.026515151515151516,4.092226948506672
mixed,rgb_hist,43,8,264,0.030303030303030304,4.32218161074292
mixed,rgb_hist,43,9,264,0.03409090909090909,4.041603499776234
mixed,rgb_hist,43,10,264,0.03787878787878788,3.9792716554853262
mixed,rgb_hist,43,11,264,0.041666666666666664,4.020930420242489
mixed,rgb_hist,43,12,264,0.045454545454545456,3.8666176620865986
mixed,rgb_hist,43,13,264,0.04924242424242424,3.850562446418957
mixed,rgb_hist,43,14,264,0.05303030303030303,3.733880820230047
mixed,rgb_hist,43,15,264,0.056818181818181816,3.5424257044071377
mixed,rgb_hist,43,16,264,0.06060606060606061,3.450542666789571
mixed,rgb_hist,43,17,264,0.06439393939393939,3.3381979958382098
mixed,rgb_hist,43,18,264,0.06818181818181818,3.3651319452813993
mixed,rgb_hist,43,19,264,0.07196969696969698,3.2851632557809882
mixed,rgb_hist,43,20,264,0.07575757575757576,3.3370827008137085
mixed,rgb_hist,43,21,264,0.07954545454545454,3.4683494719204178
mixed,rgb_hist,43,22,264,0.08333333333333333,3.597602301629412
mixed,rgb_hist,43,23,264,0.08712121212121213,3.5566489883340484
mixed,rgb_hist,43,24,264,0.09090909090909091,3.4908163741729403
mixed,rgb_hist,43,25,264,0.0946969696969697,3.4715009543219795
mixed,rgb_hist,43,26,264,0.09848484848484848,3.533778168790526
mixed,rgb_hist,43,27,264,0.10227272727272728,3.4765359307133967
mixed,rgb_hist,43,28,264,0.10606060606060606,3.5442151258806556
mixed,rgb_hist,43,29,264,0.10984848484848485,3.4975930418855294
mixed,rgb_hist,43,30,264,0.11363636363636363,3.466072528095911
mixed,rgb_hist,43,31,264,0.11742424242424243,3.431926127139277
mixed,rgb_hist,43,32,264,0.12121212121212122,3.4517055915767516
mixed,rgb_hist,43,33,264,0.125,3.5100816162819344
mixed,rgb_hist,43,34,264,0.12878787878787878,3.4674769775746332
mixed,rgb_hist,43,35,264,0.13257575757575757,3.4228535744630944
mixed,rgb_hist,43,36,264,0.13636363636363635,3.3566501851870205
mixed,rgb_hist,43,37,264,0.14015151515151514,3.324458495723153
mixed,rgb_hist,43,38,264,0.14393939393939395,3.300885117899645
mixed,rgb_hist,43,39,264,0.14772727272727273,3.375141629494012
mixed,rgb_hist,43,40,264,0.15151515151515152,3.3396044880867826
mixed,rgb_hist,43,41,264,0.1553030303030303,3.285578344404288
mixed,rgb_hist,43,42,264,0.1590909090909091,3.2438414637279087
mixed,rgb_hist,43,43,264,0.16287878787878787,3.2313510339344726
mixed,rgb_hist,43,44,264,0.16666666666666666,3.209362081834004
mixed,rgb_hist,43,45,264,0.17045454545454544,3.159597949313469
mixed,rgb_hist,43,46,264,0.17424242424242425,3.2430420051323123
mixed,rgb_hist,43,47,264,0.17803030303030304,3.229201922189891
mixed,rgb_hist,43,48,264,0.18181818181818182,3.2522231678799893
mixed,rgb_hist,43,49,264,0.1856060606060606,3.2892580966992107
mixed,rgb_hist,43,50,264,0.1893939393939394,3.2612412929429877
mixed,rgb_hist,43,51,264,0.19318181818181818,3.2841806289794615
mixed,rgb_hist,43,52,264,0.19696969696969696,3.259591706816548
mixed,rgb_hist,43,53,264,0.20075757575757575,3.231776517848951
mixed,rgb_hist,43,54,264,0.20454545454545456,3.2810725287238465
mixed,rgb_hist,43,55,264,0.20833333333333334,3.2855632787856157
mixed,rgb_hist,43,56,264,0.21212121212121213,3.3696704743789545
mixed,rgb_hist,43,57,264,0.2159090909090909,3.402297559261936
mixed,rgb_hist,43,58,264,0.2196969696969697,3.435629473726998
mixed,rgb_hist,43,59,264,0.22348484848484848,3.521589765595293
mixed,rgb_hist,43,60,264,0.22727272727272727,3.503551012151331
mixed,rgb_hist,43,61,264,0.23106060606060605,3.493466469902976
mixed,rgb_hist,43,62,264,0.23484848484848486,3.483227172611519
mixed,rgb_hist,43,63,264,0.23863636363636365,3.4874127571229763
mixed,rgb_hist,43,64,264,0.24242424242424243,3.516540103764634
mixed,rgb_hist,43,65,264,0.24621212121212122,3.5265477625848347
mixed,rgb_hist,43,66,264,0.25,3.5064987982705746
mixed,rgb_hist,43,67,264,0.2537878787878788,3.5338947905205997
mixed,rgb_hist,43,68,264,0.25757575757575757,3.541964153677989
mixed,rgb_hist,43,69,264,0.26136363636363635,3.556256052200729
mixed,rgb_hist,43,70,264,0.26515151515151514,3.570206081884947
mixed,rgb_hist,43,71,264,0.2689393939393939,3.554325101380311
mixed,rgb_hist,43,72,264,0.2727272727272727,3.6095827408682575
mixed,rgb_hist,43,73,264,0.2765151515151515,3.624685093766609
mixed,rgb_hist,43,74,264,0.2803030303030303,3.6344596593230207
mixed,rgb_hist,43,75,264,0.2840909090909091,3.5998134557653914
mixed,rgb_hist,43,76,264,0.2878787878787879,3.589149206518005
mixed,rgb_hist,43,77,264,0.2916666666666667,3.562788454677483
mixed,rgb_hist,43,78,264,0.29545454545454547,3.5662760502564788
mixed,rgb_hist,43,79,264,0.29924242424242425,3.528060098175862
mixed,rgb_hist,43,80,264,0.30303030303030304,3.5716753530410363
mixed,rgb_hist,43,81,264,0.3068181818181818,3.543506491612105
mixed,rgb_hist,43,82,264,0.3106060606060606,3.516182483896946
mixed,rgb_hist,43,83,264,0.3143939393939394,3.4996239229827695
mixed,rgb_hist,43,84,264,0.3181818181818182,3.50716400551486
mixed,rgb_hist,43,85,264,0.32196969696969696,3.509094751266453
mixed,rgb_hist,43,86,264,0.32575757575757575,3.4729837062566062
mixed,rgb_hist,43,87,264,0.32954545454545453,3.5126618448901064
mixed,rgb_hist,43,88,264,0.3333333333333333,3.4900779014980015
mixed,rgb_hist,43,89,264,0.3371212121212121,3.5075517155562053
mixed,rgb_hist,43,90,264,0.3409090909090909,3.493551410294382
mixed,rgb_hist,43,91,264,0.3446969696969697,3.4855329681188056
mixed,rgb_hist,43,92,264,0.3484848484848485,3.4900440874603444
mixed,rgb_hist,43,93,264,0.3522727272727273,3.490964382298572
mixed,rgb_hist,43,94,264,0.3560606060606061,3.491814497573262
mixed,rgb_hist,43,95,264,0.35984848484848486,3.4763137526208845
mixed,rgb_hist,43,96,264,0.36363636363636365,3.4927419838068006
mixed,rgb_hist,43,97,264,0.36742424242424243,3.4901824843113087
mixed,rgb_hist,43,98,264,0.3712121212121212,3.4820746588813702
mixed,rgb_hist,43,99,264,0.375,3.522703377289793
mixed,rgb_hist,43,100,264,0.3787878787878788,3.505201360691147
mixed,rgb_hist,43,101,264,0.38257575757575757,3.478329979593799
mixed,rgb_hist,43,102,264,0.38636363636363635,3.4843325105850096
mixed,rgb_hist,43,103,264,0.39015151515151514,3.460710025923163
mixed,rgb_hist,43,104,264,0.3939393939393939,3.45942738060625
mixed,rgb_hist,43,105,264,0.3977272727272727,3.4676620955141946
mixed,rgb_hist,43,106,264,0.4015151515151515,3.457185466089486
mixed,rgb_hist,43,107,264,0.4053030303030303,3.450268765444596
mixed,rgb_hist,43,108,264,0.4090909090909091,3.4525567454578976
mixed,rgb_hist,43,109,264,0.4128787878787879,3.4922610212656577
mixed,rgb_hist,43,110,264,0.4166666666666667,3.5017971017283496
mixed,rgb_hist,43,111,264,0.42045454545454547,3.521959401568753
mixed,rgb_hist,43,112,264,0.42424242424242425,3.5298032866484284
mixed,rgb_hist,43,113,264,0.42803030303030304,3.5273637588627835
mixed,rgb_hist,43,114,264,0.4318181818181818,3.5375693517640068
mixed,rgb_hist,43,115,264,0.4356060606060606,3.574052802590686
mixed,rgb_hist,43,116,264,0.4393939393939394,3.6127050864603323
mixed,rgb_hist,43,117,264,0.4431818181818182,3.6054246463711896
mixed,rgb_hist,43,118,264,0.44696969696969696,3.630527513550379
mixed,rgb_hist,43,119,264,0.45075757575757575,3.6244388198589386
mixed,rgb_hist,43,120,264,0.45454545454545453,3.6345794618273923
mixed,rgb_hist,43,121,264,0.4583333333333333,3.6257121438840105
mixed,rgb_hist,43,122,264,0.4621212121212121,3.6291108666711107
mixed,rgb_hist,43,123,264,0.4659090909090909,3.6686902517071496
mixed,rgb_hist,43,124,264,0.4696969696969697,3.6673231589027573
mixed,rgb_hist,43,125,264,0.4734848484848485,3.6576768358146645
mixed,rgb_hist,43,126,264,0.4772727272727273,3.64097296139968
mixed,rgb_hist,43,127,264,0.4810606060606061,3.6440365309810114
mixed,rgb_hist,43,128,264,0.48484848484848486,3.6256186204204472
mixed,rgb_hist,43,129,264,0.48863636363636365,3.6172922587448113
mixed,rgb_hist,43,130,264,0.49242424242424243,3.6094115885620157
mixed,rgb_hist,43,131,264,0.4962121212121212,3.618301256819215
mixed,rgb_hist,43,132,264,0.5,3.599270123656666
mixed,rgb_hist,43,133,264,0.5037878787878788,3.597772378032976
mixed,rgb_hist,43,134,264,0.5075757575757576,3.598705084149694
mixed,rgb_hist,43,135,264,0.5113636363636364,3.5926722920012497
mixed,rgb_hist,43,136,264,0.5151515151515151,3.574665926364246
mixed,rgb_hist,43,137,264,0.5189393939393939,3.5702246166445804
mixed,rgb_hist,43,138,264,0.5227272727272727,3.552498967491573
mixed,rgb_hist,43,139,264,0.5265151515151515,3.542478095419991
mixed,rgb_hist,43,140,264,0.5303030303030303,3.5402660395945165
mixed,rgb_hist,43,141,264,0.5340909090909091,3.5351422269983117
mixed,rgb_hist,43,142,264,0.5378787878787878,3.530681172005759
mixed,rgb_hist,43,143,264,0.5416666666666666,3.5748030527689596
mixed,rgb_hist,43,144,264,0.5454545454545454,3.5639076071567626
mixed,rgb_hist,43,145,264,0.5492424242424242,3.545776752556606
mixed,rgb_hist,43,146,264,0.553030303030303,3.532501535638217
mixed,rgb_hist,43,147,264,0.5568181818181818,3.5239313931319884
mixed,rgb_hist,43,148,264,0.5606060606060606,3.530215768124928
mixed,rgb_hist,43,149,264,0.5643939393939394,3.5493453950614544
mixed,rgb_hist,43,150,264,0.5681818181818182,3.5564769353462347
mixed,rgb_hist,43,151,264,0.571969696969697,3.5475609894765165
mixed,rgb_hist,43,152,264,0.5757575757575758,3.5760988462047543
mixed,rgb_hist,43,153,264,0.5795454545454546,3.563027151518403
mixed,rgb_hist,43,154,264,0.5833333333333334,3.570654839512588
mixed,rgb_hist,43,155,264,0.5871212121212122,3.607732667425579
mixed,rgb_hist,43,156,264,0.5909090909090909,3.62351304181715
mixed,rgb_hist,43,157,264,0.5946969696969697,3.6484802188251835
mixed,rgb_hist,43,158,264,0.5984848484848485,3.639831138389992
mixed,rgb_hist,43,159,264,0.6022727272727273,3.642524750391392
mixed,rgb_hist,43,160,264,0.6060606060606061,3.644928825327014
mixed,rgb_hist,43,161,264,0.6098484848484849,3.6461627684416356
mixed,rgb_hist,43,162,264,0.6136363636363636,3.6622440814563633
mixed,rgb_hist,43,163,264,0.6174242424242424,3.6487582515485206
mixed,rgb_hist,43,164,264,0.6212121212121212,3.6399418042036467
mixed,rgb_hist,43,165,264,0.625,3.6469482286443564
mixed,rgb_hist,43,166,264,0.6287878787878788,3.64329674503984
mixed,rgb_hist,43,167,264,0.6325757575757576,3.6567540608734794
mixed,rgb_hist,43,168,264,0.6363636363636364,3.6449014000724236
mixed,rgb_hist,43,169,264,0.6401515151515151,3.6688433681743926
mixed,rgb_hist,43,170,264,0.6439393939393939,3.681894813433986
mixed,rgb_hist,43,171,264,0.6477272727272727,3.686980086695308
mixed,rgb_hist,43,172,264,0.6515151515151515,3.6836411194530676
mixed,rgb_hist,43,173,264,0.6553030303030303,3.674168474177502
mixed,rgb_hist,43,174,264,0.6590909090909091,3.6683635284819722
mixed,rgb_hist,43,175,264,0.6628787878787878,3.6764162887266867
mixed,rgb_hist,43,176,264,0.6666666666666666,3.6942361775367147
mixed,rgb_hist,43,177,264,0.6704545454545454,3.6929076344681673
mixed,rgb_hist,43,178,264,0.6742424242424242,3.6761375735519577
mixed,rgb_hist,43,179,264,0.678030303030303,3.6630759970184865
mixed,rgb_hist,43,180,264,0.6818181818181818,3.6678171601717793
mixed,rgb_hist,43,181,264,0.6856060606060606,3.667273178884718
mixed,rgb_hist,43,182,264,0.6893939393939394,3.654644717685299
mixed,rgb_hist,43,183,264,0.6931818181818182,3.6385063228844614
mixed,rgb_hist,43,184,264,0.696969696969697,3.6442564901964816
mixed,rgb_hist,43,185,264,0.7007575757575758,3.631387770578044
mixed,rgb_hist,43,186,264,0.7045454545454546,3.623580249023995
mixed,rgb_hist,43,187,264,0.7083333333333334,3.618435162198433
mixed,rgb_hist,43,188,264,0.7121212121212122,3.630703953970967
mixed,rgb_hist,43,189,264,0.7159090909090909,3.624515138289533
mixed,rgb_hist,43,190,264,0.7196969696969697,3.617394108064224
mixed,rgb_hist,43,191,264,0.7234848484848485,3.6212372937574826
mixed,rgb_hist,43,192,264,0.7272727272727273,3.6169442970231773
mixed,rgb_hist,43,193,264,0.7310606060606061,3.6239978840301506
mixed,rgb_hist,43,194,264,0.7348484848484849,3.6112503003502767
mixed,rgb_hist,43,195,264,0.7386363636363636,3.6015993784239644
mixed,rgb_hist,43,196,264,0.7424242424242424,3.6042757776501975
mixed,rgb_hist,43,197,264,0.7462121212121212,3.6087966049076114
mixed,rgb_hist,43,198,264,0.75,3.6112909899044228
mixed,rgb_hist,43,199,264,0.7537878787878788,3.602088252323285
mixed,rgb_hist,43,200,264,0.7575757575757576,3.597557166973029
mixed,rgb_hist,43,201,264,0.7613636363636364,3.6098204622670598
mixed,rgb_hist,43,202,264,0.7651515151515151,3.606981878671851
mixed,rgb_hist,43,203,264,0.7689393939393939,3.5937918604794237
mixed,rgb_hist,43,204,264,0.7727272727272727,3.5952811260756614
mixed,rgb_hist,43,205,264,0.7765151515151515,3.5947393314296576
mixed,rgb_hist,43,206,264,0.7803030303030303,3.6182058867246556
mixed,rgb_hist,43,207,264,0.7840909090909091,3.617319094843554
mixed,rgb_hist,43,208,264,0.7878787878787878,3.613994146622555
mixed,rgb_hist,43,209,264,0.7916666666666666,3.628525390074759
mixed,rgb_hist,43,210,264,0.7954545454545454,3.621362806432765
mixed,rgb_hist,43,211,264,0.7992424242424242,3.625838315856259
mixed,rgb_hist,43,212,264,0.803030303030303,3.6192474970133386
mixed,rgb_hist,43,213,264,0.8068181818181818,3.634143047641025
mixed,rgb_hist,43,214,264,0.8106060606060606,3.624776381303401
mixed,rgb_hist,43,215,264,0.8143939393939394,3.626632855002333
mixed,rgb_hist,43,216,264,0.8181818181818182,3.6141848449918825
mixed,rgb_hist,43,217,264,0.821969696969697,3.6054455020638887
mixed,rgb_hist,43,218,264,0.8257575757575758,3.6303385822192116
mixed,rgb_hist,43,219,264,0.8295454545454546,3.6197880173007615
mixed,rgb_hist,43,220,264,0.8333333333333334,3.613151262879433
mixed,rgb_hist,43,221,264,0.8371212121212122,3.6034755534916343
mixed,rgb_hist,43,222,264,0.8409090909090909,3.5898383872330375
mixed,rgb_hist,43,223,264,0.8446969696969697,3.5820386317010207
mixed,rgb_hist,43,224,264,0.8484848484848485,3.589267816054867
mixed,rgb_hist,43,225,264,0.8522727272727273,3.5859326156965903
mixed,rgb_hist,43,226,264,0.8560606060606061,3.5940313900423315
mixed,rgb_hist,43,227,264,0.8598484848484849,3.6010984966579245
mixed,rgb_hist,43,228,264,0.8636363636363636,3.597107015170607
mixed,rgb_hist,43,229,264,0.8674242424242424,3.5916337380550836
mixed,rgb_hist,43,230,264,0.8712121212121212,3.5848173916948354
mixed,rgb_hist,43,231,264,0.875,3.5755394689359146
mixed,rgb_hist,43,232,264,0.8787878787878788,3.5806416394805427
mixed,rgb_hist,43,233,264,0.8825757575757576,3.5852132934674743
mixed,rgb_hist,43,234,264,0.8863636363636364,3.5767620071829715
mixed,rgb_hist,43,235,264,0.8901515151515151,3.5889563556433557
mixed,rgb_hist,43,236,264,0.8939393939393939,3.62761826508439
mixed,rgb_hist,43,237,264,0.8977272727272727,3.634034110746176
mixed,rgb_hist,43,238,264,0.9015151515151515,3.632301521788332
mixed,rgb_hist,43,239,264,0.9053030303030303,3.6260877080940914
mixed,rgb_hist,43,240,264,0.9090909090909091,3.6261243733507524
mixed,rgb_hist,43,241,264,0.9128787878787878,3.6210833438208545
mixed,rgb_hist,43,242,264,0.9166666666666666,3.6170702224954443
mixed,rgb_hist,43,243,264,0.9204545454545454,3.6148316548934827
mixed,rgb_hist,43,244,264,0.9242424242424242,3.610465910581266
mixed,rgb_hist,43,245,264,0.928030303030303,3.622175179603825
mixed,rgb_hist,43,246,264,0.9318181818181818,3.6186588698418682
mixed,rgb_hist,43,247,264,0.9356060606060606,3.6101606664730417
mixed,rgb_hist,43,248,264,0.9393939393939394,3.6123956991031885
mixed,rgb_hist,43,249,264,0.9431818181818182,3.6150241093057165
mixed,rgb_hist,43,250,264,0.946969696969697,3.6037926183047455
mixed,rgb_hist,43,251,264,0.9507575757575758,3.6288827743469323
mixed,rgb_hist,43,252,264,0.9545454545454546,3.633265574853996
mixed,rgb_hist,43,253,264,0.9583333333333334,3.644668372073603
mixed,rgb_hist,43,254,264,0.9621212121212122,3.646079684084881
mixed,rgb_hist,43,255,264,0.9659090909090909,3.645396256780638
mixed,rgb_hist,43,256,264,0.9696969696969697,3.6472608208778974
mixed,rgb_hist,43,257,264,0.9734848484848485,3.650425336714944
mixed,rgb_hist,43,258,264,0.9772727272727273,3.6413495811741003
mixed,rgb_hist,43,259,264,0.9810606060606061,3.6370275710610533
mixed,rgb_hist,43,260,264,0.9848484848484849,3.633267992206204
mixed,rgb_hist,43,261,264,0.9886363636363636,3.6432911530283927
mixed,rgb_hist,43,262,264,0.9924242424242424,3.6394336611148126
mixed,rgb_hist,43,263,264,0.9962121212121212,3.6531347966171195
mixed,rgb_hist,43,264,264,1.0,3.6443517185198884
