protocol,arm,coverage,mean_delta_e00
mixed,baseline,0.003787878787878788,2.702303282997691
mixed,baseline,0.007575757575757576,3.2003099108326203
mixed,baseline,0.011363636363636364,3.0549797466812567
mixed,baseline,0.015151515151515152,2.7490872751599973
mixed,baseline,0.01893939393939394,2.8076006516765375
mixed,baseline,0.022727272727272728,2.7344536937295594
mixed,baseline,0.026515151515151516,2.646112272786927
mixed,baseline,0.030303030303030304,2.4760051346234255
mixed,baseline,0.03409090909090909,2.574185941784529
mixed,baseline,0.03787878787878788,2.6120054388199203
mixed,baseline,0.041666666666666664,2.7374025768947665
mixed,baseline,0.045454545454545456,2.757880674714105
mixed,baseline,0.04924242424242424,2.8060334858635354
mixed,baseline,0.05303030303030303,2.9784903472803443
mixed,baseline,0.056818181818181816,3.1179490140208266
mixed,baseline,0.06060606060606061,3.2192372284933537
mixed,baseline,0.06439393939393939,3.3989504896398812
mixed,baseline,0.06818181818181818,3.4407498688965057
mixed,baseline,0.07196969696969698,3.4709662152344976
mixed,baseline,0.07575757575757576,3.4939377025508462
mixed,baseline,0.07954545454545454,3.506250769555079
mixed,baseline,0.08333333333333333,3.453729380346413
mixed,baseline,0.08712121212121213,3.4231753252687263
mixed,baseline,0.09090909090909091,3.3718404607939143
mixed,baseline,0.0946969696969697,3.3342890145640407
mixed,baseline,0.09848484848484848,3.3095069080821404
mixed,baseline,0.10227272727272728,3.250156205491353
mixed,baseline,0.10606060606060606,3.2136213334546793
mixed,baseline,0.10984848484848485,3.2291044747035715
mixed,baseline,0.11363636363636363,3.2271572774045345
mixed,baseline,0.11742424242424243,3.2623288635008207
mixed,baseline,0.12121212121212122,3.317473133580998
mixed,baseline,0.125,3.3493269006682804
mixed,baseline,0.12878787878787878,3.3611007516113562
mixed,baseline,0.13257575757575757,3.4140365835180813
mixed,baseline,0.13636363636363635,3.463701916847373
mixed,baseline,0.14015151515151514,3.4155407380353293
mixed,baseline,0.14393939393939395,3.4465024844182324
mixed,baseline,0.14772727272727273,3.4138994215926126
mixed,baseline,0.15151515151515152,3.409273111421271
mixed,baseline,0.1553030303030303,3.353367812329924
mixed,baseline,0.1590909090909091,3.4069674884104995
mixed,baseline,0.16287878787878787,3.401486573958554
mixed,baseline,0.16666666666666666,3.4259998248925747
mixed,baseline,0.17045454545454544,3.404321007415703
mixed,baseline,0.17424242424242425,3.4033626798954444
mixed,baseline,0.17803030303030304,3.4217629365997637
mixed,baseline,0.18181818181818182,3.462833235378143
mixed,baseline,0.1856060606060606,3.4855828969817413
mixed,baseline,0.1893939393939394,3.467528071395279
mixed,baseline,0.19318181818181818,3.4455187897699076
mixed,baseline,0.19696969696969696,3.412778668242929
mixed,baseline,0.20075757575757575,3.3954106811816582
mixed,baseline,0.20454545454545456,3.3849871750028364
mixed,baseline,0.20833333333333334,3.4043227620941554
mixed,baseline,0.21212121212121213,3.437003615690718
mixed,baseline,0.2159090909090909,3.4137675815974524
mixed,baseline,0.2196969696969697,3.3959190286678513
mixed,baseline,0.22348484848484848,3.395518509980352
mixed,baseline,0.22727272727272727,3.402740359269331
mixed,baseline,0.23106060606060605,3.3918846470192783
mixed,baseline,0.23484848484848486,3.3994412988528726
mixed,baseline,0.23863636363636365,3.3847689063027784
mixed,baseline,0.24242424242424243,3.3898118253756775
mixed,baseline,0.24621212121212122,3.3734725853350866
mixed,baseline,0.25,3.395137914260603
mixed,baseline,0.2537878787878788,3.411100804182837
mixed,baseline,0.25757575757575757,3.420715972326182
mixed,baseline,0.26136363636363635,3.4242625595832585
mixed,baseline,0.26515151515151514,3.426338703793478
mixed,baseline,0.2689393939393939,3.4192149520425112
mixed,baseline,0.2727272727272727,3.418314631654841
mixed,baseline,0.2765151515151515,3.429002133469373
mixed,baseline,0.2803030303030303,3.4173954090447505
mixed,baseline,0.2840909090909091,3.4106673726841414
mixed,baseline,0.2878787878787879,3.4221903981665562
mixed,baseline,0.2916666666666667,3.446493344224572
mixed,baseline,0.29545454545454547,3.4196430173614645
mixed,baseline,0.29924242424242425,3.4114690101407255
mixed,baseline,0.30303030303030304,3.4276563407984235
mixed,baseline,0.3068181818181818,3.4167269038134105
mixed,baseline,0.3106060606060606,3.4226350999097552
mixed,baseline,0.3143939393939394,3.420120598307762
mixed,baseline,0.3181818181818182,3.429666735587279
mixed,baseline,0.32196969696969696,3.4277879595403076
mixed,baseline,0.32575757575757575,3.425201428323868
mixed,baseline,0.32954545454545453,3.4300712216456404
mixed,baseline,0.3333333333333333,3.4289897271981107
mixed,baseline,0.3371212121212121,3.411826550234947
mixed,baseline,0.3409090909090909,3.4093553476221516
mixed,baseline,0.3446969696969697,3.4191471299422784
mixed,baseline,0.3484848484848485,3.427558777810449
mixed,baseline,0.3522727272727273,3.419058694926926
mixed,baseline,0.3560606060606061,3.404313303822985
mixed,baseline,0.35984848484848486,3.3994405881815157
mixed,baseline,0.36363636363636365,3.38965398289921
mixed,baseline,0.36742424242424243,3.381671446876131
mixed,baseline,0.3712121212121212,3.3728513445328763
mixed,baseline,0.375,3.371222855502628
mixed,baseline,0.3787878787878788,3.364996114534211
mixed,baseline,0.38257575757575757,3.3639207612889996
mixed,baseline,0.38636363636363635,3.3611895741135993
mixed,baseline,0.39015151515151514,3.3533789803820415
mixed,baseline,0.3939393939393939,3.356560596972726
mixed,baseline,0.3977272727272727,3.3406626938123782
mixed,baseline,0.4015151515151515,3.358016698837608
mixed,baseline,0.4053030303030303,3.356024710929533
mixed,baseline,0.4090909090909091,3.3745587757243185
mixed,baseline,0.4128787878787879,3.3737189897853153
mixed,baseline,0.4166666666666667,3.3906833819618494
mixed,baseline,0.42045454545454547,3.399686808317488
mixed,baseline,0.42424242424242425,3.4033352039351605
mixed,baseline,0.42803030303030304,3.401010022145409
mixed,baseline,0.4318181818181818,3.4122941810199747
mixed,baseline,0.4356060606060606,3.433552951465885
mixed,baseline,0.4393939393939394,3.4286256691553962
mixed,baseline,0.4431818181818182,3.4423886542708195
mixed,baseline,0.44696969696969696,3.4561865814608876
mixed,baseline,0.45075757575757575,3.4683144927459932
mixed,baseline,0.45454545454545453,3.4626224081783614
mixed,baseline,0.4583333333333333,3.4530751375902735
mixed,baseline,0.4621212121212121,3.45853588603487
mixed,baseline,0.4659090909090909,3.449785045051138
mixed,baseline,0.4696969696969697,3.4402458071806774
mixed,baseline,0.4734848484848485,3.4522483974274443
mixed,baseline,0.4772727272727273,3.4618762043873654
mixed,baseline,0.4810606060606061,3.4528797305889225
mixed,baseline,0.48484848484848486,3.4556556201508957
mixed,baseline,0.48863636363636365,3.4442182178047673
mixed,baseline,0.49242424242424243,3.448587262253069
mixed,baseline,0.4962121212121212,3.44682955490269
mixed,baseline,0.5,3.431468189773613
mixed,baseline,0.5037878787878788,3.4261280437242605
mixed,baseline,0.5075757575757576,3.4156297358520544
mixed,baseline,0.5113636363636364,3.4175948762941926
mixed,baseline,0.5151515151515151,3.4191986109283525
mixed,baseline,0.5189393939393939,3.4089812314701624
mixed,baseline,0.5227272727272727,3.4003503538671342
mixed,baseline,0.5265151515151515,3.4081602145166623
mixed,baseline,0.5303030303030303,3.42775758664988
mixed,baseline,0.5340909090909091,3.4269404729618365
mixed,baseline,0.5378787878787878,3.4290117874811714
mixed,baseline,0.5416666666666666,3.4321424917709713
mixed,baseline,0.5454545454545454,3.435247813653834
mixed,baseline,0.5492424242424242,3.432220096703506
mixed,baseline,0.553030303030303,3.446250047229388
mixed,baseline,0.5568181818181818,3.4449797367092265
mixed,baseline,0.5606060606060606,3.4462248731372704
mixed,baseline,0.5643939393939394,3.44709675228347
mixed,baseline,0.5681818181818182,3.4562927197468167
mixed,baseline,0.571969696969697,3.4474538220623394
mixed,baseline,0.5757575757575758,3.452057342197565
mixed,baseline,0.5795454545454546,3.4431994137274677
mixed,baseline,0.5833333333333334,3.4540424791633106
mixed,baseline,0.5871212121212122,3.459681462650058
mixed,baseline,0.5909090909090909,3.449626983533847
mixed,baseline,0.5946969696969697,3.448356526268436
mixed,baseline,0.5984848484848485,3.4526592609267293
mixed,baseline,0.6022727272727273,3.444962928088254
mixed,baseline,0.6060606060606061,3.440608299156649
mixed,baseline,0.6098484848484849,3.441529700743675
mixed,baseline,0.6136363636363636,3.440259376385129
mixed,baseline,0.6174242424242424,3.4628108039286203
mixed,baseline,0.6212121212121212,3.4664201926892857
mixed,baseline,0.625,3.4673318836707185
mixed,baseline,0.6287878787878788,3.487934217882506
mixed,baseline,0.6325757575757576,3.4899155436855227
mixed,baseline,0.6363636363636364,3.485511317114242
mixed,baseline,0.6401515151515151,3.4842725319003844
mixed,baseline,0.6439393939393939,3.4772457765344704
mixed,baseline,0.6477272727272727,3.4739099416828005
mixed,baseline,0.6515151515151515,3.4694831174308782
mixed,baseline,0.6553030303030303,3.472626095257309
mixed,baseline,0.6590909090909091,3.466535458905738
mixed,baseline,0.6628787878787878,3.459324806608483
mixed,baseline,0.6666666666666666,3.459287470183941
mixed,baseline,0.6704545454545454,3.4533029657342826
mixed,baseline,0.6742424242424242,3.4531660416598324
mixed,baseline,0.678030303030303,3.460736398716586
mixed,baseline,0.6818181818181818,3.4597097817664744
mixed,baseline,0.6856060606060606,3.456443482318413
mixed,baseline,0.6893939393939394,3.4620874449576537
mixed,baseline,0.6931818181818182,3.454603527121559
mixed,baseline,0.696969696969697,3.4513426003894985
mixed,baseline,0.7007575757575758,3.442592410206146
mixed,baseline,0.7045454545454546,3.432690411090435
mixed,baseline,0.7083333333333334,3.432373896667718
mixed,baseline,0.7121212121212122,3.4347034849265783
mixed,baseline,0.7159090909090909,3.428237086251718
mixed,baseline,0.7196969696969697,3.4296262597536487
mixed,baseline,0.7234848484848485,3.437079354052424
mixed,baseline,0.7272727272727273,3.4339727508625892
mixed,baseline,0.7310606060606061,3.436729333256714
mixed,baseline,0.7348484848484849,3.4373119873301037
mixed,baseline,0.7386363636363636,3.433606136423633
mixed,baseline,0.7424242424242424,3.4470666203792852
mixed,baseline,0.7462121212121212,3.447390903262761
mixed,baseline,0.75,3.4595713444696297
mixed,baseline,0.7537878787878788,3.465100146038844
mixed,baseline,0.7575757575757576,3.4550267601874816
mixed,baseline,0.7613636363636364,3.445683191736881
mixed,baseline,0.7651515151515151,3.444904187462459
mixed,baseline,0.7689393939393939,3.448397572614438
mixed,baseline,0.7727272727272727,3.447288122400412
mixed,baseline,0.7765151515151515,3.445981061615005
mixed,baseline,0.7803030303030303,3.442673866860712
mixed,baseline,0.7840909090909091,3.4529836381531247
mixed,baseline,0.7878787878787878,3.4530608509342673
mixed,baseline,0.7916666666666666,3.4466774427997215
mixed,baseline,0.7954545454545454,3.4427541898957954
mixed,baseline,0.7992424242424242,3.444195630956825
mixed,baseline,0.803030303030303,3.440678354479308
mixed,baseline,0.8068181818181818,3.43233727153617
mixed,baseline,0.8106060606060606,3.426472793683171
mixed,baseline,0.8143939393939394,3.4310861072795316
mixed,baseline,0.8181818181818182,3.4265010687588835
mixed,baseline,0.821969696969697,3.416594261907759
mixed,baseline,0.8257575757575758,3.42693244773197
mixed,baseline,0.8295454545454546,3.427613808524278
mixed,baseline,0.8333333333333334,3.437270183335377
mixed,baseline,0.8371212121212122,3.4343676745622305
mixed,baseline,0.8409090909090909,3.4348497886690965
mixed,baseline,0.8446969696969697,3.435507483820787
mixed,baseline,0.8484848484848485,3.425431284601867
mixed,baseline,0.8522727272727273,3.4239209668808983
mixed,baseline,0.8560606060606061,3.4316405917815267
mixed,baseline,0.8598484848484849,3.431269829836881
mixed,baseline,0.8636363636363636,3.436209897648165
mixed,baseline,0.8674242424242424,3.436585630191034
mixed,baseline,0.8712121212121212,3.4326432354638556
mixed,baseline,0.875,3.4366525086130264
mixed,baseline,0.8787878787878788,3.4314786970134405
mixed,baseline,0.8825757575757576,3.4289758401701818
mixed,baseline,0.8863636363636364,3.433451851919967
mixed,baseline,0.8901515151515151,3.4338690842700585
mixed,baseline,0.8939393939393939,3.4291774612806107
mixed,baseline,0.8977272727272727,3.4235523368861327
mixed,baseline,0.9015151515151515,3.4208608191533934
mixed,baseline,0.9053030303030303,3.421719688097442
mixed,baseline,0.9090909090909091,3.417326018523735
mixed,baseline,0.9128787878787878,3.4155987553611618
mixed,baseline,0.9166666666666666,3.412179543324443
mixed,baseline,0.9204545454545454,3.410027634069094
mixed,baseline,0.9242424242424242,3.421710419245882
mixed,baseline,0.928030303030303,3.4257644347766267
mixed,baseline,0.9318181818181818,3.421309751586257
mixed,baseline,0.9356060606060606,3.423319384868161
mixed,baseline,0.9393939393939394,3.425365460995033
mixed,baseline,0.9431818181818182,3.4230176983685934
mixed,baseline,0.946969696969697,3.4211711427906892
mixed,baseline,0.9507575757575758,3.4150382413859757
mixed,baseline,0.9545454545454546,3.4273343075874947
mixed,baseline,0.9583333333333334,3.431268567778261
mixed,baseline,0.9621212121212122,3.436329591758666
mixed,baseline,0.9659090909090909,3.4336126189903955
mixed,baseline,0.9696969696969697,3.4302842958484026
mixed,baseline,0.9734848484848485,3.4305644641093243
mixed,baseline,0.9772727272727273,3.432441944521598
mixed,baseline,0.9810606060606061,3.434366351091523
mixed,baseline,0.9848484848484849,3.4329666300852
mixed,baseline,0.9886363636363636,3.4348787357368686
mixed,baseline,0.9924242424242424,3.439381152513466
mixed,baseline,0.9962121212121212,3.4416648935810734
mixed,baseline,1.0,3.4405959189021242
mixed,self_bootstrap,0.003787878787878788,3.850944371032007
mixed,self_bootstrap,0.007575757575757576,3.832283576787834
mixed,self_bootstrap,0.011363636363636364,3.5924369368352687
mixed,self_bootstrap,0.015151515151515152,3.2783285897903425
mixed,self_bootstrap,0.01893939393939394,3.219204248550336
mixed,self_bootstrap,0.022727272727272728,3.0212601179679655
mixed,self_bootstrap,0.026515151515151516,2.897241287848786
mixed,self_bootstrap,0.030303030303030304,2.854984419399664
mixed,self_bootstrap,0.03409090909090909,2.9457242526983003
mixed,self_bootstrap,0.03787878787878788,3.0218210868290267
mixed,self_bootstrap,0.041666666666666664,3.085607786126644
mixed,self_bootstrap,0.045454545454545456,3.1866595044313013
mixed,self_bootstrap,0.04924242424242424,3.2821253211083055
mixed,self_bootstrap,0.05303030303030303,3.294936192653443
mixed,self_bootstrap,0.056818181818181816,3.4042794170302777
mixed,self_bootstrap,0.06060606060606061,3.504263338248361
mixed,self_bootstrap,0.06439393939393939,3.488248034392157
mixed,self_bootstrap,0.06818181818181818,3.465374124948602
mixed,self_bootstrap,0.07196969696969698,3.43107560713444
mixed,self_bootstrap,0.07575757575757576,3.396984419312574
mixed,self_bootstrap,0.07954545454545454,3.4663700204957517
mixed,self_bootstrap,0.08333333333333333,3.468688241117263
mixed,self_bootstrap,0.08712121212121213,3.4552102782163217
mixed,self_bootstrap,0.09090909090909091,3.4303180719255697
mixed,self_bootstrap,0.0946969696969697,3.440551024054491
mixed,self_bootstrap,0.09848484848484848,3.3793627843302563
mixed,self_bootstrap,0.10227272727272728,3.2908327547175626
mixed,self_bootstrap,0.10606060606060606,3.317261428538238
mixed,self_bootstrap,0.10984848484848485,3.3336852722926764
mixed,self_bootstrap,0.11363636363636363,3.3316635973328883
mixed,self_bootstrap,0.11742424242424243,3.343372814161249
mixed,self_bootstrap,0.12121212121212122,3.3443496597422873
mixed,self_bootstrap,0.125,3.3523647117296953
mixed,self_bootstrap,0.12878787878787878,3.3059485795506873
mixed,self_bootstrap,0.13257575757575757,3.335293219380729
mixed,self_bootstrap,0.13636363636363635,3.3405914575464
mixed,self_bootstrap,0.14015151515151514,3.413150394486254
mixed,self_bootstrap,0.14393939393939395,3.483215023776387
mixed,self_bootstrap,0.14772727272727273,3.478017949717184
mixed,self_bootstrap,0.15151515151515152,3.4327841793387166
mixed,self_bootstrap,0.1553030303030303,3.4498954737026586
mixed,self_bootstrap,0.1590909090909091,3.394955623420247
mixed,self_bootstrap,0.16287878787878787,3.3908395243675202
mixed,self_bootstrap,0.16666666666666666,3.387418542484205
mixed,self_bootstrap,0.17045454545454544,3.4099458832816123
mixed,self_bootstrap,0.17424242424242425,3.4072565309083647
mixed,self_bootstrap,0.17803030303030304,3.4102900955118653
mixed,self_bootstrap,0.18181818181818182,3.390604254006666
mixed,self_bootstrap,0.1856060606060606,3.3810098297976103
mixed,self_bootstrap,0.1893939393939394,3.3831828594601965
mixed,self_bootstrap,0.19318181818181818,3.3813276181145038
mixed,self_bootstrap,0.19696969696969696,3.36334254554221
mixed,self_bootstrap,0.20075757575757575,3.3880543085393477
mixed,self_bootstrap,0.20454545454545456,3.395770719491839
mixed,self_bootstrap,0.20833333333333334,3.382575566881989
mixed,self_bootstrap,0.21212121212121213,3.401968755782203
mixed,self_bootstrap,0.2159090909090909,3.4257621323980056
mixed,self_bootstrap,0.2196969696969697,3.410138363061184
mixed,self_bootstrap,0.22348484848484848,3.3996941493859225
mixed,self_bootstrap,0.22727272727272727,3.3944383946106567
mixed,self_bootstrap,0.23106060606060605,3.3940331305504348
mixed,self_bootstrap,0.23484848484848486,3.4093205927503107
mixed,self_bootstrap,0.23863636363636365,3.4022717120196186
mixed,self_bootstrap,0.24242424242424243,3.406443855220731
mixed,self_bootstrap,0.24621212121212122,3.3836652684213853
mixed,self_bootstrap,0.25,3.384176385207003
mixed,self_bootstrap,0.2537878787878788,3.4131954256914185
mixed,self_bootstrap,0.25757575757575757,3.3893951421172246
mixed,self_bootstrap,0.26136363636363635,3.3671608141892633
mixed,self_bootstrap,0.26515151515151514,3.3840368268211987
mixed,self_bootstrap,0.2689393939393939,3.4008387108777858
mixed,self_bootstrap,0.2727272727272727,3.4000849728687137
mixed,self_bootstrap,0.2765151515151515,3.40590618949865
mixed,self_bootstrap,0.2803030303030303,3.4221473223731516
mixed,self_bootstrap,0.2840909090909091,3.4262504892249677
mixed,self_bootstrap,0.2878787878787879,3.441706924560314
mixed,self_bootstrap,0.2916666666666667,3.454157333748448
mixed,self_bootstrap,0.29545454545454547,3.4450518954179774
mixed,self_bootstrap,0.29924242424242425,3.463250311072626
mixed,self_bootstrap,0.30303030303030304,3.4607495393992136
mixed,self_bootstrap,0.3068181818181818,3.433533107483241
mixed,self_bootstrap,0.3106060606060606,3.415851882651433
mixed,self_bootstrap,0.3143939393939394,3.417576462575252
mixed,self_bootstrap,0.3181818181818182,3.410526697932037
mixed,self_bootstrap,0.32196969696969696,3.3931141037206705
mixed,self_bootstrap,0.32575757575757575,3.3859474788310053
mixed,self_bootstrap,0.32954545454545453,3.405514008023697
mixed,self_bootstrap,0.3333333333333333,3.3998255329239373
mixed,self_bootstrap,0.3371212121212121,3.4082788242788493
mixed,self_bootstrap,0.3409090909090909,3.4377347808834564
mixed,self_bootstrap,0.3446969696969697,3.4389297621506754
mixed,self_bootstrap,0.3484848484848485,3.4213660446578302
mixed,self_bootstrap,0.3522727272727273,3.432184521035167
mixed,self_bootstrap,0.3560606060606061,3.430854386633129
mixed,self_bootstrap,0.35984848484848486,3.4263199705114036
mixed,self_bootstrap,0.36363636363636365,3.4074443120529794
mixed,self_bootstrap,0.36742424242424243,3.412343396958267
mixed,self_bootstrap,0.3712121212121212,3.405383777049394
mixed,self_bootstrap,0.375,3.4017398012680364
mixed,self_bootstrap,0.3787878787878788,3.407595888069651
mixed,self_bootstrap,0.38257575757575757,3.4002155635108022
mixed,self_bootstrap,0.38636363636363635,3.425655680518274
mixed,self_bootstrap,0.39015151515151514,3.4092347988913545
mixed,self_bootstrap,0.3939393939393939,3.4234048663626915
mixed,self_bootstrap,0.3977272727272727,3.4475994955526326
mixed,self_bootstrap,0.4015151515151515,3.4397865827845275
mixed,self_bootstrap,0.4053030303030303,3.4551906152366656
mixed,self_bootstrap,0.4090909090909091,3.4626025793922124
mixed,self_bootstrap,0.4128787878787879,3.469754122355905
mixed,self_bootstrap,0.4166666666666667,3.4804691718690357
mixed,self_bootstrap,0.42045454545454547,3.4922765826410944
mixed,self_bootstrap,0.42424242424242425,3.4754925562387413
mixed,self_bootstrap,0.42803030303030304,3.501233470382161
mixed,self_bootstrap,0.4318181818181818,3.5072337907248823
mixed,self_bootstrap,0.4356060606060606,3.491112811603092
mixed,self_bootstrap,0.4393939393939394,3.484653623153753
mixed,self_bootstrap,0.4431818181818182,3.4864941399471356
mixed,self_bootstrap,0.44696969696969696,3.4713900863267835
mixed,self_bootstrap,0.45075757575757575,3.4722872934015285
mixed,self_bootstrap,0.45454545454545453,3.460260166705988
mixed,self_bootstrap,0.4583333333333333,3.467588553088427
mixed,self_bootstrap,0.4621212121212121,3.4545876740173314
mixed,self_bootstrap,0.4659090909090909,3.4500459986406056
mixed,self_bootstrap,0.4696969696969697,3.445072795610651
mixed,self_bootstrap,0.4734848484848485,3.450338997045541
mixed,self_bootstrap,0.4772727272727273,3.445434918725145
mixed,self_bootstrap,0.4810606060606061,3.451716359877467
mixed,self_bootstrap,0.48484848484848486,3.452422820986474
mixed,self_bootstrap,0.48863636363636365,3.4552938244298463
mixed,self_bootstrap,0.49242424242424243,3.4440650015567407
mixed,self_bootstrap,0.4962121212121212,3.43765620320834
mixed,self_bootstrap,0.5,3.4414130146064097
mixed,self_bootstrap,0.5037878787878788,3.429209904503413
mixed,self_bootstrap,0.5075757575757576,3.4245197325854
mixed,self_bootstrap,0.5113636363636364,3.4099241440818733
mixed,self_bootstrap,0.5151515151515151,3.4175294877323843
mixed,self_bootstrap,0.5189393939393939,3.4160453027613307
mixed,self_bootstrap,0.5227272727272727,3.417343702658568
mixed,self_bootstrap,0.5265151515151515,3.42780793854031
mixed,self_bootstrap,0.5303030303030303,3.420505145410001
mixed,self_bootstrap,0.5340909090909091,3.4327917916284973
mixed,self_bootstrap,0.5378787878787878,3.4330586023224305
mixed,self_bootstrap,0.5416666666666666,3.4241442527538855
mixed,self_bootstrap,0.5454545454545454,3.413569115114219
mixed,self_bootstrap,0.5492424242424242,3.413151640854623
mixed,self_bootstrap,0.553030303030303,3.4210322453471664
mixed,self_bootstrap,0.5568181818181818,3.4245592780191245
mixed,self_bootstrap,0.5606060606060606,3.439006456040674
mixed,self_bootstrap,0.5643939393939394,3.4313267200546154
mixed,self_bootstrap,0.5681818181818182,3.432480050123773
mixed,self_bootstrap,0.571969696969697,3.434836878071462
mixed,self_bootstrap,0.5757575757575758,3.439399910285804
mixed,self_bootstrap,0.5795454545454546,3.434357886361058
mixed,self_bootstrap,0.5833333333333334,3.4384252063982657
mixed,self_bootstrap,0.5871212121212122,3.4468838119452063
mixed,self_bootstrap,0.5909090909090909,3.4413373348792065
mixed,self_bootstrap,0.5946969696969697,3.434507547608049
mixed,self_bootstrap,0.5984848484848485,3.43658623770416
mixed,self_bootstrap,0.6022727272727273,3.4501055860205363
mixed,self_bootstrap,0.6060606060606061,3.4529626644423708
mixed,self_bootstrap,0.6098484848484849,3.4445206900270695
mixed,self_bootstrap,0.6136363636363636,3.4462739947084593
mixed,self_bootstrap,0.6174242424242424,3.435098128463647
mixed,self_bootstrap,0.6212121212121212,3.4249154407327977
mixed,self_bootstrap,0.625,3.4424128221064385
mixed,self_bootstrap,0.6287878787878788,3.4332282601564095
mixed,self_bootstrap,0.6325757575757576,3.441689415321168
mixed,self_bootstrap,0.6363636363636364,3.4398731200749055
mixed,self_bootstrap,0.6401515151515151,3.4376202404863663
mixed,self_bootstrap,0.6439393939393939,3.445863950587553
mixed,self_bootstrap,0.6477272727272727,3.449919754202707
mixed,self_bootstrap,0.6515151515151515,3.4527201392106583
mixed,self_bootstrap,0.6553030303030303,3.444231766595171
mixed,self_bootstrap,0.6590909090909091,3.43549454542184
mixed,self_bootstrap,0.6628787878787878,3.429803351436313
mixed,self_bootstrap,0.6666666666666666,3.4348632730788236
mixed,self_bootstrap,0.6704545454545454,3.439899896240274
mixed,self_bootstrap,0.6742424242424242,3.440692275371751
mixed,self_bootstrap,0.678030303030303,3.439536437032853
mixed,self_bootstrap,0.6818181818181818,3.4388499953034937
mixed,self_bootstrap,0.6856060606060606,3.4385107520273177
mixed,self_bootstrap,0.6893939393939394,3.4398238479459096
mixed,self_bootstrap,0.6931818181818182,3.4406791106166827
mixed,self_bootstrap,0.696969696969697,3.4483842786628713
mixed,self_bootstrap,0.7007575757575758,3.4492553497031686
mixed,self_bootstrap,0.7045454545454546,3.441808733969643
mixed,self_bootstrap,0.7083333333333334,3.431054243135328
mixed,self_bootstrap,0.7121212121212122,3.448174415705576
mixed,self_bootstrap,0.7159090909090909,3.4474229971802033
mixed,self_bootstrap,0.7196969696969697,3.448328909799369
mixed,self_bootstrap,0.7234848484848485,3.4425793836403273
mixed,self_bootstrap,0.7272727272727273,3.4384892960152142
mixed,self_bootstrap,0.7310606060606061,3.434361906298205
mixed,self_bootstrap,0.7348484848484849,3.428394639826898
mixed,self_bootstrap,0.7386363636363636,3.4344790049414002
mixed,self_bootstrap,0.7424242424242424,3.4360903189469227
mixed,self_bootstrap,0.7462121212121212,3.428898348051137
mixed,self_bootstrap,0.75,3.4180448935219747
mixed,self_bootstrap,0.7537878787878788,3.4271570380806007
mixed,self_bootstrap,0.7575757575757576,3.4192604478897413
mixed,self_bootstrap,0.7613636363636364,3.4099282111323306
mixed,self_bootstrap,0.7651515151515151,3.4155574498303145
mixed,self_bootstrap,0.7689393939393939,3.4061899610225854
mixed,self_bootstrap,0.7727272727272727,3.4005594120204194
mixed,self_bootstrap,0.7765151515151515,3.3994565434443387
mixed,self_bootstrap,0.7803030303030303,3.4024639710240856
mixed,self_bootstrap,0.7840909090909091,3.401759591347924
mixed,self_bootstrap,0.7878787878787878,3.4006210602793865
mixed,self_bootstrap,0.7916666666666666,3.397159112828824
mixed,self_bootstrap,0.7954545454545454,3.393092859053681
mixed,self_bootstrap,0.7992424242424242,3.3942163934876355
mixed,self_bootstrap,0.803030303030303,3.3923342963944467
mixed,self_bootstrap,0.8068181818181818,3.4108477406938325
mixed,self_bootstrap,0.8106060606060606,3.4125487801564307
mixed,self_bootstrap,0.8143939393939394,3.4101724565855047
mixed,self_bootstrap,0.8181818181818182,3.4100475170188713
mixed,self_bootstrap,0.821969696969697,3.409579215309694
mixed,self_bootstrap,0.8257575757575758,3.4076991616084817
mixed,self_bootstrap,0.8295454545454546,3.4121599945806502
mixed,self_bootstrap,0.8333333333333334,3.4119550590499585
mixed,self_bootstrap,0.8371212121212122,3.411425042466714
mixed,self_bootstrap,0.8409090909090909,3.4083847707202763
mixed,self_bootstrap,0.8446969696969697,3.4080705095381187
mixed,self_bootstrap,0.8484848484848485,3.4119337613588194
mixed,self_bootstrap,0.8522727272727273,3.41582506083269
mixed,self_bootstrap,0.8560606060606061,3.4228114971320625
mixed,self_bootstrap,0.8598484848484849,3.416720625724642
mixed,self_bootstrap,0.8636363636363636,3.4167691360425962
mixed,self_bootstrap,0.8674242424242424,3.411349403958587
mixed,self_bootstrap,0.8712121212121212,3.4146405396488624
mixed,self_bootstrap,0.875,3.4108361533929634
mixed,self_bootstrap,0.8787878787878788,3.40846296949479
mixed,self_bootstrap,0.8825757575757576,3.404816059623775
mixed,self_bootstrap,0.8863636363636364,3.3987563454689806
mixed,self_bootstrap,0.8901515151515151,3.406390777610754
mixed,self_bootstrap,0.8939393939393939,3.4079256341994886
mixed,self_bootstrap,0.8977272727272727,3.4148026113877106
mixed,self_bootstrap,0.9015151515151515,3.415297182575365
mixed,self_bootstrap,0.9053030303030303,3.4146783174143263
mixed,self_bootstrap,0.9090909090909091,3.4144913895204065
mixed,self_bootstrap,0.9128787878787878,3.4146855172086332
mixed,self_bootstrap,0.9166666666666666,3.420389444160462
mixed,self_bootstrap,0.9204545454545454,3.4275259829311757
mixed,self_bootstrap,0.9242424242424242,3.4303308168786804
mixed,self_bootstrap,0.928030303030303,3.426533169673148
mixed,self_bootstrap,0.9318181818181818,3.428521776069129
mixed,self_bootstrap,0.9356060606060606,3.427439292965111
mixed,self_bootstrap,0.9393939393939394,3.426462763422016
mixed,self_bootstrap,0.9431818181818182,3.4230832720465187
mixed,self_bootstrap,0.946969696969697,3.4185875096252007
mixed,self_bootstrap,0.9507575757575758,3.424650616795427
mixed,self_bootstrap,0.9545454545454546,3.4355855826169215
mixed,self_bootstrap,0.9583333333333334,3.438431720298491
mixed,self_bootstrap,0.9621212121212122,3.435494700759053
mixed,self_bootstrap,0.9659090909090909,3.434687628208144
mixed,self_bootstrap,0.9696969696969697,3.4333407069936634
mixed,self_bootstrap,0.9734848484848485,3.4464578253430815
mixed,self_bootstrap,0.9772727272727273,3.4450026103047673
mixed,self_bootstrap,0.9810606060606061,3.440458546684484
mixed,self_bootstrap,0.9848484848484849,3.437912848694847
mixed,self_bootstrap,0.9886363636363636,3.442992531173583
mixed,self_bootstrap,0.9924242424242424,3.4473221786721844
mixed,self_bootstrap,0.9962121212121212,3.4505435498022385
mixed,self_bootstrap,1.0,3.4508995547741272
mixed,soft_mode_control,0.003787878787878788,4.130487499918834
mixed,soft_mode_control,0.007575757575757576,3.0951233730427865
mixed,soft_mode_control,0.011363636363636364,3.0994227990076886
mixed,soft_mode_control,0.015151515151515152,2.883985415937909
mixed,soft_mode_control,0.01893939393939394,2.8247136766254393
mixed,soft_mode_control,0.022727272727272728,2.7595141648174564
mixed,soft_mode_control,0.026515151515151516,2.9464052957045372
mixed,soft_mode_control,0.030303030303030304,3.052735648673449
mixed,soft_mode_control,0.03409090909090909,3.085397020270824
mixed,soft_mode_control,0.03787878787878788,3.0110142105453725
mixed,soft_mode_control,0.041666666666666664,3.1854476938267613
mixed,soft_mode_control,0.045454545454545456,3.1189060429598197
mixed,soft_mode_control,0.04924242424242424,3.137829408776744
mixed,soft_mode_control,0.05303030303030303,3.1613666942126026
mixed,soft_mode_control,0.056818181818181816,3.162356466278142
mixed,soft_mode_control,0.06060606060606061,3.1750337639433273
mixed,soft_mode_control,0.06439393939393939,3.2247977843816744
mixed,soft_mode_control,0.06818181818181818,3.346080119775276
mixed,soft_mode_control,0.07196969696969698,3.4529382844062226
mixed,soft_mode_control,0.07575757575757576,3.456114306412813
mixed,soft_mode_control,0.07954545454545454,3.4849386933553625
mixed,soft_mode_control,0.08333333333333333,3.518970618380733
mixed,soft_mode_control,0.08712121212121213,3.5468928320365234
mixed,soft_mode_control,0.09090909090909091,3.5598205926789674
mixed,soft_mode_control,0.0946969696969697,3.4872156364963423
mixed,soft_mode_control,0.09848484848484848,3.4605029284099307
mixed,soft_mode_control,0.10227272727272728,3.44905226772376
mixed,soft_mode_control,0.10606060606060606,3.4811807835266713
mixed,soft_mode_control,0.10984848484848485,3.4369167615124927
mixed,soft_mode_control,0.11363636363636363,3.4143506481635715
mixed,soft_mode_control,0.11742424242424243,3.4319416158049325
mixed,soft_mode_control,0.12121212121212122,3.444270879131656
mixed,soft_mode_control,0.125,3.451957229896449
mixed,soft_mode_control,0.12878787878787878,3.476365045247974
mixed,soft_mode_control,0.13257575757575757,3.4650020463978515
mixed,soft_mode_control,0.13636363636363635,3.4996764790374204
mixed,soft_mode_control,0.14015151515151514,3.452900159258837
mixed,soft_mode_control,0.14393939393939395,3.412824643908324
mixed,soft_mode_control,0.14772727272727273,3.4258552635251984
mixed,soft_mode_control,0.15151515151515152,3.4120180359056875
mixed,soft_mode_control,0.1553030303030303,3.398219532087742
mixed,soft_mode_control,0.1590909090909091,3.3813896071563527
mixed,soft_mode_control,0.16287878787878787,3.387555804228073
mixed,soft_mode_control,0.16666666666666666,3.3598273989798866
mixed,soft_mode_control,0.17045454545454544,3.3738032298227103
mixed,soft_mode_control,0.17424242424242425,3.3661193219316465
mixed,soft_mode_control,0.17803030303030304,3.402881781026766
mixed,soft_mode_control,0.18181818181818182,3.419231234387643
mixed,soft_mode_control,0.1856060606060606,3.448056029598997
mixed,soft_mode_control,0.1893939393939394,3.411723445330424
mixed,soft_mode_control,0.19318181818181818,3.3882288190737992
mixed,soft_mode_control,0.19696969696969696,3.4135705301839123
mixed,soft_mode_control,0.20075757575757575,3.4011090733139056
mixed,soft_mode_control,0.20454545454545456,3.3707806865575
mixed,soft_mode_control,0.20833333333333334,3.362498308491755
mixed,soft_mode_control,0.21212121212121213,3.390436370817861
mixed,soft_mode_control,0.2159090909090909,3.399537034935284
mixed,soft_mode_control,0.2196969696969697,3.42755360071907
mixed,soft_mode_control,0.22348484848484848,3.4425339385326548
mixed,soft_mode_control,0.22727272727272727,3.4275748015074448
mixed,soft_mode_control,0.23106060606060605,3.4687443337870367
mixed,soft_mode_control,0.23484848484848486,3.4637593587102695
mixed,soft_mode_control,0.23863636363636365,3.483935352802883
mixed,soft_mode_control,0.24242424242424243,3.464452539895362
mixed,soft_mode_control,0.24621212121212122,3.424710426947225
mixed,soft_mode_control,0.25,3.411906278484904
mixed,soft_mode_control,0.2537878787878788,3.421553569537959
mixed,soft_mode_control,0.25757575757575757,3.4180635741793997
mixed,soft_mode_control,0.26136363636363635,3.4059127711587873
mixed,soft_mode_control,0.26515151515151514,3.398599007742659
mixed,soft_mode_control,0.2689393939393939,3.3890523462845366
mixed,soft_mode_control,0.2727272727272727,3.393408846673578
mixed,soft_mode_control,0.2765151515151515,3.394295239343222
mixed,soft_mode_control,0.2803030303030303,3.408332758377034
mixed,soft_mode_control,0.2840909090909091,3.3811213118919823
mixed,soft_mode_control,0.2878787878787879,3.3727472399478926
mixed,soft_mode_control,0.2916666666666667,3.3859532631270093
mixed,soft_mode_control,0.29545454545454547,3.398408553961223
mixed,soft_mode_control,0.29924242424242425,3.393959441586498
mixed,soft_mode_control,0.30303030303030304,3.418564516915163
mixed,soft_mode_control,0.3068181818181818,3.4186775133422116
mixed,soft_mode_control,0.3106060606060606,3.4342427978931567
mixed,soft_mode_control,0.3143939393939394,3.43353337048913
mixed,soft_mode_control,0.3181818181818182,3.4432306329471456
mixed,soft_mode_control,0.32196969696969696,3.4421827705048185
mixed,soft_mode_control,0.32575757575757575,3.452949671849798
mixed,soft_mode_control,0.32954545454545453,3.4307755932339283
mixed,soft_mode_control,0.3333333333333333,3.430653988654857
mixed,soft_mode_control,0.3371212121212121,3.431818028005154
mixed,soft_mode_control,0.3409090909090909,3.447842112893919
mixed,soft_mode_control,0.3446969696969697,3.429932413883371
mixed,soft_mode_control,0.3484848484848485,3.452556292523123
mixed,soft_mode_control,0.3522727272727273,3.469441639111016
mixed,soft_mode_control,0.3560606060606061,3.4806175027880486
mixed,soft_mode_control,0.35984848484848486,3.4801683901494336
mixed,soft_mode_control,0.36363636363636365,3.475992222141277
mixed,soft_mode_control,0.36742424242424243,3.488674503800843
mixed,soft_mode_control,0.3712121212121212,3.4897729777401167
mixed,soft_mode_control,0.375,3.4765512329086783
mixed,soft_mode_control,0.3787878787878788,3.4956851290064375
mixed,soft_mode_control,0.38257575757575757,3.490954575745637
mixed,soft_mode_control,0.38636363636363635,3.479555408943368
mixed,soft_mode_control,0.39015151515151514,3.4695777201144544
mixed,soft_mode_control,0.3939393939393939,3.4612866838778023
mixed,soft_mode_control,0.3977272727272727,3.461706067578483
mixed,soft_mode_control,0.4015151515151515,3.47923913732302
mixed,soft_mode_control,0.4053030303030303,3.48247238445675
mixed,soft_mode_control,0.4090909090909091,3.5059426069119404
mixed,soft_mode_control,0.4128787878787879,3.505479165173357
mixed,soft_mode_control,0.4166666666666667,3.5324044471300593
mixed,soft_mode_control,0.42045454545454547,3.535673504353827
mixed,soft_mode_control,0.42424242424242425,3.541695447921361
mixed,soft_mode_control,0.42803030303030304,3.5401008079445333
mixed,soft_mode_control,0.4318181818181818,3.533216579742927
mixed,soft_mode_control,0.4356060606060606,3.539410299084673
mixed,soft_mode_control,0.4393939393939394,3.520974314117156
mixed,soft_mode_control,0.4431818181818182,3.5202024410929185
mixed,soft_mode_control,0.44696969696969696,3.511379464263983
mixed,soft_mode_control,0.45075757575757575,3.5064440527400893
mixed,soft_mode_control,0.45454545454545453,3.509579733836258
mixed,soft_mode_control,0.4583333333333333,3.5155082327045313
mixed,soft_mode_control,0.4621212121212121,3.519234825128121
mixed,soft_mode_control,0.4659090909090909,3.523449081677583
mixed,soft_mode_control,0.4696969696969697,3.527728647605182
mixed,soft_mode_control,0.4734848484848485,3.5350525597435607
mixed,soft_mode_control,0.4772727272727273,3.532545020219123
mixed,soft_mode_control,0.4810606060606061,3.5315568231399808
mixed,soft_mode_control,0.48484848484848486,3.522717948427143
mixed,soft_mode_control,0.48863636363636365,3.5377480969445805
mixed,soft_mode_control,0.49242424242424243,3.5410903343438798
mixed,soft_mode_control,0.4962121212121212,3.5474135496202828
mixed,soft_mode_control,0.5,3.551722285196274
mixed,soft_mode_control,0.5037878787878788,3.5392955059403093
mixed,soft_mode_control,0.5075757575757576,3.5367212031687
mixed,soft_mode_control,0.5113636363636364,3.5364791371683566
mixed,soft_mode_control,0.5151515151515151,3.5522636322405567
mixed,soft_mode_control,0.5189393939393939,3.5478972378285936
mixed,soft_mode_control,0.5227272727272727,3.5522339789111483
mixed,soft_mode_control,0.5265151515151515,3.5496759229929826
mixed,soft_mode_control,0.5303030303030303,3.554317878093021
mixed,soft_mode_control,0.5340909090909091,3.5789749723775994
mixed,soft_mode_control,0.5378787878787878,3.577677934967401
mixed,soft_mode_control,0.5416666666666666,3.5882271382624435
mixed,soft_mode_control,0.5454545454545454,3.5881475261098914
mixed,soft_mode_control,0.5492424242424242,3.5860546806996982
mixed,soft_mode_control,0.553030303030303,3.5887620733793857
mixed,soft_mode_control,0.5568181818181818,3.584300183972823
mixed,soft_mode_control,0.5606060606060606,3.5774013642177507
mixed,soft_mode_control,0.5643939393939394,3.573606922863586
mixed,soft_mode_control,0.5681818181818182,3.57316040971259
mixed,soft_mode_control,0.571969696969697,3.567899320021058
mixed,soft_mode_control,0.5757575757575758,3.5899035205155383
mixed,soft_mode_control,0.5795454545454546,3.5815977503919467
mixed,soft_mode_control,0.5833333333333334,3.5801316832506735
mixed,soft_mode_control,0.5871212121212122,3.5894046742874774
mixed,soft_mode_control,0.5909090909090909,3.5861787040250968
mixed,soft_mode_control,0.5946969696969697,3.59187933563109
mixed,soft_mode_control,0.5984848484848485,3.599220282172595
mixed,soft_mode_control,0.6022727272727273,3.601478179770806
mixed,soft_mode_control,0.6060606060606061,3.602842318054329
mixed,soft_mode_control,0.6098484848484849,3.5964645423093238
mixed,soft_mode_control,0.6136363636363636,3.5983752768180133
mixed,soft_mode_control,0.6174242424242424,3.605444093348542
mixed,soft_mode_control,0.6212121212121212,3.6043450473797196
mixed,soft_mode_control,0.625,3.5921577687859614
mixed,soft_mode_control,0.6287878787878788,3.5800795580162394
mixed,soft_mode_control,0.6325757575757576,3.579725305394307
mixed,soft_mode_control,0.6363636363636364,3.579846599479613
mixed,soft_mode_control,0.6401515151515151,3.5770907624257746
mixed,soft_mode_control,0.6439393939393939,3.590966782075688
mixed,soft_mode_control,0.6477272727272727,3.579873046335338
mixed,soft_mode_control,0.6515151515151515,3.584206665828359
mixed,soft_mode_control,0.6553030303030303,3.572585567044269
mixed,soft_mode_control,0.6590909090909091,3.5687945163462302
mixed,soft_mode_control,0.6628787878787878,3.5617080270187778
mixed,soft_mode_control,0.6666666666666666,3.5549576270893155
mixed,soft_mode_control,0.6704545454545454,3.5619143258782575
mixed,soft_mode_control,0.6742424242424242,3.561465961481853
mixed,soft_mode_control,0.678030303030303,3.5584509552862795
mixed,soft_mode_control,0.6818181818181818,3.5595945627652363
mixed,soft_mode_control,0.6856060606060606,3.5517628770586516
mixed,soft_mode_control,0.6893939393939394,3.5455523330143905
mixed,soft_mode_control,0.6931818181818182,3.5632207009472534
mixed,soft_mode_control,0.696969696969697,3.5568223448411866
mixed,soft_mode_control,0.7007575757575758,3.5504572268289247
mixed,soft_mode_control,0.7045454545454546,3.5486464274812772
mixed,soft_mode_control,0.7083333333333334,3.5521049196353047
mixed,soft_mode_control,0.7121212121212122,3.556748676619789
mixed,soft_mode_control,0.7159090909090909,3.5520885177534463
mixed,soft_mode_control,0.7196969696969697,3.5566215029125594
mixed,soft_mode_control,0.7234848484848485,3.5781810890749868
mixed,soft_mode_control,0.7272727272727273,3.572653563837605
mixed,soft_mode_control,0.7310606060606061,3.5632130224937293
mixed,soft_mode_control,0.7348484848484849,3.5576941748593853
mixed,soft_mode_control,0.7386363636363636,3.5515400083008957
mixed,soft_mode_control,0.7424242424242424,3.5502948169041715
mixed,soft_mode_control,0.7462121212121212,3.5443342999700085
mixed,soft_mode_control,0.75,3.5421445642706986
mixed,soft_mode_control,0.7537878787878788,3.5522508002940985
mixed,soft_mode_control,0.7575757575757576,3.5551689678398577
mixed,soft_mode_control,0.7613636363636364,3.552041466318252
mixed,soft_mode_control,0.7651515151515151,3.5540398462150784
mixed,soft_mode_control,0.7689393939393939,3.5475613426441677
mixed,soft_mode_control,0.7727272727272727,3.54365668963012
mixed,soft_mode_control,0.7765151515151515,3.5628107190402094
mixed,soft_mode_control,0.7803030303030303,3.563122837934761
mixed,soft_mode_control,0.7840909090909091,3.5600237094956966
mixed,soft_mode_control,0.7878787878787878,3.560450690637252
mixed,soft_mode_control,0.7916666666666666,3.552209221455369
mixed,soft_mode_control,0.7954545454545454,3.5503709773014918
mixed,soft_mode_control,0.7992424242424242,3.5471722360869733
mixed,soft_mode_control,0.803030303030303,3.5425762387664173
mixed,soft_mode_control,0.8068181818181818,3.5450905006336435
mixed,soft_mode_control,0.8106060606060606,3.5452649240035257
mixed,soft_mode_control,0.8143939393939394,3.5573280633998228
mixed,soft_mode_control,0.8181818181818182,3.553356926952041
mixed,soft_mode_control,0.821969696969697,3.556870840618416
mixed,soft_mode_control,0.8257575757575758,3.549269387881344
mixed,soft_mode_control,0.8295454545454546,3.5464417696553503
mixed,soft_mode_control,0.8333333333333334,3.542452072407954
mixed,soft_mode_control,0.8371212121212122,3.5380988708409125
mixed,soft_mode_control,0.8409090909090909,3.5332651614508985
mixed,soft_mode_control,0.8446969696969697,3.5280243086838836
mixed,soft_mode_control,0.8484848484848485,3.528680119051782
mixed,soft_mode_control,0.8522727272727273,3.5245897874187286
mixed,soft_mode_control,0.8560606060606061,3.5254496588547966
mixed,soft_mode_control,0.8598484848484849,3.5208821280640556
mixed,soft_mode_control,0.8636363636363636,3.5204184418160605
mixed,soft_mode_control,0.8674242424242424,3.51864249688187
mixed,soft_mode_control,0.8712121212121212,3.5211106557805536
mixed,soft_mode_control,0.875,3.5154421725073313
mixed,soft_mode_control,0.8787878787878788,3.5075647948765423
mixed,soft_mode_control,0.8825757575757576,3.5045089769405275
mixed,soft_mode_control,0.8863636363636364,3.5056063864659848
mixed,soft_mode_control,0.8901515151515151,3.50226184463862
mixed,soft_mode_control,0.8939393939393939,3.503311244953195
mixed,soft_mode_control,0.8977272727272727,3.4998898504529556
mixed,soft_mode_control,0.9015151515151515,3.5022095864836458
mixed,soft_mode_control,0.9053030303030303,3.5023614367082803
mixed,soft_mode_control,0.9090909090909091,3.507739764163088
mixed,soft_mode_control,0.9128787878787878,3.503270519455127
mixed,soft_mode_control,0.9166666666666666,3.5002790552567915
mixed,soft_mode_control,0.9204545454545454,3.4929996108930563
mixed,soft_mode_control,0.9242424242424242,3.4933926127666513
mixed,soft_mode_control,0.928030303030303,3.4890143036180348
mixed,soft_mode_control,0.9318181818181818,3.490950998322896
mixed,soft_mode_control,0.9356060606060606,3.492653972809054
mixed,soft_mode_control,0.9393939393939394,3.4911780546010007
mixed,soft_mode_control,0.9431818181818182,3.4895342794474913
mixed,soft_mode_control,0.946969696969697,3.491823877205802
mixed,soft_mode_control,0.9507575757575758,3.489861841442188
mixed,soft_mode_control,0.9545454545454546,3.4823327939234097
mixed,soft_mode_control,0.9583333333333334,3.482489031327207
mixed,soft_mode_control,0.9621212121212122,3.479571707704983
mixed,soft_mode_control,0.9659090909090909,3.4759081034102013
mixed,soft_mode_control,0.9696969696969697,3.4829405540446725
mixed,soft_mode_control,0.9734848484848485,3.4804497247250303
mixed,soft_mode_control,0.9772727272727273,3.4798666551567456
mixed,soft_mode_control,0.9810606060606061,3.4791584678001866
mixed,soft_mode_control,0.9848484848484849,3.477816700310624
mixed,soft_mode_control,0.9886363636363636,3.471007779631101
mixed,soft_mode_control,0.9924242424242424,3.4690209144398687
mixed,soft_mode_control,0.9962121212121212,3.4690658964598846
mixed,soft_mode_control,1.0,3.4654230107040465
mixed,paired_union,0.003787878787878788,3.0777263865586235
mixed,paired_union,0.007575757575757576,3.2552958650681902
mixed,paired_union,0.011363636363636364,3.9766965982864075
mixed,paired_union,0.015151515151515152,4.28963414951713
mixed,paired_union,0.01893939393939394,4.228153653782711
mixed,paired_union,0.022727272727272728,3.958653044458785
mixed,paired_union,0.026515151515151516,3.844214798361625
mixed,paired_union,0.030303030303030304,3.9257961046331755
mixed,paired_union,0.03409090909090909,3.848285439402961
mixed,paired_union,0.03787878787878788,3.9124359831310827
mixed,paired_union,0.041666666666666664,3.7983271429686045
mixed,paired_union,0.045454545454545456,3.8978878023491976
mixed,paired_union,0.04924242424242424,4.021378757400963
mixed,paired_union,0.05303030303030303,3.8924774554519437
mixed,paired_union,0.056818181818181816,3.8588620090330448
mixed,paired_union,0.06060606060606061,3.8292996395380237
mixed,paired_union,0.06439393939393939,3.754382327766845
mixed,paired_union,0.06818181818181818,3.7590898983055587
mixed,paired_union,0.07196969696969698,3.7145426731423554
mixed,paired_union,0.07575757575757576,3.655220786141675
mixed,paired_union,0.07954545454545454,3.6146481674760165
mixed,paired_union,0.08333333333333333,3.603850666092201
mixed,paired_union,0.08712121212121213,3.6312127343024176
mixed,paired_union,0.09090909090909091,3.649440584895719
mixed,paired_union,0.0946969696969697,3.7315778841913616
mixed,paired_union,0.09848484848484848,3.6701519984239166
mixed,paired_union,0.10227272727272728,3.684727645605717
mixed,paired_union,0.10606060606060606,3.688987330775077
mixed,paired_union,0.10984848484848485,3.6931502754251344
mixed,paired_union,0.11363636363636363,3.651382176085407
mixed,paired_union,0.11742424242424243,3.691181783866142
mixed,paired_union,0.12121212121212122,3.669621143996981
mixed,paired_union,0.125,3.681202469497108
mixed,paired_union,0.12878787878787878,3.6577012124524253
mixed,paired_union,0.13257575757575757,3.6773704496120554
mixed,paired_union,0.13636363636363635,3.7031704078498904
mixed,paired_union,0.14015151515151514,3.66724169846036
mixed,paired_union,0.14393939393939395,3.6714740524646223
mixed,paired_union,0.14772727272727273,3.6491178150507273
mixed,paired_union,0.15151515151515152,3.6817638607466563
mixed,paired_union,0.1553030303030303,3.67362065803224
mixed,paired_union,0.1590909090909091,3.672180847619874
mixed,paired_union,0.16287878787878787,3.686123864260212
mixed,paired_union,0.16666666666666666,3.6843602217514935
mixed,paired_union,0.17045454545454544,3.6906849082519706
mixed,paired_union,0.17424242424242425,3.678752577183067
mixed,paired_union,0.17803030303030304,3.648729710597818
mixed,paired_union,0.18181818181818182,3.6824064822459577
mixed,paired_union,0.1856060606060606,3.693905360513123
mixed,paired_union,0.1893939393939394,3.711396219667614
mixed,paired_union,0.19318181818181818,3.756624182108723
mixed,paired_union,0.19696969696969696,3.7641929872859126
mixed,paired_union,0.20075757575757575,3.763069174758497
mixed,paired_union,0.20454545454545456,3.7408748543082146
mixed,paired_union,0.20833333333333334,3.704318084210879
mixed,paired_union,0.21212121212121213,3.701874905432868
mixed,paired_union,0.2159090909090909,3.684045306978652
mixed,paired_union,0.2196969696969697,3.6832940902353815
mixed,paired_union,0.22348484848484848,3.6626034472541433
mixed,paired_union,0.22727272727272727,3.675387875037368
mixed,paired_union,0.23106060606060605,3.681599021287106
mixed,paired_union,0.23484848484848486,3.6803464073722645
mixed,paired_union,0.23863636363636365,3.6912189549357906
mixed,paired_union,0.24242424242424243,3.6645060009510178
mixed,paired_union,0.24621212121212122,3.6613344505123746
mixed,paired_union,0.25,3.660492803409227
mixed,paired_union,0.2537878787878788,3.6397358939046165
mixed,paired_union,0.25757575757575757,3.641602808943189
mixed,paired_union,0.26136363636363635,3.6713248477205873
mixed,paired_union,0.26515151515151514,3.673889626389385
mixed,paired_union,0.2689393939393939,3.7017585894194336
mixed,paired_union,0.2727272727272727,3.7216628164042285
mixed,paired_union,0.2765151515151515,3.7021394734338373
mixed,paired_union,0.2803030303030303,3.7062041435259636
mixed,paired_union,0.2840909090909091,3.685339842783685
mixed,paired_union,0.2878787878787879,3.665064445358862
mixed,paired_union,0.2916666666666667,3.646466296184552
mixed,paired_union,0.29545454545454547,3.622808861468091
mixed,paired_union,0.29924242424242425,3.6567642696555507
mixed,paired_union,0.30303030303030304,3.6505060467255976
mixed,paired_union,0.3068181818181818,3.672448239658442
mixed,paired_union,0.3106060606060606,3.6692022100982515
mixed,paired_union,0.3143939393939394,3.6554272196919957
mixed,paired_union,0.3181818181818182,3.637308738082441
mixed,paired_union,0.32196969696969696,3.6514299758016997
mixed,paired_union,0.32575757575757575,3.66673148938569
mixed,paired_union,0.32954545454545453,3.6694461083283216
mixed,paired_union,0.3333333333333333,3.666299425724785
mixed,paired_union,0.3371212121212121,3.67491039059485
mixed,paired_union,0.3409090909090909,3.6614630002960644
mixed,paired_union,0.3446969696969697,3.6492100254263087
mixed,paired_union,0.3484848484848485,3.6403850303486287
mixed,paired_union,0.3522727272727273,3.6302973580232156
mixed,paired_union,0.3560606060606061,3.628741163743221
mixed,paired_union,0.35984848484848486,3.6171461270741623
mixed,paired_union,0.36363636363636365,3.614318118852547
mixed,paired_union,0.36742424242424243,3.6167404102930245
mixed,paired_union,0.3712121212121212,3.6071037940243955
mixed,paired_union,0.375,3.595914019944819
mixed,paired_union,0.3787878787878788,3.6101601414294056
mixed,paired_union,0.38257575757575757,3.6054467948021967
mixed,paired_union,0.38636363636363635,3.5981009645798108
mixed,paired_union,0.39015151515151514,3.6218532260684753
mixed,paired_union,0.3939393939393939,3.6130260760443704
mixed,paired_union,0.3977272727272727,3.6091797047597844
mixed,paired_union,0.4015151515151515,3.593753363850505
mixed,paired_union,0.4053030303030303,3.5794277176523543
mixed,paired_union,0.4090909090909091,3.5893838586882687
mixed,paired_union,0.4128787878787879,3.590802692800239
mixed,paired_union,0.4166666666666667,3.5896813127943346
mixed,paired_union,0.42045454545454547,3.5898056240103515
mixed,paired_union,0.42424242424242425,3.583959682444038
mixed,paired_union,0.42803030303030304,3.59770962672433
mixed,paired_union,0.4318181818181818,3.5848244850400857
mixed,paired_union,0.4356060606060606,3.5691754115878687
mixed,paired_union,0.4393939393939394,3.5711661320196146
mixed,paired_union,0.4431818181818182,3.572079203957236
mixed,paired_union,0.44696969696969696,3.5582624623584747
mixed,paired_union,0.45075757575757575,3.573159764394586
mixed,paired_union,0.45454545454545453,3.5832197719870145
mixed,paired_union,0.4583333333333333,3.573355161361762
mixed,paired_union,0.4621212121212121,3.5695521145177125
mixed,paired_union,0.4659090909090909,3.5574052232701114
mixed,paired_union,0.4696969696969697,3.556053506202943
mixed,paired_union,0.4734848484848485,3.5452724785662713
mixed,paired_union,0.4772727272727273,3.535543781122263
mixed,paired_union,0.4810606060606061,3.5419005159348482
mixed,paired_union,0.48484848484848486,3.529935797215161
mixed,paired_union,0.48863636363636365,3.5413479900114417
mixed,paired_union,0.49242424242424243,3.556132802284431
mixed,paired_union,0.4962121212121212,3.5561765137289165
mixed,paired_union,0.5,3.5480797689207564
mixed,paired_union,0.5037878787878788,3.5577591140894285
mixed,paired_union,0.5075757575757576,3.5698272138306613
mixed,paired_union,0.5113636363636364,3.561881837372472
mixed,paired_union,0.5151515151515151,3.5695704784577376
mixed,paired_union,0.5189393939393939,3.5631456957137857
mixed,paired_union,0.5227272727272727,3.5618059105993845
mixed,paired_union,0.5265151515151515,3.5507237954296174
mixed,paired_union,0.5303030303030303,3.5522857923587257
mixed,paired_union,0.5340909090909091,3.549299308056913
mixed,paired_union,0.5378787878787878,3.5474608126768703
mixed,paired_union,0.5416666666666666,3.5349825087123303
mixed,paired_union,0.5454545454545454,3.5422017505448653
mixed,paired_union,0.5492424242424242,3.5324010262605623
mixed,paired_union,0.553030303030303,3.544275075172287
mixed,paired_union,0.5568181818181818,3.5478969998067633
mixed,paired_union,0.5606060606060606,3.540550567685598
mixed,paired_union,0.5643939393939394,3.5229831527638145
mixed,paired_union,0.5681818181818182,3.5445238998062414
mixed,paired_union,0.571969696969697,3.5428955634804553
mixed,paired_union,0.5757575757575758,3.5426621574097727
mixed,paired_union,0.5795454545454546,3.5403688232920154
mixed,paired_union,0.5833333333333334,3.544034085049894
mixed,paired_union,0.5871212121212122,3.545580107454311
mixed,paired_union,0.5909090909090909,3.551750811562206
mixed,paired_union,0.5946969696969697,3.5509940223908334
mixed,paired_union,0.5984848484848485,3.546624973351657
mixed,paired_union,0.6022727272727273,3.544576422395416
mixed,paired_union,0.6060606060606061,3.5467870023605457
mixed,paired_union,0.6098484848484849,3.5538246400069577
mixed,paired_union,0.6136363636363636,3.5586393284780065
mixed,paired_union,0.6174242424242424,3.556015783703327
mixed,paired_union,0.6212121212121212,3.5566049758722795
mixed,paired_union,0.625,3.5596236924157623
mixed,paired_union,0.6287878787878788,3.5786985646959857
mixed,paired_union,0.6325757575757576,3.578437463899936
mixed,paired_union,0.6363636363636364,3.5684335422716473
mixed,paired_union,0.6401515151515151,3.571161121416053
mixed,paired_union,0.6439393939393939,3.5636992595469734
mixed,paired_union,0.6477272727272727,3.5568108580075926
mixed,paired_union,0.6515151515151515,3.565028896416059
mixed,paired_union,0.6553030303030303,3.5630603021236986
mixed,paired_union,0.6590909090909091,3.5705110338557233
mixed,paired_union,0.6628787878787878,3.576581872100116
mixed,paired_union,0.6666666666666666,3.595809533337583
mixed,paired_union,0.6704545454545454,3.587015537631587
mixed,paired_union,0.6742424242424242,3.5951288996768564
mixed,paired_union,0.678030303030303,3.5960218834337088
mixed,paired_union,0.6818181818181818,3.5932596709648217
mixed,paired_union,0.6856060606060606,3.5845320570977357
mixed,paired_union,0.6893939393939394,3.5796886278532103
mixed,paired_union,0.6931818181818182,3.580893470205526
mixed,paired_union,0.696969696969697,3.612366802846959
mixed,paired_union,0.7007575757575758,3.6067818761845616
mixed,paired_union,0.7045454545454546,3.602058593571178
mixed,paired_union,0.7083333333333334,3.6151428643154127
mixed,paired_union,0.7121212121212122,3.614165413304633
mixed,paired_union,0.7159090909090909,3.616634931756312
mixed,paired_union,0.7196969696969697,3.63141128940848
mixed,paired_union,0.7234848484848485,3.6235533362863754
mixed,paired_union,0.7272727272727273,3.6142385783361184
mixed,paired_union,0.7310606060606061,3.608851262493911
mixed,paired_union,0.7348484848484849,3.6032027924365404
mixed,paired_union,0.7386363636363636,3.602706065657731
mixed,paired_union,0.7424242424242424,3.6021392215056363
mixed,paired_union,0.7462121212121212,3.5957620942568
mixed,paired_union,0.75,3.5962266144870427
mixed,paired_union,0.7537878787878788,3.5918693644726947
mixed,paired_union,0.7575757575757576,3.5928134206539215
mixed,paired_union,0.7613636363636364,3.6053771216395347
mixed,paired_union,0.7651515151515151,3.6044278196236146
mixed,paired_union,0.7689393939393939,3.605761516159412
mixed,paired_union,0.7727272727272727,3.5997906442397
mixed,paired_union,0.7765151515151515,3.5960041821741595
mixed,paired_union,0.7803030303030303,3.58897803971057
mixed,paired_union,0.7840909090909091,3.585351400162948
mixed,paired_union,0.7878787878787878,3.5899195482870887
mixed,paired_union,0.7916666666666666,3.6013833992585362
mixed,paired_union,0.7954545454545454,3.601836495308684
mixed,paired_union,0.7992424242424242,3.601993496899621
mixed,paired_union,0.803030303030303,3.5977991016476474
mixed,paired_union,0.8068181818181818,3.6111193242916424
mixed,paired_union,0.8106060606060606,3.611149800784613
mixed,paired_union,0.8143939393939394,3.6078156617405597
mixed,paired_union,0.8181818181818182,3.618520512986411
mixed,paired_union,0.821969696969697,3.6183763306373997
mixed,paired_union,0.8257575757575758,3.6219340311365573
mixed,paired_union,0.8295454545454546,3.6284476233057443
mixed,paired_union,0.8333333333333334,3.6237733919716177
mixed,paired_union,0.8371212121212122,3.6193870877552237
mixed,paired_union,0.8409090909090909,3.611779756079445
mixed,paired_union,0.8446969696969697,3.605174400488867
mixed,paired_union,0.8484848484848485,3.602996434265713
mixed,paired_union,0.8522727272727273,3.605733110260783
mixed,paired_union,0.8560606060606061,3.6058630794709745
mixed,paired_union,0.8598484848484849,3.610167416666979
mixed,paired_union,0.8636363636363636,3.605632634934222
mixed,paired_union,0.8674242424242424,3.606851442322496
mixed,paired_union,0.8712121212121212,3.6008156263164395
mixed,paired_union,0.875,3.6146538297192943
mixed,paired_union,0.8787878787878788,3.6115080427979023
mixed,paired_union,0.8825757575757576,3.6115041179887775
mixed,paired_union,0.8863636363636364,3.6113456547504015
mixed,paired_union,0.8901515151515151,3.6060685843308256
mixed,paired_union,0.8939393939393939,3.601277481522079
mixed,paired_union,0.8977272727272727,3.59580734993705
mixed,paired_union,0.9015151515151515,3.5906958699498706
mixed,paired_union,0.9053030303030303,3.588409617483323
mixed,paired_union,0.9090909090909091,3.589653565384172
mixed,paired_union,0.9128787878787878,3.59077540731673
mixed,paired_union,0.9166666666666666,3.5914613609989883
mixed,paired_union,0.9204545454545454,3.591457613052034
mixed,paired_union,0.9242424242424242,3.590582869444083
mixed,paired_union,0.928030303030303,3.585299294301308
mixed,paired_union,0.9318181818181818,3.5830681353952536
mixed,paired_union,0.9356060606060606,3.5799935898257007
mixed,paired_union,0.9393939393939394,3.580598843181143
mixed,paired_union,0.9431818181818182,3.5807444637732218
mixed,paired_union,0.946969696969697,3.5812860939253484
mixed,paired_union,0.9507575757575758,3.575221752619877
mixed,paired_union,0.9545454545454546,3.571156560986676
mixed,paired_union,0.9583333333333334,3.5699281769930256
mixed,paired_union,0.9621212121212122,3.573694774188803
mixed,paired_union,0.9659090909090909,3.564526355292244
mixed,paired_union,0.9696969696969697,3.5544921229146564
mixed,paired_union,0.9734848484848485,3.557255900469181
mixed,paired_union,0.9772727272727273,3.555195675369862
mixed,paired_union,0.9810606060606061,3.556109006305204
mixed,paired_union,0.9848484848484849,3.5542378554525875
mixed,paired_union,0.9886363636363636,3.5511895955798884
mixed,paired_union,0.9924242424242424,3.5565450512207093
mixed,paired_union,0.9962121212121212,3.5558226299200277
mixed,paired_union,1.0,3.5613567254436718
mixed,paired_stratified,0.003787878787878788,4.074399420459759
mixed,paired_stratified,0.007575757575757576,4.253558915976683
mixed,paired_stratified,0.011363636363636364,4.624988449864078
mixed,paired_stratified,0.015151515151515152,4.53016206988376
mixed,paired_stratified,0.01893939393939394,3.9938020508478456
mixed,paired_stratified,0.022727272727272728,3.7127815786324927
mixed,paired_stratified,0.026515151515151516,3.7702365749861166
mixed,paired_stratified,0.030303030303030304,3.8773155878314616
mixed,paired_stratified,0.03409090909090909,3.8603505842763544
mixed,paired_stratified,0.03787878787878788,3.7736491009599287
mixed,paired_stratified,0.041666666666666664,3.6316208703567856
mixed,paired_stratified,0.045454545454545456,3.6450325036881535
mixed,paired_stratified,0.04924242424242424,3.704301579659564
mixed,paired_stratified,0.05303030303030303,3.872306472283699
mixed,paired_stratified,0.056818181818181816,3.8151036299992054
mixed,paired_stratified,0.06060606060606061,3.7221954378863593
mixed,paired_stratified,0.06439393939393939,3.7430793193212857
mixed,paired_stratified,0.06818181818181818,3.921398324537495
mixed,paired_stratified,0.07196969696969698,3.8889506182157976
mixed,paired_stratified,0.07575757575757576,3.8364403903932818
mixed,paired_stratified,0.07954545454545454,3.8399696207573104
mixed,paired_stratified,0.08333333333333333,3.803285538301506
mixed,paired_stratified,0.08712121212121213,3.835586057199062
mixed,paired_stratified,0.09090909090909091,3.8065273013480483
mixed,paired_stratified,0.0946969696969697,3.815767395139561
mixed,paired_stratified,0.09848484848484848,3.79088451895221
mixed,paired_stratified,0.10227272727272728,3.7897991781062785
mixed,paired_stratified,0.10606060606060606,3.8077192054416407
mixed,paired_stratified,0.10984848484848485,3.7430000475416776
mixed,paired_stratified,0.11363636363636363,3.7395926265149573
mixed,paired_stratified,0.11742424242424243,3.7063050089109395
mixed,paired_stratified,0.12121212121212122,3.7085747025182747
mixed,paired_stratified,0.125,3.7642023043419095
mixed,paired_stratified,0.12878787878787878,3.7610056620930297
mixed,paired_stratified,0.13257575757575757,3.7371313032904054
mixed,paired_stratified,0.13636363636363635,3.715047230564687
mixed,paired_stratified,0.14015151515151514,3.699462063197
mixed,paired_stratified,0.14393939393939395,3.744639271464321
mixed,paired_stratified,0.14772727272727273,3.734876769796569
mixed,paired_stratified,0.15151515151515152,3.71683516564419
mixed,paired_stratified,0.1553030303030303,3.6932465704243023
mixed,paired_stratified,0.1590909090909091,3.7076183527715103
mixed,paired_stratified,0.16287878787878787,3.6836087183071697
mixed,paired_stratified,0.16666666666666666,3.657937803127517
mixed,paired_stratified,0.17045454545454544,3.645578025379654
mixed,paired_stratified,0.17424242424242425,3.6729611250302416
mixed,paired_stratified,0.17803030303030304,3.6976970272019734
mixed,paired_stratified,0.18181818181818182,3.7268835993052374
mixed,paired_stratified,0.1856060606060606,3.703654555214872
mixed,paired_stratified,0.1893939393939394,3.684526710948923
mixed,paired_stratified,0.19318181818181818,3.656280503932935
mixed,paired_stratified,0.19696969696969696,3.6412502108533413
mixed,paired_stratified,0.20075757575757575,3.6338701068386556
mixed,paired_stratified,0.20454545454545456,3.640827008874093
mixed,paired_stratified,0.20833333333333334,3.6318180464598075
mixed,paired_stratified,0.21212121212121213,3.649648629730603
mixed,paired_stratified,0.2159090909090909,3.648069465803428
mixed,paired_stratified,0.2196969696969697,3.65493003378657
mixed,paired_stratified,0.22348484848484848,3.6551566585673285
mixed,paired_stratified,0.22727272727272727,3.660766611199346
mixed,paired_stratified,0.23106060606060605,3.668506149066287
mixed,paired_stratified,0.23484848484848486,3.661145203651292
mixed,paired_stratified,0.23863636363636365,3.654691230528117
mixed,paired_stratified,0.24242424242424243,3.684091150714105
mixed,paired_stratified,0.24621212121212122,3.6809389008574356
mixed,paired_stratified,0.25,3.6860635866567955
mixed,paired_stratified,0.2537878787878788,3.700229195877235
mixed,paired_stratified,0.25757575757575757,3.6920342553933794
mixed,paired_stratified,0.26136363636363635,3.666520371700108
mixed,paired_stratified,0.26515151515151514,3.665545643890263
mixed,paired_stratified,0.2689393939393939,3.643766428103458
mixed,paired_stratified,0.2727272727272727,3.657649176389393
mixed,paired_stratified,0.2765151515151515,3.6625765395653773
mixed,paired_stratified,0.2803030303030303,3.684209446332235
mixed,paired_stratified,0.2840909090909091,3.67664713776658
mixed,paired_stratified,0.2878787878787879,3.6560467116089956
mixed,paired_stratified,0.2916666666666667,3.654751520503678
mixed,paired_stratified,0.29545454545454547,3.65555299988806
mixed,paired_stratified,0.29924242424242425,3.653962459092758
mixed,paired_stratified,0.30303030303030304,3.6532766013495075
mixed,paired_stratified,0.3068181818181818,3.669311586577105
mixed,paired_stratified,0.3106060606060606,3.6787496283449066
mixed,paired_stratified,0.3143939393939394,3.6682487161617723
mixed,paired_stratified,0.3181818181818182,3.6673623560193387
mixed,paired_stratified,0.32196969696969696,3.6518337898220348
mixed,paired_stratified,0.32575757575757575,3.6396040581288562
mixed,paired_stratified,0.32954545454545453,3.6421393145076344
mixed,paired_stratified,0.3333333333333333,3.6283906734505336
mixed,paired_stratified,0.3371212121212121,3.630769295588141
mixed,paired_stratified,0.3409090909090909,3.6544926120251002
mixed,paired_stratified,0.3446969696969697,3.6649712968418178
mixed,paired_stratified,0.3484848484848485,3.656347037289238
mixed,paired_stratified,0.3522727272727273,3.6472994500811526
mixed,paired_stratified,0.3560606060606061,3.638707431572332
mixed,paired_stratified,0.35984848484848486,3.650649128512669
mixed,paired_stratified,0.36363636363636365,3.651954385689736
mixed,paired_stratified,0.36742424242424243,3.660926780733989
mixed,paired_stratified,0.3712121212121212,3.640025298329668
mixed,paired_stratified,0.375,3.6367803171152393
mixed,paired_stratified,0.3787878787878788,3.6431575964908465
mixed,paired_stratified,0.38257575757575757,3.6559347110478506
mixed,paired_stratified,0.38636363636363635,3.6683099260308185
mixed,paired_stratified,0.39015151515151514,3.672253739743418
mixed,paired_stratified,0.3939393939393939,3.660729685639575
mixed,paired_stratified,0.3977272727272727,3.662455952325955
mixed,paired_stratified,0.4015151515151515,3.6734913065848516
mixed,paired_stratified,0.4053030303030303,3.6739913657598677
mixed,paired_stratified,0.4090909090909091,3.6746305602256477
mixed,paired_stratified,0.4128787878787879,3.6685607740856825
mixed,paired_stratified,0.4166666666666667,3.671472179241595
mixed,paired_stratified,0.42045454545454547,3.686350791799564
mixed,paired_stratified,0.42424242424242425,3.6974338773873914
mixed,paired_stratified,0.42803030303030304,3.692593980515628
mixed,paired_stratified,0.4318181818181818,3.6851469725711223
mixed,paired_stratified,0.4356060606060606,3.6881551314265018
mixed,paired_stratified,0.4393939393939394,3.688086705347628
mixed,paired_stratified,0.4431818181818182,3.673631331056906
mixed,paired_stratified,0.44696969696969696,3.6605099324353296
mixed,paired_stratified,0.45075757575757575,3.656483095697546
mixed,paired_stratified,0.45454545454545453,3.6462029116035057
mixed,paired_stratified,0.4583333333333333,3.6546306582687786
mixed,paired_stratified,0.4621212121212121,3.6516697698951255
mixed,paired_stratified,0.4659090909090909,3.649775960309887
mixed,paired_stratified,0.4696969696969697,3.661349651318376
mixed,paired_stratified,0.4734848484848485,3.6667823699063926
mixed,paired_stratified,0.4772727272727273,3.6595138362200395
mixed,paired_stratified,0.4810606060606061,3.6480315796957146
mixed,paired_stratified,0.48484848484848486,3.6391139409516136
mixed,paired_stratified,0.48863636363636365,3.633839716067739
mixed,paired_stratified,0.49242424242424243,3.6274405583606097
mixed,paired_stratified,0.4962121212121212,3.6142725200618453
mixed,paired_stratified,0.5,3.6060497950640062
mixed,paired_stratified,0.5037878787878788,3.590612894202072
mixed,paired_stratified,0.5075757575757576,3.595488388967524
mixed,paired_stratified,0.5113636363636364,3.591469317599495
mixed,paired_stratified,0.5151515151515151,3.5795376141456097
mixed,paired_stratified,0.5189393939393939,3.5757349347431138
mixed,paired_stratified,0.5227272727272727,3.5769936691715483
mixed,paired_stratified,0.5265151515151515,3.5649422239295205
mixed,paired_stratified,0.5303030303030303,3.5487309862620644
mixed,paired_stratified,0.5340909090909091,3.5489409908256806
mixed,paired_stratified,0.5378787878787878,3.5461098624428615
mixed,paired_stratified,0.5416666666666666,3.545869909402615
mixed,paired_stratified,0.5454545454545454,3.559448944007959
mixed,paired_stratified,0.5492424242424242,3.55611036247997
mixed,paired_stratified,0.553030303030303,3.5691903441187054
mixed,paired_stratified,0.5568181818181818,3.5936314990558564
mixed,paired_stratified,0.5606060606060606,3.597616256252415
mixed,paired_stratified,0.5643939393939394,3.6015591280452415
mixed,paired_stratified,0.5681818181818182,3.5895627557692475
mixed,paired_stratified,0.571969696969697,3.580224154601085
mixed,paired_stratified,0.5757575757575758,3.581590844613988
mixed,paired_stratified,0.5795454545454546,3.5773608573677165
mixed,paired_stratified,0.5833333333333334,3.5736282152739913
mixed,paired_stratified,0.5871212121212122,3.5642775654150456
mixed,paired_stratified,0.5909090909090909,3.5630990150705557
mixed,paired_stratified,0.5946969696969697,3.557590728272259
mixed,paired_stratified,0.5984848484848485,3.585606693028826
mixed,paired_stratified,0.6022727272727273,3.5761351144969766
mixed,paired_stratified,0.6060606060606061,3.5697743867977407
mixed,paired_stratified,0.6098484848484849,3.5596189213021354
mixed,paired_stratified,0.6136363636363636,3.548812751247056
mixed,paired_stratified,0.6174242424242424,3.5638821721577902
mixed,paired_stratified,0.6212121212121212,3.563155964498414
mixed,paired_stratified,0.625,3.555210813901917
mixed,paired_stratified,0.6287878787878788,3.5644190371616737
mixed,paired_stratified,0.6325757575757576,3.5603375141349076
mixed,paired_stratified,0.6363636363636364,3.5497464352133736
mixed,paired_stratified,0.6401515151515151,3.5485767728702116
mixed,paired_stratified,0.6439393939393939,3.550571129757051
mixed,paired_stratified,0.6477272727272727,3.553199618889208
mixed,paired_stratified,0.6515151515151515,3.568237990646073
mixed,paired_stratified,0.6553030303030303,3.5601842618829616
mixed,paired_stratified,0.6590909090909091,3.564681122023727
mixed,paired_stratified,0.6628787878787878,3.571278164334682
mixed,paired_stratified,0.6666666666666666,3.577819250853672
mixed,paired_stratified,0.6704545454545454,3.593698806060169
mixed,paired_stratified,0.6742424242424242,3.601045772421623
mixed,paired_stratified,0.678030303030303,3.6065280826925163
mixed,paired_stratified,0.6818181818181818,3.6116074137920466
mixed,paired_stratified,0.6856060606060606,3.603856825109711
mixed,paired_stratified,0.6893939393939394,3.6014509749517694
mixed,paired_stratified,0.6931818181818182,3.6050744931631704
mixed,paired_stratified,0.696969696969697,3.620386520935749
mixed,paired_stratified,0.7007575757575758,3.6353212525000327
mixed,paired_stratified,0.7045454545454546,3.644417940860993
mixed,paired_stratified,0.7083333333333334,3.6535510150200428
mixed,paired_stratified,0.7121212121212122,3.6440971026123017
mixed,paired_stratified,0.7159090909090909,3.6409030237429465
mixed,paired_stratified,0.7196969696969697,3.6464266278763042
mixed,paired_stratified,0.7234848484848485,3.6570678321804113
mixed,paired_stratified,0.7272727272727273,3.650127035188895
mixed,paired_stratified,0.7310606060606061,3.645869782947875
mixed,paired_stratified,0.7348484848484849,3.6405696588853225
mixed,paired_stratified,0.7386363636363636,3.636026641847216
mixed,paired_stratified,0.7424242424242424,3.650623800804432
mixed,paired_stratified,0.7462121212121212,3.6478650861050546
mixed,paired_stratified,0.75,3.642386839661991
mixed,paired_stratified,0.7537878787878788,3.639077262258874
mixed,paired_stratified,0.7575757575757576,3.627301047937348
mixed,paired_stratified,0.7613636363636364,3.623098048435516
mixed,paired_stratified,0.7651515151515151,3.6205907358228884
mixed,paired_stratified,0.7689393939393939,3.6266109214486533
mixed,paired_stratified,0.7727272727272727,3.6197106949947675
mixed,paired_stratified,0.7765151515151515,3.6260728264565394
mixed,paired_stratified,0.7803030303030303,3.622438423964637
mixed,paired_stratified,0.7840909090909091,3.6162616490118573
mixed,paired_stratified,0.7878787878787878,3.6128629855204255
mixed,paired_stratified,0.7916666666666666,3.6118213671227792
mixed,paired_stratified,0.7954545454545454,3.608614639173016
mixed,paired_stratified,0.7992424242424242,3.6048636792528312
mixed,paired_stratified,0.803030303030303,3.601768141436068
mixed,paired_stratified,0.8068181818181818,3.5961209715244533
mixed,paired_stratified,0.8106060606060606,3.5948240635768762
mixed,paired_stratified,0.8143939393939394,3.5894937265581603
mixed,paired_stratified,0.8181818181818182,3.585244111520614
mixed,paired_stratified,0.821969696969697,3.5822477636942316
mixed,paired_stratified,0.8257575757575758,3.590155898744941
mixed,paired_stratified,0.8295454545454546,3.605432139579911
mixed,paired_stratified,0.8333333333333334,3.6042199023021655
mixed,paired_stratified,0.8371212121212122,3.603371307490957
mixed,paired_stratified,0.8409090909090909,3.60177308938746
mixed,paired_stratified,0.8446969696969697,3.599432763509032
mixed,paired_stratified,0.8484848484848485,3.594091469678002
mixed,paired_stratified,0.8522727272727273,3.596910220987476
mixed,paired_stratified,0.8560606060606061,3.593524565517102
mixed,paired_stratified,0.8598484848484849,3.58957180122856
mixed,paired_stratified,0.8636363636363636,3.591636491156798
mixed,paired_stratified,0.8674242424242424,3.5826670976499426
mixed,paired_stratified,0.8712121212121212,3.585246014267735
mixed,paired_stratified,0.875,3.5825086421780186
mixed,paired_stratified,0.8787878787878788,3.576895326236309
mixed,paired_stratified,0.8825757575757576,3.5854920154692813
mixed,paired_stratified,0.8863636363636364,3.578543138938142
mixed,paired_stratified,0.8901515151515151,3.5771293969784224
mixed,paired_stratified,0.8939393939393939,3.5784973631683688
mixed,paired_stratified,0.8977272727272727,3.5770404743891517
mixed,paired_stratified,0.9015151515151515,3.5707337439165774
mixed,paired_stratified,0.9053030303030303,3.573932459906827
mixed,paired_stratified,0.9090909090909091,3.570836157643528
mixed,paired_stratified,0.9128787878787878,3.5704442240194223
mixed,paired_stratified,0.9166666666666666,3.5699741374814207
mixed,paired_stratified,0.9204545454545454,3.570614429648676
mixed,paired_stratified,0.9242424242424242,3.572570642997551
mixed,paired_stratified,0.928030303030303,3.570965858182029
mixed,paired_stratified,0.9318181818181818,3.565825376889546
mixed,paired_stratified,0.9356060606060606,3.568540273145653
mixed,paired_stratified,0.9393939393939394,3.5697351799297485
mixed,paired_stratified,0.9431818181818182,3.5717104053216038
mixed,paired_stratified,0.946969696969697,3.571498247463376
mixed,paired_stratified,0.9507575757575758,3.572703723291191
mixed,paired_stratified,0.9545454545454546,3.5703739698053223
mixed,paired_stratified,0.9583333333333334,3.571475080916669
mixed,paired_stratified,0.9621212121212122,3.5643118128729427
mixed,paired_stratified,0.9659090909090909,3.5653608947851048
mixed,paired_stratified,0.9696969696969697,3.5653377797992385
mixed,paired_stratified,0.9734848484848485,3.559147380495562
mixed,paired_stratified,0.9772727272727273,3.554834932485022
mixed,paired_stratified,0.9810606060606061,3.553925778653159
mixed,paired_stratified,0.9848484848484849,3.5513021114515477
mixed,paired_stratified,0.9886363636363636,3.5506683704461963
mixed,paired_stratified,0.9924242424242424,3.5522278557395595
mixed,paired_stratified,0.9962121212121212,3.5556787620894013
mixed,paired_stratified,1.0,3.561944630088339
from_SLR,baseline,0.007575757575757576,5.756834296263666
from_SLR,baseline,0.015151515151515152,5.554904349564244
from_SLR,baseline,0.022727272727272728,5.925916783088205
from_SLR,baseline,0.030303030303030304,5.934106769450126
from_SLR,baseline,0.03787878787878788,5.653695586308101
from_SLR,baseline,0.045454545454545456,5.190914527526249
from_SLR,baseline,0.05303030303030303,5.016034378559429
from_SLR,baseline,0.06060606060606061,5.177620682258022
from_SLR,baseline,0.06818181818181818,5.399466265770719
from_SLR,baseline,0.07575757575757576,5.581463514947619
from_SLR,baseline,0.08333333333333333,5.48120432565256
from_SLR,baseline,0.09090909090909091,5.3511510601326
from_SLR,baseline,0.09848484848484848,5.41959544612558
from_SLR,baseline,0.10606060606060606,5.307001832936734
from_SLR,baseline,0.11363636363636363,5.43468885775781
from_SLR,baseline,0.12121212121212122,5.506299486567461
from_SLR,baseline,0.12878787878787878,5.61757854538168
from_SLR,baseline,0.13636363636363635,5.718191241028822
from_SLR,baseline,0.14393939393939395,5.594976878057749
from_SLR,baseline,0.15151515151515152,5.557233425461569
from_SLR,baseline,0.1590909090909091,5.506032430896803
from_SLR,baseline,0.16666666666666666,5.444885303804863
from_SLR,baseline,0.17424242424242425,5.489339288245406
from_SLR,baseline,0.18181818181818182,5.401664003004229
from_SLR,baseline,0.1893939393939394,5.340231533566725
from_SLR,baseline,0.19696969696969696,5.341939797659626
from_SLR,baseline,0.20454545454545456,5.246553767682911
from_SLR,baseline,0.21212121212121213,5.219713546821475
from_SLR,baseline,0.2196969696969697,5.255041365121637
from_SLR,baseline,0.22727272727272727,5.25589405625399
from_SLR,baseline,0.23484848484848486,5.308772490613941
from_SLR,baseline,0.24242424242424243,5.300643043806223
from_SLR,baseline,0.25,5.2458453799816205
from_SLR,baseline,0.25757575757575757,5.252774122230796
from_SLR,baseline,0.26515151515151514,5.26686356131592
from_SLR,baseline,0.2727272727272727,5.301056317390005
from_SLR,baseline,0.2803030303030303,5.287326292323459
from_SLR,baseline,0.2878787878787879,5.290077455285609
from_SLR,baseline,0.29545454545454547,5.386500121824807
from_SLR,baseline,0.30303030303030304,5.354875202964922
from_SLR,baseline,0.3106060606060606,5.415031812327658
from_SLR,baseline,0.3181818181818182,5.381995788763615
from_SLR,baseline,0.32575757575757575,5.421538012268621
from_SLR,baseline,0.3333333333333333,5.474442177763643
from_SLR,baseline,0.3409090909090909,5.498408901616191
from_SLR,baseline,0.3484848484848485,5.5203159205714725
from_SLR,baseline,0.3560606060606061,5.5600777343942624
from_SLR,baseline,0.36363636363636365,5.584615511912933
from_SLR,baseline,0.3712121212121212,5.545194853707962
from_SLR,baseline,0.3787878787878788,5.568426378072033
from_SLR,baseline,0.38636363636363635,5.5133464860274115
from_SLR,baseline,0.3939393939393939,5.532249307930606
from_SLR,baseline,0.4015151515151515,5.480291221075366
from_SLR,baseline,0.4090909090909091,5.456995573465014
from_SLR,baseline,0.4166666666666667,5.438510293076902
from_SLR,baseline,0.42424242424242425,5.455030395456466
from_SLR,baseline,0.4318181818181818,5.468973944713873
from_SLR,baseline,0.4393939393939394,5.445926881632815
from_SLR,baseline,0.44696969696969696,5.449914121696114
from_SLR,baseline,0.45454545454545453,5.4752563316072695
from_SLR,baseline,0.4621212121212121,5.538831030147853
from_SLR,baseline,0.4696969696969697,5.539782984997682
from_SLR,baseline,0.4772727272727273,5.555616396556478
from_SLR,baseline,0.48484848484848486,5.546704856376279
from_SLR,baseline,0.49242424242424243,5.552307619998284
from_SLR,baseline,0.5,5.516232406185131
from_SLR,baseline,0.5075757575757576,5.511879069501592
from_SLR,baseline,0.5151515151515151,5.49218429502908
from_SLR,baseline,0.5227272727272727,5.4624349419734095
from_SLR,baseline,0.5303030303030303,5.467077047687003
from_SLR,baseline,0.5378787878787878,5.429129095171437
from_SLR,baseline,0.5454545454545454,5.443228116226092
from_SLR,baseline,0.553030303030303,5.4552473355062086
from_SLR,baseline,0.5606060606060606,5.460363210685717
from_SLR,baseline,0.5681818181818182,5.44640416531599
from_SLR,baseline,0.5757575757575758,5.469563379787437
from_SLR,baseline,0.5833333333333334,5.481368875706129
from_SLR,baseline,0.5909090909090909,5.419412577833942
from_SLR,baseline,0.5984848484848485,5.423016931424297
from_SLR,baseline,0.6060606060606061,5.418850978243573
from_SLR,baseline,0.6136363636363636,5.390443220841661
from_SLR,baseline,0.6212121212121212,5.384432493477611
from_SLR,baseline,0.6287878787878788,5.380983648188679
from_SLR,baseline,0.6363636363636364,5.344707119554093
from_SLR,baseline,0.6439393939393939,5.364686119117138
from_SLR,baseline,0.6515151515151515,5.347964134487114
from_SLR,baseline,0.6590909090909091,5.31624667464379
from_SLR,baseline,0.6666666666666666,5.316547589605411
from_SLR,baseline,0.6742424242424242,5.271193078506895
from_SLR,baseline,0.6818181818181818,5.287527820644668
from_SLR,baseline,0.6893939393939394,5.276165823435863
from_SLR,baseline,0.696969696969697,5.259429410225198
from_SLR,baseline,0.7045454545454546,5.26210859008697
from_SLR,baseline,0.7121212121212122,5.26221052180339
from_SLR,baseline,0.7196969696969697,5.249657860473989
from_SLR,baseline,0.7272727272727273,5.235697734972262
from_SLR,baseline,0.7348484848484849,5.207214736472793
from_SLR,baseline,0.7424242424242424,5.212082491939214
from_SLR,baseline,0.75,5.192537336379027
from_SLR,baseline,0.7575757575757576,5.198498945868089
from_SLR,baseline,0.7651515151515151,5.184408827138219
from_SLR,baseline,0.7727272727272727,5.154816443950885
from_SLR,baseline,0.7803030303030303,5.144212368590195
from_SLR,baseline,0.7878787878787878,5.144939791371542
from_SLR,baseline,0.7954545454545454,5.1174105294156265
from_SLR,baseline,0.803030303030303,5.108705250607511
from_SLR,baseline,0.8106060606060606,5.089568395121342
from_SLR,baseline,0.8181818181818182,5.077819996178725
from_SLR,baseline,0.8257575757575758,5.066029863346066
from_SLR,baseline,0.8333333333333334,5.045371054752832
from_SLR,baseline,0.8409090909090909,5.030970352601204
from_SLR,baseline,0.8484848484848485,5.049183370526218
from_SLR,baseline,0.8560606060606061,5.0289267444376975
from_SLR,baseline,0.8636363636363636,5.007008925682901
from_SLR,baseline,0.8712121212121212,5.002845110617542
from_SLR,baseline,0.8787878787878788,5.00302307322769
from_SLR,baseline,0.8863636363636364,4.991085401808713
from_SLR,baseline,0.8939393939393939,4.979201751529289
from_SLR,baseline,0.9015151515151515,4.96784851241086
from_SLR,baseline,0.9090909090909091,4.954306316461583
from_SLR,baseline,0.9166666666666666,4.955004701679081
from_SLR,baseline,0.9242424242424242,4.97339036484797
from_SLR,baseline,0.9318181818181818,4.9542956384222805
from_SLR,baseline,0.9393939393939394,4.965125318089922
from_SLR,baseline,0.946969696969697,4.971587920195511
from_SLR,baseline,0.9545454545454546,4.971412523520488
from_SLR,baseline,0.9621212121212122,4.980971512989096
from_SLR,baseline,0.9696969696969697,4.983649459962262
from_SLR,baseline,0.9772727272727273,4.985157470308863
from_SLR,baseline,0.9848484848484849,4.994782478171762
from_SLR,baseline,0.9924242424242424,5.004871757114292
from_SLR,baseline,1.0,5.019303015363469
from_SLR,self_bootstrap,0.007575757575757576,5.91737504169268
from_SLR,self_bootstrap,0.015151515151515152,5.491823617564452
from_SLR,self_bootstrap,0.022727272727272728,5.325250329451874
from_SLR,self_bootstrap,0.030303030303030304,5.235144636476104
from_SLR,self_bootstrap,0.03787878787878788,5.343294797832857
from_SLR,self_bootstrap,0.045454545454545456,5.085368697499341
from_SLR,self_bootstrap,0.05303030303030303,5.161555353919354
from_SLR,self_bootstrap,0.06060606060606061,5.309581226384162
from_SLR,self_bootstrap,0.06818181818181818,5.256918918279349
from_SLR,self_bootstrap,0.07575757575757576,5.476532567280387
from_SLR,self_bootstrap,0.08333333333333333,5.588470138763164
from_SLR,self_bootstrap,0.09090909090909091,5.404632322797624
from_SLR,self_bootstrap,0.09848484848484848,5.616563909568608
from_SLR,self_bootstrap,0.10606060606060606,5.488156520978268
from_SLR,self_bootstrap,0.11363636363636363,5.6172899523637625
from_SLR,self_bootstrap,0.12121212121212122,5.547288965107131
from_SLR,self_bootstrap,0.12878787878787878,5.485767782081683
from_SLR,self_bootstrap,0.13636363636363635,5.358179830505936
from_SLR,self_bootstrap,0.14393939393939395,5.34223590156195
from_SLR,self_bootstrap,0.15151515151515152,5.341288566028666
from_SLR,self_bootstrap,0.1590909090909091,5.368220248326197
from_SLR,self_bootstrap,0.16666666666666666,5.2492556184992845
from_SLR,self_bootstrap,0.17424242424242425,5.231010473664267
from_SLR,self_bootstrap,0.18181818181818182,5.278541896896562
from_SLR,self_bootstrap,0.1893939393939394,5.193120479984785
from_SLR,self_bootstrap,0.19696969696969696,5.278907118782285
from_SLR,self_bootstrap,0.20454545454545456,5.312945654073784
from_SLR,self_bootstrap,0.21212121212121213,5.288342113763787
from_SLR,self_bootstrap,0.2196969696969697,5.244974078257624
from_SLR,self_bootstrap,0.22727272727272727,5.209546506477676
from_SLR,self_bootstrap,0.23484848484848486,5.244457541233047
from_SLR,self_bootstrap,0.24242424242424243,5.326358998432543
from_SLR,self_bootstrap,0.25,5.410770542779723
from_SLR,self_bootstrap,0.25757575757575757,5.303036800062834
from_SLR,self_bootstrap,0.26515151515151514,5.285647837254512
from_SLR,self_bootstrap,0.2727272727272727,5.263695854263755
from_SLR,self_bootstrap,0.2803030303030303,5.228732853018054
from_SLR,self_bootstrap,0.2878787878787879,5.282708551794413
from_SLR,self_bootstrap,0.29545454545454547,5.291846365742184
from_SLR,self_bootstrap,0.30303030303030304,5.342564565598038
from_SLR,self_bootstrap,0.3106060606060606,5.298438611057932
from_SLR,self_bootstrap,0.3181818181818182,5.369938907263716
from_SLR,self_bootstrap,0.32575757575757575,5.385620714821641
from_SLR,self_bootstrap,0.3333333333333333,5.377535052334667
from_SLR,self_bootstrap,0.3409090909090909,5.371383753308112
from_SLR,self_bootstrap,0.3484848484848485,5.38438299838321
from_SLR,self_bootstrap,0.3560606060606061,5.367450899293824
from_SLR,self_bootstrap,0.36363636363636365,5.3511422341083055
from_SLR,self_bootstrap,0.3712121212121212,5.459683402933092
from_SLR,self_bootstrap,0.3787878787878788,5.4315865767431815
from_SLR,self_bootstrap,0.38636363636363635,5.435456726443583
from_SLR,self_bootstrap,0.3939393939393939,5.391495672742479
from_SLR,self_bootstrap,0.4015151515151515,5.444673378185868
from_SLR,self_bootstrap,0.4090909090909091,5.400894152276069
from_SLR,self_bootstrap,0.4166666666666667,5.395010374428254
from_SLR,self_bootstrap,0.42424242424242425,5.3984486934865865
from_SLR,self_bootstrap,0.4318181818181818,5.386874599321767
from_SLR,self_bootstrap,0.4393939393939394,5.37140045332179
from_SLR,self_bootstrap,0.44696969696969696,5.38053528227088
from_SLR,self_bootstrap,0.45454545454545453,5.392599644932978
from_SLR,self_bootstrap,0.4621212121212121,5.383612681686327
from_SLR,self_bootstrap,0.4696969696969697,5.409922869187171
from_SLR,self_bootstrap,0.4772727272727273,5.38669905821629
from_SLR,self_bootstrap,0.48484848484848486,5.366524614026283
from_SLR,self_bootstrap,0.49242424242424243,5.380216196865561
from_SLR,self_bootstrap,0.5,5.419246548063037
from_SLR,self_bootstrap,0.5075757575757576,5.433485757281644
from_SLR,self_bootstrap,0.5151515151515151,5.438592421739069
from_SLR,self_bootstrap,0.5227272727272727,5.406654527766347
from_SLR,self_bootstrap,0.5303030303030303,5.368217062542186
from_SLR,self_bootstrap,0.5378787878787878,5.389223898251643
from_SLR,self_bootstrap,0.5454545454545454,5.373334205228705
from_SLR,self_bootstrap,0.553030303030303,5.366098849231832
from_SLR,self_bootstrap,0.5606060606060606,5.382508959814313
from_SLR,self_bootstrap,0.5681818181818182,5.371468825121703
from_SLR,self_bootstrap,0.5757575757575758,5.323933719572776
from_SLR,self_bootstrap,0.5833333333333334,5.367379852715405
from_SLR,self_bootstrap,0.5909090909090909,5.365642185504238
from_SLR,self_bootstrap,0.5984848484848485,5.359825812405245
from_SLR,self_bootstrap,0.6060606060606061,5.3431915188679335
from_SLR,self_bootstrap,0.6136363636363636,5.381305766129827
from_SLR,self_bootstrap,0.6212121212121212,5.364176690144575
from_SLR,self_bootstrap,0.6287878787878788,5.365618228631464
from_SLR,self_bootstrap,0.6363636363636364,5.358607683023571
from_SLR,self_bootstrap,0.6439393939393939,5.337728085092411
from_SLR,self_bootstrap,0.6515151515151515,5.291871847449003
from_SLR,self_bootstrap,0.6590909090909091,5.2571294741041426
from_SLR,self_bootstrap,0.6666666666666666,5.273487452308852
from_SLR,self_bootstrap,0.6742424242424242,5.258239488735653
from_SLR,self_bootstrap,0.6818181818181818,5.243983939024136
from_SLR,self_bootstrap,0.6893939393939394,5.250133694563101
from_SLR,self_bootstrap,0.696969696969697,5.210136894453421
from_SLR,self_bootstrap,0.7045454545454546,5.192599216285341
from_SLR,self_bootstrap,0.7121212121212122,5.196489253100854
from_SLR,self_bootstrap,0.7196969696969697,5.213843929163201
from_SLR,self_bootstrap,0.7272727272727273,5.190683597064109
from_SLR,self_bootstrap,0.7348484848484849,5.17690711019673
from_SLR,self_bootstrap,0.7424242424242424,5.170551008998731
from_SLR,self_bootstrap,0.75,5.161352077727375
from_SLR,self_bootstrap,0.7575757575757576,5.153534861486415
from_SLR,self_bootstrap,0.7651515151515151,5.122055396371863
from_SLR,self_bootstrap,0.7727272727272727,5.102642790122411
from_SLR,self_bootstrap,0.7803030303030303,5.081924309201109
from_SLR,self_bootstrap,0.7878787878787878,5.055120120570257
from_SLR,self_bootstrap,0.7954545454545454,5.062252789428851
from_SLR,self_bootstrap,0.803030303030303,5.065991013486479
from_SLR,self_bootstrap,0.8106060606060606,5.080010737932601
from_SLR,self_bootstrap,0.8181818181818182,5.065199543226629
from_SLR,self_bootstrap,0.8257575757575758,5.037279898210252
from_SLR,self_bootstrap,0.8333333333333334,5.017207119098622
from_SLR,self_bootstrap,0.8409090909090909,5.003547661923995
from_SLR,self_bootstrap,0.8484848484848485,4.99971791580406
from_SLR,self_bootstrap,0.8560606060606061,4.9983221008421745
from_SLR,self_bootstrap,0.8636363636363636,4.981814258917872
from_SLR,self_bootstrap,0.8712121212121212,4.968639117549592
from_SLR,self_bootstrap,0.8787878787878788,4.976355197704694
from_SLR,self_bootstrap,0.8863636363636364,4.9584673728059485
from_SLR,self_bootstrap,0.8939393939393939,4.959346855760305
from_SLR,self_bootstrap,0.9015151515151515,4.9485978490231775
from_SLR,self_bootstrap,0.9090909090909091,4.954215181969251
from_SLR,self_bootstrap,0.9166666666666666,4.9541289718826365
from_SLR,self_bootstrap,0.9242424242424242,4.959873595527699
from_SLR,self_bootstrap,0.9318181818181818,4.947260083301367
from_SLR,self_bootstrap,0.9393939393939394,4.965470155040017
from_SLR,self_bootstrap,0.946969696969697,4.971701324031314
from_SLR,self_bootstrap,0.9545454545454546,4.972637972461029
from_SLR,self_bootstrap,0.9621212121212122,4.980129708898478
from_SLR,self_bootstrap,0.9696969696969697,4.980933486651873
from_SLR,self_bootstrap,0.9772727272727273,4.984136848814651
from_SLR,self_bootstrap,0.9848484848484849,4.99595054806882
from_SLR,self_bootstrap,0.9924242424242424,5.010211281482498
from_SLR,self_bootstrap,1.0,5.021368750857311
from_SLR,soft_mode_control,0.007575757575757576,4.306018352232425
from_SLR,soft_mode_control,0.015151515151515152,4.211318267840301
from_SLR,soft_mode_control,0.022727272727272728,5.128313648809673
from_SLR,soft_mode_control,0.030303030303030304,5.506202775755594
from_SLR,soft_mode_control,0.03787878787878788,5.010668454060913
from_SLR,soft_mode_control,0.045454545454545456,5.616943333210233
from_SLR,soft_mode_control,0.05303030303030303,5.3692589682821845
from_SLR,soft_mode_control,0.06060606060606061,5.34342120612897
from_SLR,soft_mode_control,0.06818181818181818,5.198462818027817
from_SLR,soft_mode_control,0.07575757575757576,5.393739247054275
from_SLR,soft_mode_control,0.08333333333333333,5.559794313455136
from_SLR,soft_mode_control,0.09090909090909091,5.54064207406945
from_SLR,soft_mode_control,0.09848484848484848,5.4883376719308545
from_SLR,soft_mode_control,0.10606060606060606,5.301581887131864
from_SLR,soft_mode_control,0.11363636363636363,5.269033660149623
from_SLR,soft_mode_control,0.12121212121212122,5.1972584488456945
from_SLR,soft_mode_control,0.12878787878787878,5.321252260074616
from_SLR,soft_mode_control,0.13636363636363635,5.355392310640428
from_SLR,soft_mode_control,0.14393939393939395,5.424107779365184
from_SLR,soft_mode_control,0.15151515151515152,5.4161728069549895
from_SLR,soft_mode_control,0.1590909090909091,5.416741592761322
from_SLR,soft_mode_control,0.16666666666666666,5.360997389000848
from_SLR,soft_mode_control,0.17424242424242425,5.351221970849584
from_SLR,soft_mode_control,0.18181818181818182,5.348017008958145
from_SLR,soft_mode_control,0.1893939393939394,5.321223552158087
from_SLR,soft_mode_control,0.19696969696969696,5.361661563567449
from_SLR,soft_mode_control,0.20454545454545456,5.3835729781861845
from_SLR,soft_mode_control,0.21212121212121213,5.308122855313889
from_SLR,soft_mode_control,0.2196969696969697,5.297171286969024
from_SLR,soft_mode_control,0.22727272727272727,5.371498658197814
from_SLR,soft_mode_control,0.23484848484848486,5.438249235449487
from_SLR,soft_mode_control,0.24242424242424243,5.350069404964295
from_SLR,soft_mode_control,0.25,5.316563150057285
from_SLR,soft_mode_control,0.25757575757575757,5.3077037618888205
from_SLR,soft_mode_control,0.26515151515151514,5.19004331787924
from_SLR,soft_mode_control,0.2727272727272727,5.17769501534018
from_SLR,soft_mode_control,0.2803030303030303,5.174839141249197
from_SLR,soft_mode_control,0.2878787878787879,5.283028044116767
from_SLR,soft_mode_control,0.29545454545454547,5.335583714071753
from_SLR,soft_mode_control,0.30303030303030304,5.355847470302474
from_SLR,soft_mode_control,0.3106060606060606,5.363699930434746
from_SLR,soft_mode_control,0.3181818181818182,5.359524060892585
from_SLR,soft_mode_control,0.32575757575757575,5.365181441997524
from_SLR,soft_mode_control,0.3333333333333333,5.356549135767557
from_SLR,soft_mode_control,0.3409090909090909,5.347220966446728
from_SLR,soft_mode_control,0.3484848484848485,5.343620184633498
from_SLR,soft_mode_control,0.3560606060606061,5.361434660434253
from_SLR,soft_mode_control,0.36363636363636365,5.378180465372371
from_SLR,soft_mode_control,0.3712121212121212,5.313669969847648
from_SLR,soft_mode_control,0.3787878787878788,5.319500096657671
from_SLR,soft_mode_control,0.38636363636363635,5.281642732828662
from_SLR,soft_mode_control,0.3939393939393939,5.278071299389739
from_SLR,soft_mode_control,0.4015151515151515,5.262290168379773
from_SLR,soft_mode_control,0.4090909090909091,5.318077086991013
from_SLR,soft_mode_control,0.4166666666666667,5.313599669222232
from_SLR,soft_mode_control,0.42424242424242425,5.284382391568024
from_SLR,soft_mode_control,0.4318181818181818,5.332143194250907
from_SLR,soft_mode_control,0.4393939393939394,5.349310076676811
from_SLR,soft_mode_control,0.44696969696969696,5.34332801872641
from_SLR,soft_mode_control,0.45454545454545453,5.417166549134042
from_SLR,soft_mode_control,0.4621212121212121,5.410147066852299
from_SLR,soft_mode_control,0.4696969696969697,5.376524239597799
from_SLR,soft_mode_control,0.4772727272727273,5.399908961003246
from_SLR,soft_mode_control,0.48484848484848486,5.374524717960253
from_SLR,soft_mode_control,0.49242424242424243,5.3628120093041245
from_SLR,soft_mode_control,0.5,5.3178133869386786
from_SLR,soft_mode_control,0.5075757575757576,5.327115456743712
from_SLR,soft_mode_control,0.5151515151515151,5.3015140481521215
from_SLR,soft_mode_control,0.5227272727272727,5.320266170900103
from_SLR,soft_mode_control,0.5303030303030303,5.323866256030933
from_SLR,soft_mode_control,0.5378787878787878,5.330844008352834
from_SLR,soft_mode_control,0.5454545454545454,5.32505755375264
from_SLR,soft_mode_control,0.553030303030303,5.302758718899459
from_SLR,soft_mode_control,0.5606060606060606,5.2857442013857785
from_SLR,soft_mode_control,0.5681818181818182,5.278814428961433
from_SLR,soft_mode_control,0.5757575757575758,5.289192213335751
from_SLR,soft_mode_control,0.5833333333333334,5.292158845278454
from_SLR,soft_mode_control,0.5909090909090909,5.295048815841337
from_SLR,soft_mode_control,0.5984848484848485,5.301362620371388
from_SLR,soft_mode_control,0.6060606060606061,5.277981390008498
from_SLR,soft_mode_control,0.6136363636363636,5.301006251646785
from_SLR,soft_mode_control,0.6212121212121212,5.289589331948531
from_SLR,soft_mode_control,0.6287878787878788,5.278661937531211
from_SLR,soft_mode_control,0.6363636363636364,5.260957338169009
from_SLR,soft_mode_control,0.6439393939393939,5.235781400143665
from_SLR,soft_mode_control,0.6515151515151515,5.218456397440939
from_SLR,soft_mode_control,0.6590909090909091,5.23230975131992
from_SLR,soft_mode_control,0.6666666666666666,5.24419490967772
from_SLR,soft_mode_control,0.6742424242424242,5.228958850767669
from_SLR,soft_mode_control,0.6818181818181818,5.230235725231863
from_SLR,soft_mode_control,0.6893939393939394,5.228857977565739
from_SLR,soft_mode_control,0.696969696969697,5.194882239077183
from_SLR,soft_mode_control,0.7045454545454546,5.184989541973478
from_SLR,soft_mode_control,0.7121212121212122,5.189149874517185
from_SLR,soft_mode_control,0.7196969696969697,5.182975373880414
from_SLR,soft_mode_control,0.7272727272727273,5.168472334214385
from_SLR,soft_mode_control,0.7348484848484849,5.1513104397597465
from_SLR,soft_mode_control,0.7424242424242424,5.11877349357417
from_SLR,soft_mode_control,0.75,5.097175800211976
from_SLR,soft_mode_control,0.7575757575757576,5.09454075874275
from_SLR,soft_mode_control,0.7651515151515151,5.072818589899392
from_SLR,soft_mode_control,0.7727272727272727,5.0476864612177845
from_SLR,soft_mode_control,0.7803030303030303,5.020809547883185
from_SLR,soft_mode_control,0.7878787878787878,5.031948158348785
from_SLR,soft_mode_control,0.7954545454545454,5.005017010724694
from_SLR,soft_mode_control,0.803030303030303,4.989051678399366
from_SLR,soft_mode_control,0.8106060606060606,4.966597741875328
from_SLR,soft_mode_control,0.8181818181818182,4.943042777981794
from_SLR,soft_mode_control,0.8257575757575758,4.932123969907924
from_SLR,soft_mode_control,0.8333333333333334,4.906346398951668
from_SLR,soft_mode_control,0.8409090909090909,4.9058092341917865
from_SLR,soft_mode_control,0.8484848484848485,4.902933578206119
from_SLR,soft_mode_control,0.8560606060606061,4.9012489129736245
from_SLR,soft_mode_control,0.8636363636363636,4.877002801525356
from_SLR,soft_mode_control,0.8712121212121212,4.861608150907895
from_SLR,soft_mode_control,0.8787878787878788,4.843101493408069
from_SLR,soft_mode_control,0.8863636363636364,4.844695596160196
from_SLR,soft_mode_control,0.8939393939393939,4.832510681517952
from_SLR,soft_mode_control,0.9015151515151515,4.841064176374492
from_SLR,soft_mode_control,0.9090909090909091,4.833867778852223
from_SLR,soft_mode_control,0.9166666666666666,4.829813630917834
from_SLR,soft_mode_control,0.9242424242424242,4.838928258197638
from_SLR,soft_mode_control,0.9318181818181818,4.840158251573343
from_SLR,soft_mode_control,0.9393939393939394,4.8419898681371665
from_SLR,soft_mode_control,0.946969696969697,4.85048321341143
from_SLR,soft_mode_control,0.9545454545454546,4.84805072206169
from_SLR,soft_mode_control,0.9621212121212122,4.871864024122471
from_SLR,soft_mode_control,0.9696969696969697,4.879894296516644
from_SLR,soft_mode_control,0.9772727272727273,4.892645570281975
from_SLR,soft_mode_control,0.9848484848484849,4.899088157334467
from_SLR,soft_mode_control,0.9924242424242424,4.923971983715592
from_SLR,soft_mode_control,1.0,4.954642185981125
from_SLR,paired_union,0.007575757575757576,3.9537899615853553
from_SLR,paired_union,0.015151515151515152,4.065825569108529
from_SLR,paired_union,0.022727272727272728,4.52713965227323
from_SLR,paired_union,0.030303030303030304,5.158475183689421
from_SLR,paired_union,0.03787878787878788,5.063128352820121
from_SLR,paired_union,0.045454545454545456,4.706927371318739
from_SLR,paired_union,0.05303030303030303,5.2585470673798875
from_SLR,paired_union,0.06060606060606061,5.079567974421977
from_SLR,paired_union,0.06818181818181818,5.21631868352674
from_SLR,paired_union,0.07575757575757576,5.4740816666280585
from_SLR,paired_union,0.08333333333333333,5.511262130815389
from_SLR,paired_union,0.09090909090909091,5.4926055277130645
from_SLR,paired_union,0.09848484848484848,5.506164799794095
from_SLR,paired_union,0.10606060606060606,5.456406759386909
from_SLR,paired_union,0.11363636363636363,5.306243979764992
from_SLR,paired_union,0.12121212121212122,5.18482475225566
from_SLR,paired_union,0.12878787878787878,5.176185844299217
from_SLR,paired_union,0.13636363636363635,5.098050915241714
from_SLR,paired_union,0.14393939393939395,5.122689314913004
from_SLR,paired_union,0.15151515151515152,5.053916967876065
from_SLR,paired_union,0.1590909090909091,5.024823120463516
from_SLR,paired_union,0.16666666666666666,4.975706725746719
from_SLR,paired_union,0.17424242424242425,5.025446369805963
from_SLR,paired_union,0.18181818181818182,5.012185473137493
from_SLR,paired_union,0.1893939393939394,5.106629453554318
from_SLR,paired_union,0.19696969696969696,5.102848555956354
from_SLR,paired_union,0.20454545454545456,5.095477354648337
from_SLR,paired_union,0.21212121212121213,5.013843835108673
from_SLR,paired_union,0.2196969696969697,5.055818373171914
from_SLR,paired_union,0.22727272727272727,5.067126909666581
from_SLR,paired_union,0.23484848484848486,5.114096722980965
from_SLR,paired_union,0.24242424242424243,5.087714633145091
from_SLR,paired_union,0.25,5.121531810898115
from_SLR,paired_union,0.25757575757575757,5.056258678594314
from_SLR,paired_union,0.26515151515151514,5.157323688061552
from_SLR,paired_union,0.2727272727272727,5.095379907046623
from_SLR,paired_union,0.2803030303030303,5.094020846978405
from_SLR,paired_union,0.2878787878787879,5.043027269091101
from_SLR,paired_union,0.29545454545454547,5.017711333786251
from_SLR,paired_union,0.30303030303030304,4.980400937306595
from_SLR,paired_union,0.3106060606060606,4.977198203350638
from_SLR,paired_union,0.3181818181818182,5.035917807479399
from_SLR,paired_union,0.32575757575757575,5.006651364094311
from_SLR,paired_union,0.3333333333333333,5.0455730008701325
from_SLR,paired_union,0.3409090909090909,5.067017614219765
from_SLR,paired_union,0.3484848484848485,5.132258051993677
from_SLR,paired_union,0.3560606060606061,5.180247921358568
from_SLR,paired_union,0.36363636363636365,5.142523323201394
from_SLR,paired_union,0.3712121212121212,5.109877056626071
from_SLR,paired_union,0.3787878787878788,5.109557624988728
from_SLR,paired_union,0.38636363636363635,5.093954984184134
from_SLR,paired_union,0.3939393939393939,5.0693907207213
from_SLR,paired_union,0.4015151515151515,5.058550232058913
from_SLR,paired_union,0.4090909090909091,5.031399405846326
from_SLR,paired_union,0.4166666666666667,5.00152323518783
from_SLR,paired_union,0.42424242424242425,5.0260603884774335
from_SLR,paired_union,0.4318181818181818,5.059217518404794
from_SLR,paired_union,0.4393939393939394,5.119267393201371
from_SLR,paired_union,0.44696969696969696,5.132375114050338
from_SLR,paired_union,0.45454545454545453,5.117234138581345
from_SLR,paired_union,0.4621212121212121,5.124292700022187
from_SLR,paired_union,0.4696969696969697,5.131471164406855
from_SLR,paired_union,0.4772727272727273,5.1421635671707655
from_SLR,paired_union,0.48484848484848486,5.156511461558325
from_SLR,paired_union,0.49242424242424243,5.155569574601535
from_SLR,paired_union,0.5,5.158116109829593
from_SLR,paired_union,0.5075757575757576,5.140597005755281
from_SLR,paired_union,0.5151515151515151,5.132478317224759
from_SLR,paired_union,0.5227272727272727,5.105472761181769
from_SLR,paired_union,0.5303030303030303,5.108400998208175
from_SLR,paired_union,0.5378787878787878,5.125160053653698
from_SLR,paired_union,0.5454545454545454,5.1226936324629655
from_SLR,paired_union,0.553030303030303,5.130912094951545
from_SLR,paired_union,0.5606060606060606,5.107283681608144
from_SLR,paired_union,0.5681818181818182,5.1395464747410315
from_SLR,paired_union,0.5757575757575758,5.145352757482893
from_SLR,paired_union,0.5833333333333334,5.122505490866643
from_SLR,paired_union,0.5909090909090909,5.119343748678478
from_SLR,paired_union,0.5984848484848485,5.11372071175878
from_SLR,paired_union,0.6060606060606061,5.1357960178468005
from_SLR,paired_union,0.6136363636363636,5.178796394595679
from_SLR,paired_union,0.6212121212121212,5.143367862279461
from_SLR,paired_union,0.6287878787878788,5.11625492600034
from_SLR,paired_union,0.6363636363636364,5.08973824319807
from_SLR,paired_union,0.6439393939393939,5.079500954286538
from_SLR,paired_union,0.6515151515151515,5.05777634258056
from_SLR,paired_union,0.6590909090909091,5.009813288818376
from_SLR,paired_union,0.6666666666666666,4.9933220439570425
from_SLR,paired_union,0.6742424242424242,4.997952717605778
from_SLR,paired_union,0.6818181818181818,4.968993471594755
from_SLR,paired_union,0.6893939393939394,4.93250152205638
from_SLR,paired_union,0.696969696969697,4.895463670486625
from_SLR,paired_union,0.7045454545454546,4.890663799567634
from_SLR,paired_union,0.7121212121212122,4.905622176237073
from_SLR,paired_union,0.7196969696969697,4.896176219251014
from_SLR,paired_union,0.7272727272727273,4.9142754032605716
from_SLR,paired_union,0.7348484848484849,4.925956475330707
from_SLR,paired_union,0.7424242424242424,4.910642443639653
from_SLR,paired_union,0.75,4.9055563213468085
from_SLR,paired_union,0.7575757575757576,4.881280799386695
from_SLR,paired_union,0.7651515151515151,4.8841513966131505
from_SLR,paired_union,0.7727272727272727,4.86752709098925
from_SLR,paired_union,0.7803030303030303,4.867592807692866
from_SLR,paired_union,0.7878787878787878,4.870640784686909
from_SLR,paired_union,0.7954545454545454,4.855152721433917
from_SLR,paired_union,0.803030303030303,4.848767714072815
from_SLR,paired_union,0.8106060606060606,4.827832510166233
from_SLR,paired_union,0.8181818181818182,4.811924646333881
from_SLR,paired_union,0.8257575757575758,4.812702730071326
from_SLR,paired_union,0.8333333333333334,4.793607861741485
from_SLR,paired_union,0.8409090909090909,4.7970418586641115
from_SLR,paired_union,0.8484848484848485,4.778151118189961
from_SLR,paired_union,0.8560606060606061,4.759597054334825
from_SLR,paired_union,0.8636363636363636,4.747352094058964
from_SLR,paired_union,0.8712121212121212,4.731147607819721
from_SLR,paired_union,0.8787878787878788,4.741468869729153
from_SLR,paired_union,0.8863636363636364,4.753015897928541
from_SLR,paired_union,0.8939393939393939,4.769500997541318
from_SLR,paired_union,0.9015151515151515,4.7593624650359585
from_SLR,paired_union,0.9090909090909091,4.755971158515521
from_SLR,paired_union,0.9166666666666666,4.752536156235952
from_SLR,paired_union,0.9242424242424242,4.761534208804344
from_SLR,paired_union,0.9318181818181818,4.774222274536186
from_SLR,paired_union,0.9393939393939394,4.78306980624145
from_SLR,paired_union,0.946969696969697,4.783645803963174
from_SLR,paired_union,0.9545454545454546,4.796530845515497
from_SLR,paired_union,0.9621212121212122,4.8215652996858465
from_SLR,paired_union,0.9696969696969697,4.829855933533187
from_SLR,paired_union,0.9772727272727273,4.841068727218944
from_SLR,paired_union,0.9848484848484849,4.848362974170192
from_SLR,paired_union,0.9924242424242424,4.851372656994716
from_SLR,paired_union,1.0,4.86198910468211
from_SLR,paired_stratified,0.007575757575757576,4.074967150129979
from_SLR,paired_stratified,0.015151515151515152,5.607867553553306
from_SLR,paired_stratified,0.022727272727272728,5.3354718927765745
from_SLR,paired_stratified,0.030303030303030304,5.55622187463882
from_SLR,paired_stratified,0.03787878787878788,5.446635348616386
from_SLR,paired_stratified,0.045454545454545456,4.9466415865803235
from_SLR,paired_stratified,0.05303030303030303,5.061742152637159
from_SLR,paired_stratified,0.06060606060606061,5.45646120394606
from_SLR,paired_stratified,0.06818181818181818,5.383808260912907
from_SLR,paired_stratified,0.07575757575757576,5.313937724039179
from_SLR,paired_stratified,0.08333333333333333,5.523475718912953
from_SLR,paired_stratified,0.09090909090909091,5.479617700206176
from_SLR,paired_stratified,0.09848484848484848,5.344012722572703
from_SLR,paired_stratified,0.10606060606060606,5.438979961809152
from_SLR,paired_stratified,0.11363636363636363,5.2155715767723905
from_SLR,paired_stratified,0.12121212121212122,5.251604298484725
from_SLR,paired_stratified,0.12878787878787878,5.2054307103424895
from_SLR,paired_stratified,0.13636363636363635,5.1708298943645525
from_SLR,paired_stratified,0.14393939393939395,5.1217748567503945
from_SLR,paired_stratified,0.15151515151515152,5.025856393797263
from_SLR,paired_stratified,0.1590909090909091,5.02282637032546
from_SLR,paired_stratified,0.16666666666666666,5.024184476721381
from_SLR,paired_stratified,0.17424242424242425,5.0110886482394665
from_SLR,paired_stratified,0.18181818181818182,5.03692102698669
from_SLR,paired_stratified,0.1893939393939394,5.034774901092219
from_SLR,paired_stratified,0.19696969696969696,4.988956204260315
from_SLR,paired_stratified,0.20454545454545456,4.926215979765053
from_SLR,paired_stratified,0.21212121212121213,4.945413691458496
from_SLR,paired_stratified,0.2196969696969697,4.934042632318499
from_SLR,paired_stratified,0.22727272727272727,4.927859161862547
from_SLR,paired_stratified,0.23484848484848486,4.922836827732749
from_SLR,paired_stratified,0.24242424242424243,4.93137260072304
from_SLR,paired_stratified,0.25,4.894370332693385
from_SLR,paired_stratified,0.25757575757575757,4.903350435476263
from_SLR,paired_stratified,0.26515151515151514,4.8787363115674935
from_SLR,paired_stratified,0.2727272727272727,4.916905492103565
from_SLR,paired_stratified,0.2803030303030303,4.912992840032312
from_SLR,paired_stratified,0.2878787878787879,4.896393305126675
from_SLR,paired_stratified,0.29545454545454547,4.901540654295567
from_SLR,paired_stratified,0.30303030303030304,4.875423607653219
from_SLR,paired_stratified,0.3106060606060606,5.008432604631786
from_SLR,paired_stratified,0.3181818181818182,4.928523103486395
from_SLR,paired_stratified,0.32575757575757575,4.9747076329802375
from_SLR,paired_stratified,0.3333333333333333,5.078087505599446
from_SLR,paired_stratified,0.3409090909090909,5.111103902481214
from_SLR,paired_stratified,0.3484848484848485,5.166130816129508
from_SLR,paired_stratified,0.3560606060606061,5.144096976389756
from_SLR,paired_stratified,0.36363636363636365,5.1491137382769026
from_SLR,paired_stratified,0.3712121212121212,5.145361454335656
from_SLR,paired_stratified,0.3787878787878788,5.102117197805853
from_SLR,paired_stratified,0.38636363636363635,5.065302410466263
from_SLR,paired_stratified,0.3939393939393939,5.059078879093701
from_SLR,paired_stratified,0.4015151515151515,5.0799900909335785
from_SLR,paired_stratified,0.4090909090909091,5.044443907108749
from_SLR,paired_stratified,0.4166666666666667,5.057956591581025
from_SLR,paired_stratified,0.42424242424242425,5.074122836131057
from_SLR,paired_stratified,0.4318181818181818,5.090188809349844
from_SLR,paired_stratified,0.4393939393939394,5.0826440427198945
from_SLR,paired_stratified,0.44696969696969696,5.07729815040161
from_SLR,paired_stratified,0.45454545454545453,5.088844354944414
from_SLR,paired_stratified,0.4621212121212121,5.105079670462648
from_SLR,paired_stratified,0.4696969696969697,5.1066431331795465
from_SLR,paired_stratified,0.4772727272727273,5.142914745354967
from_SLR,paired_stratified,0.48484848484848486,5.144818763114275
from_SLR,paired_stratified,0.49242424242424243,5.116362418102601
from_SLR,paired_stratified,0.5,5.11972111456621
from_SLR,paired_stratified,0.5075757575757576,5.1069330743553625
from_SLR,paired_stratified,0.5151515151515151,5.121921467716294
from_SLR,paired_stratified,0.5227272727272727,5.116914496336693
from_SLR,paired_stratified,0.5303030303030303,5.122987065939763
from_SLR,paired_stratified,0.5378787878787878,5.099124979620063
from_SLR,paired_stratified,0.5454545454545454,5.096407803242005
from_SLR,paired_stratified,0.553030303030303,5.099359320371374
from_SLR,paired_stratified,0.5606060606060606,5.085083236001022
from_SLR,paired_stratified,0.5681818181818182,5.118192302287192
from_SLR,paired_stratified,0.5757575757575758,5.106165904787907
from_SLR,paired_stratified,0.5833333333333334,5.119180003195137
from_SLR,paired_stratified,0.5909090909090909,5.142242538377777
from_SLR,paired_stratified,0.5984848484848485,5.13677312139798
from_SLR,paired_stratified,0.6060606060606061,5.134204044605995
from_SLR,paired_stratified,0.6136363636363636,5.180118857703795
from_SLR,paired_stratified,0.6212121212121212,5.145842073171664
from_SLR,paired_stratified,0.6287878787878788,5.119107639400868
from_SLR,paired_stratified,0.6363636363636364,5.095283742963423
from_SLR,paired_stratified,0.6439393939393939,5.0902403827902125
from_SLR,paired_stratified,0.6515151515151515,5.065739863905847
from_SLR,paired_stratified,0.6590909090909091,5.0358170484121105
from_SLR,paired_stratified,0.6666666666666666,5.02393736744099
from_SLR,paired_stratified,0.6742424242424242,5.0025306441333655
from_SLR,paired_stratified,0.6818181818181818,4.965997515150288
from_SLR,paired_stratified,0.6893939393939394,4.938759129841588
from_SLR,paired_stratified,0.696969696969697,4.901972509456342
from_SLR,paired_stratified,0.7045454545454546,4.923642445031876
from_SLR,paired_stratified,0.7121212121212122,4.911329513247419
from_SLR,paired_stratified,0.7196969696969697,4.902741683928621
from_SLR,paired_stratified,0.7272727272727273,4.921113690982957
from_SLR,paired_stratified,0.7348484848484849,4.920501520379218
from_SLR,paired_stratified,0.7424242424242424,4.922503055439091
from_SLR,paired_stratified,0.75,4.923858651948112
from_SLR,paired_stratified,0.7575757575757576,4.910442983848848
from_SLR,paired_stratified,0.7651515151515151,4.8941794356228066
from_SLR,paired_stratified,0.7727272727272727,4.882623990885865
from_SLR,paired_stratified,0.7803030303030303,4.871787270104995
from_SLR,paired_stratified,0.7878787878787878,4.8612511281078605
from_SLR,paired_stratified,0.7954545454545454,4.868411564798788
from_SLR,paired_stratified,0.803030303030303,4.852494843242092
from_SLR,paired_stratified,0.8106060606060606,4.837816936737515
from_SLR,paired_stratified,0.8181818181818182,4.836871576257378
from_SLR,paired_stratified,0.8257575757575758,4.817760928632885
from_SLR,paired_stratified,0.8333333333333334,4.806706508264326
from_SLR,paired_stratified,0.8409090909090909,4.798848283180198
from_SLR,paired_stratified,0.8484848484848485,4.777195857905663
from_SLR,paired_stratified,0.8560606060606061,4.765594784863698
from_SLR,paired_stratified,0.8636363636363636,4.751106418258447
from_SLR,paired_stratified,0.8712121212121212,4.7340662573225485
from_SLR,paired_stratified,0.8787878787878788,4.759243788196616
from_SLR,paired_stratified,0.8863636363636364,4.759715281781614
from_SLR,paired_stratified,0.8939393939393939,4.769175973792208
from_SLR,paired_stratified,0.9015151515151515,4.762306304647411
from_SLR,paired_stratified,0.9090909090909091,4.760656090150846
from_SLR,paired_stratified,0.9166666666666666,4.755678342091407
from_SLR,paired_stratified,0.9242424242424242,4.749140868478576
from_SLR,paired_stratified,0.9318181818181818,4.766493563662748
from_SLR,paired_stratified,0.9393939393939394,4.7731496270076486
from_SLR,paired_stratified,0.946969696969697,4.77145665939922
from_SLR,paired_stratified,0.9545454545454546,4.78105652307926
from_SLR,paired_stratified,0.9621212121212122,4.802593930351055
from_SLR,paired_stratified,0.9696969696969697,4.808435531474091
from_SLR,paired_stratified,0.9772727272727273,4.817608100809276
from_SLR,paired_stratified,0.9848484848484849,4.823019354554031
from_SLR,paired_stratified,0.9924242424242424,4.823830752175202
from_SLR,paired_stratified,1.0,4.832788257148011
from_ipod,baseline,0.007575757575757576,2.834182627037206
from_ipod,baseline,0.015151515151515152,3.7509017075491204
from_ipod,baseline,0.022727272727272728,4.100813187801729
from_ipod,baseline,0.030303030303030304,4.079548039108192
from_ipod,baseline,0.03787878787878788,4.490007741757905
from_ipod,baseline,0.045454545454545456,4.635214519201985
from_ipod,baseline,0.05303030303030303,4.886073183092173
from_ipod,baseline,0.06060606060606061,4.812594486437215
from_ipod,baseline,0.06818181818181818,4.7329930544167125
from_ipod,baseline,0.07575757575757576,4.870176565952511
from_ipod,baseline,0.08333333333333333,4.985502155172815
from_ipod,baseline,0.09090909090909091,5.0025575109606635
from_ipod,baseline,0.09848484848484848,4.969275452618746
from_ipod,baseline,0.10606060606060606,5.128520816914068
from_ipod,baseline,0.11363636363636363,5.113801306301346
from_ipod,baseline,0.12121212121212122,5.182736433335838
from_ipod,baseline,0.12878787878787878,5.170568572383114
from_ipod,baseline,0.13636363636363635,5.2032379101900075
from_ipod,baseline,0.14393939393939395,5.218009905060572
from_ipod,baseline,0.15151515151515152,5.300458167563781
from_ipod,baseline,0.1590909090909091,5.359257089390094
from_ipod,baseline,0.16666666666666666,5.345869634288849
from_ipod,baseline,0.17424242424242425,5.297726349602676
from_ipod,baseline,0.18181818181818182,5.290968893485215
from_ipod,baseline,0.1893939393939394,5.282184561906919
from_ipod,baseline,0.19696969696969696,5.275256021624581
from_ipod,baseline,0.20454545454545456,5.328261576900665
from_ipod,baseline,0.21212121212121213,5.3424794230915085
from_ipod,baseline,0.2196969696969697,5.347954443581675
from_ipod,baseline,0.22727272727272727,5.316785692872149
from_ipod,baseline,0.23484848484848486,5.388350556660552
from_ipod,baseline,0.24242424242424243,5.365114306437303
from_ipod,baseline,0.25,5.362864177951138
from_ipod,baseline,0.25757575757575757,5.366039290436444
from_ipod,baseline,0.26515151515151514,5.450087044752127
from_ipod,baseline,0.2727272727272727,5.493943889156672
from_ipod,baseline,0.2803030303030303,5.454792765517233
from_ipod,baseline,0.2878787878787879,5.420540293144785
from_ipod,baseline,0.29545454545454547,5.382198488457804
from_ipod,baseline,0.30303030303030304,5.387295828333467
from_ipod,baseline,0.3106060606060606,5.391761959745499
from_ipod,baseline,0.3181818181818182,5.378229895661254
from_ipod,baseline,0.32575757575757575,5.446896150354881
from_ipod,baseline,0.3333333333333333,5.457453310096653
from_ipod,baseline,0.3409090909090909,5.523864847146034
from_ipod,baseline,0.3484848484848485,5.5308075594616986
from_ipod,baseline,0.3560606060606061,5.516271249477548
from_ipod,baseline,0.36363636363636365,5.5574311703725465
from_ipod,baseline,0.3712121212121212,5.5967172383117045
from_ipod,baseline,0.3787878787878788,5.666377069343824
from_ipod,baseline,0.38636363636363635,5.703412999851374
from_ipod,baseline,0.3939393939393939,5.719362218680604
from_ipod,baseline,0.4015151515151515,5.676080710963096
from_ipod,baseline,0.4090909090909091,5.6432760711175485
from_ipod,baseline,0.4166666666666667,5.645708235007636
from_ipod,baseline,0.42424242424242425,5.671382682315868
from_ipod,baseline,0.4318181818181818,5.655891040447741
from_ipod,baseline,0.4393939393939394,5.708017670019146
from_ipod,baseline,0.44696969696969696,5.68831523780385
from_ipod,baseline,0.45454545454545453,5.680931214586189
from_ipod,baseline,0.4621212121212121,5.707356463027402
from_ipod,baseline,0.4696969696969697,5.733619895889137
from_ipod,baseline,0.4772727272727273,5.726679878922018
from_ipod,baseline,0.48484848484848486,5.739527061791148
from_ipod,baseline,0.49242424242424243,5.748483671502835
from_ipod,baseline,0.5,5.748432631023522
from_ipod,baseline,0.5075757575757576,5.733499641677604
from_ipod,baseline,0.5151515151515151,5.695918246096561
from_ipod,baseline,0.5227272727272727,5.695252074637768
from_ipod,baseline,0.5303030303030303,5.695630193667255
from_ipod,baseline,0.5378787878787878,5.698517548013368
from_ipod,baseline,0.5454545454545454,5.699402281931467
from_ipod,baseline,0.553030303030303,5.687960670699199
from_ipod,baseline,0.5606060606060606,5.678629946747582
from_ipod,baseline,0.5681818181818182,5.682303002208182
from_ipod,baseline,0.5757575757575758,5.661316605046846
from_ipod,baseline,0.5833333333333334,5.663611168361182
from_ipod,baseline,0.5909090909090909,5.706432838528362
from_ipod,baseline,0.5984848484848485,5.691946222635103
from_ipod,baseline,0.6060606060606061,5.668861010933964
from_ipod,baseline,0.6136363636363636,5.672899097413947
from_ipod,baseline,0.6212121212121212,5.6744456847049385
from_ipod,baseline,0.6287878787878788,5.665075953505954
from_ipod,baseline,0.6363636363636364,5.669740646130978
from_ipod,baseline,0.6439393939393939,5.666391087431294
from_ipod,baseline,0.6515151515151515,5.706099285718465
from_ipod,baseline,0.6590909090909091,5.7244381745070605
from_ipod,baseline,0.6666666666666666,5.7260186903604335
from_ipod,baseline,0.6742424242424242,5.743106706346317
from_ipod,baseline,0.6818181818181818,5.755444938170875
from_ipod,baseline,0.6893939393939394,5.756978070190915
from_ipod,baseline,0.696969696969697,5.765706864634993
from_ipod,baseline,0.7045454545454546,5.789299693626375
from_ipod,baseline,0.7121212121212122,5.788504163437924
from_ipod,baseline,0.7196969696969697,5.789006405383357
from_ipod,baseline,0.7272727272727273,5.788391938703529
from_ipod,baseline,0.7348484848484849,5.7963236192495105
from_ipod,baseline,0.7424242424242424,5.805169032054645
from_ipod,baseline,0.75,5.785196863259498
from_ipod,baseline,0.7575757575757576,5.786341162109461
from_ipod,baseline,0.7651515151515151,5.800976231385704
from_ipod,baseline,0.7727272727272727,5.790066212665888
from_ipod,baseline,0.7803030303030303,5.785230087968965
from_ipod,baseline,0.7878787878787878,5.794456085472494
from_ipod,baseline,0.7954545454545454,5.792320437909098
from_ipod,baseline,0.803030303030303,5.791425070409616
from_ipod,baseline,0.8106060606060606,5.785058030227987
from_ipod,baseline,0.8181818181818182,5.76485697649803
from_ipod,baseline,0.8257575757575758,5.755258402328092
from_ipod,baseline,0.8333333333333334,5.759209561598831
from_ipod,baseline,0.8409090909090909,5.788548364054325
from_ipod,baseline,0.8484848484848485,5.769584809321903
from_ipod,baseline,0.8560606060606061,5.759534514424096
from_ipod,baseline,0.8636363636363636,5.761983993075018
from_ipod,baseline,0.8712121212121212,5.766235793263764
from_ipod,baseline,0.8787878787878788,5.76878058434234
from_ipod,baseline,0.8863636363636364,5.794370787360832
from_ipod,baseline,0.8939393939393939,5.784213866792139
from_ipod,baseline,0.9015151515151515,5.796502402658447
from_ipod,baseline,0.9090909090909091,5.808417567238579
from_ipod,baseline,0.9166666666666666,5.819299268568983
from_ipod,baseline,0.9242424242424242,5.847794017310936
from_ipod,baseline,0.9318181818181818,5.857330567205421
from_ipod,baseline,0.9393939393939394,5.872155689723891
from_ipod,baseline,0.946969696969697,5.893013298584702
from_ipod,baseline,0.9545454545454546,5.936288997907204
from_ipod,baseline,0.9621212121212122,5.946977424084625
from_ipod,baseline,0.9696969696969697,5.9625954967159345
from_ipod,baseline,0.9772727272727273,5.962128333896786
from_ipod,baseline,0.9848484848484849,5.96404814814823
from_ipod,baseline,0.9924242424242424,5.963537689715831
from_ipod,baseline,1.0,5.963468417734144
from_ipod,self_bootstrap,0.007575757575757576,3.8233548574233076
from_ipod,self_bootstrap,0.015151515151515152,3.8798093123477044
from_ipod,self_bootstrap,0.022727272727272728,4.224349963880132
from_ipod,self_bootstrap,0.030303030303030304,4.6522960338879225
from_ipod,self_bootstrap,0.03787878787878788,4.850953444579317
from_ipod,self_bootstrap,0.045454545454545456,5.064264244932107
from_ipod,self_bootstrap,0.05303030303030303,5.168239691218644
from_ipod,self_bootstrap,0.06060606060606061,5.27551707385276
from_ipod,self_bootstrap,0.06818181818181818,5.129237787980491
from_ipod,self_bootstrap,0.07575757575757576,5.140087773915317
from_ipod,self_bootstrap,0.08333333333333333,5.147611087960183
from_ipod,self_bootstrap,0.09090909090909091,5.283650731758318
from_ipod,self_bootstrap,0.09848484848484848,5.224748860508163
from_ipod,self_bootstrap,0.10606060606060606,5.218439708053758
from_ipod,self_bootstrap,0.11363636363636363,5.18207466098103
from_ipod,self_bootstrap,0.12121212121212122,5.24719539600333
from_ipod,self_bootstrap,0.12878787878787878,5.220251680132161
from_ipod,self_bootstrap,0.13636363636363635,5.225397931426996
from_ipod,self_bootstrap,0.14393939393939395,5.217226553474284
from_ipod,self_bootstrap,0.15151515151515152,5.30902345628549
from_ipod,self_bootstrap,0.1590909090909091,5.244258776933607
from_ipod,self_bootstrap,0.16666666666666666,5.211257388793627
from_ipod,self_bootstrap,0.17424242424242425,5.283146231890366
from_ipod,self_bootstrap,0.18181818181818182,5.317951407072947
from_ipod,self_bootstrap,0.1893939393939394,5.312416368380133
from_ipod,self_bootstrap,0.19696969696969696,5.27875298084268
from_ipod,self_bootstrap,0.20454545454545456,5.313837097383483
from_ipod,self_bootstrap,0.21212121212121213,5.34337018107578
from_ipod,self_bootstrap,0.2196969696969697,5.359886252698902
from_ipod,self_bootstrap,0.22727272727272727,5.378262801059325
from_ipod,self_bootstrap,0.23484848484848486,5.463972909660499
from_ipod,self_bootstrap,0.24242424242424243,5.448587479602675
from_ipod,self_bootstrap,0.25,5.5294380891631
from_ipod,self_bootstrap,0.25757575757575757,5.526621595761899
from_ipod,self_bootstrap,0.26515151515151514,5.500380199072133
from_ipod,self_bootstrap,0.2727272727272727,5.491983149583953
from_ipod,self_bootstrap,0.2803030303030303,5.521128971619362
from_ipod,self_bootstrap,0.2878787878787879,5.535182826158348
from_ipod,self_bootstrap,0.29545454545454547,5.572664243609765
from_ipod,self_bootstrap,0.30303030303030304,5.560692080157516
from_ipod,self_bootstrap,0.3106060606060606,5.548859683119834
from_ipod,self_bootstrap,0.3181818181818182,5.517796824001721
from_ipod,self_bootstrap,0.32575757575757575,5.529610183822036
from_ipod,self_bootstrap,0.3333333333333333,5.577091187418233
from_ipod,self_bootstrap,0.3409090909090909,5.630837228862663
from_ipod,self_bootstrap,0.3484848484848485,5.680580927078885
from_ipod,self_bootstrap,0.3560606060606061,5.743645146153118
from_ipod,self_bootstrap,0.36363636363636365,5.733868416825938
from_ipod,self_bootstrap,0.3712121212121212,5.751852400894006
from_ipod,self_bootstrap,0.3787878787878788,5.77915463169866
from_ipod,self_bootstrap,0.38636363636363635,5.738666015431161
from_ipod,self_bootstrap,0.3939393939393939,5.724285855456745
from_ipod,self_bootstrap,0.4015151515151515,5.732106599092549
from_ipod,self_bootstrap,0.4090909090909091,5.731009849132771
from_ipod,self_bootstrap,0.4166666666666667,5.711374811846621
from_ipod,self_bootstrap,0.42424242424242425,5.690534160055943
from_ipod,self_bootstrap,0.4318181818181818,5.698503622549487
from_ipod,self_bootstrap,0.4393939393939394,5.655918886807297
from_ipod,self_bootstrap,0.44696969696969696,5.634874091377422
from_ipod,self_bootstrap,0.45454545454545453,5.627842230434349
from_ipod,self_bootstrap,0.4621212121212121,5.70080819004216
from_ipod,self_bootstrap,0.4696969696969697,5.6841676288928875
from_ipod,self_bootstrap,0.4772727272727273,5.711213023495894
from_ipod,self_bootstrap,0.48484848484848486,5.7041420756199654
from_ipod,self_bootstrap,0.49242424242424243,5.6881400236322675
from_ipod,self_bootstrap,0.5,5.683658812856813
from_ipod,self_bootstrap,0.5075757575757576,5.6637010887273815
from_ipod,self_bootstrap,0.5151515151515151,5.670778575672756
from_ipod,self_bootstrap,0.5227272727272727,5.657841203563773
from_ipod,self_bootstrap,0.5303030303030303,5.65696717698255
from_ipod,self_bootstrap,0.5378787878787878,5.671676437690171
from_ipod,self_bootstrap,0.5454545454545454,5.675452893176839
from_ipod,self_bootstrap,0.553030303030303,5.666107151569784
from_ipod,self_bootstrap,0.5606060606060606,5.679192245297919
from_ipod,self_bootstrap,0.5681818181818182,5.6828502711466085
from_ipod,self_bootstrap,0.5757575757575758,5.678698914362443
from_ipod,self_bootstrap,0.5833333333333334,5.691270767837163
from_ipod,self_bootstrap,0.5909090909090909,5.728229092687566
from_ipod,self_bootstrap,0.5984848484848485,5.716958794978646
from_ipod,self_bootstrap,0.6060606060606061,5.725471998001896
from_ipod,self_bootstrap,0.6136363636363636,5.710230350477133
from_ipod,self_bootstrap,0.6212121212121212,5.704958793518901
from_ipod,self_bootstrap,0.6287878787878788,5.752016985339085
from_ipod,self_bootstrap,0.6363636363636364,5.743332065108497
from_ipod,self_bootstrap,0.6439393939393939,5.738495721436141
from_ipod,self_bootstrap,0.6515151515151515,5.736390764919517
from_ipod,self_bootstrap,0.6590909090909091,5.766751131297737
from_ipod,self_bootstrap,0.6666666666666666,5.772948182445375
from_ipod,self_bootstrap,0.6742424242424242,5.774460882489713
from_ipod,self_bootstrap,0.6818181818181818,5.779186438915826
from_ipod,self_bootstrap,0.6893939393939394,5.756759025035994
from_ipod,self_bootstrap,0.696969696969697,5.774944871007281
from_ipod,self_bootstrap,0.7045454545454546,5.7778655131929995
from_ipod,self_bootstrap,0.7121212121212122,5.7899927070658945
from_ipod,self_bootstrap,0.7196969696969697,5.8010290698758356
from_ipod,self_bootstrap,0.7272727272727273,5.804218756163139
from_ipod,self_bootstrap,0.7348484848484849,5.814981519600228
from_ipod,self_bootstrap,0.7424242424242424,5.790007563979768
from_ipod,self_bootstrap,0.75,5.790593313835561
from_ipod,self_bootstrap,0.7575757575757576,5.788324998229489
from_ipod,self_bootstrap,0.7651515151515151,5.776766342922482
from_ipod,self_bootstrap,0.7727272727272727,5.770204180540527
from_ipod,self_bootstrap,0.7803030303030303,5.763807670312442
from_ipod,self_bootstrap,0.7878787878787878,5.771202666568115
from_ipod,self_bootstrap,0.7954545454545454,5.770986766687156
from_ipod,self_bootstrap,0.803030303030303,5.766148152863455
from_ipod,self_bootstrap,0.8106060606060606,5.7610773301364935
from_ipod,self_bootstrap,0.8181818181818182,5.732803479742164
from_ipod,self_bootstrap,0.8257575757575758,5.7440810144523295
from_ipod,self_bootstrap,0.8333333333333334,5.721466922088666
from_ipod,self_bootstrap,0.8409090909090909,5.741712385028646
from_ipod,self_bootstrap,0.8484848484848485,5.732302205022337
from_ipod,self_bootstrap,0.8560606060606061,5.751275040396564
from_ipod,self_bootstrap,0.8636363636363636,5.755010377017988
from_ipod,self_bootstrap,0.8712121212121212,5.769121194337596
from_ipod,self_bootstrap,0.8787878787878788,5.763908384284914
from_ipod,self_bootstrap,0.8863636363636364,5.7672320532641095
from_ipod,self_bootstrap,0.8939393939393939,5.769154325859675
from_ipod,self_bootstrap,0.9015151515151515,5.763490397949492
from_ipod,self_bootstrap,0.9090909090909091,5.771784349446013
from_ipod,self_bootstrap,0.9166666666666666,5.780281354213357
from_ipod,self_bootstrap,0.9242424242424242,5.8045016645730785
from_ipod,self_bootstrap,0.9318181818181818,5.8311375139075805
from_ipod,self_bootstrap,0.9393939393939394,5.847260121633179
from_ipod,self_bootstrap,0.946969696969697,5.844240366115179
from_ipod,self_bootstrap,0.9545454545454546,5.863948761641477
from_ipod,self_bootstrap,0.9621212121212122,5.880748134444732
from_ipod,self_bootstrap,0.9696969696969697,5.909554320430968
from_ipod,self_bootstrap,0.9772727272727273,5.904928673639335
from_ipod,self_bootstrap,0.9848484848484849,5.899909543648605
from_ipod,self_bootstrap,0.9924242424242424,5.89991189054876
from_ipod,self_bootstrap,1.0,5.896405746790625
from_ipod,soft_mode_control,0.007575757575757576,4.57467112956341
from_ipod,soft_mode_control,0.015151515151515152,5.473186704376097
from_ipod,soft_mode_control,0.022727272727272728,5.6302770907828465
from_ipod,soft_mode_control,0.030303030303030304,6.189521486236125
from_ipod,soft_mode_control,0.03787878787878788,5.876477019058254
from_ipod,soft_mode_control,0.045454545454545456,5.667906913240806
from_ipod,soft_mode_control,0.05303030303030303,5.90655187048318
from_ipod,soft_mode_control,0.06060606060606061,5.849305553260847
from_ipod,soft_mode_control,0.06818181818181818,5.982731544281293
from_ipod,soft_mode_control,0.07575757575757576,5.866905877164495
from_ipod,soft_mode_control,0.08333333333333333,5.809737865178037
from_ipod,soft_mode_control,0.09090909090909091,5.822643666949868
from_ipod,soft_mode_control,0.09848484848484848,5.6651280804996
from_ipod,soft_mode_control,0.10606060606060606,5.801576982485593
from_ipod,soft_mode_control,0.11363636363636363,5.9763422194371545
from_ipod,soft_mode_control,0.12121212121212122,6.121134032839542
from_ipod,soft_mode_control,0.12878787878787878,6.204291353674864
from_ipod,soft_mode_control,0.13636363636363635,6.260806384113876
from_ipod,soft_mode_control,0.14393939393939395,6.212005733662384
from_ipod,soft_mode_control,0.15151515151515152,6.137665690164154
from_ipod,soft_mode_control,0.1590909090909091,6.174021754058839
from_ipod,soft_mode_control,0.16666666666666666,6.152564705379675
from_ipod,soft_mode_control,0.17424242424242425,6.145543406367434
from_ipod,soft_mode_control,0.18181818181818182,6.160964329255903
from_ipod,soft_mode_control,0.1893939393939394,6.109766708439399
from_ipod,soft_mode_control,0.19696969696969696,6.168850208648255
from_ipod,soft_mode_control,0.20454545454545456,6.144667379225766
from_ipod,soft_mode_control,0.21212121212121213,6.100021369163031
from_ipod,soft_mode_control,0.2196969696969697,6.126887701281928
from_ipod,soft_mode_control,0.22727272727272727,6.090960146107985
from_ipod,soft_mode_control,0.23484848484848486,6.094808093537266
from_ipod,soft_mode_control,0.24242424242424243,6.106491405718636
from_ipod,soft_mode_control,0.25,6.091645160185897
from_ipod,soft_mode_control,0.25757575757575757,6.140280321474169
from_ipod,soft_mode_control,0.26515151515151514,6.180966796909952
from_ipod,soft_mode_control,0.2727272727272727,6.167727475725026
from_ipod,soft_mode_control,0.2803030303030303,6.182332526917712
from_ipod,soft_mode_control,0.2878787878787879,6.138578797511766
from_ipod,soft_mode_control,0.29545454545454547,6.1420009701953004
from_ipod,soft_mode_control,0.30303030303030304,6.121790447096707
from_ipod,soft_mode_control,0.3106060606060606,6.096757980435336
from_ipod,soft_mode_control,0.3181818181818182,6.159383132974411
from_ipod,soft_mode_control,0.32575757575757575,6.136081100354367
from_ipod,soft_mode_control,0.3333333333333333,6.100034306339992
from_ipod,soft_mode_control,0.3409090909090909,6.129468549600141
from_ipod,soft_mode_control,0.3484848484848485,6.098374555658148
from_ipod,soft_mode_control,0.3560606060606061,6.109132998696425
from_ipod,soft_mode_control,0.36363636363636365,6.090117265955466
from_ipod,soft_mode_control,0.3712121212121212,6.105252821459362
from_ipod,soft_mode_control,0.3787878787878788,6.117353803287249
from_ipod,soft_mode_control,0.38636363636363635,6.081028816179454
from_ipod,soft_mode_control,0.3939393939393939,6.046468232298666
from_ipod,soft_mode_control,0.4015151515151515,6.037643012157962
from_ipod,soft_mode_control,0.4090909090909091,6.09680763787711
from_ipod,soft_mode_control,0.4166666666666667,6.061719829817125
from_ipod,soft_mode_control,0.42424242424242425,6.066187294969201
from_ipod,soft_mode_control,0.4318181818181818,6.102694683493634
from_ipod,soft_mode_control,0.4393939393939394,6.12108633406024
from_ipod,soft_mode_control,0.44696969696969696,6.121205061868777
from_ipod,soft_mode_control,0.45454545454545453,6.103258035009734
from_ipod,soft_mode_control,0.4621212121212121,6.120458042663729
from_ipod,soft_mode_control,0.4696969696969697,6.158810776212415
from_ipod,soft_mode_control,0.4772727272727273,6.172578214264426
from_ipod,soft_mode_control,0.48484848484848486,6.173118349106031
from_ipod,soft_mode_control,0.49242424242424243,6.1631666333341215
from_ipod,soft_mode_control,0.5,6.1526805601390855
from_ipod,soft_mode_control,0.5075757575757576,6.166289953427857
from_ipod,soft_mode_control,0.5151515151515151,6.166537169293561
from_ipod,soft_mode_control,0.5227272727272727,6.163997674688827
from_ipod,soft_mode_control,0.5303030303030303,6.146085918282516
from_ipod,soft_mode_control,0.5378787878787878,6.128365889292692
from_ipod,soft_mode_control,0.5454545454545454,6.132434653887056
from_ipod,soft_mode_control,0.553030303030303,6.122164046876509
from_ipod,soft_mode_control,0.5606060606060606,6.132863411858101
from_ipod,soft_mode_control,0.5681818181818182,6.121206374600834
from_ipod,soft_mode_control,0.5757575757575758,6.114802864395458
from_ipod,soft_mode_control,0.5833333333333334,6.11595862826965
from_ipod,soft_mode_control,0.5909090909090909,6.108983752933256
from_ipod,soft_mode_control,0.5984848484848485,6.1188188137749755
from_ipod,soft_mode_control,0.6060606060606061,6.105618672614857
from_ipod,soft_mode_control,0.6136363636363636,6.10052350283918
from_ipod,soft_mode_control,0.6212121212121212,6.096350003964097
from_ipod,soft_mode_control,0.6287878787878788,6.083285079539976
from_ipod,soft_mode_control,0.6363636363636364,6.0782897225389805
from_ipod,soft_mode_control,0.6439393939393939,6.060550274864016
from_ipod,soft_mode_control,0.6515151515151515,6.090898286186413
from_ipod,soft_mode_control,0.6590909090909091,6.077430948237129
from_ipod,soft_mode_control,0.6666666666666666,6.095347166681409
from_ipod,soft_mode_control,0.6742424242424242,6.077360273616314
from_ipod,soft_mode_control,0.6818181818181818,6.107761079400839
from_ipod,soft_mode_control,0.6893939393939394,6.114424231418513
from_ipod,soft_mode_control,0.696969696969697,6.136785645061116
from_ipod,soft_mode_control,0.7045454545454546,6.165347456329667
from_ipod,soft_mode_control,0.7121212121212122,6.169186318579846
from_ipod,soft_mode_control,0.7196969696969697,6.166795299613919
from_ipod,soft_mode_control,0.7272727272727273,6.171321436197445
from_ipod,soft_mode_control,0.7348484848484849,6.165521115123508
from_ipod,soft_mode_control,0.7424242424242424,6.167766299794934
from_ipod,soft_mode_control,0.75,6.143036645306659
from_ipod,soft_mode_control,0.7575757575757576,6.152660539571401
from_ipod,soft_mode_control,0.7651515151515151,6.150284467338454
from_ipod,soft_mode_control,0.7727272727272727,6.122122707067959
from_ipod,soft_mode_control,0.7803030303030303,6.103828464171009
from_ipod,soft_mode_control,0.7878787878787878,6.086556375895927
from_ipod,soft_mode_control,0.7954545454545454,6.075117692232769
from_ipod,soft_mode_control,0.803030303030303,6.065904259988023
from_ipod,soft_mode_control,0.8106060606060606,6.067760867814601
from_ipod,soft_mode_control,0.8181818181818182,6.058461746406189
from_ipod,soft_mode_control,0.8257575757575758,6.0466633463775965
from_ipod,soft_mode_control,0.8333333333333334,6.0536164212233885
from_ipod,soft_mode_control,0.8409090909090909,6.052635268737472
from_ipod,soft_mode_control,0.8484848484848485,6.060253706062812
from_ipod,soft_mode_control,0.8560606060606061,6.047394100558852
from_ipod,soft_mode_control,0.8636363636363636,6.060789589552075
from_ipod,soft_mode_control,0.8712121212121212,6.046800803962301
from_ipod,soft_mode_control,0.8787878787878788,6.040357588299346
from_ipod,soft_mode_control,0.8863636363636364,6.0237966182491265
from_ipod,soft_mode_control,0.8939393939393939,6.03745306351428
from_ipod,soft_mode_control,0.9015151515151515,6.0432141660120235
from_ipod,soft_mode_control,0.9090909090909091,6.073594920675766
from_ipod,soft_mode_control,0.9166666666666666,6.068827384231409
from_ipod,soft_mode_control,0.9242424242424242,6.067828082724041
from_ipod,soft_mode_control,0.9318181818181818,6.074792977845301
from_ipod,soft_mode_control,0.9393939393939394,6.065036312507984
from_ipod,soft_mode_control,0.946969696969697,6.070358682584353
from_ipod,soft_mode_control,0.9545454545454546,6.102817176466146
from_ipod,soft_mode_control,0.9621212121212122,6.106205785785701
from_ipod,soft_mode_control,0.9696969696969697,6.109863322615311
from_ipod,soft_mode_control,0.9772727272727273,6.106046402387242
from_ipod,soft_mode_control,0.9848484848484849,6.131670975815854
from_ipod,soft_mode_control,0.9924242424242424,6.141021200221739
from_ipod,soft_mode_control,1.0,6.142103205121065
from_ipod,paired_union,0.007575757575757576,4.88875917957758
from_ipod,paired_union,0.015151515151515152,4.086143219335637
from_ipod,paired_union,0.022727272727272728,4.476322605925906
from_ipod,paired_union,0.030303030303030304,4.862390956771802
from_ipod,paired_union,0.03787878787878788,4.747310653785142
from_ipod,paired_union,0.045454545454545456,4.704250624340829
from_ipod,paired_union,0.05303030303030303,4.699826270977151
from_ipod,paired_union,0.06060606060606061,4.552245248662594
from_ipod,paired_union,0.06818181818181818,4.680489064072456
from_ipod,paired_union,0.07575757575757576,4.8161873068939896
from_ipod,paired_union,0.08333333333333333,4.8250939672684146
from_ipod,paired_union,0.09090909090909091,4.7573504839913765
from_ipod,paired_union,0.09848484848484848,4.913387308199375
from_ipod,paired_union,0.10606060606060606,4.8406918698853865
from_ipod,paired_union,0.11363636363636363,4.842319851509918
from_ipod,paired_union,0.12121212121212122,4.762464021192663
from_ipod,paired_union,0.12878787878787878,4.929195337904385
from_ipod,paired_union,0.13636363636363635,5.009506795114304
from_ipod,paired_union,0.14393939393939395,5.076246875199602
from_ipod,paired_union,0.15151515151515152,5.1053668465248165
from_ipod,paired_union,0.1590909090909091,5.114694923599973
from_ipod,paired_union,0.16666666666666666,5.064147418222411
from_ipod,paired_union,0.17424242424242425,5.176190608193195
from_ipod,paired_union,0.18181818181818182,5.200753291471656
from_ipod,paired_union,0.1893939393939394,5.200051042338844
from_ipod,paired_union,0.19696969696969696,5.201469651373091
from_ipod,paired_union,0.20454545454545456,5.2251348399200035
from_ipod,paired_union,0.21212121212121213,5.249360128165569
from_ipod,paired_union,0.2196969696969697,5.304592847465271
from_ipod,paired_union,0.22727272727272727,5.330691129505362
from_ipod,paired_union,0.23484848484848486,5.3002998693126075
from_ipod,paired_union,0.24242424242424243,5.309961957219446
from_ipod,paired_union,0.25,5.332090879366365
from_ipod,paired_union,0.25757575757575757,5.394935655971662
from_ipod,paired_union,0.26515151515151514,5.380336148220997
from_ipod,paired_union,0.2727272727272727,5.39324880166246
from_ipod,paired_union,0.2803030303030303,5.3844748369484705
from_ipod,paired_union,0.2878787878787879,5.380564278676594
from_ipod,paired_union,0.29545454545454547,5.4468609301356175
from_ipod,paired_union,0.30303030303030304,5.4465600641617025
from_ipod,paired_union,0.3106060606060606,5.469185077679172
from_ipod,paired_union,0.3181818181818182,5.500632072013339
from_ipod,paired_union,0.32575757575757575,5.469723704840203
from_ipod,paired_union,0.3333333333333333,5.510940382495565
from_ipod,paired_union,0.3409090909090909,5.55525095533432
from_ipod,paired_union,0.3484848484848485,5.620861241576555
from_ipod,paired_union,0.3560606060606061,5.631024677437291
from_ipod,paired_union,0.36363636363636365,5.638314645823983
from_ipod,paired_union,0.3712121212121212,5.624270515197935
from_ipod,paired_union,0.3787878787878788,5.693302779867802
from_ipod,paired_union,0.38636363636363635,5.705820889157145
from_ipod,paired_union,0.3939393939393939,5.694230776272183
from_ipod,paired_union,0.4015151515151515,5.7249773696490704
from_ipod,paired_union,0.4090909090909091,5.7097244669237694
from_ipod,paired_union,0.4166666666666667,5.721113735349018
from_ipod,paired_union,0.42424242424242425,5.711783281890397
from_ipod,paired_union,0.4318181818181818,5.729939603321273
from_ipod,paired_union,0.4393939393939394,5.728657733077085
from_ipod,paired_union,0.44696969696969696,5.720959531778548
from_ipod,paired_union,0.45454545454545453,5.714562904797691
from_ipod,paired_union,0.4621212121212121,5.710456642400746
from_ipod,paired_union,0.4696969696969697,5.700315742595646
from_ipod,paired_union,0.4772727272727273,5.718797818485136
from_ipod,paired_union,0.48484848484848486,5.708085425248306
from_ipod,paired_union,0.49242424242424243,5.6951813459686065
from_ipod,paired_union,0.5,5.683685873430245
from_ipod,paired_union,0.5075757575757576,5.679885257368549
from_ipod,paired_union,0.5151515151515151,5.661595887741697
from_ipod,paired_union,0.5227272727272727,5.65072136109339
from_ipod,paired_union,0.5303030303030303,5.651762547462867
from_ipod,paired_union,0.5378787878787878,5.694271512226149
from_ipod,paired_union,0.5454545454545454,5.691397094090765
from_ipod,paired_union,0.553030303030303,5.688609888050532
from_ipod,paired_union,0.5606060606060606,5.6900103600779595
from_ipod,paired_union,0.5681818181818182,5.669427784212097
from_ipod,paired_union,0.5757575757575758,5.6607312789476305
from_ipod,paired_union,0.5833333333333334,5.645253906579164
from_ipod,paired_union,0.5909090909090909,5.653883026025336
from_ipod,paired_union,0.5984848484848485,5.644085860784597
from_ipod,paired_union,0.6060606060606061,5.650073702194676
from_ipod,paired_union,0.6136363636363636,5.666415908124786
from_ipod,paired_union,0.6212121212121212,5.672966780422357
from_ipod,paired_union,0.6287878787878788,5.652727373951621
from_ipod,paired_union,0.6363636363636364,5.6744875660537675
from_ipod,paired_union,0.6439393939393939,5.678801818184904
from_ipod,paired_union,0.6515151515151515,5.675671076268707
from_ipod,paired_union,0.6590909090909091,5.6520736933284175
from_ipod,paired_union,0.6666666666666666,5.673491591054208
from_ipod,paired_union,0.6742424242424242,5.690545320490038
from_ipod,paired_union,0.6818181818181818,5.681033951595158
from_ipod,paired_union,0.6893939393939394,5.691023159347598
from_ipod,paired_union,0.696969696969697,5.702579698123436
from_ipod,paired_union,0.7045454545454546,5.706266085077746
from_ipod,paired_union,0.7121212121212122,5.717641324867916
from_ipod,paired_union,0.7196969696969697,5.743771505710278
from_ipod,paired_union,0.7272727272727273,5.740884332853742
from_ipod,paired_union,0.7348484848484849,5.742520543028726
from_ipod,paired_union,0.7424242424242424,5.738774627647397
from_ipod,paired_union,0.75,5.72990227849732
from_ipod,paired_union,0.7575757575757576,5.712423757560226
from_ipod,paired_union,0.7651515151515151,5.706147933265392
from_ipod,paired_union,0.7727272727272727,5.698362539862008
from_ipod,paired_union,0.7803030303030303,5.747176150559451
from_ipod,paired_union,0.7878787878787878,5.750095220786719
from_ipod,paired_union,0.7954545454545454,5.761935214357279
from_ipod,paired_union,0.803030303030303,5.788646336095117
from_ipod,paired_union,0.8106060606060606,5.8094025543936985
from_ipod,paired_union,0.8181818181818182,5.79173738676895
from_ipod,paired_union,0.8257575757575758,5.7834287539755564
from_ipod,paired_union,0.8333333333333334,5.799566493108764
from_ipod,paired_union,0.8409090909090909,5.813874676769173
from_ipod,paired_union,0.8484848484848485,5.822763737764518
from_ipod,paired_union,0.8560606060606061,5.825772197653182
from_ipod,paired_union,0.8636363636363636,5.826338071444638
from_ipod,paired_union,0.8712121212121212,5.836124027111623
from_ipod,paired_union,0.8787878787878788,5.8440957923647945
from_ipod,paired_union,0.8863636363636364,5.831178031499168
from_ipod,paired_union,0.8939393939393939,5.839654760012688
from_ipod,paired_union,0.9015151515151515,5.845254926005744
from_ipod,paired_union,0.9090909090909091,5.847487113197641
from_ipod,paired_union,0.9166666666666666,5.863270366424182
from_ipod,paired_union,0.9242424242424242,5.880975406152089
from_ipod,paired_union,0.9318181818181818,5.917801695053378
from_ipod,paired_union,0.9393939393939394,5.924048489219246
from_ipod,paired_union,0.946969696969697,5.929289262820664
from_ipod,paired_union,0.9545454545454546,5.929345587122174
from_ipod,paired_union,0.9621212121212122,5.9456982063566315
from_ipod,paired_union,0.9696969696969697,5.927814569285018
from_ipod,paired_union,0.9772727272727273,5.945315364188954
from_ipod,paired_union,0.9848484848484849,5.928705643628297
from_ipod,paired_union,0.9924242424242424,5.934343144253217
from_ipod,paired_union,1.0,5.933575160310549
from_ipod,paired_stratified,0.007575757575757576,4.883725164762962
from_ipod,paired_stratified,0.015151515151515152,4.106523448141647
from_ipod,paired_stratified,0.022727272727272728,4.257697859362846
from_ipod,paired_stratified,0.030303030303030304,4.892069199677644
from_ipod,paired_stratified,0.03787878787878788,4.665240077873874
from_ipod,paired_stratified,0.045454545454545456,4.535774729290232
from_ipod,paired_stratified,0.05303030303030303,4.487619507586263
from_ipod,paired_stratified,0.06060606060606061,4.4814095470327375
from_ipod,paired_stratified,0.06818181818181818,4.560479014488666
from_ipod,paired_stratified,0.07575757575757576,4.539812703363524
from_ipod,paired_stratified,0.08333333333333333,4.7913852184815005
from_ipod,paired_stratified,0.09090909090909091,5.053447514729525
from_ipod,paired_stratified,0.09848484848484848,5.137804075292869
from_ipod,paired_stratified,0.10606060606060606,5.041822220395872
from_ipod,paired_stratified,0.11363636363636363,5.0297493448351025
from_ipod,paired_stratified,0.12121212121212122,5.0487872930049456
from_ipod,paired_stratified,0.12878787878787878,5.158480106564107
from_ipod,paired_stratified,0.13636363636363635,5.248067421261122
from_ipod,paired_stratified,0.14393939393939395,5.303371319194624
from_ipod,paired_stratified,0.15151515151515152,5.249170994818646
from_ipod,paired_stratified,0.1590909090909091,5.319112421314737
from_ipod,paired_stratified,0.16666666666666666,5.235859299396505
from_ipod,paired_stratified,0.17424242424242425,5.310798367767525
from_ipod,paired_stratified,0.18181818181818182,5.387348604955341
from_ipod,paired_stratified,0.1893939393939394,5.37785166760565
from_ipod,paired_stratified,0.19696969696969696,5.3965988459168655
from_ipod,paired_stratified,0.20454545454545456,5.372125446006186
from_ipod,paired_stratified,0.21212121212121213,5.4392727077942284
from_ipod,paired_stratified,0.2196969696969697,5.408307932837446
from_ipod,paired_stratified,0.22727272727272727,5.391716739233679
from_ipod,paired_stratified,0.23484848484848486,5.423534998544344
from_ipod,paired_stratified,0.24242424242424243,5.422480060117192
from_ipod,paired_stratified,0.25,5.432201542813954
from_ipod,paired_stratified,0.25757575757575757,5.441751151812096
from_ipod,paired_stratified,0.26515151515151514,5.426483116250705
from_ipod,paired_stratified,0.2727272727272727,5.429409153498296
from_ipod,paired_stratified,0.2803030303030303,5.429228422471237
from_ipod,paired_stratified,0.2878787878787879,5.42091523317188
from_ipod,paired_stratified,0.29545454545454547,5.457585490448236
from_ipod,paired_stratified,0.30303030303030304,5.458409168317137
from_ipod,paired_stratified,0.3106060606060606,5.479194658097705
from_ipod,paired_stratified,0.3181818181818182,5.5669043821274835
from_ipod,paired_stratified,0.32575757575757575,5.567991348334577
from_ipod,paired_stratified,0.3333333333333333,5.576386671746822
from_ipod,paired_stratified,0.3409090909090909,5.576878188265585
from_ipod,paired_stratified,0.3484848484848485,5.62069876643374
from_ipod,paired_stratified,0.3560606060606061,5.6388242829656114
from_ipod,paired_stratified,0.36363636363636365,5.707898542128606
from_ipod,paired_stratified,0.3712121212121212,5.672222579992137
from_ipod,paired_stratified,0.3787878787878788,5.697775780730537
from_ipod,paired_stratified,0.38636363636363635,5.650459951408997
from_ipod,paired_stratified,0.3939393939393939,5.662230402916129
from_ipod,paired_stratified,0.4015151515151515,5.6976829284027275
from_ipod,paired_stratified,0.4090909090909091,5.668916453096142
from_ipod,paired_stratified,0.4166666666666667,5.6679494799589465
from_ipod,paired_stratified,0.42424242424242425,5.676656707964558
from_ipod,paired_stratified,0.4318181818181818,5.682007879853232
from_ipod,paired_stratified,0.4393939393939394,5.678941516210455
from_ipod,paired_stratified,0.44696969696969696,5.687896075760354
from_ipod,paired_stratified,0.45454545454545453,5.684020246932415
from_ipod,paired_stratified,0.4621212121212121,5.7246578015937
from_ipod,paired_stratified,0.4696969696969697,5.77145122712223
from_ipod,paired_stratified,0.4772727272727273,5.762067605661933
from_ipod,paired_stratified,0.48484848484848486,5.759385767293547
from_ipod,paired_stratified,0.49242424242424243,5.722681172131781
from_ipod,paired_stratified,0.5,5.7399771213763975
from_ipod,paired_stratified,0.5075757575757576,5.765223580432121
from_ipod,paired_stratified,0.5151515151515151,5.741098952274641
from_ipod,paired_stratified,0.5227272727272727,5.73250051770609
from_ipod,paired_stratified,0.5303030303030303,5.73191017906651
from_ipod,paired_stratified,0.5378787878787878,5.728531459861529
from_ipod,paired_stratified,0.5454545454545454,5.733106482418909
from_ipod,paired_stratified,0.553030303030303,5.7192418317547995
from_ipod,paired_stratified,0.5606060606060606,5.716815732855405
from_ipod,paired_stratified,0.5681818181818182,5.715489052385533
from_ipod,paired_stratified,0.5757575757575758,5.694953181896714
from_ipod,paired_stratified,0.5833333333333334,5.709102682522913
from_ipod,paired_stratified,0.5909090909090909,5.7140942350143
from_ipod,paired_stratified,0.5984848484848485,5.70417461605967
from_ipod,paired_stratified,0.6060606060606061,5.731821372518607
from_ipod,paired_stratified,0.6136363636363636,5.72711529213674
from_ipod,paired_stratified,0.6212121212121212,5.728522279399942
from_ipod,paired_stratified,0.6287878787878788,5.713423175216697
from_ipod,paired_stratified,0.6363636363636364,5.708595698525552
from_ipod,paired_stratified,0.6439393939393939,5.708376925584616
from_ipod,paired_stratified,0.6515151515151515,5.722241813752812
from_ipod,paired_stratified,0.6590909090909091,5.754463321425415
from_ipod,paired_stratified,0.6666666666666666,5.755416931168981
from_ipod,paired_stratified,0.6742424242424242,5.742101723554136
from_ipod,paired_stratified,0.6818181818181818,5.7665415988848565
from_ipod,paired_stratified,0.6893939393939394,5.765705318071877
from_ipod,paired_stratified,0.696969696969697,5.788715679163516
from_ipod,paired_stratified,0.7045454545454546,5.794693929348718
from_ipod,paired_stratified,0.7121212121212122,5.797630474993582
from_ipod,paired_stratified,0.7196969696969697,5.799322605749029
from_ipod,paired_stratified,0.7272727272727273,5.826408653612724
from_ipod,paired_stratified,0.7348484848484849,5.82790534098569
from_ipod,paired_stratified,0.7424242424242424,5.84701210797578
from_ipod,paired_stratified,0.75,5.820866188624002
from_ipod,paired_stratified,0.7575757575757576,5.80941538341492
from_ipod,paired_stratified,0.7651515151515151,5.78110583213725
from_ipod,paired_stratified,0.7727272727272727,5.7981099603800885
from_ipod,paired_stratified,0.7803030303030303,5.816550589101321
from_ipod,paired_stratified,0.7878787878787878,5.828897810065642
from_ipod,paired_stratified,0.7954545454545454,5.8517798764402045
from_ipod,paired_stratified,0.803030303030303,5.859673384662009
from_ipod,paired_stratified,0.8106060606060606,5.867897928259431
from_ipod,paired_stratified,0.8181818181818182,5.861777657388863
from_ipod,paired_stratified,0.8257575757575758,5.849141479307707
from_ipod,paired_stratified,0.8333333333333334,5.8542367482100595
from_ipod,paired_stratified,0.8409090909090909,5.846727190991914
from_ipod,paired_stratified,0.8484848484848485,5.856550494970783
from_ipod,paired_stratified,0.8560606060606061,5.8568073339046265
from_ipod,paired_stratified,0.8636363636363636,5.8637155197866235
from_ipod,paired_stratified,0.8712121212121212,5.8590548127936275
from_ipod,paired_stratified,0.8787878787878788,5.857021547998929
from_ipod,paired_stratified,0.8863636363636364,5.8700459238505
from_ipod,paired_stratified,0.8939393939393939,5.874361779595908
from_ipod,paired_stratified,0.9015151515151515,5.876459206621715
from_ipod,paired_stratified,0.9090909090909091,5.87543476847834
from_ipod,paired_stratified,0.9166666666666666,5.877498016875481
from_ipod,paired_stratified,0.9242424242424242,5.913546316950403
from_ipod,paired_stratified,0.9318181818181818,5.915212600126388
from_ipod,paired_stratified,0.9393939393939394,5.9410978954111515
from_ipod,paired_stratified,0.946969696969697,5.9451049661539725
from_ipod,paired_stratified,0.9545454545454546,5.945713625638981
from_ipod,paired_stratified,0.9621212121212122,5.962390817794638
from_ipod,paired_stratified,0.9696969696969697,5.943523129443837
from_ipod,paired_stratified,0.9772727272727273,5.961578385828314
from_ipod,paired_stratified,0.9848484848484849,5.943003882445079
from_ipod,paired_stratified,0.9924242424242424,5.952397967704331
from_ipod,paired_stratified,1.0,5.952000029668323
