protocol,method,seed,accepted,population,coverage,mean_delta_e00
mixed,mixture_graph_always,17,1,264,0.003787878787878788,1.3777298635486417
mixed,mixture_graph_always,17,2,264,0.007575757575757576,5.353402350845732
mixed,mixture_graph_always,17,3,264,0.011363636363636364,4.958645849621275
mixed,mixture_graph_always,17,4,264,0.015151515151515152,4.998673612649608
mixed,mixture_graph_always,17,5,264,0.01893939393939394,4.426247881298556
mixed,mixture_graph_always,17,6,264,0.022727272727272728,4.157152268975567
mixed,mixture_graph_always,17,7,264,0.026515151515151516,3.8902255574344835
mixed,mixture_graph_always,17,8,264,0.030303030303030304,3.6115082535635334
mixed,mixture_graph_always,17,9,264,0.03409090909090909,3.4740352491385553
mixed,mixture_graph_always,17,10,264,0.03787878787878788,3.309538856657184
mixed,mixture_graph_always,17,11,264,0.041666666666666664,3.1474011061998883
mixed,mixture_graph_always,17,12,264,0.045454545454545456,3.1437297272425337
mixed,mixture_graph_always,17,13,264,0.04924242424242424,3.2426184331476557
mixed,mixture_graph_always,17,14,264,0.05303030303030303,3.14774775696075
mixed,mixture_graph_always,17,15,264,0.056818181818181816,3.0384794112761337
mixed,mixture_graph_always,17,16,264,0.06060606060606061,2.8896272312956337
mixed,mixture_graph_always,17,17,264,0.06439393939393939,3.065463131409137
mixed,mixture_graph_always,17,18,264,0.06818181818181818,2.930637720818333
mixed,mixture_graph_always,17,19,264,0.07196969696969698,2.96495629720129
mixed,mixture_graph_always,17,20,264,0.07575757575757576,2.983130977629474
mixed,mixture_graph_always,17,21,264,0.07954545454545454,3.056313563511522
mixed,mixture_graph_always,17,22,264,0.08333333333333333,3.0008540825803247
mixed,mixture_graph_always,17,23,264,0.08712121212121213,3.1624266743660345
mixed,mixture_graph_always,17,24,264,0.09090909090909091,3.2599000182441813
mixed,mixture_graph_always,17,25,264,0.0946969696969697,3.2500230433922868
mixed,mixture_graph_always,17,26,264,0.09848484848484848,3.242195410462824
mixed,mixture_graph_always,17,27,264,0.10227272727272728,3.38959996984384
mixed,mixture_graph_always,17,28,264,0.10606060606060606,3.3494130084084395
mixed,mixture_graph_always,17,29,264,0.10984848484848485,3.4648246609613
mixed,mixture_graph_always,17,30,264,0.11363636363636363,3.396895691243043
mixed,mixture_graph_always,17,31,264,0.11742424242424243,3.355656571287495
mixed,mixture_graph_always,17,32,264,0.12121212121212122,3.3463260446694036
mixed,mixture_graph_always,17,33,264,0.125,3.2897068541457974
mixed,mixture_graph_always,17,34,264,0.12878787878787878,3.251442044099654
mixed,mixture_graph_always,17,35,264,0.13257575757575757,3.2448941401123204
mixed,mixture_graph_always,17,36,264,0.13636363636363635,3.2308230188510922
mixed,mixture_graph_always,17,37,264,0.14015151515151514,3.282569540738237
mixed,mixture_graph_always,17,38,264,0.14393939393939395,3.229159833312675
mixed,mixture_graph_always,17,39,264,0.14772727272727273,3.3231881746564746
mixed,mixture_graph_always,17,40,264,0.15151515151515152,3.2764401257400984
mixed,mixture_graph_always,17,41,264,0.1553030303030303,3.287985545865771
mixed,mixture_graph_always,17,42,264,0.1590909090909091,3.270962985259172
mixed,mixture_graph_always,17,43,264,0.16287878787878787,3.256583301831919
mixed,mixture_graph_always,17,44,264,0.16666666666666666,3.310795377941325
mixed,mixture_graph_always,17,45,264,0.17045454545454544,3.312840482722229
mixed,mixture_graph_always,17,46,264,0.17424242424242425,3.352075141065536
mixed,mixture_graph_always,17,47,264,0.17803030303030304,3.3265476504113853
mixed,mixture_graph_always,17,48,264,0.18181818181818182,3.3624419152537723
mixed,mixture_graph_always,17,49,264,0.1856060606060606,3.318927038904391
mixed,mixture_graph_always,17,50,264,0.1893939393939394,3.3751191297420893
mixed,mixture_graph_always,17,51,264,0.19318181818181818,3.3358718041472524
mixed,mixture_graph_always,17,52,264,0.19696969696969696,3.299465403612503
mixed,mixture_graph_always,17,53,264,0.20075757575757575,3.2844075434678275
mixed,mixture_graph_always,17,54,264,0.20454545454545456,3.2344819301119223
mixed,mixture_graph_always,17,55,264,0.20833333333333334,3.2044455444311053
mixed,mixture_graph_always,17,56,264,0.21212121212121213,3.2988291857328993
mixed,mixture_graph_always,17,57,264,0.2159090909090909,3.266362123732277
mixed,mixture_graph_always,17,58,264,0.2196969696969697,3.2333857601714566
mixed,mixture_graph_always,17,59,264,0.22348484848484848,3.1998835307323823
mixed,mixture_graph_always,17,60,264,0.22727272727272727,3.2023562429446906
mixed,mixture_graph_always,17,61,264,0.23106060606060605,3.1759889047184964
mixed,mixture_graph_always,17,62,264,0.23484848484848486,3.14972744457038
mixed,mixture_graph_always,17,63,264,0.23863636363636365,3.1966356561477203
mixed,mixture_graph_always,17,64,264,0.24242424242424243,3.1757622026118857
mixed,mixture_graph_always,17,65,264,0.24621212121212122,3.1593576945322166
mixed,mixture_graph_always,17,66,264,0.25,3.1588875520923416
mixed,mixture_graph_always,17,67,264,0.2537878787878788,3.124199539515498
mixed,mixture_graph_always,17,68,264,0.25757575757575757,3.08999805582471
mixed,mixture_graph_always,17,69,264,0.26136363636363635,3.0749528288382333
mixed,mixture_graph_always,17,70,264,0.26515151515151514,3.0676440838368078
mixed,mixture_graph_always,17,71,264,0.2689393939393939,3.1045658883141276
mixed,mixture_graph_always,17,72,264,0.2727272727272727,3.127067744765244
mixed,mixture_graph_always,17,73,264,0.2765151515151515,3.17211428376048
mixed,mixture_graph_always,17,74,264,0.2803030303030303,3.151462683733662
mixed,mixture_graph_always,17,75,264,0.2840909090909091,3.136885818353255
mixed,mixture_graph_always,17,76,264,0.2878787878787879,3.136303634658041
mixed,mixture_graph_always,17,77,264,0.2916666666666667,3.1245009255193206
mixed,mixture_graph_always,17,78,264,0.29545454545454547,3.0974909886602218
mixed,mixture_graph_always,17,79,264,0.29924242424242425,3.088038785752637
mixed,mixture_graph_always,17,80,264,0.30303030303030304,3.0731861077120106
mixed,mixture_graph_always,17,81,264,0.3068181818181818,3.0782619596687493
mixed,mixture_graph_always,17,82,264,0.3106060606060606,3.119370497328547
mixed,mixture_graph_always,17,83,264,0.3143939393939394,3.146019032509687
mixed,mixture_graph_always,17,84,264,0.3181818181818182,3.135618688034117
mixed,mixture_graph_always,17,85,264,0.32196969696969696,3.161892189160275
mixed,mixture_graph_always,17,86,264,0.32575757575757575,3.190116953857248
mixed,mixture_graph_always,17,87,264,0.32954545454545453,3.1939790467249582
mixed,mixture_graph_always,17,88,264,0.3333333333333333,3.1796658666591284
mixed,mixture_graph_always,17,89,264,0.3371212121212121,3.2352954932315354
mixed,mixture_graph_always,17,90,264,0.3409090909090909,3.2235454747388848
mixed,mixture_graph_always,17,91,264,0.3446969696969697,3.2126485394725663
mixed,mixture_graph_always,17,92,264,0.3484848484848485,3.1955509233865262
mixed,mixture_graph_always,17,93,264,0.3522727272727273,3.2228027147702605
mixed,mixture_graph_always,17,94,264,0.3560606060606061,3.208179675225822
mixed,mixture_graph_always,17,95,264,0.35984848484848486,3.2552281306138378
mixed,mixture_graph_always,17,96,264,0.36363636363636365,3.2275169625850015
mixed,mixture_graph_always,17,97,264,0.36742424242424243,3.224181726121185
mixed,mixture_graph_always,17,98,264,0.3712121212121212,3.207693334538142
mixed,mixture_graph_always,17,99,264,0.375,3.22769073359658
mixed,mixture_graph_always,17,100,264,0.3787878787878788,3.216628157112378
mixed,mixture_graph_always,17,101,264,0.38257575757575757,3.2311133465283506
mixed,mixture_graph_always,17,102,264,0.38636363636363635,3.243159268308246
mixed,mixture_graph_always,17,103,264,0.39015151515151514,3.2388646441193836
mixed,mixture_graph_always,17,104,264,0.3939393939393939,3.2308283425970177
mixed,mixture_graph_always,17,105,264,0.3977272727272727,3.2210175021577383
mixed,mixture_graph_always,17,106,264,0.4015151515151515,3.2078030589118933
mixed,mixture_graph_always,17,107,264,0.4053030303030303,3.194078263884027
mixed,mixture_graph_always,17,108,264,0.4090909090909091,3.2045653643069523
mixed,mixture_graph_always,17,109,264,0.4128787878787879,3.1972775325273393
mixed,mixture_graph_always,17,110,264,0.4166666666666667,3.1849749851552773
mixed,mixture_graph_always,17,111,264,0.42045454545454547,3.1923091748009957
mixed,mixture_graph_always,17,112,264,0.42424242424242425,3.202463754952199
mixed,mixture_graph_always,17,113,264,0.42803030303030304,3.198129086952852
mixed,mixture_graph_always,17,114,264,0.4318181818181818,3.1807667928630154
mixed,mixture_graph_always,17,115,264,0.4356060606060606,3.2056241519708446
mixed,mixture_graph_always,17,116,264,0.4393939393939394,3.182372362752495
mixed,mixture_graph_always,17,117,264,0.4431818181818182,3.199399189538577
mixed,mixture_graph_always,17,118,264,0.44696969696969696,3.184445539635224
mixed,mixture_graph_always,17,119,264,0.45075757575757575,3.2045603603552344
mixed,mixture_graph_always,17,120,264,0.45454545454545453,3.206087404488976
mixed,mixture_graph_always,17,121,264,0.4583333333333333,3.2003130144634735
mixed,mixture_graph_always,17,122,264,0.4621212121212121,3.19799626538596
mixed,mixture_graph_always,17,123,264,0.4659090909090909,3.1935106460095164
mixed,mixture_graph_always,17,124,264,0.4696969696969697,3.181973277900827
mixed,mixture_graph_always,17,125,264,0.4734848484848485,3.175027458168583
mixed,mixture_graph_always,17,126,264,0.4772727272727273,3.157216841922632
mixed,mixture_graph_always,17,127,264,0.4810606060606061,3.1626194071364866
mixed,mixture_graph_always,17,128,264,0.48484848484848486,3.155947202861344
mixed,mixture_graph_always,17,129,264,0.48863636363636365,3.158487417973985
mixed,mixture_graph_always,17,130,264,0.49242424242424243,3.155898374599482
mixed,mixture_graph_always,17,131,264,0.4962121212121212,3.1432285359676824
mixed,mixture_graph_always,17,132,264,0.5,3.139612507239917
mixed,mixture_graph_always,17,133,264,0.5037878787878788,3.1439347705820975
mixed,mixture_graph_always,17,134,264,0.5075757575757576,3.13413854373323
mixed,mixture_graph_always,17,135,264,0.5113636363636364,3.1362331636611476
mixed,mixture_graph_always,17,136,264,0.5151515151515151,3.146088359544061
mixed,mixture_graph_always,17,137,264,0.5189393939393939,3.160887522178193
mixed,mixture_graph_always,17,138,264,0.5227272727272727,3.174373883330931
mixed,mixture_graph_always,17,139,264,0.5265151515151515,3.1614599302203215
mixed,mixture_graph_always,17,140,264,0.5303030303030303,3.149299802484852
mixed,mixture_graph_always,17,141,264,0.5340909090909091,3.161097133483946
mixed,mixture_graph_always,17,142,264,0.5378787878787878,3.158914984219167
mixed,mixture_graph_always,17,143,264,0.5416666666666666,3.161406321493821
mixed,mixture_graph_always,17,144,264,0.5454545454545454,3.198050813772303
mixed,mixture_graph_always,17,145,264,0.5492424242424242,3.2139681545236893
mixed,mixture_graph_always,17,146,264,0.553030303030303,3.2153144702707355
mixed,mixture_graph_always,17,147,264,0.5568181818181818,3.226237295871201
mixed,mixture_graph_always,17,148,264,0.5606060606060606,3.2129397085985616
mixed,mixture_graph_always,17,149,264,0.5643939393939394,3.2031383442534698
mixed,mixture_graph_always,17,150,264,0.5681818181818182,3.1982746191470968
mixed,mixture_graph_always,17,151,264,0.571969696969697,3.2413193430573255
mixed,mixture_graph_always,17,152,264,0.5757575757575758,3.2336008063937443
mixed,mixture_graph_always,17,153,264,0.5795454545454546,3.2314463342055397
mixed,mixture_graph_always,17,154,264,0.5833333333333334,3.2158847570935
mixed,mixture_graph_always,17,155,264,0.5871212121212122,3.207388196701797
mixed,mixture_graph_always,17,156,264,0.5909090909090909,3.2172652868640585
mixed,mixture_graph_always,17,157,264,0.5946969696969697,3.203582708418124
mixed,mixture_graph_always,17,158,264,0.5984848484848485,3.2061642539865676
mixed,mixture_graph_always,17,159,264,0.6022727272727273,3.1941417988569425
mixed,mixture_graph_always,17,160,264,0.6060606060606061,3.2117573579385983
mixed,mixture_graph_always,17,161,264,0.6098484848484849,3.193816171924731
mixed,mixture_graph_always,17,162,264,0.6136363636363636,3.1990041056045997
mixed,mixture_graph_always,17,163,264,0.6174242424242424,3.196649625611721
mixed,mixture_graph_always,17,164,264,0.6212121212121212,3.1827783327540615
mixed,mixture_graph_always,17,165,264,0.625,3.18279318107802
mixed,mixture_graph_always,17,166,264,0.6287878787878788,3.194221785993758
mixed,mixture_graph_always,17,167,264,0.6325757575757576,3.188893258152454
mixed,mixture_graph_always,17,168,264,0.6363636363636364,3.1850606535529535
mixed,mixture_graph_always,17,169,264,0.6401515151515151,3.1948673225058557
mixed,mixture_graph_always,17,170,264,0.6439393939393939,3.1930785592278337
mixed,mixture_graph_always,17,171,264,0.6477272727272727,3.1837137280350647
mixed,mixture_graph_always,17,172,264,0.6515151515151515,3.184140704422938
mixed,mixture_graph_always,17,173,264,0.6553030303030303,3.171847446666389
mixed,mixture_graph_always,17,174,264,0.6590909090909091,3.170992275411203
mixed,mixture_graph_always,17,175,264,0.6628787878787878,3.182854780835652
mixed,mixture_graph_always,17,176,264,0.6666666666666666,3.207012036713834
mixed,mixture_graph_always,17,177,264,0.6704545454545454,3.209243858398258
mixed,mixture_graph_always,17,178,264,0.6742424242424242,3.2092702489081812
mixed,mixture_graph_always,17,179,264,0.678030303030303,3.199381588555801
mixed,mixture_graph_always,17,180,264,0.6818181818181818,3.211421587915903
mixed,mixture_graph_always,17,181,264,0.6856060606060606,3.208054650612087
mixed,mixture_graph_always,17,182,264,0.6893939393939394,3.214982932473502
mixed,mixture_graph_always,17,183,264,0.6931818181818182,3.2277024142872675
mixed,mixture_graph_always,17,184,264,0.696969696969697,3.224709298178122
mixed,mixture_graph_always,17,185,264,0.7007575757575758,3.2231726368209133
mixed,mixture_graph_always,17,186,264,0.7045454545454546,3.234331697192408
mixed,mixture_graph_always,17,187,264,0.7083333333333334,3.252396987215686
mixed,mixture_graph_always,17,188,264,0.7121212121212122,3.2659334616325597
mixed,mixture_graph_always,17,189,264,0.7159090909090909,3.27674650310855
mixed,mixture_graph_always,17,190,264,0.7196969696969697,3.2831208873005058
mixed,mixture_graph_always,17,191,264,0.7234848484848485,3.2733690998907274
mixed,mixture_graph_always,17,192,264,0.7272727272727273,3.2625983328450103
mixed,mixture_graph_always,17,193,264,0.7310606060606061,3.2519594450927216
mixed,mixture_graph_always,17,194,264,0.7348484848484849,3.259952530481262
mixed,mixture_graph_always,17,195,264,0.7386363636363636,3.252068094461753
mixed,mixture_graph_always,17,196,264,0.7424242424242424,3.245392247322063
mixed,mixture_graph_always,17,197,264,0.7462121212121212,3.2404312555804133
mixed,mixture_graph_always,17,198,264,0.75,3.2326923971997727
mixed,mixture_graph_always,17,199,264,0.7537878787878788,3.2544261328943755
mixed,mixture_graph_always,17,200,264,0.7575757575757576,3.261943614283572
mixed,mixture_graph_always,17,201,264,0.7613636363636364,3.2593412622806315
mixed,mixture_graph_always,17,202,264,0.7651515151515151,3.2694075557099085
mixed,mixture_graph_always,17,203,264,0.7689393939393939,3.2619450586875316
mixed,mixture_graph_always,17,204,264,0.7727272727272727,3.2627137941290094
mixed,mixture_graph_always,17,205,264,0.7765151515151515,3.2532067152348847
mixed,mixture_graph_always,17,206,264,0.7803030303030303,3.2613494067550324
mixed,mixture_graph_always,17,207,264,0.7840909090909091,3.2512084446007776
mixed,mixture_graph_always,17,208,264,0.7878787878787878,3.2656660420726022
mixed,mixture_graph_always,17,209,264,0.7916666666666666,3.27142653145651
mixed,mixture_graph_always,17,210,264,0.7954545454545454,3.2682897711702816
mixed,mixture_graph_always,17,211,264,0.7992424242424242,3.2726869338236297
mixed,mixture_graph_always,17,212,264,0.803030303030303,3.267175585122571
mixed,mixture_graph_always,17,213,264,0.8068181818181818,3.2673535762626686
mixed,mixture_graph_always,17,214,264,0.8106060606060606,3.264248702518693
mixed,mixture_graph_always,17,215,264,0.8143939393939394,3.265198268413064
mixed,mixture_graph_always,17,216,264,0.8181818181818182,3.2706673896383185
mixed,mixture_graph_always,17,217,264,0.821969696969697,3.2814352753869733
mixed,mixture_graph_always,17,218,264,0.8257575757575758,3.2797697075584864
mixed,mixture_graph_always,17,219,264,0.8295454545454546,3.283916472032979
mixed,mixture_graph_always,17,220,264,0.8333333333333334,3.2976970174947597
mixed,mixture_graph_always,17,221,264,0.8371212121212122,3.3283990972945316
mixed,mixture_graph_always,17,222,264,0.8409090909090909,3.3338022733650807
mixed,mixture_graph_always,17,223,264,0.8446969696969697,3.327145490594826
mixed,mixture_graph_always,17,224,264,0.8484848484848485,3.318118036880114
mixed,mixture_graph_always,17,225,264,0.8522727272727273,3.309004231684125
mixed,mixture_graph_always,17,226,264,0.8560606060606061,3.3128359624136383
mixed,mixture_graph_always,17,227,264,0.8598484848484849,3.3088578951332357
mixed,mixture_graph_always,17,228,264,0.8636363636363636,3.3078410972055554
mixed,mixture_graph_always,17,229,264,0.8674242424242424,3.300394795664923
mixed,mixture_graph_always,17,230,264,0.8712121212121212,3.3145879527774142
mixed,mixture_graph_always,17,231,264,0.875,3.322403071211034
mixed,mixture_graph_always,17,232,264,0.8787878787878788,3.3259792035911326
mixed,mixture_graph_always,17,233,264,0.8825757575757576,3.3211668415222837
mixed,mixture_graph_always,17,234,264,0.8863636363636364,3.314965256310383
mixed,mixture_graph_always,17,235,264,0.8901515151515151,3.317478681774639
mixed,mixture_graph_always,17,236,264,0.8939393939393939,3.314518293838659
mixed,mixture_graph_always,17,237,264,0.8977272727272727,3.3159266743026876
mixed,mixture_graph_always,17,238,264,0.9015151515151515,3.314256184298701
mixed,mixture_graph_always,17,239,264,0.9053030303030303,3.320485276618661
mixed,mixture_graph_always,17,240,264,0.9090909090909091,3.3170033828335357
mixed,mixture_graph_always,17,241,264,0.9128787878787878,3.3157024588315815
mixed,mixture_graph_always,17,242,264,0.9166666666666666,3.3130840911829407
mixed,mixture_graph_always,17,243,264,0.9204545454545454,3.334805125320703
mixed,mixture_graph_always,17,244,264,0.9242424242424242,3.346577464378379
mixed,mixture_graph_always,17,245,264,0.928030303030303,3.3415388928679803
mixed,mixture_graph_always,17,246,264,0.9318181818181818,3.333878363336009
mixed,mixture_graph_always,17,247,264,0.9356060606060606,3.329318824080731
mixed,mixture_graph_always,17,248,264,0.9393939393939394,3.324905089964957
mixed,mixture_graph_always,17,249,264,0.9431818181818182,3.3215296724572085
mixed,mixture_graph_always,17,250,264,0.946969696969697,3.31358120544375
mixed,mixture_graph_always,17,251,264,0.9507575757575758,3.321596416578306
mixed,mixture_graph_always,17,252,264,0.9545454545454546,3.3130783943442332
mixed,mixture_graph_always,17,253,264,0.9583333333333334,3.310676453677687
mixed,mixture_graph_always,17,254,264,0.9621212121212122,3.304860695630222
mixed,mixture_graph_always,17,255,264,0.9659090909090909,3.32287464062962
mixed,mixture_graph_always,17,256,264,0.9696969696969697,3.322034077059686
mixed,mixture_graph_always,17,257,264,0.9734848484848485,3.314428536774485
mixed,mixture_graph_always,17,258,264,0.9772727272727273,3.3053986028713633
mixed,mixture_graph_always,17,259,264,0.9810606060606061,3.3060842292454025
mixed,mixture_graph_always,17,260,264,0.9848484848484849,3.2980955532864575
mixed,mixture_graph_always,17,261,264,0.9886363636363636,3.301125617829225
mixed,mixture_graph_always,17,262,264,0.9924242424242424,3.305960834879454
mixed,mixture_graph_always,17,263,264,0.9962121212121212,3.3106403498558805
mixed,mixture_graph_always,17,264,264,1.0,3.3034763268360368
mixed,mixture_graph_drop,17,1,264,0.003787878787878788,1.266569731981624
mixed,mixture_graph_drop,17,2,264,0.007575757575757576,1.7734075847327841
mixed,mixture_graph_drop,17,3,264,0.011363636363636364,2.2918037946573344
mixed,mixture_graph_drop,17,4,264,0.015151515151515152,2.87005058184725
mixed,mixture_graph_drop,17,5,264,0.01893939393939394,2.918474094220859
mixed,mixture_graph_drop,17,6,264,0.022727272727272728,2.954426997252712
mixed,mixture_graph_drop,17,7,264,0.026515151515151516,3.3705238966848294
mixed,mixture_graph_drop,17,8,264,0.030303030303030304,4.209535326363468
mixed,mixture_graph_drop,17,9,264,0.03409090909090909,4.277423997198197
mixed,mixture_graph_drop,17,10,264,0.03787878787878788,4.155349406239003
mixed,mixture_graph_drop,17,11,264,0.041666666666666664,3.981924278364562
mixed,mixture_graph_drop,17,12,264,0.045454545454545456,3.911586768467032
mixed,mixture_graph_drop,17,13,264,0.04924242424242424,3.944317521821646
mixed,mixture_graph_drop,17,14,264,0.05303030303030303,3.85173665765231
mixed,mixture_graph_drop,17,15,264,0.056818181818181816,4.004376988751924
mixed,mixture_graph_drop,17,16,264,0.06060606060606061,4.156143924454322
mixed,mixture_graph_drop,17,17,264,0.06439393939393939,4.2412178968773135
mixed,mixture_graph_drop,17,18,264,0.06818181818181818,4.152328751763597
mixed,mixture_graph_drop,17,19,264,0.07196969696969698,3.9992604320817637
mixed,mixture_graph_drop,17,20,264,0.07575757575757576,3.914036683840755
mixed,mixture_graph_drop,17,21,264,0.07954545454545454,3.821830593056018
mixed,mixture_graph_drop,17,22,264,0.08333333333333333,3.7293168991880674
mixed,mixture_graph_drop,17,23,264,0.08712121212121213,3.6247810682214396
mixed,mixture_graph_drop,17,24,264,0.09090909090909091,3.657852057587562
mixed,mixture_graph_drop,17,25,264,0.0946969696969697,3.6635679621906347
mixed,mixture_graph_drop,17,26,264,0.09848484848484848,3.7134523590321225
mixed,mixture_graph_drop,17,27,264,0.10227272727272728,3.7721716918389814
mixed,mixture_graph_drop,17,28,264,0.10606060606060606,3.7215602729902493
mixed,mixture_graph_drop,17,29,264,0.10984848484848485,3.680144792030031
mixed,mixture_graph_drop,17,30,264,0.11363636363636363,3.615205832489466
mixed,mixture_graph_drop,17,31,264,0.11742424242424243,3.772266054993932
mixed,mixture_graph_drop,17,32,264,0.12121212121212122,3.8307701276798993
mixed,mixture_graph_drop,17,33,264,0.125,3.782487759139471
mixed,mixture_graph_drop,17,34,264,0.12878787878787878,3.816854896519585
mixed,mixture_graph_drop,17,35,264,0.13257575757575757,3.7889995982723024
mixed,mixture_graph_drop,17,36,264,0.13636363636363635,3.7498937857811794
mixed,mixture_graph_drop,17,37,264,0.14015151515151514,3.7339831805676686
mixed,mixture_graph_drop,17,38,264,0.14393939393939395,3.6830586436834207
mixed,mixture_graph_drop,17,39,264,0.14772727272727273,3.6915114508868827
mixed,mixture_graph_drop,17,40,264,0.15151515151515152,3.6667197775389426
mixed,mixture_graph_drop,17,41,264,0.1553030303030303,3.6022894130686853
mixed,mixture_graph_drop,17,42,264,0.1590909090909091,3.630251614571436
mixed,mixture_graph_drop,17,43,264,0.16287878787878787,3.617023942436302
mixed,mixture_graph_drop,17,44,264,0.16666666666666666,3.5621852183866567
mixed,mixture_graph_drop,17,45,264,0.17045454545454544,3.537589244895929
mixed,mixture_graph_drop,17,46,264,0.17424242424242425,3.613212434542266
mixed,mixture_graph_drop,17,47,264,0.17803030303030304,3.5815441522938825
mixed,mixture_graph_drop,17,48,264,0.18181818181818182,3.614487414980537
mixed,mixture_graph_drop,17,49,264,0.1856060606060606,3.583135383840505
mixed,mixture_graph_drop,17,50,264,0.1893939393939394,3.5817401876857673
mixed,mixture_graph_drop,17,51,264,0.19318181818181818,3.5737217186346477
mixed,mixture_graph_drop,17,52,264,0.19696969696969696,3.527018744100396
mixed,mixture_graph_drop,17,53,264,0.20075757575757575,3.492652763872348
mixed,mixture_graph_drop,17,54,264,0.20454545454545456,3.484935982130034
mixed,mixture_graph_drop,17,55,264,0.20833333333333334,3.526319400274591
mixed,mixture_graph_drop,17,56,264,0.21212121212121213,3.504692503235918
mixed,mixture_graph_drop,17,57,264,0.2159090909090909,3.495434996413894
mixed,mixture_graph_drop,17,58,264,0.2196969696969697,3.5072782773036972
mixed,mixture_graph_drop,17,59,264,0.22348484848484848,3.5082785125585145
mixed,mixture_graph_drop,17,60,264,0.22727272727272727,3.497325352581016
mixed,mixture_graph_drop,17,61,264,0.23106060606060605,3.4741847962027843
mixed,mixture_graph_drop,17,62,264,0.23484848484848486,3.4564085635980715
mixed,mixture_graph_drop,17,63,264,0.23863636363636365,3.428832940726667
mixed,mixture_graph_drop,17,64,264,0.24242424242424243,3.4091203705855024
mixed,mixture_graph_drop,17,65,264,0.24621212121212122,3.3804087594065737
mixed,mixture_graph_drop,17,66,264,0.25,3.3726560334692977
mixed,mixture_graph_drop,17,67,264,0.2537878787878788,3.3833065266674582
mixed,mixture_graph_drop,17,68,264,0.25757575757575757,3.3679322120544803
mixed,mixture_graph_drop,17,69,264,0.26136363636363635,3.3814719179200963
mixed,mixture_graph_drop,17,70,264,0.26515151515151514,3.393143075256798
mixed,mixture_graph_drop,17,71,264,0.2689393939393939,3.378456405104763
mixed,mixture_graph_drop,17,72,264,0.2727272727272727,3.360473706640173
mixed,mixture_graph_drop,17,73,264,0.2765151515151515,3.3274783414540665
mixed,mixture_graph_drop,17,74,264,0.2803030303030303,3.3688609415705444
mixed,mixture_graph_drop,17,75,264,0.2840909090909091,3.361824176037419
mixed,mixture_graph_drop,17,76,264,0.2878787878787879,3.3382893358202077
mixed,mixture_graph_drop,17,77,264,0.2916666666666667,3.316004445445582
mixed,mixture_graph_drop,17,78,264,0.29545454545454547,3.3072970831896
mixed,mixture_graph_drop,17,79,264,0.29924242424242425,3.325345594207457
mixed,mixture_graph_drop,17,80,264,0.30303030303030304,3.3568687339340135
mixed,mixture_graph_drop,17,81,264,0.3068181818181818,3.3561241993380597
mixed,mixture_graph_drop,17,82,264,0.3106060606060606,3.3378706418090025
mixed,mixture_graph_drop,17,83,264,0.3143939393939394,3.31757438807438
mixed,mixture_graph_drop,17,84,264,0.3181818181818182,3.3112999242788
mixed,mixture_graph_drop,17,85,264,0.32196969696969696,3.2953883003636752
mixed,mixture_graph_drop,17,86,264,0.32575757575757575,3.354325987950944
mixed,mixture_graph_drop,17,87,264,0.32954545454545453,3.3442040370079993
mixed,mixture_graph_drop,17,88,264,0.3333333333333333,3.341644323344552
mixed,mixture_graph_drop,17,89,264,0.3371212121212121,3.322880875670313
mixed,mixture_graph_drop,17,90,264,0.3409090909090909,3.3236955824334156
mixed,mixture_graph_drop,17,91,264,0.3446969696969697,3.325750198593384
mixed,mixture_graph_drop,17,92,264,0.3484848484848485,3.3028215048937146
mixed,mixture_graph_drop,17,93,264,0.3522727272727273,3.3098051842700578
mixed,mixture_graph_drop,17,94,264,0.3560606060606061,3.3093900682774287
mixed,mixture_graph_drop,17,95,264,0.35984848484848486,3.291151138053158
mixed,mixture_graph_drop,17,96,264,0.36363636363636365,3.264455976582237
mixed,mixture_graph_drop,17,97,264,0.36742424242424243,3.253494428451338
mixed,mixture_graph_drop,17,98,264,0.3712121212121212,3.241495430735996
mixed,mixture_graph_drop,17,99,264,0.375,3.222867686199757
mixed,mixture_graph_drop,17,100,264,0.3787878787878788,3.2431595685106256
mixed,mixture_graph_drop,17,101,264,0.38257575757575757,3.2652363178811568
mixed,mixture_graph_drop,17,102,264,0.38636363636363635,3.2875303207131545
mixed,mixture_graph_drop,17,103,264,0.39015151515151514,3.2832285718959255
mixed,mixture_graph_drop,17,104,264,0.3939393939393939,3.3033687952135926
mixed,mixture_graph_drop,17,105,264,0.3977272727272727,3.28414718995727
mixed,mixture_graph_drop,17,106,264,0.4015151515151515,3.3089548609564545
mixed,mixture_graph_drop,17,107,264,0.4053030303030303,3.3276218596267606
mixed,mixture_graph_drop,17,108,264,0.4090909090909091,3.3102273396248196
mixed,mixture_graph_drop,17,109,264,0.4128787878787879,3.300529006846829
mixed,mixture_graph_drop,17,110,264,0.4166666666666667,3.291130459085313
mixed,mixture_graph_drop,17,111,264,0.42045454545454547,3.2794497705337218
mixed,mixture_graph_drop,17,112,264,0.42424242424242425,3.2981291154564376
mixed,mixture_graph_drop,17,113,264,0.42803030303030304,3.323439808649906
mixed,mixture_graph_drop,17,114,264,0.4318181818181818,3.32125576004451
mixed,mixture_graph_drop,17,115,264,0.4356060606060606,3.331481923199245
mixed,mixture_graph_drop,17,116,264,0.4393939393939394,3.3277864970188515
mixed,mixture_graph_drop,17,117,264,0.4431818181818182,3.3140385468815836
mixed,mixture_graph_drop,17,118,264,0.44696969696969696,3.305832876607748
mixed,mixture_graph_drop,17,119,264,0.45075757575757575,3.29556197876817
mixed,mixture_graph_drop,17,120,264,0.45454545454545453,3.293296466955242
mixed,mixture_graph_drop,17,121,264,0.4583333333333333,3.279399617955059
mixed,mixture_graph_drop,17,122,264,0.4621212121212121,3.319158009075862
mixed,mixture_graph_drop,17,123,264,0.4659090909090909,3.3010811960399202
mixed,mixture_graph_drop,17,124,264,0.4696969696969697,3.2855285073829315
mixed,mixture_graph_drop,17,125,264,0.4734848484848485,3.270698998860967
mixed,mixture_graph_drop,17,126,264,0.4772727272727273,3.2944687791870786
mixed,mixture_graph_drop,17,127,264,0.4810606060606061,3.2768439438790575
mixed,mixture_graph_drop,17,128,264,0.48484848484848486,3.268543356376642
mixed,mixture_graph_drop,17,129,264,0.48863636363636365,3.2557679173856413
mixed,mixture_graph_drop,17,130,264,0.49242424242424243,3.279170516877718
mixed,mixture_graph_drop,17,131,264,0.4962121212121212,3.2921017660796146
mixed,mixture_graph_drop,17,132,264,0.5,3.28235166984301
mixed,mixture_graph_drop,17,133,264,0.5037878787878788,3.306446143753244
mixed,mixture_graph_drop,17,134,264,0.5075757575757576,3.3061889289065234
mixed,mixture_graph_drop,17,135,264,0.5113636363636364,3.2936671025149007
mixed,mixture_graph_drop,17,136,264,0.5151515151515151,3.2821061060649335
mixed,mixture_graph_drop,17,137,264,0.5189393939393939,3.264284737638273
mixed,mixture_graph_drop,17,138,264,0.5227272727272727,3.2526794543401136
mixed,mixture_graph_drop,17,139,264,0.5265151515151515,3.251889201800495
mixed,mixture_graph_drop,17,140,264,0.5303030303030303,3.247267311983756
mixed,mixture_graph_drop,17,141,264,0.5340909090909091,3.259721149732235
mixed,mixture_graph_drop,17,142,264,0.5378787878787878,3.2563587102870395
mixed,mixture_graph_drop,17,143,264,0.5416666666666666,3.264277510179627
mixed,mixture_graph_drop,17,144,264,0.5454545454545454,3.244649361251113
mixed,mixture_graph_drop,17,145,264,0.5492424242424242,3.2394695019690243
mixed,mixture_graph_drop,17,146,264,0.553030303030303,3.250757785468827
mixed,mixture_graph_drop,17,147,264,0.5568181818181818,3.241059386131628
mixed,mixture_graph_drop,17,148,264,0.5606060606060606,3.247866376935634
mixed,mixture_graph_drop,17,149,264,0.5643939393939394,3.234648305549887
mixed,mixture_graph_drop,17,150,264,0.5681818181818182,3.2486018524556695
mixed,mixture_graph_drop,17,151,264,0.571969696969697,3.2592467451968576
mixed,mixture_graph_drop,17,152,264,0.5757575757575758,3.24715481274966
mixed,mixture_graph_drop,17,153,264,0.5795454545454546,3.246544833345131
mixed,mixture_graph_drop,17,154,264,0.5833333333333334,3.2518112059703403
mixed,mixture_graph_drop,17,155,264,0.5871212121212122,3.2417412224856657
mixed,mixture_graph_drop,17,156,264,0.5909090909090909,3.232669072033946
mixed,mixture_graph_drop,17,157,264,0.5946969696969697,3.2404422442398557
mixed,mixture_graph_drop,17,158,264,0.5984848484848485,3.2376214951632076
mixed,mixture_graph_drop,17,159,264,0.6022727272727273,3.2306280204849767
mixed,mixture_graph_drop,17,160,264,0.6060606060606061,3.2431991728102725
mixed,mixture_graph_drop,17,161,264,0.6098484848484849,3.2344899639427322
mixed,mixture_graph_drop,17,162,264,0.6136363636363636,3.234189903251465
mixed,mixture_graph_drop,17,163,264,0.6174242424242424,3.2358715965361307
mixed,mixture_graph_drop,17,164,264,0.6212121212121212,3.2219788458989345
mixed,mixture_graph_drop,17,165,264,0.625,3.2159360757525994
mixed,mixture_graph_drop,17,166,264,0.6287878787878788,3.212795242164313
mixed,mixture_graph_drop,17,167,264,0.6325757575757576,3.212793018447127
mixed,mixture_graph_drop,17,168,264,0.6363636363636364,3.2142176736276915
mixed,mixture_graph_drop,17,169,264,0.6401515151515151,3.2583893148071454
mixed,mixture_graph_drop,17,170,264,0.6439393939393939,3.251526869752203
mixed,mixture_graph_drop,17,171,264,0.6477272727272727,3.2681493335224383
mixed,mixture_graph_drop,17,172,264,0.6515151515151515,3.2621435795211053
mixed,mixture_graph_drop,17,173,264,0.6553030303030303,3.278881670954209
mixed,mixture_graph_drop,17,174,264,0.6590909090909091,3.2711079350738395
mixed,mixture_graph_drop,17,175,264,0.6628787878787878,3.266247165534849
mixed,mixture_graph_drop,17,176,264,0.6666666666666666,3.26368466092196
mixed,mixture_graph_drop,17,177,264,0.6704545454545454,3.257794513308887
mixed,mixture_graph_drop,17,178,264,0.6742424242424242,3.2537602995037354
mixed,mixture_graph_drop,17,179,264,0.678030303030303,3.2486650480917407
mixed,mixture_graph_drop,17,180,264,0.6818181818181818,3.2367834105382207
mixed,mixture_graph_drop,17,181,264,0.6856060606060606,3.2308435742332353
mixed,mixture_graph_drop,17,182,264,0.6893939393939394,3.2406842331922645
mixed,mixture_graph_drop,17,183,264,0.6931818181818182,3.233473252748299
mixed,mixture_graph_drop,17,184,264,0.696969696969697,3.2371785903894987
mixed,mixture_graph_drop,17,185,264,0.7007575757575758,3.237211263174284
mixed,mixture_graph_drop,17,186,264,0.7045454545454546,3.232157392210527
mixed,mixture_graph_drop,17,187,264,0.7083333333333334,3.2313828770980826
mixed,mixture_graph_drop,17,188,264,0.7121212121212122,3.220824873268389
mixed,mixture_graph_drop,17,189,264,0.7159090909090909,3.2193975819703615
mixed,mixture_graph_drop,17,190,264,0.7196969696969697,3.2127835763917663
mixed,mixture_graph_drop,17,191,264,0.7234848484848485,3.201750811004308
mixed,mixture_graph_drop,17,192,264,0.7272727272727273,3.1993763817447767
mixed,mixture_graph_drop,17,193,264,0.7310606060606061,3.196295421159197
mixed,mixture_graph_drop,17,194,264,0.7348484848484849,3.209138258705021
mixed,mixture_graph_drop,17,195,264,0.7386363636363636,3.205181011405641
mixed,mixture_graph_drop,17,196,264,0.7424242424242424,3.2101888337496667
mixed,mixture_graph_drop,17,197,264,0.7462121212121212,3.2056541106092378
mixed,mixture_graph_drop,17,198,264,0.75,3.2338519291708177
mixed,mixture_graph_drop,17,199,264,0.7537878787878788,3.2555194834840675
mixed,mixture_graph_drop,17,200,264,0.7575757575757576,3.26308014498907
mixed,mixture_graph_drop,17,201,264,0.7613636363636364,3.2687390268100938
mixed,mixture_graph_drop,17,202,264,0.7651515151515151,3.258717060927755
mixed,mixture_graph_drop,17,203,264,0.7689393939393939,3.2681449759846855
mixed,mixture_graph_drop,17,204,264,0.7727272727272727,3.2689557960711615
mixed,mixture_graph_drop,17,205,264,0.7765151515151515,3.261437403215769
mixed,mixture_graph_drop,17,206,264,0.7803030303030303,3.2644518250039747
mixed,mixture_graph_drop,17,207,264,0.7840909090909091,3.2613510271622443
mixed,mixture_graph_drop,17,208,264,0.7878787878787878,3.2668490566084154
mixed,mixture_graph_drop,17,209,264,0.7916666666666666,3.2576427078005863
mixed,mixture_graph_drop,17,210,264,0.7954545454545454,3.273457266219054
mixed,mixture_graph_drop,17,211,264,0.7992424242424242,3.263350801970608
mixed,mixture_graph_drop,17,212,264,0.803030303030303,3.2587854333660218
mixed,mixture_graph_drop,17,213,264,0.8068181818181818,3.2598871998359886
mixed,mixture_graph_drop,17,214,264,0.8106060606060606,3.2635470234926416
mixed,mixture_graph_drop,17,215,264,0.8143939393939394,3.296430498092241
mixed,mixture_graph_drop,17,216,264,0.8181818181818182,3.285008373568369
mixed,mixture_graph_drop,17,217,264,0.821969696969697,3.292369705392544
mixed,mixture_graph_drop,17,218,264,0.8257575757575758,3.2868808587447136
mixed,mixture_graph_drop,17,219,264,0.8295454545454546,3.29125421573613
mixed,mixture_graph_drop,17,220,264,0.8333333333333334,3.313031456790276
mixed,mixture_graph_drop,17,221,264,0.8371212121212122,3.304363603066278
mixed,mixture_graph_drop,17,222,264,0.8409090909090909,3.301568753210154
mixed,mixture_graph_drop,17,223,264,0.8446969696969697,3.2923495462026384
mixed,mixture_graph_drop,17,224,264,0.8484848484848485,3.292994838477708
mixed,mixture_graph_drop,17,225,264,0.8522727272727273,3.2960148718384925
mixed,mixture_graph_drop,17,226,264,0.8560606060606061,3.3099125067303468
mixed,mixture_graph_drop,17,227,264,0.8598484848484849,3.3073641524881423
mixed,mixture_graph_drop,17,228,264,0.8636363636363636,3.30091721780234
mixed,mixture_graph_drop,17,229,264,0.8674242424242424,3.2983213769068276
mixed,mixture_graph_drop,17,230,264,0.8712121212121212,3.2884307961322583
mixed,mixture_graph_drop,17,231,264,0.875,3.2823835065969464
mixed,mixture_graph_drop,17,232,264,0.8787878787878788,3.2875033999713152
mixed,mixture_graph_drop,17,233,264,0.8825757575757576,3.2932854022412927
mixed,mixture_graph_drop,17,234,264,0.8863636363636364,3.306688498213718
mixed,mixture_graph_drop,17,235,264,0.8901515151515151,3.306549124811314
mixed,mixture_graph_drop,17,236,264,0.8939393939393939,3.328148747146233
mixed,mixture_graph_drop,17,237,264,0.8977272727272727,3.326401270238283
mixed,mixture_graph_drop,17,238,264,0.9015151515151515,3.332839709492443
mixed,mixture_graph_drop,17,239,264,0.9053030303030303,3.3292137876363217
mixed,mixture_graph_drop,17,240,264,0.9090909090909091,3.3293565389864237
mixed,mixture_graph_drop,17,241,264,0.9128787878787878,3.3248440599459954
mixed,mixture_graph_drop,17,242,264,0.9166666666666666,3.3386994669263266
mixed,mixture_graph_drop,17,243,264,0.9204545454545454,3.3326947566979186
mixed,mixture_graph_drop,17,244,264,0.9242424242424242,3.3318807282372442
mixed,mixture_graph_drop,17,245,264,0.928030303030303,3.3250147990606793
mixed,mixture_graph_drop,17,246,264,0.9318181818181818,3.3137996983138
mixed,mixture_graph_drop,17,247,264,0.9356060606060606,3.3152824513951673
mixed,mixture_graph_drop,17,248,264,0.9393939393939394,3.313838423878839
mixed,mixture_graph_drop,17,249,264,0.9431818181818182,3.3047140870308045
mixed,mixture_graph_drop,17,250,264,0.946969696969697,3.308774551938894
mixed,mixture_graph_drop,17,251,264,0.9507575757575758,3.2989917201469923
mixed,mixture_graph_drop,17,252,264,0.9545454545454546,3.302973299060597
mixed,mixture_graph_drop,17,253,264,0.9583333333333334,3.306300400798501
mixed,mixture_graph_drop,17,254,264,0.9621212121212122,3.3148103577578985
mixed,mixture_graph_drop,17,255,264,0.9659090909090909,3.3130092473260957
mixed,mixture_graph_drop,17,256,264,0.9696969696969697,3.314294317109887
mixed,mixture_graph_drop,17,257,264,0.9734848484848485,3.3225666909481864
mixed,mixture_graph_drop,17,258,264,0.9772727272727273,3.3281214789898903
mixed,mixture_graph_drop,17,259,264,0.9810606060606061,3.3192689622145193
mixed,mixture_graph_drop,17,260,264,0.9848484848484849,3.311161021830062
mixed,mixture_graph_drop,17,261,264,0.9886363636363636,3.309407429210644
mixed,mixture_graph_drop,17,262,264,0.9924242424242424,3.3057089164423994
mixed,mixture_graph_drop,17,263,264,0.9962121212121212,3.3268930162310255
mixed,mixture_graph_drop,17,264,264,1.0,3.323181148339919
mixed,mixture_conv_drop,17,1,264,0.003787878787878788,3.4703785499787148
mixed,mixture_conv_drop,17,2,264,0.007575757575757576,4.665686632924709
mixed,mixture_conv_drop,17,3,264,0.011363636363636364,4.772340643762307
mixed,mixture_conv_drop,17,4,264,0.015151515151515152,4.751596565752503
mixed,mixture_conv_drop,17,5,264,0.01893939393939394,4.379287752369324
mixed,mixture_conv_drop,17,6,264,0.022727272727272728,4.0938654051549435
mixed,mixture_conv_drop,17,7,264,0.026515151515151516,3.8124364590570825
mixed,mixture_conv_drop,17,8,264,0.030303030303030304,3.6363089268962074
mixed,mixture_conv_drop,17,9,264,0.03409090909090909,3.524433191342833
mixed,mixture_conv_drop,17,10,264,0.03787878787878788,3.579127598104371
mixed,mixture_conv_drop,17,11,264,0.041666666666666664,3.6986000544903885
mixed,mixture_conv_drop,17,12,264,0.045454545454545456,3.6788753609458773
mixed,mixture_conv_drop,17,13,264,0.04924242424242424,3.7688239338213476
mixed,mixture_conv_drop,17,14,264,0.05303030303030303,3.9068349340302144
mixed,mixture_conv_drop,17,15,264,0.056818181818181816,3.813495891486268
mixed,mixture_conv_drop,17,16,264,0.06060606060606061,3.786586637522249
mixed,mixture_conv_drop,17,17,264,0.06439393939393939,3.777714699311337
mixed,mixture_conv_drop,17,18,264,0.06818181818181818,3.6274691094833815
mixed,mixture_conv_drop,17,19,264,0.07196969696969698,3.569930671043245
mixed,mixture_conv_drop,17,20,264,0.07575757575757576,3.665613022641368
mixed,mixture_conv_drop,17,21,264,0.07954545454545454,3.9127088751377337
mixed,mixture_conv_drop,17,22,264,0.08333333333333333,3.9911662149891627
mixed,mixture_conv_drop,17,23,264,0.08712121212121213,3.881388009729019
mixed,mixture_conv_drop,17,24,264,0.09090909090909091,3.826261958850113
mixed,mixture_conv_drop,17,25,264,0.0946969696969697,3.714963176735443
mixed,mixture_conv_drop,17,26,264,0.09848484848484848,3.8129179207442423
mixed,mixture_conv_drop,17,27,264,0.10227272727272728,3.7300332954808506
mixed,mixture_conv_drop,17,28,264,0.10606060606060606,3.665426985453885
mixed,mixture_conv_drop,17,29,264,0.10984848484848485,3.6045961334976386
mixed,mixture_conv_drop,17,30,264,0.11363636363636363,3.544930582685058
mixed,mixture_conv_drop,17,31,264,0.11742424242424243,3.4831789813502816
mixed,mixture_conv_drop,17,32,264,0.12121212121212122,3.427497940439067
mixed,mixture_conv_drop,17,33,264,0.125,3.621720686979318
mixed,mixture_conv_drop,17,34,264,0.12878787878787878,3.5701397001428923
mixed,mixture_conv_drop,17,35,264,0.13257575757575757,3.514853946839849
mixed,mixture_conv_drop,17,36,264,0.13636363636363635,3.502178967801223
mixed,mixture_conv_drop,17,37,264,0.14015151515151514,3.5711025560436016
mixed,mixture_conv_drop,17,38,264,0.14393939393939395,3.601782585968617
mixed,mixture_conv_drop,17,39,264,0.14772727272727273,3.5654977433064627
mixed,mixture_conv_drop,17,40,264,0.15151515151515152,3.5054927572053236
mixed,mixture_conv_drop,17,41,264,0.1553030303030303,3.510466175989135
mixed,mixture_conv_drop,17,42,264,0.1590909090909091,3.4826156966574495
mixed,mixture_conv_drop,17,43,264,0.16287878787878787,3.4189893095466037
mixed,mixture_conv_drop,17,44,264,0.16666666666666666,3.3656470346434375
mixed,mixture_conv_drop,17,45,264,0.17045454545454544,3.360767587234212
mixed,mixture_conv_drop,17,46,264,0.17424242424242425,3.340281407192158
mixed,mixture_conv_drop,17,47,264,0.17803030303030304,3.3007179800996096
mixed,mixture_conv_drop,17,48,264,0.18181818181818182,3.2725709921034896
mixed,mixture_conv_drop,17,49,264,0.1856060606060606,3.318937403093574
mixed,mixture_conv_drop,17,50,264,0.1893939393939394,3.293865620142291
mixed,mixture_conv_drop,17,51,264,0.19318181818181818,3.2645039582767277
mixed,mixture_conv_drop,17,52,264,0.19696969696969696,3.253764894446986
mixed,mixture_conv_drop,17,53,264,0.20075757575757575,3.309640459804707
mixed,mixture_conv_drop,17,54,264,0.20454545454545456,3.3362199067899723
mixed,mixture_conv_drop,17,55,264,0.20833333333333334,3.311014424531388
mixed,mixture_conv_drop,17,56,264,0.21212121212121213,3.362359637725399
mixed,mixture_conv_drop,17,57,264,0.2159090909090909,3.322157167250002
mixed,mixture_conv_drop,17,58,264,0.2196969696969697,3.2908231791957707
mixed,mixture_conv_drop,17,59,264,0.22348484848484848,3.283196577768507
mixed,mixture_conv_drop,17,60,264,0.22727272727272727,3.3610074300617407
mixed,mixture_conv_drop,17,61,264,0.23106060606060605,3.3472459117119557
mixed,mixture_conv_drop,17,62,264,0.23484848484848486,3.346693276154133
mixed,mixture_conv_drop,17,63,264,0.23863636363636365,3.3671789933642877
mixed,mixture_conv_drop,17,64,264,0.24242424242424243,3.3479645221132492
mixed,mixture_conv_drop,17,65,264,0.24621212121212122,3.327997020365935
mixed,mixture_conv_drop,17,66,264,0.25,3.3526401949105478
mixed,mixture_conv_drop,17,67,264,0.2537878787878788,3.340878141721549
mixed,mixture_conv_drop,17,68,264,0.25757575757575757,3.3757322639341787
mixed,mixture_conv_drop,17,69,264,0.26136363636363635,3.3509006025521644
mixed,mixture_conv_drop,17,70,264,0.26515151515151514,3.3396436698658274
mixed,mixture_conv_drop,17,71,264,0.2689393939393939,3.3526447022604753
mixed,mixture_conv_drop,17,72,264,0.2727272727272727,3.3485449630671695
mixed,mixture_conv_drop,17,73,264,0.2765151515151515,3.3481174325711915
mixed,mixture_conv_drop,17,74,264,0.2803030303030303,3.3222957623050418
mixed,mixture_conv_drop,17,75,264,0.2840909090909091,3.3174161654720757
mixed,mixture_conv_drop,17,76,264,0.2878787878787879,3.295472009362757
mixed,mixture_conv_drop,17,77,264,0.2916666666666667,3.2877939499853888
mixed,mixture_conv_drop,17,78,264,0.29545454545454547,3.291297201046685
mixed,mixture_conv_drop,17,79,264,0.29924242424242425,3.2869716584060993
mixed,mixture_conv_drop,17,80,264,0.30303030303030304,3.306712708933528
mixed,mixture_conv_drop,17,81,264,0.3068181818181818,3.2724422786913507
mixed,mixture_conv_drop,17,82,264,0.3106060606060606,3.3050286835923406
mixed,mixture_conv_drop,17,83,264,0.3143939393939394,3.2812460902728033
mixed,mixture_conv_drop,17,84,264,0.3181818181818182,3.260743250353254
mixed,mixture_conv_drop,17,85,264,0.32196969696969696,3.266245243962864
mixed,mixture_conv_drop,17,86,264,0.32575757575757575,3.30461399625741
mixed,mixture_conv_drop,17,87,264,0.32954545454545453,3.290262244488764
mixed,mixture_conv_drop,17,88,264,0.3333333333333333,3.272383017369194
mixed,mixture_conv_drop,17,89,264,0.3371212121212121,3.282652283913532
mixed,mixture_conv_drop,17,90,264,0.3409090909090909,3.29274276314175
mixed,mixture_conv_drop,17,91,264,0.3446969696969697,3.2877261698467724
mixed,mixture_conv_drop,17,92,264,0.3484848484848485,3.275669590138757
mixed,mixture_conv_drop,17,93,264,0.3522727272727273,3.2576578999464973
mixed,mixture_conv_drop,17,94,264,0.3560606060606061,3.298522594968106
mixed,mixture_conv_drop,17,95,264,0.35984848484848486,3.291719904287551
mixed,mixture_conv_drop,17,96,264,0.36363636363636365,3.275983532142391
mixed,mixture_conv_drop,17,97,264,0.36742424242424243,3.2996114805926617
mixed,mixture_conv_drop,17,98,264,0.3712121212121212,3.2755820594906164
mixed,mixture_conv_drop,17,99,264,0.375,3.248343390870514
mixed,mixture_conv_drop,17,100,264,0.3787878787878788,3.2382303626294986
mixed,mixture_conv_drop,17,101,264,0.38257575757575757,3.2285887431306053
mixed,mixture_conv_drop,17,102,264,0.38636363636363635,3.2282104885712646
mixed,mixture_conv_drop,17,103,264,0.39015151515151514,3.2153529627252095
mixed,mixture_conv_drop,17,104,264,0.3939393939393939,3.246445136834411
mixed,mixture_conv_drop,17,105,264,0.3977272727272727,3.2695698998726375
mixed,mixture_conv_drop,17,106,264,0.4015151515151515,3.2722874876846317
mixed,mixture_conv_drop,17,107,264,0.4053030303030303,3.257854260372294
mixed,mixture_conv_drop,17,108,264,0.4090909090909091,3.257402471982577
mixed,mixture_conv_drop,17,109,264,0.4128787878787879,3.2476578447633058
mixed,mixture_conv_drop,17,110,264,0.4166666666666667,3.233295038377529
mixed,mixture_conv_drop,17,111,264,0.42045454545454547,3.253951398256346
mixed,mixture_conv_drop,17,112,264,0.42424242424242425,3.2613615309724353
mixed,mixture_conv_drop,17,113,264,0.42803030303030304,3.2748396517867717
mixed,mixture_conv_drop,17,114,264,0.4318181818181818,3.308827195227154
mixed,mixture_conv_drop,17,115,264,0.4356060606060606,3.2956304462914483
mixed,mixture_conv_drop,17,116,264,0.4393939393939394,3.2851610674201046
mixed,mixture_conv_drop,17,117,264,0.4431818181818182,3.2721874583321635
mixed,mixture_conv_drop,17,118,264,0.44696969696969696,3.255796645053132
mixed,mixture_conv_drop,17,119,264,0.45075757575757575,3.27105528984999
mixed,mixture_conv_drop,17,120,264,0.45454545454545453,3.28476982745299
mixed,mixture_conv_drop,17,121,264,0.4583333333333333,3.281404749378402
mixed,mixture_conv_drop,17,122,264,0.4621212121212121,3.2789797302194486
mixed,mixture_conv_drop,17,123,264,0.4659090909090909,3.2617989270181402
mixed,mixture_conv_drop,17,124,264,0.4696969696969697,3.2581971118550674
mixed,mixture_conv_drop,17,125,264,0.4734848484848485,3.265262381089286
mixed,mixture_conv_drop,17,126,264,0.4772727272727273,3.257892249539941
mixed,mixture_conv_drop,17,127,264,0.4810606060606061,3.2421380880889252
mixed,mixture_conv_drop,17,128,264,0.48484848484848486,3.233499348372606
mixed,mixture_conv_drop,17,129,264,0.48863636363636365,3.2225353331366775
mixed,mixture_conv_drop,17,130,264,0.49242424242424243,3.214651601691622
mixed,mixture_conv_drop,17,131,264,0.4962121212121212,3.198634556763151
mixed,mixture_conv_drop,17,132,264,0.5,3.221600805501952
mixed,mixture_conv_drop,17,133,264,0.5037878787878788,3.2505633542484476
mixed,mixture_conv_drop,17,134,264,0.5075757575757576,3.257959852552432
mixed,mixture_conv_drop,17,135,264,0.5113636363636364,3.272442170945065
mixed,mixture_conv_drop,17,136,264,0.5151515151515151,3.271338338365317
mixed,mixture_conv_drop,17,137,264,0.5189393939393939,3.2598616008439136
mixed,mixture_conv_drop,17,138,264,0.5227272727272727,3.2821254211973274
mixed,mixture_conv_drop,17,139,264,0.5265151515151515,3.2702164895276606
mixed,mixture_conv_drop,17,140,264,0.5303030303030303,3.2779654635314865
mixed,mixture_conv_drop,17,141,264,0.5340909090909091,3.280150627982653
mixed,mixture_conv_drop,17,142,264,0.5378787878787878,3.3213445586781782
mixed,mixture_conv_drop,17,143,264,0.5416666666666666,3.314257514586232
mixed,mixture_conv_drop,17,144,264,0.5454545454545454,3.327296541282093
mixed,mixture_conv_drop,17,145,264,0.5492424242424242,3.3218602424739534
mixed,mixture_conv_drop,17,146,264,0.553030303030303,3.3244465053748256
mixed,mixture_conv_drop,17,147,264,0.5568181818181818,3.31853754000129
mixed,mixture_conv_drop,17,148,264,0.5606060606060606,3.3108389395962807
mixed,mixture_conv_drop,17,149,264,0.5643939393939394,3.2981983785985602
mixed,mixture_conv_drop,17,150,264,0.5681818181818182,3.2895772932220697
mixed,mixture_conv_drop,17,151,264,0.571969696969697,3.291303429478536
mixed,mixture_conv_drop,17,152,264,0.5757575757575758,3.287004126177706
mixed,mixture_conv_drop,17,153,264,0.5795454545454546,3.2718959113218657
mixed,mixture_conv_drop,17,154,264,0.5833333333333334,3.271142412458302
mixed,mixture_conv_drop,17,155,264,0.5871212121212122,3.2705139298365613
mixed,mixture_conv_drop,17,156,264,0.5909090909090909,3.2638440833460285
mixed,mixture_conv_drop,17,157,264,0.5946969696969697,3.2559922168454216
mixed,mixture_conv_drop,17,158,264,0.5984848484848485,3.2645747120436974
mixed,mixture_conv_drop,17,159,264,0.6022727272727273,3.283705951926805
mixed,mixture_conv_drop,17,160,264,0.6060606060606061,3.2671860983424623
mixed,mixture_conv_drop,17,161,264,0.6098484848484849,3.2904311975757277
mixed,mixture_conv_drop,17,162,264,0.6136363636363636,3.276473710583972
mixed,mixture_conv_drop,17,163,264,0.6174242424242424,3.3180419146722544
mixed,mixture_conv_drop,17,164,264,0.6212121212121212,3.3275906968914204
mixed,mixture_conv_drop,17,165,264,0.625,3.3306947002296856
mixed,mixture_conv_drop,17,166,264,0.6287878787878788,3.3201640085460946
mixed,mixture_conv_drop,17,167,264,0.6325757575757576,3.336429831415155
mixed,mixture_conv_drop,17,168,264,0.6363636363636364,3.336693142813959
mixed,mixture_conv_drop,17,169,264,0.6401515151515151,3.333470223375147
mixed,mixture_conv_drop,17,170,264,0.6439393939393939,3.336044017397492
mixed,mixture_conv_drop,17,171,264,0.6477272727272727,3.329569825802835
mixed,mixture_conv_drop,17,172,264,0.6515151515151515,3.3255397792660477
mixed,mixture_conv_drop,17,173,264,0.6553030303030303,3.3171473524033073
mixed,mixture_conv_drop,17,174,264,0.6590909090909091,3.3373066263357942
mixed,mixture_conv_drop,17,175,264,0.6628787878787878,3.3460356039921337
mixed,mixture_conv_drop,17,176,264,0.6666666666666666,3.3437706326982224
mixed,mixture_conv_drop,17,177,264,0.6704545454545454,3.3369991933587246
mixed,mixture_conv_drop,17,178,264,0.6742424242424242,3.33748822133454
mixed,mixture_conv_drop,17,179,264,0.678030303030303,3.3320205662945486
mixed,mixture_conv_drop,17,180,264,0.6818181818181818,3.3283302979783276
mixed,mixture_conv_drop,17,181,264,0.6856060606060606,3.339475528593983
mixed,mixture_conv_drop,17,182,264,0.6893939393939394,3.3497398379511103
mixed,mixture_conv_drop,17,183,264,0.6931818181818182,3.375869923313101
mixed,mixture_conv_drop,17,184,264,0.696969696969697,3.37083833393022
mixed,mixture_conv_drop,17,185,264,0.7007575757575758,3.3755193157510126
mixed,mixture_conv_drop,17,186,264,0.7045454545454546,3.3701437295508123
mixed,mixture_conv_drop,17,187,264,0.7083333333333334,3.3791364130707695
mixed,mixture_conv_drop,17,188,264,0.7121212121212122,3.3672162344820347
mixed,mixture_conv_drop,17,189,264,0.7159090909090909,3.3625906080863293
mixed,mixture_conv_drop,17,190,264,0.7196969696969697,3.362345288987648
mixed,mixture_conv_drop,17,191,264,0.7234848484848485,3.3668795816810695
mixed,mixture_conv_drop,17,192,264,0.7272727272727273,3.374104135951784
mixed,mixture_conv_drop,17,193,264,0.7310606060606061,3.362037356481468
mixed,mixture_conv_drop,17,194,264,0.7348484848484849,3.3582884895594405
mixed,mixture_conv_drop,17,195,264,0.7386363636363636,3.377980761179854
mixed,mixture_conv_drop,17,196,264,0.7424242424242424,3.372440602038453
mixed,mixture_conv_drop,17,197,264,0.7462121212121212,3.3868973409496523
mixed,mixture_conv_drop,17,198,264,0.75,3.3773846384484654
mixed,mixture_conv_drop,17,199,264,0.7537878787878788,3.3942281396650764
mixed,mixture_conv_drop,17,200,264,0.7575757575757576,3.3834492370949074
mixed,mixture_conv_drop,17,201,264,0.7613636363636364,3.3762605919088724
mixed,mixture_conv_drop,17,202,264,0.7651515151515151,3.369364437069872
mixed,mixture_conv_drop,17,203,264,0.7689393939393939,3.3621046312158454
mixed,mixture_conv_drop,17,204,264,0.7727272727272727,3.36356538556607
mixed,mixture_conv_drop,17,205,264,0.7765151515151515,3.3605900021327355
mixed,mixture_conv_drop,17,206,264,0.7803030303030303,3.362946450015409
mixed,mixture_conv_drop,17,207,264,0.7840909090909091,3.3748326763931598
mixed,mixture_conv_drop,17,208,264,0.7878787878787878,3.369950066932474
mixed,mixture_conv_drop,17,209,264,0.7916666666666666,3.360401047506181
mixed,mixture_conv_drop,17,210,264,0.7954545454545454,3.3631750516181627
mixed,mixture_conv_drop,17,211,264,0.7992424242424242,3.366309984779451
mixed,mixture_conv_drop,17,212,264,0.803030303030303,3.361081869364815
mixed,mixture_conv_drop,17,213,264,0.8068181818181818,3.354670576350963
mixed,mixture_conv_drop,17,214,264,0.8106060606060606,3.3497191825857158
mixed,mixture_conv_drop,17,215,264,0.8143939393939394,3.3627021192457645
mixed,mixture_conv_drop,17,216,264,0.8181818181818182,3.3707031290414275
mixed,mixture_conv_drop,17,217,264,0.821969696969697,3.3762151502236857
mixed,mixture_conv_drop,17,218,264,0.8257575757575758,3.367926043656198
mixed,mixture_conv_drop,17,219,264,0.8295454545454546,3.359747715515957
mixed,mixture_conv_drop,17,220,264,0.8333333333333334,3.364484503455057
mixed,mixture_conv_drop,17,221,264,0.8371212121212122,3.3592533557818824
mixed,mixture_conv_drop,17,222,264,0.8409090909090909,3.3660214898286105
mixed,mixture_conv_drop,17,223,264,0.8446969696969697,3.3805071281220807
mixed,mixture_conv_drop,17,224,264,0.8484848484848485,3.403187993902841
mixed,mixture_conv_drop,17,225,264,0.8522727272727273,3.3944523801608355
mixed,mixture_conv_drop,17,226,264,0.8560606060606061,3.3877085078589637
mixed,mixture_conv_drop,17,227,264,0.8598484848484849,3.391641053154519
mixed,mixture_conv_drop,17,228,264,0.8636363636363636,3.3889477525852794
mixed,mixture_conv_drop,17,229,264,0.8674242424242424,3.3835708161649576
mixed,mixture_conv_drop,17,230,264,0.8712121212121212,3.3798440911602374
mixed,mixture_conv_drop,17,231,264,0.875,3.385433345046739
mixed,mixture_conv_drop,17,232,264,0.8787878787878788,3.3871519458967922
mixed,mixture_conv_drop,17,233,264,0.8825757575757576,3.3869324977175532
mixed,mixture_conv_drop,17,234,264,0.8863636363636364,3.3834568131057687
mixed,mixture_conv_drop,17,235,264,0.8901515151515151,3.374770023202092
mixed,mixture_conv_drop,17,236,264,0.8939393939393939,3.372709168943154
mixed,mixture_conv_drop,17,237,264,0.8977272727272727,3.3693097645950303
mixed,mixture_conv_drop,17,238,264,0.9015151515151515,3.363755360069434
mixed,mixture_conv_drop,17,239,264,0.9053030303030303,3.391686180576783
mixed,mixture_conv_drop,17,240,264,0.9090909090909091,3.3849767825132004
mixed,mixture_conv_drop,17,241,264,0.9128787878787878,3.377584103835935
mixed,mixture_conv_drop,17,242,264,0.9166666666666666,3.372372928439159
mixed,mixture_conv_drop,17,243,264,0.9204545454545454,3.3727135770131715
mixed,mixture_conv_drop,17,244,264,0.9242424242424242,3.3706359344557684
mixed,mixture_conv_drop,17,245,264,0.928030303030303,3.3705002138909452
mixed,mixture_conv_drop,17,246,264,0.9318181818181818,3.3602631634750124
mixed,mixture_conv_drop,17,247,264,0.9356060606060606,3.354508885907324
mixed,mixture_conv_drop,17,248,264,0.9393939393939394,3.3618768478364074
mixed,mixture_conv_drop,17,249,264,0.9431818181818182,3.3667697688548524
mixed,mixture_conv_drop,17,250,264,0.946969696969697,3.3693181155811693
mixed,mixture_conv_drop,17,251,264,0.9507575757575758,3.3611068956305856
mixed,mixture_conv_drop,17,252,264,0.9545454545454546,3.353030586580045
mixed,mixture_conv_drop,17,253,264,0.9583333333333334,3.3595596662402616
mixed,mixture_conv_drop,17,254,264,0.9621212121212122,3.381260279070163
mixed,mixture_conv_drop,17,255,264,0.9659090909090909,3.380798663986409
mixed,mixture_conv_drop,17,256,264,0.9696969696969697,3.387379444626529
mixed,mixture_conv_drop,17,257,264,0.9734848484848485,3.3770352825705707
mixed,mixture_conv_drop,17,258,264,0.9772727272727273,3.368642563691495
mixed,mixture_conv_drop,17,259,264,0.9810606060606061,3.3607161075241874
mixed,mixture_conv_drop,17,260,264,0.9848484848484849,3.3607984942203064
mixed,mixture_conv_drop,17,261,264,0.9886363636363636,3.353486893157294
mixed,mixture_conv_drop,17,262,264,0.9924242424242424,3.344291446264194
mixed,mixture_conv_drop,17,263,264,0.9962121212121212,3.342737775055462
mixed,mixture_conv_drop,17,264,264,1.0,3.338295810747201
mixed,mixture_plain,17,1,264,0.003787878787878788,3.695077272713572
mixed,mixture_plain,17,2,264,0.007575757575757576,2.991876564570244
mixed,mixture_plain,17,3,264,0.011363636363636364,3.0408221854800854
mixed,mixture_plain,17,4,264,0.015151515151515152,2.90798316010915
mixed,mixture_plain,17,5,264,0.01893939393939394,3.5582635641823743
mixed,mixture_plain,17,6,264,0.022727272727272728,3.781203467859248
mixed,mixture_plain,17,7,264,0.026515151515151516,3.679025191066932
mixed,mixture_plain,17,8,264,0.030303030303030304,3.8601655928847842
mixed,mixture_plain,17,9,264,0.03409090909090909,3.63161500175497
mixed,mixture_plain,17,10,264,0.03787878787878788,3.4091314716562877
mixed,mixture_plain,17,11,264,0.041666666666666664,3.3415176592475437
mixed,mixture_plain,17,12,264,0.045454545454545456,3.2973465555212083
mixed,mixture_plain,17,13,264,0.04924242424242424,3.1206227359185967
mixed,mixture_plain,17,14,264,0.05303030303030303,3.134053920185742
mixed,mixture_plain,17,15,264,0.056818181818181816,2.9902694066157447
mixed,mixture_plain,17,16,264,0.06060606060606061,3.219637366771575
mixed,mixture_plain,17,17,264,0.06439393939393939,3.203854353785028
mixed,mixture_plain,17,18,264,0.06818181818181818,3.0538870182315168
mixed,mixture_plain,17,19,264,0.07196969696969698,3.0638025505187745
mixed,mixture_plain,17,20,264,0.07575757575757576,2.9773882621729513
mixed,mixture_plain,17,21,264,0.07954545454545454,3.0248591342392035
mixed,mixture_plain,17,22,264,0.08333333333333333,3.1409048659441443
mixed,mixture_plain,17,23,264,0.08712121212121213,3.086323688383683
mixed,mixture_plain,17,24,264,0.09090909090909091,3.0654798795511025
mixed,mixture_plain,17,25,264,0.0946969696969697,3.134137925434562
mixed,mixture_plain,17,26,264,0.09848484848484848,3.103404438845373
mixed,mixture_plain,17,27,264,0.10227272727272728,3.091714506516061
mixed,mixture_plain,17,28,264,0.10606060606060606,3.051574460024465
mixed,mixture_plain,17,29,264,0.10984848484848485,3.1257953359783706
mixed,mixture_plain,17,30,264,0.11363636363636363,3.0919844872081987
mixed,mixture_plain,17,31,264,0.11742424242424243,3.087659029387234
mixed,mixture_plain,17,32,264,0.12121212121212122,3.084608268296571
mixed,mixture_plain,17,33,264,0.125,3.0996627952961284
mixed,mixture_plain,17,34,264,0.12878787878787878,3.071610689798711
mixed,mixture_plain,17,35,264,0.13257575757575757,3.0727516092465446
mixed,mixture_plain,17,36,264,0.13636363636363635,3.0378432317109088
mixed,mixture_plain,17,37,264,0.14015151515151514,3.0025456076878063
mixed,mixture_plain,17,38,264,0.14393939393939395,3.0297179180139246
mixed,mixture_plain,17,39,264,0.14772727272727273,2.993145023019173
mixed,mixture_plain,17,40,264,0.15151515151515152,3.0010329598012264
mixed,mixture_plain,17,41,264,0.1553030303030303,2.970682504097906
mixed,mixture_plain,17,42,264,0.1590909090909091,2.9672870543435477
mixed,mixture_plain,17,43,264,0.16287878787878787,3.020934655450132
mixed,mixture_plain,17,44,264,0.16666666666666666,3.033780435198807
mixed,mixture_plain,17,45,264,0.17045454545454544,3.0184498184114767
mixed,mixture_plain,17,46,264,0.17424242424242425,3.106167148689729
mixed,mixture_plain,17,47,264,0.17803030303030304,3.153441788607722
mixed,mixture_plain,17,48,264,0.18181818181818182,3.1221838355989835
mixed,mixture_plain,17,49,264,0.1856060606060606,3.1182952691207046
mixed,mixture_plain,17,50,264,0.1893939393939394,3.086052942539554
mixed,mixture_plain,17,51,264,0.19318181818181818,3.0626974141072822
mixed,mixture_plain,17,52,264,0.19696969696969696,3.052539502325815
mixed,mixture_plain,17,53,264,0.20075757575757575,3.1635256902713103
mixed,mixture_plain,17,54,264,0.20454545454545456,3.1475368225713987
mixed,mixture_plain,17,55,264,0.20833333333333334,3.1368459034201117
mixed,mixture_plain,17,56,264,0.21212121212121213,3.1084449686597178
mixed,mixture_plain,17,57,264,0.2159090909090909,3.0821167166668686
mixed,mixture_plain,17,58,264,0.2196969696969697,3.0519807332443194
mixed,mixture_plain,17,59,264,0.22348484848484848,3.070578024717978
mixed,mixture_plain,17,60,264,0.22727272727272727,3.088588826315986
mixed,mixture_plain,17,61,264,0.23106060606060605,3.072501934229334
mixed,mixture_plain,17,62,264,0.23484848484848486,3.0392883265077186
mixed,mixture_plain,17,63,264,0.23863636363636365,3.0248348036696613
mixed,mixture_plain,17,64,264,0.24242424242424243,3.0133493034353953
mixed,mixture_plain,17,65,264,0.24621212121212122,3.003275988475148
mixed,mixture_plain,17,66,264,0.25,2.9892359604242875
mixed,mixture_plain,17,67,264,0.2537878787878788,2.9867647450880876
mixed,mixture_plain,17,68,264,0.25757575757575757,2.9718433377452875
mixed,mixture_plain,17,69,264,0.26136363636363635,3.010759671019163
mixed,mixture_plain,17,70,264,0.26515151515151514,2.9851682684060563
mixed,mixture_plain,17,71,264,0.2689393939393939,2.9702096909109095
mixed,mixture_plain,17,72,264,0.2727272727272727,3.0060592954069687
mixed,mixture_plain,17,73,264,0.2765151515151515,3.043175422673968
mixed,mixture_plain,17,74,264,0.2803030303030303,3.0476172012839777
mixed,mixture_plain,17,75,264,0.2840909090909091,3.0434696812322826
mixed,mixture_plain,17,76,264,0.2878787878787879,3.0562137731583947
mixed,mixture_plain,17,77,264,0.2916666666666667,3.0496723357972684
mixed,mixture_plain,17,78,264,0.29545454545454547,3.096452429998256
mixed,mixture_plain,17,79,264,0.29924242424242425,3.0822366021266085
mixed,mixture_plain,17,80,264,0.30303030303030304,3.065781023722271
mixed,mixture_plain,17,81,264,0.3068181818181818,3.051265286397981
mixed,mixture_plain,17,82,264,0.3106060606060606,3.0478908828178195
mixed,mixture_plain,17,83,264,0.3143939393939394,3.0603913863708043
mixed,mixture_plain,17,84,264,0.3181818181818182,3.0569523568826886
mixed,mixture_plain,17,85,264,0.32196969696969696,3.0963308788405812
mixed,mixture_plain,17,86,264,0.32575757575757575,3.0772229107967024
mixed,mixture_plain,17,87,264,0.32954545454545453,3.051689027347021
mixed,mixture_plain,17,88,264,0.3333333333333333,3.0392064093212436
mixed,mixture_plain,17,89,264,0.3371212121212121,3.0336922113761693
mixed,mixture_plain,17,90,264,0.3409090909090909,3.0241612853856092
mixed,mixture_plain,17,91,264,0.3446969696969697,3.059266895787744
mixed,mixture_plain,17,92,264,0.3484848484848485,3.0570010040543885
mixed,mixture_plain,17,93,264,0.3522727272727273,3.081245675212529
mixed,mixture_plain,17,94,264,0.3560606060606061,3.1126135463541766
mixed,mixture_plain,17,95,264,0.35984848484848486,3.1203207175251135
mixed,mixture_plain,17,96,264,0.36363636363636365,3.1531231613026214
mixed,mixture_plain,17,97,264,0.36742424242424243,3.1462067471210573
mixed,mixture_plain,17,98,264,0.3712121212121212,3.149689993798732
mixed,mixture_plain,17,99,264,0.375,3.1653800179685834
mixed,mixture_plain,17,100,264,0.3787878787878788,3.1524555495845386
mixed,mixture_plain,17,101,264,0.38257575757575757,3.160942447919796
mixed,mixture_plain,17,102,264,0.38636363636363635,3.1530757108911343
mixed,mixture_plain,17,103,264,0.39015151515151514,3.1377856032637834
mixed,mixture_plain,17,104,264,0.3939393939393939,3.1470661039804755
mixed,mixture_plain,17,105,264,0.3977272727272727,3.137664113116235
mixed,mixture_plain,17,106,264,0.4015151515151515,3.15034396232887
mixed,mixture_plain,17,107,264,0.4053030303030303,3.14198369109428
mixed,mixture_plain,17,108,264,0.4090909090909091,3.157465715805444
mixed,mixture_plain,17,109,264,0.4128787878787879,3.147105260611289
mixed,mixture_plain,17,110,264,0.4166666666666667,3.1823585099508835
mixed,mixture_plain,17,111,264,0.42045454545454547,3.1669242381503238
mixed,mixture_plain,17,112,264,0.42424242424242425,3.144996975081533
mixed,mixture_plain,17,113,264,0.42803030303030304,3.138068600865732
mixed,mixture_plain,17,114,264,0.4318181818181818,3.1390709360822053
mixed,mixture_plain,17,115,264,0.4356060606060606,3.125770172819062
mixed,mixture_plain,17,116,264,0.4393939393939394,3.1132065221975616
mixed,mixture_plain,17,117,264,0.4431818181818182,3.1279923207167393
mixed,mixture_plain,17,118,264,0.44696969696969696,3.123055562428716
mixed,mixture_plain,17,119,264,0.45075757575757575,3.1063732115559146
mixed,mixture_plain,17,120,264,0.45454545454545453,3.1513898797950817
mixed,mixture_plain,17,121,264,0.4583333333333333,3.1321712452582924
mixed,mixture_plain,17,122,264,0.4621212121212121,3.15523992380495
mixed,mixture_plain,17,123,264,0.4659090909090909,3.1452168554031847
mixed,mixture_plain,17,124,264,0.4696969696969697,3.1384882209285005
mixed,mixture_plain,17,125,264,0.4734848484848485,3.122122675979085
mixed,mixture_plain,17,126,264,0.4772727272727273,3.123109387699734
mixed,mixture_plain,17,127,264,0.4810606060606061,3.127853641770877
mixed,mixture_plain,17,128,264,0.48484848484848486,3.135824221893267
mixed,mixture_plain,17,129,264,0.48863636363636365,3.138877701652368
mixed,mixture_plain,17,130,264,0.49242424242424243,3.1415416408545362
mixed,mixture_plain,17,131,264,0.4962121212121212,3.138448902966136
mixed,mixture_plain,17,132,264,0.5,3.1549595203447476
mixed,mixture_plain,17,133,264,0.5037878787878788,3.1420190365570755
mixed,mixture_plain,17,134,264,0.5075757575757576,3.157855222234863
mixed,mixture_plain,17,135,264,0.5113636363636364,3.14856934138604
mixed,mixture_plain,17,136,264,0.5151515151515151,3.150621428811315
mixed,mixture_plain,17,137,264,0.5189393939393939,3.1370587799009586
mixed,mixture_plain,17,138,264,0.5227272727272727,3.126560429469251
mixed,mixture_plain,17,139,264,0.5265151515151515,3.112313588324428
mixed,mixture_plain,17,140,264,0.5303030303030303,3.09726784020595
mixed,mixture_plain,17,141,264,0.5340909090909091,3.101184553204103
mixed,mixture_plain,17,142,264,0.5378787878787878,3.0950249264597427
mixed,mixture_plain,17,143,264,0.5416666666666666,3.094297487921108
mixed,mixture_plain,17,144,264,0.5454545454545454,3.091873001444394
mixed,mixture_plain,17,145,264,0.5492424242424242,3.082859019257544
mixed,mixture_plain,17,146,264,0.553030303030303,3.0681268477584434
mixed,mixture_plain,17,147,264,0.5568181818181818,3.071682653083508
mixed,mixture_plain,17,148,264,0.5606060606060606,3.057506585944782
mixed,mixture_plain,17,149,264,0.5643939393939394,3.049471847474723
mixed,mixture_plain,17,150,264,0.5681818181818182,3.0380341333908785
mixed,mixture_plain,17,151,264,0.571969696969697,3.0549691177009937
mixed,mixture_plain,17,152,264,0.5757575757575758,3.0764325858027846
mixed,mixture_plain,17,153,264,0.5795454545454546,3.066823243063887
mixed,mixture_plain,17,154,264,0.5833333333333334,3.071640141224866
mixed,mixture_plain,17,155,264,0.5871212121212122,3.0662634040506953
mixed,mixture_plain,17,156,264,0.5909090909090909,3.0773614860532374
mixed,mixture_plain,17,157,264,0.5946969696969697,3.0735584917195267
mixed,mixture_plain,17,158,264,0.5984848484848485,3.081590046792403
mixed,mixture_plain,17,159,264,0.6022727272727273,3.085314568109419
mixed,mixture_plain,17,160,264,0.6060606060606061,3.0835933083883575
mixed,mixture_plain,17,161,264,0.6098484848484849,3.0780997339224934
mixed,mixture_plain,17,162,264,0.6136363636363636,3.0698877998810903
mixed,mixture_plain,17,163,264,0.6174242424242424,3.091928501062486
mixed,mixture_plain,17,164,264,0.6212121212121212,3.111785474372649
mixed,mixture_plain,17,165,264,0.625,3.1008232793335253
mixed,mixture_plain,17,166,264,0.6287878787878788,3.0886484253186937
mixed,mixture_plain,17,167,264,0.6325757575757576,3.0769439446373843
mixed,mixture_plain,17,168,264,0.6363636363636364,3.0871888049086285
mixed,mixture_plain,17,169,264,0.6401515151515151,3.083493266990697
mixed,mixture_plain,17,170,264,0.6439393939393939,3.0689541324246066
mixed,mixture_plain,17,171,264,0.6477272727272727,3.082663409479548
mixed,mixture_plain,17,172,264,0.6515151515151515,3.0952949690394207
mixed,mixture_plain,17,173,264,0.6553030303030303,3.0807196786474407
mixed,mixture_plain,17,174,264,0.6590909090909091,3.0888512958485643
mixed,mixture_plain,17,175,264,0.6628787878787878,3.089839416042377
mixed,mixture_plain,17,176,264,0.6666666666666666,3.0839384675864565
mixed,mixture_plain,17,177,264,0.6704545454545454,3.077910276060117
mixed,mixture_plain,17,178,264,0.6742424242424242,3.0695817286167992
mixed,mixture_plain,17,179,264,0.678030303030303,3.077139693572045
mixed,mixture_plain,17,180,264,0.6818181818181818,3.093897700427349
mixed,mixture_plain,17,181,264,0.6856060606060606,3.0943934013799734
mixed,mixture_plain,17,182,264,0.6893939393939394,3.0910964614741823
mixed,mixture_plain,17,183,264,0.6931818181818182,3.102168618754288
mixed,mixture_plain,17,184,264,0.696969696969697,3.09867721790512
mixed,mixture_plain,17,185,264,0.7007575757575758,3.117435300519971
mixed,mixture_plain,17,186,264,0.7045454545454546,3.121191820408337
mixed,mixture_plain,17,187,264,0.7083333333333334,3.133750619724565
mixed,mixture_plain,17,188,264,0.7121212121212122,3.1382473880384505
mixed,mixture_plain,17,189,264,0.7159090909090909,3.1326787780557503
mixed,mixture_plain,17,190,264,0.7196969696969697,3.14620663638704
mixed,mixture_plain,17,191,264,0.7234848484848485,3.143116530237544
mixed,mixture_plain,17,192,264,0.7272727272727273,3.138042758848769
mixed,mixture_plain,17,193,264,0.7310606060606061,3.1347471190551746
mixed,mixture_plain,17,194,264,0.7348484848484849,3.1512472308941235
mixed,mixture_plain,17,195,264,0.7386363636363636,3.142197237914913
mixed,mixture_plain,17,196,264,0.7424242424242424,3.1324666206911638
mixed,mixture_plain,17,197,264,0.7462121212121212,3.12110321110492
mixed,mixture_plain,17,198,264,0.75,3.1438251010615272
mixed,mixture_plain,17,199,264,0.7537878787878788,3.1537546915851378
mixed,mixture_plain,17,200,264,0.7575757575757576,3.160222047989879
mixed,mixture_plain,17,201,264,0.7613636363636364,3.1541399617715635
mixed,mixture_plain,17,202,264,0.7651515151515151,3.149988591234956
mixed,mixture_plain,17,203,264,0.7689393939393939,3.148524864442731
mixed,mixture_plain,17,204,264,0.7727272727272727,3.1528550001459767
mixed,mixture_plain,17,205,264,0.7765151515151515,3.1539851084117294
mixed,mixture_plain,17,206,264,0.7803030303030303,3.144785472657358
mixed,mixture_plain,17,207,264,0.7840909090909091,3.148112094433393
mixed,mixture_plain,17,208,264,0.7878787878787878,3.156701209908481
mixed,mixture_plain,17,209,264,0.7916666666666666,3.1604489388434214
mixed,mixture_plain,17,210,264,0.7954545454545454,3.156536570232183
mixed,mixture_plain,17,211,264,0.7992424242424242,3.1535235520387235
mixed,mixture_plain,17,212,264,0.803030303030303,3.1520459917271166
mixed,mixture_plain,17,213,264,0.8068181818181818,3.189022753321365
mixed,mixture_plain,17,214,264,0.8106060606060606,3.183841329744501
mixed,mixture_plain,17,215,264,0.8143939393939394,3.1789060167040875
mixed,mixture_plain,17,216,264,0.8181818181818182,3.1876735798571953
mixed,mixture_plain,17,217,264,0.821969696969697,3.2253621347167782
mixed,mixture_plain,17,218,264,0.8257575757575758,3.2223784591582425
mixed,mixture_plain,17,219,264,0.8295454545454546,3.2480151052346335
mixed,mixture_plain,17,220,264,0.8333333333333334,3.271957778150137
mixed,mixture_plain,17,221,264,0.8371212121212122,3.304571516588301
mixed,mixture_plain,17,222,264,0.8409090909090909,3.315701807503158
mixed,mixture_plain,17,223,264,0.8446969696969697,3.314945028118235
mixed,mixture_plain,17,224,264,0.8484848484848485,3.307593439605054
mixed,mixture_plain,17,225,264,0.8522727272727273,3.3001231161340874
mixed,mixture_plain,17,226,264,0.8560606060606061,3.2896853816285825
mixed,mixture_plain,17,227,264,0.8598484848484849,3.2851237158971682
mixed,mixture_plain,17,228,264,0.8636363636363636,3.294474500461293
mixed,mixture_plain,17,229,264,0.8674242424242424,3.309072961836768
mixed,mixture_plain,17,230,264,0.8712121212121212,3.3098913458159447
mixed,mixture_plain,17,231,264,0.875,3.315788172905137
mixed,mixture_plain,17,232,264,0.8787878787878788,3.3234644962227367
mixed,mixture_plain,17,233,264,0.8825757575757576,3.3141784559188827
mixed,mixture_plain,17,234,264,0.8863636363636364,3.329071624881751
mixed,mixture_plain,17,235,264,0.8901515151515151,3.3162148607911104
mixed,mixture_plain,17,236,264,0.8939393939393939,3.322914320308199
mixed,mixture_plain,17,237,264,0.8977272727272727,3.316568037054529
mixed,mixture_plain,17,238,264,0.9015151515151515,3.312816840439191
mixed,mixture_plain,17,239,264,0.9053030303030303,3.3090696617054047
mixed,mixture_plain,17,240,264,0.9090909090909091,3.3041753656928736
mixed,mixture_plain,17,241,264,0.9128787878787878,3.302284518862431
mixed,mixture_plain,17,242,264,0.9166666666666666,3.302181200954097
mixed,mixture_plain,17,243,264,0.9204545454545454,3.2994491940543687
mixed,mixture_plain,17,244,264,0.9242424242424242,3.2982799849882323
mixed,mixture_plain,17,245,264,0.928030303030303,3.2886743551573727
mixed,mixture_plain,17,246,264,0.9318181818181818,3.2926870092125786
mixed,mixture_plain,17,247,264,0.9356060606060606,3.291988675621534
mixed,mixture_plain,17,248,264,0.9393939393939394,3.2908237316612228
mixed,mixture_plain,17,249,264,0.9431818181818182,3.3105091861553557
mixed,mixture_plain,17,250,264,0.946969696969697,3.3042892098696353
mixed,mixture_plain,17,251,264,0.9507575757575758,3.312809831152046
mixed,mixture_plain,17,252,264,0.9545454545454546,3.3135741916846353
mixed,mixture_plain,17,253,264,0.9583333333333334,3.309241402181201
mixed,mixture_plain,17,254,264,0.9621212121212122,3.3130348957703832
mixed,mixture_plain,17,255,264,0.9659090909090909,3.316299119363698
mixed,mixture_plain,17,256,264,0.9696969696969697,3.306453787982234
mixed,mixture_plain,17,257,264,0.9734848484848485,3.3092499444157157
mixed,mixture_plain,17,258,264,0.9772727272727273,3.3172578181344665
mixed,mixture_plain,17,259,264,0.9810606060606061,3.3397008577257807
mixed,mixture_plain,17,260,264,0.9848484848484849,3.3600244349721717
mixed,mixture_plain,17,261,264,0.9886363636363636,3.355924365369794
mixed,mixture_plain,17,262,264,0.9924242424242424,3.3509768865473744
mixed,mixture_plain,17,263,264,0.9962121212121212,3.354285475898156
mixed,mixture_plain,17,264,264,1.0,3.3496695062155233
mixed,plain_graph_always,17,1,264,0.003787878787878788,2.0554818206630023
mixed,plain_graph_always,17,2,264,0.007575757575757576,1.5020494917625697
mixed,plain_graph_always,17,3,264,0.011363636363636364,1.5997415545778109
mixed,plain_graph_always,17,4,264,0.015151515151515152,2.8780536199371634
mixed,plain_graph_always,17,5,264,0.01893939393939394,2.776578154466749
mixed,plain_graph_always,17,6,264,0.022727272727272728,3.2711462862002105
mixed,plain_graph_always,17,7,264,0.026515151515151516,3.119877958622326
mixed,plain_graph_always,17,8,264,0.030303030303030304,2.8746724456882804
mixed,plain_graph_always,17,9,264,0.03409090909090909,3.2681923066905174
mixed,plain_graph_always,17,10,264,0.03787878787878788,3.0406277446735133
mixed,plain_graph_always,17,11,264,0.041666666666666664,3.1808458780170468
mixed,plain_graph_always,17,12,264,0.045454545454545456,3.0991452022335917
mixed,plain_graph_always,17,13,264,0.04924242424242424,2.9611594897327183
mixed,plain_graph_always,17,14,264,0.05303030303030303,2.893420558734231
mixed,plain_graph_always,17,15,264,0.056818181818181816,3.104303470132989
mixed,plain_graph_always,17,16,264,0.06060606060606061,3.1257584508923575
mixed,plain_graph_always,17,17,264,0.06439393939393939,3.0510922785395813
mixed,plain_graph_always,17,18,264,0.06818181818181818,3.074005201011846
mixed,plain_graph_always,17,19,264,0.07196969696969698,3.067103738431424
mixed,plain_graph_always,17,20,264,0.07575757575757576,3.0917719413935645
mixed,plain_graph_always,17,21,264,0.07954545454545454,3.0616852293554575
mixed,plain_graph_always,17,22,264,0.08333333333333333,3.04346748115752
mixed,plain_graph_always,17,23,264,0.08712121212121213,3.007892410015594
mixed,plain_graph_always,17,24,264,0.09090909090909091,3.0206588343621714
mixed,plain_graph_always,17,25,264,0.0946969696969697,2.9889649165118133
mixed,plain_graph_always,17,26,264,0.09848484848484848,2.927040850662425
mixed,plain_graph_always,17,27,264,0.10227272727272728,2.963236381244455
mixed,plain_graph_always,17,28,264,0.10606060606060606,2.912070842708465
mixed,plain_graph_always,17,29,264,0.10984848484848485,2.874046660705518
mixed,plain_graph_always,17,30,264,0.11363636363636363,2.8667443600749953
mixed,plain_graph_always,17,31,264,0.11742424242424243,2.913674848300309
mixed,plain_graph_always,17,32,264,0.12121212121212122,2.8952487446276396
mixed,plain_graph_always,17,33,264,0.125,2.876441825583213
mixed,plain_graph_always,17,34,264,0.12878787878787878,2.8681911186189466
mixed,plain_graph_always,17,35,264,0.13257575757575757,2.857061469415488
mixed,plain_graph_always,17,36,264,0.13636363636363635,2.841020431232883
mixed,plain_graph_always,17,37,264,0.14015151515151514,2.7871039681462566
mixed,plain_graph_always,17,38,264,0.14393939393939395,2.8100017092450167
mixed,plain_graph_always,17,39,264,0.14772727272727273,2.8732787108833935
mixed,plain_graph_always,17,40,264,0.15151515151515152,2.9219410764382734
mixed,plain_graph_always,17,41,264,0.1553030303030303,2.9723988982855007
mixed,plain_graph_always,17,42,264,0.1590909090909091,2.942442436817395
mixed,plain_graph_always,17,43,264,0.16287878787878787,2.889933595954068
mixed,plain_graph_always,17,44,264,0.16666666666666666,2.9174132730843607
mixed,plain_graph_always,17,45,264,0.17045454545454544,2.981692529306634
mixed,plain_graph_always,17,46,264,0.17424242424242425,2.9706459034796637
mixed,plain_graph_always,17,47,264,0.17803030303030304,2.9323700782846776
mixed,plain_graph_always,17,48,264,0.18181818181818182,2.95271623212642
mixed,plain_graph_always,17,49,264,0.1856060606060606,2.928718606865459
mixed,plain_graph_always,17,50,264,0.1893939393939394,2.9152515168886577
mixed,plain_graph_always,17,51,264,0.19318181818181818,2.933596253238752
mixed,plain_graph_always,17,52,264,0.19696969696969696,2.8936935295715096
mixed,plain_graph_always,17,53,264,0.20075757575757575,2.8786750718370437
mixed,plain_graph_always,17,54,264,0.20454545454545456,2.837954949452702
mixed,plain_graph_always,17,55,264,0.20833333333333334,2.8113422171519646
mixed,plain_graph_always,17,56,264,0.21212121212121213,2.7959817022718645
mixed,plain_graph_always,17,57,264,0.2159090909090909,2.8090196654117947
mixed,plain_graph_always,17,58,264,0.2196969696969697,2.81869456349664
mixed,plain_graph_always,17,59,264,0.22348484848484848,2.852567175625071
mixed,plain_graph_always,17,60,264,0.22727272727272727,2.9089294400129306
mixed,plain_graph_always,17,61,264,0.23106060606060605,2.888185078551762
mixed,plain_graph_always,17,62,264,0.23484848484848486,2.8966624786395934
mixed,plain_graph_always,17,63,264,0.23863636363636365,2.8682428174326473
mixed,plain_graph_always,17,64,264,0.24242424242424243,2.9063223871567314
mixed,plain_graph_always,17,65,264,0.24621212121212122,2.8801500888716918
mixed,plain_graph_always,17,66,264,0.25,2.904515875908865
mixed,plain_graph_always,17,67,264,0.2537878787878788,2.907126149189779
mixed,plain_graph_always,17,68,264,0.25757575757575757,2.938589306242167
mixed,plain_graph_always,17,69,264,0.26136363636363635,2.9614983675576485
mixed,plain_graph_always,17,70,264,0.26515151515151514,2.932220343821394
mixed,plain_graph_always,17,71,264,0.2689393939393939,2.9686175128923913
mixed,plain_graph_always,17,72,264,0.2727272727272727,2.950522021651201
mixed,plain_graph_always,17,73,264,0.2765151515151515,2.9466453647335884
mixed,plain_graph_always,17,74,264,0.2803030303030303,2.9307889088457797
mixed,plain_graph_always,17,75,264,0.2840909090909091,2.975142697445604
mixed,plain_graph_always,17,76,264,0.2878787878787879,2.9738363208607086
mixed,plain_graph_always,17,77,264,0.2916666666666667,2.963017922650818
mixed,plain_graph_always,17,78,264,0.29545454545454547,2.957807966592212
mixed,plain_graph_always,17,79,264,0.29924242424242425,3.0040062096324287
mixed,plain_graph_always,17,80,264,0.30303030303030304,3.006203462995174
mixed,plain_graph_always,17,81,264,0.3068181818181818,3.000982011552223
mixed,plain_graph_always,17,82,264,0.3106060606060606,3.048709549099558
mixed,plain_graph_always,17,83,264,0.3143939393939394,3.035202444422379
mixed,plain_graph_always,17,84,264,0.3181818181818182,3.0226348612793026
mixed,plain_graph_always,17,85,264,0.32196969696969696,3.079231546394063
mixed,plain_graph_always,17,86,264,0.32575757575757575,3.0932476694794335
mixed,plain_graph_always,17,87,264,0.32954545454545453,3.109049183676664
mixed,plain_graph_always,17,88,264,0.3333333333333333,3.1073165249259858
mixed,plain_graph_always,17,89,264,0.3371212121212121,3.125891781015894
mixed,plain_graph_always,17,90,264,0.3409090909090909,3.1327252017365677
mixed,plain_graph_always,17,91,264,0.3446969696969697,3.1557087484290474
mixed,plain_graph_always,17,92,264,0.3484848484848485,3.218252447722386
mixed,plain_graph_always,17,93,264,0.3522727272727273,3.235494133009763
mixed,plain_graph_always,17,94,264,0.3560606060606061,3.2572492996498554
mixed,plain_graph_always,17,95,264,0.35984848484848486,3.278220237438972
mixed,plain_graph_always,17,96,264,0.36363636363636365,3.2901045927835404
mixed,plain_graph_always,17,97,264,0.36742424242424243,3.287224846475718
mixed,plain_graph_always,17,98,264,0.3712121212121212,3.2779056570505083
mixed,plain_graph_always,17,99,264,0.375,3.266561824581909
mixed,plain_graph_always,17,100,264,0.3787878787878788,3.2638619888050493
mixed,plain_graph_always,17,101,264,0.38257575757575757,3.2686247242616604
mixed,plain_graph_always,17,102,264,0.38636363636363635,3.289718845821048
mixed,plain_graph_always,17,103,264,0.39015151515151514,3.2826898573479384
mixed,plain_graph_always,17,104,264,0.3939393939393939,3.274116792573361
mixed,plain_graph_always,17,105,264,0.3977272727272727,3.2521544198020176
mixed,plain_graph_always,17,106,264,0.4015151515151515,3.2493012765582656
mixed,plain_graph_always,17,107,264,0.4053030303030303,3.2681314214284534
mixed,plain_graph_always,17,108,264,0.4090909090909091,3.279233926510755
mixed,plain_graph_always,17,109,264,0.4128787878787879,3.2617979202933696
mixed,plain_graph_always,17,110,264,0.4166666666666667,3.2551203103626256
mixed,plain_graph_always,17,111,264,0.42045454545454547,3.241964296413425
mixed,plain_graph_always,17,112,264,0.42424242424242425,3.229478149986019
mixed,plain_graph_always,17,113,264,0.42803030303030304,3.2175647319896776
mixed,plain_graph_always,17,114,264,0.4318181818181818,3.2112739084994293
mixed,plain_graph_always,17,115,264,0.4356060606060606,3.207581734102908
mixed,plain_graph_always,17,116,264,0.4393939393939394,3.213191442610499
mixed,plain_graph_always,17,117,264,0.4431818181818182,3.207290101454532
mixed,plain_graph_always,17,118,264,0.44696969696969696,3.228878329387219
mixed,plain_graph_always,17,119,264,0.45075757575757575,3.220763861624172
mixed,plain_graph_always,17,120,264,0.45454545454545453,3.2120235460378974
mixed,plain_graph_always,17,121,264,0.4583333333333333,3.2415167955393174
mixed,plain_graph_always,17,122,264,0.4621212121212121,3.2345336577619195
mixed,plain_graph_always,17,123,264,0.4659090909090909,3.2179220835467492
mixed,plain_graph_always,17,124,264,0.4696969696969697,3.2019209214868543
mixed,plain_graph_always,17,125,264,0.4734848484848485,3.2261262893811455
mixed,plain_graph_always,17,126,264,0.4772727272727273,3.216832095729011
mixed,plain_graph_always,17,127,264,0.4810606060606061,3.225291777201237
mixed,plain_graph_always,17,128,264,0.48484848484848486,3.210162916235108
mixed,plain_graph_always,17,129,264,0.48863636363636365,3.194815159113994
mixed,plain_graph_always,17,130,264,0.49242424242424243,3.1846715871772258
mixed,plain_graph_always,17,131,264,0.4962121212121212,3.1769078557120323
mixed,plain_graph_always,17,132,264,0.5,3.1633344910826207
mixed,plain_graph_always,17,133,264,0.5037878787878788,3.168486054983916
mixed,plain_graph_always,17,134,264,0.5075757575757576,3.1688243883859837
mixed,plain_graph_always,17,135,264,0.5113636363636364,3.175484836473594
mixed,plain_graph_always,17,136,264,0.5151515151515151,3.163439335943874
mixed,plain_graph_always,17,137,264,0.5189393939393939,3.151364371719627
mixed,plain_graph_always,17,138,264,0.5227272727272727,3.1497085302413113
mixed,plain_graph_always,17,139,264,0.5265151515151515,3.1643912779999694
mixed,plain_graph_always,17,140,264,0.5303030303030303,3.1591463837012963
mixed,plain_graph_always,17,141,264,0.5340909090909091,3.146035996541804
mixed,plain_graph_always,17,142,264,0.5378787878787878,3.1309780126290456
mixed,plain_graph_always,17,143,264,0.5416666666666666,3.1743903130143742
mixed,plain_graph_always,17,144,264,0.5454545454545454,3.160808313652968
mixed,plain_graph_always,17,145,264,0.5492424242424242,3.1459727934618003
mixed,plain_graph_always,17,146,264,0.553030303030303,3.1434195129433116
mixed,plain_graph_always,17,147,264,0.5568181818181818,3.1343490959297315
mixed,plain_graph_always,17,148,264,0.5606060606060606,3.131071523188084
mixed,plain_graph_always,17,149,264,0.5643939393939394,3.122684242443793
mixed,plain_graph_always,17,150,264,0.5681818181818182,3.115456224042825
mixed,plain_graph_always,17,151,264,0.571969696969697,3.1155551459905295
mixed,plain_graph_always,17,152,264,0.5757575757575758,3.105127129583884
mixed,plain_graph_always,17,153,264,0.5795454545454546,3.0984769876521066
mixed,plain_graph_always,17,154,264,0.5833333333333334,3.0920759666368194
mixed,plain_graph_always,17,155,264,0.5871212121212122,3.08774010709243
mixed,plain_graph_always,17,156,264,0.5909090909090909,3.105112541479263
mixed,plain_graph_always,17,157,264,0.5946969696969697,3.1088856957338367
mixed,plain_graph_always,17,158,264,0.5984848484848485,3.12655083629267
mixed,plain_graph_always,17,159,264,0.6022727272727273,3.147283447099583
mixed,plain_graph_always,17,160,264,0.6060606060606061,3.1477472954209818
mixed,plain_graph_always,17,161,264,0.6098484848484849,3.1740879988252706
mixed,plain_graph_always,17,162,264,0.6136363636363636,3.170602067843049
mixed,plain_graph_always,17,163,264,0.6174242424242424,3.165788329522966
mixed,plain_graph_always,17,164,264,0.6212121212121212,3.1688250356228713
mixed,plain_graph_always,17,165,264,0.625,3.171054033162843
mixed,plain_graph_always,17,166,264,0.6287878787878788,3.1716017814554798
mixed,plain_graph_always,17,167,264,0.6325757575757576,3.1666968104068385
mixed,plain_graph_always,17,168,264,0.6363636363636364,3.1723600872976414
mixed,plain_graph_always,17,169,264,0.6401515151515151,3.1639635152969015
mixed,plain_graph_always,17,170,264,0.6439393939393939,3.1829634343390856
mixed,plain_graph_always,17,171,264,0.6477272727272727,3.176995816024724
mixed,plain_graph_always,17,172,264,0.6515151515151515,3.1662983213938873
mixed,plain_graph_always,17,173,264,0.6553030303030303,3.178616193938751
mixed,plain_graph_always,17,174,264,0.6590909090909091,3.1967499010205076
mixed,plain_graph_always,17,175,264,0.6628787878787878,3.205956743677913
mixed,plain_graph_always,17,176,264,0.6666666666666666,3.1996660667602033
mixed,plain_graph_always,17,177,264,0.6704545454545454,3.194201248861264
mixed,plain_graph_always,17,178,264,0.6742424242424242,3.1883713260981463
mixed,plain_graph_always,17,179,264,0.678030303030303,3.1809977067372714
mixed,plain_graph_always,17,180,264,0.6818181818181818,3.221033700506904
mixed,plain_graph_always,17,181,264,0.6856060606060606,3.241358996579584
mixed,plain_graph_always,17,182,264,0.6893939393939394,3.255776660244232
mixed,plain_graph_always,17,183,264,0.6931818181818182,3.2560127221965516
mixed,plain_graph_always,17,184,264,0.696969696969697,3.26520743612247
mixed,plain_graph_always,17,185,264,0.7007575757575758,3.261800675639591
mixed,plain_graph_always,17,186,264,0.7045454545454546,3.2595361237465212
mixed,plain_graph_always,17,187,264,0.7083333333333334,3.25253747585159
mixed,plain_graph_always,17,188,264,0.7121212121212122,3.246772493749545
mixed,plain_graph_always,17,189,264,0.7159090909090909,3.244309510933996
mixed,plain_graph_always,17,190,264,0.7196969696969697,3.249264659545654
mixed,plain_graph_always,17,191,264,0.7234848484848485,3.2662308599859937
mixed,plain_graph_always,17,192,264,0.7272727272727273,3.265236661827933
mixed,plain_graph_always,17,193,264,0.7310606060606061,3.266136756659994
mixed,plain_graph_always,17,194,264,0.7348484848484849,3.2584459571062325
mixed,plain_graph_always,17,195,264,0.7386363636363636,3.255926043235261
mixed,plain_graph_always,17,196,264,0.7424242424242424,3.2553599401242965
mixed,plain_graph_always,17,197,264,0.7462121212121212,3.257972163061815
mixed,plain_graph_always,17,198,264,0.75,3.250570535651399
mixed,plain_graph_always,17,199,264,0.7537878787878788,3.249149872168182
mixed,plain_graph_always,17,200,264,0.7575757575757576,3.2592269947595196
mixed,plain_graph_always,17,201,264,0.7613636363636364,3.2481891670411125
mixed,plain_graph_always,17,202,264,0.7651515151515151,3.242752722531249
mixed,plain_graph_always,17,203,264,0.7689393939393939,3.233772323247963
mixed,plain_graph_always,17,204,264,0.7727272727272727,3.2313233952978497
mixed,plain_graph_always,17,205,264,0.7765151515151515,3.237104891673595
mixed,plain_graph_always,17,206,264,0.7803030303030303,3.24583821200537
mixed,plain_graph_always,17,207,264,0.7840909090909091,3.2373515733211917
mixed,plain_graph_always,17,208,264,0.7878787878787878,3.245522138251568
mixed,plain_graph_always,17,209,264,0.7916666666666666,3.2412495219932946
mixed,plain_graph_always,17,210,264,0.7954545454545454,3.23430428865948
mixed,plain_graph_always,17,211,264,0.7992424242424242,3.2364732762791903
mixed,plain_graph_always,17,212,264,0.803030303030303,3.232929837112251
mixed,plain_graph_always,17,213,264,0.8068181818181818,3.236807729905768
mixed,plain_graph_always,17,214,264,0.8106060606060606,3.245030662985566
mixed,plain_graph_always,17,215,264,0.8143939393939394,3.2504396315904613
mixed,plain_graph_always,17,216,264,0.8181818181818182,3.252928933398751
mixed,plain_graph_always,17,217,264,0.821969696969697,3.2625815584786713
mixed,plain_graph_always,17,218,264,0.8257575757575758,3.2589424845441024
mixed,plain_graph_always,17,219,264,0.8295454545454546,3.25445354464846
mixed,plain_graph_always,17,220,264,0.8333333333333334,3.2446361804007897
mixed,plain_graph_always,17,221,264,0.8371212121212122,3.279754908749347
mixed,plain_graph_always,17,222,264,0.8409090909090909,3.2809666857869058
mixed,plain_graph_always,17,223,264,0.8446969696969697,3.2815836753666017
mixed,plain_graph_always,17,224,264,0.8484848484848485,3.272980552733847
mixed,plain_graph_always,17,225,264,0.8522727272727273,3.2855719258963445
mixed,plain_graph_always,17,226,264,0.8560606060606061,3.288740918103536
mixed,plain_graph_always,17,227,264,0.8598484848484849,3.294073849314239
mixed,plain_graph_always,17,228,264,0.8636363636363636,3.2852037946120602
mixed,plain_graph_always,17,229,264,0.8674242424242424,3.2930017403128873
mixed,plain_graph_always,17,230,264,0.8712121212121212,3.288388800268683
mixed,plain_graph_always,17,231,264,0.875,3.2826098958480614
mixed,plain_graph_always,17,232,264,0.8787878787878788,3.2797408951024396
mixed,plain_graph_always,17,233,264,0.8825757575757576,3.2849617909211
mixed,plain_graph_always,17,234,264,0.8863636363636364,3.316836015823434
mixed,plain_graph_always,17,235,264,0.8901515151515151,3.3102653265268747
mixed,plain_graph_always,17,236,264,0.8939393939393939,3.30010877075502
mixed,plain_graph_always,17,237,264,0.8977272727272727,3.324064630919833
mixed,plain_graph_always,17,238,264,0.9015151515151515,3.3325893326973324
mixed,plain_graph_always,17,239,264,0.9053030303030303,3.329633902615488
mixed,plain_graph_always,17,240,264,0.9090909090909091,3.328157309749285
mixed,plain_graph_always,17,241,264,0.9128787878787878,3.331360077512501
mixed,plain_graph_always,17,242,264,0.9166666666666666,3.35052194041573
mixed,plain_graph_always,17,243,264,0.9204545454545454,3.36244771416856
mixed,plain_graph_always,17,244,264,0.9242424242424242,3.3572858861126162
mixed,plain_graph_always,17,245,264,0.928030303030303,3.3552280113657624
mixed,plain_graph_always,17,246,264,0.9318181818181818,3.3487316140484764
mixed,plain_graph_always,17,247,264,0.9356060606060606,3.3430191237421627
mixed,plain_graph_always,17,248,264,0.9393939393939394,3.3464777381585407
mixed,plain_graph_always,17,249,264,0.9431818181818182,3.3650575029921876
mixed,plain_graph_always,17,250,264,0.946969696969697,3.3882421492655053
mixed,plain_graph_always,17,251,264,0.9507575757575758,3.3904911880947575
mixed,plain_graph_always,17,252,264,0.9545454545454546,3.3816121820514877
mixed,plain_graph_always,17,253,264,0.9583333333333334,3.3729977069164754
mixed,plain_graph_always,17,254,264,0.9621212121212122,3.371349345808337
mixed,plain_graph_always,17,255,264,0.9659090909090909,3.3652869386017925
mixed,plain_graph_always,17,256,264,0.9696969696969697,3.376879903532741
mixed,plain_graph_always,17,257,264,0.9734848484848485,3.3730951642876223
mixed,plain_graph_always,17,258,264,0.9772727272727273,3.369691160424904
mixed,plain_graph_always,17,259,264,0.9810606060606061,3.3675918888260363
mixed,plain_graph_always,17,260,264,0.9848484848484849,3.360607971411064
mixed,plain_graph_always,17,261,264,0.9886363636363636,3.365153307104248
mixed,plain_graph_always,17,262,264,0.9924242424242424,3.3650347257821633
mixed,plain_graph_always,17,263,264,0.9962121212121212,3.3574744786385193
mixed,plain_graph_always,17,264,264,1.0,3.3619721071001623
mixed,mixture_graph_always,29,1,264,0.003787878787878788,3.217960829427499
mixed,mixture_graph_always,29,2,264,0.007575757575757576,4.894215441851925
mixed,mixture_graph_always,29,3,264,0.011363636363636364,4.0325260623718195
mixed,mixture_graph_always,29,4,264,0.015151515151515152,3.529153895059604
mixed,mixture_graph_always,29,5,264,0.01893939393939394,4.293297322985877
mixed,mixture_graph_always,29,6,264,0.022727272727272728,4.083649989717322
mixed,mixture_graph_always,29,7,264,0.026515151515151516,4.211046462076696
mixed,mixture_graph_always,29,8,264,0.030303030303030304,4.410918085155593
mixed,mixture_graph_always,29,9,264,0.03409090909090909,4.241620557987586
mixed,mixture_graph_always,29,10,264,0.03787878787878788,4.092580416891392
mixed,mixture_graph_always,29,11,264,0.041666666666666664,4.447322320592492
mixed,mixture_graph_always,29,12,264,0.045454545454545456,4.569725785209219
mixed,mixture_graph_always,29,13,264,0.04924242424242424,4.765640869746294
mixed,mixture_graph_always,29,14,264,0.05303030303030303,4.651301255639906
mixed,mixture_graph_always,29,15,264,0.056818181818181816,4.488228507993716
mixed,mixture_graph_always,29,16,264,0.06060606060606061,4.591351563953357
mixed,mixture_graph_always,29,17,264,0.06439393939393939,4.592668828849266
mixed,mixture_graph_always,29,18,264,0.06818181818181818,4.708716095902121
mixed,mixture_graph_always,29,19,264,0.07196969696969698,4.767453756251262
mixed,mixture_graph_always,29,20,264,0.07575757575757576,4.636966479500933
mixed,mixture_graph_always,29,21,264,0.07954545454545454,4.7053352411747476
mixed,mixture_graph_always,29,22,264,0.08333333333333333,4.778713729187017
mixed,mixture_graph_always,29,23,264,0.08712121212121213,4.831938091404397
mixed,mixture_graph_always,29,24,264,0.09090909090909091,4.839479255662414
mixed,mixture_graph_always,29,25,264,0.0946969696969697,4.724676896168839
mixed,mixture_graph_always,29,26,264,0.09848484848484848,4.877663594575362
mixed,mixture_graph_always,29,27,264,0.10227272727272728,4.7319380677036875
mixed,mixture_graph_always,29,28,264,0.10606060606060606,4.593596828202194
mixed,mixture_graph_always,29,29,264,0.10984848484848485,4.4834862247503695
mixed,mixture_graph_always,29,30,264,0.11363636363636363,4.503407824186452
mixed,mixture_graph_always,29,31,264,0.11742424242424243,4.5044745280721195
mixed,mixture_graph_always,29,32,264,0.12121212121212122,4.603845568954439
mixed,mixture_graph_always,29,33,264,0.125,4.5535950298208645
mixed,mixture_graph_always,29,34,264,0.12878787878787878,4.577015157025668
mixed,mixture_graph_always,29,35,264,0.13257575757575757,4.59837217577739
mixed,mixture_graph_always,29,36,264,0.13636363636363635,4.575528795246121
mixed,mixture_graph_always,29,37,264,0.14015151515151514,4.494610201234318
mixed,mixture_graph_always,29,38,264,0.14393939393939395,4.409017192962281
mixed,mixture_graph_always,29,39,264,0.14772727272727273,4.3596862931199025
mixed,mixture_graph_always,29,40,264,0.15151515151515152,4.381483037716071
mixed,mixture_graph_always,29,41,264,0.1553030303030303,4.311246400966914
mixed,mixture_graph_always,29,42,264,0.1590909090909091,4.2767937179473785
mixed,mixture_graph_always,29,43,264,0.16287878787878787,4.236360602361421
mixed,mixture_graph_always,29,44,264,0.16666666666666666,4.263979439666833
mixed,mixture_graph_always,29,45,264,0.17045454545454544,4.229545937109377
mixed,mixture_graph_always,29,46,264,0.17424242424242425,4.173390358015107
mixed,mixture_graph_always,29,47,264,0.17803030303030304,4.147426479207013
mixed,mixture_graph_always,29,48,264,0.18181818181818182,4.124425245162797
mixed,mixture_graph_always,29,49,264,0.1856060606060606,4.130800446697118
mixed,mixture_graph_always,29,50,264,0.1893939393939394,4.094669088067195
mixed,mixture_graph_always,29,51,264,0.19318181818181818,4.063853136029775
mixed,mixture_graph_always,29,52,264,0.19696969696969696,4.055784127619539
mixed,mixture_graph_always,29,53,264,0.20075757575757575,4.031416676270304
mixed,mixture_graph_always,29,54,264,0.20454545454545456,4.011068872808336
mixed,mixture_graph_always,29,55,264,0.20833333333333334,4.000810939017364
mixed,mixture_graph_always,29,56,264,0.21212121212121213,3.9816635860663565
mixed,mixture_graph_always,29,57,264,0.2159090909090909,3.9514216047687234
mixed,mixture_graph_always,29,58,264,0.2196969696969697,3.9480053539570266
mixed,mixture_graph_always,29,59,264,0.22348484848484848,3.9716473730312183
mixed,mixture_graph_always,29,60,264,0.22727272727272727,4.003168686662393
mixed,mixture_graph_always,29,61,264,0.23106060606060605,3.969943041731427
mixed,mixture_graph_always,29,62,264,0.23484848484848486,3.9393683840178007
mixed,mixture_graph_always,29,63,264,0.23863636363636365,3.9152933279461983
mixed,mixture_graph_always,29,64,264,0.24242424242424243,3.8873000385486596
mixed,mixture_graph_always,29,65,264,0.24621212121212122,3.8762378952000742
mixed,mixture_graph_always,29,66,264,0.25,3.87203160586444
mixed,mixture_graph_always,29,67,264,0.2537878787878788,3.90010290883318
mixed,mixture_graph_always,29,68,264,0.25757575757575757,3.977121404791628
mixed,mixture_graph_always,29,69,264,0.26136363636363635,3.939974056270466
mixed,mixture_graph_always,29,70,264,0.26515151515151514,3.9673837719018317
mixed,mixture_graph_always,29,71,264,0.2689393939393939,3.9548597194548005
mixed,mixture_graph_always,29,72,264,0.2727272727272727,3.9204485988656756
mixed,mixture_graph_always,29,73,264,0.2765151515151515,3.935787009890499
mixed,mixture_graph_always,29,74,264,0.2803030303030303,3.934520256425842
mixed,mixture_graph_always,29,75,264,0.2840909090909091,3.9502359224222734
mixed,mixture_graph_always,29,76,264,0.2878787878787879,3.9395878594993294
mixed,mixture_graph_always,29,77,264,0.2916666666666667,3.9504725757649743
mixed,mixture_graph_always,29,78,264,0.29545454545454547,3.9544176804928646
mixed,mixture_graph_always,29,79,264,0.29924242424242425,3.940293959513231
mixed,mixture_graph_always,29,80,264,0.30303030303030304,3.9284115812256473
mixed,mixture_graph_always,29,81,264,0.3068181818181818,3.9098009753548513
mixed,mixture_graph_always,29,82,264,0.3106060606060606,3.9360697335234494
mixed,mixture_graph_always,29,83,264,0.3143939393939394,3.9242218687073454
mixed,mixture_graph_always,29,84,264,0.3181818181818182,3.901367019043987
mixed,mixture_graph_always,29,85,264,0.32196969696969696,3.8771552322562077
mixed,mixture_graph_always,29,86,264,0.32575757575757575,3.880248331060959
mixed,mixture_graph_always,29,87,264,0.32954545454545453,3.86516848869358
mixed,mixture_graph_always,29,88,264,0.3333333333333333,3.8484229520283986
mixed,mixture_graph_always,29,89,264,0.3371212121212121,3.839973479560682
mixed,mixture_graph_always,29,90,264,0.3409090909090909,3.84439195184428
mixed,mixture_graph_always,29,91,264,0.3446969696969697,3.8726621593054498
mixed,mixture_graph_always,29,92,264,0.3484848484848485,3.8612515292085985
mixed,mixture_graph_always,29,93,264,0.3522727272727273,3.8324996388920742
mixed,mixture_graph_always,29,94,264,0.3560606060606061,3.815199549247219
mixed,mixture_graph_always,29,95,264,0.35984848484848486,3.8071242648535386
mixed,mixture_graph_always,29,96,264,0.36363636363636365,3.7886141882850737
mixed,mixture_graph_always,29,97,264,0.36742424242424243,3.827644351392673
mixed,mixture_graph_always,29,98,264,0.3712121212121212,3.8375165442660073
mixed,mixture_graph_always,29,99,264,0.375,3.8200246606092194
mixed,mixture_graph_always,29,100,264,0.3787878787878788,3.7978017197109564
mixed,mixture_graph_always,29,101,264,0.38257575757575757,3.8036187754115582
mixed,mixture_graph_always,29,102,264,0.38636363636363635,3.833899234758873
mixed,mixture_graph_always,29,103,264,0.39015151515151514,3.832539273817342
mixed,mixture_graph_always,29,104,264,0.3939393939393939,3.8486709536048873
mixed,mixture_graph_always,29,105,264,0.3977272727272727,3.843096794766228
mixed,mixture_graph_always,29,106,264,0.4015151515151515,3.8316463573700674
mixed,mixture_graph_always,29,107,264,0.4053030303030303,3.810668770810987
mixed,mixture_graph_always,29,108,264,0.4090909090909091,3.8233738976963
mixed,mixture_graph_always,29,109,264,0.4128787878787879,3.8060602495565288
mixed,mixture_graph_always,29,110,264,0.4166666666666667,3.796439411824638
mixed,mixture_graph_always,29,111,264,0.42045454545454547,3.848330441164755
mixed,mixture_graph_always,29,112,264,0.42424242424242425,3.8295914580968917
mixed,mixture_graph_always,29,113,264,0.42803030303030304,3.8257900931992457
mixed,mixture_graph_always,29,114,264,0.4318181818181818,3.829027602466035
mixed,mixture_graph_always,29,115,264,0.4356060606060606,3.8077618081360294
mixed,mixture_graph_always,29,116,264,0.4393939393939394,3.802911221052148
mixed,mixture_graph_always,29,117,264,0.4431818181818182,3.8186066086967423
mixed,mixture_graph_always,29,118,264,0.44696969696969696,3.8058791121507465
mixed,mixture_graph_always,29,119,264,0.45075757575757575,3.8390428769388736
mixed,mixture_graph_always,29,120,264,0.45454545454545453,3.822490033954398
mixed,mixture_graph_always,29,121,264,0.4583333333333333,3.811903321609359
mixed,mixture_graph_always,29,122,264,0.4621212121212121,3.7940424712554974
mixed,mixture_graph_always,29,123,264,0.4659090909090909,3.8197312637036456
mixed,mixture_graph_always,29,124,264,0.4696969696969697,3.8094350578837815
mixed,mixture_graph_always,29,125,264,0.4734848484848485,3.8032029044220694
mixed,mixture_graph_always,29,126,264,0.4772727272727273,3.7960738861895176
mixed,mixture_graph_always,29,127,264,0.4810606060606061,3.7768821068384257
mixed,mixture_graph_always,29,128,264,0.48484848484848486,3.7655700729519355
mixed,mixture_graph_always,29,129,264,0.48863636363636365,3.759359564427207
mixed,mixture_graph_always,29,130,264,0.49242424242424243,3.741155978211639
mixed,mixture_graph_always,29,131,264,0.4962121212121212,3.721572113726585
mixed,mixture_graph_always,29,132,264,0.5,3.7690253165135768
mixed,mixture_graph_always,29,133,264,0.5037878787878788,3.7692579124492194
mixed,mixture_graph_always,29,134,264,0.5075757575757576,3.790475001533616
mixed,mixture_graph_always,29,135,264,0.5113636363636364,3.7743261479716477
mixed,mixture_graph_always,29,136,264,0.5151515151515151,3.7726392901096553
mixed,mixture_graph_always,29,137,264,0.5189393939393939,3.7777021726586857
mixed,mixture_graph_always,29,138,264,0.5227272727272727,3.7620057057489196
mixed,mixture_graph_always,29,139,264,0.5265151515151515,3.7471249495582786
mixed,mixture_graph_always,29,140,264,0.5303030303030303,3.734225242936154
mixed,mixture_graph_always,29,141,264,0.5340909090909091,3.7194515957782857
mixed,mixture_graph_always,29,142,264,0.5378787878787878,3.710970163038868
mixed,mixture_graph_always,29,143,264,0.5416666666666666,3.712259654415291
mixed,mixture_graph_always,29,144,264,0.5454545454545454,3.707796230128483
mixed,mixture_graph_always,29,145,264,0.5492424242424242,3.698425817940422
mixed,mixture_graph_always,29,146,264,0.553030303030303,3.70362663563163
mixed,mixture_graph_always,29,147,264,0.5568181818181818,3.6878701572531574
mixed,mixture_graph_always,29,148,264,0.5606060606060606,3.6749812587872763
mixed,mixture_graph_always,29,149,264,0.5643939393939394,3.699612344499746
mixed,mixture_graph_always,29,150,264,0.5681818181818182,3.6913481235005556
mixed,mixture_graph_always,29,151,264,0.571969696969697,3.6895781666933622
mixed,mixture_graph_always,29,152,264,0.5757575757575758,3.678964329986159
mixed,mixture_graph_always,29,153,264,0.5795454545454546,3.6904238267565956
mixed,mixture_graph_always,29,154,264,0.5833333333333334,3.6920422511099305
mixed,mixture_graph_always,29,155,264,0.5871212121212122,3.7057366891763475
mixed,mixture_graph_always,29,156,264,0.5909090909090909,3.7128692461225796
mixed,mixture_graph_always,29,157,264,0.5946969696969697,3.713291551189501
mixed,mixture_graph_always,29,158,264,0.5984848484848485,3.7107775060094816
mixed,mixture_graph_always,29,159,264,0.6022727272727273,3.7146432546153276
mixed,mixture_graph_always,29,160,264,0.6060606060606061,3.6986440400702527
mixed,mixture_graph_always,29,161,264,0.6098484848484849,3.6957148957757284
mixed,mixture_graph_always,29,162,264,0.6136363636363636,3.6832201254724395
mixed,mixture_graph_always,29,163,264,0.6174242424242424,3.682513590577833
mixed,mixture_graph_always,29,164,264,0.6212121212121212,3.68315266597737
mixed,mixture_graph_always,29,165,264,0.625,3.672866404218814
mixed,mixture_graph_always,29,166,264,0.6287878787878788,3.659654042821786
mixed,mixture_graph_always,29,167,264,0.6325757575757576,3.6558849315016384
mixed,mixture_graph_always,29,168,264,0.6363636363636364,3.6479403534705455
mixed,mixture_graph_always,29,169,264,0.6401515151515151,3.655261334138098
mixed,mixture_graph_always,29,170,264,0.6439393939393939,3.6602758278253487
mixed,mixture_graph_always,29,171,264,0.6477272727272727,3.6801422589209176
mixed,mixture_graph_always,29,172,264,0.6515151515151515,3.668049151872232
mixed,mixture_graph_always,29,173,264,0.6553030303030303,3.663874533046618
mixed,mixture_graph_always,29,174,264,0.6590909090909091,3.6626953475832735
mixed,mixture_graph_always,29,175,264,0.6628787878787878,3.6563804662969766
mixed,mixture_graph_always,29,176,264,0.6666666666666666,3.6602688009174766
mixed,mixture_graph_always,29,177,264,0.6704545454545454,3.6472337829745562
mixed,mixture_graph_always,29,178,264,0.6742424242424242,3.629977045774024
mixed,mixture_graph_always,29,179,264,0.678030303030303,3.6161322200619797
mixed,mixture_graph_always,29,180,264,0.6818181818181818,3.6049185788859632
mixed,mixture_graph_always,29,181,264,0.6856060606060606,3.611242457083373
mixed,mixture_graph_always,29,182,264,0.6893939393939394,3.602065655442914
mixed,mixture_graph_always,29,183,264,0.6931818181818182,3.598468189425134
mixed,mixture_graph_always,29,184,264,0.696969696969697,3.5884583325953465
mixed,mixture_graph_always,29,185,264,0.7007575757575758,3.584780540099633
mixed,mixture_graph_always,29,186,264,0.7045454545454546,3.5768152593455484
mixed,mixture_graph_always,29,187,264,0.7083333333333334,3.563383656444496
mixed,mixture_graph_always,29,188,264,0.7121212121212122,3.5557392992043533
mixed,mixture_graph_always,29,189,264,0.7159090909090909,3.572116200000318
mixed,mixture_graph_always,29,190,264,0.7196969696969697,3.5691082349013987
mixed,mixture_graph_always,29,191,264,0.7234848484848485,3.565762545927496
mixed,mixture_graph_always,29,192,264,0.7272727272727273,3.551852700623691
mixed,mixture_graph_always,29,193,264,0.7310606060606061,3.5625650525491976
mixed,mixture_graph_always,29,194,264,0.7348484848484849,3.563591279195001
mixed,mixture_graph_always,29,195,264,0.7386363636363636,3.5706505171512477
mixed,mixture_graph_always,29,196,264,0.7424242424242424,3.5574571959613803
mixed,mixture_graph_always,29,197,264,0.7462121212121212,3.570995423489495
mixed,mixture_graph_always,29,198,264,0.75,3.5656722778714753
mixed,mixture_graph_always,29,199,264,0.7537878787878788,3.580840019218424
mixed,mixture_graph_always,29,200,264,0.7575757575757576,3.588293376102344
mixed,mixture_graph_always,29,201,264,0.7613636363636364,3.5918119412678724
mixed,mixture_graph_always,29,202,264,0.7651515151515151,3.5921746700343555
mixed,mixture_graph_always,29,203,264,0.7689393939393939,3.5937794605803997
mixed,mixture_graph_always,29,204,264,0.7727272727272727,3.5895628718631136
mixed,mixture_graph_always,29,205,264,0.7765151515151515,3.6004642740746924
mixed,mixture_graph_always,29,206,264,0.7803030303030303,3.5942968977038534
mixed,mixture_graph_always,29,207,264,0.7840909090909091,3.585864685622037
mixed,mixture_graph_always,29,208,264,0.7878787878787878,3.5737845691935917
mixed,mixture_graph_always,29,209,264,0.7916666666666666,3.5734324866749914
mixed,mixture_graph_always,29,210,264,0.7954545454545454,3.5606793048439056
mixed,mixture_graph_always,29,211,264,0.7992424242424242,3.575898867888503
mixed,mixture_graph_always,29,212,264,0.803030303030303,3.578688005200244
mixed,mixture_graph_always,29,213,264,0.8068181818181818,3.5763106955579382
mixed,mixture_graph_always,29,214,264,0.8106060606060606,3.5813465668398083
mixed,mixture_graph_always,29,215,264,0.8143939393939394,3.573991943476428
mixed,mixture_graph_always,29,216,264,0.8181818181818182,3.5766319338674757
mixed,mixture_graph_always,29,217,264,0.821969696969697,3.584325130306111
mixed,mixture_graph_always,29,218,264,0.8257575757575758,3.579830445884433
mixed,mixture_graph_always,29,219,264,0.8295454545454546,3.589027584199765
mixed,mixture_graph_always,29,220,264,0.8333333333333334,3.577424843616962
mixed,mixture_graph_always,29,221,264,0.8371212121212122,3.574654450899262
mixed,mixture_graph_always,29,222,264,0.8409090909090909,3.5791846986410754
mixed,mixture_graph_always,29,223,264,0.8446969696969697,3.587317804252347
mixed,mixture_graph_always,29,224,264,0.8484848484848485,3.5901318335335795
mixed,mixture_graph_always,29,225,264,0.8522727272727273,3.58258793248434
mixed,mixture_graph_always,29,226,264,0.8560606060606061,3.574879322714705
mixed,mixture_graph_always,29,227,264,0.8598484848484849,3.573540354172477
mixed,mixture_graph_always,29,228,264,0.8636363636363636,3.5696833462091764
mixed,mixture_graph_always,29,229,264,0.8674242424242424,3.56797438304593
mixed,mixture_graph_always,29,230,264,0.8712121212121212,3.5645591615585928
mixed,mixture_graph_always,29,231,264,0.875,3.554490739098015
mixed,mixture_graph_always,29,232,264,0.8787878787878788,3.548815077731566
mixed,mixture_graph_always,29,233,264,0.8825757575757576,3.5423500539325636
mixed,mixture_graph_always,29,234,264,0.8863636363636364,3.535770626465301
mixed,mixture_graph_always,29,235,264,0.8901515151515151,3.5331670521532264
mixed,mixture_graph_always,29,236,264,0.8939393939393939,3.5246674705149488
mixed,mixture_graph_always,29,237,264,0.8977272727272727,3.534041597752191
mixed,mixture_graph_always,29,238,264,0.9015151515151515,3.5289169922287758
mixed,mixture_graph_always,29,239,264,0.9053030303030303,3.5214701341650887
mixed,mixture_graph_always,29,240,264,0.9090909090909091,3.5298562007497734
mixed,mixture_graph_always,29,241,264,0.9128787878787878,3.5335747834503315
mixed,mixture_graph_always,29,242,264,0.9166666666666666,3.538399372627011
mixed,mixture_graph_always,29,243,264,0.9204545454545454,3.5463584773789485
mixed,mixture_graph_always,29,244,264,0.9242424242424242,3.551201067963778
mixed,mixture_graph_always,29,245,264,0.928030303030303,3.560542739427272
mixed,mixture_graph_always,29,246,264,0.9318181818181818,3.549913346402941
mixed,mixture_graph_always,29,247,264,0.9356060606060606,3.5428764723427704
mixed,mixture_graph_always,29,248,264,0.9393939393939394,3.5344686491407176
mixed,mixture_graph_always,29,249,264,0.9431818181818182,3.5276640729520676
mixed,mixture_graph_always,29,250,264,0.946969696969697,3.5295381146404528
mixed,mixture_graph_always,29,251,264,0.9507575757575758,3.5216535812939123
mixed,mixture_graph_always,29,252,264,0.9545454545454546,3.5286202086275744
mixed,mixture_graph_always,29,253,264,0.9583333333333334,3.52513462064986
mixed,mixture_graph_always,29,254,264,0.9621212121212122,3.51796762150329
mixed,mixture_graph_always,29,255,264,0.9659090909090909,3.5101677563361147
mixed,mixture_graph_always,29,256,264,0.9696969696969697,3.504940769478984
mixed,mixture_graph_always,29,257,264,0.9734848484848485,3.5035320127766254
mixed,mixture_graph_always,29,258,264,0.9772727272727273,3.503807204633058
mixed,mixture_graph_always,29,259,264,0.9810606060606061,3.502276457074051
mixed,mixture_graph_always,29,260,264,0.9848484848484849,3.496428056602058
mixed,mixture_graph_always,29,261,264,0.9886363636363636,3.498757465501948
mixed,mixture_graph_always,29,262,264,0.9924242424242424,3.492736467811634
mixed,mixture_graph_always,29,263,264,0.9962121212121212,3.482575801820506
mixed,mixture_graph_always,29,264,264,1.0,3.49129963710694
mixed,mixture_graph_drop,29,1,264,0.003787878787878788,6.126569181029297
mixed,mixture_graph_drop,29,2,264,0.007575757575757576,5.095627659682332
mixed,mixture_graph_drop,29,3,264,0.011363636363636364,3.609118162980606
mixed,mixture_graph_drop,29,4,264,0.015151515151515152,3.480258024033185
mixed,mixture_graph_drop,29,5,264,0.01893939393939394,3.460166308381505
mixed,mixture_graph_drop,29,6,264,0.022727272727272728,3.504797725913901
mixed,mixture_graph_drop,29,7,264,0.026515151515151516,3.3383689716351443
mixed,mixture_graph_drop,29,8,264,0.030303030303030304,3.2940984865855527
mixed,mixture_graph_drop,29,9,264,0.03409090909090909,3.173301333747065
mixed,mixture_graph_drop,29,10,264,0.03787878787878788,3.1013841774323647
mixed,mixture_graph_drop,29,11,264,0.041666666666666664,3.1271056160751187
mixed,mixture_graph_drop,29,12,264,0.045454545454545456,3.3237034549144635
mixed,mixture_graph_drop,29,13,264,0.04924242424242424,3.5176565152111547
mixed,mixture_graph_drop,29,14,264,0.05303030303030303,3.5348006927050437
mixed,mixture_graph_drop,29,15,264,0.056818181818181816,3.7313922942734323
mixed,mixture_graph_drop,29,16,264,0.06060606060606061,3.6330503935800302
mixed,mixture_graph_drop,29,17,264,0.06439393939393939,3.5542154747384114
mixed,mixture_graph_drop,29,18,264,0.06818181818181818,3.6452521367111594
mixed,mixture_graph_drop,29,19,264,0.07196969696969698,3.778634086911243
mixed,mixture_graph_drop,29,20,264,0.07575757575757576,3.6512715835401854
mixed,mixture_graph_drop,29,21,264,0.07954545454545454,3.7103815545798464
mixed,mixture_graph_drop,29,22,264,0.08333333333333333,3.7711408913658975
mixed,mixture_graph_drop,29,23,264,0.08712121212121213,3.6446012657794453
mixed,mixture_graph_drop,29,24,264,0.09090909090909091,3.688879350787493
mixed,mixture_graph_drop,29,25,264,0.0946969696969697,3.5934013690384923
mixed,mixture_graph_drop,29,26,264,0.09848484848484848,3.5746161555199647
mixed,mixture_graph_drop,29,27,264,0.10227272727272728,3.531332609595296
mixed,mixture_graph_drop,29,28,264,0.10606060606060606,3.5350558825861755
mixed,mixture_graph_drop,29,29,264,0.10984848484848485,3.5313006799412374
mixed,mixture_graph_drop,29,30,264,0.11363636363636363,3.5302776999024297
mixed,mixture_graph_drop,29,31,264,0.11742424242424243,3.536502342070767
mixed,mixture_graph_drop,29,32,264,0.12121212121212122,3.500723450320714
mixed,mixture_graph_drop,29,33,264,0.125,3.4167953215035203
mixed,mixture_graph_drop,29,34,264,0.12878787878787878,3.3932147176738474
mixed,mixture_graph_drop,29,35,264,0.13257575757575757,3.3414768671124997
mixed,mixture_graph_drop,29,36,264,0.13636363636363635,3.315856827009387
mixed,mixture_graph_drop,29,37,264,0.14015151515151514,3.3453816776798555
mixed,mixture_graph_drop,29,38,264,0.14393939393939395,3.342988718296994
mixed,mixture_graph_drop,29,39,264,0.14772727272727273,3.3270932235770343
mixed,mixture_graph_drop,29,40,264,0.15151515151515152,3.379126397111674
mixed,mixture_graph_drop,29,41,264,0.1553030303030303,3.3229352195718085
mixed,mixture_graph_drop,29,42,264,0.1590909090909091,3.308921547404611
mixed,mixture_graph_drop,29,43,264,0.16287878787878787,3.4085978017171215
mixed,mixture_graph_drop,29,44,264,0.16666666666666666,3.4233373387400188
mixed,mixture_graph_drop,29,45,264,0.17045454545454544,3.4769065793101244
mixed,mixture_graph_drop,29,46,264,0.17424242424242425,3.4356000436886
mixed,mixture_graph_drop,29,47,264,0.17803030303030304,3.4633994825405905
mixed,mixture_graph_drop,29,48,264,0.18181818181818182,3.4346069182691643
mixed,mixture_graph_drop,29,49,264,0.1856060606060606,3.421443492487923
mixed,mixture_graph_drop,29,50,264,0.1893939393939394,3.409184025652431
mixed,mixture_graph_drop,29,51,264,0.19318181818181818,3.470839836911906
mixed,mixture_graph_drop,29,52,264,0.19696969696969696,3.507894478894403
mixed,mixture_graph_drop,29,53,264,0.20075757575757575,3.476367688851132
mixed,mixture_graph_drop,29,54,264,0.20454545454545456,3.4486162507618445
mixed,mixture_graph_drop,29,55,264,0.20833333333333334,3.459448973221962
mixed,mixture_graph_drop,29,56,264,0.21212121212121213,3.427900123271925
mixed,mixture_graph_drop,29,57,264,0.2159090909090909,3.438129408888541
mixed,mixture_graph_drop,29,58,264,0.2196969696969697,3.4639578101512027
mixed,mixture_graph_drop,29,59,264,0.22348484848484848,3.4641322595216266
mixed,mixture_graph_drop,29,60,264,0.22727272727272727,3.4749018641386966
mixed,mixture_graph_drop,29,61,264,0.23106060606060605,3.4762440753336836
mixed,mixture_graph_drop,29,62,264,0.23484848484848486,3.4462942483627694
mixed,mixture_graph_drop,29,63,264,0.23863636363636365,3.453991105767814
mixed,mixture_graph_drop,29,64,264,0.24242424242424243,3.4146732169996734
mixed,mixture_graph_drop,29,65,264,0.24621212121212122,3.4213434165170016
mixed,mixture_graph_drop,29,66,264,0.25,3.4558415423427773
mixed,mixture_graph_drop,29,67,264,0.2537878787878788,3.4780134782507393
mixed,mixture_graph_drop,29,68,264,0.25757575757575757,3.507111068938019
mixed,mixture_graph_drop,29,69,264,0.26136363636363635,3.486511212654944
mixed,mixture_graph_drop,29,70,264,0.26515151515151514,3.449835592251892
mixed,mixture_graph_drop,29,71,264,0.2689393939393939,3.451257044339145
mixed,mixture_graph_drop,29,72,264,0.2727272727272727,3.433811269547521
mixed,mixture_graph_drop,29,73,264,0.2765151515151515,3.4630980756228427
mixed,mixture_graph_drop,29,74,264,0.2803030303030303,3.4824269438797404
mixed,mixture_graph_drop,29,75,264,0.2840909090909091,3.454659804620121
mixed,mixture_graph_drop,29,76,264,0.2878787878787879,3.428270722822252
mixed,mixture_graph_drop,29,77,264,0.2916666666666667,3.4120809784683632
mixed,mixture_graph_drop,29,78,264,0.29545454545454547,3.402403571276519
mixed,mixture_graph_drop,29,79,264,0.29924242424242425,3.3759054397326067
mixed,mixture_graph_drop,29,80,264,0.30303030303030304,3.4065209963455807
mixed,mixture_graph_drop,29,81,264,0.3068181818181818,3.4006204039348074
mixed,mixture_graph_drop,29,82,264,0.3106060606060606,3.4470992642949043
mixed,mixture_graph_drop,29,83,264,0.3143939393939394,3.434179838605271
mixed,mixture_graph_drop,29,84,264,0.3181818181818182,3.416392102030742
mixed,mixture_graph_drop,29,85,264,0.32196969696969696,3.421225943679474
mixed,mixture_graph_drop,29,86,264,0.32575757575757575,3.422670031711548
mixed,mixture_graph_drop,29,87,264,0.32954545454545453,3.4364244373865964
mixed,mixture_graph_drop,29,88,264,0.3333333333333333,3.4718836841015874
mixed,mixture_graph_drop,29,89,264,0.3371212121212121,3.486928455125394
mixed,mixture_graph_drop,29,90,264,0.3409090909090909,3.4808729844547606
mixed,mixture_graph_drop,29,91,264,0.3446969696969697,3.505192892162445
mixed,mixture_graph_drop,29,92,264,0.3484848484848485,3.5066949828504987
mixed,mixture_graph_drop,29,93,264,0.3522727272727273,3.484020016520153
mixed,mixture_graph_drop,29,94,264,0.3560606060606061,3.4600857559347142
mixed,mixture_graph_drop,29,95,264,0.35984848484848486,3.4803725691999445
mixed,mixture_graph_drop,29,96,264,0.36363636363636365,3.4758035019648346
mixed,mixture_graph_drop,29,97,264,0.36742424242424243,3.456944017747516
mixed,mixture_graph_drop,29,98,264,0.3712121212121212,3.4570010087648613
mixed,mixture_graph_drop,29,99,264,0.375,3.4792661989759592
mixed,mixture_graph_drop,29,100,264,0.3787878787878788,3.4640221676741083
mixed,mixture_graph_drop,29,101,264,0.38257575757575757,3.4577289089305365
mixed,mixture_graph_drop,29,102,264,0.38636363636363635,3.439389378193775
mixed,mixture_graph_drop,29,103,264,0.39015151515151514,3.4260101889238577
mixed,mixture_graph_drop,29,104,264,0.3939393939393939,3.421348762382549
mixed,mixture_graph_drop,29,105,264,0.3977272727272727,3.4001330729926496
mixed,mixture_graph_drop,29,106,264,0.4015151515151515,3.4255930516080317
mixed,mixture_graph_drop,29,107,264,0.4053030303030303,3.4146832347763074
mixed,mixture_graph_drop,29,108,264,0.4090909090909091,3.4096471027991906
mixed,mixture_graph_drop,29,109,264,0.4128787878787879,3.3980613012060354
mixed,mixture_graph_drop,29,110,264,0.4166666666666667,3.394093733835187
mixed,mixture_graph_drop,29,111,264,0.42045454545454547,3.3874944453268108
mixed,mixture_graph_drop,29,112,264,0.42424242424242425,3.3796422624350706
mixed,mixture_graph_drop,29,113,264,0.42803030303030304,3.369670879089766
mixed,mixture_graph_drop,29,114,264,0.4318181818181818,3.3542954583107742
mixed,mixture_graph_drop,29,115,264,0.4356060606060606,3.364502598306905
mixed,mixture_graph_drop,29,116,264,0.4393939393939394,3.361092708628646
mixed,mixture_graph_drop,29,117,264,0.4431818181818182,3.3553594649553213
mixed,mixture_graph_drop,29,118,264,0.44696969696969696,3.3943898290694294
mixed,mixture_graph_drop,29,119,264,0.45075757575757575,3.3907970943568984
mixed,mixture_graph_drop,29,120,264,0.45454545454545453,3.387400587570743
mixed,mixture_graph_drop,29,121,264,0.4583333333333333,3.365060145389885
mixed,mixture_graph_drop,29,122,264,0.4621212121212121,3.3545066968017236
mixed,mixture_graph_drop,29,123,264,0.4659090909090909,3.3503938528558157
mixed,mixture_graph_drop,29,124,264,0.4696969696969697,3.340122098517648
mixed,mixture_graph_drop,29,125,264,0.4734848484848485,3.328891143335048
mixed,mixture_graph_drop,29,126,264,0.4772727272727273,3.3181066884321067
mixed,mixture_graph_drop,29,127,264,0.4810606060606061,3.322631177927741
mixed,mixture_graph_drop,29,128,264,0.48484848484848486,3.307834939714536
mixed,mixture_graph_drop,29,129,264,0.48863636363636365,3.2906094637283925
mixed,mixture_graph_drop,29,130,264,0.49242424242424243,3.28524586604145
mixed,mixture_graph_drop,29,131,264,0.4962121212121212,3.2655500447076364
mixed,mixture_graph_drop,29,132,264,0.5,3.2598487390436057
mixed,mixture_graph_drop,29,133,264,0.5037878787878788,3.2483010900176166
mixed,mixture_graph_drop,29,134,264,0.5075757575757576,3.261295825968355
mixed,mixture_graph_drop,29,135,264,0.5113636363636364,3.2543247933512345
mixed,mixture_graph_drop,29,136,264,0.5151515151515151,3.2429266547087523
mixed,mixture_graph_drop,29,137,264,0.5189393939393939,3.236290450592313
mixed,mixture_graph_drop,29,138,264,0.5227272727272727,3.242204455026822
mixed,mixture_graph_drop,29,139,264,0.5265151515151515,3.2450548497499616
mixed,mixture_graph_drop,29,140,264,0.5303030303030303,3.237376931376661
mixed,mixture_graph_drop,29,141,264,0.5340909090909091,3.225731973504938
mixed,mixture_graph_drop,29,142,264,0.5378787878787878,3.2191599120361514
mixed,mixture_graph_drop,29,143,264,0.5416666666666666,3.214057555211882
mixed,mixture_graph_drop,29,144,264,0.5454545454545454,3.2113242279009073
mixed,mixture_graph_drop,29,145,264,0.5492424242424242,3.226671678612118
mixed,mixture_graph_drop,29,146,264,0.553030303030303,3.237089734193255
mixed,mixture_graph_drop,29,147,264,0.5568181818181818,3.217808770319502
mixed,mixture_graph_drop,29,148,264,0.5606060606060606,3.2069600166558727
mixed,mixture_graph_drop,29,149,264,0.5643939393939394,3.2072170895818477
mixed,mixture_graph_drop,29,150,264,0.5681818181818182,3.198566349593882
mixed,mixture_graph_drop,29,151,264,0.571969696969697,3.19064832668452
mixed,mixture_graph_drop,29,152,264,0.5757575757575758,3.185387004068312
mixed,mixture_graph_drop,29,153,264,0.5795454545454546,3.18223382036884
mixed,mixture_graph_drop,29,154,264,0.5833333333333334,3.2138009145847124
mixed,mixture_graph_drop,29,155,264,0.5871212121212122,3.1988858647052827
mixed,mixture_graph_drop,29,156,264,0.5909090909090909,3.19186355610621
mixed,mixture_graph_drop,29,157,264,0.5946969696969697,3.219110033229202
mixed,mixture_graph_drop,29,158,264,0.5984848484848485,3.2178844238986186
mixed,mixture_graph_drop,29,159,264,0.6022727272727273,3.2098976015475578
mixed,mixture_graph_drop,29,160,264,0.6060606060606061,3.2071813170907775
mixed,mixture_graph_drop,29,161,264,0.6098484848484849,3.195533852163946
mixed,mixture_graph_drop,29,162,264,0.6136363636363636,3.194385995902145
mixed,mixture_graph_drop,29,163,264,0.6174242424242424,3.1919891889046004
mixed,mixture_graph_drop,29,164,264,0.6212121212121212,3.188336675669894
mixed,mixture_graph_drop,29,165,264,0.625,3.1809134845384066
mixed,mixture_graph_drop,29,166,264,0.6287878787878788,3.184005913227493
mixed,mixture_graph_drop,29,167,264,0.6325757575757576,3.179685558139776
mixed,mixture_graph_drop,29,168,264,0.6363636363636364,3.175848374222802
mixed,mixture_graph_drop,29,169,264,0.6401515151515151,3.183205284357934
mixed,mixture_graph_drop,29,170,264,0.6439393939393939,3.1814149639371343
mixed,mixture_graph_drop,29,171,264,0.6477272727272727,3.167915559945729
mixed,mixture_graph_drop,29,172,264,0.6515151515151515,3.1591330617900226
mixed,mixture_graph_drop,29,173,264,0.6553030303030303,3.156723354545404
mixed,mixture_graph_drop,29,174,264,0.6590909090909091,3.16473639765641
mixed,mixture_graph_drop,29,175,264,0.6628787878787878,3.1643051263824393
mixed,mixture_graph_drop,29,176,264,0.6666666666666666,3.1552410201016134
mixed,mixture_graph_drop,29,177,264,0.6704545454545454,3.147524905412907
mixed,mixture_graph_drop,29,178,264,0.6742424242424242,3.142202781695367
mixed,mixture_graph_drop,29,179,264,0.678030303030303,3.1398056771970153
mixed,mixture_graph_drop,29,180,264,0.6818181818181818,3.1584554839589987
mixed,mixture_graph_drop,29,181,264,0.6856060606060606,3.1527204225013667
mixed,mixture_graph_drop,29,182,264,0.6893939393939394,3.1565428123793797
mixed,mixture_graph_drop,29,183,264,0.6931818181818182,3.1507282200765085
mixed,mixture_graph_drop,29,184,264,0.696969696969697,3.159100739928609
mixed,mixture_graph_drop,29,185,264,0.7007575757575758,3.1660272819222617
mixed,mixture_graph_drop,29,186,264,0.7045454545454546,3.158641212971439
mixed,mixture_graph_drop,29,187,264,0.7083333333333334,3.1578991611429448
mixed,mixture_graph_drop,29,188,264,0.7121212121212122,3.1926831862703375
mixed,mixture_graph_drop,29,189,264,0.7159090909090909,3.19064417407727
mixed,mixture_graph_drop,29,190,264,0.7196969696969697,3.2137578661792365
mixed,mixture_graph_drop,29,191,264,0.7234848484848485,3.2273245511548163
mixed,mixture_graph_drop,29,192,264,0.7272727272727273,3.241042204566451
mixed,mixture_graph_drop,29,193,264,0.7310606060606061,3.2368846906810576
mixed,mixture_graph_drop,29,194,264,0.7348484848484849,3.238336520832601
mixed,mixture_graph_drop,29,195,264,0.7386363636363636,3.254543739437928
mixed,mixture_graph_drop,29,196,264,0.7424242424242424,3.2645598860952494
mixed,mixture_graph_drop,29,197,264,0.7462121212121212,3.2651059040008823
mixed,mixture_graph_drop,29,198,264,0.75,3.2630040916960255
mixed,mixture_graph_drop,29,199,264,0.7537878787878788,3.252276100814159
mixed,mixture_graph_drop,29,200,264,0.7575757575757576,3.2636932959149654
mixed,mixture_graph_drop,29,201,264,0.7613636363636364,3.272319459321226
mixed,mixture_graph_drop,29,202,264,0.7651515151515151,3.26298364241681
mixed,mixture_graph_drop,29,203,264,0.7689393939393939,3.260004453570296
mixed,mixture_graph_drop,29,204,264,0.7727272727272727,3.277753627837917
mixed,mixture_graph_drop,29,205,264,0.7765151515151515,3.270493373597412
mixed,mixture_graph_drop,29,206,264,0.7803030303030303,3.278612778603796
mixed,mixture_graph_drop,29,207,264,0.7840909090909091,3.271610540862103
mixed,mixture_graph_drop,29,208,264,0.7878787878787878,3.277947878585841
mixed,mixture_graph_drop,29,209,264,0.7916666666666666,3.2869627751843176
mixed,mixture_graph_drop,29,210,264,0.7954545454545454,3.2833636263536006
mixed,mixture_graph_drop,29,211,264,0.7992424242424242,3.29445703335374
mixed,mixture_graph_drop,29,212,264,0.803030303030303,3.2921901372649116
mixed,mixture_graph_drop,29,213,264,0.8068181818181818,3.2801703295957587
mixed,mixture_graph_drop,29,214,264,0.8106060606060606,3.2730975089627328
mixed,mixture_graph_drop,29,215,264,0.8143939393939394,3.3041935268855585
mixed,mixture_graph_drop,29,216,264,0.8181818181818182,3.295448117516098
mixed,mixture_graph_drop,29,217,264,0.821969696969697,3.286236544055145
mixed,mixture_graph_drop,29,218,264,0.8257575757575758,3.284466833177873
mixed,mixture_graph_drop,29,219,264,0.8295454545454546,3.291382926630598
mixed,mixture_graph_drop,29,220,264,0.8333333333333334,3.3201616991809875
mixed,mixture_graph_drop,29,221,264,0.8371212121212122,3.3151455022764766
mixed,mixture_graph_drop,29,222,264,0.8409090909090909,3.309792110780688
mixed,mixture_graph_drop,29,223,264,0.8446969696969697,3.3189541429892016
mixed,mixture_graph_drop,29,224,264,0.8484848484848485,3.318947220342778
mixed,mixture_graph_drop,29,225,264,0.8522727272727273,3.3269393472137487
mixed,mixture_graph_drop,29,226,264,0.8560606060606061,3.3152548780705855
mixed,mixture_graph_drop,29,227,264,0.8598484848484849,3.323281451411879
mixed,mixture_graph_drop,29,228,264,0.8636363636363636,3.316843484488054
mixed,mixture_graph_drop,29,229,264,0.8674242424242424,3.313962328673339
mixed,mixture_graph_drop,29,230,264,0.8712121212121212,3.309133133918457
mixed,mixture_graph_drop,29,231,264,0.875,3.3043549941369865
mixed,mixture_graph_drop,29,232,264,0.8787878787878788,3.3312268380333463
mixed,mixture_graph_drop,29,233,264,0.8825757575757576,3.339272610362576
mixed,mixture_graph_drop,29,234,264,0.8863636363636364,3.3473733515902033
mixed,mixture_graph_drop,29,235,264,0.8901515151515151,3.3471077815262933
mixed,mixture_graph_drop,29,236,264,0.8939393939393939,3.3404692881797766
mixed,mixture_graph_drop,29,237,264,0.8977272727272727,3.348391144781951
mixed,mixture_graph_drop,29,238,264,0.9015151515151515,3.371889868232916
mixed,mixture_graph_drop,29,239,264,0.9053030303030303,3.3667095819424024
mixed,mixture_graph_drop,29,240,264,0.9090909090909091,3.3630291755246686
mixed,mixture_graph_drop,29,241,264,0.9128787878787878,3.352006293616529
mixed,mixture_graph_drop,29,242,264,0.9166666666666666,3.3580480182766723
mixed,mixture_graph_drop,29,243,264,0.9204545454545454,3.3488465231223157
mixed,mixture_graph_drop,29,244,264,0.9242424242424242,3.345244421904242
mixed,mixture_graph_drop,29,245,264,0.928030303030303,3.3499269887578342
mixed,mixture_graph_drop,29,246,264,0.9318181818181818,3.349859409631348
mixed,mixture_graph_drop,29,247,264,0.9356060606060606,3.354043962271084
mixed,mixture_graph_drop,29,248,264,0.9393939393939394,3.3529110987376933
mixed,mixture_graph_drop,29,249,264,0.9431818181818182,3.3490385185241234
mixed,mixture_graph_drop,29,250,264,0.946969696969697,3.345977364770526
mixed,mixture_graph_drop,29,251,264,0.9507575757575758,3.350254720419211
mixed,mixture_graph_drop,29,252,264,0.9545454545454546,3.3532664508628254
mixed,mixture_graph_drop,29,253,264,0.9583333333333334,3.3631795575371677
mixed,mixture_graph_drop,29,254,264,0.9621212121212122,3.357961255981398
mixed,mixture_graph_drop,29,255,264,0.9659090909090909,3.3590057574231054
mixed,mixture_graph_drop,29,256,264,0.9696969696969697,3.3572945073195686
mixed,mixture_graph_drop,29,257,264,0.9734848484848485,3.353919729210113
mixed,mixture_graph_drop,29,258,264,0.9772727272727273,3.3732731112390866
mixed,mixture_graph_drop,29,259,264,0.9810606060606061,3.3767692113040204
mixed,mixture_graph_drop,29,260,264,0.9848484848484849,3.379535832033902
mixed,mixture_graph_drop,29,261,264,0.9886363636363636,3.388661331354687
mixed,mixture_graph_drop,29,262,264,0.9924242424242424,3.3853041550632237
mixed,mixture_graph_drop,29,263,264,0.9962121212121212,3.3778922798182913
mixed,mixture_graph_drop,29,264,264,1.0,3.384322345349531
mixed,mixture_conv_drop,29,1,264,0.003787878787878788,7.516172916174119
mixed,mixture_conv_drop,29,2,264,0.007575757575757576,4.990001164069522
mixed,mixture_conv_drop,29,3,264,0.011363636363636364,4.666107939953861
mixed,mixture_conv_drop,29,4,264,0.015151515151515152,5.076148298913194
mixed,mixture_conv_drop,29,5,264,0.01893939393939394,4.424093381837247
mixed,mixture_conv_drop,29,6,264,0.022727272727272728,4.1495558809102056
mixed,mixture_conv_drop,29,7,264,0.026515151515151516,3.9160344623654204
mixed,mixture_conv_drop,29,8,264,0.030303030303030304,3.841488549494806
mixed,mixture_conv_drop,29,9,264,0.03409090909090909,3.642662076287403
mixed,mixture_conv_drop,29,10,264,0.03787878787878788,3.4914296035589274
mixed,mixture_conv_drop,29,11,264,0.041666666666666664,3.3973775592651263
mixed,mixture_conv_drop,29,12,264,0.045454545454545456,3.186380896407877
mixed,mixture_conv_drop,29,13,264,0.04924242424242424,3.0004456817552074
mixed,mixture_conv_drop,29,14,264,0.05303030303030303,2.958088149421392
mixed,mixture_conv_drop,29,15,264,0.056818181818181816,2.9762081571845327
mixed,mixture_conv_drop,29,16,264,0.06060606060606061,2.8643236315933516
mixed,mixture_conv_drop,29,17,264,0.06439393939393939,2.936502413288905
mixed,mixture_conv_drop,29,18,264,0.06818181818181818,2.905419556835056
mixed,mixture_conv_drop,29,19,264,0.07196969696969698,2.8977008354628753
mixed,mixture_conv_drop,29,20,264,0.07575757575757576,2.85939883581089
mixed,mixture_conv_drop,29,21,264,0.07954545454545454,2.9243665263892957
mixed,mixture_conv_drop,29,22,264,0.08333333333333333,2.8323592973718017
mixed,mixture_conv_drop,29,23,264,0.08712121212121213,2.8247271783976786
mixed,mixture_conv_drop,29,24,264,0.09090909090909091,2.932036627067138
mixed,mixture_conv_drop,29,25,264,0.0946969696969697,3.0558307903180286
mixed,mixture_conv_drop,29,26,264,0.09848484848484848,3.0526551393174777
mixed,mixture_conv_drop,29,27,264,0.10227272727272728,3.1254543162832458
mixed,mixture_conv_drop,29,28,264,0.10606060606060606,3.1072545034181864
mixed,mixture_conv_drop,29,29,264,0.10984848484848485,3.075447089010862
mixed,mixture_conv_drop,29,30,264,0.11363636363636363,3.1284629100344272
mixed,mixture_conv_drop,29,31,264,0.11742424242424243,3.1066279659387006
mixed,mixture_conv_drop,29,32,264,0.12121212121212122,3.2034079141138463
mixed,mixture_conv_drop,29,33,264,0.125,3.2569972835704406
mixed,mixture_conv_drop,29,34,264,0.12878787878787878,3.2759550751887794
mixed,mixture_conv_drop,29,35,264,0.13257575757575757,3.2341299965968937
mixed,mixture_conv_drop,29,36,264,0.13636363636363635,3.321085883546024
mixed,mixture_conv_drop,29,37,264,0.14015151515151514,3.257324261463793
mixed,mixture_conv_drop,29,38,264,0.14393939393939395,3.3423146863990705
mixed,mixture_conv_drop,29,39,264,0.14772727272727273,3.3872300986317176
mixed,mixture_conv_drop,29,40,264,0.15151515151515152,3.357929301881922
mixed,mixture_conv_drop,29,41,264,0.1553030303030303,3.3810589695443705
mixed,mixture_conv_drop,29,42,264,0.1590909090909091,3.3877556366932335
mixed,mixture_conv_drop,29,43,264,0.16287878787878787,3.3771168927871202
mixed,mixture_conv_drop,29,44,264,0.16666666666666666,3.362835074560089
mixed,mixture_conv_drop,29,45,264,0.17045454545454544,3.34491113268044
mixed,mixture_conv_drop,29,46,264,0.17424242424242425,3.2986322173064972
mixed,mixture_conv_drop,29,47,264,0.17803030303030304,3.3734176813074965
mixed,mixture_conv_drop,29,48,264,0.18181818181818182,3.353113456460451
mixed,mixture_conv_drop,29,49,264,0.1856060606060606,3.323613837252027
mixed,mixture_conv_drop,29,50,264,0.1893939393939394,3.3508637238346224
mixed,mixture_conv_drop,29,51,264,0.19318181818181818,3.371722115055703
mixed,mixture_conv_drop,29,52,264,0.19696969696969696,3.4079876264189672
mixed,mixture_conv_drop,29,53,264,0.20075757575757575,3.372247392499371
mixed,mixture_conv_drop,29,54,264,0.20454545454545456,3.369251600441134
mixed,mixture_conv_drop,29,55,264,0.20833333333333334,3.3562379965520237
mixed,mixture_conv_drop,29,56,264,0.21212121212121213,3.339402164326784
mixed,mixture_conv_drop,29,57,264,0.2159090909090909,3.343239705792713
mixed,mixture_conv_drop,29,58,264,0.2196969696969697,3.3419375385631125
mixed,mixture_conv_drop,29,59,264,0.22348484848484848,3.4172016683722415
mixed,mixture_conv_drop,29,60,264,0.22727272727272727,3.389134730380287
mixed,mixture_conv_drop,29,61,264,0.23106060606060605,3.3838445767054943
mixed,mixture_conv_drop,29,62,264,0.23484848484848486,3.42590005623963
mixed,mixture_conv_drop,29,63,264,0.23863636363636365,3.4307834594990108
mixed,mixture_conv_drop,29,64,264,0.24242424242424243,3.4701982371236912
mixed,mixture_conv_drop,29,65,264,0.24621212121212122,3.466622705915922
mixed,mixture_conv_drop,29,66,264,0.25,3.447161352999102
mixed,mixture_conv_drop,29,67,264,0.2537878787878788,3.4271474823192674
mixed,mixture_conv_drop,29,68,264,0.25757575757575757,3.406170316946989
mixed,mixture_conv_drop,29,69,264,0.26136363636363635,3.447186385900306
mixed,mixture_conv_drop,29,70,264,0.26515151515151514,3.4224901237324348
mixed,mixture_conv_drop,29,71,264,0.2689393939393939,3.3932509185333237
mixed,mixture_conv_drop,29,72,264,0.2727272727272727,3.3755663135731138
mixed,mixture_conv_drop,29,73,264,0.2765151515151515,3.3424208595243368
mixed,mixture_conv_drop,29,74,264,0.2803030303030303,3.3373138928686426
mixed,mixture_conv_drop,29,75,264,0.2840909090909091,3.328074621383985
mixed,mixture_conv_drop,29,76,264,0.2878787878787879,3.3151052345449816
mixed,mixture_conv_drop,29,77,264,0.2916666666666667,3.299741488409492
mixed,mixture_conv_drop,29,78,264,0.29545454545454547,3.294759236735887
mixed,mixture_conv_drop,29,79,264,0.29924242424242425,3.273456258959304
mixed,mixture_conv_drop,29,80,264,0.30303030303030304,3.266693097569668
mixed,mixture_conv_drop,29,81,264,0.3068181818181818,3.266332173590877
mixed,mixture_conv_drop,29,82,264,0.3106060606060606,3.2591713029848863
mixed,mixture_conv_drop,29,83,264,0.3143939393939394,3.2443905324214004
mixed,mixture_conv_drop,29,84,264,0.3181818181818182,3.2403365428374773
mixed,mixture_conv_drop,29,85,264,0.32196969696969696,3.229041122793853
mixed,mixture_conv_drop,29,86,264,0.32575757575757575,3.232918613524324
mixed,mixture_conv_drop,29,87,264,0.32954545454545453,3.2266454116572056
mixed,mixture_conv_drop,29,88,264,0.3333333333333333,3.235019900051293
mixed,mixture_conv_drop,29,89,264,0.3371212121212121,3.242278626615973
mixed,mixture_conv_drop,29,90,264,0.3409090909090909,3.2233227534194624
mixed,mixture_conv_drop,29,91,264,0.3446969696969697,3.2096288913738076
mixed,mixture_conv_drop,29,92,264,0.3484848484848485,3.2045941646579226
mixed,mixture_conv_drop,29,93,264,0.3522727272727273,3.1895267817430804
mixed,mixture_conv_drop,29,94,264,0.3560606060606061,3.220101537157247
mixed,mixture_conv_drop,29,95,264,0.35984848484848486,3.222347844277617
mixed,mixture_conv_drop,29,96,264,0.36363636363636365,3.1956611146594427
mixed,mixture_conv_drop,29,97,264,0.36742424242424243,3.2154233256807103
mixed,mixture_conv_drop,29,98,264,0.3712121212121212,3.21148626713502
mixed,mixture_conv_drop,29,99,264,0.375,3.210969948374549
mixed,mixture_conv_drop,29,100,264,0.3787878787878788,3.2078069181885382
mixed,mixture_conv_drop,29,101,264,0.38257575757575757,3.1979220430129898
mixed,mixture_conv_drop,29,102,264,0.38636363636363635,3.189310584063417
mixed,mixture_conv_drop,29,103,264,0.39015151515151514,3.1699145384660166
mixed,mixture_conv_drop,29,104,264,0.3939393939393939,3.1923220679257955
mixed,mixture_conv_drop,29,105,264,0.3977272727272727,3.173193027026262
mixed,mixture_conv_drop,29,106,264,0.4015151515151515,3.203749929618426
mixed,mixture_conv_drop,29,107,264,0.4053030303030303,3.215822391986112
mixed,mixture_conv_drop,29,108,264,0.4090909090909091,3.218374762942302
mixed,mixture_conv_drop,29,109,264,0.4128787878787879,3.2267472566589728
mixed,mixture_conv_drop,29,110,264,0.4166666666666667,3.214248366970961
mixed,mixture_conv_drop,29,111,264,0.42045454545454547,3.226899846177905
mixed,mixture_conv_drop,29,112,264,0.42424242424242425,3.2370290468567737
mixed,mixture_conv_drop,29,113,264,0.42803030303030304,3.234504524927487
mixed,mixture_conv_drop,29,114,264,0.4318181818181818,3.217253284531658
mixed,mixture_conv_drop,29,115,264,0.4356060606060606,3.2318651080180687
mixed,mixture_conv_drop,29,116,264,0.4393939393939394,3.2227751019595003
mixed,mixture_conv_drop,29,117,264,0.4431818181818182,3.2146557350207643
mixed,mixture_conv_drop,29,118,264,0.44696969696969696,3.1992475184314686
mixed,mixture_conv_drop,29,119,264,0.45075757575757575,3.19199532984905
mixed,mixture_conv_drop,29,120,264,0.45454545454545453,3.1959461528072644
mixed,mixture_conv_drop,29,121,264,0.4583333333333333,3.1768164178200924
mixed,mixture_conv_drop,29,122,264,0.4621212121212121,3.163350065566349
mixed,mixture_conv_drop,29,123,264,0.4659090909090909,3.169890304437936
mixed,mixture_conv_drop,29,124,264,0.4696969696969697,3.1534820900239757
mixed,mixture_conv_drop,29,125,264,0.4734848484848485,3.166308382209265
mixed,mixture_conv_drop,29,126,264,0.4772727272727273,3.149784923089845
mixed,mixture_conv_drop,29,127,264,0.4810606060606061,3.1545752352478797
mixed,mixture_conv_drop,29,128,264,0.48484848484848486,3.1533046105860256
mixed,mixture_conv_drop,29,129,264,0.48863636363636365,3.1578724110758625
mixed,mixture_conv_drop,29,130,264,0.49242424242424243,3.180859739014029
mixed,mixture_conv_drop,29,131,264,0.4962121212121212,3.19762344307339
mixed,mixture_conv_drop,29,132,264,0.5,3.1929789117632508
mixed,mixture_conv_drop,29,133,264,0.5037878787878788,3.1878132706329283
mixed,mixture_conv_drop,29,134,264,0.5075757575757576,3.206732332724375
mixed,mixture_conv_drop,29,135,264,0.5113636363636364,3.2229282671375388
mixed,mixture_conv_drop,29,136,264,0.5151515151515151,3.208357448401644
mixed,mixture_conv_drop,29,137,264,0.5189393939393939,3.197694336606997
mixed,mixture_conv_drop,29,138,264,0.5227272727272727,3.2083087564147963
mixed,mixture_conv_drop,29,139,264,0.5265151515151515,3.206327817932987
mixed,mixture_conv_drop,29,140,264,0.5303030303030303,3.223889398170595
mixed,mixture_conv_drop,29,141,264,0.5340909090909091,3.212082085359693
mixed,mixture_conv_drop,29,142,264,0.5378787878787878,3.222982219288048
mixed,mixture_conv_drop,29,143,264,0.5416666666666666,3.2402279165069157
mixed,mixture_conv_drop,29,144,264,0.5454545454545454,3.234025257774099
mixed,mixture_conv_drop,29,145,264,0.5492424242424242,3.2299819964147765
mixed,mixture_conv_drop,29,146,264,0.553030303030303,3.2243559822289947
mixed,mixture_conv_drop,29,147,264,0.5568181818181818,3.224344948727875
mixed,mixture_conv_drop,29,148,264,0.5606060606060606,3.2189741200298414
mixed,mixture_conv_drop,29,149,264,0.5643939393939394,3.226670340260087
mixed,mixture_conv_drop,29,150,264,0.5681818181818182,3.239310673013506
mixed,mixture_conv_drop,29,151,264,0.571969696969697,3.22278454466993
mixed,mixture_conv_drop,29,152,264,0.5757575757575758,3.2136123764974727
mixed,mixture_conv_drop,29,153,264,0.5795454545454546,3.202592950847573
mixed,mixture_conv_drop,29,154,264,0.5833333333333334,3.213246448539671
mixed,mixture_conv_drop,29,155,264,0.5871212121212122,3.2094712128864886
mixed,mixture_conv_drop,29,156,264,0.5909090909090909,3.221041899525197
mixed,mixture_conv_drop,29,157,264,0.5946969696969697,3.2240406182208114
mixed,mixture_conv_drop,29,158,264,0.5984848484848485,3.2389691576770048
mixed,mixture_conv_drop,29,159,264,0.6022727272727273,3.2363632035721834
mixed,mixture_conv_drop,29,160,264,0.6060606060606061,3.2335557694385786
mixed,mixture_conv_drop,29,161,264,0.6098484848484849,3.2381565854295844
mixed,mixture_conv_drop,29,162,264,0.6136363636363636,3.2607957399297467
mixed,mixture_conv_drop,29,163,264,0.6174242424242424,3.293290873672917
mixed,mixture_conv_drop,29,164,264,0.6212121212121212,3.2802083626536254
mixed,mixture_conv_drop,29,165,264,0.625,3.2732228524352927
mixed,mixture_conv_drop,29,166,264,0.6287878787878788,3.2637238123740415
mixed,mixture_conv_drop,29,167,264,0.6325757575757576,3.246664863877877
mixed,mixture_conv_drop,29,168,264,0.6363636363636364,3.23353564283619
mixed,mixture_conv_drop,29,169,264,0.6401515151515151,3.2446008591746773
mixed,mixture_conv_drop,29,170,264,0.6439393939393939,3.250536676065891
mixed,mixture_conv_drop,29,171,264,0.6477272727272727,3.248839025041564
mixed,mixture_conv_drop,29,172,264,0.6515151515151515,3.23463809011402
mixed,mixture_conv_drop,29,173,264,0.6553030303030303,3.2268861090745
mixed,mixture_conv_drop,29,174,264,0.6590909090909091,3.240214363767935
mixed,mixture_conv_drop,29,175,264,0.6628787878787878,3.241204033019804
mixed,mixture_conv_drop,29,176,264,0.6666666666666666,3.242034999115941
mixed,mixture_conv_drop,29,177,264,0.6704545454545454,3.243740900208614
mixed,mixture_conv_drop,29,178,264,0.6742424242424242,3.2416910445527654
mixed,mixture_conv_drop,29,179,264,0.678030303030303,3.235145273040048
mixed,mixture_conv_drop,29,180,264,0.6818181818181818,3.2546336703161747
mixed,mixture_conv_drop,29,181,264,0.6856060606060606,3.245528347953823
mixed,mixture_conv_drop,29,182,264,0.6893939393939394,3.24550205812965
mixed,mixture_conv_drop,29,183,264,0.6931818181818182,3.263768478683598
mixed,mixture_conv_drop,29,184,264,0.696969696969697,3.261641399262896
mixed,mixture_conv_drop,29,185,264,0.7007575757575758,3.301906220793735
mixed,mixture_conv_drop,29,186,264,0.7045454545454546,3.3086552342416566
mixed,mixture_conv_drop,29,187,264,0.7083333333333334,3.3069465579165125
mixed,mixture_conv_drop,29,188,264,0.7121212121212122,3.296223680672779
mixed,mixture_conv_drop,29,189,264,0.7159090909090909,3.2915919452269873
mixed,mixture_conv_drop,29,190,264,0.7196969696969697,3.298106466501283
mixed,mixture_conv_drop,29,191,264,0.7234848484848485,3.300380979711316
mixed,mixture_conv_drop,29,192,264,0.7272727272727273,3.2996374311626404
mixed,mixture_conv_drop,29,193,264,0.7310606060606061,3.3324247545466936
mixed,mixture_conv_drop,29,194,264,0.7348484848484849,3.3276280258078166
mixed,mixture_conv_drop,29,195,264,0.7386363636363636,3.31611382395038
mixed,mixture_conv_drop,29,196,264,0.7424242424242424,3.3088310217516907
mixed,mixture_conv_drop,29,197,264,0.7462121212121212,3.298040118981879
mixed,mixture_conv_drop,29,198,264,0.75,3.3071900658208504
mixed,mixture_conv_drop,29,199,264,0.7537878787878788,3.3159038857233245
mixed,mixture_conv_drop,29,200,264,0.7575757575757576,3.3263184578794416
mixed,mixture_conv_drop,29,201,264,0.7613636363636364,3.317396478238319
mixed,mixture_conv_drop,29,202,264,0.7651515151515151,3.3085105725126747
mixed,mixture_conv_drop,29,203,264,0.7689393939393939,3.3345383177999683
mixed,mixture_conv_drop,29,204,264,0.7727272727272727,3.3408978964230767
mixed,mixture_conv_drop,29,205,264,0.7765151515151515,3.3354739402636864
mixed,mixture_conv_drop,29,206,264,0.7803030303030303,3.3604241024023183
mixed,mixture_conv_drop,29,207,264,0.7840909090909091,3.3532737560769896
mixed,mixture_conv_drop,29,208,264,0.7878787878787878,3.345760605363104
mixed,mixture_conv_drop,29,209,264,0.7916666666666666,3.3381172896765654
mixed,mixture_conv_drop,29,210,264,0.7954545454545454,3.3293240561590425
mixed,mixture_conv_drop,29,211,264,0.7992424242424242,3.3217620929597356
mixed,mixture_conv_drop,29,212,264,0.803030303030303,3.3282864175196902
mixed,mixture_conv_drop,29,213,264,0.8068181818181818,3.3232172612174873
mixed,mixture_conv_drop,29,214,264,0.8106060606060606,3.321500763203623
mixed,mixture_conv_drop,29,215,264,0.8143939393939394,3.3184834767352873
mixed,mixture_conv_drop,29,216,264,0.8181818181818182,3.311910715714358
mixed,mixture_conv_drop,29,217,264,0.821969696969697,3.327854873140323
mixed,mixture_conv_drop,29,218,264,0.8257575757575758,3.3156161604445162
mixed,mixture_conv_drop,29,219,264,0.8295454545454546,3.3156281309547757
mixed,mixture_conv_drop,29,220,264,0.8333333333333334,3.313276261981707
mixed,mixture_conv_drop,29,221,264,0.8371212121212122,3.307096209674825
mixed,mixture_conv_drop,29,222,264,0.8409090909090909,3.3063591084270194
mixed,mixture_conv_drop,29,223,264,0.8446969696969697,3.313772880178417
mixed,mixture_conv_drop,29,224,264,0.8484848484848485,3.3080439422397587
mixed,mixture_conv_drop,29,225,264,0.8522727272727273,3.3211420312941873
mixed,mixture_conv_drop,29,226,264,0.8560606060606061,3.337780515595294
mixed,mixture_conv_drop,29,227,264,0.8598484848484849,3.330880287393778
mixed,mixture_conv_drop,29,228,264,0.8636363636363636,3.341576298092955
mixed,mixture_conv_drop,29,229,264,0.8674242424242424,3.3407629188513037
mixed,mixture_conv_drop,29,230,264,0.8712121212121212,3.3397241341231103
mixed,mixture_conv_drop,29,231,264,0.875,3.3469572838245303
mixed,mixture_conv_drop,29,232,264,0.8787878787878788,3.3376102617829813
mixed,mixture_conv_drop,29,233,264,0.8825757575757576,3.3660377616328216
mixed,mixture_conv_drop,29,234,264,0.8863636363636364,3.3562776357649424
mixed,mixture_conv_drop,29,235,264,0.8901515151515151,3.365965283931421
mixed,mixture_conv_drop,29,236,264,0.8939393939393939,3.390189762673243
mixed,mixture_conv_drop,29,237,264,0.8977272727272727,3.381926089570073
mixed,mixture_conv_drop,29,238,264,0.9015151515151515,3.3821907649453706
mixed,mixture_conv_drop,29,239,264,0.9053030303030303,3.394379878031625
mixed,mixture_conv_drop,29,240,264,0.9090909090909091,3.390910724348103
mixed,mixture_conv_drop,29,241,264,0.9128787878787878,3.3848594052591756
mixed,mixture_conv_drop,29,242,264,0.9166666666666666,3.3779074504680513
mixed,mixture_conv_drop,29,243,264,0.9204545454545454,3.388749375683106
mixed,mixture_conv_drop,29,244,264,0.9242424242424242,3.381493036668675
mixed,mixture_conv_drop,29,245,264,0.928030303030303,3.37780360427807
mixed,mixture_conv_drop,29,246,264,0.9318181818181818,3.3802492431466917
mixed,mixture_conv_drop,29,247,264,0.9356060606060606,3.377639517872339
mixed,mixture_conv_drop,29,248,264,0.9393939393939394,3.377786129976576
mixed,mixture_conv_drop,29,249,264,0.9431818181818182,3.3743917211767993
mixed,mixture_conv_drop,29,250,264,0.946969696969697,3.3700783685818956
mixed,mixture_conv_drop,29,251,264,0.9507575757575758,3.375545497148957
mixed,mixture_conv_drop,29,252,264,0.9545454545454546,3.3783945243799822
mixed,mixture_conv_drop,29,253,264,0.9583333333333334,3.397657535883904
mixed,mixture_conv_drop,29,254,264,0.9621212121212122,3.3938839789455835
mixed,mixture_conv_drop,29,255,264,0.9659090909090909,3.399247445264987
mixed,mixture_conv_drop,29,256,264,0.9696969696969697,3.398630598186909
mixed,mixture_conv_drop,29,257,264,0.9734848484848485,3.39269109457794
mixed,mixture_conv_drop,29,258,264,0.9772727272727273,3.3945829754310926
mixed,mixture_conv_drop,29,259,264,0.9810606060606061,3.398518054894197
mixed,mixture_conv_drop,29,260,264,0.9848484848484849,3.400763882263394
mixed,mixture_conv_drop,29,261,264,0.9886363636363636,3.400334909615826
mixed,mixture_conv_drop,29,262,264,0.9924242424242424,3.3985625136269153
mixed,mixture_conv_drop,29,263,264,0.9962121212121212,3.3939459926623954
mixed,mixture_conv_drop,29,264,264,1.0,3.39421747118133
mixed,mixture_plain,29,1,264,0.003787878787878788,2.5233078797024846
mixed,mixture_plain,29,2,264,0.007575757575757576,2.0550588246629555
mixed,mixture_plain,29,3,264,0.011363636363636364,3.8326190630288703
mixed,mixture_plain,29,4,264,0.015151515151515152,3.649261977518578
mixed,mixture_plain,29,5,264,0.01893939393939394,3.2634970275122037
mixed,mixture_plain,29,6,264,0.022727272727272728,3.097472608893731
mixed,mixture_plain,29,7,264,0.026515151515151516,2.8473117973827877
mixed,mixture_plain,29,8,264,0.030303030303030304,2.8310689582250763
mixed,mixture_plain,29,9,264,0.03409090909090909,2.8633515468034703
mixed,mixture_plain,29,10,264,0.03787878787878788,2.873029073388758
mixed,mixture_plain,29,11,264,0.041666666666666664,3.058242657818346
mixed,mixture_plain,29,12,264,0.045454545454545456,2.9916118102725284
mixed,mixture_plain,29,13,264,0.04924242424242424,3.0627307633174166
mixed,mixture_plain,29,14,264,0.05303030303030303,3.283848040275711
mixed,mixture_plain,29,15,264,0.056818181818181816,3.214120920006813
mixed,mixture_plain,29,16,264,0.06060606060606061,3.2337403517076386
mixed,mixture_plain,29,17,264,0.06439393939393939,3.208249447206929
mixed,mixture_plain,29,18,264,0.06818181818181818,3.0723878306452805
mixed,mixture_plain,29,19,264,0.07196969696969698,3.0533494772969267
mixed,mixture_plain,29,20,264,0.07575757575757576,3.020214484832396
mixed,mixture_plain,29,21,264,0.07954545454545454,3.039907592634355
mixed,mixture_plain,29,22,264,0.08333333333333333,3.0407652202674527
mixed,mixture_plain,29,23,264,0.08712121212121213,3.204860457983936
mixed,mixture_plain,29,24,264,0.09090909090909091,3.1510203830187464
mixed,mixture_plain,29,25,264,0.0946969696969697,3.1235602949536756
mixed,mixture_plain,29,26,264,0.09848484848484848,3.209734935656302
mixed,mixture_plain,29,27,264,0.10227272727272728,3.176026355139134
mixed,mixture_plain,29,28,264,0.10606060606060606,3.2833904931728912
mixed,mixture_plain,29,29,264,0.10984848484848485,3.3016732959107014
mixed,mixture_plain,29,30,264,0.11363636363636363,3.2896686171839757
mixed,mixture_plain,29,31,264,0.11742424242424243,3.3313731618376377
mixed,mixture_plain,29,32,264,0.12121212121212122,3.3031016015754844
mixed,mixture_plain,29,33,264,0.125,3.2812417403649645
mixed,mixture_plain,29,34,264,0.12878787878787878,3.3047801617130323
mixed,mixture_plain,29,35,264,0.13257575757575757,3.3761229729713573
mixed,mixture_plain,29,36,264,0.13636363636363635,3.373111378530487
mixed,mixture_plain,29,37,264,0.14015151515151514,3.357124417151313
mixed,mixture_plain,29,38,264,0.14393939393939395,3.4225949875718285
mixed,mixture_plain,29,39,264,0.14772727272727273,3.3964671631724306
mixed,mixture_plain,29,40,264,0.15151515151515152,3.360559843728738
mixed,mixture_plain,29,41,264,0.1553030303030303,3.3109563435897247
mixed,mixture_plain,29,42,264,0.1590909090909091,3.3086192910682803
mixed,mixture_plain,29,43,264,0.16287878787878787,3.2529894862767295
mixed,mixture_plain,29,44,264,0.16666666666666666,3.2897507643238324
mixed,mixture_plain,29,45,264,0.17045454545454544,3.2606023709214726
mixed,mixture_plain,29,46,264,0.17424242424242425,3.244845234409731
mixed,mixture_plain,29,47,264,0.17803030303030304,3.198304612751501
mixed,mixture_plain,29,48,264,0.18181818181818182,3.168240311871617
mixed,mixture_plain,29,49,264,0.1856060606060606,3.236077190240581
mixed,mixture_plain,29,50,264,0.1893939393939394,3.2561696840296146
mixed,mixture_plain,29,51,264,0.19318181818181818,3.2484253947721324
mixed,mixture_plain,29,52,264,0.19696969696969696,3.2712690457808224
mixed,mixture_plain,29,53,264,0.20075757575757575,3.243202706514686
mixed,mixture_plain,29,54,264,0.20454545454545456,3.2258528356868545
mixed,mixture_plain,29,55,264,0.20833333333333334,3.2379225464948598
mixed,mixture_plain,29,56,264,0.21212121212121213,3.2641265614679433
mixed,mixture_plain,29,57,264,0.2159090909090909,3.2476742184803653
mixed,mixture_plain,29,58,264,0.2196969696969697,3.2474910606016527
mixed,mixture_plain,29,59,264,0.22348484848484848,3.217284714645318
mixed,mixture_plain,29,60,264,0.22727272727272727,3.266736992506941
mixed,mixture_plain,29,61,264,0.23106060606060605,3.288322576305293
mixed,mixture_plain,29,62,264,0.23484848484848486,3.2792434400175283
mixed,mixture_plain,29,63,264,0.23863636363636365,3.2721304646597775
mixed,mixture_plain,29,64,264,0.24242424242424243,3.25433469552121
mixed,mixture_plain,29,65,264,0.24621212121212122,3.2745114383880134
mixed,mixture_plain,29,66,264,0.25,3.296874208061748
mixed,mixture_plain,29,67,264,0.2537878787878788,3.279277980051964
mixed,mixture_plain,29,68,264,0.25757575757575757,3.2645967373596028
mixed,mixture_plain,29,69,264,0.26136363636363635,3.2584535602256506
mixed,mixture_plain,29,70,264,0.26515151515151514,3.2458812755304334
mixed,mixture_plain,29,71,264,0.2689393939393939,3.2345438074555584
mixed,mixture_plain,29,72,264,0.2727272727272727,3.210270287961822
mixed,mixture_plain,29,73,264,0.2765151515151515,3.182321686258607
mixed,mixture_plain,29,74,264,0.2803030303030303,3.2440891379997354
mixed,mixture_plain,29,75,264,0.2840909090909091,3.2457035955238918
mixed,mixture_plain,29,76,264,0.2878787878787879,3.216131852444074
mixed,mixture_plain,29,77,264,0.2916666666666667,3.2116911494725566
mixed,mixture_plain,29,78,264,0.29545454545454547,3.200614074511571
mixed,mixture_plain,29,79,264,0.29924242424242425,3.2374993510509125
mixed,mixture_plain,29,80,264,0.30303030303030304,3.235598672830192
mixed,mixture_plain,29,81,264,0.3068181818181818,3.2539644812482256
mixed,mixture_plain,29,82,264,0.3106060606060606,3.2580735619155816
mixed,mixture_plain,29,83,264,0.3143939393939394,3.28307108247378
mixed,mixture_plain,29,84,264,0.3181818181818182,3.274403059983469
mixed,mixture_plain,29,85,264,0.32196969696969696,3.281013746934497
mixed,mixture_plain,29,86,264,0.32575757575757575,3.2818181026345474
mixed,mixture_plain,29,87,264,0.32954545454545453,3.3051710768494695
mixed,mixture_plain,29,88,264,0.3333333333333333,3.3293605130620905
mixed,mixture_plain,29,89,264,0.3371212121212121,3.3176778271271044
mixed,mixture_plain,29,90,264,0.3409090909090909,3.3140732839317315
mixed,mixture_plain,29,91,264,0.3446969696969697,3.3079690778470656
mixed,mixture_plain,29,92,264,0.3484848484848485,3.296075983993065
mixed,mixture_plain,29,93,264,0.3522727272727273,3.291836997559804
mixed,mixture_plain,29,94,264,0.3560606060606061,3.2740402077273165
mixed,mixture_plain,29,95,264,0.35984848484848486,3.266542838120646
mixed,mixture_plain,29,96,264,0.36363636363636365,3.276618106537926
mixed,mixture_plain,29,97,264,0.36742424242424243,3.2729008671830884
mixed,mixture_plain,29,98,264,0.3712121212121212,3.2923539427485973
mixed,mixture_plain,29,99,264,0.375,3.27174189367312
mixed,mixture_plain,29,100,264,0.3787878787878788,3.2943160282545136
mixed,mixture_plain,29,101,264,0.38257575757575757,3.304398210744545
mixed,mixture_plain,29,102,264,0.38636363636363635,3.319303867023101
mixed,mixture_plain,29,103,264,0.39015151515151514,3.306673903229883
mixed,mixture_plain,29,104,264,0.3939393939393939,3.2926560679706585
mixed,mixture_plain,29,105,264,0.3977272727272727,3.2751242647653775
mixed,mixture_plain,29,106,264,0.4015151515151515,3.2657856177840934
mixed,mixture_plain,29,107,264,0.4053030303030303,3.257641472722865
mixed,mixture_plain,29,108,264,0.4090909090909091,3.2484517655576686
mixed,mixture_plain,29,109,264,0.4128787878787879,3.2278440595898186
mixed,mixture_plain,29,110,264,0.4166666666666667,3.206586516024169
mixed,mixture_plain,29,111,264,0.42045454545454547,3.220296001568406
mixed,mixture_plain,29,112,264,0.42424242424242425,3.226155973289653
mixed,mixture_plain,29,113,264,0.42803030303030304,3.207768541169467
mixed,mixture_plain,29,114,264,0.4318181818181818,3.207489584209176
mixed,mixture_plain,29,115,264,0.4356060606060606,3.186921921459287
mixed,mixture_plain,29,116,264,0.4393939393939394,3.1978772706241796
mixed,mixture_plain,29,117,264,0.4431818181818182,3.2121125743641277
mixed,mixture_plain,29,118,264,0.44696969696969696,3.196411497816501
mixed,mixture_plain,29,119,264,0.45075757575757575,3.2013047729126014
mixed,mixture_plain,29,120,264,0.45454545454545453,3.206196471260126
mixed,mixture_plain,29,121,264,0.4583333333333333,3.2132009168749263
mixed,mixture_plain,29,122,264,0.4621212121212121,3.235293007942072
mixed,mixture_plain,29,123,264,0.4659090909090909,3.217622059315083
mixed,mixture_plain,29,124,264,0.4696969696969697,3.200324245872606
mixed,mixture_plain,29,125,264,0.4734848484848485,3.1882070684801094
mixed,mixture_plain,29,126,264,0.4772727272727273,3.1964213151806917
mixed,mixture_plain,29,127,264,0.4810606060606061,3.2112197245576053
mixed,mixture_plain,29,128,264,0.48484848484848486,3.1935602403156778
mixed,mixture_plain,29,129,264,0.48863636363636365,3.184937654224679
mixed,mixture_plain,29,130,264,0.49242424242424243,3.168945540304629
mixed,mixture_plain,29,131,264,0.4962121212121212,3.183874368778777
mixed,mixture_plain,29,132,264,0.5,3.1723951678181344
mixed,mixture_plain,29,133,264,0.5037878787878788,3.19732657430595
mixed,mixture_plain,29,134,264,0.5075757575757576,3.2066396302308764
mixed,mixture_plain,29,135,264,0.5113636363636364,3.2332676783427807
mixed,mixture_plain,29,136,264,0.5151515151515151,3.232751821135867
mixed,mixture_plain,29,137,264,0.5189393939393939,3.244539415113635
mixed,mixture_plain,29,138,264,0.5227272727272727,3.239914801954816
mixed,mixture_plain,29,139,264,0.5265151515151515,3.2233499643537717
mixed,mixture_plain,29,140,264,0.5303030303030303,3.2341606594366614
mixed,mixture_plain,29,141,264,0.5340909090909091,3.244106031763967
mixed,mixture_plain,29,142,264,0.5378787878787878,3.2363538339211835
mixed,mixture_plain,29,143,264,0.5416666666666666,3.2317478899526604
mixed,mixture_plain,29,144,264,0.5454545454545454,3.2175159333631305
mixed,mixture_plain,29,145,264,0.5492424242424242,3.231617712542662
mixed,mixture_plain,29,146,264,0.553030303030303,3.2308785163953733
mixed,mixture_plain,29,147,264,0.5568181818181818,3.235671739945859
mixed,mixture_plain,29,148,264,0.5606060606060606,3.2560393523510145
mixed,mixture_plain,29,149,264,0.5643939393939394,3.239379693002067
mixed,mixture_plain,29,150,264,0.5681818181818182,3.231435803411619
mixed,mixture_plain,29,151,264,0.571969696969697,3.2183213226897056
mixed,mixture_plain,29,152,264,0.5757575757575758,3.210094746578396
mixed,mixture_plain,29,153,264,0.5795454545454546,3.1999301143776497
mixed,mixture_plain,29,154,264,0.5833333333333334,3.2010735632429124
mixed,mixture_plain,29,155,264,0.5871212121212122,3.1976188387775477
mixed,mixture_plain,29,156,264,0.5909090909090909,3.1959793582485005
mixed,mixture_plain,29,157,264,0.5946969696969697,3.1899215800315632
mixed,mixture_plain,29,158,264,0.5984848484848485,3.1879337251863538
mixed,mixture_plain,29,159,264,0.6022727272727273,3.1856100090330677
mixed,mixture_plain,29,160,264,0.6060606060606061,3.1939458436654404
mixed,mixture_plain,29,161,264,0.6098484848484849,3.1845445073512146
mixed,mixture_plain,29,162,264,0.6136363636363636,3.1910323281219224
mixed,mixture_plain,29,163,264,0.6174242424242424,3.1741960642371687
mixed,mixture_plain,29,164,264,0.6212121212121212,3.1878647236227713
mixed,mixture_plain,29,165,264,0.625,3.17381131964648
mixed,mixture_plain,29,166,264,0.6287878787878788,3.1874355551961027
mixed,mixture_plain,29,167,264,0.6325757575757576,3.2197612693321456
mixed,mixture_plain,29,168,264,0.6363636363636364,3.2204500293859546
mixed,mixture_plain,29,169,264,0.6401515151515151,3.2587683755236054
mixed,mixture_plain,29,170,264,0.6439393939393939,3.277730138871552
mixed,mixture_plain,29,171,264,0.6477272727272727,3.2648927484299493
mixed,mixture_plain,29,172,264,0.6515151515151515,3.2605310926000866
mixed,mixture_plain,29,173,264,0.6553030303030303,3.253140039818522
mixed,mixture_plain,29,174,264,0.6590909090909091,3.251027058449299
mixed,mixture_plain,29,175,264,0.6628787878787878,3.251497200717559
mixed,mixture_plain,29,176,264,0.6666666666666666,3.2486316530882564
mixed,mixture_plain,29,177,264,0.6704545454545454,3.2394107213752763
mixed,mixture_plain,29,178,264,0.6742424242424242,3.2298957859844593
mixed,mixture_plain,29,179,264,0.678030303030303,3.2305618127364486
mixed,mixture_plain,29,180,264,0.6818181818181818,3.2203911323085883
mixed,mixture_plain,29,181,264,0.6856060606060606,3.213194816123728
mixed,mixture_plain,29,182,264,0.6893939393939394,3.208108779709473
mixed,mixture_plain,29,183,264,0.6931818181818182,3.199172334208864
mixed,mixture_plain,29,184,264,0.696969696969697,3.219170238624666
mixed,mixture_plain,29,185,264,0.7007575757575758,3.217901351636187
mixed,mixture_plain,29,186,264,0.7045454545454546,3.2152895907788785
mixed,mixture_plain,29,187,264,0.7083333333333334,3.255731525022339
mixed,mixture_plain,29,188,264,0.7121212121212122,3.2445556865511764
mixed,mixture_plain,29,189,264,0.7159090909090909,3.2390025062667642
mixed,mixture_plain,29,190,264,0.7196969696969697,3.2564846137362307
mixed,mixture_plain,29,191,264,0.7234848484848485,3.2686695043861285
mixed,mixture_plain,29,192,264,0.7272727272727273,3.2610052889942707
mixed,mixture_plain,29,193,264,0.7310606060606061,3.2905577434680566
mixed,mixture_plain,29,194,264,0.7348484848484849,3.317681057144523
mixed,mixture_plain,29,195,264,0.7386363636363636,3.3166145975931314
mixed,mixture_plain,29,196,264,0.7424242424242424,3.309533341278484
mixed,mixture_plain,29,197,264,0.7462121212121212,3.3086075943882154
mixed,mixture_plain,29,198,264,0.75,3.3068936706941896
mixed,mixture_plain,29,199,264,0.7537878787878788,3.313622618657927
mixed,mixture_plain,29,200,264,0.7575757575757576,3.3099400795040452
mixed,mixture_plain,29,201,264,0.7613636363636364,3.330536285125694
mixed,mixture_plain,29,202,264,0.7651515151515151,3.322328422756507
mixed,mixture_plain,29,203,264,0.7689393939393939,3.3313455595712376
mixed,mixture_plain,29,204,264,0.7727272727272727,3.3315622898993307
mixed,mixture_plain,29,205,264,0.7765151515151515,3.3233124050294753
mixed,mixture_plain,29,206,264,0.7803030303030303,3.3187696126769834
mixed,mixture_plain,29,207,264,0.7840909090909091,3.329239810828081
mixed,mixture_plain,29,208,264,0.7878787878787878,3.3365449578534534
mixed,mixture_plain,29,209,264,0.7916666666666666,3.3281407332194224
mixed,mixture_plain,29,210,264,0.7954545454545454,3.353247798730914
mixed,mixture_plain,29,211,264,0.7992424242424242,3.3492925999744996
mixed,mixture_plain,29,212,264,0.803030303030303,3.3658537973491316
mixed,mixture_plain,29,213,264,0.8068181818181818,3.358861275555153
mixed,mixture_plain,29,214,264,0.8106060606060606,3.350650436198144
mixed,mixture_plain,29,215,264,0.8143939393939394,3.3468333647385586
mixed,mixture_plain,29,216,264,0.8181818181818182,3.3585807081636747
mixed,mixture_plain,29,217,264,0.821969696969697,3.351870115677305
mixed,mixture_plain,29,218,264,0.8257575757575758,3.3444706060675076
mixed,mixture_plain,29,219,264,0.8295454545454546,3.3336875334817124
mixed,mixture_plain,29,220,264,0.8333333333333334,3.323845101727508
mixed,mixture_plain,29,221,264,0.8371212121212122,3.3389971716848996
mixed,mixture_plain,29,222,264,0.8409090909090909,3.3288625877215123
mixed,mixture_plain,29,223,264,0.8446969696969697,3.3281760624186396
mixed,mixture_plain,29,224,264,0.8484848484848485,3.348056677330372
mixed,mixture_plain,29,225,264,0.8522727272727273,3.3481913017989986
mixed,mixture_plain,29,226,264,0.8560606060606061,3.339447290212896
mixed,mixture_plain,29,227,264,0.8598484848484849,3.332912171304465
mixed,mixture_plain,29,228,264,0.8636363636363636,3.3410721789251965
mixed,mixture_plain,29,229,264,0.8674242424242424,3.3301865356139078
mixed,mixture_plain,29,230,264,0.8712121212121212,3.3595115933352595
mixed,mixture_plain,29,231,264,0.875,3.368237964728376
mixed,mixture_plain,29,232,264,0.8787878787878788,3.370657363778983
mixed,mixture_plain,29,233,264,0.8825757575757576,3.36702590896582
mixed,mixture_plain,29,234,264,0.8863636363636364,3.3791075259002796
mixed,mixture_plain,29,235,264,0.8901515151515151,3.3733457767664423
mixed,mixture_plain,29,236,264,0.8939393939393939,3.3805299171394982
mixed,mixture_plain,29,237,264,0.8977272727272727,3.370452693071364
mixed,mixture_plain,29,238,264,0.9015151515151515,3.3674234809522354
mixed,mixture_plain,29,239,264,0.9053030303030303,3.3734420890630066
mixed,mixture_plain,29,240,264,0.9090909090909091,3.374081496526734
mixed,mixture_plain,29,241,264,0.9128787878787878,3.3737016926984564
mixed,mixture_plain,29,242,264,0.9166666666666666,3.3772202994289167
mixed,mixture_plain,29,243,264,0.9204545454545454,3.370046352615935
mixed,mixture_plain,29,244,264,0.9242424242424242,3.362517219424004
mixed,mixture_plain,29,245,264,0.928030303030303,3.368322535028182
mixed,mixture_plain,29,246,264,0.9318181818181818,3.367153930153444
mixed,mixture_plain,29,247,264,0.9356060606060606,3.36766093004724
mixed,mixture_plain,29,248,264,0.9393939393939394,3.376646786216839
mixed,mixture_plain,29,249,264,0.9431818181818182,3.3718678998361193
mixed,mixture_plain,29,250,264,0.946969696969697,3.372609302523993
mixed,mixture_plain,29,251,264,0.9507575757575758,3.374457381970857
mixed,mixture_plain,29,252,264,0.9545454545454546,3.3690676283643417
mixed,mixture_plain,29,253,264,0.9583333333333334,3.3718726373783836
mixed,mixture_plain,29,254,264,0.9621212121212122,3.370138861406691
mixed,mixture_plain,29,255,264,0.9659090909090909,3.3769383507444495
mixed,mixture_plain,29,256,264,0.9696969696969697,3.375417067773702
mixed,mixture_plain,29,257,264,0.9734848484848485,3.371776247273906
mixed,mixture_plain,29,258,264,0.9772727272727273,3.3678653964045324
mixed,mixture_plain,29,259,264,0.9810606060606061,3.367279647260187
mixed,mixture_plain,29,260,264,0.9848484848484849,3.3688664371748755
mixed,mixture_plain,29,261,264,0.9886363636363636,3.372948070572854
mixed,mixture_plain,29,262,264,0.9924242424242424,3.372118705057177
mixed,mixture_plain,29,263,264,0.9962121212121212,3.3788156386941113
mixed,mixture_plain,29,264,264,1.0,3.3819935267597994
mixed,plain_graph_always,29,1,264,0.003787878787878788,2.3716035284475234
mixed,plain_graph_always,29,2,264,0.007575757575757576,2.855916821817534
mixed,plain_graph_always,29,3,264,0.011363636363636364,2.8679934781147245
mixed,plain_graph_always,29,4,264,0.015151515151515152,2.9690626283829378
mixed,plain_graph_always,29,5,264,0.01893939393939394,2.8284929298927888
mixed,plain_graph_always,29,6,264,0.022727272727272728,2.7358433206912385
mixed,plain_graph_always,29,7,264,0.026515151515151516,2.604839835348804
mixed,plain_graph_always,29,8,264,0.030303030303030304,2.60131228874265
mixed,plain_graph_always,29,9,264,0.03409090909090909,2.5980975983060697
mixed,plain_graph_always,29,10,264,0.03787878787878788,2.8687534842772893
mixed,plain_graph_always,29,11,264,0.041666666666666664,3.2525324600870764
mixed,plain_graph_always,29,12,264,0.045454545454545456,3.337258231253104
mixed,plain_graph_always,29,13,264,0.04924242424242424,3.300448546579168
mixed,plain_graph_always,29,14,264,0.05303030303030303,3.2796549567326294
mixed,plain_graph_always,29,15,264,0.056818181818181816,3.2267075725551395
mixed,plain_graph_always,29,16,264,0.06060606060606061,3.1244624701773724
mixed,plain_graph_always,29,17,264,0.06439393939393939,3.1742035394893624
mixed,plain_graph_always,29,18,264,0.06818181818181818,3.286081648263833
mixed,plain_graph_always,29,19,264,0.07196969696969698,3.2766820925041658
mixed,plain_graph_always,29,20,264,0.07575757575757576,3.2337239407267626
mixed,plain_graph_always,29,21,264,0.07954545454545454,3.213378970845644
mixed,plain_graph_always,29,22,264,0.08333333333333333,3.1942426919315907
mixed,plain_graph_always,29,23,264,0.08712121212121213,3.182708082124508
mixed,plain_graph_always,29,24,264,0.09090909090909091,3.2087883508853063
mixed,plain_graph_always,29,25,264,0.0946969696969697,3.2124779410588906
mixed,plain_graph_always,29,26,264,0.09848484848484848,3.212893842311078
mixed,plain_graph_always,29,27,264,0.10227272727272728,3.1585357769580633
mixed,plain_graph_always,29,28,264,0.10606060606060606,3.076998804331083
mixed,plain_graph_always,29,29,264,0.10984848484848485,3.080944458732751
mixed,plain_graph_always,29,30,264,0.11363636363636363,3.0387787091042444
mixed,plain_graph_always,29,31,264,0.11742424242424243,3.041650117606156
mixed,plain_graph_always,29,32,264,0.12121212121212122,3.0086963206537414
mixed,plain_graph_always,29,33,264,0.125,2.95710559138798
mixed,plain_graph_always,29,34,264,0.12878787878787878,3.0215186941787806
mixed,plain_graph_always,29,35,264,0.13257575757575757,3.13267226345354
mixed,plain_graph_always,29,36,264,0.13636363636363635,3.1628580258316314
mixed,plain_graph_always,29,37,264,0.14015151515151514,3.2306356673897763
mixed,plain_graph_always,29,38,264,0.14393939393939395,3.2105571739535086
mixed,plain_graph_always,29,39,264,0.14772727272727273,3.3235436424716065
mixed,plain_graph_always,29,40,264,0.15151515151515152,3.2603984669551735
mixed,plain_graph_always,29,41,264,0.1553030303030303,3.2289122215282435
mixed,plain_graph_always,29,42,264,0.1590909090909091,3.2527574676634505
mixed,plain_graph_always,29,43,264,0.16287878787878787,3.3239083338305844
mixed,plain_graph_always,29,44,264,0.16666666666666666,3.289924186147469
mixed,plain_graph_always,29,45,264,0.17045454545454544,3.242636038962472
mixed,plain_graph_always,29,46,264,0.17424242424242425,3.196822652970565
mixed,plain_graph_always,29,47,264,0.17803030303030304,3.2329882185365237
mixed,plain_graph_always,29,48,264,0.18181818181818182,3.211025919171775
mixed,plain_graph_always,29,49,264,0.1856060606060606,3.232904422416342
mixed,plain_graph_always,29,50,264,0.1893939393939394,3.199495938418798
mixed,plain_graph_always,29,51,264,0.19318181818181818,3.218110193675415
mixed,plain_graph_always,29,52,264,0.19696969696969696,3.192457131170271
mixed,plain_graph_always,29,53,264,0.20075757575757575,3.2287998757585337
mixed,plain_graph_always,29,54,264,0.20454545454545456,3.2072129580527697
mixed,plain_graph_always,29,55,264,0.20833333333333334,3.2034990758538564
mixed,plain_graph_always,29,56,264,0.21212121212121213,3.199866147084682
mixed,plain_graph_always,29,57,264,0.2159090909090909,3.2004742964209854
mixed,plain_graph_always,29,58,264,0.2196969696969697,3.1717390467110116
mixed,plain_graph_always,29,59,264,0.22348484848484848,3.168157527822389
mixed,plain_graph_always,29,60,264,0.22727272727272727,3.128687806130979
mixed,plain_graph_always,29,61,264,0.23106060606060605,3.1433471317637105
mixed,plain_graph_always,29,62,264,0.23484848484848486,3.165881394182357
mixed,plain_graph_always,29,63,264,0.23863636363636365,3.1470685625812025
mixed,plain_graph_always,29,64,264,0.24242424242424243,3.133147022512894
mixed,plain_graph_always,29,65,264,0.24621212121212122,3.1565981701235306
mixed,plain_graph_always,29,66,264,0.25,3.149198436296111
mixed,plain_graph_always,29,67,264,0.2537878787878788,3.165087195035091
mixed,plain_graph_always,29,68,264,0.25757575757575757,3.1832104832355927
mixed,plain_graph_always,29,69,264,0.26136363636363635,3.217295458863995
mixed,plain_graph_always,29,70,264,0.26515151515151514,3.1854252029930508
mixed,plain_graph_always,29,71,264,0.2689393939393939,3.173750847032369
mixed,plain_graph_always,29,72,264,0.2727272727272727,3.2201258787905376
mixed,plain_graph_always,29,73,264,0.2765151515151515,3.217263162649098
mixed,plain_graph_always,29,74,264,0.2803030303030303,3.208484188299215
mixed,plain_graph_always,29,75,264,0.2840909090909091,3.2254727851735634
mixed,plain_graph_always,29,76,264,0.2878787878787879,3.214704344743918
mixed,plain_graph_always,29,77,264,0.2916666666666667,3.209533246693655
mixed,plain_graph_always,29,78,264,0.29545454545454547,3.2269081658264915
mixed,plain_graph_always,29,79,264,0.29924242424242425,3.2323029373863355
mixed,plain_graph_always,29,80,264,0.30303030303030304,3.2150706346240208
mixed,plain_graph_always,29,81,264,0.3068181818181818,3.1934589528780797
mixed,plain_graph_always,29,82,264,0.3106060606060606,3.196991702416751
mixed,plain_graph_always,29,83,264,0.3143939393939394,3.1800031631963903
mixed,plain_graph_always,29,84,264,0.3181818181818182,3.186794022496665
mixed,plain_graph_always,29,85,264,0.32196969696969696,3.174333886101297
mixed,plain_graph_always,29,86,264,0.32575757575757575,3.2013821983071704
mixed,plain_graph_always,29,87,264,0.32954545454545453,3.2052592661529418
mixed,plain_graph_always,29,88,264,0.3333333333333333,3.2569736703824748
mixed,plain_graph_always,29,89,264,0.3371212121212121,3.286678755824251
mixed,plain_graph_always,29,90,264,0.3409090909090909,3.283719179196137
mixed,plain_graph_always,29,91,264,0.3446969696969697,3.3174509643088674
mixed,plain_graph_always,29,92,264,0.3484848484848485,3.3332701491774817
mixed,plain_graph_always,29,93,264,0.3522727272727273,3.313617391529069
mixed,plain_graph_always,29,94,264,0.3560606060606061,3.337472806879193
mixed,plain_graph_always,29,95,264,0.35984848484848486,3.320094375569449
mixed,plain_graph_always,29,96,264,0.36363636363636365,3.3042252477883483
mixed,plain_graph_always,29,97,264,0.36742424242424243,3.2942151898257457
mixed,plain_graph_always,29,98,264,0.3712121212121212,3.3343954272596608
mixed,plain_graph_always,29,99,264,0.375,3.361726111751295
mixed,plain_graph_always,29,100,264,0.3787878787878788,3.3831365506971
mixed,plain_graph_always,29,101,264,0.38257575757575757,3.3660312974412125
mixed,plain_graph_always,29,102,264,0.38636363636363635,3.365139667919732
mixed,plain_graph_always,29,103,264,0.39015151515151514,3.3840117601080797
mixed,plain_graph_always,29,104,264,0.3939393939393939,3.384591098027545
mixed,plain_graph_always,29,105,264,0.3977272727272727,3.3735397270264134
mixed,plain_graph_always,29,106,264,0.4015151515151515,3.383845453665861
mixed,plain_graph_always,29,107,264,0.4053030303030303,3.3934890013794345
mixed,plain_graph_always,29,108,264,0.4090909090909091,3.3795735503293667
mixed,plain_graph_always,29,109,264,0.4128787878787879,3.366906806394771
mixed,plain_graph_always,29,110,264,0.4166666666666667,3.3911469274304467
mixed,plain_graph_always,29,111,264,0.42045454545454547,3.3793399271964324
mixed,plain_graph_always,29,112,264,0.42424242424242425,3.3891425771306416
mixed,plain_graph_always,29,113,264,0.42803030303030304,3.4233452253076644
mixed,plain_graph_always,29,114,264,0.4318181818181818,3.4383317401066282
mixed,plain_graph_always,29,115,264,0.4356060606060606,3.4219966251569764
mixed,plain_graph_always,29,116,264,0.4393939393939394,3.4093991343249197
mixed,plain_graph_always,29,117,264,0.4431818181818182,3.4003846817337693
mixed,plain_graph_always,29,118,264,0.44696969696969696,3.3875856123046932
mixed,plain_graph_always,29,119,264,0.45075757575757575,3.4152072634493296
mixed,plain_graph_always,29,120,264,0.45454545454545453,3.414984172719609
mixed,plain_graph_always,29,121,264,0.4583333333333333,3.402674119885557
mixed,plain_graph_always,29,122,264,0.4621212121212121,3.393635871104868
mixed,plain_graph_always,29,123,264,0.4659090909090909,3.40387864066355
mixed,plain_graph_always,29,124,264,0.4696969696969697,3.4081685196748053
mixed,plain_graph_always,29,125,264,0.4734848484848485,3.4428361236372984
mixed,plain_graph_always,29,126,264,0.4772727272727273,3.4451033055673497
mixed,plain_graph_always,29,127,264,0.4810606060606061,3.4385681197701183
mixed,plain_graph_always,29,128,264,0.48484848484848486,3.439497659889743
mixed,plain_graph_always,29,129,264,0.48863636363636365,3.4529320367241123
mixed,plain_graph_always,29,130,264,0.49242424242424243,3.443656740257159
mixed,plain_graph_always,29,131,264,0.4962121212121212,3.4341893309818565
mixed,plain_graph_always,29,132,264,0.5,3.417869332939195
mixed,plain_graph_always,29,133,264,0.5037878787878788,3.4138178967491726
mixed,plain_graph_always,29,134,264,0.5075757575757576,3.396711888255819
mixed,plain_graph_always,29,135,264,0.5113636363636364,3.3899987336927886
mixed,plain_graph_always,29,136,264,0.5151515151515151,3.3830794190964637
mixed,plain_graph_always,29,137,264,0.5189393939393939,3.3880572542177125
mixed,plain_graph_always,29,138,264,0.5227272727272727,3.3946431013751766
mixed,plain_graph_always,29,139,264,0.5265151515151515,3.3796940014660044
mixed,plain_graph_always,29,140,264,0.5303030303030303,3.377746192732811
mixed,plain_graph_always,29,141,264,0.5340909090909091,3.363924395181618
mixed,plain_graph_always,29,142,264,0.5378787878787878,3.360761185347931
mixed,plain_graph_always,29,143,264,0.5416666666666666,3.3532092757712926
mixed,plain_graph_always,29,144,264,0.5454545454545454,3.345916939692746
mixed,plain_graph_always,29,145,264,0.5492424242424242,3.337807271225149
mixed,plain_graph_always,29,146,264,0.553030303030303,3.3588953618547066
mixed,plain_graph_always,29,147,264,0.5568181818181818,3.3517794572746933
mixed,plain_graph_always,29,148,264,0.5606060606060606,3.333578854432902
mixed,plain_graph_always,29,149,264,0.5643939393939394,3.3188792763895765
mixed,plain_graph_always,29,150,264,0.5681818181818182,3.3306454425852574
mixed,plain_graph_always,29,151,264,0.571969696969697,3.321138142206043
mixed,plain_graph_always,29,152,264,0.5757575757575758,3.3135106409951143
mixed,plain_graph_always,29,153,264,0.5795454545454546,3.296946903873338
mixed,plain_graph_always,29,154,264,0.5833333333333334,3.285999109306112
mixed,plain_graph_always,29,155,264,0.5871212121212122,3.281399128139331
mixed,plain_graph_always,29,156,264,0.5909090909090909,3.2867017415029203
mixed,plain_graph_always,29,157,264,0.5946969696969697,3.278684762223404
mixed,plain_graph_always,29,158,264,0.5984848484848485,3.2754131527817987
mixed,plain_graph_always,29,159,264,0.6022727272727273,3.2701756534051003
mixed,plain_graph_always,29,160,264,0.6060606060606061,3.279690824903581
mixed,plain_graph_always,29,161,264,0.6098484848484849,3.274680752067866
mixed,plain_graph_always,29,162,264,0.6136363636363636,3.2606862160526133
mixed,plain_graph_always,29,163,264,0.6174242424242424,3.259767116440648
mixed,plain_graph_always,29,164,264,0.6212121212121212,3.2510250120409743
mixed,plain_graph_always,29,165,264,0.625,3.241915142125423
mixed,plain_graph_always,29,166,264,0.6287878787878788,3.2356345233169894
mixed,plain_graph_always,29,167,264,0.6325757575757576,3.230620847567136
mixed,plain_graph_always,29,168,264,0.6363636363636364,3.224776270724308
mixed,plain_graph_always,29,169,264,0.6401515151515151,3.2213684857547027
mixed,plain_graph_always,29,170,264,0.6439393939393939,3.22116465035872
mixed,plain_graph_always,29,171,264,0.6477272727272727,3.230676841771019
mixed,plain_graph_always,29,172,264,0.6515151515151515,3.2230396440052447
mixed,plain_graph_always,29,173,264,0.6553030303030303,3.2257040878815264
mixed,plain_graph_always,29,174,264,0.6590909090909091,3.212170281676291
mixed,plain_graph_always,29,175,264,0.6628787878787878,3.251389407419975
mixed,plain_graph_always,29,176,264,0.6666666666666666,3.2473126467254785
mixed,plain_graph_always,29,177,264,0.6704545454545454,3.2462264750851784
mixed,plain_graph_always,29,178,264,0.6742424242424242,3.280118402166821
mixed,plain_graph_always,29,179,264,0.678030303030303,3.278804670451632
mixed,plain_graph_always,29,180,264,0.6818181818181818,3.2782148353595253
mixed,plain_graph_always,29,181,264,0.6856060606060606,3.272225409811281
mixed,plain_graph_always,29,182,264,0.6893939393939394,3.26909581621919
mixed,plain_graph_always,29,183,264,0.6931818181818182,3.2604734121209424
mixed,plain_graph_always,29,184,264,0.696969696969697,3.275528135356349
mixed,plain_graph_always,29,185,264,0.7007575757575758,3.2783411588116045
mixed,plain_graph_always,29,186,264,0.7045454545454546,3.306836334088312
mixed,plain_graph_always,29,187,264,0.7083333333333334,3.3006476875944144
mixed,plain_graph_always,29,188,264,0.7121212121212122,3.3069902378697504
mixed,plain_graph_always,29,189,264,0.7159090909090909,3.310703845468253
mixed,plain_graph_always,29,190,264,0.7196969696969697,3.308368956755222
mixed,plain_graph_always,29,191,264,0.7234848484848485,3.298221479536907
mixed,plain_graph_always,29,192,264,0.7272727272727273,3.3197408673812716
mixed,plain_graph_always,29,193,264,0.7310606060606061,3.3310468006637257
mixed,plain_graph_always,29,194,264,0.7348484848484849,3.346670423844513
mixed,plain_graph_always,29,195,264,0.7386363636363636,3.34414643370715
mixed,plain_graph_always,29,196,264,0.7424242424242424,3.353670030019081
mixed,plain_graph_always,29,197,264,0.7462121212121212,3.350393426378837
mixed,plain_graph_always,29,198,264,0.75,3.3753396122523673
mixed,plain_graph_always,29,199,264,0.7537878787878788,3.3762949298954235
mixed,plain_graph_always,29,200,264,0.7575757575757576,3.3959027270491533
mixed,plain_graph_always,29,201,264,0.7613636363636364,3.40690360200513
mixed,plain_graph_always,29,202,264,0.7651515151515151,3.4113395559353066
mixed,plain_graph_always,29,203,264,0.7689393939393939,3.4042398033457064
mixed,plain_graph_always,29,204,264,0.7727272727272727,3.429544088724108
mixed,plain_graph_always,29,205,264,0.7765151515151515,3.4540177438198927
mixed,plain_graph_always,29,206,264,0.7803030303030303,3.4629083262827725
mixed,plain_graph_always,29,207,264,0.7840909090909091,3.497252180950538
mixed,plain_graph_always,29,208,264,0.7878787878787878,3.5039308178592825
mixed,plain_graph_always,29,209,264,0.7916666666666666,3.500081603327148
mixed,plain_graph_always,29,210,264,0.7954545454545454,3.49202870148518
mixed,plain_graph_always,29,211,264,0.7992424242424242,3.4806509713994047
mixed,plain_graph_always,29,212,264,0.803030303030303,3.4735158635059165
mixed,plain_graph_always,29,213,264,0.8068181818181818,3.4802548377915064
mixed,plain_graph_always,29,214,264,0.8106060606060606,3.493060978317014
mixed,plain_graph_always,29,215,264,0.8143939393939394,3.4822746291538813
mixed,plain_graph_always,29,216,264,0.8181818181818182,3.4765701827004127
mixed,plain_graph_always,29,217,264,0.821969696969697,3.506361504163295
mixed,plain_graph_always,29,218,264,0.8257575757575758,3.5120254127579846
mixed,plain_graph_always,29,219,264,0.8295454545454546,3.503951160300017
mixed,plain_graph_always,29,220,264,0.8333333333333334,3.5161960670071206
mixed,plain_graph_always,29,221,264,0.8371212121212122,3.5074381034331483
mixed,plain_graph_always,29,222,264,0.8409090909090909,3.496706170890901
mixed,plain_graph_always,29,223,264,0.8446969696969697,3.4864672939103407
mixed,plain_graph_always,29,224,264,0.8484848484848485,3.4857205789123284
mixed,plain_graph_always,29,225,264,0.8522727272727273,3.480157788183416
mixed,plain_graph_always,29,226,264,0.8560606060606061,3.479678670917223
mixed,plain_graph_always,29,227,264,0.8598484848484849,3.470089099833548
mixed,plain_graph_always,29,228,264,0.8636363636363636,3.467979105094274
mixed,plain_graph_always,29,229,264,0.8674242424242424,3.4609894312796574
mixed,plain_graph_always,29,230,264,0.8712121212121212,3.452458993021314
mixed,plain_graph_always,29,231,264,0.875,3.4594675063817757
mixed,plain_graph_always,29,232,264,0.8787878787878788,3.469708972036517
mixed,plain_graph_always,29,233,264,0.8825757575757576,3.4660946912964805
mixed,plain_graph_always,29,234,264,0.8863636363636364,3.4760608704876925
mixed,plain_graph_always,29,235,264,0.8901515151515151,3.46715240910199
mixed,plain_graph_always,29,236,264,0.8939393939393939,3.4565445664286374
mixed,plain_graph_always,29,237,264,0.8977272727272727,3.458624223470807
mixed,plain_graph_always,29,238,264,0.9015151515151515,3.4598934251035196
mixed,plain_graph_always,29,239,264,0.9053030303030303,3.459890981138652
mixed,plain_graph_always,29,240,264,0.9090909090909091,3.4684856096229826
mixed,plain_graph_always,29,241,264,0.9128787878787878,3.4702873366735894
mixed,plain_graph_always,29,242,264,0.9166666666666666,3.4766665281115983
mixed,plain_graph_always,29,243,264,0.9204545454545454,3.4774541040104814
mixed,plain_graph_always,29,244,264,0.9242424242424242,3.4802929136586798
mixed,plain_graph_always,29,245,264,0.928030303030303,3.485478157462533
mixed,plain_graph_always,29,246,264,0.9318181818181818,3.481157289383274
mixed,plain_graph_always,29,247,264,0.9356060606060606,3.4774911276863363
mixed,plain_graph_always,29,248,264,0.9393939393939394,3.477897033179166
mixed,plain_graph_always,29,249,264,0.9431818181818182,3.475950258312516
mixed,plain_graph_always,29,250,264,0.946969696969697,3.4672511902483683
mixed,plain_graph_always,29,251,264,0.9507575757575758,3.463404169668164
mixed,plain_graph_always,29,252,264,0.9545454545454546,3.459744640277645
mixed,plain_graph_always,29,253,264,0.9583333333333334,3.4611247023831577
mixed,plain_graph_always,29,254,264,0.9621212121212122,3.4536076347503926
mixed,plain_graph_always,29,255,264,0.9659090909090909,3.45431410240311
mixed,plain_graph_always,29,256,264,0.9696969696969697,3.452589361114297
mixed,plain_graph_always,29,257,264,0.9734848484848485,3.4482767249230304
mixed,plain_graph_always,29,258,264,0.9772727272727273,3.4479453500356096
mixed,plain_graph_always,29,259,264,0.9810606060606061,3.447692176494804
mixed,plain_graph_always,29,260,264,0.9848484848484849,3.4493368120905328
mixed,plain_graph_always,29,261,264,0.9886363636363636,3.452892914067694
mixed,plain_graph_always,29,262,264,0.9924242424242424,3.451067345802857
mixed,plain_graph_always,29,263,264,0.9962121212121212,3.4548364244710648
mixed,plain_graph_always,29,264,264,1.0,3.4607753972628763
mixed,mixture_graph_always,43,1,264,0.003787878787878788,4.101060577330566
mixed,mixture_graph_always,43,2,264,0.007575757575757576,4.029389261856837
mixed,mixture_graph_always,43,3,264,0.011363636363636364,3.5909930162264083
mixed,mixture_graph_always,43,4,264,0.015151515151515152,2.9452745155274758
mixed,mixture_graph_always,43,5,264,0.01893939393939394,2.9742560271364398
mixed,mixture_graph_always,43,6,264,0.022727272727272728,2.7510071742509137
mixed,mixture_graph_always,43,7,264,0.026515151515151516,2.9299225172342025
mixed,mixture_graph_always,43,8,264,0.030303030303030304,2.939629285594065
mixed,mixture_graph_always,43,9,264,0.03409090909090909,2.9475460854539155
mixed,mixture_graph_always,43,10,264,0.03787878787878788,3.2173681683776705
mixed,mixture_graph_always,43,11,264,0.041666666666666664,3.108764685030845
mixed,mixture_graph_always,43,12,264,0.045454545454545456,2.9443153027878464
mixed,mixture_graph_always,43,13,264,0.04924242424242424,2.8997605704780556
mixed,mixture_graph_always,43,14,264,0.05303030303030303,2.787517382353647
mixed,mixture_graph_always,43,15,264,0.056818181818181816,2.6803073637483754
mixed,mixture_graph_always,43,16,264,0.06060606060606061,2.7876495624181503
mixed,mixture_graph_always,43,17,264,0.06439393939393939,2.6858362234751563
mixed,mixture_graph_always,43,18,264,0.06818181818181818,2.6311590891223924
mixed,mixture_graph_always,43,19,264,0.07196969696969698,2.626874621521992
mixed,mixture_graph_always,43,20,264,0.07575757575757576,2.745353314286974
mixed,mixture_graph_always,43,21,264,0.07954545454545454,2.7280459620224273
mixed,mixture_graph_always,43,22,264,0.08333333333333333,2.677724416030714
mixed,mixture_graph_always,43,23,264,0.08712121212121213,2.65262695569951
mixed,mixture_graph_always,43,24,264,0.09090909090909091,2.579648247697649
mixed,mixture_graph_always,43,25,264,0.0946969696969697,2.7578597200738852
mixed,mixture_graph_always,43,26,264,0.09848484848484848,2.7977346690936136
mixed,mixture_graph_always,43,27,264,0.10227272727272728,2.869208131097413
mixed,mixture_graph_always,43,28,264,0.10606060606060606,2.924318169766488
mixed,mixture_graph_always,43,29,264,0.10984848484848485,2.8791455064382854
mixed,mixture_graph_always,43,30,264,0.11363636363636363,3.0430354612210313
mixed,mixture_graph_always,43,31,264,0.11742424242424243,3.1256936964791686
mixed,mixture_graph_always,43,32,264,0.12121212121212122,3.075288357732256
mixed,mixture_graph_always,43,33,264,0.125,3.1963004262738015
mixed,mixture_graph_always,43,34,264,0.12878787878787878,3.3061223984516515
mixed,mixture_graph_always,43,35,264,0.13257575757575757,3.2980789597933406
mixed,mixture_graph_always,43,36,264,0.13636363636363635,3.278822911801446
mixed,mixture_graph_always,43,37,264,0.14015151515151514,3.259304051159332
mixed,mixture_graph_always,43,38,264,0.14393939393939395,3.212460023682208
mixed,mixture_graph_always,43,39,264,0.14772727272727273,3.195091230053015
mixed,mixture_graph_always,43,40,264,0.15151515151515152,3.1997086814228317
mixed,mixture_graph_always,43,41,264,0.1553030303030303,3.1706654669686554
mixed,mixture_graph_always,43,42,264,0.1590909090909091,3.1886874175359385
mixed,mixture_graph_always,43,43,264,0.16287878787878787,3.1808893578155986
mixed,mixture_graph_always,43,44,264,0.16666666666666666,3.171378469257714
mixed,mixture_graph_always,43,45,264,0.17045454545454544,3.1683544959264363
mixed,mixture_graph_always,43,46,264,0.17424242424242425,3.187446549025226
mixed,mixture_graph_always,43,47,264,0.17803030303030304,3.1769360232928863
mixed,mixture_graph_always,43,48,264,0.18181818181818182,3.2272679633889516
mixed,mixture_graph_always,43,49,264,0.1856060606060606,3.202524924190415
mixed,mixture_graph_always,43,50,264,0.1893939393939394,3.1708680178200437
mixed,mixture_graph_always,43,51,264,0.19318181818181818,3.1626110375421854
mixed,mixture_graph_always,43,52,264,0.19696969696969696,3.1227981452974323
mixed,mixture_graph_always,43,53,264,0.20075757575757575,3.1298012483990596
mixed,mixture_graph_always,43,54,264,0.20454545454545456,3.1519279947006367
mixed,mixture_graph_always,43,55,264,0.20833333333333334,3.1533640455576957
mixed,mixture_graph_always,43,56,264,0.21212121212121213,3.131449574722054
mixed,mixture_graph_always,43,57,264,0.2159090909090909,3.163329077422375
mixed,mixture_graph_always,43,58,264,0.2196969696969697,3.2233036131212307
mixed,mixture_graph_always,43,59,264,0.22348484848484848,3.2516365827570883
mixed,mixture_graph_always,43,60,264,0.22727272727272727,3.258685378804316
mixed,mixture_graph_always,43,61,264,0.23106060606060605,3.225288192785865
mixed,mixture_graph_always,43,62,264,0.23484848484848486,3.222066895944929
mixed,mixture_graph_always,43,63,264,0.23863636363636365,3.1868134198490923
mixed,mixture_graph_always,43,64,264,0.24242424242424243,3.1713979561642756
mixed,mixture_graph_always,43,65,264,0.24621212121212122,3.207311162716326
mixed,mixture_graph_always,43,66,264,0.25,3.250178951174913
mixed,mixture_graph_always,43,67,264,0.2537878787878788,3.245737071013801
mixed,mixture_graph_always,43,68,264,0.25757575757575757,3.2386529639833546
mixed,mixture_graph_always,43,69,264,0.26136363636363635,3.2698051637027024
mixed,mixture_graph_always,43,70,264,0.26515151515151514,3.340502112980284
mixed,mixture_graph_always,43,71,264,0.2689393939393939,3.312744330566048
mixed,mixture_graph_always,43,72,264,0.2727272727272727,3.3156617400160027
mixed,mixture_graph_always,43,73,264,0.2765151515151515,3.3487780631251063
mixed,mixture_graph_always,43,74,264,0.2803030303030303,3.406628731238461
mixed,mixture_graph_always,43,75,264,0.2840909090909091,3.4162328784678238
mixed,mixture_graph_always,43,76,264,0.2878787878787879,3.4075577626034526
mixed,mixture_graph_always,43,77,264,0.2916666666666667,3.45017398640935
mixed,mixture_graph_always,43,78,264,0.29545454545454547,3.4231128056185685
mixed,mixture_graph_always,43,79,264,0.29924242424242425,3.4104116462493987
mixed,mixture_graph_always,43,80,264,0.30303030303030304,3.398975507869669
mixed,mixture_graph_always,43,81,264,0.3068181818181818,3.3889400968258103
mixed,mixture_graph_always,43,82,264,0.3106060606060606,3.3803581077435
mixed,mixture_graph_always,43,83,264,0.3143939393939394,3.388713025939794
mixed,mixture_graph_always,43,84,264,0.3181818181818182,3.3960495116627887
mixed,mixture_graph_always,43,85,264,0.32196969696969696,3.4144257827728604
mixed,mixture_graph_always,43,86,264,0.32575757575757575,3.3923200768739883
mixed,mixture_graph_always,43,87,264,0.32954545454545453,3.3911303719404984
mixed,mixture_graph_always,43,88,264,0.3333333333333333,3.377814750159477
mixed,mixture_graph_always,43,89,264,0.3371212121212121,3.3636502733455074
mixed,mixture_graph_always,43,90,264,0.3409090909090909,3.3593146789629102
mixed,mixture_graph_always,43,91,264,0.3446969696969697,3.3381810938155447
mixed,mixture_graph_always,43,92,264,0.3484848484848485,3.318288753596957
mixed,mixture_graph_always,43,93,264,0.3522727272727273,3.3021669396256295
mixed,mixture_graph_always,43,94,264,0.3560606060606061,3.3192431957621444
mixed,mixture_graph_always,43,95,264,0.35984848484848486,3.340075636853128
mixed,mixture_graph_always,43,96,264,0.36363636363636365,3.3451754178447626
mixed,mixture_graph_always,43,97,264,0.36742424242424243,3.3273355649804977
mixed,mixture_graph_always,43,98,264,0.3712121212121212,3.3483084477603766
mixed,mixture_graph_always,43,99,264,0.375,3.3595948465441983
mixed,mixture_graph_always,43,100,264,0.3787878787878788,3.3521704745852645
mixed,mixture_graph_always,43,101,264,0.38257575757575757,3.3695307806234607
mixed,mixture_graph_always,43,102,264,0.38636363636363635,3.384352897578981
mixed,mixture_graph_always,43,103,264,0.39015151515151514,3.3988409344866395
mixed,mixture_graph_always,43,104,264,0.3939393939393939,3.3917571895738146
mixed,mixture_graph_always,43,105,264,0.3977272727272727,3.391184058678154
mixed,mixture_graph_always,43,106,264,0.4015151515151515,3.432160357504691
mixed,mixture_graph_always,43,107,264,0.4053030303030303,3.4193238797910013
mixed,mixture_graph_always,43,108,264,0.4090909090909091,3.4478214543125323
mixed,mixture_graph_always,43,109,264,0.4128787878787879,3.4227809286196567
mixed,mixture_graph_always,43,110,264,0.4166666666666667,3.4041999471802806
mixed,mixture_graph_always,43,111,264,0.42045454545454547,3.3944323095711635
mixed,mixture_graph_always,43,112,264,0.42424242424242425,3.398437200396542
mixed,mixture_graph_always,43,113,264,0.42803030303030304,3.3862865723868003
mixed,mixture_graph_always,43,114,264,0.4318181818181818,3.3630057942637617
mixed,mixture_graph_always,43,115,264,0.4356060606060606,3.3692102168908526
mixed,mixture_graph_always,43,116,264,0.4393939393939394,3.3712843692198997
mixed,mixture_graph_always,43,117,264,0.4431818181818182,3.3542822083655053
mixed,mixture_graph_always,43,118,264,0.44696969696969696,3.3829244132824425
mixed,mixture_graph_always,43,119,264,0.45075757575757575,3.3832141285186483
mixed,mixture_graph_always,43,120,264,0.45454545454545453,3.3651146517086565
mixed,mixture_graph_always,43,121,264,0.4583333333333333,3.3422376331382644
mixed,mixture_graph_always,43,122,264,0.4621212121212121,3.328311389641103
mixed,mixture_graph_always,43,123,264,0.4659090909090909,3.3402275152595835
mixed,mixture_graph_always,43,124,264,0.4696969696969697,3.3603999036734438
mixed,mixture_graph_always,43,125,264,0.4734848484848485,3.3654324228048798
mixed,mixture_graph_always,43,126,264,0.4772727272727273,3.3895373911514453
mixed,mixture_graph_always,43,127,264,0.4810606060606061,3.3883252892363482
mixed,mixture_graph_always,43,128,264,0.48484848484848486,3.3924925166405107
mixed,mixture_graph_always,43,129,264,0.48863636363636365,3.391728837005755
mixed,mixture_graph_always,43,130,264,0.49242424242424243,3.415958969526626
mixed,mixture_graph_always,43,131,264,0.4962121212121212,3.3989985827125806
mixed,mixture_graph_always,43,132,264,0.5,3.3932784728282743
mixed,mixture_graph_always,43,133,264,0.5037878787878788,3.3824360198244756
mixed,mixture_graph_always,43,134,264,0.5075757575757576,3.377222355051189
mixed,mixture_graph_always,43,135,264,0.5113636363636364,3.3711359921989623
mixed,mixture_graph_always,43,136,264,0.5151515151515151,3.371995394759537
mixed,mixture_graph_always,43,137,264,0.5189393939393939,3.3851732218446418
mixed,mixture_graph_always,43,138,264,0.5227272727272727,3.427925201718972
mixed,mixture_graph_always,43,139,264,0.5265151515151515,3.4467185324619183
mixed,mixture_graph_always,43,140,264,0.5303030303030303,3.4612702842175493
mixed,mixture_graph_always,43,141,264,0.5340909090909091,3.457681726513317
mixed,mixture_graph_always,43,142,264,0.5378787878787878,3.4467695332450305
mixed,mixture_graph_always,43,143,264,0.5416666666666666,3.4724071799756895
mixed,mixture_graph_always,43,144,264,0.5454545454545454,3.4610540221594186
mixed,mixture_graph_always,43,145,264,0.5492424242424242,3.48141204595239
mixed,mixture_graph_always,43,146,264,0.553030303030303,3.4914319114554675
mixed,mixture_graph_always,43,147,264,0.5568181818181818,3.502824798491422
mixed,mixture_graph_always,43,148,264,0.5606060606060606,3.5406665841331324
mixed,mixture_graph_always,43,149,264,0.5643939393939394,3.5322049426675393
mixed,mixture_graph_always,43,150,264,0.5681818181818182,3.522334952356927
mixed,mixture_graph_always,43,151,264,0.571969696969697,3.5083507126477524
mixed,mixture_graph_always,43,152,264,0.5757575757575758,3.503981088809022
mixed,mixture_graph_always,43,153,264,0.5795454545454546,3.4892251934188097
mixed,mixture_graph_always,43,154,264,0.5833333333333334,3.4987146225479777
mixed,mixture_graph_always,43,155,264,0.5871212121212122,3.5009462890582235
mixed,mixture_graph_always,43,156,264,0.5909090909090909,3.530475076223462
mixed,mixture_graph_always,43,157,264,0.5946969696969697,3.526272636776027
mixed,mixture_graph_always,43,158,264,0.5984848484848485,3.529860177641852
mixed,mixture_graph_always,43,159,264,0.6022727272727273,3.5204780324339886
mixed,mixture_graph_always,43,160,264,0.6060606060606061,3.5091369853549317
mixed,mixture_graph_always,43,161,264,0.6098484848484849,3.4998071868715774
mixed,mixture_graph_always,43,162,264,0.6136363636363636,3.491179511816628
mixed,mixture_graph_always,43,163,264,0.6174242424242424,3.5141527074789565
mixed,mixture_graph_always,43,164,264,0.6212121212121212,3.5040898215214784
mixed,mixture_graph_always,43,165,264,0.625,3.5043093926043976
mixed,mixture_graph_always,43,166,264,0.6287878787878788,3.493765423804709
mixed,mixture_graph_always,43,167,264,0.6325757575757576,3.487632718085739
mixed,mixture_graph_always,43,168,264,0.6363636363636364,3.481988169235194
mixed,mixture_graph_always,43,169,264,0.6401515151515151,3.4906168788794663
mixed,mixture_graph_always,43,170,264,0.6439393939393939,3.494678893541771
mixed,mixture_graph_always,43,171,264,0.6477272727272727,3.4817147834098012
mixed,mixture_graph_always,43,172,264,0.6515151515151515,3.481666210766298
mixed,mixture_graph_always,43,173,264,0.6553030303030303,3.4872438821657403
mixed,mixture_graph_always,43,174,264,0.6590909090909091,3.490132580851987
mixed,mixture_graph_always,43,175,264,0.6628787878787878,3.4843557757375714
mixed,mixture_graph_always,43,176,264,0.6666666666666666,3.481892204939412
mixed,mixture_graph_always,43,177,264,0.6704545454545454,3.476849460215824
mixed,mixture_graph_always,43,178,264,0.6742424242424242,3.468659674954893
mixed,mixture_graph_always,43,179,264,0.678030303030303,3.4599896214729293
mixed,mixture_graph_always,43,180,264,0.6818181818181818,3.4533255187276666
mixed,mixture_graph_always,43,181,264,0.6856060606060606,3.4614077849945386
mixed,mixture_graph_always,43,182,264,0.6893939393939394,3.4641352818462603
mixed,mixture_graph_always,43,183,264,0.6931818181818182,3.4572281724315466
mixed,mixture_graph_always,43,184,264,0.696969696969697,3.4434504547009253
mixed,mixture_graph_always,43,185,264,0.7007575757575758,3.452664545484499
mixed,mixture_graph_always,43,186,264,0.7045454545454546,3.4464176766591796
mixed,mixture_graph_always,43,187,264,0.7083333333333334,3.4464811232335926
mixed,mixture_graph_always,43,188,264,0.7121212121212122,3.437481303343721
mixed,mixture_graph_always,43,189,264,0.7159090909090909,3.4258081621594387
mixed,mixture_graph_always,43,190,264,0.7196969696969697,3.419270756527836
mixed,mixture_graph_always,43,191,264,0.7234848484848485,3.420339184243044
mixed,mixture_graph_always,43,192,264,0.7272727272727273,3.4158537133872517
mixed,mixture_graph_always,43,193,264,0.7310606060606061,3.4128132817686634
mixed,mixture_graph_always,43,194,264,0.7348484848484849,3.4030544473852
mixed,mixture_graph_always,43,195,264,0.7386363636363636,3.4067741822733035
mixed,mixture_graph_always,43,196,264,0.7424242424242424,3.396776891284421
mixed,mixture_graph_always,43,197,264,0.7462121212121212,3.40011692882139
mixed,mixture_graph_always,43,198,264,0.75,3.418520158985451
mixed,mixture_graph_always,43,199,264,0.7537878787878788,3.4197991162752097
mixed,mixture_graph_always,43,200,264,0.7575757575757576,3.4314864109460723
mixed,mixture_graph_always,43,201,264,0.7613636363636364,3.4661340369854474
mixed,mixture_graph_always,43,202,264,0.7651515151515151,3.462282341222552
mixed,mixture_graph_always,43,203,264,0.7689393939393939,3.487499657657424
mixed,mixture_graph_always,43,204,264,0.7727272727272727,3.4785680031027333
mixed,mixture_graph_always,43,205,264,0.7765151515151515,3.4741312738070986
mixed,mixture_graph_always,43,206,264,0.7803030303030303,3.47131002485922
mixed,mixture_graph_always,43,207,264,0.7840909090909091,3.4643548116955114
mixed,mixture_graph_always,43,208,264,0.7878787878787878,3.456991099786069
mixed,mixture_graph_always,43,209,264,0.7916666666666666,3.4663106823962035
mixed,mixture_graph_always,43,210,264,0.7954545454545454,3.4749691178028796
mixed,mixture_graph_always,43,211,264,0.7992424242424242,3.468003573726565
mixed,mixture_graph_always,43,212,264,0.803030303030303,3.477324651221537
mixed,mixture_graph_always,43,213,264,0.8068181818181818,3.4875941281669753
mixed,mixture_graph_always,43,214,264,0.8106060606060606,3.4792947457864463
mixed,mixture_graph_always,43,215,264,0.8143939393939394,3.4804992378316393
mixed,mixture_graph_always,43,216,264,0.8181818181818182,3.4743465505548765
mixed,mixture_graph_always,43,217,264,0.821969696969697,3.480027514847074
mixed,mixture_graph_always,43,218,264,0.8257575757575758,3.484790281158184
mixed,mixture_graph_always,43,219,264,0.8295454545454546,3.4825261277288013
mixed,mixture_graph_always,43,220,264,0.8333333333333334,3.490078181855494
mixed,mixture_graph_always,43,221,264,0.8371212121212122,3.494704960044072
mixed,mixture_graph_always,43,222,264,0.8409090909090909,3.4874522556534346
mixed,mixture_graph_always,43,223,264,0.8446969696969697,3.4865137826255026
mixed,mixture_graph_always,43,224,264,0.8484848484848485,3.480507039918628
mixed,mixture_graph_always,43,225,264,0.8522727272727273,3.4783930258145714
mixed,mixture_graph_always,43,226,264,0.8560606060606061,3.4659472462391423
mixed,mixture_graph_always,43,227,264,0.8598484848484849,3.4607467015031337
mixed,mixture_graph_always,43,228,264,0.8636363636363636,3.465678961601377
mixed,mixture_graph_always,43,229,264,0.8674242424242424,3.4622711783509352
mixed,mixture_graph_always,43,230,264,0.8712121212121212,3.4597159617665345
mixed,mixture_graph_always,43,231,264,0.875,3.4698427435807293
mixed,mixture_graph_always,43,232,264,0.8787878787878788,3.4632394870456915
mixed,mixture_graph_always,43,233,264,0.8825757575757576,3.459987698102641
mixed,mixture_graph_always,43,234,264,0.8863636363636364,3.4485437151894063
mixed,mixture_graph_always,43,235,264,0.8901515151515151,3.446343054562444
mixed,mixture_graph_always,43,236,264,0.8939393939393939,3.438463153226248
mixed,mixture_graph_always,43,237,264,0.8977272727272727,3.435707489945987
mixed,mixture_graph_always,43,238,264,0.9015151515151515,3.4408709214390205
mixed,mixture_graph_always,43,239,264,0.9053030303030303,3.4353118901902455
mixed,mixture_graph_always,43,240,264,0.9090909090909091,3.4286123823608885
mixed,mixture_graph_always,43,241,264,0.9128787878787878,3.4236168243291285
mixed,mixture_graph_always,43,242,264,0.9166666666666666,3.4206240939564254
mixed,mixture_graph_always,43,243,264,0.9204545454545454,3.412865773492933
mixed,mixture_graph_always,43,244,264,0.9242424242424242,3.4129564460586246
mixed,mixture_graph_always,43,245,264,0.928030303030303,3.4078671806136014
mixed,mixture_graph_always,43,246,264,0.9318181818181818,3.399833368253919
mixed,mixture_graph_always,43,247,264,0.9356060606060606,3.4125762150967396
mixed,mixture_graph_always,43,248,264,0.9393939393939394,3.4230672841719487
mixed,mixture_graph_always,43,249,264,0.9431818181818182,3.4207589080936645
mixed,mixture_graph_always,43,250,264,0.946969696969697,3.4205520906114324
mixed,mixture_graph_always,43,251,264,0.9507575757575758,3.415850842784601
mixed,mixture_graph_always,43,252,264,0.9545454545454546,3.4096272560518046
mixed,mixture_graph_always,43,253,264,0.9583333333333334,3.4070621218929844
mixed,mixture_graph_always,43,254,264,0.9621212121212122,3.410863854101499
mixed,mixture_graph_always,43,255,264,0.9659090909090909,3.4092610745005474
mixed,mixture_graph_always,43,256,264,0.9696969696969697,3.4275639001873004
mixed,mixture_graph_always,43,257,264,0.9734848484848485,3.4260930279906896
mixed,mixture_graph_always,43,258,264,0.9772727272727273,3.4308481296525777
mixed,mixture_graph_always,43,259,264,0.9810606060606061,3.4219238094166538
mixed,mixture_graph_always,43,260,264,0.9848484848484849,3.4210976801825947
mixed,mixture_graph_always,43,261,264,0.9886363636363636,3.424370806809936
mixed,mixture_graph_always,43,262,264,0.9924242424242424,3.4230314288281765
mixed,mixture_graph_always,43,263,264,0.9962121212121212,3.426096702143932
mixed,mixture_graph_always,43,264,264,1.0,3.4181101029272387
mixed,mixture_graph_drop,43,1,264,0.003787878787878788,1.8342864357946518
mixed,mixture_graph_drop,43,2,264,0.007575757575757576,1.509512637902116
mixed,mixture_graph_drop,43,3,264,0.011363636363636364,2.3280764037011457
mixed,mixture_graph_drop,43,4,264,0.015151515151515152,2.607869461761079
mixed,mixture_graph_drop,43,5,264,0.01893939393939394,3.1633987028496264
mixed,mixture_graph_drop,43,6,264,0.022727272727272728,2.740447963817164
mixed,mixture_graph_drop,43,7,264,0.026515151515151516,2.917656060314518
mixed,mixture_graph_drop,43,8,264,0.030303030303030304,3.2404778738966113
mixed,mixture_graph_drop,43,9,264,0.03409090909090909,3.1685316333764146
mixed,mixture_graph_drop,43,10,264,0.03787878787878788,3.0976945344016844
mixed,mixture_graph_drop,43,11,264,0.041666666666666664,3.003548604458901
mixed,mixture_graph_drop,43,12,264,0.045454545454545456,3.1143269614999958
mixed,mixture_graph_drop,43,13,264,0.04924242424242424,3.179736995731468
mixed,mixture_graph_drop,43,14,264,0.05303030303030303,3.146275433443876
mixed,mixture_graph_drop,43,15,264,0.056818181818181816,3.0577136687658406
mixed,mixture_graph_drop,43,16,264,0.06060606060606061,2.992777780680471
mixed,mixture_graph_drop,43,17,264,0.06439393939393939,2.9631081561818147
mixed,mixture_graph_drop,43,18,264,0.06818181818181818,2.966800787681827
mixed,mixture_graph_drop,43,19,264,0.07196969696969698,2.957143350573321
mixed,mixture_graph_drop,43,20,264,0.07575757575757576,3.0079242034999676
mixed,mixture_graph_drop,43,21,264,0.07954545454545454,3.057434175055647
mixed,mixture_graph_drop,43,22,264,0.08333333333333333,3.1219569807742626
mixed,mixture_graph_drop,43,23,264,0.08712121212121213,3.3103389328118347
mixed,mixture_graph_drop,43,24,264,0.09090909090909091,3.228828349528195
mixed,mixture_graph_drop,43,25,264,0.0946969696969697,3.228614053696576
mixed,mixture_graph_drop,43,26,264,0.09848484848484848,3.1800477223762007
mixed,mixture_graph_drop,43,27,264,0.10227272727272728,3.1376035273072405
mixed,mixture_graph_drop,43,28,264,0.10606060606060606,3.0787901610896253
mixed,mixture_graph_drop,43,29,264,0.10984848484848485,3.077330809975142
mixed,mixture_graph_drop,43,30,264,0.11363636363636363,3.0318694280537875
mixed,mixture_graph_drop,43,31,264,0.11742424242424243,3.0013096933721184
mixed,mixture_graph_drop,43,32,264,0.12121212121212122,2.9897827656782243
mixed,mixture_graph_drop,43,33,264,0.125,2.936137100012531
mixed,mixture_graph_drop,43,34,264,0.12878787878787878,2.907123113702474
mixed,mixture_graph_drop,43,35,264,0.13257575757575757,2.9007256756906226
mixed,mixture_graph_drop,43,36,264,0.13636363636363635,2.902710688258833
mixed,mixture_graph_drop,43,37,264,0.14015151515151514,2.9331929430024504
mixed,mixture_graph_drop,43,38,264,0.14393939393939395,2.965622877908844
mixed,mixture_graph_drop,43,39,264,0.14772727272727273,3.0030330073845435
mixed,mixture_graph_drop,43,40,264,0.15151515151515152,3.0685198621083183
mixed,mixture_graph_drop,43,41,264,0.1553030303030303,3.0502132904242347
mixed,mixture_graph_drop,43,42,264,0.1590909090909091,3.0186569935247096
mixed,mixture_graph_drop,43,43,264,0.16287878787878787,3.0114097943497478
mixed,mixture_graph_drop,43,44,264,0.16666666666666666,3.1135782764165256
mixed,mixture_graph_drop,43,45,264,0.17045454545454544,3.1738402304114035
mixed,mixture_graph_drop,43,46,264,0.17424242424242425,3.1632829001116534
mixed,mixture_graph_drop,43,47,264,0.17803030303030304,3.2044690126908737
mixed,mixture_graph_drop,43,48,264,0.18181818181818182,3.215584145581314
mixed,mixture_graph_drop,43,49,264,0.1856060606060606,3.2648536415656677
mixed,mixture_graph_drop,43,50,264,0.1893939393939394,3.270216666657268
mixed,mixture_graph_drop,43,51,264,0.19318181818181818,3.263360671201848
mixed,mixture_graph_drop,43,52,264,0.19696969696969696,3.2404423494979935
mixed,mixture_graph_drop,43,53,264,0.20075757575757575,3.2298321098146805
mixed,mixture_graph_drop,43,54,264,0.20454545454545456,3.2540678566411043
mixed,mixture_graph_drop,43,55,264,0.20833333333333334,3.2996471996332755
mixed,mixture_graph_drop,43,56,264,0.21212121212121213,3.3381088413758193
mixed,mixture_graph_drop,43,57,264,0.2159090909090909,3.328060390710483
mixed,mixture_graph_drop,43,58,264,0.2196969696969697,3.3168283136586028
mixed,mixture_graph_drop,43,59,264,0.22348484848484848,3.3043632585617426
mixed,mixture_graph_drop,43,60,264,0.22727272727272727,3.3413797809594703
mixed,mixture_graph_drop,43,61,264,0.23106060606060605,3.3249126552412664
mixed,mixture_graph_drop,43,62,264,0.23484848484848486,3.3143934772253716
mixed,mixture_graph_drop,43,63,264,0.23863636363636365,3.320891996229753
mixed,mixture_graph_drop,43,64,264,0.24242424242424243,3.320910451102394
mixed,mixture_graph_drop,43,65,264,0.24621212121212122,3.3615170091005577
mixed,mixture_graph_drop,43,66,264,0.25,3.3399912435356964
mixed,mixture_graph_drop,43,67,264,0.2537878787878788,3.330486458975506
mixed,mixture_graph_drop,43,68,264,0.25757575757575757,3.3668847937777713
mixed,mixture_graph_drop,43,69,264,0.26136363636363635,3.4312201793667536
mixed,mixture_graph_drop,43,70,264,0.26515151515151514,3.414241044222409
mixed,mixture_graph_drop,43,71,264,0.2689393939393939,3.3889720592333825
mixed,mixture_graph_drop,43,72,264,0.2727272727272727,3.3538076026537076
mixed,mixture_graph_drop,43,73,264,0.2765151515151515,3.335981484068784
mixed,mixture_graph_drop,43,74,264,0.2803030303030303,3.319142370611682
mixed,mixture_graph_drop,43,75,264,0.2840909090909091,3.288775394684869
mixed,mixture_graph_drop,43,76,264,0.2878787878787879,3.3490806636151773
mixed,mixture_graph_drop,43,77,264,0.2916666666666667,3.341148781267555
mixed,mixture_graph_drop,43,78,264,0.29545454545454547,3.3270910164394403
mixed,mixture_graph_drop,43,79,264,0.29924242424242425,3.3074619654096837
mixed,mixture_graph_drop,43,80,264,0.30303030303030304,3.2930560830587687
mixed,mixture_graph_drop,43,81,264,0.3068181818181818,3.356901498905386
mixed,mixture_graph_drop,43,82,264,0.3106060606060606,3.3345180844610627
mixed,mixture_graph_drop,43,83,264,0.3143939393939394,3.342995639589396
mixed,mixture_graph_drop,43,84,264,0.3181818181818182,3.3241025700900173
mixed,mixture_graph_drop,43,85,264,0.32196969696969696,3.295534997967399
mixed,mixture_graph_drop,43,86,264,0.32575757575757575,3.2924418178991837
mixed,mixture_graph_drop,43,87,264,0.32954545454545453,3.2918228800972087
mixed,mixture_graph_drop,43,88,264,0.3333333333333333,3.270429663791262
mixed,mixture_graph_drop,43,89,264,0.3371212121212121,3.273927641056584
mixed,mixture_graph_drop,43,90,264,0.3409090909090909,3.248621876195152
mixed,mixture_graph_drop,43,91,264,0.3446969696969697,3.2263662118246095
mixed,mixture_graph_drop,43,92,264,0.3484848484848485,3.2108072626042756
mixed,mixture_graph_drop,43,93,264,0.3522727272727273,3.2050022336052746
mixed,mixture_graph_drop,43,94,264,0.3560606060606061,3.2191265864927914
mixed,mixture_graph_drop,43,95,264,0.35984848484848486,3.2447912262884815
mixed,mixture_graph_drop,43,96,264,0.36363636363636365,3.2676794475028856
mixed,mixture_graph_drop,43,97,264,0.36742424242424243,3.2580434164444956
mixed,mixture_graph_drop,43,98,264,0.3712121212121212,3.2402267432130745
mixed,mixture_graph_drop,43,99,264,0.375,3.241316672208416
mixed,mixture_graph_drop,43,100,264,0.3787878787878788,3.2410524977025754
mixed,mixture_graph_drop,43,101,264,0.38257575757575757,3.284536849314154
mixed,mixture_graph_drop,43,102,264,0.38636363636363635,3.3135062462947227
mixed,mixture_graph_drop,43,103,264,0.39015151515151514,3.3039063866665224
mixed,mixture_graph_drop,43,104,264,0.3939393939393939,3.2847573580847933
mixed,mixture_graph_drop,43,105,264,0.3977272727272727,3.3063755264558248
mixed,mixture_graph_drop,43,106,264,0.4015151515151515,3.294228484581698
mixed,mixture_graph_drop,43,107,264,0.4053030303030303,3.2954183463946856
mixed,mixture_graph_drop,43,108,264,0.4090909090909091,3.275402884548089
mixed,mixture_graph_drop,43,109,264,0.4128787878787879,3.310369714590775
mixed,mixture_graph_drop,43,110,264,0.4166666666666667,3.2942345771458643
mixed,mixture_graph_drop,43,111,264,0.42045454545454547,3.2768088758565694
mixed,mixture_graph_drop,43,112,264,0.42424242424242425,3.284005421239209
mixed,mixture_graph_drop,43,113,264,0.42803030303030304,3.2657486825038617
mixed,mixture_graph_drop,43,114,264,0.4318181818181818,3.260029739176979
mixed,mixture_graph_drop,43,115,264,0.4356060606060606,3.260260975241006
mixed,mixture_graph_drop,43,116,264,0.4393939393939394,3.257496143184705
mixed,mixture_graph_drop,43,117,264,0.4431818181818182,3.259030081205117
mixed,mixture_graph_drop,43,118,264,0.44696969696969696,3.2467756866667954
mixed,mixture_graph_drop,43,119,264,0.45075757575757575,3.244634175933015
mixed,mixture_graph_drop,43,120,264,0.45454545454545453,3.237262752109861
mixed,mixture_graph_drop,43,121,264,0.4583333333333333,3.2494109288147555
mixed,mixture_graph_drop,43,122,264,0.4621212121212121,3.2450736881857405
mixed,mixture_graph_drop,43,123,264,0.4659090909090909,3.252030568964249
mixed,mixture_graph_drop,43,124,264,0.4696969696969697,3.2487535023914105
mixed,mixture_graph_drop,43,125,264,0.4734848484848485,3.2531119250789278
mixed,mixture_graph_drop,43,126,264,0.4772727272727273,3.2696604627136394
mixed,mixture_graph_drop,43,127,264,0.4810606060606061,3.28616163247792
mixed,mixture_graph_drop,43,128,264,0.48484848484848486,3.2845612810095446
mixed,mixture_graph_drop,43,129,264,0.48863636363636365,3.2873883201335024
mixed,mixture_graph_drop,43,130,264,0.49242424242424243,3.3010141992305826
mixed,mixture_graph_drop,43,131,264,0.4962121212121212,3.2866091835351714
mixed,mixture_graph_drop,43,132,264,0.5,3.280940107063947
mixed,mixture_graph_drop,43,133,264,0.5037878787878788,3.2655434511964763
mixed,mixture_graph_drop,43,134,264,0.5075757575757576,3.2704742502023465
mixed,mixture_graph_drop,43,135,264,0.5113636363636364,3.2611233805493707
mixed,mixture_graph_drop,43,136,264,0.5151515151515151,3.2429261054349294
mixed,mixture_graph_drop,43,137,264,0.5189393939393939,3.2676427328951534
mixed,mixture_graph_drop,43,138,264,0.5227272727272727,3.2511409877911253
mixed,mixture_graph_drop,43,139,264,0.5265151515151515,3.249261475860029
mixed,mixture_graph_drop,43,140,264,0.5303030303030303,3.2419581982930255
mixed,mixture_graph_drop,43,141,264,0.5340909090909091,3.2435348172351834
mixed,mixture_graph_drop,43,142,264,0.5378787878787878,3.2475319212925124
mixed,mixture_graph_drop,43,143,264,0.5416666666666666,3.2532061342206853
mixed,mixture_graph_drop,43,144,264,0.5454545454545454,3.2655591466166656
mixed,mixture_graph_drop,43,145,264,0.5492424242424242,3.260692047033895
mixed,mixture_graph_drop,43,146,264,0.553030303030303,3.246386178109663
mixed,mixture_graph_drop,43,147,264,0.5568181818181818,3.2338261445527694
mixed,mixture_graph_drop,43,148,264,0.5606060606060606,3.2449402850849016
mixed,mixture_graph_drop,43,149,264,0.5643939393939394,3.2587925869688403
mixed,mixture_graph_drop,43,150,264,0.5681818181818182,3.2464057833587803
mixed,mixture_graph_drop,43,151,264,0.571969696969697,3.234585673933857
mixed,mixture_graph_drop,43,152,264,0.5757575757575758,3.252990043399991
mixed,mixture_graph_drop,43,153,264,0.5795454545454546,3.2641487445855524
mixed,mixture_graph_drop,43,154,264,0.5833333333333334,3.289047711056807
mixed,mixture_graph_drop,43,155,264,0.5871212121212122,3.295726717260518
mixed,mixture_graph_drop,43,156,264,0.5909090909090909,3.2904333901773017
mixed,mixture_graph_drop,43,157,264,0.5946969696969697,3.2991344672492255
mixed,mixture_graph_drop,43,158,264,0.5984848484848485,3.3064909240495535
mixed,mixture_graph_drop,43,159,264,0.6022727272727273,3.2939930956131587
mixed,mixture_graph_drop,43,160,264,0.6060606060606061,3.3083337230940217
mixed,mixture_graph_drop,43,161,264,0.6098484848484849,3.313395198992917
mixed,mixture_graph_drop,43,162,264,0.6136363636363636,3.3061072771709044
mixed,mixture_graph_drop,43,163,264,0.6174242424242424,3.316217265264853
mixed,mixture_graph_drop,43,164,264,0.6212121212121212,3.3355334818143723
mixed,mixture_graph_drop,43,165,264,0.625,3.324706414779506
mixed,mixture_graph_drop,43,166,264,0.6287878787878788,3.3092485986145825
mixed,mixture_graph_drop,43,167,264,0.6325757575757576,3.295137595453529
mixed,mixture_graph_drop,43,168,264,0.6363636363636364,3.3042366938065095
mixed,mixture_graph_drop,43,169,264,0.6401515151515151,3.3142581577730232
mixed,mixture_graph_drop,43,170,264,0.6439393939393939,3.323194092212158
mixed,mixture_graph_drop,43,171,264,0.6477272727272727,3.3329720358046044
mixed,mixture_graph_drop,43,172,264,0.6515151515151515,3.3280219101052135
mixed,mixture_graph_drop,43,173,264,0.6553030303030303,3.314195902576496
mixed,mixture_graph_drop,43,174,264,0.6590909090909091,3.302422613914318
mixed,mixture_graph_drop,43,175,264,0.6628787878787878,3.2993227526184743
mixed,mixture_graph_drop,43,176,264,0.6666666666666666,3.296708607122794
mixed,mixture_graph_drop,43,177,264,0.6704545454545454,3.285454403050625
mixed,mixture_graph_drop,43,178,264,0.6742424242424242,3.278948155676361
mixed,mixture_graph_drop,43,179,264,0.678030303030303,3.277642239119734
mixed,mixture_graph_drop,43,180,264,0.6818181818181818,3.292257162181525
mixed,mixture_graph_drop,43,181,264,0.6856060606060606,3.287080672332397
mixed,mixture_graph_drop,43,182,264,0.6893939393939394,3.28773393173106
mixed,mixture_graph_drop,43,183,264,0.6931818181818182,3.3026298616021386
mixed,mixture_graph_drop,43,184,264,0.696969696969697,3.305270744030278
mixed,mixture_graph_drop,43,185,264,0.7007575757575758,3.3372849420346475
mixed,mixture_graph_drop,43,186,264,0.7045454545454546,3.3463312093554345
mixed,mixture_graph_drop,43,187,264,0.7083333333333334,3.357402010878153
mixed,mixture_graph_drop,43,188,264,0.7121212121212122,3.3706466438991876
mixed,mixture_graph_drop,43,189,264,0.7159090909090909,3.358691260833212
mixed,mixture_graph_drop,43,190,264,0.7196969696969697,3.3682090498324215
mixed,mixture_graph_drop,43,191,264,0.7234848484848485,3.366433353604391
mixed,mixture_graph_drop,43,192,264,0.7272727272727273,3.3967060592322795
mixed,mixture_graph_drop,43,193,264,0.7310606060606061,3.3936194927094725
mixed,mixture_graph_drop,43,194,264,0.7348484848484849,3.3831876340607776
mixed,mixture_graph_drop,43,195,264,0.7386363636363636,3.3704672854287456
mixed,mixture_graph_drop,43,196,264,0.7424242424242424,3.3694460500346963
mixed,mixture_graph_drop,43,197,264,0.7462121212121212,3.382299633883969
mixed,mixture_graph_drop,43,198,264,0.75,3.371193149875843
mixed,mixture_graph_drop,43,199,264,0.7537878787878788,3.3675234923826913
mixed,mixture_graph_drop,43,200,264,0.7575757575757576,3.360718568397295
mixed,mixture_graph_drop,43,201,264,0.7613636363636364,3.377409168211067
mixed,mixture_graph_drop,43,202,264,0.7651515151515151,3.3683995051787843
mixed,mixture_graph_drop,43,203,264,0.7689393939393939,3.373739213948001
mixed,mixture_graph_drop,43,204,264,0.7727272727272727,3.360755514766144
mixed,mixture_graph_drop,43,205,264,0.7765151515151515,3.362993495874775
mixed,mixture_graph_drop,43,206,264,0.7803030303030303,3.349827133531695
mixed,mixture_graph_drop,43,207,264,0.7840909090909091,3.3788578619437453
mixed,mixture_graph_drop,43,208,264,0.7878787878787878,3.3726330981467263
mixed,mixture_graph_drop,43,209,264,0.7916666666666666,3.3760657039787025
mixed,mixture_graph_drop,43,210,264,0.7954545454545454,3.3941780347309525
mixed,mixture_graph_drop,43,211,264,0.7992424242424242,3.3931551528803117
mixed,mixture_graph_drop,43,212,264,0.803030303030303,3.3858047558558817
mixed,mixture_graph_drop,43,213,264,0.8068181818181818,3.3940170770990874
mixed,mixture_graph_drop,43,214,264,0.8106060606060606,3.3914548256693973
mixed,mixture_graph_drop,43,215,264,0.8143939393939394,3.391542825129528
mixed,mixture_graph_drop,43,216,264,0.8181818181818182,3.39805284641203
mixed,mixture_graph_drop,43,217,264,0.821969696969697,3.399247599415352
mixed,mixture_graph_drop,43,218,264,0.8257575757575758,3.3863391891826473
mixed,mixture_graph_drop,43,219,264,0.8295454545454546,3.3866554196778234
mixed,mixture_graph_drop,43,220,264,0.8333333333333334,3.3989537601865063
mixed,mixture_graph_drop,43,221,264,0.8371212121212122,3.397161414775364
mixed,mixture_graph_drop,43,222,264,0.8409090909090909,3.392991835446931
mixed,mixture_graph_drop,43,223,264,0.8446969696969697,3.3860674267665587
mixed,mixture_graph_drop,43,224,264,0.8484848484848485,3.3822275590300452
mixed,mixture_graph_drop,43,225,264,0.8522727272727273,3.3783442259048924
mixed,mixture_graph_drop,43,226,264,0.8560606060606061,3.368856340769354
mixed,mixture_graph_drop,43,227,264,0.8598484848484849,3.3761162008375893
mixed,mixture_graph_drop,43,228,264,0.8636363636363636,3.3807911915442257
mixed,mixture_graph_drop,43,229,264,0.8674242424242424,3.371341784673553
mixed,mixture_graph_drop,43,230,264,0.8712121212121212,3.365206823694482
mixed,mixture_graph_drop,43,231,264,0.875,3.3583182962252827
mixed,mixture_graph_drop,43,232,264,0.8787878787878788,3.348876651760692
mixed,mixture_graph_drop,43,233,264,0.8825757575757576,3.358649627619937
mixed,mixture_graph_drop,43,234,264,0.8863636363636364,3.3711129568316958
mixed,mixture_graph_drop,43,235,264,0.8901515151515151,3.364201319254592
mixed,mixture_graph_drop,43,236,264,0.8939393939393939,3.371905865513471
mixed,mixture_graph_drop,43,237,264,0.8977272727272727,3.365856697303445
mixed,mixture_graph_drop,43,238,264,0.9015151515151515,3.361941080916965
mixed,mixture_graph_drop,43,239,264,0.9053030303030303,3.390872898513029
mixed,mixture_graph_drop,43,240,264,0.9090909090909091,3.3856776626154588
mixed,mixture_graph_drop,43,241,264,0.9128787878787878,3.406857504762825
mixed,mixture_graph_drop,43,242,264,0.9166666666666666,3.4014904976103075
mixed,mixture_graph_drop,43,243,264,0.9204545454545454,3.397023337427072
mixed,mixture_graph_drop,43,244,264,0.9242424242424242,3.390608800670697
mixed,mixture_graph_drop,43,245,264,0.928030303030303,3.385402914985628
mixed,mixture_graph_drop,43,246,264,0.9318181818181818,3.383415596139832
mixed,mixture_graph_drop,43,247,264,0.9356060606060606,3.3818911698126057
mixed,mixture_graph_drop,43,248,264,0.9393939393939394,3.3790113041894383
mixed,mixture_graph_drop,43,249,264,0.9431818181818182,3.370541058239509
mixed,mixture_graph_drop,43,250,264,0.946969696969697,3.383873065224196
mixed,mixture_graph_drop,43,251,264,0.9507575757575758,3.3796262550905376
mixed,mixture_graph_drop,43,252,264,0.9545454545454546,3.38430853602169
mixed,mixture_graph_drop,43,253,264,0.9583333333333334,3.379762700306843
mixed,mixture_graph_drop,43,254,264,0.9621212121212122,3.3798176348966646
mixed,mixture_graph_drop,43,255,264,0.9659090909090909,3.3789193528945276
mixed,mixture_graph_drop,43,256,264,0.9696969696969697,3.3756717571641786
mixed,mixture_graph_drop,43,257,264,0.9734848484848485,3.3801640311030208
mixed,mixture_graph_drop,43,258,264,0.9772727272727273,3.373403847921758
mixed,mixture_graph_drop,43,259,264,0.9810606060606061,3.3836066051307014
mixed,mixture_graph_drop,43,260,264,0.9848484848484849,3.3809397190355854
mixed,mixture_graph_drop,43,261,264,0.9886363636363636,3.3980664503491376
mixed,mixture_graph_drop,43,262,264,0.9924242424242424,3.3907616405870273
mixed,mixture_graph_drop,43,263,264,0.9962121212121212,3.406696955763107
mixed,mixture_graph_drop,43,264,264,1.0,3.4007158282925385
mixed,mixture_conv_drop,43,1,264,0.003787878787878788,4.003777740189158
mixed,mixture_conv_drop,43,2,264,0.007575757575757576,2.764595274384436
mixed,mixture_conv_drop,43,3,264,0.011363636363636364,2.279197762860098
mixed,mixture_conv_drop,43,4,264,0.015151515151515152,1.950964831274476
mixed,mixture_conv_drop,43,5,264,0.01893939393939394,2.0297533186052883
mixed,mixture_conv_drop,43,6,264,0.022727272727272728,2.5146299777906207
mixed,mixture_conv_drop,43,7,264,0.026515151515151516,2.4295529317393796
mixed,mixture_conv_drop,43,8,264,0.030303030303030304,2.396745640973461
mixed,mixture_conv_drop,43,9,264,0.03409090909090909,2.643258061480807
mixed,mixture_conv_drop,43,10,264,0.03787878787878788,2.5046759751371424
mixed,mixture_conv_drop,43,11,264,0.041666666666666664,2.924339302451352
mixed,mixture_conv_drop,43,12,264,0.045454545454545456,2.988053387250055
mixed,mixture_conv_drop,43,13,264,0.04924242424242424,2.8400490929070816
mixed,mixture_conv_drop,43,14,264,0.05303030303030303,2.993765244804195
mixed,mixture_conv_drop,43,15,264,0.056818181818181816,3.1978650646706197
mixed,mixture_conv_drop,43,16,264,0.06060606060606061,3.1610093450510277
mixed,mixture_conv_drop,43,17,264,0.06439393939393939,3.1105177562997044
mixed,mixture_conv_drop,43,18,264,0.06818181818181818,3.396223982969692
mixed,mixture_conv_drop,43,19,264,0.07196969696969698,3.2541889073166974
mixed,mixture_conv_drop,43,20,264,0.07575757575757576,3.1551293541975163
mixed,mixture_conv_drop,43,21,264,0.07954545454545454,3.2317201469548826
mixed,mixture_conv_drop,43,22,264,0.08333333333333333,3.2597105455808846
mixed,mixture_conv_drop,43,23,264,0.08712121212121213,3.1924954486674277
mixed,mixture_conv_drop,43,24,264,0.09090909090909091,3.3499673429703027
mixed,mixture_conv_drop,43,25,264,0.0946969696969697,3.279194647424331
mixed,mixture_conv_drop,43,26,264,0.09848484848484848,3.222861900734905
mixed,mixture_conv_drop,43,27,264,0.10227272727272728,3.3191412387914636
mixed,mixture_conv_drop,43,28,264,0.10606060606060606,3.2787944861391134
mixed,mixture_conv_drop,43,29,264,0.10984848484848485,3.2383249415909123
mixed,mixture_conv_drop,43,30,264,0.11363636363636363,3.2810404053926727
mixed,mixture_conv_drop,43,31,264,0.11742424242424243,3.2110878753643886
mixed,mixture_conv_drop,43,32,264,0.12121212121212122,3.1998745470954626
mixed,mixture_conv_drop,43,33,264,0.125,3.1387092584008665
mixed,mixture_conv_drop,43,34,264,0.12878787878787878,3.1396672873456137
mixed,mixture_conv_drop,43,35,264,0.13257575757575757,3.1205545092466935
mixed,mixture_conv_drop,43,36,264,0.13636363636363635,3.1939671122428694
mixed,mixture_conv_drop,43,37,264,0.14015151515151514,3.184382789220373
mixed,mixture_conv_drop,43,38,264,0.14393939393939395,3.135459621818054
mixed,mixture_conv_drop,43,39,264,0.14772727272727273,3.134912997002929
mixed,mixture_conv_drop,43,40,264,0.15151515151515152,3.0745580267847954
mixed,mixture_conv_drop,43,41,264,0.1553030303030303,3.042291196509659
mixed,mixture_conv_drop,43,42,264,0.1590909090909091,3.0031876912132427
mixed,mixture_conv_drop,43,43,264,0.16287878787878787,3.192279525064514
mixed,mixture_conv_drop,43,44,264,0.16666666666666666,3.1900241457945877
mixed,mixture_conv_drop,43,45,264,0.17045454545454544,3.190278902120302
mixed,mixture_conv_drop,43,46,264,0.17424242424242425,3.2148057101903746
mixed,mixture_conv_drop,43,47,264,0.17803030303030304,3.201803689726757
mixed,mixture_conv_drop,43,48,264,0.18181818181818182,3.1979934188250323
mixed,mixture_conv_drop,43,49,264,0.1856060606060606,3.1940090361080533
mixed,mixture_conv_drop,43,50,264,0.1893939393939394,3.1558682434112355
mixed,mixture_conv_drop,43,51,264,0.19318181818181818,3.162118354299499
mixed,mixture_conv_drop,43,52,264,0.19696969696969696,3.14115774976783
mixed,mixture_conv_drop,43,53,264,0.20075757575757575,3.1118644611243225
mixed,mixture_conv_drop,43,54,264,0.20454545454545456,3.218526253032823
mixed,mixture_conv_drop,43,55,264,0.20833333333333334,3.2042752033456376
mixed,mixture_conv_drop,43,56,264,0.21212121212121213,3.215733678975578
mixed,mixture_conv_drop,43,57,264,0.2159090909090909,3.177188762174107
mixed,mixture_conv_drop,43,58,264,0.2196969696969697,3.1506616323465497
mixed,mixture_conv_drop,43,59,264,0.22348484848484848,3.1328547649499177
mixed,mixture_conv_drop,43,60,264,0.22727272727272727,3.1061387537509897
mixed,mixture_conv_drop,43,61,264,0.23106060606060605,3.0973564071666333
mixed,mixture_conv_drop,43,62,264,0.23484848484848486,3.1046900846823102
mixed,mixture_conv_drop,43,63,264,0.23863636363636365,3.1099722384568054
mixed,mixture_conv_drop,43,64,264,0.24242424242424243,3.116943826572473
mixed,mixture_conv_drop,43,65,264,0.24621212121212122,3.158802263588232
mixed,mixture_conv_drop,43,66,264,0.25,3.1809737488175593
mixed,mixture_conv_drop,43,67,264,0.2537878787878788,3.22933834885358
mixed,mixture_conv_drop,43,68,264,0.25757575757575757,3.2632940388380316
mixed,mixture_conv_drop,43,69,264,0.26136363636363635,3.324720502335535
mixed,mixture_conv_drop,43,70,264,0.26515151515151514,3.3083521765007293
mixed,mixture_conv_drop,43,71,264,0.2689393939393939,3.3066471308492265
mixed,mixture_conv_drop,43,72,264,0.2727272727272727,3.311106389322769
mixed,mixture_conv_drop,43,73,264,0.2765151515151515,3.2753603300125103
mixed,mixture_conv_drop,43,74,264,0.2803030303030303,3.2745892987727707
mixed,mixture_conv_drop,43,75,264,0.2840909090909091,3.2875128418070365
mixed,mixture_conv_drop,43,76,264,0.2878787878787879,3.2902522337890705
mixed,mixture_conv_drop,43,77,264,0.2916666666666667,3.3171901285514633
mixed,mixture_conv_drop,43,78,264,0.29545454545454547,3.292260819208776
mixed,mixture_conv_drop,43,79,264,0.29924242424242425,3.302279832803743
mixed,mixture_conv_drop,43,80,264,0.30303030303030304,3.311556133608943
mixed,mixture_conv_drop,43,81,264,0.3068181818181818,3.349354910544253
mixed,mixture_conv_drop,43,82,264,0.3106060606060606,3.3748948133789836
mixed,mixture_conv_drop,43,83,264,0.3143939393939394,3.3509645270205675
mixed,mixture_conv_drop,43,84,264,0.3181818181818182,3.379109287013412
mixed,mixture_conv_drop,43,85,264,0.32196969696969696,3.3816621681002337
mixed,mixture_conv_drop,43,86,264,0.32575757575757575,3.4074924351822578
mixed,mixture_conv_drop,43,87,264,0.32954545454545453,3.3859164186503747
mixed,mixture_conv_drop,43,88,264,0.3333333333333333,3.3592550423599037
mixed,mixture_conv_drop,43,89,264,0.3371212121212121,3.38692792891367
mixed,mixture_conv_drop,43,90,264,0.3409090909090909,3.357040267055259
mixed,mixture_conv_drop,43,91,264,0.3446969696969697,3.3376345510400625
mixed,mixture_conv_drop,43,92,264,0.3484848484848485,3.3327772994463642
mixed,mixture_conv_drop,43,93,264,0.3522727272727273,3.308217639797137
mixed,mixture_conv_drop,43,94,264,0.3560606060606061,3.3136134778883233
mixed,mixture_conv_drop,43,95,264,0.35984848484848486,3.2917912882911735
mixed,mixture_conv_drop,43,96,264,0.36363636363636365,3.2815869336835584
mixed,mixture_conv_drop,43,97,264,0.36742424242424243,3.2567013543989343
mixed,mixture_conv_drop,43,98,264,0.3712121212121212,3.2701074023555408
mixed,mixture_conv_drop,43,99,264,0.375,3.273470297538708
mixed,mixture_conv_drop,43,100,264,0.3787878787878788,3.292560399647805
mixed,mixture_conv_drop,43,101,264,0.38257575757575757,3.2847892543875368
mixed,mixture_conv_drop,43,102,264,0.38636363636363635,3.29865348487983
mixed,mixture_conv_drop,43,103,264,0.39015151515151514,3.332754810636566
mixed,mixture_conv_drop,43,104,264,0.3939393939393939,3.319578335505712
mixed,mixture_conv_drop,43,105,264,0.3977272727272727,3.3128051916195056
mixed,mixture_conv_drop,43,106,264,0.4015151515151515,3.3089800692551363
mixed,mixture_conv_drop,43,107,264,0.4053030303030303,3.305254607087607
mixed,mixture_conv_drop,43,108,264,0.4090909090909091,3.294449215645002
mixed,mixture_conv_drop,43,109,264,0.4128787878787879,3.278555052783741
mixed,mixture_conv_drop,43,110,264,0.4166666666666667,3.3007107658826076
mixed,mixture_conv_drop,43,111,264,0.42045454545454547,3.3210866125110607
mixed,mixture_conv_drop,43,112,264,0.42424242424242425,3.3098944311898526
mixed,mixture_conv_drop,43,113,264,0.42803030303030304,3.3136804002542504
mixed,mixture_conv_drop,43,114,264,0.4318181818181818,3.3341675264624095
mixed,mixture_conv_drop,43,115,264,0.4356060606060606,3.3296199270081925
mixed,mixture_conv_drop,43,116,264,0.4393939393939394,3.3413234228895083
mixed,mixture_conv_drop,43,117,264,0.4431818181818182,3.331246517581314
mixed,mixture_conv_drop,43,118,264,0.44696969696969696,3.351547100632745
mixed,mixture_conv_drop,43,119,264,0.45075757575757575,3.3629624756854253
mixed,mixture_conv_drop,43,120,264,0.45454545454545453,3.3718366430512887
mixed,mixture_conv_drop,43,121,264,0.4583333333333333,3.3673250899947957
mixed,mixture_conv_drop,43,122,264,0.4621212121212121,3.3614437040865695
mixed,mixture_conv_drop,43,123,264,0.4659090909090909,3.349111229617563
mixed,mixture_conv_drop,43,124,264,0.4696969696969697,3.331486500335219
mixed,mixture_conv_drop,43,125,264,0.4734848484848485,3.344805280238435
mixed,mixture_conv_drop,43,126,264,0.4772727272727273,3.3395534657205874
mixed,mixture_conv_drop,43,127,264,0.4810606060606061,3.353409287934589
mixed,mixture_conv_drop,43,128,264,0.48484848484848486,3.3450413629222693
mixed,mixture_conv_drop,43,129,264,0.48863636363636365,3.3787248501189135
mixed,mixture_conv_drop,43,130,264,0.49242424242424243,3.3864391853692815
mixed,mixture_conv_drop,43,131,264,0.4962121212121212,3.37923056319852
mixed,mixture_conv_drop,43,132,264,0.5,3.371763337305145
mixed,mixture_conv_drop,43,133,264,0.5037878787878788,3.361268590075027
mixed,mixture_conv_drop,43,134,264,0.5075757575757576,3.3560867281802715
mixed,mixture_conv_drop,43,135,264,0.5113636363636364,3.3567217590797225
mixed,mixture_conv_drop,43,136,264,0.5151515151515151,3.3594033884751853
mixed,mixture_conv_drop,43,137,264,0.5189393939393939,3.357231600649428
mixed,mixture_conv_drop,43,138,264,0.5227272727272727,3.374980831601542
mixed,mixture_conv_drop,43,139,264,0.5265151515151515,3.3602781466343954
mixed,mixture_conv_drop,43,140,264,0.5303030303030303,3.3557561406131406
mixed,mixture_conv_drop,43,141,264,0.5340909090909091,3.3696001771223734
mixed,mixture_conv_drop,43,142,264,0.5378787878787878,3.3589142092285504
mixed,mixture_conv_drop,43,143,264,0.5416666666666666,3.353244323403386
mixed,mixture_conv_drop,43,144,264,0.5454545454545454,3.353522708309174
mixed,mixture_conv_drop,43,145,264,0.5492424242424242,3.3388811247936654
mixed,mixture_conv_drop,43,146,264,0.553030303030303,3.329657310660948
mixed,mixture_conv_drop,43,147,264,0.5568181818181818,3.34709417538793
mixed,mixture_conv_drop,43,148,264,0.5606060606060606,3.3473306406841803
mixed,mixture_conv_drop,43,149,264,0.5643939393939394,3.349570645080921
mixed,mixture_conv_drop,43,150,264,0.5681818181818182,3.3569008745408153
mixed,mixture_conv_drop,43,151,264,0.571969696969697,3.3497383500439426
mixed,mixture_conv_drop,43,152,264,0.5757575757575758,3.3630736341215903
mixed,mixture_conv_drop,43,153,264,0.5795454545454546,3.357418422547879
mixed,mixture_conv_drop,43,154,264,0.5833333333333334,3.3542213926312723
mixed,mixture_conv_drop,43,155,264,0.5871212121212122,3.359484861676436
mixed,mixture_conv_drop,43,156,264,0.5909090909090909,3.364833534907957
mixed,mixture_conv_drop,43,157,264,0.5946969696969697,3.3530871510697393
mixed,mixture_conv_drop,43,158,264,0.5984848484848485,3.3420507061199345
mixed,mixture_conv_drop,43,159,264,0.6022727272727273,3.337047195132574
mixed,mixture_conv_drop,43,160,264,0.6060606060606061,3.337393708904229
mixed,mixture_conv_drop,43,161,264,0.6098484848484849,3.3394533286999053
mixed,mixture_conv_drop,43,162,264,0.6136363636363636,3.3279445226005877
mixed,mixture_conv_drop,43,163,264,0.6174242424242424,3.320576853525888
mixed,mixture_conv_drop,43,164,264,0.6212121212121212,3.3369467571482994
mixed,mixture_conv_drop,43,165,264,0.625,3.3349572052802205
mixed,mixture_conv_drop,43,166,264,0.6287878787878788,3.3255632312487866
mixed,mixture_conv_drop,43,167,264,0.6325757575757576,3.3188637710097444
mixed,mixture_conv_drop,43,168,264,0.6363636363636364,3.30789828872083
mixed,mixture_conv_drop,43,169,264,0.6401515151515151,3.3024228796402397
mixed,mixture_conv_drop,43,170,264,0.6439393939393939,3.3061986019586707
mixed,mixture_conv_drop,43,171,264,0.6477272727272727,3.303580341388147
mixed,mixture_conv_drop,43,172,264,0.6515151515151515,3.3010548766835357
mixed,mixture_conv_drop,43,173,264,0.6553030303030303,3.3010512844549234
mixed,mixture_conv_drop,43,174,264,0.6590909090909091,3.28843590553071
mixed,mixture_conv_drop,43,175,264,0.6628787878787878,3.2818972742397916
mixed,mixture_conv_drop,43,176,264,0.6666666666666666,3.2918704956014158
mixed,mixture_conv_drop,43,177,264,0.6704545454545454,3.3145900177428347
mixed,mixture_conv_drop,43,178,264,0.6742424242424242,3.327452554435992
mixed,mixture_conv_drop,43,179,264,0.678030303030303,3.3365312767101005
mixed,mixture_conv_drop,43,180,264,0.6818181818181818,3.3279644350166873
mixed,mixture_conv_drop,43,181,264,0.6856060606060606,3.31497801061956
mixed,mixture_conv_drop,43,182,264,0.6893939393939394,3.3128402968580053
mixed,mixture_conv_drop,43,183,264,0.6931818181818182,3.3458862982304254
mixed,mixture_conv_drop,43,184,264,0.696969696969697,3.349988511723862
mixed,mixture_conv_drop,43,185,264,0.7007575757575758,3.3662266701085706
mixed,mixture_conv_drop,43,186,264,0.7045454545454546,3.3682634855453375
mixed,mixture_conv_drop,43,187,264,0.7083333333333334,3.358051200364004
mixed,mixture_conv_drop,43,188,264,0.7121212121212122,3.3573490647263147
mixed,mixture_conv_drop,43,189,264,0.7159090909090909,3.3475761328803086
mixed,mixture_conv_drop,43,190,264,0.7196969696969697,3.338146726357266
mixed,mixture_conv_drop,43,191,264,0.7234848484848485,3.3391164841705927
mixed,mixture_conv_drop,43,192,264,0.7272727272727273,3.347375978223992
mixed,mixture_conv_drop,43,193,264,0.7310606060606061,3.364069250239821
mixed,mixture_conv_drop,43,194,264,0.7348484848484849,3.3585355231310503
mixed,mixture_conv_drop,43,195,264,0.7386363636363636,3.3675784621372014
mixed,mixture_conv_drop,43,196,264,0.7424242424242424,3.381284591905
mixed,mixture_conv_drop,43,197,264,0.7462121212121212,3.3777159690651852
mixed,mixture_conv_drop,43,198,264,0.75,3.3839062416977654
mixed,mixture_conv_drop,43,199,264,0.7537878787878788,3.3772210226877486
mixed,mixture_conv_drop,43,200,264,0.7575757575757576,3.370248050223765
mixed,mixture_conv_drop,43,201,264,0.7613636363636364,3.3884804655010297
mixed,mixture_conv_drop,43,202,264,0.7651515151515151,3.3859628127571315
mixed,mixture_conv_drop,43,203,264,0.7689393939393939,3.390754174897549
mixed,mixture_conv_drop,43,204,264,0.7727272727272727,3.409616070610666
mixed,mixture_conv_drop,43,205,264,0.7765151515151515,3.406112000946951
mixed,mixture_conv_drop,43,206,264,0.7803030303030303,3.3981634158157323
mixed,mixture_conv_drop,43,207,264,0.7840909090909091,3.387902645629562
mixed,mixture_conv_drop,43,208,264,0.7878787878787878,3.382626229261547
mixed,mixture_conv_drop,43,209,264,0.7916666666666666,3.3796963391965944
mixed,mixture_conv_drop,43,210,264,0.7954545454545454,3.373094944150107
mixed,mixture_conv_drop,43,211,264,0.7992424242424242,3.400168616247118
mixed,mixture_conv_drop,43,212,264,0.803030303030303,3.39840561831973
mixed,mixture_conv_drop,43,213,264,0.8068181818181818,3.388956339475148
mixed,mixture_conv_drop,43,214,264,0.8106060606060606,3.41621289544982
mixed,mixture_conv_drop,43,215,264,0.8143939393939394,3.4103062936355943
mixed,mixture_conv_drop,43,216,264,0.8181818181818182,3.420401792672123
mixed,mixture_conv_drop,43,217,264,0.821969696969697,3.416992767017493
mixed,mixture_conv_drop,43,218,264,0.8257575757575758,3.4129146912744694
mixed,mixture_conv_drop,43,219,264,0.8295454545454546,3.419045516572519
mixed,mixture_conv_drop,43,220,264,0.8333333333333334,3.412108044243111
mixed,mixture_conv_drop,43,221,264,0.8371212121212122,3.4000631329330147
mixed,mixture_conv_drop,43,222,264,0.8409090909090909,3.3904569499161368
mixed,mixture_conv_drop,43,223,264,0.8446969696969697,3.3888345978812824
mixed,mixture_conv_drop,43,224,264,0.8484848484848485,3.384477623999531
mixed,mixture_conv_drop,43,225,264,0.8522727272727273,3.379512105718538
mixed,mixture_conv_drop,43,226,264,0.8560606060606061,3.378659812597144
mixed,mixture_conv_drop,43,227,264,0.8598484848484849,3.3775828649230615
mixed,mixture_conv_drop,43,228,264,0.8636363636363636,3.373948311377193
mixed,mixture_conv_drop,43,229,264,0.8674242424242424,3.367426198193997
mixed,mixture_conv_drop,43,230,264,0.8712121212121212,3.36738933982896
mixed,mixture_conv_drop,43,231,264,0.875,3.3829378323649335
mixed,mixture_conv_drop,43,232,264,0.8787878787878788,3.388524888134438
mixed,mixture_conv_drop,43,233,264,0.8825757575757576,3.3800098959010327
mixed,mixture_conv_drop,43,234,264,0.8863636363636364,3.378147120136041
mixed,mixture_conv_drop,43,235,264,0.8901515151515151,3.383428934300135
mixed,mixture_conv_drop,43,236,264,0.8939393939393939,3.3881812218976264
mixed,mixture_conv_drop,43,237,264,0.8977272727272727,3.383591313388885
mixed,mixture_conv_drop,43,238,264,0.9015151515151515,3.3813275142334467
mixed,mixture_conv_drop,43,239,264,0.9053030303030303,3.4038579683369625
mixed,mixture_conv_drop,43,240,264,0.9090909090909091,3.4107009806364426
mixed,mixture_conv_drop,43,241,264,0.9128787878787878,3.408792673868312
mixed,mixture_conv_drop,43,242,264,0.9166666666666666,3.408360802657501
mixed,mixture_conv_drop,43,243,264,0.9204545454545454,3.40908380537804
mixed,mixture_conv_drop,43,244,264,0.9242424242424242,3.411144835498472
mixed,mixture_conv_drop,43,245,264,0.928030303030303,3.408019601512236
mixed,mixture_conv_drop,43,246,264,0.9318181818181818,3.4011035844504174
mixed,mixture_conv_drop,43,247,264,0.9356060606060606,3.4079646717934287
mixed,mixture_conv_drop,43,248,264,0.9393939393939394,3.407239345093586
mixed,mixture_conv_drop,43,249,264,0.9431818181818182,3.412808574423331
mixed,mixture_conv_drop,43,250,264,0.946969696969697,3.412802273402104
mixed,mixture_conv_drop,43,251,264,0.9507575757575758,3.410354041740284
mixed,mixture_conv_drop,43,252,264,0.9545454545454546,3.4031863766888266
mixed,mixture_conv_drop,43,253,264,0.9583333333333334,3.404847587804311
mixed,mixture_conv_drop,43,254,264,0.9621212121212122,3.3957702009530943
mixed,mixture_conv_drop,43,255,264,0.9659090909090909,3.394537178167636
mixed,mixture_conv_drop,43,256,264,0.9696969696969697,3.386159542143579
mixed,mixture_conv_drop,43,257,264,0.9734848484848485,3.4117099454718804
mixed,mixture_conv_drop,43,258,264,0.9772727272727273,3.4120780150284706
mixed,mixture_conv_drop,43,259,264,0.9810606060606061,3.4085215934449664
mixed,mixture_conv_drop,43,260,264,0.9848484848484849,3.4083460885469083
mixed,mixture_conv_drop,43,261,264,0.9886363636363636,3.4182419840345313
mixed,mixture_conv_drop,43,262,264,0.9924242424242424,3.414878388453706
mixed,mixture_conv_drop,43,263,264,0.9962121212121212,3.4077108714950803
mixed,mixture_conv_drop,43,264,264,1.0,3.4240451043709
mixed,mixture_plain,43,1,264,0.003787878787878788,0.6048576334532437
mixed,mixture_plain,43,2,264,0.007575757575757576,3.1559025448285998
mixed,mixture_plain,43,3,264,0.011363636363636364,3.1135719724584874
mixed,mixture_plain,43,4,264,0.015151515151515152,3.1858998839274686
mixed,mixture_plain,43,5,264,0.01893939393939394,2.8358308237694594
mixed,mixture_plain,43,6,264,0.022727272727272728,2.872583231201888
mixed,mixture_plain,43,7,264,0.026515151515151516,2.7915872036159692
mixed,mixture_plain,43,8,264,0.030303030303030304,3.1350734649243055
mixed,mixture_plain,43,9,264,0.03409090909090909,2.9142828611518805
mixed,mixture_plain,43,10,264,0.03787878787878788,3.1907632076561536
mixed,mixture_plain,43,11,264,0.041666666666666664,3.1749269683405235
mixed,mixture_plain,43,12,264,0.045454545454545456,3.2629373432205586
mixed,mixture_plain,43,13,264,0.04924242424242424,3.218457793313839
mixed,mixture_plain,43,14,264,0.05303030303030303,3.120774334429377
mixed,mixture_plain,43,15,264,0.056818181818181816,3.059937111557891
mixed,mixture_plain,43,16,264,0.06060606060606061,3.3208353157033774
mixed,mixture_plain,43,17,264,0.06439393939393939,3.2045857858363584
mixed,mixture_plain,43,18,264,0.06818181818181818,3.10036052713546
mixed,mixture_plain,43,19,264,0.07196969696969698,3.0330871689384376
mixed,mixture_plain,43,20,264,0.07575757575757576,3.0109969176314517
mixed,mixture_plain,43,21,264,0.07954545454545454,3.035987340238126
mixed,mixture_plain,43,22,264,0.08333333333333333,3.0431872998076686
mixed,mixture_plain,43,23,264,0.08712121212121213,2.959631999471471
mixed,mixture_plain,43,24,264,0.09090909090909091,3.017891014099956
mixed,mixture_plain,43,25,264,0.0946969696969697,3.042472942717774
mixed,mixture_plain,43,26,264,0.09848484848484848,3.044348932283218
mixed,mixture_plain,43,27,264,0.10227272727272728,3.1702610075350752
mixed,mixture_plain,43,28,264,0.10606060606060606,3.1111906941536516
mixed,mixture_plain,43,29,264,0.10984848484848485,3.0690896638348155
mixed,mixture_plain,43,30,264,0.11363636363636363,2.9943126252221757
mixed,mixture_plain,43,31,264,0.11742424242424243,2.943407981209753
mixed,mixture_plain,43,32,264,0.12121212121212122,2.890726708253956
mixed,mixture_plain,43,33,264,0.125,2.865439883263362
mixed,mixture_plain,43,34,264,0.12878787878787878,2.9361413742891767
mixed,mixture_plain,43,35,264,0.13257575757575757,2.9301172118905408
mixed,mixture_plain,43,36,264,0.13636363636363635,2.9269409793789785
mixed,mixture_plain,43,37,264,0.14015151515151514,2.966121409627722
mixed,mixture_plain,43,38,264,0.14393939393939395,2.931365889407074
mixed,mixture_plain,43,39,264,0.14772727272727273,2.9435740041980227
mixed,mixture_plain,43,40,264,0.15151515151515152,2.894847721586529
mixed,mixture_plain,43,41,264,0.1553030303030303,2.8798257002481646
mixed,mixture_plain,43,42,264,0.1590909090909091,2.8491073613233455
mixed,mixture_plain,43,43,264,0.16287878787878787,2.831478564764942
mixed,mixture_plain,43,44,264,0.16666666666666666,2.827166370832618
mixed,mixture_plain,43,45,264,0.17045454545454544,2.797215467098678
mixed,mixture_plain,43,46,264,0.17424242424242425,2.773261823262562
mixed,mixture_plain,43,47,264,0.17803030303030304,2.767542275410128
mixed,mixture_plain,43,48,264,0.18181818181818182,2.7344941317827236
mixed,mixture_plain,43,49,264,0.1856060606060606,2.7560347512942833
mixed,mixture_plain,43,50,264,0.1893939393939394,2.773088888437266
mixed,mixture_plain,43,51,264,0.19318181818181818,2.789718212741598
mixed,mixture_plain,43,52,264,0.19696969696969696,2.763470001380552
mixed,mixture_plain,43,53,264,0.20075757575757575,2.772989102435855
mixed,mixture_plain,43,54,264,0.20454545454545456,2.824731885245339
mixed,mixture_plain,43,55,264,0.20833333333333334,2.891451978506361
mixed,mixture_plain,43,56,264,0.21212121212121213,2.8803757396031346
mixed,mixture_plain,43,57,264,0.2159090909090909,2.8966618584074806
mixed,mixture_plain,43,58,264,0.2196969696969697,2.9444990678582736
mixed,mixture_plain,43,59,264,0.22348484848484848,2.9294201538275293
mixed,mixture_plain,43,60,264,0.22727272727272727,2.9087887643260024
mixed,mixture_plain,43,61,264,0.23106060606060605,2.9133321019358087
mixed,mixture_plain,43,62,264,0.23484848484848486,2.902332071940806
mixed,mixture_plain,43,63,264,0.23863636363636365,2.902922080744911
mixed,mixture_plain,43,64,264,0.24242424242424243,2.9418693301914622
mixed,mixture_plain,43,65,264,0.24621212121212122,2.939314645077351
mixed,mixture_plain,43,66,264,0.25,2.9076067245998063
mixed,mixture_plain,43,67,264,0.2537878787878788,2.916683204950514
mixed,mixture_plain,43,68,264,0.25757575757575757,2.908704383321299
mixed,mixture_plain,43,69,264,0.26136363636363635,2.9422043404052625
mixed,mixture_plain,43,70,264,0.26515151515151514,2.9512053610805307
mixed,mixture_plain,43,71,264,0.2689393939393939,2.9860320988272937
mixed,mixture_plain,43,72,264,0.2727272727272727,2.9744780914022826
mixed,mixture_plain,43,73,264,0.2765151515151515,2.970198609877893
mixed,mixture_plain,43,74,264,0.2803030303030303,2.985976753875519
mixed,mixture_plain,43,75,264,0.2840909090909091,2.97120562949711
mixed,mixture_plain,43,76,264,0.2878787878787879,2.9681777162133867
mixed,mixture_plain,43,77,264,0.2916666666666667,2.9822504480411287
mixed,mixture_plain,43,78,264,0.29545454545454547,2.977779992447919
mixed,mixture_plain,43,79,264,0.29924242424242425,2.974808542746988
mixed,mixture_plain,43,80,264,0.30303030303030304,3.001851336102543
mixed,mixture_plain,43,81,264,0.3068181818181818,2.981949788798063
mixed,mixture_plain,43,82,264,0.3106060606060606,2.9777488955195417
mixed,mixture_plain,43,83,264,0.3143939393939394,2.9647293438675923
mixed,mixture_plain,43,84,264,0.3181818181818182,2.9618995711106613
mixed,mixture_plain,43,85,264,0.32196969696969696,2.978043417705997
mixed,mixture_plain,43,86,264,0.32575757575757575,2.9660476855596025
mixed,mixture_plain,43,87,264,0.32954545454545453,2.9611692347348475
mixed,mixture_plain,43,88,264,0.3333333333333333,2.9714046327232064
mixed,mixture_plain,43,89,264,0.3371212121212121,3.001728690904384
mixed,mixture_plain,43,90,264,0.3409090909090909,2.995751971691142
mixed,mixture_plain,43,91,264,0.3446969696969697,2.985242707341205
mixed,mixture_plain,43,92,264,0.3484848484848485,3.0445027868556513
mixed,mixture_plain,43,93,264,0.3522727272727273,3.0449137672352924
mixed,mixture_plain,43,94,264,0.3560606060606061,3.0258764728429597
mixed,mixture_plain,43,95,264,0.35984848484848486,3.0101682183348473
mixed,mixture_plain,43,96,264,0.36363636363636365,2.9950387268319205
mixed,mixture_plain,43,97,264,0.36742424242424243,2.995669003141347
mixed,mixture_plain,43,98,264,0.3712121212121212,3.0110062044590955
mixed,mixture_plain,43,99,264,0.375,2.9988036548675887
mixed,mixture_plain,43,100,264,0.3787878787878788,2.975346807328262
mixed,mixture_plain,43,101,264,0.38257575757575757,2.959567696012294
mixed,mixture_plain,43,102,264,0.38636363636363635,2.9881771252450564
mixed,mixture_plain,43,103,264,0.39015151515151514,3.0210584695037292
mixed,mixture_plain,43,104,264,0.3939393939393939,3.041627801933414
mixed,mixture_plain,43,105,264,0.3977272727272727,3.0338680725920346
mixed,mixture_plain,43,106,264,0.4015151515151515,3.0564466321797017
mixed,mixture_plain,43,107,264,0.4053030303030303,3.0459768744070534
mixed,mixture_plain,43,108,264,0.4090909090909091,3.0274801893864813
mixed,mixture_plain,43,109,264,0.4128787878787879,3.0114896826734405
mixed,mixture_plain,43,110,264,0.4166666666666667,3.025136694138871
mixed,mixture_plain,43,111,264,0.42045454545454547,3.0665143689536576
mixed,mixture_plain,43,112,264,0.42424242424242425,3.0668089299474346
mixed,mixture_plain,43,113,264,0.42803030303030304,3.0677854085703204
mixed,mixture_plain,43,114,264,0.4318181818181818,3.047734934161275
mixed,mixture_plain,43,115,264,0.4356060606060606,3.047593650111587
mixed,mixture_plain,43,116,264,0.4393939393939394,3.0566666179184487
mixed,mixture_plain,43,117,264,0.4431818181818182,3.0658262306163895
mixed,mixture_plain,43,118,264,0.44696969696969696,3.06803156200112
mixed,mixture_plain,43,119,264,0.45075757575757575,3.0686804068681557
mixed,mixture_plain,43,120,264,0.45454545454545453,3.092317992977196
mixed,mixture_plain,43,121,264,0.4583333333333333,3.117111233239795
mixed,mixture_plain,43,122,264,0.4621212121212121,3.11323441792893
mixed,mixture_plain,43,123,264,0.4659090909090909,3.1123156469174784
mixed,mixture_plain,43,124,264,0.4696969696969697,3.1112149538823504
mixed,mixture_plain,43,125,264,0.4734848484848485,3.1050591012012374
mixed,mixture_plain,43,126,264,0.4772727272727273,3.1137692421503322
mixed,mixture_plain,43,127,264,0.4810606060606061,3.105714660860995
mixed,mixture_plain,43,128,264,0.48484848484848486,3.1190559612851985
mixed,mixture_plain,43,129,264,0.48863636363636365,3.1090256817189297
mixed,mixture_plain,43,130,264,0.49242424242424243,3.1075183347696718
mixed,mixture_plain,43,131,264,0.4962121212121212,3.097949579870642
mixed,mixture_plain,43,132,264,0.5,3.0959960136127727
mixed,mixture_plain,43,133,264,0.5037878787878788,3.0892491682172936
mixed,mixture_plain,43,134,264,0.5075757575757576,3.109942952390885
mixed,mixture_plain,43,135,264,0.5113636363636364,3.1221356051054276
mixed,mixture_plain,43,136,264,0.5151515151515151,3.179842363078162
mixed,mixture_plain,43,137,264,0.5189393939393939,3.192693390789779
mixed,mixture_plain,43,138,264,0.5227272727272727,3.192202848998608
mixed,mixture_plain,43,139,264,0.5265151515151515,3.1872037449959705
mixed,mixture_plain,43,140,264,0.5303030303030303,3.1888333193941953
mixed,mixture_plain,43,141,264,0.5340909090909091,3.189624310140128
mixed,mixture_plain,43,142,264,0.5378787878787878,3.1849198814843156
mixed,mixture_plain,43,143,264,0.5416666666666666,3.2031505368777116
mixed,mixture_plain,43,144,264,0.5454545454545454,3.2065777831601188
mixed,mixture_plain,43,145,264,0.5492424242424242,3.208620640694037
mixed,mixture_plain,43,146,264,0.553030303030303,3.1947410263959077
mixed,mixture_plain,43,147,264,0.5568181818181818,3.178021297713164
mixed,mixture_plain,43,148,264,0.5606060606060606,3.1727607929687687
mixed,mixture_plain,43,149,264,0.5643939393939394,3.162557977379144
mixed,mixture_plain,43,150,264,0.5681818181818182,3.1836642947240366
mixed,mixture_plain,43,151,264,0.571969696969697,3.1756899622992862
mixed,mixture_plain,43,152,264,0.5757575757575758,3.1810484596143156
mixed,mixture_plain,43,153,264,0.5795454545454546,3.1949138656847134
mixed,mixture_plain,43,154,264,0.5833333333333334,3.2137389802506777
mixed,mixture_plain,43,155,264,0.5871212121212122,3.2184126508466018
mixed,mixture_plain,43,156,264,0.5909090909090909,3.214339213343731
mixed,mixture_plain,43,157,264,0.5946969696969697,3.213461966735448
mixed,mixture_plain,43,158,264,0.5984848484848485,3.237490784253023
mixed,mixture_plain,43,159,264,0.6022727272727273,3.2237077133804597
mixed,mixture_plain,43,160,264,0.6060606060606061,3.2087901230848592
mixed,mixture_plain,43,161,264,0.6098484848484849,3.2114709722423997
mixed,mixture_plain,43,162,264,0.6136363636363636,3.2229447634855712
mixed,mixture_plain,43,163,264,0.6174242424242424,3.2278181760227493
mixed,mixture_plain,43,164,264,0.6212121212121212,3.2158470566197295
mixed,mixture_plain,43,165,264,0.625,3.223050628142016
mixed,mixture_plain,43,166,264,0.6287878787878788,3.21098972186006
mixed,mixture_plain,43,167,264,0.6325757575757576,3.2326989191546733
mixed,mixture_plain,43,168,264,0.6363636363636364,3.23599224089357
mixed,mixture_plain,43,169,264,0.6401515151515151,3.2270603843952954
mixed,mixture_plain,43,170,264,0.6439393939393939,3.217171185498198
mixed,mixture_plain,43,171,264,0.6477272727272727,3.247174147074465
mixed,mixture_plain,43,172,264,0.6515151515151515,3.2657770192088544
mixed,mixture_plain,43,173,264,0.6553030303030303,3.2646772506979387
mixed,mixture_plain,43,174,264,0.6590909090909091,3.2635078799202324
mixed,mixture_plain,43,175,264,0.6628787878787878,3.278670874282413
mixed,mixture_plain,43,176,264,0.6666666666666666,3.273536107135401
mixed,mixture_plain,43,177,264,0.6704545454545454,3.2789385225680387
mixed,mixture_plain,43,178,264,0.6742424242424242,3.2946817672171003
mixed,mixture_plain,43,179,264,0.678030303030303,3.288528864792803
mixed,mixture_plain,43,180,264,0.6818181818181818,3.2836991974749075
mixed,mixture_plain,43,181,264,0.6856060606060606,3.2747986302077847
mixed,mixture_plain,43,182,264,0.6893939393939394,3.2750164799607266
mixed,mixture_plain,43,183,264,0.6931818181818182,3.2839077563222876
mixed,mixture_plain,43,184,264,0.696969696969697,3.275505976944299
mixed,mixture_plain,43,185,264,0.7007575757575758,3.2829475877395096
mixed,mixture_plain,43,186,264,0.7045454545454546,3.293010736804614
mixed,mixture_plain,43,187,264,0.7083333333333334,3.3092893024245336
mixed,mixture_plain,43,188,264,0.7121212121212122,3.3053935748779595
mixed,mixture_plain,43,189,264,0.7159090909090909,3.292228753097478
mixed,mixture_plain,43,190,264,0.7196969696969697,3.32332444142006
mixed,mixture_plain,43,191,264,0.7234848484848485,3.3312238875406224
mixed,mixture_plain,43,192,264,0.7272727272727273,3.331004311747064
mixed,mixture_plain,43,193,264,0.7310606060606061,3.323418994763639
mixed,mixture_plain,43,194,264,0.7348484848484849,3.315365526758357
mixed,mixture_plain,43,195,264,0.7386363636363636,3.3349132688556153
mixed,mixture_plain,43,196,264,0.7424242424242424,3.3356545614682056
mixed,mixture_plain,43,197,264,0.7462121212121212,3.332437042376507
mixed,mixture_plain,43,198,264,0.75,3.327595323628555
mixed,mixture_plain,43,199,264,0.7537878787878788,3.333899301550217
mixed,mixture_plain,43,200,264,0.7575757575757576,3.3217847714823314
mixed,mixture_plain,43,201,264,0.7613636363636364,3.331484000203045
mixed,mixture_plain,43,202,264,0.7651515151515151,3.3266265303579705
mixed,mixture_plain,43,203,264,0.7689393939393939,3.316724957057277
mixed,mixture_plain,43,204,264,0.7727272727272727,3.346409937793963
mixed,mixture_plain,43,205,264,0.7765151515151515,3.3422187708332776
mixed,mixture_plain,43,206,264,0.7803030303030303,3.331433212787431
mixed,mixture_plain,43,207,264,0.7840909090909091,3.3251494283082454
mixed,mixture_plain,43,208,264,0.7878787878787878,3.324242690469537
mixed,mixture_plain,43,209,264,0.7916666666666666,3.3210762866899675
mixed,mixture_plain,43,210,264,0.7954545454545454,3.3173551222956554
mixed,mixture_plain,43,211,264,0.7992424242424242,3.315383109934811
mixed,mixture_plain,43,212,264,0.803030303030303,3.306869130115539
mixed,mixture_plain,43,213,264,0.8068181818181818,3.3216964935719893
mixed,mixture_plain,43,214,264,0.8106060606060606,3.3129483829817588
mixed,mixture_plain,43,215,264,0.8143939393939394,3.3198884653405654
mixed,mixture_plain,43,216,264,0.8181818181818182,3.3225936844523347
mixed,mixture_plain,43,217,264,0.821969696969697,3.3247464607932566
mixed,mixture_plain,43,218,264,0.8257575757575758,3.317672836093727
mixed,mixture_plain,43,219,264,0.8295454545454546,3.3263293408972725
mixed,mixture_plain,43,220,264,0.8333333333333334,3.3311028993350904
mixed,mixture_plain,43,221,264,0.8371212121212122,3.3243192448849017
mixed,mixture_plain,43,222,264,0.8409090909090909,3.3190481062553125
mixed,mixture_plain,43,223,264,0.8446969696969697,3.3096960734452794
mixed,mixture_plain,43,224,264,0.8484848484848485,3.3091520890655888
mixed,mixture_plain,43,225,264,0.8522727272727273,3.3186200772247956
mixed,mixture_plain,43,226,264,0.8560606060606061,3.3266878550131187
mixed,mixture_plain,43,227,264,0.8598484848484849,3.317660048957925
mixed,mixture_plain,43,228,264,0.8636363636363636,3.327550192522558
mixed,mixture_plain,43,229,264,0.8674242424242424,3.3373170532987224
mixed,mixture_plain,43,230,264,0.8712121212121212,3.335079296234885
mixed,mixture_plain,43,231,264,0.875,3.3416168221961926
mixed,mixture_plain,43,232,264,0.8787878787878788,3.336109915548815
mixed,mixture_plain,43,233,264,0.8825757575757576,3.3535980803677057
mixed,mixture_plain,43,234,264,0.8863636363636364,3.3587739395449745
mixed,mixture_plain,43,235,264,0.8901515151515151,3.37197305601263
mixed,mixture_plain,43,236,264,0.8939393939393939,3.3740972109854885
mixed,mixture_plain,43,237,264,0.8977272727272727,3.368868021761158
mixed,mixture_plain,43,238,264,0.9015151515151515,3.373772917049682
mixed,mixture_plain,43,239,264,0.9053030303030303,3.3648706328586955
mixed,mixture_plain,43,240,264,0.9090909090909091,3.356150113635116
mixed,mixture_plain,43,241,264,0.9128787878787878,3.3579256104727477
mixed,mixture_plain,43,242,264,0.9166666666666666,3.3527412334045
mixed,mixture_plain,43,243,264,0.9204545454545454,3.3539635435552766
mixed,mixture_plain,43,244,264,0.9242424242424242,3.3533772494952703
mixed,mixture_plain,43,245,264,0.928030303030303,3.346760553276288
mixed,mixture_plain,43,246,264,0.9318181818181818,3.372757306628897
mixed,mixture_plain,43,247,264,0.9356060606060606,3.369080197559529
mixed,mixture_plain,43,248,264,0.9393939393939394,3.366019622075831
mixed,mixture_plain,43,249,264,0.9431818181818182,3.364055452596664
mixed,mixture_plain,43,250,264,0.946969696969697,3.360998888661517
mixed,mixture_plain,43,251,264,0.9507575757575758,3.355199466627829
mixed,mixture_plain,43,252,264,0.9545454545454546,3.3533591848389825
mixed,mixture_plain,43,253,264,0.9583333333333334,3.362087844592745
mixed,mixture_plain,43,254,264,0.9621212121212122,3.3562391650934122
mixed,mixture_plain,43,255,264,0.9659090909090909,3.3470712424053417
mixed,mixture_plain,43,256,264,0.9696969696969697,3.366878309093164
mixed,mixture_plain,43,257,264,0.9734848484848485,3.3790916010409995
mixed,mixture_plain,43,258,264,0.9772727272727273,3.3746061725097887
mixed,mixture_plain,43,259,264,0.9810606060606061,3.3667242718058463
mixed,mixture_plain,43,260,264,0.9848484848484849,3.384921853786253
mixed,mixture_plain,43,261,264,0.9886363636363636,3.3822473602790333
mixed,mixture_plain,43,262,264,0.9924242424242424,3.3801556199349556
mixed,mixture_plain,43,263,264,0.9962121212121212,3.376865660243372
mixed,mixture_plain,43,264,264,1.0,3.37233060345295
mixed,plain_graph_always,43,1,264,0.003787878787878788,0.5398760816542556
mixed,plain_graph_always,43,2,264,0.007575757575757576,0.8165913919435467
mixed,plain_graph_always,43,3,264,0.011363636363636364,1.3168973914402884
mixed,plain_graph_always,43,4,264,0.015151515151515152,1.6450960579166873
mixed,plain_graph_always,43,5,264,0.01893939393939394,2.6581553011102423
mixed,plain_graph_always,43,6,264,0.022727272727272728,3.084920793105791
mixed,plain_graph_always,43,7,264,0.026515151515151516,3.466382209547575
mixed,plain_graph_always,43,8,264,0.030303030303030304,3.222036907858859
mixed,plain_graph_always,43,9,264,0.03409090909090909,3.3984199251466074
mixed,plain_graph_always,43,10,264,0.03787878787878788,3.4976506887626306
mixed,plain_graph_always,43,11,264,0.041666666666666664,3.3201386779308835
mixed,plain_graph_always,43,12,264,0.045454545454545456,3.2343148015819554
mixed,plain_graph_always,43,13,264,0.04924242424242424,3.335343045791007
mixed,plain_graph_always,43,14,264,0.05303030303030303,3.2686989019646817
mixed,plain_graph_always,43,15,264,0.056818181818181816,3.14875073010586
mixed,plain_graph_always,43,16,264,0.06060606060606061,3.032695850234308
mixed,plain_graph_always,43,17,264,0.06439393939393939,2.9620565763895557
mixed,plain_graph_always,43,18,264,0.06818181818181818,2.868122263942934
mixed,plain_graph_always,43,19,264,0.07196969696969698,2.8355093427125952
mixed,plain_graph_always,43,20,264,0.07575757575757576,2.828580247129293
mixed,plain_graph_always,43,21,264,0.07954545454545454,2.7966909091476033
mixed,plain_graph_always,43,22,264,0.08333333333333333,2.71371473472586
mixed,plain_graph_always,43,23,264,0.08712121212121213,2.8393107197089495
mixed,plain_graph_always,43,24,264,0.09090909090909091,2.804962918823284
mixed,plain_graph_always,43,25,264,0.0946969696969697,2.7478089429837813
mixed,plain_graph_always,43,26,264,0.09848484848484848,2.801653493185613
mixed,plain_graph_always,43,27,264,0.10227272727272728,2.778768704498281
mixed,plain_graph_always,43,28,264,0.10606060606060606,2.7527074288147637
mixed,plain_graph_always,43,29,264,0.10984848484848485,2.7479128297765625
mixed,plain_graph_always,43,30,264,0.11363636363636363,2.719404334158361
mixed,plain_graph_always,43,31,264,0.11742424242424243,2.7039741553550685
mixed,plain_graph_always,43,32,264,0.12121212121212122,2.6840366888690332
mixed,plain_graph_always,43,33,264,0.125,2.6870997047080842
mixed,plain_graph_always,43,34,264,0.12878787878787878,2.703322584934448
mixed,plain_graph_always,43,35,264,0.13257575757575757,2.714483570824801
mixed,plain_graph_always,43,36,264,0.13636363636363635,2.7244241518967773
mixed,plain_graph_always,43,37,264,0.14015151515151514,2.7222681398636057
mixed,plain_graph_always,43,38,264,0.14393939393939395,2.7305568018450894
mixed,plain_graph_always,43,39,264,0.14772727272727273,2.717626952142929
mixed,plain_graph_always,43,40,264,0.15151515151515152,2.6725722682150352
mixed,plain_graph_always,43,41,264,0.1553030303030303,2.649566504934235
mixed,plain_graph_always,43,42,264,0.1590909090909091,2.646413856390061
mixed,plain_graph_always,43,43,264,0.16287878787878787,2.814406787018345
mixed,plain_graph_always,43,44,264,0.16666666666666666,2.909434784618101
mixed,plain_graph_always,43,45,264,0.17045454545454544,2.955955020755777
mixed,plain_graph_always,43,46,264,0.17424242424242425,2.9855746592184316
mixed,plain_graph_always,43,47,264,0.17803030303030304,3.0677957915443397
mixed,plain_graph_always,43,48,264,0.18181818181818182,3.021524165874768
mixed,plain_graph_always,43,49,264,0.1856060606060606,2.9954960058664906
mixed,plain_graph_always,43,50,264,0.1893939393939394,3.054618986437341
mixed,plain_graph_always,43,51,264,0.19318181818181818,3.0524204995842603
mixed,plain_graph_always,43,52,264,0.19696969696969696,3.071444619588417
mixed,plain_graph_always,43,53,264,0.20075757575757575,3.060648459862328
mixed,plain_graph_always,43,54,264,0.20454545454545456,3.047548523009336
mixed,plain_graph_always,43,55,264,0.20833333333333334,3.125015672329838
mixed,plain_graph_always,43,56,264,0.21212121212121213,3.1925926777578986
mixed,plain_graph_always,43,57,264,0.2159090909090909,3.168191746560851
mixed,plain_graph_always,43,58,264,0.2196969696969697,3.1733171295341642
mixed,plain_graph_always,43,59,264,0.22348484848484848,3.1419000402561443
mixed,plain_graph_always,43,60,264,0.22727272727272727,3.1167378846836633
mixed,plain_graph_always,43,61,264,0.23106060606060605,3.1026867262498086
mixed,plain_graph_always,43,62,264,0.23484848484848486,3.112362925308602
mixed,plain_graph_always,43,63,264,0.23863636363636365,3.098238226606049
mixed,plain_graph_always,43,64,264,0.24242424242424243,3.0820909999328916
mixed,plain_graph_always,43,65,264,0.24621212121212122,3.1246271143017257
mixed,plain_graph_always,43,66,264,0.25,3.09926061455217
mixed,plain_graph_always,43,67,264,0.2537878787878788,3.0920882012518858
mixed,plain_graph_always,43,68,264,0.25757575757575757,3.0701100898923817
mixed,plain_graph_always,43,69,264,0.26136363636363635,3.063081166082687
mixed,plain_graph_always,43,70,264,0.26515151515151514,3.0762412898054343
mixed,plain_graph_always,43,71,264,0.2689393939393939,3.0644745695337674
mixed,plain_graph_always,43,72,264,0.2727272727272727,3.0868450165975325
mixed,plain_graph_always,43,73,264,0.2765151515151515,3.1190092326698258
mixed,plain_graph_always,43,74,264,0.2803030303030303,3.118520185053608
mixed,plain_graph_always,43,75,264,0.2840909090909091,3.117357573862617
mixed,plain_graph_always,43,76,264,0.2878787878787879,3.1290557383421795
mixed,plain_graph_always,43,77,264,0.2916666666666667,3.115150538030286
mixed,plain_graph_always,43,78,264,0.29545454545454547,3.160800631165946
mixed,plain_graph_always,43,79,264,0.29924242424242425,3.13741308921505
mixed,plain_graph_always,43,80,264,0.30303030303030304,3.1824993218148387
mixed,plain_graph_always,43,81,264,0.3068181818181818,3.192624374590752
mixed,plain_graph_always,43,82,264,0.3106060606060606,3.218689245264737
mixed,plain_graph_always,43,83,264,0.3143939393939394,3.223631502962175
mixed,plain_graph_always,43,84,264,0.3181818181818182,3.2054383655997984
mixed,plain_graph_always,43,85,264,0.32196969696969696,3.2249220329015054
mixed,plain_graph_always,43,86,264,0.32575757575757575,3.2438931578579044
mixed,plain_graph_always,43,87,264,0.32954545454545453,3.2312020652372926
mixed,plain_graph_always,43,88,264,0.3333333333333333,3.2662382752508976
mixed,plain_graph_always,43,89,264,0.3371212121212121,3.265668650162957
mixed,plain_graph_always,43,90,264,0.3409090909090909,3.2767820159753778
mixed,plain_graph_always,43,91,264,0.3446969696969697,3.292816304752959
mixed,plain_graph_always,43,92,264,0.3484848484848485,3.2938370736597498
mixed,plain_graph_always,43,93,264,0.3522727272727273,3.28144978321541
mixed,plain_graph_always,43,94,264,0.3560606060606061,3.2603776355926493
mixed,plain_graph_always,43,95,264,0.35984848484848486,3.2566720027408564
mixed,plain_graph_always,43,96,264,0.36363636363636365,3.28278393232069
mixed,plain_graph_always,43,97,264,0.36742424242424243,3.3285773872026443
mixed,plain_graph_always,43,98,264,0.3712121212121212,3.3415252352856006
mixed,plain_graph_always,43,99,264,0.375,3.332007714718874
mixed,plain_graph_always,43,100,264,0.3787878787878788,3.355741152940483
mixed,plain_graph_always,43,101,264,0.38257575757575757,3.3523085644480854
mixed,plain_graph_always,43,102,264,0.38636363636363635,3.3703828591400296
mixed,plain_graph_always,43,103,264,0.39015151515151514,3.358054647238332
mixed,plain_graph_always,43,104,264,0.3939393939393939,3.384590467047664
mixed,plain_graph_always,43,105,264,0.3977272727272727,3.367425788313369
mixed,plain_graph_always,43,106,264,0.4015151515151515,3.3596466455821075
mixed,plain_graph_always,43,107,264,0.4053030303030303,3.351462469358248
mixed,plain_graph_always,43,108,264,0.4090909090909091,3.3337378455430633
mixed,plain_graph_always,43,109,264,0.4128787878787879,3.336975666381123
mixed,plain_graph_always,43,110,264,0.4166666666666667,3.3426174193524067
mixed,plain_graph_always,43,111,264,0.42045454545454547,3.326111886842123
mixed,plain_graph_always,43,112,264,0.42424242424242425,3.3080493570871043
mixed,plain_graph_always,43,113,264,0.42803030303030304,3.311337122310994
mixed,plain_graph_always,43,114,264,0.4318181818181818,3.3096320781909307
mixed,plain_graph_always,43,115,264,0.4356060606060606,3.3275992244135155
mixed,plain_graph_always,43,116,264,0.4393939393939394,3.312107227069549
mixed,plain_graph_always,43,117,264,0.4431818181818182,3.307085130193957
mixed,plain_graph_always,43,118,264,0.44696969696969696,3.3056484408178286
mixed,plain_graph_always,43,119,264,0.45075757575757575,3.327091783741509
mixed,plain_graph_always,43,120,264,0.45454545454545453,3.3131606845987887
mixed,plain_graph_always,43,121,264,0.4583333333333333,3.2984697054527867
mixed,plain_graph_always,43,122,264,0.4621212121212121,3.280848476682281
mixed,plain_graph_always,43,123,264,0.4659090909090909,3.2828671319309533
mixed,plain_graph_always,43,124,264,0.4696969696969697,3.293767333960568
mixed,plain_graph_always,43,125,264,0.4734848484848485,3.285265341212534
mixed,plain_graph_always,43,126,264,0.4772727272727273,3.279365583372962
mixed,plain_graph_always,43,127,264,0.4810606060606061,3.2656080474253173
mixed,plain_graph_always,43,128,264,0.48484848484848486,3.2531515773688775
mixed,plain_graph_always,43,129,264,0.48863636363636365,3.2466630303617077
mixed,plain_graph_always,43,130,264,0.49242424242424243,3.240719164148816
mixed,plain_graph_always,43,131,264,0.4962121212121212,3.2498486462569485
mixed,plain_graph_always,43,132,264,0.5,3.2368708893887606
mixed,plain_graph_always,43,133,264,0.5037878787878788,3.2324495312871027
mixed,plain_graph_always,43,134,264,0.5075757575757576,3.2357826833429386
mixed,plain_graph_always,43,135,264,0.5113636363636364,3.2616367734817695
mixed,plain_graph_always,43,136,264,0.5151515151515151,3.2503672925665157
mixed,plain_graph_always,43,137,264,0.5189393939393939,3.2832033080258975
mixed,plain_graph_always,43,138,264,0.5227272727272727,3.274126936667541
mixed,plain_graph_always,43,139,264,0.5265151515151515,3.275572932857003
mixed,plain_graph_always,43,140,264,0.5303030303030303,3.2673843854914053
mixed,plain_graph_always,43,141,264,0.5340909090909091,3.2699841389135806
mixed,plain_graph_always,43,142,264,0.5378787878787878,3.254221955902502
mixed,plain_graph_always,43,143,264,0.5416666666666666,3.261238248451819
mixed,plain_graph_always,43,144,264,0.5454545454545454,3.2593789546399186
mixed,plain_graph_always,43,145,264,0.5492424242424242,3.2895791506526426
mixed,plain_graph_always,43,146,264,0.553030303030303,3.298125975715996
mixed,plain_graph_always,43,147,264,0.5568181818181818,3.2983065213650042
mixed,plain_graph_always,43,148,264,0.5606060606060606,3.2996219523599826
mixed,plain_graph_always,43,149,264,0.5643939393939394,3.300679882461482
mixed,plain_graph_always,43,150,264,0.5681818181818182,3.3042170645039337
mixed,plain_graph_always,43,151,264,0.571969696969697,3.31648196663664
mixed,plain_graph_always,43,152,264,0.5757575757575758,3.3161548133314382
mixed,plain_graph_always,43,153,264,0.5795454545454546,3.3110959039478827
mixed,plain_graph_always,43,154,264,0.5833333333333334,3.3257418610771876
mixed,plain_graph_always,43,155,264,0.5871212121212122,3.316115015331865
mixed,plain_graph_always,43,156,264,0.5909090909090909,3.3267535264377135
mixed,plain_graph_always,43,157,264,0.5946969696969697,3.3144895003989125
mixed,plain_graph_always,43,158,264,0.5984848484848485,3.3142224809964578
mixed,plain_graph_always,43,159,264,0.6022727272727273,3.309471364448328
mixed,plain_graph_always,43,160,264,0.6060606060606061,3.3027483345882893
mixed,plain_graph_always,43,161,264,0.6098484848484849,3.292220243622674
mixed,plain_graph_always,43,162,264,0.6136363636363636,3.2946654829443984
mixed,plain_graph_always,43,163,264,0.6174242424242424,3.2813884390691217
mixed,plain_graph_always,43,164,264,0.6212121212121212,3.270723356192313
mixed,plain_graph_always,43,165,264,0.625,3.2682253034952535
mixed,plain_graph_always,43,166,264,0.6287878787878788,3.269407643375022
mixed,plain_graph_always,43,167,264,0.6325757575757576,3.261508982026086
mixed,plain_graph_always,43,168,264,0.6363636363636364,3.2882337834657536
mixed,plain_graph_always,43,169,264,0.6401515151515151,3.2850826007659886
mixed,plain_graph_always,43,170,264,0.6439393939393939,3.2747445810007574
mixed,plain_graph_always,43,171,264,0.6477272727272727,3.2729578526427647
mixed,plain_graph_always,43,172,264,0.6515151515151515,3.2684407844185888
mixed,plain_graph_always,43,173,264,0.6553030303030303,3.2639770062704674
mixed,plain_graph_always,43,174,264,0.6590909090909091,3.2969725819542144
mixed,plain_graph_always,43,175,264,0.6628787878787878,3.3362971711618896
mixed,plain_graph_always,43,176,264,0.6666666666666666,3.3333055620742624
mixed,plain_graph_always,43,177,264,0.6704545454545454,3.3305905726467944
mixed,plain_graph_always,43,178,264,0.6742424242424242,3.3359298682102185
mixed,plain_graph_always,43,179,264,0.678030303030303,3.3639566065940434
mixed,plain_graph_always,43,180,264,0.6818181818181818,3.357074413063759
mixed,plain_graph_always,43,181,264,0.6856060606060606,3.359990568263447
mixed,plain_graph_always,43,182,264,0.6893939393939394,3.3592861423489726
mixed,plain_graph_always,43,183,264,0.6931818181818182,3.34934688747997
mixed,plain_graph_always,43,184,264,0.696969696969697,3.3451059473012283
mixed,plain_graph_always,43,185,264,0.7007575757575758,3.348603820983667
mixed,plain_graph_always,43,186,264,0.7045454545454546,3.3418415125064853
mixed,plain_graph_always,43,187,264,0.7083333333333334,3.336737833174675
mixed,plain_graph_always,43,188,264,0.7121212121212122,3.326321735288161
mixed,plain_graph_always,43,189,264,0.7159090909090909,3.3181497073279713
mixed,plain_graph_always,43,190,264,0.7196969696969697,3.3194673596572173
mixed,plain_graph_always,43,191,264,0.7234848484848485,3.309270765710643
mixed,plain_graph_always,43,192,264,0.7272727272727273,3.307092664001384
mixed,plain_graph_always,43,193,264,0.7310606060606061,3.3175955531752073
mixed,plain_graph_always,43,194,264,0.7348484848484849,3.306837790141614
mixed,plain_graph_always,43,195,264,0.7386363636363636,3.3113837361276968
mixed,plain_graph_always,43,196,264,0.7424242424242424,3.3282484163332713
mixed,plain_graph_always,43,197,264,0.7462121212121212,3.3187279005110466
mixed,plain_graph_always,43,198,264,0.75,3.310171917305644
mixed,plain_graph_always,43,199,264,0.7537878787878788,3.317679197291739
mixed,plain_graph_always,43,200,264,0.7575757575757576,3.331602375566047
mixed,plain_graph_always,43,201,264,0.7613636363636364,3.3296168566607607
mixed,plain_graph_always,43,202,264,0.7651515151515151,3.323795928782515
mixed,plain_graph_always,43,203,264,0.7689393939393939,3.33665648324994
mixed,plain_graph_always,43,204,264,0.7727272727272727,3.334626959193649
mixed,plain_graph_always,43,205,264,0.7765151515151515,3.3305987561864003
mixed,plain_graph_always,43,206,264,0.7803030303030303,3.363472136988677
mixed,plain_graph_always,43,207,264,0.7840909090909091,3.362795684202354
mixed,plain_graph_always,43,208,264,0.7878787878787878,3.3573697687008437
mixed,plain_graph_always,43,209,264,0.7916666666666666,3.351336386385063
mixed,plain_graph_always,43,210,264,0.7954545454545454,3.344687153238307
mixed,plain_graph_always,43,211,264,0.7992424242424242,3.353163900524573
mixed,plain_graph_always,43,212,264,0.803030303030303,3.361739297809214
mixed,plain_graph_always,43,213,264,0.8068181818181818,3.361859228881258
mixed,plain_graph_always,43,214,264,0.8106060606060606,3.3643544751781076
mixed,plain_graph_always,43,215,264,0.8143939393939394,3.3722780354029527
mixed,plain_graph_always,43,216,264,0.8181818181818182,3.3753589051684147
mixed,plain_graph_always,43,217,264,0.821969696969697,3.401813083746053
mixed,plain_graph_always,43,218,264,0.8257575757575758,3.3999642385139253
mixed,plain_graph_always,43,219,264,0.8295454545454546,3.3951541761628508
mixed,plain_graph_always,43,220,264,0.8333333333333334,3.386422897196103
mixed,plain_graph_always,43,221,264,0.8371212121212122,3.3910897935975886
mixed,plain_graph_always,43,222,264,0.8409090909090909,3.3923219702152134
mixed,plain_graph_always,43,223,264,0.8446969696969697,3.3840301736404976
mixed,plain_graph_always,43,224,264,0.8484848484848485,3.392526966192103
mixed,plain_graph_always,43,225,264,0.8522727272727273,3.38661867790328
mixed,plain_graph_always,43,226,264,0.8560606060606061,3.3950150821274145
mixed,plain_graph_always,43,227,264,0.8598484848484849,3.3896732665656986
mixed,plain_graph_always,43,228,264,0.8636363636363636,3.398700021319189
mixed,plain_graph_always,43,229,264,0.8674242424242424,3.4033511771102045
mixed,plain_graph_always,43,230,264,0.8712121212121212,3.4102539044391484
mixed,plain_graph_always,43,231,264,0.875,3.4166300171997848
mixed,plain_graph_always,43,232,264,0.8787878787878788,3.424013428763818
mixed,plain_graph_always,43,233,264,0.8825757575757576,3.4188440627975614
mixed,plain_graph_always,43,234,264,0.8863636363636364,3.41266331738365
mixed,plain_graph_always,43,235,264,0.8901515151515151,3.416972013935112
mixed,plain_graph_always,43,236,264,0.8939393939393939,3.4176525698521063
mixed,plain_graph_always,43,237,264,0.8977272727272727,3.4166599497186123
mixed,plain_graph_always,43,238,264,0.9015151515151515,3.420052489721096
mixed,plain_graph_always,43,239,264,0.9053030303030303,3.4167317462704268
mixed,plain_graph_always,43,240,264,0.9090909090909091,3.413614889532828
mixed,plain_graph_always,43,241,264,0.9128787878787878,3.4234621508151455
mixed,plain_graph_always,43,242,264,0.9166666666666666,3.4232074832548505
mixed,plain_graph_always,43,243,264,0.9204545454545454,3.4177506990725584
mixed,plain_graph_always,43,244,264,0.9242424242424242,3.407175401986352
mixed,plain_graph_always,43,245,264,0.928030303030303,3.4074477619446077
mixed,plain_graph_always,43,246,264,0.9318181818181818,3.408856685792187
mixed,plain_graph_always,43,247,264,0.9356060606060606,3.4052861160572987
mixed,plain_graph_always,43,248,264,0.9393939393939394,3.4006573578442008
mixed,plain_graph_always,43,249,264,0.9431818181818182,3.3969752212547717
mixed,plain_graph_always,43,250,264,0.946969696969697,3.3903250257630693
mixed,plain_graph_always,43,251,264,0.9507575757575758,3.3931106640349635
mixed,plain_graph_always,43,252,264,0.9545454545454546,3.3978309942790843
mixed,plain_graph_always,43,253,264,0.9583333333333334,3.3928688305685055
mixed,plain_graph_always,43,254,264,0.9621212121212122,3.4054796653566726
mixed,plain_graph_always,43,255,264,0.9659090909090909,3.4054068155693655
mixed,plain_graph_always,43,256,264,0.9696969696969697,3.4092759676508506
mixed,plain_graph_always,43,257,264,0.9734848484848485,3.414841374278126
mixed,plain_graph_always,43,258,264,0.9772727272727273,3.432373755495196
mixed,plain_graph_always,43,259,264,0.9810606060606061,3.4368627205632354
mixed,plain_graph_always,43,260,264,0.9848484848484849,3.4362390245641645
mixed,plain_graph_always,43,261,264,0.9886363636363636,3.4404680649924115
mixed,plain_graph_always,43,262,264,0.9924242424242424,3.4317918174654802
mixed,plain_graph_always,43,263,264,0.9962121212121212,3.4281392018678782
mixed,plain_graph_always,43,264,264,1.0,3.4181072590617845
from_SLR,mixture_graph_always,17,1,132,0.007575757575757576,8.148000930203617
from_SLR,mixture_graph_always,17,2,132,0.015151515151515152,7.8726993276031925
from_SLR,mixture_graph_always,17,3,132,0.022727272727272728,5.746582280898285
from_SLR,mixture_graph_always,17,4,132,0.030303030303030304,6.486906692651873
from_SLR,mixture_graph_always,17,5,132,0.03787878787878788,6.360692850401739
from_SLR,mixture_graph_always,17,6,132,0.045454545454545456,6.912004830048519
from_SLR,mixture_graph_always,17,7,132,0.05303030303030303,6.753466747486422
from_SLR,mixture_graph_always,17,8,132,0.06060606060606061,6.327893683611846
from_SLR,mixture_graph_always,17,9,132,0.06818181818181818,5.872963438253063
from_SLR,mixture_graph_always,17,10,132,0.07575757575757576,5.467402051663982
from_SLR,mixture_graph_always,17,11,132,0.08333333333333333,5.725309981219643
from_SLR,mixture_graph_always,17,12,132,0.09090909090909091,5.293671672456989
from_SLR,mixture_graph_always,17,13,132,0.09848484848484848,5.4919350631972845
from_SLR,mixture_graph_always,17,14,132,0.10606060606060606,5.342460573510637
from_SLR,mixture_graph_always,17,15,132,0.11363636363636363,5.203114614125409
from_SLR,mixture_graph_always,17,16,132,0.12121212121212122,5.5595505802307486
from_SLR,mixture_graph_always,17,17,132,0.12878787878787878,5.272894138360206
from_SLR,mixture_graph_always,17,18,132,0.13636363636363635,5.339975297832832
from_SLR,mixture_graph_always,17,19,132,0.14393939393939395,5.107203552335056
from_SLR,mixture_graph_always,17,20,132,0.15151515151515152,5.011110279898649
from_SLR,mixture_graph_always,17,21,132,0.1590909090909091,5.339984985849958
from_SLR,mixture_graph_always,17,22,132,0.16666666666666666,5.241699293086454
from_SLR,mixture_graph_always,17,23,132,0.17424242424242425,5.085855963408482
from_SLR,mixture_graph_always,17,24,132,0.18181818181818182,4.920833617970907
from_SLR,mixture_graph_always,17,25,132,0.1893939393939394,5.029973432839617
from_SLR,mixture_graph_always,17,26,132,0.19696969696969696,5.187165616764673
from_SLR,mixture_graph_always,17,27,132,0.20454545454545456,5.108827694737479
from_SLR,mixture_graph_always,17,28,132,0.21212121212121213,5.180879823295492
from_SLR,mixture_graph_always,17,29,132,0.2196969696969697,5.102952279570665
from_SLR,mixture_graph_always,17,30,132,0.22727272727272727,4.99766203763018
from_SLR,mixture_graph_always,17,31,132,0.23484848484848486,4.873652723099666
from_SLR,mixture_graph_always,17,32,132,0.24242424242424243,4.9081684797410885
from_SLR,mixture_graph_always,17,33,132,0.25,5.004533774411913
from_SLR,mixture_graph_always,17,34,132,0.25757575757575757,5.020817895634049
from_SLR,mixture_graph_always,17,35,132,0.26515151515151514,4.965096018983421
from_SLR,mixture_graph_always,17,36,132,0.2727272727272727,4.994700598724879
from_SLR,mixture_graph_always,17,37,132,0.2803030303030303,4.934533998826516
from_SLR,mixture_graph_always,17,38,132,0.2878787878787879,4.963958634751902
from_SLR,mixture_graph_always,17,39,132,0.29545454545454547,4.984057238643778
from_SLR,mixture_graph_always,17,40,132,0.30303030303030304,5.009115859548901
from_SLR,mixture_graph_always,17,41,132,0.3106060606060606,5.10912325314785
from_SLR,mixture_graph_always,17,42,132,0.3181818181818182,5.036080589775197
from_SLR,mixture_graph_always,17,43,132,0.32575757575757575,4.945381983503157
from_SLR,mixture_graph_always,17,44,132,0.3333333333333333,5.03891576594555
from_SLR,mixture_graph_always,17,45,132,0.3409090909090909,5.042396554994711
from_SLR,mixture_graph_always,17,46,132,0.3484848484848485,5.107942302861388
from_SLR,mixture_graph_always,17,47,132,0.3560606060606061,5.048132157217931
from_SLR,mixture_graph_always,17,48,132,0.36363636363636365,5.137275880056808
from_SLR,mixture_graph_always,17,49,132,0.3712121212121212,5.162435682697523
from_SLR,mixture_graph_always,17,50,132,0.3787878787878788,5.124164256279104
from_SLR,mixture_graph_always,17,51,132,0.38636363636363635,5.062848387224803
from_SLR,mixture_graph_always,17,52,132,0.3939393939393939,5.08387283437375
from_SLR,mixture_graph_always,17,53,132,0.4015151515151515,5.0077265019596595
from_SLR,mixture_graph_always,17,54,132,0.4090909090909091,4.960825818011303
from_SLR,mixture_graph_always,17,55,132,0.4166666666666667,4.978473021795891
from_SLR,mixture_graph_always,17,56,132,0.42424242424242425,4.959642639773662
from_SLR,mixture_graph_always,17,57,132,0.4318181818181818,4.97397291064502
from_SLR,mixture_graph_always,17,58,132,0.4393939393939394,4.9491305867686695
from_SLR,mixture_graph_always,17,59,132,0.44696969696969696,4.891955475807504
from_SLR,mixture_graph_always,17,60,132,0.45454545454545453,4.837037582783731
from_SLR,mixture_graph_always,17,61,132,0.4621212121212121,4.870843022552857
from_SLR,mixture_graph_always,17,62,132,0.4696969696969697,4.897500665615089
from_SLR,mixture_graph_always,17,63,132,0.4772727272727273,4.87945529207565
from_SLR,mixture_graph_always,17,64,132,0.48484848484848486,4.911681769486498
from_SLR,mixture_graph_always,17,65,132,0.49242424242424243,4.974168695718507
from_SLR,mixture_graph_always,17,66,132,0.5,4.979943026130671
from_SLR,mixture_graph_always,17,67,132,0.5075757575757576,4.94031426246732
from_SLR,mixture_graph_always,17,68,132,0.5151515151515151,4.942410626490938
from_SLR,mixture_graph_always,17,69,132,0.5227272727272727,4.928226207212285
from_SLR,mixture_graph_always,17,70,132,0.5303030303030303,4.86533348847259
from_SLR,mixture_graph_always,17,71,132,0.5378787878787878,4.840852257855194
from_SLR,mixture_graph_always,17,72,132,0.5454545454545454,4.894446291617139
from_SLR,mixture_graph_always,17,73,132,0.553030303030303,4.915957685015765
from_SLR,mixture_graph_always,17,74,132,0.5606060606060606,4.946819726739793
from_SLR,mixture_graph_always,17,75,132,0.5681818181818182,4.9214496586616105
from_SLR,mixture_graph_always,17,76,132,0.5757575757575758,4.946162384038503
from_SLR,mixture_graph_always,17,77,132,0.5833333333333334,4.944121968801258
from_SLR,mixture_graph_always,17,78,132,0.5909090909090909,4.921004680287079
from_SLR,mixture_graph_always,17,79,132,0.5984848484848485,4.9525571913929545
from_SLR,mixture_graph_always,17,80,132,0.6060606060606061,4.898403896400009
from_SLR,mixture_graph_always,17,81,132,0.6136363636363636,4.922621555191787
from_SLR,mixture_graph_always,17,82,132,0.6212121212121212,4.892030084016633
from_SLR,mixture_graph_always,17,83,132,0.6287878787878788,4.9038619288008345
from_SLR,mixture_graph_always,17,84,132,0.6363636363636364,4.890683083705748
from_SLR,mixture_graph_always,17,85,132,0.6439393939393939,4.8714337181986656
from_SLR,mixture_graph_always,17,86,132,0.6515151515151515,4.853591768402577
from_SLR,mixture_graph_always,17,87,132,0.6590909090909091,4.834371379592222
from_SLR,mixture_graph_always,17,88,132,0.6666666666666666,4.801300285894503
from_SLR,mixture_graph_always,17,89,132,0.6742424242424242,4.763664717224571
from_SLR,mixture_graph_always,17,90,132,0.6818181818181818,4.77127821471127
from_SLR,mixture_graph_always,17,91,132,0.6893939393939394,4.7344167297448365
from_SLR,mixture_graph_always,17,92,132,0.696969696969697,4.711225231321422
from_SLR,mixture_graph_always,17,93,132,0.7045454545454546,4.6881421060661825
from_SLR,mixture_graph_always,17,94,132,0.7121212121212122,4.71145139122831
from_SLR,mixture_graph_always,17,95,132,0.7196969696969697,4.734609805587661
from_SLR,mixture_graph_always,17,96,132,0.7272727272727273,4.728903756661812
from_SLR,mixture_graph_always,17,97,132,0.7348484848484849,4.71110452599663
from_SLR,mixture_graph_always,17,98,132,0.7424242424242424,4.707280340178298
from_SLR,mixture_graph_always,17,99,132,0.75,4.701651052084686
from_SLR,mixture_graph_always,17,100,132,0.7575757575757576,4.7092564790398175
from_SLR,mixture_graph_always,17,101,132,0.7651515151515151,4.681230547930286
from_SLR,mixture_graph_always,17,102,132,0.7727272727272727,4.668974122131302
from_SLR,mixture_graph_always,17,103,132,0.7803030303030303,4.635270355808249
from_SLR,mixture_graph_always,17,104,132,0.7878787878787878,4.610300812424186
from_SLR,mixture_graph_always,17,105,132,0.7954545454545454,4.597011333850998
from_SLR,mixture_graph_always,17,106,132,0.803030303030303,4.629528141409553
from_SLR,mixture_graph_always,17,107,132,0.8106060606060606,4.614190955737191
from_SLR,mixture_graph_always,17,108,132,0.8181818181818182,4.612284947986682
from_SLR,mixture_graph_always,17,109,132,0.8257575757575758,4.580468504887598
from_SLR,mixture_graph_always,17,110,132,0.8333333333333334,4.576944339425234
from_SLR,mixture_graph_always,17,111,132,0.8409090909090909,4.581007131274031
from_SLR,mixture_graph_always,17,112,132,0.8484848484848485,4.560977350371254
from_SLR,mixture_graph_always,17,113,132,0.8560606060606061,4.543975738794257
from_SLR,mixture_graph_always,17,114,132,0.8636363636363636,4.521237906720418
from_SLR,mixture_graph_always,17,115,132,0.8712121212121212,4.518758572767033
from_SLR,mixture_graph_always,17,116,132,0.8787878787878788,4.53830860375774
from_SLR,mixture_graph_always,17,117,132,0.8863636363636364,4.54671934008168
from_SLR,mixture_graph_always,17,118,132,0.8939393939393939,4.544690253093348
from_SLR,mixture_graph_always,17,119,132,0.9015151515151515,4.541868913328981
from_SLR,mixture_graph_always,17,120,132,0.9090909090909091,4.55318637497662
from_SLR,mixture_graph_always,17,121,132,0.9166666666666666,4.534331950382485
from_SLR,mixture_graph_always,17,122,132,0.9242424242424242,4.529744397108862
from_SLR,mixture_graph_always,17,123,132,0.9318181818181818,4.512923611588114
from_SLR,mixture_graph_always,17,124,132,0.9393939393939394,4.515143312231164
from_SLR,mixture_graph_always,17,125,132,0.946969696969697,4.510163360360298
from_SLR,mixture_graph_always,17,126,132,0.9545454545454546,4.493531122779929
from_SLR,mixture_graph_always,17,127,132,0.9621212121212122,4.491472597741596
from_SLR,mixture_graph_always,17,128,132,0.9696969696969697,4.482933623252743
from_SLR,mixture_graph_always,17,129,132,0.9772727272727273,4.486195116300524
from_SLR,mixture_graph_always,17,130,132,0.9848484848484849,4.502555124907774
from_SLR,mixture_graph_always,17,131,132,0.9924242424242424,4.492729384415745
from_SLR,mixture_graph_always,17,132,132,1.0,4.497176720248444
from_SLR,mixture_graph_drop,17,1,132,0.007575757575757576,7.791937465298667
from_SLR,mixture_graph_drop,17,2,132,0.015151515151515152,6.515204550191132
from_SLR,mixture_graph_drop,17,3,132,0.022727272727272728,5.284472677984909
from_SLR,mixture_graph_drop,17,4,132,0.030303030303030304,5.3810190929690265
from_SLR,mixture_graph_drop,17,5,132,0.03787878787878788,4.890322863208746
from_SLR,mixture_graph_drop,17,6,132,0.045454545454545456,5.445445029504004
from_SLR,mixture_graph_drop,17,7,132,0.05303030303030303,5.613609756110721
from_SLR,mixture_graph_drop,17,8,132,0.06060606060606061,5.280626593422883
from_SLR,mixture_graph_drop,17,9,132,0.06818181818181818,5.447735182822149
from_SLR,mixture_graph_drop,17,10,132,0.07575757575757576,5.502980907940872
from_SLR,mixture_graph_drop,17,11,132,0.08333333333333333,5.491268982674161
from_SLR,mixture_graph_drop,17,12,132,0.09090909090909091,5.273848961295137
from_SLR,mixture_graph_drop,17,13,132,0.09848484848484848,5.346733214165971
from_SLR,mixture_graph_drop,17,14,132,0.10606060606060606,5.222120497525436
from_SLR,mixture_graph_drop,17,15,132,0.11363636363636363,5.104616488425479
from_SLR,mixture_graph_drop,17,16,132,0.12121212121212122,4.948817716370847
from_SLR,mixture_graph_drop,17,17,132,0.12878787878787878,5.147377406442145
from_SLR,mixture_graph_drop,17,18,132,0.13636363636363635,5.362331928013621
from_SLR,mixture_graph_drop,17,19,132,0.14393939393939395,5.307135973640103
from_SLR,mixture_graph_drop,17,20,132,0.15151515151515152,5.585034583006579
from_SLR,mixture_graph_drop,17,21,132,0.1590909090909091,5.548778474582426
from_SLR,mixture_graph_drop,17,22,132,0.16666666666666666,5.7715099701170365
from_SLR,mixture_graph_drop,17,23,132,0.17424242424242425,5.681284410229423
from_SLR,mixture_graph_drop,17,24,132,0.18181818181818182,5.685642594079595
from_SLR,mixture_graph_drop,17,25,132,0.1893939393939394,5.691734460608183
from_SLR,mixture_graph_drop,17,26,132,0.19696969696969696,5.56255224329938
from_SLR,mixture_graph_drop,17,27,132,0.20454545454545456,5.665768635537504
from_SLR,mixture_graph_drop,17,28,132,0.21212121212121213,5.580239757706605
from_SLR,mixture_graph_drop,17,29,132,0.2196969696969697,5.58029325208865
from_SLR,mixture_graph_drop,17,30,132,0.22727272727272727,5.630226823629591
from_SLR,mixture_graph_drop,17,31,132,0.23484848484848486,5.6039689060530815
from_SLR,mixture_graph_drop,17,32,132,0.24242424242424243,5.577533180869079
from_SLR,mixture_graph_drop,17,33,132,0.25,5.651898616911678
from_SLR,mixture_graph_drop,17,34,132,0.25757575757575757,5.737080520408061
from_SLR,mixture_graph_drop,17,35,132,0.26515151515151514,5.703088674126773
from_SLR,mixture_graph_drop,17,36,132,0.2727272727272727,5.67320640634466
from_SLR,mixture_graph_drop,17,37,132,0.2803030303030303,5.5962106025753195
from_SLR,mixture_graph_drop,17,38,132,0.2878787878787879,5.502535800825411
from_SLR,mixture_graph_drop,17,39,132,0.29545454545454547,5.698227810228757
from_SLR,mixture_graph_drop,17,40,132,0.30303030303030304,5.690003315867518
from_SLR,mixture_graph_drop,17,41,132,0.3106060606060606,5.71162104676627
from_SLR,mixture_graph_drop,17,42,132,0.3181818181818182,5.7989670611280175
from_SLR,mixture_graph_drop,17,43,132,0.32575757575757575,5.777358312753505
from_SLR,mixture_graph_drop,17,44,132,0.3333333333333333,5.672196500022545
from_SLR,mixture_graph_drop,17,45,132,0.3409090909090909,5.592327559717355
from_SLR,mixture_graph_drop,17,46,132,0.3484848484848485,5.727403508873324
from_SLR,mixture_graph_drop,17,47,132,0.3560606060606061,5.711549779072363
from_SLR,mixture_graph_drop,17,48,132,0.36363636363636365,5.69601159230526
from_SLR,mixture_graph_drop,17,49,132,0.3712121212121212,5.6802479796358085
from_SLR,mixture_graph_drop,17,50,132,0.3787878787878788,5.608247815125778
from_SLR,mixture_graph_drop,17,51,132,0.38636363636363635,5.64307910439529
from_SLR,mixture_graph_drop,17,52,132,0.3939393939393939,5.657344517508218
from_SLR,mixture_graph_drop,17,53,132,0.4015151515151515,5.674358362600188
from_SLR,mixture_graph_drop,17,54,132,0.4090909090909091,5.599046124755531
from_SLR,mixture_graph_drop,17,55,132,0.4166666666666667,5.529020955902848
from_SLR,mixture_graph_drop,17,56,132,0.42424242424242425,5.457945007597911
from_SLR,mixture_graph_drop,17,57,132,0.4318181818181818,5.4336559037111565
from_SLR,mixture_graph_drop,17,58,132,0.4393939393939394,5.38492914739557
from_SLR,mixture_graph_drop,17,59,132,0.44696969696969696,5.355610688445703
from_SLR,mixture_graph_drop,17,60,132,0.45454545454545453,5.44939150762671
from_SLR,mixture_graph_drop,17,61,132,0.4621212121212121,5.427054444590286
from_SLR,mixture_graph_drop,17,62,132,0.4696969696969697,5.348785289520067
from_SLR,mixture_graph_drop,17,63,132,0.4772727272727273,5.3008714387638705
from_SLR,mixture_graph_drop,17,64,132,0.48484848484848486,5.3041965143972085
from_SLR,mixture_graph_drop,17,65,132,0.49242424242424243,5.293562701451148
from_SLR,mixture_graph_drop,17,66,132,0.5,5.258627919339981
from_SLR,mixture_graph_drop,17,67,132,0.5075757575757576,5.201875397613637
from_SLR,mixture_graph_drop,17,68,132,0.5151515151515151,5.1958007303248435
from_SLR,mixture_graph_drop,17,69,132,0.5227272727272727,5.215663549389297
from_SLR,mixture_graph_drop,17,70,132,0.5303030303030303,5.223771164472007
from_SLR,mixture_graph_drop,17,71,132,0.5378787878787878,5.2727003447239404
from_SLR,mixture_graph_drop,17,72,132,0.5454545454545454,5.2218065106170934
from_SLR,mixture_graph_drop,17,73,132,0.553030303030303,5.274582212068314
from_SLR,mixture_graph_drop,17,74,132,0.5606060606060606,5.267898926510991
from_SLR,mixture_graph_drop,17,75,132,0.5681818181818182,5.242979269569989
from_SLR,mixture_graph_drop,17,76,132,0.5757575757575758,5.274182963322916
from_SLR,mixture_graph_drop,17,77,132,0.5833333333333334,5.23838137777107
from_SLR,mixture_graph_drop,17,78,132,0.5909090909090909,5.259848288169396
from_SLR,mixture_graph_drop,17,79,132,0.5984848484848485,5.259933976388317
from_SLR,mixture_graph_drop,17,80,132,0.6060606060606061,5.265069323176023
from_SLR,mixture_graph_drop,17,81,132,0.6136363636363636,5.291312682901003
from_SLR,mixture_graph_drop,17,82,132,0.6212121212121212,5.300994557599195
from_SLR,mixture_graph_drop,17,83,132,0.6287878787878788,5.350460344171882
from_SLR,mixture_graph_drop,17,84,132,0.6363636363636364,5.3428032317478396
from_SLR,mixture_graph_drop,17,85,132,0.6439393939393939,5.299533248966412
from_SLR,mixture_graph_drop,17,86,132,0.6515151515151515,5.288027214888264
from_SLR,mixture_graph_drop,17,87,132,0.6590909090909091,5.2613884491846115
from_SLR,mixture_graph_drop,17,88,132,0.6666666666666666,5.29114907320184
from_SLR,mixture_graph_drop,17,89,132,0.6742424242424242,5.2604417156413525
from_SLR,mixture_graph_drop,17,90,132,0.6818181818181818,5.207707228243545
from_SLR,mixture_graph_drop,17,91,132,0.6893939393939394,5.206568829346537
from_SLR,mixture_graph_drop,17,92,132,0.696969696969697,5.256150515141654
from_SLR,mixture_graph_drop,17,93,132,0.7045454545454546,5.299954158877091
from_SLR,mixture_graph_drop,17,94,132,0.7121212121212122,5.291077670129872
from_SLR,mixture_graph_drop,17,95,132,0.7196969696969697,5.280241226541178
from_SLR,mixture_graph_drop,17,96,132,0.7272727272727273,5.277638114738345
from_SLR,mixture_graph_drop,17,97,132,0.7348484848484849,5.245441045436191
from_SLR,mixture_graph_drop,17,98,132,0.7424242424242424,5.2103100466334045
from_SLR,mixture_graph_drop,17,99,132,0.75,5.215432661084371
from_SLR,mixture_graph_drop,17,100,132,0.7575757575757576,5.2092752350400895
from_SLR,mixture_graph_drop,17,101,132,0.7651515151515151,5.194874767279475
from_SLR,mixture_graph_drop,17,102,132,0.7727272727272727,5.1624929231565755
from_SLR,mixture_graph_drop,17,103,132,0.7803030303030303,5.125918243981501
from_SLR,mixture_graph_drop,17,104,132,0.7878787878787878,5.119743670976418
from_SLR,mixture_graph_drop,17,105,132,0.7954545454545454,5.142319974620733
from_SLR,mixture_graph_drop,17,106,132,0.803030303030303,5.173195377546385
from_SLR,mixture_graph_drop,17,107,132,0.8106060606060606,5.14407043901103
from_SLR,mixture_graph_drop,17,108,132,0.8181818181818182,5.119923527768661
from_SLR,mixture_graph_drop,17,109,132,0.8257575757575758,5.125188790276228
from_SLR,mixture_graph_drop,17,110,132,0.8333333333333334,5.110747122978041
from_SLR,mixture_graph_drop,17,111,132,0.8409090909090909,5.115361438301749
from_SLR,mixture_graph_drop,17,112,132,0.8484848484848485,5.093624502394706
from_SLR,mixture_graph_drop,17,113,132,0.8560606060606061,5.067861623964503
from_SLR,mixture_graph_drop,17,114,132,0.8636363636363636,5.071782585369035
from_SLR,mixture_graph_drop,17,115,132,0.8712121212121212,5.0644131554895955
from_SLR,mixture_graph_drop,17,116,132,0.8787878787878788,5.042596129043207
from_SLR,mixture_graph_drop,17,117,132,0.8863636363636364,5.052698000839951
from_SLR,mixture_graph_drop,17,118,132,0.8939393939393939,5.0771933174085255
from_SLR,mixture_graph_drop,17,119,132,0.9015151515151515,5.085044501996595
from_SLR,mixture_graph_drop,17,120,132,0.9090909090909091,5.125690785345444
from_SLR,mixture_graph_drop,17,121,132,0.9166666666666666,5.102307076952216
from_SLR,mixture_graph_drop,17,122,132,0.9242424242424242,5.080661259487379
from_SLR,mixture_graph_drop,17,123,132,0.9318181818181818,5.059674168888292
from_SLR,mixture_graph_drop,17,124,132,0.9393939393939394,5.057213958349765
from_SLR,mixture_graph_drop,17,125,132,0.946969696969697,5.100770091156825
from_SLR,mixture_graph_drop,17,126,132,0.9545454545454546,5.079919392056078
from_SLR,mixture_graph_drop,17,127,132,0.9621212121212122,5.091861194523795
from_SLR,mixture_graph_drop,17,128,132,0.9696969696969697,5.1087300895536085
from_SLR,mixture_graph_drop,17,129,132,0.9772727272727273,5.086734453979087
from_SLR,mixture_graph_drop,17,130,132,0.9848484848484849,5.083152713054363
from_SLR,mixture_graph_drop,17,131,132,0.9924242424242424,5.08108862791453
from_SLR,mixture_graph_drop,17,132,132,1.0,5.094952824136502
from_SLR,mixture_conv_drop,17,1,132,0.007575757575757576,2.925167986045085
from_SLR,mixture_conv_drop,17,2,132,0.015151515151515152,2.980542752251021
from_SLR,mixture_conv_drop,17,3,132,0.022727272727272728,4.315861560283676
from_SLR,mixture_conv_drop,17,4,132,0.030303030303030304,5.30558008199774
from_SLR,mixture_conv_drop,17,5,132,0.03787878787878788,5.827777264008754
from_SLR,mixture_conv_drop,17,6,132,0.045454545454545456,5.951985632405251
from_SLR,mixture_conv_drop,17,7,132,0.05303030303030303,5.329865673025372
from_SLR,mixture_conv_drop,17,8,132,0.06060606060606061,4.8055565091941315
from_SLR,mixture_conv_drop,17,9,132,0.06818181818181818,4.9785635054976245
from_SLR,mixture_conv_drop,17,10,132,0.07575757575757576,5.141999312831767
from_SLR,mixture_conv_drop,17,11,132,0.08333333333333333,5.467947247260435
from_SLR,mixture_conv_drop,17,12,132,0.09090909090909091,5.271510911026542
from_SLR,mixture_conv_drop,17,13,132,0.09848484848484848,4.92306419435002
from_SLR,mixture_conv_drop,17,14,132,0.10606060606060606,4.814876024165237
from_SLR,mixture_conv_drop,17,15,132,0.11363636363636363,4.874368303417571
from_SLR,mixture_conv_drop,17,16,132,0.12121212121212122,5.081022620887835
from_SLR,mixture_conv_drop,17,17,132,0.12878787878787878,4.913074657405907
from_SLR,mixture_conv_drop,17,18,132,0.13636363636363635,4.732247875019731
from_SLR,mixture_conv_drop,17,19,132,0.14393939393939395,4.800579980540315
from_SLR,mixture_conv_drop,17,20,132,0.15151515151515152,4.86279950310501
from_SLR,mixture_conv_drop,17,21,132,0.1590909090909091,4.907746578083784
from_SLR,mixture_conv_drop,17,22,132,0.16666666666666666,5.055623066937475
from_SLR,mixture_conv_drop,17,23,132,0.17424242424242425,5.0663042654632084
from_SLR,mixture_conv_drop,17,24,132,0.18181818181818182,4.953362587157115
from_SLR,mixture_conv_drop,17,25,132,0.1893939393939394,4.805904307147994
from_SLR,mixture_conv_drop,17,26,132,0.19696969696969696,4.800143265111595
from_SLR,mixture_conv_drop,17,27,132,0.20454545454545456,4.681870861853642
from_SLR,mixture_conv_drop,17,28,132,0.21212121212121213,4.610372753250949
from_SLR,mixture_conv_drop,17,29,132,0.2196969696969697,4.533771302960477
from_SLR,mixture_conv_drop,17,30,132,0.22727272727272727,4.530531137057926
from_SLR,mixture_conv_drop,17,31,132,0.23484848484848486,4.562649984040539
from_SLR,mixture_conv_drop,17,32,132,0.24242424242424243,4.682246692497286
from_SLR,mixture_conv_drop,17,33,132,0.25,4.731346906722602
from_SLR,mixture_conv_drop,17,34,132,0.25757575757575757,4.764586970194233
from_SLR,mixture_conv_drop,17,35,132,0.26515151515151514,4.831082379335819
from_SLR,mixture_conv_drop,17,36,132,0.2727272727272727,4.756733334268659
from_SLR,mixture_conv_drop,17,37,132,0.2803030303030303,4.703300848643055
from_SLR,mixture_conv_drop,17,38,132,0.2878787878787879,4.807300680587747
from_SLR,mixture_conv_drop,17,39,132,0.29545454545454547,4.822947140159149
from_SLR,mixture_conv_drop,17,40,132,0.30303030303030304,4.859247425884503
from_SLR,mixture_conv_drop,17,41,132,0.3106060606060606,4.827889392757692
from_SLR,mixture_conv_drop,17,42,132,0.3181818181818182,4.744788368574826
from_SLR,mixture_conv_drop,17,43,132,0.32575757575757575,4.778007504861676
from_SLR,mixture_conv_drop,17,44,132,0.3333333333333333,4.7790941719853866
from_SLR,mixture_conv_drop,17,45,132,0.3409090909090909,4.7507252173813415
from_SLR,mixture_conv_drop,17,46,132,0.3484848484848485,4.776797671925476
from_SLR,mixture_conv_drop,17,47,132,0.3560606060606061,4.814158948704707
from_SLR,mixture_conv_drop,17,48,132,0.36363636363636365,4.828165221828791
from_SLR,mixture_conv_drop,17,49,132,0.3712121212121212,4.9095711247891005
from_SLR,mixture_conv_drop,17,50,132,0.3787878787878788,4.9460562829207335
from_SLR,mixture_conv_drop,17,51,132,0.38636363636363635,4.965861235016581
from_SLR,mixture_conv_drop,17,52,132,0.3939393939393939,4.9310131622096
from_SLR,mixture_conv_drop,17,53,132,0.4015151515151515,4.922337491635676
from_SLR,mixture_conv_drop,17,54,132,0.4090909090909091,4.914810745269931
from_SLR,mixture_conv_drop,17,55,132,0.4166666666666667,4.870728962444679
from_SLR,mixture_conv_drop,17,56,132,0.42424242424242425,4.860781177877223
from_SLR,mixture_conv_drop,17,57,132,0.4318181818181818,4.973417249540489
from_SLR,mixture_conv_drop,17,58,132,0.4393939393939394,5.06848502505495
from_SLR,mixture_conv_drop,17,59,132,0.44696969696969696,5.0341580992465635
from_SLR,mixture_conv_drop,17,60,132,0.45454545454545453,5.018044441813455
from_SLR,mixture_conv_drop,17,61,132,0.4621212121212121,5.033921018590857
from_SLR,mixture_conv_drop,17,62,132,0.4696969696969697,5.006885126218988
from_SLR,mixture_conv_drop,17,63,132,0.4772727272727273,4.959725793988568
from_SLR,mixture_conv_drop,17,64,132,0.48484848484848486,4.925349819195538
from_SLR,mixture_conv_drop,17,65,132,0.49242424242424243,4.921494873766589
from_SLR,mixture_conv_drop,17,66,132,0.5,4.940437287295518
from_SLR,mixture_conv_drop,17,67,132,0.5075757575757576,5.067196369555333
from_SLR,mixture_conv_drop,17,68,132,0.5151515151515151,5.135875316020479
from_SLR,mixture_conv_drop,17,69,132,0.5227272727272727,5.137020805431008
from_SLR,mixture_conv_drop,17,70,132,0.5303030303030303,5.087664577782568
from_SLR,mixture_conv_drop,17,71,132,0.5378787878787878,5.184303991555041
from_SLR,mixture_conv_drop,17,72,132,0.5454545454545454,5.138223505661383
from_SLR,mixture_conv_drop,17,73,132,0.553030303030303,5.140574149797889
from_SLR,mixture_conv_drop,17,74,132,0.5606060606060606,5.1898817976130704
from_SLR,mixture_conv_drop,17,75,132,0.5681818181818182,5.2203525732077365
from_SLR,mixture_conv_drop,17,76,132,0.5757575757575758,5.214691194654093
from_SLR,mixture_conv_drop,17,77,132,0.5833333333333334,5.216616109884492
from_SLR,mixture_conv_drop,17,78,132,0.5909090909090909,5.227527076570004
from_SLR,mixture_conv_drop,17,79,132,0.5984848484848485,5.2155390854536785
from_SLR,mixture_conv_drop,17,80,132,0.6060606060606061,5.243446351691425
from_SLR,mixture_conv_drop,17,81,132,0.6136363636363636,5.2452302917099045
from_SLR,mixture_conv_drop,17,82,132,0.6212121212121212,5.201296492298194
from_SLR,mixture_conv_drop,17,83,132,0.6287878787878788,5.161147801032007
from_SLR,mixture_conv_drop,17,84,132,0.6363636363636364,5.165611757833855
from_SLR,mixture_conv_drop,17,85,132,0.6439393939393939,5.204191859786515
from_SLR,mixture_conv_drop,17,86,132,0.6515151515151515,5.194546211051535
from_SLR,mixture_conv_drop,17,87,132,0.6590909090909091,5.2626605380596025
from_SLR,mixture_conv_drop,17,88,132,0.6666666666666666,5.24895382395499
from_SLR,mixture_conv_drop,17,89,132,0.6742424242424242,5.232980363126717
from_SLR,mixture_conv_drop,17,90,132,0.6818181818181818,5.233128128238637
from_SLR,mixture_conv_drop,17,91,132,0.6893939393939394,5.187001849978359
from_SLR,mixture_conv_drop,17,92,132,0.696969696969697,5.2001537517465275
from_SLR,mixture_conv_drop,17,93,132,0.7045454545454546,5.163120293360099
from_SLR,mixture_conv_drop,17,94,132,0.7121212121212122,5.190611777728249
from_SLR,mixture_conv_drop,17,95,132,0.7196969696969697,5.155213648190227
from_SLR,mixture_conv_drop,17,96,132,0.7272727272727273,5.168233456133817
from_SLR,mixture_conv_drop,17,97,132,0.7348484848484849,5.134737809848283
from_SLR,mixture_conv_drop,17,98,132,0.7424242424242424,5.119992666293811
from_SLR,mixture_conv_drop,17,99,132,0.75,5.125116459622823
from_SLR,mixture_conv_drop,17,100,132,0.7575757575757576,5.0818806040240725
from_SLR,mixture_conv_drop,17,101,132,0.7651515151515151,5.128106708506712
from_SLR,mixture_conv_drop,17,102,132,0.7727272727272727,5.091629577549777
from_SLR,mixture_conv_drop,17,103,132,0.7803030303030303,5.085673307070065
from_SLR,mixture_conv_drop,17,104,132,0.7878787878787878,5.119396703493767
from_SLR,mixture_conv_drop,17,105,132,0.7954545454545454,5.097850626607746
from_SLR,mixture_conv_drop,17,106,132,0.803030303030303,5.068137004001837
from_SLR,mixture_conv_drop,17,107,132,0.8106060606060606,5.041920414580967
from_SLR,mixture_conv_drop,17,108,132,0.8181818181818182,5.045415139463699
from_SLR,mixture_conv_drop,17,109,132,0.8257575757575758,5.018155483701074
from_SLR,mixture_conv_drop,17,110,132,0.8333333333333334,4.995409297761592
from_SLR,mixture_conv_drop,17,111,132,0.8409090909090909,5.036494736413067
from_SLR,mixture_conv_drop,17,112,132,0.8484848484848485,5.0423171429284865
from_SLR,mixture_conv_drop,17,113,132,0.8560606060606061,5.027254557709973
from_SLR,mixture_conv_drop,17,114,132,0.8636363636363636,5.00972592734626
from_SLR,mixture_conv_drop,17,115,132,0.8712121212121212,5.024408958901958
from_SLR,mixture_conv_drop,17,116,132,0.8787878787878788,5.007366668170386
from_SLR,mixture_conv_drop,17,117,132,0.8863636363636364,5.032080474129606
from_SLR,mixture_conv_drop,17,118,132,0.8939393939393939,5.0356912114676184
from_SLR,mixture_conv_drop,17,119,132,0.9015151515151515,5.030548326284186
from_SLR,mixture_conv_drop,17,120,132,0.9090909090909091,5.050871460238303
from_SLR,mixture_conv_drop,17,121,132,0.9166666666666666,5.064998803910523
from_SLR,mixture_conv_drop,17,122,132,0.9242424242424242,5.0919946419109685
from_SLR,mixture_conv_drop,17,123,132,0.9318181818181818,5.105323834183569
from_SLR,mixture_conv_drop,17,124,132,0.9393939393939394,5.108326818471728
from_SLR,mixture_conv_drop,17,125,132,0.946969696969697,5.149242755430963
from_SLR,mixture_conv_drop,17,126,132,0.9545454545454546,5.128420520455595
from_SLR,mixture_conv_drop,17,127,132,0.9621212121212122,5.129091782134805
from_SLR,mixture_conv_drop,17,128,132,0.9696969696969697,5.136365959355933
from_SLR,mixture_conv_drop,17,129,132,0.9772727272727273,5.18221684024738
from_SLR,mixture_conv_drop,17,130,132,0.9848484848484849,5.162991173933307
from_SLR,mixture_conv_drop,17,131,132,0.9924242424242424,5.182386004438495
from_SLR,mixture_conv_drop,17,132,132,1.0,5.204570374130569
from_SLR,mixture_plain,17,1,132,0.007575757575757576,3.7870751603570167
from_SLR,mixture_plain,17,2,132,0.015151515151515152,3.0907422263305087
from_SLR,mixture_plain,17,3,132,0.022727272727272728,3.099337628115523
from_SLR,mixture_plain,17,4,132,0.030303030303030304,2.639737129959299
from_SLR,mixture_plain,17,5,132,0.03787878787878788,3.2127621815040044
from_SLR,mixture_plain,17,6,132,0.045454545454545456,3.697481072003095
from_SLR,mixture_plain,17,7,132,0.05303030303030303,4.041091183119212
from_SLR,mixture_plain,17,8,132,0.06060606060606061,3.9101548558398087
from_SLR,mixture_plain,17,9,132,0.06818181818181818,4.125748904567278
from_SLR,mixture_plain,17,10,132,0.07575757575757576,3.8590956996599823
from_SLR,mixture_plain,17,11,132,0.08333333333333333,3.782348302156198
from_SLR,mixture_plain,17,12,132,0.09090909090909091,4.139611497777628
from_SLR,mixture_plain,17,13,132,0.09848484848484848,4.58292697374308
from_SLR,mixture_plain,17,14,132,0.10606060606060606,4.7347353747569505
from_SLR,mixture_plain,17,15,132,0.11363636363636363,4.949702288819781
from_SLR,mixture_plain,17,16,132,0.12121212121212122,5.123419937292397
from_SLR,mixture_plain,17,17,132,0.12878787878787878,5.206208995663866
from_SLR,mixture_plain,17,18,132,0.13636363636363635,4.9855286284587494
from_SLR,mixture_plain,17,19,132,0.14393939393939395,5.376033608350906
from_SLR,mixture_plain,17,20,132,0.15151515151515152,5.201908338042718
from_SLR,mixture_plain,17,21,132,0.1590909090909091,5.291182684138014
from_SLR,mixture_plain,17,22,132,0.16666666666666666,5.419814714886197
from_SLR,mixture_plain,17,23,132,0.17424242424242425,5.391437913059924
from_SLR,mixture_plain,17,24,132,0.18181818181818182,5.409172925921915
from_SLR,mixture_plain,17,25,132,0.1893939393939394,5.355193202705021
from_SLR,mixture_plain,17,26,132,0.19696969696969696,5.295126862472144
from_SLR,mixture_plain,17,27,132,0.20454545454545456,5.150582561473935
from_SLR,mixture_plain,17,28,132,0.21212121212121213,5.172892839420746
from_SLR,mixture_plain,17,29,132,0.2196969696969697,5.20393049533855
from_SLR,mixture_plain,17,30,132,0.22727272727272727,5.323029804017255
from_SLR,mixture_plain,17,31,132,0.23484848484848486,5.222394223821261
from_SLR,mixture_plain,17,32,132,0.24242424242424243,5.136267487338116
from_SLR,mixture_plain,17,33,132,0.25,5.220890706117783
from_SLR,mixture_plain,17,34,132,0.25757575757575757,5.177666272393618
from_SLR,mixture_plain,17,35,132,0.26515151515151514,5.055675955685838
from_SLR,mixture_plain,17,36,132,0.2727272727272727,4.9620701281007085
from_SLR,mixture_plain,17,37,132,0.2803030303030303,4.845759103350465
from_SLR,mixture_plain,17,38,132,0.2878787878787879,4.8297131344261075
from_SLR,mixture_plain,17,39,132,0.29545454545454547,4.976772348413017
from_SLR,mixture_plain,17,40,132,0.30303030303030304,5.058081366335822
from_SLR,mixture_plain,17,41,132,0.3106060606060606,5.044751763116851
from_SLR,mixture_plain,17,42,132,0.3181818181818182,4.967369399451998
from_SLR,mixture_plain,17,43,132,0.32575757575757575,5.111151322796235
from_SLR,mixture_plain,17,44,132,0.3333333333333333,5.226243586375466
from_SLR,mixture_plain,17,45,132,0.3409090909090909,5.229769061588761
from_SLR,mixture_plain,17,46,132,0.3484848484848485,5.173746369150059
from_SLR,mixture_plain,17,47,132,0.3560606060606061,5.147308197872649
from_SLR,mixture_plain,17,48,132,0.36363636363636365,5.093352514444723
from_SLR,mixture_plain,17,49,132,0.3712121212121212,4.997278889929799
from_SLR,mixture_plain,17,50,132,0.3787878787878788,4.983040542571935
from_SLR,mixture_plain,17,51,132,0.38636363636363635,5.047904955553342
from_SLR,mixture_plain,17,52,132,0.3939393939393939,5.108763045758058
from_SLR,mixture_plain,17,53,132,0.4015151515151515,5.030209406203039
from_SLR,mixture_plain,17,54,132,0.4090909090909091,4.99768519781959
from_SLR,mixture_plain,17,55,132,0.4166666666666667,5.0494825789592115
from_SLR,mixture_plain,17,56,132,0.42424242424242425,5.0425543811889275
from_SLR,mixture_plain,17,57,132,0.4318181818181818,5.065773693529066
from_SLR,mixture_plain,17,58,132,0.4393939393939394,5.0704500005113005
from_SLR,mixture_plain,17,59,132,0.44696969696969696,5.050900225796693
from_SLR,mixture_plain,17,60,132,0.45454545454545453,5.168107718346026
from_SLR,mixture_plain,17,61,132,0.4621212121212121,5.169386405621422
from_SLR,mixture_plain,17,62,132,0.4696969696969697,5.191060564266045
from_SLR,mixture_plain,17,63,132,0.4772727272727273,5.216023633564623
from_SLR,mixture_plain,17,64,132,0.48484848484848486,5.183721572439426
from_SLR,mixture_plain,17,65,132,0.49242424242424243,5.211671490770307
from_SLR,mixture_plain,17,66,132,0.5,5.218213033541503
from_SLR,mixture_plain,17,67,132,0.5075757575757576,5.201056572705089
from_SLR,mixture_plain,17,68,132,0.5151515151515151,5.218096671396776
from_SLR,mixture_plain,17,69,132,0.5227272727272727,5.164118731305545
from_SLR,mixture_plain,17,70,132,0.5303030303030303,5.177027167294139
from_SLR,mixture_plain,17,71,132,0.5378787878787878,5.176875095498935
from_SLR,mixture_plain,17,72,132,0.5454545454545454,5.181376143635196
from_SLR,mixture_plain,17,73,132,0.553030303030303,5.201381549985857
from_SLR,mixture_plain,17,74,132,0.5606060606060606,5.157063990322794
from_SLR,mixture_plain,17,75,132,0.5681818181818182,5.137890753660381
from_SLR,mixture_plain,17,76,132,0.5757575757575758,5.130033970657277
from_SLR,mixture_plain,17,77,132,0.5833333333333334,5.154904724920013
from_SLR,mixture_plain,17,78,132,0.5909090909090909,5.203525921853282
from_SLR,mixture_plain,17,79,132,0.5984848484848485,5.185072651154794
from_SLR,mixture_plain,17,80,132,0.6060606060606061,5.166124868359078
from_SLR,mixture_plain,17,81,132,0.6136363636363636,5.117906266542838
from_SLR,mixture_plain,17,82,132,0.6212121212121212,5.169425718940054
from_SLR,mixture_plain,17,83,132,0.6287878787878788,5.116471051476374
from_SLR,mixture_plain,17,84,132,0.6363636363636364,5.158215762490198
from_SLR,mixture_plain,17,85,132,0.6439393939393939,5.1416780178759725
from_SLR,mixture_plain,17,86,132,0.6515151515151515,5.135465250486846
from_SLR,mixture_plain,17,87,132,0.6590909090909091,5.130707469806941
from_SLR,mixture_plain,17,88,132,0.6666666666666666,5.133994313161244
from_SLR,mixture_plain,17,89,132,0.6742424242424242,5.17516378853912
from_SLR,mixture_plain,17,90,132,0.6818181818181818,5.175660639928563
from_SLR,mixture_plain,17,91,132,0.6893939393939394,5.142723063972376
from_SLR,mixture_plain,17,92,132,0.696969696969697,5.1394316594826215
from_SLR,mixture_plain,17,93,132,0.7045454545454546,5.142547910614059
from_SLR,mixture_plain,17,94,132,0.7121212121212122,5.14480171967266
from_SLR,mixture_plain,17,95,132,0.7196969696969697,5.131599369771244
from_SLR,mixture_plain,17,96,132,0.7272727272727273,5.119994266832097
from_SLR,mixture_plain,17,97,132,0.7348484848484849,5.104563401694352
from_SLR,mixture_plain,17,98,132,0.7424242424242424,5.086183210634822
from_SLR,mixture_plain,17,99,132,0.75,5.0852529982720185
from_SLR,mixture_plain,17,100,132,0.7575757575757576,5.052815434854607
from_SLR,mixture_plain,17,101,132,0.7651515151515151,5.01664365317432
from_SLR,mixture_plain,17,102,132,0.7727272727272727,5.033778590899541
from_SLR,mixture_plain,17,103,132,0.7803030303030303,5.010647544565715
from_SLR,mixture_plain,17,104,132,0.7878787878787878,5.023883502220292
from_SLR,mixture_plain,17,105,132,0.7954545454545454,5.006544769472717
from_SLR,mixture_plain,17,106,132,0.803030303030303,5.002773640940932
from_SLR,mixture_plain,17,107,132,0.8106060606060606,4.981017989712172
from_SLR,mixture_plain,17,108,132,0.8181818181818182,4.9806263894974085
from_SLR,mixture_plain,17,109,132,0.8257575757575758,5.018927731678469
from_SLR,mixture_plain,17,110,132,0.8333333333333334,4.989232802375072
from_SLR,mixture_plain,17,111,132,0.8409090909090909,4.9967679107180185
from_SLR,mixture_plain,17,112,132,0.8484848484848485,4.9968673384595474
from_SLR,mixture_plain,17,113,132,0.8560606060606061,4.988528565372838
from_SLR,mixture_plain,17,114,132,0.8636363636363636,4.995116368078549
from_SLR,mixture_plain,17,115,132,0.8712121212121212,4.965424917760299
from_SLR,mixture_plain,17,116,132,0.8787878787878788,4.940582588275844
from_SLR,mixture_plain,17,117,132,0.8863636363636364,4.9803397809564665
from_SLR,mixture_plain,17,118,132,0.8939393939393939,4.986790118721235
from_SLR,mixture_plain,17,119,132,0.9015151515151515,5.031917630763887
from_SLR,mixture_plain,17,120,132,0.9090909090909091,5.0072269805484035
from_SLR,mixture_plain,17,121,132,0.9166666666666666,5.048769876693787
from_SLR,mixture_plain,17,122,132,0.9242424242424242,5.075112540092643
from_SLR,mixture_plain,17,123,132,0.9318181818181818,5.108869569845305
from_SLR,mixture_plain,17,124,132,0.9393939393939394,5.16596890800844
from_SLR,mixture_plain,17,125,132,0.946969696969697,5.149685695514372
from_SLR,mixture_plain,17,126,132,0.9545454545454546,5.137908995050625
from_SLR,mixture_plain,17,127,132,0.9621212121212122,5.128461310338998
from_SLR,mixture_plain,17,128,132,0.9696969696969697,5.130732721199737
from_SLR,mixture_plain,17,129,132,0.9772727272727273,5.156270614585285
from_SLR,mixture_plain,17,130,132,0.9848484848484849,5.20017269735525
from_SLR,mixture_plain,17,131,132,0.9924242424242424,5.220262301045989
from_SLR,mixture_plain,17,132,132,1.0,5.243108667228492
from_SLR,plain_graph_always,17,1,132,0.007575757575757576,8.007324319580114
from_SLR,plain_graph_always,17,2,132,0.015151515151515152,5.041499286503497
from_SLR,plain_graph_always,17,3,132,0.022727272727272728,3.9052349306571337
from_SLR,plain_graph_always,17,4,132,0.030303030303030304,4.017365089888186
from_SLR,plain_graph_always,17,5,132,0.03787878787878788,5.198234635332902
from_SLR,plain_graph_always,17,6,132,0.045454545454545456,4.529280406527313
from_SLR,plain_graph_always,17,7,132,0.05303030303030303,5.125390479559376
from_SLR,plain_graph_always,17,8,132,0.06060606060606061,5.521073036218482
from_SLR,plain_graph_always,17,9,132,0.06818181818181818,5.00361878725207
from_SLR,plain_graph_always,17,10,132,0.07575757575757576,5.329748751536252
from_SLR,plain_graph_always,17,11,132,0.08333333333333333,4.985711741266033
from_SLR,plain_graph_always,17,12,132,0.09090909090909091,5.098919933207224
from_SLR,plain_graph_always,17,13,132,0.09848484848484848,5.583444111697304
from_SLR,plain_graph_always,17,14,132,0.10606060606060606,5.494107404901747
from_SLR,plain_graph_always,17,15,132,0.11363636363636363,5.296134642548013
from_SLR,plain_graph_always,17,16,132,0.12121212121212122,5.572959417864894
from_SLR,plain_graph_always,17,17,132,0.12878787878787878,5.437899942916018
from_SLR,plain_graph_always,17,18,132,0.13636363636363635,5.55910728042489
from_SLR,plain_graph_always,17,19,132,0.14393939393939395,5.512898046203152
from_SLR,plain_graph_always,17,20,132,0.15151515151515152,5.30740045788577
from_SLR,plain_graph_always,17,21,132,0.1590909090909091,5.20952890601562
from_SLR,plain_graph_always,17,22,132,0.16666666666666666,5.101990242951567
from_SLR,plain_graph_always,17,23,132,0.17424242424242425,5.222759399932832
from_SLR,plain_graph_always,17,24,132,0.18181818181818182,5.1898103342113675
from_SLR,plain_graph_always,17,25,132,0.1893939393939394,5.228279498273415
from_SLR,plain_graph_always,17,26,132,0.19696969696969696,5.39142966879308
from_SLR,plain_graph_always,17,27,132,0.20454545454545456,5.28874725415205
from_SLR,plain_graph_always,17,28,132,0.21212121212121213,5.314039959249008
from_SLR,plain_graph_always,17,29,132,0.2196969696969697,5.168827670002895
from_SLR,plain_graph_always,17,30,132,0.22727272727272727,5.267363344814261
from_SLR,plain_graph_always,17,31,132,0.23484848484848486,5.283519084792966
from_SLR,plain_graph_always,17,32,132,0.24242424242424243,5.130374760972038
from_SLR,plain_graph_always,17,33,132,0.25,5.226860779484695
from_SLR,plain_graph_always,17,34,132,0.25757575757575757,5.234321071714578
from_SLR,plain_graph_always,17,35,132,0.26515151515151514,5.227318918427112
from_SLR,plain_graph_always,17,36,132,0.2727272727272727,5.180028909640913
from_SLR,plain_graph_always,17,37,132,0.2803030303030303,5.234508993329186
from_SLR,plain_graph_always,17,38,132,0.2878787878787879,5.270666999417219
from_SLR,plain_graph_always,17,39,132,0.29545454545454547,5.345852645106029
from_SLR,plain_graph_always,17,40,132,0.30303030303030304,5.397579407542937
from_SLR,plain_graph_always,17,41,132,0.3106060606060606,5.514174718468548
from_SLR,plain_graph_always,17,42,132,0.3181818181818182,5.465859139751272
from_SLR,plain_graph_always,17,43,132,0.32575757575757575,5.479687056669393
from_SLR,plain_graph_always,17,44,132,0.3333333333333333,5.517058700029506
from_SLR,plain_graph_always,17,45,132,0.3409090909090909,5.6657955453337925
from_SLR,plain_graph_always,17,46,132,0.3484848484848485,5.674001655133032
from_SLR,plain_graph_always,17,47,132,0.3560606060606061,5.65774183056799
from_SLR,plain_graph_always,17,48,132,0.36363636363636365,5.563856420506597
from_SLR,plain_graph_always,17,49,132,0.3712121212121212,5.574538272426795
from_SLR,plain_graph_always,17,50,132,0.3787878787878788,5.493097964732839
from_SLR,plain_graph_always,17,51,132,0.38636363636363635,5.510840860589049
from_SLR,plain_graph_always,17,52,132,0.3939393939393939,5.509148077430795
from_SLR,plain_graph_always,17,53,132,0.4015151515151515,5.464822818482743
from_SLR,plain_graph_always,17,54,132,0.4090909090909091,5.4829076910183865
from_SLR,plain_graph_always,17,55,132,0.4166666666666667,5.476919222654458
from_SLR,plain_graph_always,17,56,132,0.42424242424242425,5.417487585905172
from_SLR,plain_graph_always,17,57,132,0.4318181818181818,5.417999657621743
from_SLR,plain_graph_always,17,58,132,0.4393939393939394,5.427402528694706
from_SLR,plain_graph_always,17,59,132,0.44696969696969696,5.368836778088025
from_SLR,plain_graph_always,17,60,132,0.45454545454545453,5.435693087826293
from_SLR,plain_graph_always,17,61,132,0.4621212121212121,5.362498276420122
from_SLR,plain_graph_always,17,62,132,0.4696969696969697,5.331855694684371
from_SLR,plain_graph_always,17,63,132,0.4772727272727273,5.35220032989208
from_SLR,plain_graph_always,17,64,132,0.48484848484848486,5.3613899055273055
from_SLR,plain_graph_always,17,65,132,0.49242424242424243,5.415283530271316
from_SLR,plain_graph_always,17,66,132,0.5,5.356460036125028
from_SLR,plain_graph_always,17,67,132,0.5075757575757576,5.280516504645237
from_SLR,plain_graph_always,17,68,132,0.5151515151515151,5.253352994021048
from_SLR,plain_graph_always,17,69,132,0.5227272727272727,5.277437092518663
from_SLR,plain_graph_always,17,70,132,0.5303030303030303,5.2154197481653854
from_SLR,plain_graph_always,17,71,132,0.5378787878787878,5.272531262823328
from_SLR,plain_graph_always,17,72,132,0.5454545454545454,5.233492461126506
from_SLR,plain_graph_always,17,73,132,0.553030303030303,5.175643458521367
from_SLR,plain_graph_always,17,74,132,0.5606060606060606,5.132806746778519
from_SLR,plain_graph_always,17,75,132,0.5681818181818182,5.110868267620823
from_SLR,plain_graph_always,17,76,132,0.5757575757575758,5.090082177702908
from_SLR,plain_graph_always,17,77,132,0.5833333333333334,5.0688063650940824
from_SLR,plain_graph_always,17,78,132,0.5909090909090909,5.1208117043147245
from_SLR,plain_graph_always,17,79,132,0.5984848484848485,5.179801621734831
from_SLR,plain_graph_always,17,80,132,0.6060606060606061,5.161780894313964
from_SLR,plain_graph_always,17,81,132,0.6136363636363636,5.144075648638661
from_SLR,plain_graph_always,17,82,132,0.6212121212121212,5.1380633246885585
from_SLR,plain_graph_always,17,83,132,0.6287878787878788,5.121608333131227
from_SLR,plain_graph_always,17,84,132,0.6363636363636364,5.084802521344831
from_SLR,plain_graph_always,17,85,132,0.6439393939393939,5.063255704853867
from_SLR,plain_graph_always,17,86,132,0.6515151515151515,5.0703241544665305
from_SLR,plain_graph_always,17,87,132,0.6590909090909091,5.069989018502819
from_SLR,plain_graph_always,17,88,132,0.6666666666666666,5.051144109536391
from_SLR,plain_graph_always,17,89,132,0.6742424242424242,5.061080401714031
from_SLR,plain_graph_always,17,90,132,0.6818181818181818,5.059991812551244
from_SLR,plain_graph_always,17,91,132,0.6893939393939394,5.050913100140826
from_SLR,plain_graph_always,17,92,132,0.696969696969697,5.044186171853316
from_SLR,plain_graph_always,17,93,132,0.7045454545454546,5.013536814897064
from_SLR,plain_graph_always,17,94,132,0.7121212121212122,5.002565764065131
from_SLR,plain_graph_always,17,95,132,0.7196969696969697,4.9777999278866565
from_SLR,plain_graph_always,17,96,132,0.7272727272727273,4.956062150033168
from_SLR,plain_graph_always,17,97,132,0.7348484848484849,4.930535273240063
from_SLR,plain_graph_always,17,98,132,0.7424242424242424,4.929278296814977
from_SLR,plain_graph_always,17,99,132,0.75,4.926866619958931
from_SLR,plain_graph_always,17,100,132,0.7575757575757576,4.929291706598444
from_SLR,plain_graph_always,17,101,132,0.7651515151515151,4.936664074923923
from_SLR,plain_graph_always,17,102,132,0.7727272727272727,4.941082271065914
from_SLR,plain_graph_always,17,103,132,0.7803030303030303,4.913848897411912
from_SLR,plain_graph_always,17,104,132,0.7878787878787878,4.886401001091364
from_SLR,plain_graph_always,17,105,132,0.7954545454545454,4.879699467847475
from_SLR,plain_graph_always,17,106,132,0.803030303030303,4.862586697062816
from_SLR,plain_graph_always,17,107,132,0.8106060606060606,4.8786208961232616
from_SLR,plain_graph_always,17,108,132,0.8181818181818182,4.867303724500256
from_SLR,plain_graph_always,17,109,132,0.8257575757575758,4.854825341700299
from_SLR,plain_graph_always,17,110,132,0.8333333333333334,4.8476459470185285
from_SLR,plain_graph_always,17,111,132,0.8409090909090909,4.822954325730227
from_SLR,plain_graph_always,17,112,132,0.8484848484848485,4.804572560971962
from_SLR,plain_graph_always,17,113,132,0.8560606060606061,4.802720038210148
from_SLR,plain_graph_always,17,114,132,0.8636363636363636,4.7799921542135335
from_SLR,plain_graph_always,17,115,132,0.8712121212121212,4.762680107196144
from_SLR,plain_graph_always,17,116,132,0.8787878787878788,4.77263068855507
from_SLR,plain_graph_always,17,117,132,0.8863636363636364,4.761061310356757
from_SLR,plain_graph_always,17,118,132,0.8939393939393939,4.736659307429883
from_SLR,plain_graph_always,17,119,132,0.9015151515151515,4.768431613794092
from_SLR,plain_graph_always,17,120,132,0.9090909090909091,4.7820247444392106
from_SLR,plain_graph_always,17,121,132,0.9166666666666666,4.776524086675174
from_SLR,plain_graph_always,17,122,132,0.9242424242424242,4.793041013709785
from_SLR,plain_graph_always,17,123,132,0.9318181818181818,4.804491236305673
from_SLR,plain_graph_always,17,124,132,0.9393939393939394,4.787402021384143
from_SLR,plain_graph_always,17,125,132,0.946969696969697,4.797105869602683
from_SLR,plain_graph_always,17,126,132,0.9545454545454546,4.800794907956344
from_SLR,plain_graph_always,17,127,132,0.9621212121212122,4.78530686817938
from_SLR,plain_graph_always,17,128,132,0.9696969696969697,4.781600063302564
from_SLR,plain_graph_always,17,129,132,0.9772727272727273,4.794236833203449
from_SLR,plain_graph_always,17,130,132,0.9848484848484849,4.817573804100518
from_SLR,plain_graph_always,17,131,132,0.9924242424242424,4.81123651815948
from_SLR,plain_graph_always,17,132,132,1.0,4.816445174017908
from_SLR,mixture_graph_always,29,1,132,0.007575757575757576,8.236722884205925
from_SLR,mixture_graph_always,29,2,132,0.015151515151515152,6.955502565964375
from_SLR,mixture_graph_always,29,3,132,0.022727272727272728,6.920851080262264
from_SLR,mixture_graph_always,29,4,132,0.030303030303030304,5.8283920383983565
from_SLR,mixture_graph_always,29,5,132,0.03787878787878788,6.472936012929305
from_SLR,mixture_graph_always,29,6,132,0.045454545454545456,6.589315361340496
from_SLR,mixture_graph_always,29,7,132,0.05303030303030303,7.259008098900478
from_SLR,mixture_graph_always,29,8,132,0.06060606060606061,6.987530573360677
from_SLR,mixture_graph_always,29,9,132,0.06818181818181818,6.604628590456494
from_SLR,mixture_graph_always,29,10,132,0.07575757575757576,6.188100891190011
from_SLR,mixture_graph_always,29,11,132,0.08333333333333333,5.972979671172825
from_SLR,mixture_graph_always,29,12,132,0.09090909090909091,5.877906187615383
from_SLR,mixture_graph_always,29,13,132,0.09848484848484848,5.658628056536658
from_SLR,mixture_graph_always,29,14,132,0.10606060606060606,6.018663063545693
from_SLR,mixture_graph_always,29,15,132,0.11363636363636363,5.831406265368977
from_SLR,mixture_graph_always,29,16,132,0.12121212121212122,5.938720576849455
from_SLR,mixture_graph_always,29,17,132,0.12878787878787878,6.04422110433939
from_SLR,mixture_graph_always,29,18,132,0.13636363636363635,5.873099468201677
from_SLR,mixture_graph_always,29,19,132,0.14393939393939395,5.9929787459345585
from_SLR,mixture_graph_always,29,20,132,0.15151515151515152,5.8595714907085314
from_SLR,mixture_graph_always,29,21,132,0.1590909090909091,5.871749919517032
from_SLR,mixture_graph_always,29,22,132,0.16666666666666666,5.783948593393145
from_SLR,mixture_graph_always,29,23,132,0.17424242424242425,5.82615988014281
from_SLR,mixture_graph_always,29,24,132,0.18181818181818182,6.113405064530938
from_SLR,mixture_graph_always,29,25,132,0.1893939393939394,6.110796938095568
from_SLR,mixture_graph_always,29,26,132,0.19696969696969696,6.2562090420920375
from_SLR,mixture_graph_always,29,27,132,0.20454545454545456,6.4218284846746085
from_SLR,mixture_graph_always,29,28,132,0.21212121212121213,6.34741439240963
from_SLR,mixture_graph_always,29,29,132,0.2196969696969697,6.295029430640123
from_SLR,mixture_graph_always,29,30,132,0.22727272727272727,6.429293870742472
from_SLR,mixture_graph_always,29,31,132,0.23484848484848486,6.426612079596184
from_SLR,mixture_graph_always,29,32,132,0.24242424242424243,6.464572736425831
from_SLR,mixture_graph_always,29,33,132,0.25,6.493543982497936
from_SLR,mixture_graph_always,29,34,132,0.25757575757575757,6.501843467145664
from_SLR,mixture_graph_always,29,35,132,0.26515151515151514,6.561841332514192
from_SLR,mixture_graph_always,29,36,132,0.2727272727272727,6.519354692844049
from_SLR,mixture_graph_always,29,37,132,0.2803030303030303,6.4434392970735255
from_SLR,mixture_graph_always,29,38,132,0.2878787878787879,6.492923964319294
from_SLR,mixture_graph_always,29,39,132,0.29545454545454547,6.463608817494538
from_SLR,mixture_graph_always,29,40,132,0.30303030303030304,6.497080469900278
from_SLR,mixture_graph_always,29,41,132,0.3106060606060606,6.486863316599149
from_SLR,mixture_graph_always,29,42,132,0.3181818181818182,6.4735056345076885
from_SLR,mixture_graph_always,29,43,132,0.32575757575757575,6.46141079596829
from_SLR,mixture_graph_always,29,44,132,0.3333333333333333,6.44565720586744
from_SLR,mixture_graph_always,29,45,132,0.3409090909090909,6.368483774017671
from_SLR,mixture_graph_always,29,46,132,0.3484848484848485,6.460960778796496
from_SLR,mixture_graph_always,29,47,132,0.3560606060606061,6.434407836912312
from_SLR,mixture_graph_always,29,48,132,0.36363636363636365,6.501571687333986
from_SLR,mixture_graph_always,29,49,132,0.3712121212121212,6.393845812852963
from_SLR,mixture_graph_always,29,50,132,0.3787878787878788,6.392121502224866
from_SLR,mixture_graph_always,29,51,132,0.38636363636363635,6.389275206019347
from_SLR,mixture_graph_always,29,52,132,0.3939393939393939,6.2953439704349226
from_SLR,mixture_graph_always,29,53,132,0.4015151515151515,6.242273971144477
from_SLR,mixture_graph_always,29,54,132,0.4090909090909091,6.150465081801124
from_SLR,mixture_graph_always,29,55,132,0.4166666666666667,6.169149010993107
from_SLR,mixture_graph_always,29,56,132,0.42424242424242425,6.2196473876299185
from_SLR,mixture_graph_always,29,57,132,0.4318181818181818,6.1483672854938
from_SLR,mixture_graph_always,29,58,132,0.4393939393939394,6.078689697625765
from_SLR,mixture_graph_always,29,59,132,0.44696969696969696,6.073533064552217
from_SLR,mixture_graph_always,29,60,132,0.45454545454545453,6.019637231983057
from_SLR,mixture_graph_always,29,61,132,0.4621212121212121,6.062521272623702
from_SLR,mixture_graph_always,29,62,132,0.4696969696969697,5.9899263387973
from_SLR,mixture_graph_always,29,63,132,0.4772727272727273,6.11710120838577
from_SLR,mixture_graph_always,29,64,132,0.48484848484848486,6.12201288243209
from_SLR,mixture_graph_always,29,65,132,0.49242424242424243,6.084398254522606
from_SLR,mixture_graph_always,29,66,132,0.5,6.019530464901011
from_SLR,mixture_graph_always,29,67,132,0.5075757575757576,5.957589196483397
from_SLR,mixture_graph_always,29,68,132,0.5151515151515151,5.992636909965142
from_SLR,mixture_graph_always,29,69,132,0.5227272727272727,5.9399290328286956
from_SLR,mixture_graph_always,29,70,132,0.5303030303030303,5.904484969888738
from_SLR,mixture_graph_always,29,71,132,0.5378787878787878,5.890963310777357
from_SLR,mixture_graph_always,29,72,132,0.5454545454545454,5.898439130627203
from_SLR,mixture_graph_always,29,73,132,0.553030303030303,5.856883010448545
from_SLR,mixture_graph_always,29,74,132,0.5606060606060606,5.857917506228813
from_SLR,mixture_graph_always,29,75,132,0.5681818181818182,5.840597000846827
from_SLR,mixture_graph_always,29,76,132,0.5757575757575758,5.773989996631644
from_SLR,mixture_graph_always,29,77,132,0.5833333333333334,5.773916763595848
from_SLR,mixture_graph_always,29,78,132,0.5909090909090909,5.77602018705777
from_SLR,mixture_graph_always,29,79,132,0.5984848484848485,5.72275352883381
from_SLR,mixture_graph_always,29,80,132,0.6060606060606061,5.70471152365053
from_SLR,mixture_graph_always,29,81,132,0.6136363636363636,5.69753323990417
from_SLR,mixture_graph_always,29,82,132,0.6212121212121212,5.666897308714373
from_SLR,mixture_graph_always,29,83,132,0.6287878787878788,5.655331599342664
from_SLR,mixture_graph_always,29,84,132,0.6363636363636364,5.60201395955611
from_SLR,mixture_graph_always,29,85,132,0.6439393939393939,5.641554414652615
from_SLR,mixture_graph_always,29,86,132,0.6515151515151515,5.6632597648760585
from_SLR,mixture_graph_always,29,87,132,0.6590909090909091,5.649642413855026
from_SLR,mixture_graph_always,29,88,132,0.6666666666666666,5.632047070704465
from_SLR,mixture_graph_always,29,89,132,0.6742424242424242,5.612114375872609
from_SLR,mixture_graph_always,29,90,132,0.6818181818181818,5.6239456005658335
from_SLR,mixture_graph_always,29,91,132,0.6893939393939394,5.593640960730473
from_SLR,mixture_graph_always,29,92,132,0.696969696969697,5.5575548852498
from_SLR,mixture_graph_always,29,93,132,0.7045454545454546,5.5851362243779015
from_SLR,mixture_graph_always,29,94,132,0.7121212121212122,5.585176960908182
from_SLR,mixture_graph_always,29,95,132,0.7196969696969697,5.548661059028712
from_SLR,mixture_graph_always,29,96,132,0.7272727272727273,5.5844925373540955
from_SLR,mixture_graph_always,29,97,132,0.7348484848484849,5.601160494160311
from_SLR,mixture_graph_always,29,98,132,0.7424242424242424,5.649099688964052
from_SLR,mixture_graph_always,29,99,132,0.75,5.610191673715297
from_SLR,mixture_graph_always,29,100,132,0.7575757575757576,5.590287854362406
from_SLR,mixture_graph_always,29,101,132,0.7651515151515151,5.5761420408440525
from_SLR,mixture_graph_always,29,102,132,0.7727272727272727,5.597170414582609
from_SLR,mixture_graph_always,29,103,132,0.7803030303030303,5.587165884720903
from_SLR,mixture_graph_always,29,104,132,0.7878787878787878,5.566607141792783
from_SLR,mixture_graph_always,29,105,132,0.7954545454545454,5.559956452268856
from_SLR,mixture_graph_always,29,106,132,0.803030303030303,5.559838827165303
from_SLR,mixture_graph_always,29,107,132,0.8106060606060606,5.518081229066789
from_SLR,mixture_graph_always,29,108,132,0.8181818181818182,5.533974707407322
from_SLR,mixture_graph_always,29,109,132,0.8257575757575758,5.5521091297383025
from_SLR,mixture_graph_always,29,110,132,0.8333333333333334,5.5523030131083075
from_SLR,mixture_graph_always,29,111,132,0.8409090909090909,5.552938603739126
from_SLR,mixture_graph_always,29,112,132,0.8484848484848485,5.542154999433062
from_SLR,mixture_graph_always,29,113,132,0.8560606060606061,5.505179190903644
from_SLR,mixture_graph_always,29,114,132,0.8636363636363636,5.493698627415221
from_SLR,mixture_graph_always,29,115,132,0.8712121212121212,5.469112045733368
from_SLR,mixture_graph_always,29,116,132,0.8787878787878788,5.456982963532191
from_SLR,mixture_graph_always,29,117,132,0.8863636363636364,5.461968746502648
from_SLR,mixture_graph_always,29,118,132,0.8939393939393939,5.433437925831042
from_SLR,mixture_graph_always,29,119,132,0.9015151515151515,5.404114690046443
from_SLR,mixture_graph_always,29,120,132,0.9090909090909091,5.409997246436439
from_SLR,mixture_graph_always,29,121,132,0.9166666666666666,5.386240675869327
from_SLR,mixture_graph_always,29,122,132,0.9242424242424242,5.359526437855674
from_SLR,mixture_graph_always,29,123,132,0.9318181818181818,5.377111336544698
from_SLR,mixture_graph_always,29,124,132,0.9393939393939394,5.375075855730741
from_SLR,mixture_graph_always,29,125,132,0.946969696969697,5.376840622332732
from_SLR,mixture_graph_always,29,126,132,0.9545454545454546,5.37606874395412
from_SLR,mixture_graph_always,29,127,132,0.9621212121212122,5.356345856410208
from_SLR,mixture_graph_always,29,128,132,0.9696969696969697,5.359945390757992
from_SLR,mixture_graph_always,29,129,132,0.9772727272727273,5.359858607549151
from_SLR,mixture_graph_always,29,130,132,0.9848484848484849,5.3592873687131855
from_SLR,mixture_graph_always,29,131,132,0.9924242424242424,5.350665501510784
from_SLR,mixture_graph_always,29,132,132,1.0,5.362617728360594
from_SLR,mixture_graph_drop,29,1,132,0.007575757575757576,1.3845727803607009
from_SLR,mixture_graph_drop,29,2,132,0.015151515151515152,0.9576730724445073
from_SLR,mixture_graph_drop,29,3,132,0.022727272727272728,3.375627211441408
from_SLR,mixture_graph_drop,29,4,132,0.030303030303030304,3.33255050611098
from_SLR,mixture_graph_drop,29,5,132,0.03787878787878788,3.55572193232954
from_SLR,mixture_graph_drop,29,6,132,0.045454545454545456,4.08134760638212
from_SLR,mixture_graph_drop,29,7,132,0.05303030303030303,3.9184718322188474
from_SLR,mixture_graph_drop,29,8,132,0.06060606060606061,3.930855398982439
from_SLR,mixture_graph_drop,29,9,132,0.06818181818181818,4.102864985829058
from_SLR,mixture_graph_drop,29,10,132,0.07575757575757576,3.9243640427659843
from_SLR,mixture_graph_drop,29,11,132,0.08333333333333333,4.370869016937939
from_SLR,mixture_graph_drop,29,12,132,0.09090909090909091,4.471011920826539
from_SLR,mixture_graph_drop,29,13,132,0.09848484848484848,4.758332183353695
from_SLR,mixture_graph_drop,29,14,132,0.10606060606060606,4.903076418882359
from_SLR,mixture_graph_drop,29,15,132,0.11363636363636363,4.955250470441644
from_SLR,mixture_graph_drop,29,16,132,0.12121212121212122,4.969246133517056
from_SLR,mixture_graph_drop,29,17,132,0.12878787878787878,4.75018859528347
from_SLR,mixture_graph_drop,29,18,132,0.13636363636363635,4.936433043779941
from_SLR,mixture_graph_drop,29,19,132,0.14393939393939395,4.993253990174974
from_SLR,mixture_graph_drop,29,20,132,0.15151515151515152,4.86103452138975
from_SLR,mixture_graph_drop,29,21,132,0.1590909090909091,4.670546149553097
from_SLR,mixture_graph_drop,29,22,132,0.16666666666666666,4.597884413002297
from_SLR,mixture_graph_drop,29,23,132,0.17424242424242425,4.799684575119189
from_SLR,mixture_graph_drop,29,24,132,0.18181818181818182,4.70435523902665
from_SLR,mixture_graph_drop,29,25,132,0.1893939393939394,4.808791177944456
from_SLR,mixture_graph_drop,29,26,132,0.19696969696969696,4.781728732409533
from_SLR,mixture_graph_drop,29,27,132,0.20454545454545456,4.8128289043520285
from_SLR,mixture_graph_drop,29,28,132,0.21212121212121213,4.736791690030033
from_SLR,mixture_graph_drop,29,29,132,0.2196969696969697,4.828448950005948
from_SLR,mixture_graph_drop,29,30,132,0.22727272727272727,4.7118128565172
from_SLR,mixture_graph_drop,29,31,132,0.23484848484848486,4.623669930260043
from_SLR,mixture_graph_drop,29,32,132,0.24242424242424243,4.653521560713519
from_SLR,mixture_graph_drop,29,33,132,0.25,4.708387235703752
from_SLR,mixture_graph_drop,29,34,132,0.25757575757575757,4.777331945630052
from_SLR,mixture_graph_drop,29,35,132,0.26515151515151514,4.705374916663203
from_SLR,mixture_graph_drop,29,36,132,0.2727272727272727,4.648635747289237
from_SLR,mixture_graph_drop,29,37,132,0.2803030303030303,4.68283782660771
from_SLR,mixture_graph_drop,29,38,132,0.2878787878787879,4.82507136435577
from_SLR,mixture_graph_drop,29,39,132,0.29545454545454547,4.839686158167011
from_SLR,mixture_graph_drop,29,40,132,0.30303030303030304,4.972293378148257
from_SLR,mixture_graph_drop,29,41,132,0.3106060606060606,4.961275633321841
from_SLR,mixture_graph_drop,29,42,132,0.3181818181818182,5.080716758500617
from_SLR,mixture_graph_drop,29,43,132,0.32575757575757575,5.172737031682939
from_SLR,mixture_graph_drop,29,44,132,0.3333333333333333,5.230283587939918
from_SLR,mixture_graph_drop,29,45,132,0.3409090909090909,5.186155490063481
from_SLR,mixture_graph_drop,29,46,132,0.3484848484848485,5.205588687806085
from_SLR,mixture_graph_drop,29,47,132,0.3560606060606061,5.17319883336971
from_SLR,mixture_graph_drop,29,48,132,0.36363636363636365,5.112771833412916
from_SLR,mixture_graph_drop,29,49,132,0.3712121212121212,5.1816341681923355
from_SLR,mixture_graph_drop,29,50,132,0.3787878787878788,5.175540929672236
from_SLR,mixture_graph_drop,29,51,132,0.38636363636363635,5.1797171868504925
from_SLR,mixture_graph_drop,29,52,132,0.3939393939393939,5.201638026025102
from_SLR,mixture_graph_drop,29,53,132,0.4015151515151515,5.267294201277215
from_SLR,mixture_graph_drop,29,54,132,0.4090909090909091,5.188009138782935
from_SLR,mixture_graph_drop,29,55,132,0.4166666666666667,5.265458967684616
from_SLR,mixture_graph_drop,29,56,132,0.42424242424242425,5.336454278897681
from_SLR,mixture_graph_drop,29,57,132,0.4318181818181818,5.40106766550535
from_SLR,mixture_graph_drop,29,58,132,0.4393939393939394,5.497706943343133
from_SLR,mixture_graph_drop,29,59,132,0.44696969696969696,5.59197414538055
from_SLR,mixture_graph_drop,29,60,132,0.45454545454545453,5.5897359627106376
from_SLR,mixture_graph_drop,29,61,132,0.4621212121212121,5.5446119909278115
from_SLR,mixture_graph_drop,29,62,132,0.4696969696969697,5.504546640215526
from_SLR,mixture_graph_drop,29,63,132,0.4772727272727273,5.53330687612242
from_SLR,mixture_graph_drop,29,64,132,0.48484848484848486,5.527625007461883
from_SLR,mixture_graph_drop,29,65,132,0.49242424242424243,5.485141958806048
from_SLR,mixture_graph_drop,29,66,132,0.5,5.473031770321125
from_SLR,mixture_graph_drop,29,67,132,0.5075757575757576,5.469997247387951
from_SLR,mixture_graph_drop,29,68,132,0.5151515151515151,5.450551995392284
from_SLR,mixture_graph_drop,29,69,132,0.5227272727272727,5.3959994775114835
from_SLR,mixture_graph_drop,29,70,132,0.5303030303030303,5.329715923834418
from_SLR,mixture_graph_drop,29,71,132,0.5378787878787878,5.2741359750306485
from_SLR,mixture_graph_drop,29,72,132,0.5454545454545454,5.231666388525647
from_SLR,mixture_graph_drop,29,73,132,0.553030303030303,5.21653066435818
from_SLR,mixture_graph_drop,29,74,132,0.5606060606060606,5.254614149295042
from_SLR,mixture_graph_drop,29,75,132,0.5681818181818182,5.227504431061606
from_SLR,mixture_graph_drop,29,76,132,0.5757575757575758,5.217304496586653
from_SLR,mixture_graph_drop,29,77,132,0.5833333333333334,5.167291709417523
from_SLR,mixture_graph_drop,29,78,132,0.5909090909090909,5.145010450732512
from_SLR,mixture_graph_drop,29,79,132,0.5984848484848485,5.118183965949953
from_SLR,mixture_graph_drop,29,80,132,0.6060606060606061,5.082241298367755
from_SLR,mixture_graph_drop,29,81,132,0.6136363636363636,5.118724780827895
from_SLR,mixture_graph_drop,29,82,132,0.6212121212121212,5.110826153449753
from_SLR,mixture_graph_drop,29,83,132,0.6287878787878788,5.117624868716728
from_SLR,mixture_graph_drop,29,84,132,0.6363636363636364,5.075878829595204
from_SLR,mixture_graph_drop,29,85,132,0.6439393939393939,5.105026191310659
from_SLR,mixture_graph_drop,29,86,132,0.6515151515151515,5.153420621222346
from_SLR,mixture_graph_drop,29,87,132,0.6590909090909091,5.114235011229995
from_SLR,mixture_graph_drop,29,88,132,0.6666666666666666,5.171098676668586
from_SLR,mixture_graph_drop,29,89,132,0.6742424242424242,5.185826925587836
from_SLR,mixture_graph_drop,29,90,132,0.6818181818181818,5.265734944702368
from_SLR,mixture_graph_drop,29,91,132,0.6893939393939394,5.252383086007275
from_SLR,mixture_graph_drop,29,92,132,0.696969696969697,5.222887373208382
from_SLR,mixture_graph_drop,29,93,132,0.7045454545454546,5.235686072665961
from_SLR,mixture_graph_drop,29,94,132,0.7121212121212122,5.232046731143386
from_SLR,mixture_graph_drop,29,95,132,0.7196969696969697,5.2334536476431825
from_SLR,mixture_graph_drop,29,96,132,0.7272727272727273,5.210199019553748
from_SLR,mixture_graph_drop,29,97,132,0.7348484848484849,5.18669439505378
from_SLR,mixture_graph_drop,29,98,132,0.7424242424242424,5.191146502585966
from_SLR,mixture_graph_drop,29,99,132,0.75,5.195606496246713
from_SLR,mixture_graph_drop,29,100,132,0.7575757575757576,5.283212495418321
from_SLR,mixture_graph_drop,29,101,132,0.7651515151515151,5.27837619775359
from_SLR,mixture_graph_drop,29,102,132,0.7727272727272727,5.257391046612535
from_SLR,mixture_graph_drop,29,103,132,0.7803030303030303,5.244093580927832
from_SLR,mixture_graph_drop,29,104,132,0.7878787878787878,5.229381047611039
from_SLR,mixture_graph_drop,29,105,132,0.7954545454545454,5.225933478156288
from_SLR,mixture_graph_drop,29,106,132,0.803030303030303,5.223142999091134
from_SLR,mixture_graph_drop,29,107,132,0.8106060606060606,5.194251175913445
from_SLR,mixture_graph_drop,29,108,132,0.8181818181818182,5.17890279837719
from_SLR,mixture_graph_drop,29,109,132,0.8257575757575758,5.158665131853919
from_SLR,mixture_graph_drop,29,110,132,0.8333333333333334,5.146544848503892
from_SLR,mixture_graph_drop,29,111,132,0.8409090909090909,5.164420856668534
from_SLR,mixture_graph_drop,29,112,132,0.8484848484848485,5.140985223544804
from_SLR,mixture_graph_drop,29,113,132,0.8560606060606061,5.107334624567002
from_SLR,mixture_graph_drop,29,114,132,0.8636363636363636,5.099100055663309
from_SLR,mixture_graph_drop,29,115,132,0.8712121212121212,5.102444340676797
from_SLR,mixture_graph_drop,29,116,132,0.8787878787878788,5.069866000444828
from_SLR,mixture_graph_drop,29,117,132,0.8863636363636364,5.035370014989309
from_SLR,mixture_graph_drop,29,118,132,0.8939393939393939,5.031614277853934
from_SLR,mixture_graph_drop,29,119,132,0.9015151515151515,5.008267221288803
from_SLR,mixture_graph_drop,29,120,132,0.9090909090909091,5.021495020672085
from_SLR,mixture_graph_drop,29,121,132,0.9166666666666666,4.997484617791603
from_SLR,mixture_graph_drop,29,122,132,0.9242424242424242,4.9877759120538805
from_SLR,mixture_graph_drop,29,123,132,0.9318181818181818,4.967635010071622
from_SLR,mixture_graph_drop,29,124,132,0.9393939393939394,4.967325795286782
from_SLR,mixture_graph_drop,29,125,132,0.946969696969697,4.950889632395942
from_SLR,mixture_graph_drop,29,126,132,0.9545454545454546,4.918646243185235
from_SLR,mixture_graph_drop,29,127,132,0.9621212121212122,4.906246451544329
from_SLR,mixture_graph_drop,29,128,132,0.9696969696969697,4.918690029996771
from_SLR,mixture_graph_drop,29,129,132,0.9772727272727273,4.914020243204094
from_SLR,mixture_graph_drop,29,130,132,0.9848484848484849,4.896546064167641
from_SLR,mixture_graph_drop,29,131,132,0.9924242424242424,4.884956737966959
from_SLR,mixture_graph_drop,29,132,132,1.0,4.884993136619209
from_SLR,mixture_conv_drop,29,1,132,0.007575757575757576,1.470988138064856
from_SLR,mixture_conv_drop,29,2,132,0.015151515151515152,4.219353671307262
from_SLR,mixture_conv_drop,29,3,132,0.022727272727272728,5.143956245360368
from_SLR,mixture_conv_drop,29,4,132,0.030303030303030304,4.63885044382865
from_SLR,mixture_conv_drop,29,5,132,0.03787878787878788,4.884581550993376
from_SLR,mixture_conv_drop,29,6,132,0.045454545454545456,5.047144362220982
from_SLR,mixture_conv_drop,29,7,132,0.05303030303030303,4.8498915472823265
from_SLR,mixture_conv_drop,29,8,132,0.06060606060606061,4.954242292910722
from_SLR,mixture_conv_drop,29,9,132,0.06818181818181818,4.75293401760463
from_SLR,mixture_conv_drop,29,10,132,0.07575757575757576,4.605561300136792
from_SLR,mixture_conv_drop,29,11,132,0.08333333333333333,4.393375907911264
from_SLR,mixture_conv_drop,29,12,132,0.09090909090909091,4.274710829567636
from_SLR,mixture_conv_drop,29,13,132,0.09848484848484848,4.6081096656001455
from_SLR,mixture_conv_drop,29,14,132,0.10606060606060606,4.375001602810862
from_SLR,mixture_conv_drop,29,15,132,0.11363636363636363,4.780694471070737
from_SLR,mixture_conv_drop,29,16,132,0.12121212121212122,4.790553567404208
from_SLR,mixture_conv_drop,29,17,132,0.12878787878787878,4.78226856033219
from_SLR,mixture_conv_drop,29,18,132,0.13636363636363635,5.025566845896019
from_SLR,mixture_conv_drop,29,19,132,0.14393939393939395,4.902411719196962
from_SLR,mixture_conv_drop,29,20,132,0.15151515151515152,4.83697589169124
from_SLR,mixture_conv_drop,29,21,132,0.1590909090909091,4.928135873783462
from_SLR,mixture_conv_drop,29,22,132,0.16666666666666666,5.089460982438754
from_SLR,mixture_conv_drop,29,23,132,0.17424242424242425,5.258045946964932
from_SLR,mixture_conv_drop,29,24,132,0.18181818181818182,5.306951601184319
from_SLR,mixture_conv_drop,29,25,132,0.1893939393939394,5.153602641514681
from_SLR,mixture_conv_drop,29,26,132,0.19696969696969696,5.179849207757158
from_SLR,mixture_conv_drop,29,27,132,0.20454545454545456,5.266984109008882
from_SLR,mixture_conv_drop,29,28,132,0.21212121212121213,5.2552647472407035
from_SLR,mixture_conv_drop,29,29,132,0.2196969696969697,5.11382315939363
from_SLR,mixture_conv_drop,29,30,132,0.22727272727272727,5.025576610535182
from_SLR,mixture_conv_drop,29,31,132,0.23484848484848486,5.130508083576165
from_SLR,mixture_conv_drop,29,32,132,0.24242424242424243,5.051317263806613
from_SLR,mixture_conv_drop,29,33,132,0.25,5.023376022231932
from_SLR,mixture_conv_drop,29,34,132,0.25757575757575757,5.05212818795981
from_SLR,mixture_conv_drop,29,35,132,0.26515151515151514,5.066060094657884
from_SLR,mixture_conv_drop,29,36,132,0.2727272727272727,5.082351586858395
from_SLR,mixture_conv_drop,29,37,132,0.2803030303030303,5.085700523033524
from_SLR,mixture_conv_drop,29,38,132,0.2878787878787879,5.134615990306045
from_SLR,mixture_conv_drop,29,39,132,0.29545454545454547,5.132330391464102
from_SLR,mixture_conv_drop,29,40,132,0.30303030303030304,5.16331145131513
from_SLR,mixture_conv_drop,29,41,132,0.3106060606060606,5.099087743837692
from_SLR,mixture_conv_drop,29,42,132,0.3181818181818182,5.008957636799526
from_SLR,mixture_conv_drop,29,43,132,0.32575757575757575,4.946035395385681
from_SLR,mixture_conv_drop,29,44,132,0.3333333333333333,5.045271124698394
from_SLR,mixture_conv_drop,29,45,132,0.3409090909090909,5.042130530802623
from_SLR,mixture_conv_drop,29,46,132,0.3484848484848485,4.992326771506136
from_SLR,mixture_conv_drop,29,47,132,0.3560606060606061,5.088041519983273
from_SLR,mixture_conv_drop,29,48,132,0.36363636363636365,5.058500071979435
from_SLR,mixture_conv_drop,29,49,132,0.3712121212121212,4.97328533991761
from_SLR,mixture_conv_drop,29,50,132,0.3787878787878788,5.056956876019455
from_SLR,mixture_conv_drop,29,51,132,0.38636363636363635,5.018485039396443
from_SLR,mixture_conv_drop,29,52,132,0.3939393939393939,5.011332198542429
from_SLR,mixture_conv_drop,29,53,132,0.4015151515151515,5.018099883157337
from_SLR,mixture_conv_drop,29,54,132,0.4090909090909091,5.011742654409515
from_SLR,mixture_conv_drop,29,55,132,0.4166666666666667,4.973856005491606
from_SLR,mixture_conv_drop,29,56,132,0.42424242424242425,5.030620457840797
from_SLR,mixture_conv_drop,29,57,132,0.4318181818181818,4.97855213223002
from_SLR,mixture_conv_drop,29,58,132,0.4393939393939394,5.059162012813269
from_SLR,mixture_conv_drop,29,59,132,0.44696969696969696,5.013048296023416
from_SLR,mixture_conv_drop,29,60,132,0.45454545454545453,5.1153670789476955
from_SLR,mixture_conv_drop,29,61,132,0.4621212121212121,5.2300690023345675
from_SLR,mixture_conv_drop,29,62,132,0.4696969696969697,5.297023660678881
from_SLR,mixture_conv_drop,29,63,132,0.4772727272727273,5.286943213534136
from_SLR,mixture_conv_drop,29,64,132,0.48484848484848486,5.260436230412512
from_SLR,mixture_conv_drop,29,65,132,0.49242424242424243,5.266528496548427
from_SLR,mixture_conv_drop,29,66,132,0.5,5.292195374835803
from_SLR,mixture_conv_drop,29,67,132,0.5075757575757576,5.339274063438964
from_SLR,mixture_conv_drop,29,68,132,0.5151515151515151,5.432313686780572
from_SLR,mixture_conv_drop,29,69,132,0.5227272727272727,5.441169991565755
from_SLR,mixture_conv_drop,29,70,132,0.5303030303030303,5.388491895921127
from_SLR,mixture_conv_drop,29,71,132,0.5378787878787878,5.33008471352153
from_SLR,mixture_conv_drop,29,72,132,0.5454545454545454,5.308658009849514
from_SLR,mixture_conv_drop,29,73,132,0.553030303030303,5.276862076943125
from_SLR,mixture_conv_drop,29,74,132,0.5606060606060606,5.283626716464125
from_SLR,mixture_conv_drop,29,75,132,0.5681818181818182,5.249214385191906
from_SLR,mixture_conv_drop,29,76,132,0.5757575757575758,5.250912475586434
from_SLR,mixture_conv_drop,29,77,132,0.5833333333333334,5.2672815428041595
from_SLR,mixture_conv_drop,29,78,132,0.5909090909090909,5.281054324827327
from_SLR,mixture_conv_drop,29,79,132,0.5984848484848485,5.295498756274005
from_SLR,mixture_conv_drop,29,80,132,0.6060606060606061,5.3113223614614
from_SLR,mixture_conv_drop,29,81,132,0.6136363636363636,5.305307732224124
from_SLR,mixture_conv_drop,29,82,132,0.6212121212121212,5.367783307581094
from_SLR,mixture_conv_drop,29,83,132,0.6287878787878788,5.342449996143442
from_SLR,mixture_conv_drop,29,84,132,0.6363636363636364,5.4274599309361635
from_SLR,mixture_conv_drop,29,85,132,0.6439393939393939,5.441713467065923
from_SLR,mixture_conv_drop,29,86,132,0.6515151515151515,5.412612298384377
from_SLR,mixture_conv_drop,29,87,132,0.6590909090909091,5.419944571361604
from_SLR,mixture_conv_drop,29,88,132,0.6666666666666666,5.384186050894487
from_SLR,mixture_conv_drop,29,89,132,0.6742424242424242,5.406089478902544
from_SLR,mixture_conv_drop,29,90,132,0.6818181818181818,5.363855656820991
from_SLR,mixture_conv_drop,29,91,132,0.6893939393939394,5.456079378753339
from_SLR,mixture_conv_drop,29,92,132,0.696969696969697,5.495979634014048
from_SLR,mixture_conv_drop,29,93,132,0.7045454545454546,5.5155317896393825
from_SLR,mixture_conv_drop,29,94,132,0.7121212121212122,5.5562382965301085
from_SLR,mixture_conv_drop,29,95,132,0.7196969696969697,5.660101446111102
from_SLR,mixture_conv_drop,29,96,132,0.7272727272727273,5.702173574658112
from_SLR,mixture_conv_drop,29,97,132,0.7348484848484849,5.681494759541695
from_SLR,mixture_conv_drop,29,98,132,0.7424242424242424,5.655644392746418
from_SLR,mixture_conv_drop,29,99,132,0.75,5.662667478169548
from_SLR,mixture_conv_drop,29,100,132,0.7575757575757576,5.665657430764039
from_SLR,mixture_conv_drop,29,101,132,0.7651515151515151,5.6299616183572
from_SLR,mixture_conv_drop,29,102,132,0.7727272727272727,5.622391808544549
from_SLR,mixture_conv_drop,29,103,132,0.7803030303030303,5.606076131208102
from_SLR,mixture_conv_drop,29,104,132,0.7878787878787878,5.639464355791319
from_SLR,mixture_conv_drop,29,105,132,0.7954545454545454,5.689027631716917
from_SLR,mixture_conv_drop,29,106,132,0.803030303030303,5.745422105077107
from_SLR,mixture_conv_drop,29,107,132,0.8106060606060606,5.753438588672744
from_SLR,mixture_conv_drop,29,108,132,0.8181818181818182,5.7596065511531025
from_SLR,mixture_conv_drop,29,109,132,0.8257575757575758,5.7403871504289965
from_SLR,mixture_conv_drop,29,110,132,0.8333333333333334,5.719749801369752
from_SLR,mixture_conv_drop,29,111,132,0.8409090909090909,5.708228386207541
from_SLR,mixture_conv_drop,29,112,132,0.8484848484848485,5.678847459576405
from_SLR,mixture_conv_drop,29,113,132,0.8560606060606061,5.640859634230227
from_SLR,mixture_conv_drop,29,114,132,0.8636363636363636,5.648242430701667
from_SLR,mixture_conv_drop,29,115,132,0.8712121212121212,5.664411236255104
from_SLR,mixture_conv_drop,29,116,132,0.8787878787878788,5.66068040561212
from_SLR,mixture_conv_drop,29,117,132,0.8863636363636364,5.624527282240267
from_SLR,mixture_conv_drop,29,118,132,0.8939393939393939,5.590668666383257
from_SLR,mixture_conv_drop,29,119,132,0.9015151515151515,5.599001323984444
from_SLR,mixture_conv_drop,29,120,132,0.9090909090909091,5.596947104273892
from_SLR,mixture_conv_drop,29,121,132,0.9166666666666666,5.576071555533286
from_SLR,mixture_conv_drop,29,122,132,0.9242424242424242,5.555909343616713
from_SLR,mixture_conv_drop,29,123,132,0.9318181818181818,5.534224710168959
from_SLR,mixture_conv_drop,29,124,132,0.9393939393939394,5.521172942049485
from_SLR,mixture_conv_drop,29,125,132,0.946969696969697,5.4876052428348805
from_SLR,mixture_conv_drop,29,126,132,0.9545454545454546,5.472841171462078
from_SLR,mixture_conv_drop,29,127,132,0.9621212121212122,5.464819625926007
from_SLR,mixture_conv_drop,29,128,132,0.9696969696969697,5.484387977685641
from_SLR,mixture_conv_drop,29,129,132,0.9772727272727273,5.465975101697904
from_SLR,mixture_conv_drop,29,130,132,0.9848484848484849,5.46786969168643
from_SLR,mixture_conv_drop,29,131,132,0.9924242424242424,5.464479971663918
from_SLR,mixture_conv_drop,29,132,132,1.0,5.477071069690277
from_SLR,mixture_plain,29,1,132,0.007575757575757576,5.32966138018181
from_SLR,mixture_plain,29,2,132,0.015151515151515152,5.388058446320152
from_SLR,mixture_plain,29,3,132,0.022727272727272728,5.479854758350513
from_SLR,mixture_plain,29,4,132,0.030303030303030304,5.882890463858038
from_SLR,mixture_plain,29,5,132,0.03787878787878788,6.363815302375183
from_SLR,mixture_plain,29,6,132,0.045454545454545456,6.301666812196355
from_SLR,mixture_plain,29,7,132,0.05303030303030303,6.275386646618396
from_SLR,mixture_plain,29,8,132,0.06060606060606061,6.808914997114368
from_SLR,mixture_plain,29,9,132,0.06818181818181818,6.668908834265171
from_SLR,mixture_plain,29,10,132,0.07575757575757576,6.494236270194989
from_SLR,mixture_plain,29,11,132,0.08333333333333333,6.341966471144651
from_SLR,mixture_plain,29,12,132,0.09090909090909091,6.290946495665494
from_SLR,mixture_plain,29,13,132,0.09848484848484848,6.4982718738606655
from_SLR,mixture_plain,29,14,132,0.10606060606060606,6.314766200321237
from_SLR,mixture_plain,29,15,132,0.11363636363636363,6.476966985285429
from_SLR,mixture_plain,29,16,132,0.12121212121212122,6.579239313714522
from_SLR,mixture_plain,29,17,132,0.12878787878787878,6.59084033759061
from_SLR,mixture_plain,29,18,132,0.13636363636363635,6.373024191388605
from_SLR,mixture_plain,29,19,132,0.14393939393939395,6.176760641056638
from_SLR,mixture_plain,29,20,132,0.15151515151515152,5.935224434696981
from_SLR,mixture_plain,29,21,132,0.1590909090909091,5.8042451612180885
from_SLR,mixture_plain,29,22,132,0.16666666666666666,5.877311209763881
from_SLR,mixture_plain,29,23,132,0.17424242424242425,6.014486057009586
from_SLR,mixture_plain,29,24,132,0.18181818181818182,6.014334736200946
from_SLR,mixture_plain,29,25,132,0.1893939393939394,5.88719205617822
from_SLR,mixture_plain,29,26,132,0.19696969696969696,6.093995364485436
from_SLR,mixture_plain,29,27,132,0.20454545454545456,5.964648019820462
from_SLR,mixture_plain,29,28,132,0.21212121212121213,6.16768297577127
from_SLR,mixture_plain,29,29,132,0.2196969696969697,6.193680578836114
from_SLR,mixture_plain,29,30,132,0.22727272727272727,6.197741083477175
from_SLR,mixture_plain,29,31,132,0.23484848484848486,6.131402310494425
from_SLR,mixture_plain,29,32,132,0.24242424242424243,6.03335908269689
from_SLR,mixture_plain,29,33,132,0.25,6.000529286393908
from_SLR,mixture_plain,29,34,132,0.25757575757575757,6.1418738781422135
from_SLR,mixture_plain,29,35,132,0.26515151515151514,6.104037913936101
from_SLR,mixture_plain,29,36,132,0.2727272727272727,6.038983422256346
from_SLR,mixture_plain,29,37,132,0.2803030303030303,6.08041058909672
from_SLR,mixture_plain,29,38,132,0.2878787878787879,6.166749406887201
from_SLR,mixture_plain,29,39,132,0.29545454545454547,6.099812321089872
from_SLR,mixture_plain,29,40,132,0.30303030303030304,6.155163822936478
from_SLR,mixture_plain,29,41,132,0.3106060606060606,6.0378706905461135
from_SLR,mixture_plain,29,42,132,0.3181818181818182,5.977507440887284
from_SLR,mixture_plain,29,43,132,0.32575757575757575,6.005024615579603
from_SLR,mixture_plain,29,44,132,0.3333333333333333,5.936429889369043
from_SLR,mixture_plain,29,45,132,0.3409090909090909,5.896380123195351
from_SLR,mixture_plain,29,46,132,0.3484848484848485,5.90947035167391
from_SLR,mixture_plain,29,47,132,0.3560606060606061,5.90249590478754
from_SLR,mixture_plain,29,48,132,0.36363636363636365,5.8832214776138505
from_SLR,mixture_plain,29,49,132,0.3712121212121212,5.874768736370397
from_SLR,mixture_plain,29,50,132,0.3787878787878788,5.924904529115909
from_SLR,mixture_plain,29,51,132,0.38636363636363635,5.9232982981711615
from_SLR,mixture_plain,29,52,132,0.3939393939393939,5.856307948148589
from_SLR,mixture_plain,29,53,132,0.4015151515151515,5.885792183818786
from_SLR,mixture_plain,29,54,132,0.4090909090909091,5.796891955318885
from_SLR,mixture_plain,29,55,132,0.4166666666666667,5.859217597473959
from_SLR,mixture_plain,29,56,132,0.42424242424242425,5.967187024635225
from_SLR,mixture_plain,29,57,132,0.4318181818181818,5.981321172083123
from_SLR,mixture_plain,29,58,132,0.4393939393939394,5.974712866327704
from_SLR,mixture_plain,29,59,132,0.44696969696969696,6.045151472670228
from_SLR,mixture_plain,29,60,132,0.45454545454545453,6.089172610638458
from_SLR,mixture_plain,29,61,132,0.4621212121212121,6.0411800936782445
from_SLR,mixture_plain,29,62,132,0.4696969696969697,5.983549973505399
from_SLR,mixture_plain,29,63,132,0.4772727272727273,5.993476566534481
from_SLR,mixture_plain,29,64,132,0.48484848484848486,5.988953872202832
from_SLR,mixture_plain,29,65,132,0.49242424242424243,6.014289159801364
from_SLR,mixture_plain,29,66,132,0.5,6.001596858525438
from_SLR,mixture_plain,29,67,132,0.5075757575757576,5.966005521855435
from_SLR,mixture_plain,29,68,132,0.5151515151515151,5.9363505534691985
from_SLR,mixture_plain,29,69,132,0.5227272727272727,5.909977566834604
from_SLR,mixture_plain,29,70,132,0.5303030303030303,5.936299520983491
from_SLR,mixture_plain,29,71,132,0.5378787878787878,5.929313696702333
from_SLR,mixture_plain,29,72,132,0.5454545454545454,5.929956465681121
from_SLR,mixture_plain,29,73,132,0.553030303030303,5.88208371138541
from_SLR,mixture_plain,29,74,132,0.5606060606060606,5.846187994695325
from_SLR,mixture_plain,29,75,132,0.5681818181818182,5.7926281780406566
from_SLR,mixture_plain,29,76,132,0.5757575757575758,5.8968078362811855
from_SLR,mixture_plain,29,77,132,0.5833333333333334,5.857691101112351
from_SLR,mixture_plain,29,78,132,0.5909090909090909,5.894421043494957
from_SLR,mixture_plain,29,79,132,0.5984848484848485,5.8451877956988785
from_SLR,mixture_plain,29,80,132,0.6060606060606061,5.884983238443391
from_SLR,mixture_plain,29,81,132,0.6136363636363636,5.874257510222664
from_SLR,mixture_plain,29,82,132,0.6212121212121212,5.8200009294078905
from_SLR,mixture_plain,29,83,132,0.6287878787878788,5.803317097737069
from_SLR,mixture_plain,29,84,132,0.6363636363636364,5.7569495330762415
from_SLR,mixture_plain,29,85,132,0.6439393939393939,5.71671075830818
from_SLR,mixture_plain,29,86,132,0.6515151515151515,5.732052524364045
from_SLR,mixture_plain,29,87,132,0.6590909090909091,5.697221343345067
from_SLR,mixture_plain,29,88,132,0.6666666666666666,5.701898230265131
from_SLR,mixture_plain,29,89,132,0.6742424242424242,5.679982828460928
from_SLR,mixture_plain,29,90,132,0.6818181818181818,5.7171111519092745
from_SLR,mixture_plain,29,91,132,0.6893939393939394,5.701479365470461
from_SLR,mixture_plain,29,92,132,0.696969696969697,5.684431511551111
from_SLR,mixture_plain,29,93,132,0.7045454545454546,5.6665266613769845
from_SLR,mixture_plain,29,94,132,0.7121212121212122,5.640264454284464
from_SLR,mixture_plain,29,95,132,0.7196969696969697,5.608731735150421
from_SLR,mixture_plain,29,96,132,0.7272727272727273,5.612063836972003
from_SLR,mixture_plain,29,97,132,0.7348484848484849,5.662920327083823
from_SLR,mixture_plain,29,98,132,0.7424242424242424,5.6569280954476815
from_SLR,mixture_plain,29,99,132,0.75,5.63373341009657
from_SLR,mixture_plain,29,100,132,0.7575757575757576,5.599136873649298
from_SLR,mixture_plain,29,101,132,0.7651515151515151,5.552870551587784
from_SLR,mixture_plain,29,102,132,0.7727272727272727,5.571614988794342
from_SLR,mixture_plain,29,103,132,0.7803030303030303,5.562757446340068
from_SLR,mixture_plain,29,104,132,0.7878787878787878,5.523449401992253
from_SLR,mixture_plain,29,105,132,0.7954545454545454,5.478554238419182
from_SLR,mixture_plain,29,106,132,0.803030303030303,5.4552285071396085
from_SLR,mixture_plain,29,107,132,0.8106060606060606,5.437606406477952
from_SLR,mixture_plain,29,108,132,0.8181818181818182,5.436561579781897
from_SLR,mixture_plain,29,109,132,0.8257575757575758,5.42595437231778
from_SLR,mixture_plain,29,110,132,0.8333333333333334,5.402926520117034
from_SLR,mixture_plain,29,111,132,0.8409090909090909,5.422035575955138
from_SLR,mixture_plain,29,112,132,0.8484848484848485,5.419084586861422
from_SLR,mixture_plain,29,113,132,0.8560606060606061,5.387086106489294
from_SLR,mixture_plain,29,114,132,0.8636363636363636,5.353167856255557
from_SLR,mixture_plain,29,115,132,0.8712121212121212,5.356457845468185
from_SLR,mixture_plain,29,116,132,0.8787878787878788,5.323674327682957
from_SLR,mixture_plain,29,117,132,0.8863636363636364,5.330030235899828
from_SLR,mixture_plain,29,118,132,0.8939393939393939,5.302910002537661
from_SLR,mixture_plain,29,119,132,0.9015151515151515,5.323061612771172
from_SLR,mixture_plain,29,120,132,0.9090909090909091,5.3292652663652165
from_SLR,mixture_plain,29,121,132,0.9166666666666666,5.317448879052138
from_SLR,mixture_plain,29,122,132,0.9242424242424242,5.305085063621937
from_SLR,mixture_plain,29,123,132,0.9318181818181818,5.29970876433087
from_SLR,mixture_plain,29,124,132,0.9393939393939394,5.273082820806643
from_SLR,mixture_plain,29,125,132,0.946969696969697,5.245312295001006
from_SLR,mixture_plain,29,126,132,0.9545454545454546,5.237201568195898
from_SLR,mixture_plain,29,127,132,0.9621212121212122,5.238004636335078
from_SLR,mixture_plain,29,128,132,0.9696969696969697,5.263982359484395
from_SLR,mixture_plain,29,129,132,0.9772727272727273,5.271404528796097
from_SLR,mixture_plain,29,130,132,0.9848484848484849,5.258740418668758
from_SLR,mixture_plain,29,131,132,0.9924242424242424,5.262182288743194
from_SLR,mixture_plain,29,132,132,1.0,5.279987326350558
from_SLR,plain_graph_always,29,1,132,0.007575757575757576,2.61383657269228
from_SLR,plain_graph_always,29,2,132,0.015151515151515152,5.407845848615755
from_SLR,plain_graph_always,29,3,132,0.022727272727272728,5.9253965211837345
from_SLR,plain_graph_always,29,4,132,0.030303030303030304,6.789177436529224
from_SLR,plain_graph_always,29,5,132,0.03787878787878788,6.973792904924603
from_SLR,plain_graph_always,29,6,132,0.045454545454545456,6.907179884668938
from_SLR,plain_graph_always,29,7,132,0.05303030303030303,6.891820987097389
from_SLR,plain_graph_always,29,8,132,0.06060606060606061,6.417233408617323
from_SLR,plain_graph_always,29,9,132,0.06818181818181818,6.225381293857154
from_SLR,plain_graph_always,29,10,132,0.07575757575757576,6.693975477782876
from_SLR,plain_graph_always,29,11,132,0.08333333333333333,6.729680615747256
from_SLR,plain_graph_always,29,12,132,0.09090909090909091,6.415848669934676
from_SLR,plain_graph_always,29,13,132,0.09848484848484848,6.601042205330945
from_SLR,plain_graph_always,29,14,132,0.10606060606060606,6.347841105898994
from_SLR,plain_graph_always,29,15,132,0.11363636363636363,6.192662871038806
from_SLR,plain_graph_always,29,16,132,0.12121212121212122,6.518831554430319
from_SLR,plain_graph_always,29,17,132,0.12878787878787878,6.440504941681884
from_SLR,plain_graph_always,29,18,132,0.13636363636363635,6.50553667305103
from_SLR,plain_graph_always,29,19,132,0.14393939393939395,6.526490240737011
from_SLR,plain_graph_always,29,20,132,0.15151515151515152,6.584890247816487
from_SLR,plain_graph_always,29,21,132,0.1590909090909091,6.423349584664156
from_SLR,plain_graph_always,29,22,132,0.16666666666666666,6.272884594212929
from_SLR,plain_graph_always,29,23,132,0.17424242424242425,6.116062734085375
from_SLR,plain_graph_always,29,24,132,0.18181818181818182,6.106198943309696
from_SLR,plain_graph_always,29,25,132,0.1893939393939394,6.195260403046096
from_SLR,plain_graph_always,29,26,132,0.19696969696969696,6.262514541074966
from_SLR,plain_graph_always,29,27,132,0.20454545454545456,6.254077822652943
from_SLR,plain_graph_always,29,28,132,0.21212121212121213,6.214815769920966
from_SLR,plain_graph_always,29,29,132,0.2196969696969697,6.255980625633934
from_SLR,plain_graph_always,29,30,132,0.22727272727272727,6.256769849980576
from_SLR,plain_graph_always,29,31,132,0.23484848484848486,6.22616658365417
from_SLR,plain_graph_always,29,32,132,0.24242424242424243,6.43961419646876
from_SLR,plain_graph_always,29,33,132,0.25,6.31343772334983
from_SLR,plain_graph_always,29,34,132,0.25757575757575757,6.270177980409478
from_SLR,plain_graph_always,29,35,132,0.26515151515151514,6.400534756805772
from_SLR,plain_graph_always,29,36,132,0.2727272727272727,6.559651335804461
from_SLR,plain_graph_always,29,37,132,0.2803030303030303,6.510080418657583
from_SLR,plain_graph_always,29,38,132,0.2878787878787879,6.447408351729022
from_SLR,plain_graph_always,29,39,132,0.29545454545454547,6.347438917006003
from_SLR,plain_graph_always,29,40,132,0.30303030303030304,6.328489875884509
from_SLR,plain_graph_always,29,41,132,0.3106060606060606,6.343299549506414
from_SLR,plain_graph_always,29,42,132,0.3181818181818182,6.333223778680396
from_SLR,plain_graph_always,29,43,132,0.32575757575757575,6.231053802613065
from_SLR,plain_graph_always,29,44,132,0.3333333333333333,6.20430289704263
from_SLR,plain_graph_always,29,45,132,0.3409090909090909,6.159380912502848
from_SLR,plain_graph_always,29,46,132,0.3484848484848485,6.152129386243909
from_SLR,plain_graph_always,29,47,132,0.3560606060606061,6.105931809111977
from_SLR,plain_graph_always,29,48,132,0.36363636363636365,6.134432379717154
from_SLR,plain_graph_always,29,49,132,0.3712121212121212,6.227961612336431
from_SLR,plain_graph_always,29,50,132,0.3787878787878788,6.298117915855003
from_SLR,plain_graph_always,29,51,132,0.38636363636363635,6.289049535834342
from_SLR,plain_graph_always,29,52,132,0.3939393939393939,6.340729508219942
from_SLR,plain_graph_always,29,53,132,0.4015151515151515,6.320818572261155
from_SLR,plain_graph_always,29,54,132,0.4090909090909091,6.294078222342757
from_SLR,plain_graph_always,29,55,132,0.4166666666666667,6.253229131762097
from_SLR,plain_graph_always,29,56,132,0.42424242424242425,6.244237069738362
from_SLR,plain_graph_always,29,57,132,0.4318181818181818,6.327092180412149
from_SLR,plain_graph_always,29,58,132,0.4393939393939394,6.256250992581567
from_SLR,plain_graph_always,29,59,132,0.44696969696969696,6.197190346100329
from_SLR,plain_graph_always,29,60,132,0.45454545454545453,6.176795431445413
from_SLR,plain_graph_always,29,61,132,0.4621212121212121,6.18732521502748
from_SLR,plain_graph_always,29,62,132,0.4696969696969697,6.254349346278345
from_SLR,plain_graph_always,29,63,132,0.4772727272727273,6.306845281727863
from_SLR,plain_graph_always,29,64,132,0.48484848484848486,6.334802090936162
from_SLR,plain_graph_always,29,65,132,0.49242424242424243,6.315589884202172
from_SLR,plain_graph_always,29,66,132,0.5,6.348876721582735
from_SLR,plain_graph_always,29,67,132,0.5075757575757576,6.32239470323886
from_SLR,plain_graph_always,29,68,132,0.5151515151515151,6.331734788552356
from_SLR,plain_graph_always,29,69,132,0.5227272727272727,6.267103785897269
from_SLR,plain_graph_always,29,70,132,0.5303030303030303,6.216144740327006
from_SLR,plain_graph_always,29,71,132,0.5378787878787878,6.218837840991816
from_SLR,plain_graph_always,29,72,132,0.5454545454545454,6.193106274212181
from_SLR,plain_graph_always,29,73,132,0.553030303030303,6.143095077369759
from_SLR,plain_graph_always,29,74,132,0.5606060606060606,6.13796901489605
from_SLR,plain_graph_always,29,75,132,0.5681818181818182,6.140447877421841
from_SLR,plain_graph_always,29,76,132,0.5757575757575758,6.134173313690085
from_SLR,plain_graph_always,29,77,132,0.5833333333333334,6.0710982674847305
from_SLR,plain_graph_always,29,78,132,0.5909090909090909,6.062407683140104
from_SLR,plain_graph_always,29,79,132,0.5984848484848485,6.037966971261221
from_SLR,plain_graph_always,29,80,132,0.6060606060606061,5.977363718560398
from_SLR,plain_graph_always,29,81,132,0.6136363636363636,5.9281836632454885
from_SLR,plain_graph_always,29,82,132,0.6212121212121212,5.885299778249233
from_SLR,plain_graph_always,29,83,132,0.6287878787878788,5.86823829026733
from_SLR,plain_graph_always,29,84,132,0.6363636363636364,5.86321973078104
from_SLR,plain_graph_always,29,85,132,0.6439393939393939,5.835303632638789
from_SLR,plain_graph_always,29,86,132,0.6515151515151515,5.878277834663472
from_SLR,plain_graph_always,29,87,132,0.6590909090909091,5.865470978269492
from_SLR,plain_graph_always,29,88,132,0.6666666666666666,5.857219344528789
from_SLR,plain_graph_always,29,89,132,0.6742424242424242,5.8023993683523285
from_SLR,plain_graph_always,29,90,132,0.6818181818181818,5.772841867930067
from_SLR,plain_graph_always,29,91,132,0.6893939393939394,5.764805600929088
from_SLR,plain_graph_always,29,92,132,0.696969696969697,5.8009206490610605
from_SLR,plain_graph_always,29,93,132,0.7045454545454546,5.767217882084768
from_SLR,plain_graph_always,29,94,132,0.7121212121212122,5.780718910001128
from_SLR,plain_graph_always,29,95,132,0.7196969696969697,5.759088468147062
from_SLR,plain_graph_always,29,96,132,0.7272727272727273,5.742232192132433
from_SLR,plain_graph_always,29,97,132,0.7348484848484849,5.768274425617528
from_SLR,plain_graph_always,29,98,132,0.7424242424242424,5.803549218769706
from_SLR,plain_graph_always,29,99,132,0.75,5.798865221012529
from_SLR,plain_graph_always,29,100,132,0.7575757575757576,5.7911062087347265
from_SLR,plain_graph_always,29,101,132,0.7651515151515151,5.7998437525346
from_SLR,plain_graph_always,29,102,132,0.7727272727272727,5.76496933821761
from_SLR,plain_graph_always,29,103,132,0.7803030303030303,5.783558093332144
from_SLR,plain_graph_always,29,104,132,0.7878787878787878,5.797089496687255
from_SLR,plain_graph_always,29,105,132,0.7954545454545454,5.783325153160299
from_SLR,plain_graph_always,29,106,132,0.803030303030303,5.780414438080694
from_SLR,plain_graph_always,29,107,132,0.8106060606060606,5.767010470754216
from_SLR,plain_graph_always,29,108,132,0.8181818181818182,5.797049482853881
from_SLR,plain_graph_always,29,109,132,0.8257575757575758,5.838545971141143
from_SLR,plain_graph_always,29,110,132,0.8333333333333334,5.84678031394107
from_SLR,plain_graph_always,29,111,132,0.8409090909090909,5.862139353726846
from_SLR,plain_graph_always,29,112,132,0.8484848484848485,5.817913108298323
from_SLR,plain_graph_always,29,113,132,0.8560606060606061,5.81083706397285
from_SLR,plain_graph_always,29,114,132,0.8636363636363636,5.808262021949309
from_SLR,plain_graph_always,29,115,132,0.8712121212121212,5.791113495336391
from_SLR,plain_graph_always,29,116,132,0.8787878787878788,5.754209757413532
from_SLR,plain_graph_always,29,117,132,0.8863636363636364,5.793999298675732
from_SLR,plain_graph_always,29,118,132,0.8939393939393939,5.798030641467635
from_SLR,plain_graph_always,29,119,132,0.9015151515151515,5.852224250637254
from_SLR,plain_graph_always,29,120,132,0.9090909090909091,5.886485628399424
from_SLR,plain_graph_always,29,121,132,0.9166666666666666,5.94153621483688
from_SLR,plain_graph_always,29,122,132,0.9242424242424242,5.913207270110562
from_SLR,plain_graph_always,29,123,132,0.9318181818181818,5.881024706745103
from_SLR,plain_graph_always,29,124,132,0.9393939393939394,5.876757832463492
from_SLR,plain_graph_always,29,125,132,0.946969696969697,5.852138439260916
from_SLR,plain_graph_always,29,126,132,0.9545454545454546,5.8178272814384835
from_SLR,plain_graph_always,29,127,132,0.9621212121212122,5.77720422275
from_SLR,plain_graph_always,29,128,132,0.9696969696969697,5.739565573559396
from_SLR,plain_graph_always,29,129,132,0.9772727272727273,5.766903042810096
from_SLR,plain_graph_always,29,130,132,0.9848484848484849,5.732010507651435
from_SLR,plain_graph_always,29,131,132,0.9924242424242424,5.703514538703902
from_SLR,plain_graph_always,29,132,132,1.0,5.6897113777180595
from_SLR,mixture_graph_always,43,1,132,0.007575757575757576,6.849263836370961
from_SLR,mixture_graph_always,43,2,132,0.015151515151515152,8.32809755813902
from_SLR,mixture_graph_always,43,3,132,0.022727272727272728,9.314858531724715
from_SLR,mixture_graph_always,43,4,132,0.030303030303030304,10.052940187503083
from_SLR,mixture_graph_always,43,5,132,0.03787878787878788,9.726707985665781
from_SLR,mixture_graph_always,43,6,132,0.045454545454545456,9.764774270496284
from_SLR,mixture_graph_always,43,7,132,0.05303030303030303,8.830214141808648
from_SLR,mixture_graph_always,43,8,132,0.06060606060606061,8.475514712518812
from_SLR,mixture_graph_always,43,9,132,0.06818181818181818,8.198389116075468
from_SLR,mixture_graph_always,43,10,132,0.07575757575757576,7.957686372622215
from_SLR,mixture_graph_always,43,11,132,0.08333333333333333,7.514948918442812
from_SLR,mixture_graph_always,43,12,132,0.09090909090909091,7.25728493579236
from_SLR,mixture_graph_always,43,13,132,0.09848484848484848,7.4298514487960725
from_SLR,mixture_graph_always,43,14,132,0.10606060606060606,7.078797268194237
from_SLR,mixture_graph_always,43,15,132,0.11363636363636363,6.987266674457287
from_SLR,mixture_graph_always,43,16,132,0.12121212121212122,6.630435922815663
from_SLR,mixture_graph_always,43,17,132,0.12878787878787878,6.452114401896769
from_SLR,mixture_graph_always,43,18,132,0.13636363636363635,6.395374818095255
from_SLR,mixture_graph_always,43,19,132,0.14393939393939395,6.414261336711477
from_SLR,mixture_graph_always,43,20,132,0.15151515151515152,6.618450793614177
from_SLR,mixture_graph_always,43,21,132,0.1590909090909091,6.57331430236433
from_SLR,mixture_graph_always,43,22,132,0.16666666666666666,6.677614549207732
from_SLR,mixture_graph_always,43,23,132,0.17424242424242425,6.686412215498242
from_SLR,mixture_graph_always,43,24,132,0.18181818181818182,6.457064365118884
from_SLR,mixture_graph_always,43,25,132,0.1893939393939394,6.241174685532247
from_SLR,mixture_graph_always,43,26,132,0.19696969696969696,6.0680844598005415
from_SLR,mixture_graph_always,43,27,132,0.20454545454545456,6.1399304431550705
from_SLR,mixture_graph_always,43,28,132,0.21212121212121213,6.131058556007963
from_SLR,mixture_graph_always,43,29,132,0.2196969696969697,6.03219725952752
from_SLR,mixture_graph_always,43,30,132,0.22727272727272727,6.0945073374757905
from_SLR,mixture_graph_always,43,31,132,0.23484848484848486,6.166398508369617
from_SLR,mixture_graph_always,43,32,132,0.24242424242424243,6.143726993493185
from_SLR,mixture_graph_always,43,33,132,0.25,6.06784210041628
from_SLR,mixture_graph_always,43,34,132,0.25757575757575757,6.050415982288041
from_SLR,mixture_graph_always,43,35,132,0.26515151515151514,6.142328560752904
from_SLR,mixture_graph_always,43,36,132,0.2727272727272727,6.182382419708829
from_SLR,mixture_graph_always,43,37,132,0.2803030303030303,6.270139993349091
from_SLR,mixture_graph_always,43,38,132,0.2878787878787879,6.3645554481646585
from_SLR,mixture_graph_always,43,39,132,0.29545454545454547,6.335524376866292
from_SLR,mixture_graph_always,43,40,132,0.30303030303030304,6.225554528030858
from_SLR,mixture_graph_always,43,41,132,0.3106060606060606,6.155532296564449
from_SLR,mixture_graph_always,43,42,132,0.3181818181818182,6.101835226954773
from_SLR,mixture_graph_always,43,43,132,0.32575757575757575,6.124089110491389
from_SLR,mixture_graph_always,43,44,132,0.3333333333333333,6.244703964188011
from_SLR,mixture_graph_always,43,45,132,0.3409090909090909,6.23104571014622
from_SLR,mixture_graph_always,43,46,132,0.3484848484848485,6.134666234873337
from_SLR,mixture_graph_always,43,47,132,0.3560606060606061,6.053373537222813
from_SLR,mixture_graph_always,43,48,132,0.36363636363636365,5.987141510958338
from_SLR,mixture_graph_always,43,49,132,0.3712121212121212,6.034357091731033
from_SLR,mixture_graph_always,43,50,132,0.3787878787878788,6.006487469662286
from_SLR,mixture_graph_always,43,51,132,0.38636363636363635,5.979658587361013
from_SLR,mixture_graph_always,43,52,132,0.3939393939393939,5.963592082836566
from_SLR,mixture_graph_always,43,53,132,0.4015151515151515,6.0349831813485
from_SLR,mixture_graph_always,43,54,132,0.4090909090909091,6.051894777109796
from_SLR,mixture_graph_always,43,55,132,0.4166666666666667,6.023788738194969
from_SLR,mixture_graph_always,43,56,132,0.42424242424242425,5.971721051954658
from_SLR,mixture_graph_always,43,57,132,0.4318181818181818,5.95200104877728
from_SLR,mixture_graph_always,43,58,132,0.4393939393939394,5.95131339228963
from_SLR,mixture_graph_always,43,59,132,0.44696969696969696,5.9177558788434075
from_SLR,mixture_graph_always,43,60,132,0.45454545454545453,5.923029203491539
from_SLR,mixture_graph_always,43,61,132,0.4621212121212121,5.85350158398492
from_SLR,mixture_graph_always,43,62,132,0.4696969696969697,5.821542813184472
from_SLR,mixture_graph_always,43,63,132,0.4772727272727273,5.761300466931164
from_SLR,mixture_graph_always,43,64,132,0.48484848484848486,5.766735821770098
from_SLR,mixture_graph_always,43,65,132,0.49242424242424243,5.768848538279773
from_SLR,mixture_graph_always,43,66,132,0.5,5.741751438930709
from_SLR,mixture_graph_always,43,67,132,0.5075757575757576,5.726466926260771
from_SLR,mixture_graph_always,43,68,132,0.5151515151515151,5.702154568360057
from_SLR,mixture_graph_always,43,69,132,0.5227272727272727,5.732956965135847
from_SLR,mixture_graph_always,43,70,132,0.5303030303030303,5.811741405296496
from_SLR,mixture_graph_always,43,71,132,0.5378787878787878,5.860773973123501
from_SLR,mixture_graph_always,43,72,132,0.5454545454545454,5.901693621104969
from_SLR,mixture_graph_always,43,73,132,0.553030303030303,5.899902201667339
from_SLR,mixture_graph_always,43,74,132,0.5606060606060606,5.883914022546853
from_SLR,mixture_graph_always,43,75,132,0.5681818181818182,5.851861120675023
from_SLR,mixture_graph_always,43,76,132,0.5757575757575758,5.7982840353585745
from_SLR,mixture_graph_always,43,77,132,0.5833333333333334,5.857981442050534
from_SLR,mixture_graph_always,43,78,132,0.5909090909090909,5.9351442958811385
from_SLR,mixture_graph_always,43,79,132,0.5984848484848485,5.928057872440583
from_SLR,mixture_graph_always,43,80,132,0.6060606060606061,5.984536294172601
from_SLR,mixture_graph_always,43,81,132,0.6136363636363636,5.951643318096757
from_SLR,mixture_graph_always,43,82,132,0.6212121212121212,5.958977541198584
from_SLR,mixture_graph_always,43,83,132,0.6287878787878788,5.921062033875595
from_SLR,mixture_graph_always,43,84,132,0.6363636363636364,5.902771912039299
from_SLR,mixture_graph_always,43,85,132,0.6439393939393939,5.875003178871872
from_SLR,mixture_graph_always,43,86,132,0.6515151515151515,5.908727575146844
from_SLR,mixture_graph_always,43,87,132,0.6590909090909091,5.8986456460247
from_SLR,mixture_graph_always,43,88,132,0.6666666666666666,5.893423485757182
from_SLR,mixture_graph_always,43,89,132,0.6742424242424242,5.905167947797273
from_SLR,mixture_graph_always,43,90,132,0.6818181818181818,5.884999373902907
from_SLR,mixture_graph_always,43,91,132,0.6893939393939394,5.883081756392993
from_SLR,mixture_graph_always,43,92,132,0.696969696969697,5.935339517390393
from_SLR,mixture_graph_always,43,93,132,0.7045454545454546,5.88197764128932
from_SLR,mixture_graph_always,43,94,132,0.7121212121212122,5.913571286413966
from_SLR,mixture_graph_always,43,95,132,0.7196969696969697,5.870864174081792
from_SLR,mixture_graph_always,43,96,132,0.7272727272727273,5.843481566097157
from_SLR,mixture_graph_always,43,97,132,0.7348484848484849,5.811273682133736
from_SLR,mixture_graph_always,43,98,132,0.7424242424242424,5.807000548722298
from_SLR,mixture_graph_always,43,99,132,0.75,5.779090455430872
from_SLR,mixture_graph_always,43,100,132,0.7575757575757576,5.756666210188382
from_SLR,mixture_graph_always,43,101,132,0.7651515151515151,5.731619914812529
from_SLR,mixture_graph_always,43,102,132,0.7727272727272727,5.717203728222265
from_SLR,mixture_graph_always,43,103,132,0.7803030303030303,5.715999418968899
from_SLR,mixture_graph_always,43,104,132,0.7878787878787878,5.692740479066741
from_SLR,mixture_graph_always,43,105,132,0.7954545454545454,5.733662106604576
from_SLR,mixture_graph_always,43,106,132,0.803030303030303,5.723384096647589
from_SLR,mixture_graph_always,43,107,132,0.8106060606060606,5.702460060832377
from_SLR,mixture_graph_always,43,108,132,0.8181818181818182,5.687931701341877
from_SLR,mixture_graph_always,43,109,132,0.8257575757575758,5.656266324235772
from_SLR,mixture_graph_always,43,110,132,0.8333333333333334,5.634798852342859
from_SLR,mixture_graph_always,43,111,132,0.8409090909090909,5.599011464422109
from_SLR,mixture_graph_always,43,112,132,0.8484848484848485,5.5819977553247195
from_SLR,mixture_graph_always,43,113,132,0.8560606060606061,5.5603842597219675
from_SLR,mixture_graph_always,43,114,132,0.8636363636363636,5.531556322374667
from_SLR,mixture_graph_always,43,115,132,0.8712121212121212,5.531222499136189
from_SLR,mixture_graph_always,43,116,132,0.8787878787878788,5.526871671365667
from_SLR,mixture_graph_always,43,117,132,0.8863636363636364,5.501011653222117
from_SLR,mixture_graph_always,43,118,132,0.8939393939393939,5.47428218153855
from_SLR,mixture_graph_always,43,119,132,0.9015151515151515,5.490334595971549
from_SLR,mixture_graph_always,43,120,132,0.9090909090909091,5.4528702331773555
from_SLR,mixture_graph_always,43,121,132,0.9166666666666666,5.4504433476454945
from_SLR,mixture_graph_always,43,122,132,0.9242424242424242,5.4696558599166964
from_SLR,mixture_graph_always,43,123,132,0.9318181818181818,5.493481484742221
from_SLR,mixture_graph_always,43,124,132,0.9393939393939394,5.478310886802377
from_SLR,mixture_graph_always,43,125,132,0.946969696969697,5.441492792288212
from_SLR,mixture_graph_always,43,126,132,0.9545454545454546,5.437980987221846
from_SLR,mixture_graph_always,43,127,132,0.9621212121212122,5.416809987280139
from_SLR,mixture_graph_always,43,128,132,0.9696969696969697,5.41830051861471
from_SLR,mixture_graph_always,43,129,132,0.9772727272727273,5.413714321905932
from_SLR,mixture_graph_always,43,130,132,0.9848484848484849,5.392755782614213
from_SLR,mixture_graph_always,43,131,132,0.9924242424242424,5.3671262742622545
from_SLR,mixture_graph_always,43,132,132,1.0,5.3494045114603175
from_SLR,mixture_graph_drop,43,1,132,0.007575757575757576,4.863321491300376
from_SLR,mixture_graph_drop,43,2,132,0.015151515151515152,7.517472142936402
from_SLR,mixture_graph_drop,43,3,132,0.022727272727272728,6.858043237291362
from_SLR,mixture_graph_drop,43,4,132,0.030303030303030304,6.565794224353845
from_SLR,mixture_graph_drop,43,5,132,0.03787878787878788,6.960994177989288
from_SLR,mixture_graph_drop,43,6,132,0.045454545454545456,6.641390992529408
from_SLR,mixture_graph_drop,43,7,132,0.05303030303030303,5.951008138968993
from_SLR,mixture_graph_drop,43,8,132,0.06060606060606061,5.398503259885595
from_SLR,mixture_graph_drop,43,9,132,0.06818181818181818,5.835717472252423
from_SLR,mixture_graph_drop,43,10,132,0.07575757575757576,5.6717924563923665
from_SLR,mixture_graph_drop,43,11,132,0.08333333333333333,5.643912368904178
from_SLR,mixture_graph_drop,43,12,132,0.09090909090909091,5.584390171446156
from_SLR,mixture_graph_drop,43,13,132,0.09848484848484848,5.409178019038555
from_SLR,mixture_graph_drop,43,14,132,0.10606060606060606,5.074378314118897
from_SLR,mixture_graph_drop,43,15,132,0.11363636363636363,5.2668723874459085
from_SLR,mixture_graph_drop,43,16,132,0.12121212121212122,5.260603554952537
from_SLR,mixture_graph_drop,43,17,132,0.12878787878787878,5.554483296927024
from_SLR,mixture_graph_drop,43,18,132,0.13636363636363635,5.508502685268113
from_SLR,mixture_graph_drop,43,19,132,0.14393939393939395,5.479939666498409
from_SLR,mixture_graph_drop,43,20,132,0.15151515151515152,5.711206419658666
from_SLR,mixture_graph_drop,43,21,132,0.1590909090909091,5.637375232366138
from_SLR,mixture_graph_drop,43,22,132,0.16666666666666666,5.699463317597108
from_SLR,mixture_graph_drop,43,23,132,0.17424242424242425,5.5371019375635
from_SLR,mixture_graph_drop,43,24,132,0.18181818181818182,5.557310381486036
from_SLR,mixture_graph_drop,43,25,132,0.1893939393939394,5.471643753978684
from_SLR,mixture_graph_drop,43,26,132,0.19696969696969696,5.45213683175378
from_SLR,mixture_graph_drop,43,27,132,0.20454545454545456,5.435675636222976
from_SLR,mixture_graph_drop,43,28,132,0.21212121212121213,5.423128071934087
from_SLR,mixture_graph_drop,43,29,132,0.2196969696969697,5.44612534853003
from_SLR,mixture_graph_drop,43,30,132,0.22727272727272727,5.468319833713934
from_SLR,mixture_graph_drop,43,31,132,0.23484848484848486,5.385028229439119
from_SLR,mixture_graph_drop,43,32,132,0.24242424242424243,5.545981872658544
from_SLR,mixture_graph_drop,43,33,132,0.25,5.562939669990447
from_SLR,mixture_graph_drop,43,34,132,0.25757575757575757,5.461393031335411
from_SLR,mixture_graph_drop,43,35,132,0.26515151515151514,5.474765884130448
from_SLR,mixture_graph_drop,43,36,132,0.2727272727272727,5.591365484383417
from_SLR,mixture_graph_drop,43,37,132,0.2803030303030303,5.552387418215637
from_SLR,mixture_graph_drop,43,38,132,0.2878787878787879,5.497647573415891
from_SLR,mixture_graph_drop,43,39,132,0.29545454545454547,5.474873454058878
from_SLR,mixture_graph_drop,43,40,132,0.30303030303030304,5.508152165597679
from_SLR,mixture_graph_drop,43,41,132,0.3106060606060606,5.421766594916231
from_SLR,mixture_graph_drop,43,42,132,0.3181818181818182,5.561817940810713
from_SLR,mixture_graph_drop,43,43,132,0.32575757575757575,5.491004735683572
from_SLR,mixture_graph_drop,43,44,132,0.3333333333333333,5.481342147907364
from_SLR,mixture_graph_drop,43,45,132,0.3409090909090909,5.479173452526554
from_SLR,mixture_graph_drop,43,46,132,0.3484848484848485,5.464762566964795
from_SLR,mixture_graph_drop,43,47,132,0.3560606060606061,5.414909970700214
from_SLR,mixture_graph_drop,43,48,132,0.36363636363636365,5.37291492623338
from_SLR,mixture_graph_drop,43,49,132,0.3712121212121212,5.437352644207769
from_SLR,mixture_graph_drop,43,50,132,0.3787878787878788,5.395435284474141
from_SLR,mixture_graph_drop,43,51,132,0.38636363636363635,5.328967912920299
from_SLR,mixture_graph_drop,43,52,132,0.3939393939393939,5.367494377550097
from_SLR,mixture_graph_drop,43,53,132,0.4015151515151515,5.299475545112588
from_SLR,mixture_graph_drop,43,54,132,0.4090909090909091,5.264341067278504
from_SLR,mixture_graph_drop,43,55,132,0.4166666666666667,5.248646876455197
from_SLR,mixture_graph_drop,43,56,132,0.42424242424242425,5.299842458548977
from_SLR,mixture_graph_drop,43,57,132,0.4318181818181818,5.283458047948566
from_SLR,mixture_graph_drop,43,58,132,0.4393939393939394,5.301232804407229
from_SLR,mixture_graph_drop,43,59,132,0.44696969696969696,5.34414763790319
from_SLR,mixture_graph_drop,43,60,132,0.45454545454545453,5.361054172292394
from_SLR,mixture_graph_drop,43,61,132,0.4621212121212121,5.404485868184801
from_SLR,mixture_graph_drop,43,62,132,0.4696969696969697,5.363131282136474
from_SLR,mixture_graph_drop,43,63,132,0.4772727272727273,5.325915788852428
from_SLR,mixture_graph_drop,43,64,132,0.48484848484848486,5.260999106163626
from_SLR,mixture_graph_drop,43,65,132,0.49242424242424243,5.201360178092403
from_SLR,mixture_graph_drop,43,66,132,0.5,5.18251813793498
from_SLR,mixture_graph_drop,43,67,132,0.5075757575757576,5.2587191795547295
from_SLR,mixture_graph_drop,43,68,132,0.5151515151515151,5.3308177459746915
from_SLR,mixture_graph_drop,43,69,132,0.5227272727272727,5.322523517623496
from_SLR,mixture_graph_drop,43,70,132,0.5303030303030303,5.300317830472342
from_SLR,mixture_graph_drop,43,71,132,0.5378787878787878,5.303434116463399
from_SLR,mixture_graph_drop,43,72,132,0.5454545454545454,5.372068112122507
from_SLR,mixture_graph_drop,43,73,132,0.553030303030303,5.425754492293436
from_SLR,mixture_graph_drop,43,74,132,0.5606060606060606,5.396096127058239
from_SLR,mixture_graph_drop,43,75,132,0.5681818181818182,5.369905168505045
from_SLR,mixture_graph_drop,43,76,132,0.5757575757575758,5.458099919489638
from_SLR,mixture_graph_drop,43,77,132,0.5833333333333334,5.416022960546769
from_SLR,mixture_graph_drop,43,78,132,0.5909090909090909,5.466565489714218
from_SLR,mixture_graph_drop,43,79,132,0.5984848484848485,5.432109651460941
from_SLR,mixture_graph_drop,43,80,132,0.6060606060606061,5.40840786018582
from_SLR,mixture_graph_drop,43,81,132,0.6136363636363636,5.451608288501965
from_SLR,mixture_graph_drop,43,82,132,0.6212121212121212,5.4834462323745665
from_SLR,mixture_graph_drop,43,83,132,0.6287878787878788,5.470844215273061
from_SLR,mixture_graph_drop,43,84,132,0.6363636363636364,5.434131234772589
from_SLR,mixture_graph_drop,43,85,132,0.6439393939393939,5.462253473752397
from_SLR,mixture_graph_drop,43,86,132,0.6515151515151515,5.421269625767203
from_SLR,mixture_graph_drop,43,87,132,0.6590909090909091,5.3791753848531165
from_SLR,mixture_graph_drop,43,88,132,0.6666666666666666,5.343490444353929
from_SLR,mixture_graph_drop,43,89,132,0.6742424242424242,5.300643703613074
from_SLR,mixture_graph_drop,43,90,132,0.6818181818181818,5.262348642087409
from_SLR,mixture_graph_drop,43,91,132,0.6893939393939394,5.208602034547802
from_SLR,mixture_graph_drop,43,92,132,0.696969696969697,5.183915255812594
from_SLR,mixture_graph_drop,43,93,132,0.7045454545454546,5.220650139378918
from_SLR,mixture_graph_drop,43,94,132,0.7121212121212122,5.2241602439992025
from_SLR,mixture_graph_drop,43,95,132,0.7196969696969697,5.269372359112561
from_SLR,mixture_graph_drop,43,96,132,0.7272727272727273,5.242837595913289
from_SLR,mixture_graph_drop,43,97,132,0.7348484848484849,5.207603659809343
from_SLR,mixture_graph_drop,43,98,132,0.7424242424242424,5.174318670161429
from_SLR,mixture_graph_drop,43,99,132,0.75,5.181676642557708
from_SLR,mixture_graph_drop,43,100,132,0.7575757575757576,5.202944432208951
from_SLR,mixture_graph_drop,43,101,132,0.7651515151515151,5.184464889668415
from_SLR,mixture_graph_drop,43,102,132,0.7727272727272727,5.214467737789812
from_SLR,mixture_graph_drop,43,103,132,0.7803030303030303,5.291054941880607
from_SLR,mixture_graph_drop,43,104,132,0.7878787878787878,5.2761922494604185
from_SLR,mixture_graph_drop,43,105,132,0.7954545454545454,5.266505356053805
from_SLR,mixture_graph_drop,43,106,132,0.803030303030303,5.26888973027482
from_SLR,mixture_graph_drop,43,107,132,0.8106060606060606,5.251498262444488
from_SLR,mixture_graph_drop,43,108,132,0.8181818181818182,5.224384362740717
from_SLR,mixture_graph_drop,43,109,132,0.8257575757575758,5.2746045082097766
from_SLR,mixture_graph_drop,43,110,132,0.8333333333333334,5.291883161424707
from_SLR,mixture_graph_drop,43,111,132,0.8409090909090909,5.276990237036608
from_SLR,mixture_graph_drop,43,112,132,0.8484848484848485,5.239763562293371
from_SLR,mixture_graph_drop,43,113,132,0.8560606060606061,5.223934440371841
from_SLR,mixture_graph_drop,43,114,132,0.8636363636363636,5.231345817109943
from_SLR,mixture_graph_drop,43,115,132,0.8712121212121212,5.22851706151718
from_SLR,mixture_graph_drop,43,116,132,0.8787878787878788,5.2445766828528075
from_SLR,mixture_graph_drop,43,117,132,0.8863636363636364,5.238887645682534
from_SLR,mixture_graph_drop,43,118,132,0.8939393939393939,5.240329175505381
from_SLR,mixture_graph_drop,43,119,132,0.9015151515151515,5.207766521782546
from_SLR,mixture_graph_drop,43,120,132,0.9090909090909091,5.205847212441337
from_SLR,mixture_graph_drop,43,121,132,0.9166666666666666,5.205810001885077
from_SLR,mixture_graph_drop,43,122,132,0.9242424242424242,5.193976654312739
from_SLR,mixture_graph_drop,43,123,132,0.9318181818181818,5.1938922841538835
from_SLR,mixture_graph_drop,43,124,132,0.9393939393939394,5.196421404280195
from_SLR,mixture_graph_drop,43,125,132,0.946969696969697,5.180471899426991
from_SLR,mixture_graph_drop,43,126,132,0.9545454545454546,5.156562650667245
from_SLR,mixture_graph_drop,43,127,132,0.9621212121212122,5.143527398059616
from_SLR,mixture_graph_drop,43,128,132,0.9696969696969697,5.131304220263436
from_SLR,mixture_graph_drop,43,129,132,0.9772727272727273,5.111439698193743
from_SLR,mixture_graph_drop,43,130,132,0.9848484848484849,5.091646400374928
from_SLR,mixture_graph_drop,43,131,132,0.9924242424242424,5.066620938742907
from_SLR,mixture_graph_drop,43,132,132,1.0,5.057002943239881
from_SLR,mixture_conv_drop,43,1,132,0.007575757575757576,6.865181344107029
from_SLR,mixture_conv_drop,43,2,132,0.015151515151515152,4.631263264150298
from_SLR,mixture_conv_drop,43,3,132,0.022727272727272728,3.911736863948152
from_SLR,mixture_conv_drop,43,4,132,0.030303030303030304,4.308812127110099
from_SLR,mixture_conv_drop,43,5,132,0.03787878787878788,4.506983331154116
from_SLR,mixture_conv_drop,43,6,132,0.045454545454545456,5.293822015370721
from_SLR,mixture_conv_drop,43,7,132,0.05303030303030303,5.325092723764821
from_SLR,mixture_conv_drop,43,8,132,0.06060606060606061,5.342048846991128
from_SLR,mixture_conv_drop,43,9,132,0.06818181818181818,5.590136667251772
from_SLR,mixture_conv_drop,43,10,132,0.07575757575757576,5.844403415870909
from_SLR,mixture_conv_drop,43,11,132,0.08333333333333333,5.53455071656449
from_SLR,mixture_conv_drop,43,12,132,0.09090909090909091,5.437808169110716
from_SLR,mixture_conv_drop,43,13,132,0.09848484848484848,5.280481734021508
from_SLR,mixture_conv_drop,43,14,132,0.10606060606060606,5.718959386909915
from_SLR,mixture_conv_drop,43,15,132,0.11363636363636363,5.771003029530353
from_SLR,mixture_conv_drop,43,16,132,0.12121212121212122,5.885106548199977
from_SLR,mixture_conv_drop,43,17,132,0.12878787878787878,5.958435680791238
from_SLR,mixture_conv_drop,43,18,132,0.13636363636363635,5.806433075149311
from_SLR,mixture_conv_drop,43,19,132,0.14393939393939395,5.922708199047534
from_SLR,mixture_conv_drop,43,20,132,0.15151515151515152,5.996575277673108
from_SLR,mixture_conv_drop,43,21,132,0.1590909090909091,6.074931110012538
from_SLR,mixture_conv_drop,43,22,132,0.16666666666666666,6.1861169486601995
from_SLR,mixture_conv_drop,43,23,132,0.17424242424242425,6.376363472156209
from_SLR,mixture_conv_drop,43,24,132,0.18181818181818182,6.326396210224472
from_SLR,mixture_conv_drop,43,25,132,0.1893939393939394,6.333261119524296
from_SLR,mixture_conv_drop,43,26,132,0.19696969696969696,6.372530084164387
from_SLR,mixture_conv_drop,43,27,132,0.20454545454545456,6.335880932475867
from_SLR,mixture_conv_drop,43,28,132,0.21212121212121213,6.451624728325982
from_SLR,mixture_conv_drop,43,29,132,0.2196969696969697,6.263277309252368
from_SLR,mixture_conv_drop,43,30,132,0.22727272727272727,6.189747077460557
from_SLR,mixture_conv_drop,43,31,132,0.23484848484848486,6.191565311304395
from_SLR,mixture_conv_drop,43,32,132,0.24242424242424243,6.105372070598842
from_SLR,mixture_conv_drop,43,33,132,0.25,6.104286489559822
from_SLR,mixture_conv_drop,43,34,132,0.25757575757575757,6.101896698131831
from_SLR,mixture_conv_drop,43,35,132,0.26515151515151514,6.076256421714783
from_SLR,mixture_conv_drop,43,36,132,0.2727272727272727,6.149430106535967
from_SLR,mixture_conv_drop,43,37,132,0.2803030303030303,6.264616131463701
from_SLR,mixture_conv_drop,43,38,132,0.2878787878787879,6.430395666188747
from_SLR,mixture_conv_drop,43,39,132,0.29545454545454547,6.316175916717109
from_SLR,mixture_conv_drop,43,40,132,0.30303030303030304,6.276140325608496
from_SLR,mixture_conv_drop,43,41,132,0.3106060606060606,6.1729718525933475
from_SLR,mixture_conv_drop,43,42,132,0.3181818181818182,6.2520192823013
from_SLR,mixture_conv_drop,43,43,132,0.32575757575757575,6.265422941672267
from_SLR,mixture_conv_drop,43,44,132,0.3333333333333333,6.3230049189027655
from_SLR,mixture_conv_drop,43,45,132,0.3409090909090909,6.2954406718261575
from_SLR,mixture_conv_drop,43,46,132,0.3484848484848485,6.3051088526480035
from_SLR,mixture_conv_drop,43,47,132,0.3560606060606061,6.2974166790144555
from_SLR,mixture_conv_drop,43,48,132,0.36363636363636365,6.206633679372679
from_SLR,mixture_conv_drop,43,49,132,0.3712121212121212,6.131989032191662
from_SLR,mixture_conv_drop,43,50,132,0.3787878787878788,6.063674368994292
from_SLR,mixture_conv_drop,43,51,132,0.38636363636363635,6.136740270987363
from_SLR,mixture_conv_drop,43,52,132,0.3939393939393939,6.14940672641898
from_SLR,mixture_conv_drop,43,53,132,0.4015151515151515,6.150724475223754
from_SLR,mixture_conv_drop,43,54,132,0.4090909090909091,6.083324862278446
from_SLR,mixture_conv_drop,43,55,132,0.4166666666666667,6.043609114370253
from_SLR,mixture_conv_drop,43,56,132,0.42424242424242425,6.1358359630325
from_SLR,mixture_conv_drop,43,57,132,0.4318181818181818,6.088493739642631
from_SLR,mixture_conv_drop,43,58,132,0.4393939393939394,6.068080822370526
from_SLR,mixture_conv_drop,43,59,132,0.44696969696969696,5.99702289553359
from_SLR,mixture_conv_drop,43,60,132,0.45454545454545453,5.93919830544345
from_SLR,mixture_conv_drop,43,61,132,0.4621212121212121,5.865079797610095
from_SLR,mixture_conv_drop,43,62,132,0.4696969696969697,5.826624712243312
from_SLR,mixture_conv_drop,43,63,132,0.4772727272727273,5.77581481981319
from_SLR,mixture_conv_drop,43,64,132,0.48484848484848486,5.766420294297348
from_SLR,mixture_conv_drop,43,65,132,0.49242424242424243,5.747934311271132
from_SLR,mixture_conv_drop,43,66,132,0.5,5.748025427757275
from_SLR,mixture_conv_drop,43,67,132,0.5075757575757576,5.747087090459378
from_SLR,mixture_conv_drop,43,68,132,0.5151515151515151,5.726774802540883
from_SLR,mixture_conv_drop,43,69,132,0.5227272727272727,5.773477324726293
from_SLR,mixture_conv_drop,43,70,132,0.5303030303030303,5.757860812171773
from_SLR,mixture_conv_drop,43,71,132,0.5378787878787878,5.7069711255859845
from_SLR,mixture_conv_drop,43,72,132,0.5454545454545454,5.775373816251606
from_SLR,mixture_conv_drop,43,73,132,0.553030303030303,5.773345779709403
from_SLR,mixture_conv_drop,43,74,132,0.5606060606060606,5.7615078301218965
from_SLR,mixture_conv_drop,43,75,132,0.5681818181818182,5.7713310643211795
from_SLR,mixture_conv_drop,43,76,132,0.5757575757575758,5.719400400737815
from_SLR,mixture_conv_drop,43,77,132,0.5833333333333334,5.697941520014288
from_SLR,mixture_conv_drop,43,78,132,0.5909090909090909,5.665681020271795
from_SLR,mixture_conv_drop,43,79,132,0.5984848484848485,5.616325307205158
from_SLR,mixture_conv_drop,43,80,132,0.6060606060606061,5.559440246727329
from_SLR,mixture_conv_drop,43,81,132,0.6136363636363636,5.549112051163286
from_SLR,mixture_conv_drop,43,82,132,0.6212121212121212,5.501540607329109
from_SLR,mixture_conv_drop,43,83,132,0.6287878787878788,5.561176504772563
from_SLR,mixture_conv_drop,43,84,132,0.6363636363636364,5.568062230312552
from_SLR,mixture_conv_drop,43,85,132,0.6439393939393939,5.557551617689187
from_SLR,mixture_conv_drop,43,86,132,0.6515151515151515,5.52699810250648
from_SLR,mixture_conv_drop,43,87,132,0.6590909090909091,5.520976527606857
from_SLR,mixture_conv_drop,43,88,132,0.6666666666666666,5.466752062094699
from_SLR,mixture_conv_drop,43,89,132,0.6742424242424242,5.4627328137771
from_SLR,mixture_conv_drop,43,90,132,0.6818181818181818,5.495721056881408
from_SLR,mixture_conv_drop,43,91,132,0.6893939393939394,5.471846640139755
from_SLR,mixture_conv_drop,43,92,132,0.696969696969697,5.444297224767284
from_SLR,mixture_conv_drop,43,93,132,0.7045454545454546,5.411876464806856
from_SLR,mixture_conv_drop,43,94,132,0.7121212121212122,5.416679353065461
from_SLR,mixture_conv_drop,43,95,132,0.7196969696969697,5.401839053430221
from_SLR,mixture_conv_drop,43,96,132,0.7272727272727273,5.388827257054601
from_SLR,mixture_conv_drop,43,97,132,0.7348484848484849,5.369128468456802
from_SLR,mixture_conv_drop,43,98,132,0.7424242424242424,5.327851456200278
from_SLR,mixture_conv_drop,43,99,132,0.75,5.329804275195216
from_SLR,mixture_conv_drop,43,100,132,0.7575757575757576,5.349925404572052
from_SLR,mixture_conv_drop,43,101,132,0.7651515151515151,5.348076886179506
from_SLR,mixture_conv_drop,43,102,132,0.7727272727272727,5.343172703455157
from_SLR,mixture_conv_drop,43,103,132,0.7803030303030303,5.389925176474202
from_SLR,mixture_conv_drop,43,104,132,0.7878787878787878,5.390602781741592
from_SLR,mixture_conv_drop,43,105,132,0.7954545454545454,5.370349750670329
from_SLR,mixture_conv_drop,43,106,132,0.803030303030303,5.377905112493869
from_SLR,mixture_conv_drop,43,107,132,0.8106060606060606,5.3945414724294265
from_SLR,mixture_conv_drop,43,108,132,0.8181818181818182,5.377147275458815
from_SLR,mixture_conv_drop,43,109,132,0.8257575757575758,5.385870247318111
from_SLR,mixture_conv_drop,43,110,132,0.8333333333333334,5.364913666341325
from_SLR,mixture_conv_drop,43,111,132,0.8409090909090909,5.334709451920004
from_SLR,mixture_conv_drop,43,112,132,0.8484848484848485,5.304285811247189
from_SLR,mixture_conv_drop,43,113,132,0.8560606060606061,5.29037594395421
from_SLR,mixture_conv_drop,43,114,132,0.8636363636363636,5.275775170982113
from_SLR,mixture_conv_drop,43,115,132,0.8712121212121212,5.26174016824702
from_SLR,mixture_conv_drop,43,116,132,0.8787878787878788,5.238601454526834
from_SLR,mixture_conv_drop,43,117,132,0.8863636363636364,5.250750064508313
from_SLR,mixture_conv_drop,43,118,132,0.8939393939393939,5.226077510025568
from_SLR,mixture_conv_drop,43,119,132,0.9015151515151515,5.213990064539576
from_SLR,mixture_conv_drop,43,120,132,0.9090909090909091,5.191283809138317
from_SLR,mixture_conv_drop,43,121,132,0.9166666666666666,5.18676992910155
from_SLR,mixture_conv_drop,43,122,132,0.9242424242424242,5.161705231923658
from_SLR,mixture_conv_drop,43,123,132,0.9318181818181818,5.153752107168916
from_SLR,mixture_conv_drop,43,124,132,0.9393939393939394,5.133559850594176
from_SLR,mixture_conv_drop,43,125,132,0.946969696969697,5.117989811367738
from_SLR,mixture_conv_drop,43,126,132,0.9545454545454546,5.109067612477067
from_SLR,mixture_conv_drop,43,127,132,0.9621212121212122,5.104904019774115
from_SLR,mixture_conv_drop,43,128,132,0.9696969696969697,5.082566358692314
from_SLR,mixture_conv_drop,43,129,132,0.9772727272727273,5.084966973249015
from_SLR,mixture_conv_drop,43,130,132,0.9848484848484849,5.1047073249368635
from_SLR,mixture_conv_drop,43,131,132,0.9924242424242424,5.1281933176559935
from_SLR,mixture_conv_drop,43,132,132,1.0,5.127777463987281
from_SLR,mixture_plain,43,1,132,0.007575757575757576,7.377606239997517
from_SLR,mixture_plain,43,2,132,0.015151515151515152,5.962230687995342
from_SLR,mixture_plain,43,3,132,0.022727272727272728,4.83247452107879
from_SLR,mixture_plain,43,4,132,0.030303030303030304,5.350407970326768
from_SLR,mixture_plain,43,5,132,0.03787878787878788,5.843337808560213
from_SLR,mixture_plain,43,6,132,0.045454545454545456,5.901879355913304
from_SLR,mixture_plain,43,7,132,0.05303030303030303,5.954265060127007
from_SLR,mixture_plain,43,8,132,0.06060606060606061,5.878912383353991
from_SLR,mixture_plain,43,9,132,0.06818181818181818,5.517443763337069
from_SLR,mixture_plain,43,10,132,0.07575757575757576,5.533564131182869
from_SLR,mixture_plain,43,11,132,0.08333333333333333,5.603093210837328
from_SLR,mixture_plain,43,12,132,0.09090909090909091,5.47513780960377
from_SLR,mixture_plain,43,13,132,0.09848484848484848,5.477359630318019
from_SLR,mixture_plain,43,14,132,0.10606060606060606,5.2700612844210974
from_SLR,mixture_plain,43,15,132,0.11363636363636363,5.514051420784551
from_SLR,mixture_plain,43,16,132,0.12121212121212122,5.833907396524589
from_SLR,mixture_plain,43,17,132,0.12878787878787878,5.805467030833913
from_SLR,mixture_plain,43,18,132,0.13636363636363635,5.906429247841814
from_SLR,mixture_plain,43,19,132,0.14393939393939395,5.990235624630071
from_SLR,mixture_plain,43,20,132,0.15151515151515152,5.968651870396881
from_SLR,mixture_plain,43,21,132,0.1590909090909091,6.070964272272245
from_SLR,mixture_plain,43,22,132,0.16666666666666666,5.919448621881022
from_SLR,mixture_plain,43,23,132,0.17424242424242425,5.828885531992957
from_SLR,mixture_plain,43,24,132,0.18181818181818182,5.893611484453661
from_SLR,mixture_plain,43,25,132,0.1893939393939394,6.022567594256875
from_SLR,mixture_plain,43,26,132,0.19696969696969696,5.872533382212811
from_SLR,mixture_plain,43,27,132,0.20454545454545456,5.918004046620426
from_SLR,mixture_plain,43,28,132,0.21212121212121213,5.8498018031354375
from_SLR,mixture_plain,43,29,132,0.2196969696969697,5.894396347932776
from_SLR,mixture_plain,43,30,132,0.22727272727272727,6.081244915188176
from_SLR,mixture_plain,43,31,132,0.23484848484848486,5.978285294132605
from_SLR,mixture_plain,43,32,132,0.24242424242424243,5.965032928404301
from_SLR,mixture_plain,43,33,132,0.25,5.99267601439614
from_SLR,mixture_plain,43,34,132,0.25757575757575757,5.983806118162217
from_SLR,mixture_plain,43,35,132,0.26515151515151514,5.95158459626596
from_SLR,mixture_plain,43,36,132,0.2727272727272727,5.921417064909715
from_SLR,mixture_plain,43,37,132,0.2803030303030303,5.89772628556067
from_SLR,mixture_plain,43,38,132,0.2878787878787879,5.824384253727818
from_SLR,mixture_plain,43,39,132,0.29545454545454547,5.840789730107518
from_SLR,mixture_plain,43,40,132,0.30303030303030304,5.8547855957533415
from_SLR,mixture_plain,43,41,132,0.3106060606060606,5.9369199003469415
from_SLR,mixture_plain,43,42,132,0.3181818181818182,6.017579083534774
from_SLR,mixture_plain,43,43,132,0.32575757575757575,5.967150894646751
from_SLR,mixture_plain,43,44,132,0.3333333333333333,6.070750436031827
from_SLR,mixture_plain,43,45,132,0.3409090909090909,5.956520559867383
from_SLR,mixture_plain,43,46,132,0.3484848484848485,5.898189725680558
from_SLR,mixture_plain,43,47,132,0.3560606060606061,5.990453360635137
from_SLR,mixture_plain,43,48,132,0.36363636363636365,5.980523939249365
from_SLR,mixture_plain,43,49,132,0.3712121212121212,6.049275397149189
from_SLR,mixture_plain,43,50,132,0.3787878787878788,6.013795757766554
from_SLR,mixture_plain,43,51,132,0.38636363636363635,5.957494476197989
from_SLR,mixture_plain,43,52,132,0.3939393939393939,5.859675471474152
from_SLR,mixture_plain,43,53,132,0.4015151515151515,5.944713789062684
from_SLR,mixture_plain,43,54,132,0.4090909090909091,5.951991146143555
from_SLR,mixture_plain,43,55,132,0.4166666666666667,5.87533855808281
from_SLR,mixture_plain,43,56,132,0.42424242424242425,5.947186598054878
from_SLR,mixture_plain,43,57,132,0.4318181818181818,5.970667858792132
from_SLR,mixture_plain,43,58,132,0.4393939393939394,5.956795907744429
from_SLR,mixture_plain,43,59,132,0.44696969696969696,5.870124019521268
from_SLR,mixture_plain,43,60,132,0.45454545454545453,5.8307160132883435
from_SLR,mixture_plain,43,61,132,0.4621212121212121,5.852753636948128
from_SLR,mixture_plain,43,62,132,0.4696969696969697,5.784742853868826
from_SLR,mixture_plain,43,63,132,0.4772727272727273,5.773139505034707
from_SLR,mixture_plain,43,64,132,0.48484848484848486,5.773009813800792
from_SLR,mixture_plain,43,65,132,0.49242424242424243,5.802782610991353
from_SLR,mixture_plain,43,66,132,0.5,5.777621525226863
from_SLR,mixture_plain,43,67,132,0.5075757575757576,5.747089985339946
from_SLR,mixture_plain,43,68,132,0.5151515151515151,5.736624823076855
from_SLR,mixture_plain,43,69,132,0.5227272727272727,5.691314603742332
from_SLR,mixture_plain,43,70,132,0.5303030303030303,5.640821538852613
from_SLR,mixture_plain,43,71,132,0.5378787878787878,5.582589409360398
from_SLR,mixture_plain,43,72,132,0.5454545454545454,5.586093819380568
from_SLR,mixture_plain,43,73,132,0.553030303030303,5.579118411256758
from_SLR,mixture_plain,43,74,132,0.5606060606060606,5.573696096890905
from_SLR,mixture_plain,43,75,132,0.5681818181818182,5.51955291081355
from_SLR,mixture_plain,43,76,132,0.5757575757575758,5.515421990905507
from_SLR,mixture_plain,43,77,132,0.5833333333333334,5.470218127117472
from_SLR,mixture_plain,43,78,132,0.5909090909090909,5.41588105586789
from_SLR,mixture_plain,43,79,132,0.5984848484848485,5.3636763745275875
from_SLR,mixture_plain,43,80,132,0.6060606060606061,5.348753734658926
from_SLR,mixture_plain,43,81,132,0.6136363636363636,5.358328953922816
from_SLR,mixture_plain,43,82,132,0.6212121212121212,5.306937749446217
from_SLR,mixture_plain,43,83,132,0.6287878787878788,5.263024903778506
from_SLR,mixture_plain,43,84,132,0.6363636363636364,5.216311423577322
from_SLR,mixture_plain,43,85,132,0.6439393939393939,5.181977540485802
from_SLR,mixture_plain,43,86,132,0.6515151515151515,5.160440086751932
from_SLR,mixture_plain,43,87,132,0.6590909090909091,5.200502218394808
from_SLR,mixture_plain,43,88,132,0.6666666666666666,5.166293562387641
from_SLR,mixture_plain,43,89,132,0.6742424242424242,5.173744469454166
from_SLR,mixture_plain,43,90,132,0.6818181818181818,5.125665708281173
from_SLR,mixture_plain,43,91,132,0.6893939393939394,5.109772678460997
from_SLR,mixture_plain,43,92,132,0.696969696969697,5.076227887285715
from_SLR,mixture_plain,43,93,132,0.7045454545454546,5.042463942878101
from_SLR,mixture_plain,43,94,132,0.7121212121212122,5.083922328640808
from_SLR,mixture_plain,43,95,132,0.7196969696969697,5.052163256086061
from_SLR,mixture_plain,43,96,132,0.7272727272727273,5.061780893123751
from_SLR,mixture_plain,43,97,132,0.7348484848484849,5.067872135590034
from_SLR,mixture_plain,43,98,132,0.7424242424242424,5.043143876795015
from_SLR,mixture_plain,43,99,132,0.75,5.0490542106510565
from_SLR,mixture_plain,43,100,132,0.7575757575757576,5.092402854024357
from_SLR,mixture_plain,43,101,132,0.7651515151515151,5.076504506333178
from_SLR,mixture_plain,43,102,132,0.7727272727272727,5.078570834719038
from_SLR,mixture_plain,43,103,132,0.7803030303030303,5.068556068680828
from_SLR,mixture_plain,43,104,132,0.7878787878787878,5.0675110561212575
from_SLR,mixture_plain,43,105,132,0.7954545454545454,5.045734209102071
from_SLR,mixture_plain,43,106,132,0.803030303030303,5.03689877762788
from_SLR,mixture_plain,43,107,132,0.8106060606060606,5.0394711170376505
from_SLR,mixture_plain,43,108,132,0.8181818181818182,5.014403599420261
from_SLR,mixture_plain,43,109,132,0.8257575757575758,5.003921880588168
from_SLR,mixture_plain,43,110,132,0.8333333333333334,4.98266449562979
from_SLR,mixture_plain,43,111,132,0.8409090909090909,4.988561046779003
from_SLR,mixture_plain,43,112,132,0.8484848484848485,5.013632521521537
from_SLR,mixture_plain,43,113,132,0.8560606060606061,5.004663656757717
from_SLR,mixture_plain,43,114,132,0.8636363636363636,4.976557082866466
from_SLR,mixture_plain,43,115,132,0.8712121212121212,5.010264907661887
from_SLR,mixture_plain,43,116,132,0.8787878787878788,5.000700376591886
from_SLR,mixture_plain,43,117,132,0.8863636363636364,4.972451160268087
from_SLR,mixture_plain,43,118,132,0.8939393939393939,4.996435333155186
from_SLR,mixture_plain,43,119,132,0.9015151515151515,4.970691443944473
from_SLR,mixture_plain,43,120,132,0.9090909090909091,4.946541969744158
from_SLR,mixture_plain,43,121,132,0.9166666666666666,4.934889772980191
from_SLR,mixture_plain,43,122,132,0.9242424242424242,4.960316955079263
from_SLR,mixture_plain,43,123,132,0.9318181818181818,4.934091190375061
from_SLR,mixture_plain,43,124,132,0.9393939393939394,4.939198030017054
from_SLR,mixture_plain,43,125,132,0.946969696969697,4.9154642284589825
from_SLR,mixture_plain,43,126,132,0.9545454545454546,4.921258835823263
from_SLR,mixture_plain,43,127,132,0.9621212121212122,4.948529164714993
from_SLR,mixture_plain,43,128,132,0.9696969696969697,4.9548701437593365
from_SLR,mixture_plain,43,129,132,0.9772727272727273,4.9586577589052725
from_SLR,mixture_plain,43,130,132,0.9848484848484849,4.964583955609655
from_SLR,mixture_plain,43,131,132,0.9924242424242424,4.986581539059759
from_SLR,mixture_plain,43,132,132,1.0,4.9873856078216035
from_SLR,plain_graph_always,43,1,132,0.007575757575757576,6.982055227761231
from_SLR,plain_graph_always,43,2,132,0.015151515151515152,8.705713246072037
from_SLR,plain_graph_always,43,3,132,0.022727272727272728,6.373117673184332
from_SLR,plain_graph_always,43,4,132,0.030303030303030304,7.30032923884723
from_SLR,plain_graph_always,43,5,132,0.03787878787878788,7.050140674559023
from_SLR,plain_graph_always,43,6,132,0.045454545454545456,6.888381366681261
from_SLR,plain_graph_always,43,7,132,0.05303030303030303,6.755176276712702
from_SLR,plain_graph_always,43,8,132,0.06060606060606061,6.683507548531752
from_SLR,plain_graph_always,43,9,132,0.06818181818181818,6.597743911017627
from_SLR,plain_graph_always,43,10,132,0.07575757575757576,6.958717175935165
from_SLR,plain_graph_always,43,11,132,0.08333333333333333,7.065690021988552
from_SLR,plain_graph_always,43,12,132,0.09090909090909091,7.361418627430243
from_SLR,plain_graph_always,43,13,132,0.09848484848484848,7.518600892988859
from_SLR,plain_graph_always,43,14,132,0.10606060606060606,7.57626727784441
from_SLR,plain_graph_always,43,15,132,0.11363636363636363,7.695348825175743
from_SLR,plain_graph_always,43,16,132,0.12121212121212122,7.6328055490447
from_SLR,plain_graph_always,43,17,132,0.12878787878787878,7.488238321164623
from_SLR,plain_graph_always,43,18,132,0.13636363636363635,7.1624052842114105
from_SLR,plain_graph_always,43,19,132,0.14393939393939395,7.1003511757429605
from_SLR,plain_graph_always,43,20,132,0.15151515151515152,6.9513910290406695
from_SLR,plain_graph_always,43,21,132,0.1590909090909091,6.835439058163602
from_SLR,plain_graph_always,43,22,132,0.16666666666666666,7.0191970284736245
from_SLR,plain_graph_always,43,23,132,0.17424242424242425,6.851404492040252
from_SLR,plain_graph_always,43,24,132,0.18181818181818182,6.853495886887106
from_SLR,plain_graph_always,43,25,132,0.1893939393939394,6.739743834316249
from_SLR,plain_graph_always,43,26,132,0.19696969696969696,6.576742697144462
from_SLR,plain_graph_always,43,27,132,0.20454545454545456,6.672529769828426
from_SLR,plain_graph_always,43,28,132,0.21212121212121213,6.861614056589903
from_SLR,plain_graph_always,43,29,132,0.2196969696969697,6.717502360924898
from_SLR,plain_graph_always,43,30,132,0.22727272727272727,6.588443927558244
from_SLR,plain_graph_always,43,31,132,0.23484848484848486,6.558265009181417
from_SLR,plain_graph_always,43,32,132,0.24242424242424243,6.478637083885508
from_SLR,plain_graph_always,43,33,132,0.25,6.5239543403633204
from_SLR,plain_graph_always,43,34,132,0.25757575757575757,6.672423281720887
from_SLR,plain_graph_always,43,35,132,0.26515151515151514,6.712878871180924
from_SLR,plain_graph_always,43,36,132,0.2727272727272727,6.693262684521173
from_SLR,plain_graph_always,43,37,132,0.2803030303030303,6.62251257458617
from_SLR,plain_graph_always,43,38,132,0.2878787878787879,6.589981823879174
from_SLR,plain_graph_always,43,39,132,0.29545454545454547,6.616180889184126
from_SLR,plain_graph_always,43,40,132,0.30303030303030304,6.5434887653570515
from_SLR,plain_graph_always,43,41,132,0.3106060606060606,6.516147671341961
from_SLR,plain_graph_always,43,42,132,0.3181818181818182,6.595035800767239
from_SLR,plain_graph_always,43,43,132,0.32575757575757575,6.526240957383756
from_SLR,plain_graph_always,43,44,132,0.3333333333333333,6.442755431629499
from_SLR,plain_graph_always,43,45,132,0.3409090909090909,6.409174537321313
from_SLR,plain_graph_always,43,46,132,0.3484848484848485,6.352909100366996
from_SLR,plain_graph_always,43,47,132,0.3560606060606061,6.398029206542985
from_SLR,plain_graph_always,43,48,132,0.36363636363636365,6.311167003267008
from_SLR,plain_graph_always,43,49,132,0.3712121212121212,6.232722660313829
from_SLR,plain_graph_always,43,50,132,0.3787878787878788,6.246414687154371
from_SLR,plain_graph_always,43,51,132,0.38636363636363635,6.148664422586149
from_SLR,plain_graph_always,43,52,132,0.3939393939393939,6.101139225665027
from_SLR,plain_graph_always,43,53,132,0.4015151515151515,6.120474912431713
from_SLR,plain_graph_always,43,54,132,0.4090909090909091,6.097938670022343
from_SLR,plain_graph_always,43,55,132,0.4166666666666667,6.164597628742915
from_SLR,plain_graph_always,43,56,132,0.42424242424242425,6.157965020318733
from_SLR,plain_graph_always,43,57,132,0.4318181818181818,6.137799313886661
from_SLR,plain_graph_always,43,58,132,0.4393939393939394,6.133453690279242
from_SLR,plain_graph_always,43,59,132,0.44696969696969696,6.104388468679977
from_SLR,plain_graph_always,43,60,132,0.45454545454545453,6.050580276338461
from_SLR,plain_graph_always,43,61,132,0.4621212121212121,6.038214287405351
from_SLR,plain_graph_always,43,62,132,0.4696969696969697,6.041209964259388
from_SLR,plain_graph_always,43,63,132,0.4772727272727273,6.010539017433341
from_SLR,plain_graph_always,43,64,132,0.48484848484848486,5.964523933860396
from_SLR,plain_graph_always,43,65,132,0.49242424242424243,5.9317857446101065
from_SLR,plain_graph_always,43,66,132,0.5,5.877446865114437
from_SLR,plain_graph_always,43,67,132,0.5075757575757576,5.932308229954211
from_SLR,plain_graph_always,43,68,132,0.5151515151515151,5.904161364008116
from_SLR,plain_graph_always,43,69,132,0.5227272727272727,5.948160710436685
from_SLR,plain_graph_always,43,70,132,0.5303030303030303,5.947049869043354
from_SLR,plain_graph_always,43,71,132,0.5378787878787878,5.928005484662877
from_SLR,plain_graph_always,43,72,132,0.5454545454545454,5.953924247333918
from_SLR,plain_graph_always,43,73,132,0.553030303030303,5.927915035753296
from_SLR,plain_graph_always,43,74,132,0.5606060606060606,5.881616682545264
from_SLR,plain_graph_always,43,75,132,0.5681818181818182,5.865049761735749
from_SLR,plain_graph_always,43,76,132,0.5757575757575758,5.935458427296616
from_SLR,plain_graph_always,43,77,132,0.5833333333333334,5.911598974153074
from_SLR,plain_graph_always,43,78,132,0.5909090909090909,5.860657472007918
from_SLR,plain_graph_always,43,79,132,0.5984848484848485,5.826969007840626
from_SLR,plain_graph_always,43,80,132,0.6060606060606061,5.882910970385017
from_SLR,plain_graph_always,43,81,132,0.6136363636363636,5.87414308446566
from_SLR,plain_graph_always,43,82,132,0.6212121212121212,5.8428709868676565
from_SLR,plain_graph_always,43,83,132,0.6287878787878788,5.8130278380268985
from_SLR,plain_graph_always,43,84,132,0.6363636363636364,5.86327622096948
from_SLR,plain_graph_always,43,85,132,0.6439393939393939,5.844114224366105
from_SLR,plain_graph_always,43,86,132,0.6515151515151515,5.840969031009545
from_SLR,plain_graph_always,43,87,132,0.6590909090909091,5.837316711433047
from_SLR,plain_graph_always,43,88,132,0.6666666666666666,5.791998622686656
from_SLR,plain_graph_always,43,89,132,0.6742424242424242,5.766835161399486
from_SLR,plain_graph_always,43,90,132,0.6818181818181818,5.8253450446294615
from_SLR,plain_graph_always,43,91,132,0.6893939393939394,5.823939125641595
from_SLR,plain_graph_always,43,92,132,0.696969696969697,5.776028181992063
from_SLR,plain_graph_always,43,93,132,0.7045454545454546,5.794561244656871
from_SLR,plain_graph_always,43,94,132,0.7121212121212122,5.769403986378001
from_SLR,plain_graph_always,43,95,132,0.7196969696969697,5.74274590236111
from_SLR,plain_graph_always,43,96,132,0.7272727272727273,5.693596633726622
from_SLR,plain_graph_always,43,97,132,0.7348484848484849,5.710403484826873
from_SLR,plain_graph_always,43,98,132,0.7424242424242424,5.703288688403136
from_SLR,plain_graph_always,43,99,132,0.75,5.673096967973211
from_SLR,plain_graph_always,43,100,132,0.7575757575757576,5.66171867524024
from_SLR,plain_graph_always,43,101,132,0.7651515151515151,5.618686318375105
from_SLR,plain_graph_always,43,102,132,0.7727272727272727,5.608723805280507
from_SLR,plain_graph_always,43,103,132,0.7803030303030303,5.619199683490529
from_SLR,plain_graph_always,43,104,132,0.7878787878787878,5.638809646380182
from_SLR,plain_graph_always,43,105,132,0.7954545454545454,5.624808695236282
from_SLR,plain_graph_always,43,106,132,0.803030303030303,5.582391237122939
from_SLR,plain_graph_always,43,107,132,0.8106060606060606,5.560252062066751
from_SLR,plain_graph_always,43,108,132,0.8181818181818182,5.537895970377378
from_SLR,plain_graph_always,43,109,132,0.8257575757575758,5.5159273699963185
from_SLR,plain_graph_always,43,110,132,0.8333333333333334,5.534744852010009
from_SLR,plain_graph_always,43,111,132,0.8409090909090909,5.505732197430694
from_SLR,plain_graph_always,43,112,132,0.8484848484848485,5.473245149265309
from_SLR,plain_graph_always,43,113,132,0.8560606060606061,5.465074620117558
from_SLR,plain_graph_always,43,114,132,0.8636363636363636,5.437059444698602
from_SLR,plain_graph_always,43,115,132,0.8712121212121212,5.411096052361474
from_SLR,plain_graph_always,43,116,132,0.8787878787878788,5.3843269058199805
from_SLR,plain_graph_always,43,117,132,0.8863636363636364,5.366364362057271
from_SLR,plain_graph_always,43,118,132,0.8939393939393939,5.34204770611044
from_SLR,plain_graph_always,43,119,132,0.9015151515151515,5.313312529151954
from_SLR,plain_graph_always,43,120,132,0.9090909090909091,5.301105769348039
from_SLR,plain_graph_always,43,121,132,0.9166666666666666,5.287806600480027
from_SLR,plain_graph_always,43,122,132,0.9242424242424242,5.290462474359443
from_SLR,plain_graph_always,43,123,132,0.9318181818181818,5.2784019621932226
from_SLR,plain_graph_always,43,124,132,0.9393939393939394,5.256496885238815
from_SLR,plain_graph_always,43,125,132,0.946969696969697,5.253624151711658
from_SLR,plain_graph_always,43,126,132,0.9545454545454546,5.237364055905567
from_SLR,plain_graph_always,43,127,132,0.9621212121212122,5.235680333842124
from_SLR,plain_graph_always,43,128,132,0.9696969696969697,5.22513168501254
from_SLR,plain_graph_always,43,129,132,0.9772727272727273,5.222905337221182
from_SLR,plain_graph_always,43,130,132,0.9848484848484849,5.20137295702394
from_SLR,plain_graph_always,43,131,132,0.9924242424242424,5.180291495574676
from_SLR,plain_graph_always,43,132,132,1.0,5.165025212719097
from_ipod,mixture_graph_always,17,1,132,0.007575757575757576,8.145917799870645
from_ipod,mixture_graph_always,17,2,132,0.015151515151515152,7.74414259197201
from_ipod,mixture_graph_always,17,3,132,0.022727272727272728,7.246256939403082
from_ipod,mixture_graph_always,17,4,132,0.030303030303030304,7.822453031375054
from_ipod,mixture_graph_always,17,5,132,0.03787878787878788,8.114461847383584
from_ipod,mixture_graph_always,17,6,132,0.045454545454545456,8.033430926495852
from_ipod,mixture_graph_always,17,7,132,0.05303030303030303,7.414415615537531
from_ipod,mixture_graph_always,17,8,132,0.06060606060606061,7.406554037293306
from_ipod,mixture_graph_always,17,9,132,0.06818181818181818,7.287116249489916
from_ipod,mixture_graph_always,17,10,132,0.07575757575757576,7.1608180998768365
from_ipod,mixture_graph_always,17,11,132,0.08333333333333333,6.9250164034393205
from_ipod,mixture_graph_always,17,12,132,0.09090909090909091,6.8313251133722845
from_ipod,mixture_graph_always,17,13,132,0.09848484848484848,7.105131798568877
from_ipod,mixture_graph_always,17,14,132,0.10606060606060606,7.062514291586494
from_ipod,mixture_graph_always,17,15,132,0.11363636363636363,6.986457846366098
from_ipod,mixture_graph_always,17,16,132,0.12121212121212122,6.807575402891791
from_ipod,mixture_graph_always,17,17,132,0.12878787878787878,6.741157999405181
from_ipod,mixture_graph_always,17,18,132,0.13636363636363635,6.564277630000644
from_ipod,mixture_graph_always,17,19,132,0.14393939393939395,6.595916302383665
from_ipod,mixture_graph_always,17,20,132,0.15151515151515152,6.571995398386354
from_ipod,mixture_graph_always,17,21,132,0.1590909090909091,6.381667666150443
from_ipod,mixture_graph_always,17,22,132,0.16666666666666666,6.371429531550259
from_ipod,mixture_graph_always,17,23,132,0.17424242424242425,6.324111623694134
from_ipod,mixture_graph_always,17,24,132,0.18181818181818182,6.37110176719091
from_ipod,mixture_graph_always,17,25,132,0.1893939393939394,6.313312990259391
from_ipod,mixture_graph_always,17,26,132,0.19696969696969696,6.467098843449492
from_ipod,mixture_graph_always,17,27,132,0.20454545454545456,6.28951136098558
from_ipod,mixture_graph_always,17,28,132,0.21212121212121213,6.311373895562734
from_ipod,mixture_graph_always,17,29,132,0.2196969696969697,6.3328438595042575
from_ipod,mixture_graph_always,17,30,132,0.22727272727272727,6.3584283465147875
from_ipod,mixture_graph_always,17,31,132,0.23484848484848486,6.481365297583749
from_ipod,mixture_graph_always,17,32,132,0.24242424242424243,6.398726339260377
from_ipod,mixture_graph_always,17,33,132,0.25,6.335909726220124
from_ipod,mixture_graph_always,17,34,132,0.25757575757575757,6.290300867035508
from_ipod,mixture_graph_always,17,35,132,0.26515151515151514,6.270797820232482
from_ipod,mixture_graph_always,17,36,132,0.2727272727272727,6.205485091157025
from_ipod,mixture_graph_always,17,37,132,0.2803030303030303,6.245367236154723
from_ipod,mixture_graph_always,17,38,132,0.2878787878787879,6.19444341336867
from_ipod,mixture_graph_always,17,39,132,0.29545454545454547,6.246484492016895
from_ipod,mixture_graph_always,17,40,132,0.30303030303030304,6.231973496748584
from_ipod,mixture_graph_always,17,41,132,0.3106060606060606,6.124250027661214
from_ipod,mixture_graph_always,17,42,132,0.3181818181818182,6.2189450772238315
from_ipod,mixture_graph_always,17,43,132,0.32575757575757575,6.165499299434782
from_ipod,mixture_graph_always,17,44,132,0.3333333333333333,6.162385754257025
from_ipod,mixture_graph_always,17,45,132,0.3409090909090909,6.149849812008286
from_ipod,mixture_graph_always,17,46,132,0.3484848484848485,6.225428411396003
from_ipod,mixture_graph_always,17,47,132,0.3560606060606061,6.245702723706241
from_ipod,mixture_graph_always,17,48,132,0.36363636363636365,6.235850827198842
from_ipod,mixture_graph_always,17,49,132,0.3712121212121212,6.234262911652369
from_ipod,mixture_graph_always,17,50,132,0.3787878787878788,6.2666944950831285
from_ipod,mixture_graph_always,17,51,132,0.38636363636363635,6.321514438122335
from_ipod,mixture_graph_always,17,52,132,0.3939393939393939,6.297001797368887
from_ipod,mixture_graph_always,17,53,132,0.4015151515151515,6.257106180215431
from_ipod,mixture_graph_always,17,54,132,0.4090909090909091,6.207120864258593
from_ipod,mixture_graph_always,17,55,132,0.4166666666666667,6.204017469885916
from_ipod,mixture_graph_always,17,56,132,0.42424242424242425,6.249742029894432
from_ipod,mixture_graph_always,17,57,132,0.4318181818181818,6.33161784761795
from_ipod,mixture_graph_always,17,58,132,0.4393939393939394,6.3116074269670275
from_ipod,mixture_graph_always,17,59,132,0.44696969696969696,6.265667606961215
from_ipod,mixture_graph_always,17,60,132,0.45454545454545453,6.278589512438966
from_ipod,mixture_graph_always,17,61,132,0.4621212121212121,6.3682927646781815
from_ipod,mixture_graph_always,17,62,132,0.4696969696969697,6.314578778553532
from_ipod,mixture_graph_always,17,63,132,0.4772727272727273,6.333296902631498
from_ipod,mixture_graph_always,17,64,132,0.48484848484848486,6.283443770561796
from_ipod,mixture_graph_always,17,65,132,0.49242424242424243,6.204074293694931
from_ipod,mixture_graph_always,17,66,132,0.5,6.199467845601054
from_ipod,mixture_graph_always,17,67,132,0.5075757575757576,6.206066918935971
from_ipod,mixture_graph_always,17,68,132,0.5151515151515151,6.18121997558327
from_ipod,mixture_graph_always,17,69,132,0.5227272727272727,6.1866156791611875
from_ipod,mixture_graph_always,17,70,132,0.5303030303030303,6.1465450297257735
from_ipod,mixture_graph_always,17,71,132,0.5378787878787878,6.161159425336109
from_ipod,mixture_graph_always,17,72,132,0.5454545454545454,6.106223882931506
from_ipod,mixture_graph_always,17,73,132,0.553030303030303,6.079255807287675
from_ipod,mixture_graph_always,17,74,132,0.5606060606060606,6.005351246504162
from_ipod,mixture_graph_always,17,75,132,0.5681818181818182,5.9921715745168695
from_ipod,mixture_graph_always,17,76,132,0.5757575757575758,5.973616767244069
from_ipod,mixture_graph_always,17,77,132,0.5833333333333334,5.930088735955153
from_ipod,mixture_graph_always,17,78,132,0.5909090909090909,5.934298807016156
from_ipod,mixture_graph_always,17,79,132,0.5984848484848485,5.921701893363782
from_ipod,mixture_graph_always,17,80,132,0.6060606060606061,5.88139651323746
from_ipod,mixture_graph_always,17,81,132,0.6136363636363636,5.821409137874443
from_ipod,mixture_graph_always,17,82,132,0.6212121212121212,5.896424841190341
from_ipod,mixture_graph_always,17,83,132,0.6287878787878788,5.902091144990835
from_ipod,mixture_graph_always,17,84,132,0.6363636363636364,5.907919015445192
from_ipod,mixture_graph_always,17,85,132,0.6439393939393939,5.898595160632144
from_ipod,mixture_graph_always,17,86,132,0.6515151515151515,5.864682951445023
from_ipod,mixture_graph_always,17,87,132,0.6590909090909091,5.851444947804746
from_ipod,mixture_graph_always,17,88,132,0.6666666666666666,5.849988528074462
from_ipod,mixture_graph_always,17,89,132,0.6742424242424242,5.80369735934441
from_ipod,mixture_graph_always,17,90,132,0.6818181818181818,5.820086564287217
from_ipod,mixture_graph_always,17,91,132,0.6893939393939394,5.8215566070898
from_ipod,mixture_graph_always,17,92,132,0.696969696969697,5.8219875714256935
from_ipod,mixture_graph_always,17,93,132,0.7045454545454546,5.850901061461952
from_ipod,mixture_graph_always,17,94,132,0.7121212121212122,5.8286969349719815
from_ipod,mixture_graph_always,17,95,132,0.7196969696969697,5.82245220092701
from_ipod,mixture_graph_always,17,96,132,0.7272727272727273,5.809084231289325
from_ipod,mixture_graph_always,17,97,132,0.7348484848484849,5.797548024249127
from_ipod,mixture_graph_always,17,98,132,0.7424242424242424,5.807596587580065
from_ipod,mixture_graph_always,17,99,132,0.75,5.777434881790848
from_ipod,mixture_graph_always,17,100,132,0.7575757575757576,5.736622666827766
from_ipod,mixture_graph_always,17,101,132,0.7651515151515151,5.702917393886184
from_ipod,mixture_graph_always,17,102,132,0.7727272727272727,5.671490814831481
from_ipod,mixture_graph_always,17,103,132,0.7803030303030303,5.630691261940939
from_ipod,mixture_graph_always,17,104,132,0.7878787878787878,5.624624520252776
from_ipod,mixture_graph_always,17,105,132,0.7954545454545454,5.613866308928102
from_ipod,mixture_graph_always,17,106,132,0.803030303030303,5.59397759815927
from_ipod,mixture_graph_always,17,107,132,0.8106060606060606,5.584086962220095
from_ipod,mixture_graph_always,17,108,132,0.8181818181818182,5.545834961213633
from_ipod,mixture_graph_always,17,109,132,0.8257575757575758,5.563600909380864
from_ipod,mixture_graph_always,17,110,132,0.8333333333333334,5.565594717715661
from_ipod,mixture_graph_always,17,111,132,0.8409090909090909,5.553182607546492
from_ipod,mixture_graph_always,17,112,132,0.8484848484848485,5.51578586065096
from_ipod,mixture_graph_always,17,113,132,0.8560606060606061,5.51645412864288
from_ipod,mixture_graph_always,17,114,132,0.8636363636363636,5.49878229424576
from_ipod,mixture_graph_always,17,115,132,0.8712121212121212,5.497945543599228
from_ipod,mixture_graph_always,17,116,132,0.8787878787878788,5.509922724506561
from_ipod,mixture_graph_always,17,117,132,0.8863636363636364,5.484926478650624
from_ipod,mixture_graph_always,17,118,132,0.8939393939393939,5.461379360448458
from_ipod,mixture_graph_always,17,119,132,0.9015151515151515,5.475524026455355
from_ipod,mixture_graph_always,17,120,132,0.9090909090909091,5.47484154343127
from_ipod,mixture_graph_always,17,121,132,0.9166666666666666,5.484090903543018
from_ipod,mixture_graph_always,17,122,132,0.9242424242424242,5.498966067969303
from_ipod,mixture_graph_always,17,123,132,0.9318181818181818,5.5407402975555575
from_ipod,mixture_graph_always,17,124,132,0.9393939393939394,5.549954866216325
from_ipod,mixture_graph_always,17,125,132,0.946969696969697,5.526084364928062
from_ipod,mixture_graph_always,17,126,132,0.9545454545454546,5.540386183881791
from_ipod,mixture_graph_always,17,127,132,0.9621212121212122,5.536893570516749
from_ipod,mixture_graph_always,17,128,132,0.9696969696969697,5.5099502213339475
from_ipod,mixture_graph_always,17,129,132,0.9772727272727273,5.488412305826103
from_ipod,mixture_graph_always,17,130,132,0.9848484848484849,5.474725397627175
from_ipod,mixture_graph_always,17,131,132,0.9924242424242424,5.4548172694868455
from_ipod,mixture_graph_always,17,132,132,1.0,5.426247140918943
from_ipod,mixture_graph_drop,17,1,132,0.007575757575757576,3.556401036936971
from_ipod,mixture_graph_drop,17,2,132,0.015151515151515152,3.412856199055721
from_ipod,mixture_graph_drop,17,3,132,0.022727272727272728,5.792005672748544
from_ipod,mixture_graph_drop,17,4,132,0.030303030303030304,5.898823224125879
from_ipod,mixture_graph_drop,17,5,132,0.03787878787878788,5.606507768650625
from_ipod,mixture_graph_drop,17,6,132,0.045454545454545456,5.206409303406335
from_ipod,mixture_graph_drop,17,7,132,0.05303030303030303,5.428099084198946
from_ipod,mixture_graph_drop,17,8,132,0.06060606060606061,5.5116137028710925
from_ipod,mixture_graph_drop,17,9,132,0.06818181818181818,5.467568160020434
from_ipod,mixture_graph_drop,17,10,132,0.07575757575757576,5.524401526994653
from_ipod,mixture_graph_drop,17,11,132,0.08333333333333333,5.314136730597318
from_ipod,mixture_graph_drop,17,12,132,0.09090909090909091,5.055978906362601
from_ipod,mixture_graph_drop,17,13,132,0.09848484848484848,5.09941067911109
from_ipod,mixture_graph_drop,17,14,132,0.10606060606060606,5.032335428033123
from_ipod,mixture_graph_drop,17,15,132,0.11363636363636363,5.050084462030361
from_ipod,mixture_graph_drop,17,16,132,0.12121212121212122,5.035971123280948
from_ipod,mixture_graph_drop,17,17,132,0.12878787878787878,5.09034002261549
from_ipod,mixture_graph_drop,17,18,132,0.13636363636363635,5.107353996569518
from_ipod,mixture_graph_drop,17,19,132,0.14393939393939395,5.237411281189223
from_ipod,mixture_graph_drop,17,20,132,0.15151515151515152,5.320887215903658
from_ipod,mixture_graph_drop,17,21,132,0.1590909090909091,5.357982143063255
from_ipod,mixture_graph_drop,17,22,132,0.16666666666666666,5.284529598231648
from_ipod,mixture_graph_drop,17,23,132,0.17424242424242425,5.254050331816901
from_ipod,mixture_graph_drop,17,24,132,0.18181818181818182,5.359663803546289
from_ipod,mixture_graph_drop,17,25,132,0.1893939393939394,5.335218438445789
from_ipod,mixture_graph_drop,17,26,132,0.19696969696969696,5.449185927983465
from_ipod,mixture_graph_drop,17,27,132,0.20454545454545456,5.501149051241092
from_ipod,mixture_graph_drop,17,28,132,0.21212121212121213,5.536667693736679
from_ipod,mixture_graph_drop,17,29,132,0.2196969696969697,5.5022362924456765
from_ipod,mixture_graph_drop,17,30,132,0.22727272727272727,5.461209688173522
from_ipod,mixture_graph_drop,17,31,132,0.23484848484848486,5.550326414183414
from_ipod,mixture_graph_drop,17,32,132,0.24242424242424243,5.594444789797032
from_ipod,mixture_graph_drop,17,33,132,0.25,5.607327301266926
from_ipod,mixture_graph_drop,17,34,132,0.25757575757575757,5.592247068953758
from_ipod,mixture_graph_drop,17,35,132,0.26515151515151514,5.568109152568765
from_ipod,mixture_graph_drop,17,36,132,0.2727272727272727,5.61683600330842
from_ipod,mixture_graph_drop,17,37,132,0.2803030303030303,5.593761174455491
from_ipod,mixture_graph_drop,17,38,132,0.2878787878787879,5.5863204517214164
from_ipod,mixture_graph_drop,17,39,132,0.29545454545454547,5.597833069431603
from_ipod,mixture_graph_drop,17,40,132,0.30303030303030304,5.506901207331212
from_ipod,mixture_graph_drop,17,41,132,0.3106060606060606,5.5262590062721735
from_ipod,mixture_graph_drop,17,42,132,0.3181818181818182,5.500227066907643
from_ipod,mixture_graph_drop,17,43,132,0.32575757575757575,5.479567297310759
from_ipod,mixture_graph_drop,17,44,132,0.3333333333333333,5.524997614152692
from_ipod,mixture_graph_drop,17,45,132,0.3409090909090909,5.497340122714271
from_ipod,mixture_graph_drop,17,46,132,0.3484848484848485,5.494314310653221
from_ipod,mixture_graph_drop,17,47,132,0.3560606060606061,5.494278679925939
from_ipod,mixture_graph_drop,17,48,132,0.36363636363636365,5.520852241271181
from_ipod,mixture_graph_drop,17,49,132,0.3712121212121212,5.4884712608997575
from_ipod,mixture_graph_drop,17,50,132,0.3787878787878788,5.480136959964487
from_ipod,mixture_graph_drop,17,51,132,0.38636363636363635,5.430673181019188
from_ipod,mixture_graph_drop,17,52,132,0.3939393939393939,5.36696571704714
from_ipod,mixture_graph_drop,17,53,132,0.4015151515151515,5.386924832168311
from_ipod,mixture_graph_drop,17,54,132,0.4090909090909091,5.469029317106818
from_ipod,mixture_graph_drop,17,55,132,0.4166666666666667,5.470785491628539
from_ipod,mixture_graph_drop,17,56,132,0.42424242424242425,5.496383788659487
from_ipod,mixture_graph_drop,17,57,132,0.4318181818181818,5.579829106304955
from_ipod,mixture_graph_drop,17,58,132,0.4393939393939394,5.600964820937352
from_ipod,mixture_graph_drop,17,59,132,0.44696969696969696,5.634527654580213
from_ipod,mixture_graph_drop,17,60,132,0.45454545454545453,5.599161386937423
from_ipod,mixture_graph_drop,17,61,132,0.4621212121212121,5.593337243656771
from_ipod,mixture_graph_drop,17,62,132,0.4696969696969697,5.5691011261900405
from_ipod,mixture_graph_drop,17,63,132,0.4772727272727273,5.577853013608797
from_ipod,mixture_graph_drop,17,64,132,0.48484848484848486,5.5717155832577
from_ipod,mixture_graph_drop,17,65,132,0.49242424242424243,5.528387990496918
from_ipod,mixture_graph_drop,17,66,132,0.5,5.501433840112172
from_ipod,mixture_graph_drop,17,67,132,0.5075757575757576,5.579250792976763
from_ipod,mixture_graph_drop,17,68,132,0.5151515151515151,5.610585733731917
from_ipod,mixture_graph_drop,17,69,132,0.5227272727272727,5.567620923860813
from_ipod,mixture_graph_drop,17,70,132,0.5303030303030303,5.544638211725674
from_ipod,mixture_graph_drop,17,71,132,0.5378787878787878,5.5943851767099035
from_ipod,mixture_graph_drop,17,72,132,0.5454545454545454,5.617531118900214
from_ipod,mixture_graph_drop,17,73,132,0.553030303030303,5.608304533386246
from_ipod,mixture_graph_drop,17,74,132,0.5606060606060606,5.604387854317665
from_ipod,mixture_graph_drop,17,75,132,0.5681818181818182,5.558016552615482
from_ipod,mixture_graph_drop,17,76,132,0.5757575757575758,5.581342465910763
from_ipod,mixture_graph_drop,17,77,132,0.5833333333333334,5.578499420755555
from_ipod,mixture_graph_drop,17,78,132,0.5909090909090909,5.556498018007312
from_ipod,mixture_graph_drop,17,79,132,0.5984848484848485,5.541665192135161
from_ipod,mixture_graph_drop,17,80,132,0.6060606060606061,5.528902531591071
from_ipod,mixture_graph_drop,17,81,132,0.6136363636363636,5.5869294123158335
from_ipod,mixture_graph_drop,17,82,132,0.6212121212121212,5.6595739939326535
from_ipod,mixture_graph_drop,17,83,132,0.6287878787878788,5.608837628138124
from_ipod,mixture_graph_drop,17,84,132,0.6363636363636364,5.688842502576152
from_ipod,mixture_graph_drop,17,85,132,0.6439393939393939,5.748235397473032
from_ipod,mixture_graph_drop,17,86,132,0.6515151515151515,5.703468131349516
from_ipod,mixture_graph_drop,17,87,132,0.6590909090909091,5.708837554179648
from_ipod,mixture_graph_drop,17,88,132,0.6666666666666666,5.713546500970988
from_ipod,mixture_graph_drop,17,89,132,0.6742424242424242,5.73517354818907
from_ipod,mixture_graph_drop,17,90,132,0.6818181818181818,5.747584449192309
from_ipod,mixture_graph_drop,17,91,132,0.6893939393939394,5.753907404196005
from_ipod,mixture_graph_drop,17,92,132,0.696969696969697,5.750434788311635
from_ipod,mixture_graph_drop,17,93,132,0.7045454545454546,5.723387698071866
from_ipod,mixture_graph_drop,17,94,132,0.7121212121212122,5.73933975119238
from_ipod,mixture_graph_drop,17,95,132,0.7196969696969697,5.713893668150618
from_ipod,mixture_graph_drop,17,96,132,0.7272727272727273,5.7266910783053495
from_ipod,mixture_graph_drop,17,97,132,0.7348484848484849,5.737437414669785
from_ipod,mixture_graph_drop,17,98,132,0.7424242424242424,5.718135362859068
from_ipod,mixture_graph_drop,17,99,132,0.75,5.6802660818130475
from_ipod,mixture_graph_drop,17,100,132,0.7575757575757576,5.700353821465962
from_ipod,mixture_graph_drop,17,101,132,0.7651515151515151,5.709973267359369
from_ipod,mixture_graph_drop,17,102,132,0.7727272727272727,5.719925131214907
from_ipod,mixture_graph_drop,17,103,132,0.7803030303030303,5.728124383366199
from_ipod,mixture_graph_drop,17,104,132,0.7878787878787878,5.752350171100568
from_ipod,mixture_graph_drop,17,105,132,0.7954545454545454,5.752701007350047
from_ipod,mixture_graph_drop,17,106,132,0.803030303030303,5.772580576444711
from_ipod,mixture_graph_drop,17,107,132,0.8106060606060606,5.786510601722506
from_ipod,mixture_graph_drop,17,108,132,0.8181818181818182,5.816386011511669
from_ipod,mixture_graph_drop,17,109,132,0.8257575757575758,5.773401177745391
from_ipod,mixture_graph_drop,17,110,132,0.8333333333333334,5.764665808227596
from_ipod,mixture_graph_drop,17,111,132,0.8409090909090909,5.738414070297514
from_ipod,mixture_graph_drop,17,112,132,0.8484848484848485,5.739892309716972
from_ipod,mixture_graph_drop,17,113,132,0.8560606060606061,5.768566905879612
from_ipod,mixture_graph_drop,17,114,132,0.8636363636363636,5.739731699572485
from_ipod,mixture_graph_drop,17,115,132,0.8712121212121212,5.712425056345908
from_ipod,mixture_graph_drop,17,116,132,0.8787878787878788,5.746653297073994
from_ipod,mixture_graph_drop,17,117,132,0.8863636363636364,5.750607091138655
from_ipod,mixture_graph_drop,17,118,132,0.8939393939393939,5.7573058537117365
from_ipod,mixture_graph_drop,17,119,132,0.9015151515151515,5.769309251851782
from_ipod,mixture_graph_drop,17,120,132,0.9090909090909091,5.776009940685171
from_ipod,mixture_graph_drop,17,121,132,0.9166666666666666,5.789847026175118
from_ipod,mixture_graph_drop,17,122,132,0.9242424242424242,5.795955921839135
from_ipod,mixture_graph_drop,17,123,132,0.9318181818181818,5.802212536494771
from_ipod,mixture_graph_drop,17,124,132,0.9393939393939394,5.814145824651162
from_ipod,mixture_graph_drop,17,125,132,0.946969696969697,5.8555306305127806
from_ipod,mixture_graph_drop,17,126,132,0.9545454545454546,5.818416380562961
from_ipod,mixture_graph_drop,17,127,132,0.9621212121212122,5.795470356657152
from_ipod,mixture_graph_drop,17,128,132,0.9696969696969697,5.792024055563619
from_ipod,mixture_graph_drop,17,129,132,0.9772727272727273,5.771830326439342
from_ipod,mixture_graph_drop,17,130,132,0.9848484848484849,5.742212898692215
from_ipod,mixture_graph_drop,17,131,132,0.9924242424242424,5.719090882648076
from_ipod,mixture_graph_drop,17,132,132,1.0,5.721864910246633
from_ipod,mixture_conv_drop,17,1,132,0.007575757575757576,6.419201659577843
from_ipod,mixture_conv_drop,17,2,132,0.015151515151515152,6.858580607074973
from_ipod,mixture_conv_drop,17,3,132,0.022727272727272728,6.233974831352191
from_ipod,mixture_conv_drop,17,4,132,0.030303030303030304,5.633052517251642
from_ipod,mixture_conv_drop,17,5,132,0.03787878787878788,6.518543235926037
from_ipod,mixture_conv_drop,17,6,132,0.045454545454545456,6.157840234458266
from_ipod,mixture_conv_drop,17,7,132,0.05303030303030303,6.849408449470529
from_ipod,mixture_conv_drop,17,8,132,0.06060606060606061,6.213470567680723
from_ipod,mixture_conv_drop,17,9,132,0.06818181818181818,5.832149501219103
from_ipod,mixture_conv_drop,17,10,132,0.07575757575757576,6.294439630740328
from_ipod,mixture_conv_drop,17,11,132,0.08333333333333333,6.3805493876389825
from_ipod,mixture_conv_drop,17,12,132,0.09090909090909091,6.061693279833101
from_ipod,mixture_conv_drop,17,13,132,0.09848484848484848,6.082818412302692
from_ipod,mixture_conv_drop,17,14,132,0.10606060606060606,6.0385371716448635
from_ipod,mixture_conv_drop,17,15,132,0.11363636363636363,6.08093642320657
from_ipod,mixture_conv_drop,17,16,132,0.12121212121212122,6.271140127379536
from_ipod,mixture_conv_drop,17,17,132,0.12878787878787878,6.249937333382633
from_ipod,mixture_conv_drop,17,18,132,0.13636363636363635,6.291833368449618
from_ipod,mixture_conv_drop,17,19,132,0.14393939393939395,6.327592808735889
from_ipod,mixture_conv_drop,17,20,132,0.15151515151515152,6.180048491805214
from_ipod,mixture_conv_drop,17,21,132,0.1590909090909091,6.249879477647966
from_ipod,mixture_conv_drop,17,22,132,0.16666666666666666,6.43658611260891
from_ipod,mixture_conv_drop,17,23,132,0.17424242424242425,6.461589891467876
from_ipod,mixture_conv_drop,17,24,132,0.18181818181818182,6.469618079811672
from_ipod,mixture_conv_drop,17,25,132,0.1893939393939394,6.344227314022418
from_ipod,mixture_conv_drop,17,26,132,0.19696969696969696,6.313191785738212
from_ipod,mixture_conv_drop,17,27,132,0.20454545454545456,6.2388186211259535
from_ipod,mixture_conv_drop,17,28,132,0.21212121212121213,6.2318041126745545
from_ipod,mixture_conv_drop,17,29,132,0.2196969696969697,6.2351524555305
from_ipod,mixture_conv_drop,17,30,132,0.22727272727272727,6.169435049222819
from_ipod,mixture_conv_drop,17,31,132,0.23484848484848486,6.126240049647465
from_ipod,mixture_conv_drop,17,32,132,0.24242424242424243,6.146325581685659
from_ipod,mixture_conv_drop,17,33,132,0.25,6.046260582151332
from_ipod,mixture_conv_drop,17,34,132,0.25757575757575757,6.029497771040444
from_ipod,mixture_conv_drop,17,35,132,0.26515151515151514,5.972957344503259
from_ipod,mixture_conv_drop,17,36,132,0.2727272727272727,5.962882659691545
from_ipod,mixture_conv_drop,17,37,132,0.2803030303030303,5.9081219345517955
from_ipod,mixture_conv_drop,17,38,132,0.2878787878787879,5.851624333576132
from_ipod,mixture_conv_drop,17,39,132,0.29545454545454547,5.807437418470798
from_ipod,mixture_conv_drop,17,40,132,0.30303030303030304,5.7631077877366215
from_ipod,mixture_conv_drop,17,41,132,0.3106060606060606,5.7457512510839805
from_ipod,mixture_conv_drop,17,42,132,0.3181818181818182,5.742243090816145
from_ipod,mixture_conv_drop,17,43,132,0.32575757575757575,5.705154654103859
from_ipod,mixture_conv_drop,17,44,132,0.3333333333333333,5.6223476237258705
from_ipod,mixture_conv_drop,17,45,132,0.3409090909090909,5.634246497360127
from_ipod,mixture_conv_drop,17,46,132,0.3484848484848485,5.6807854820445165
from_ipod,mixture_conv_drop,17,47,132,0.3560606060606061,5.635387113646993
from_ipod,mixture_conv_drop,17,48,132,0.36363636363636365,5.64661485879576
from_ipod,mixture_conv_drop,17,49,132,0.3712121212121212,5.689099641304309
from_ipod,mixture_conv_drop,17,50,132,0.3787878787878788,5.713470223390901
from_ipod,mixture_conv_drop,17,51,132,0.38636363636363635,5.783274662276852
from_ipod,mixture_conv_drop,17,52,132,0.3939393939393939,5.744220716799865
from_ipod,mixture_conv_drop,17,53,132,0.4015151515151515,5.774043575229959
from_ipod,mixture_conv_drop,17,54,132,0.4090909090909091,5.780630824129582
from_ipod,mixture_conv_drop,17,55,132,0.4166666666666667,5.762698870682843
from_ipod,mixture_conv_drop,17,56,132,0.42424242424242425,5.785118726246847
from_ipod,mixture_conv_drop,17,57,132,0.4318181818181818,5.767362594063411
from_ipod,mixture_conv_drop,17,58,132,0.4393939393939394,5.788200293708042
from_ipod,mixture_conv_drop,17,59,132,0.44696969696969696,5.764741499139846
from_ipod,mixture_conv_drop,17,60,132,0.45454545454545453,5.731167191546944
from_ipod,mixture_conv_drop,17,61,132,0.4621212121212121,5.760234467535489
from_ipod,mixture_conv_drop,17,62,132,0.4696969696969697,5.769003858684732
from_ipod,mixture_conv_drop,17,63,132,0.4772727272727273,5.772467207626124
from_ipod,mixture_conv_drop,17,64,132,0.48484848484848486,5.7675016839938875
from_ipod,mixture_conv_drop,17,65,132,0.49242424242424243,5.753418041509442
from_ipod,mixture_conv_drop,17,66,132,0.5,5.733893130396948
from_ipod,mixture_conv_drop,17,67,132,0.5075757575757576,5.715783545609732
from_ipod,mixture_conv_drop,17,68,132,0.5151515151515151,5.6763507442558
from_ipod,mixture_conv_drop,17,69,132,0.5227272727272727,5.679052454777962
from_ipod,mixture_conv_drop,17,70,132,0.5303030303030303,5.714737576191115
from_ipod,mixture_conv_drop,17,71,132,0.5378787878787878,5.663486646767406
from_ipod,mixture_conv_drop,17,72,132,0.5454545454545454,5.633329280662639
from_ipod,mixture_conv_drop,17,73,132,0.553030303030303,5.674053219502172
from_ipod,mixture_conv_drop,17,74,132,0.5606060606060606,5.641491207552111
from_ipod,mixture_conv_drop,17,75,132,0.5681818181818182,5.640451814681853
from_ipod,mixture_conv_drop,17,76,132,0.5757575757575758,5.691757715625619
from_ipod,mixture_conv_drop,17,77,132,0.5833333333333334,5.643103719391386
from_ipod,mixture_conv_drop,17,78,132,0.5909090909090909,5.725013637456071
from_ipod,mixture_conv_drop,17,79,132,0.5984848484848485,5.710497770990324
from_ipod,mixture_conv_drop,17,80,132,0.6060606060606061,5.701476701140493
from_ipod,mixture_conv_drop,17,81,132,0.6136363636363636,5.7462567849227675
from_ipod,mixture_conv_drop,17,82,132,0.6212121212121212,5.755580014334457
from_ipod,mixture_conv_drop,17,83,132,0.6287878787878788,5.714489800560068
from_ipod,mixture_conv_drop,17,84,132,0.6363636363636364,5.735530807712885
from_ipod,mixture_conv_drop,17,85,132,0.6439393939393939,5.697343097802456
from_ipod,mixture_conv_drop,17,86,132,0.6515151515151515,5.690615814057717
from_ipod,mixture_conv_drop,17,87,132,0.6590909090909091,5.733690381187792
from_ipod,mixture_conv_drop,17,88,132,0.6666666666666666,5.721592717514505
from_ipod,mixture_conv_drop,17,89,132,0.6742424242424242,5.72800042431978
from_ipod,mixture_conv_drop,17,90,132,0.6818181818181818,5.736350906951947
from_ipod,mixture_conv_drop,17,91,132,0.6893939393939394,5.73838139588714
from_ipod,mixture_conv_drop,17,92,132,0.696969696969697,5.700098963583167
from_ipod,mixture_conv_drop,17,93,132,0.7045454545454546,5.677042528638801
from_ipod,mixture_conv_drop,17,94,132,0.7121212121212122,5.708766512829026
from_ipod,mixture_conv_drop,17,95,132,0.7196969696969697,5.705447585952609
from_ipod,mixture_conv_drop,17,96,132,0.7272727272727273,5.655755550054807
from_ipod,mixture_conv_drop,17,97,132,0.7348484848484849,5.613523630168592
from_ipod,mixture_conv_drop,17,98,132,0.7424242424242424,5.592072901000636
from_ipod,mixture_conv_drop,17,99,132,0.75,5.5560316341605835
from_ipod,mixture_conv_drop,17,100,132,0.7575757575757576,5.527223287342507
from_ipod,mixture_conv_drop,17,101,132,0.7651515151515151,5.511069683348807
from_ipod,mixture_conv_drop,17,102,132,0.7727272727272727,5.475930181670542
from_ipod,mixture_conv_drop,17,103,132,0.7803030303030303,5.486209675936785
from_ipod,mixture_conv_drop,17,104,132,0.7878787878787878,5.503468426883321
from_ipod,mixture_conv_drop,17,105,132,0.7954545454545454,5.541678470875377
from_ipod,mixture_conv_drop,17,106,132,0.803030303030303,5.5241801342828625
from_ipod,mixture_conv_drop,17,107,132,0.8106060606060606,5.5124825941383815
from_ipod,mixture_conv_drop,17,108,132,0.8181818181818182,5.5178593881522895
from_ipod,mixture_conv_drop,17,109,132,0.8257575757575758,5.526252395530867
from_ipod,mixture_conv_drop,17,110,132,0.8333333333333334,5.520810227423831
from_ipod,mixture_conv_drop,17,111,132,0.8409090909090909,5.512209371649115
from_ipod,mixture_conv_drop,17,112,132,0.8484848484848485,5.509028922073136
from_ipod,mixture_conv_drop,17,113,132,0.8560606060606061,5.521970552601296
from_ipod,mixture_conv_drop,17,114,132,0.8636363636363636,5.49782015941312
from_ipod,mixture_conv_drop,17,115,132,0.8712121212121212,5.471876811116753
from_ipod,mixture_conv_drop,17,116,132,0.8787878787878788,5.473066257466238
from_ipod,mixture_conv_drop,17,117,132,0.8863636363636364,5.480632887199666
from_ipod,mixture_conv_drop,17,118,132,0.8939393939393939,5.492491093004058
from_ipod,mixture_conv_drop,17,119,132,0.9015151515151515,5.499314767283928
from_ipod,mixture_conv_drop,17,120,132,0.9090909090909091,5.465928277245657
from_ipod,mixture_conv_drop,17,121,132,0.9166666666666666,5.471940288349094
from_ipod,mixture_conv_drop,17,122,132,0.9242424242424242,5.44922636408925
from_ipod,mixture_conv_drop,17,123,132,0.9318181818181818,5.4283992022493495
from_ipod,mixture_conv_drop,17,124,132,0.9393939393939394,5.442083011579784
from_ipod,mixture_conv_drop,17,125,132,0.946969696969697,5.44724480246685
from_ipod,mixture_conv_drop,17,126,132,0.9545454545454546,5.447281446247877
from_ipod,mixture_conv_drop,17,127,132,0.9621212121212122,5.426667507962444
from_ipod,mixture_conv_drop,17,128,132,0.9696969696969697,5.467202031800664
from_ipod,mixture_conv_drop,17,129,132,0.9772727272727273,5.441636408508106
from_ipod,mixture_conv_drop,17,130,132,0.9848484848484849,5.441776384114949
from_ipod,mixture_conv_drop,17,131,132,0.9924242424242424,5.453856913221514
from_ipod,mixture_conv_drop,17,132,132,1.0,5.45459180244738
from_ipod,mixture_plain,17,1,132,0.007575757575757576,6.384280250451274
from_ipod,mixture_plain,17,2,132,0.015151515151515152,8.648775205464364
from_ipod,mixture_plain,17,3,132,0.022727272727272728,7.389898323413511
from_ipod,mixture_plain,17,4,132,0.030303030303030304,7.312534186931525
from_ipod,mixture_plain,17,5,132,0.03787878787878788,7.278956848329358
from_ipod,mixture_plain,17,6,132,0.045454545454545456,6.5515104480991235
from_ipod,mixture_plain,17,7,132,0.05303030303030303,6.227610436084997
from_ipod,mixture_plain,17,8,132,0.06060606060606061,6.264126031742426
from_ipod,mixture_plain,17,9,132,0.06818181818181818,5.996687442063756
from_ipod,mixture_plain,17,10,132,0.07575757575757576,6.386809071226367
from_ipod,mixture_plain,17,11,132,0.08333333333333333,6.041295067632609
from_ipod,mixture_plain,17,12,132,0.09090909090909091,5.681862519032715
from_ipod,mixture_plain,17,13,132,0.09848484848484848,6.051129149639669
from_ipod,mixture_plain,17,14,132,0.10606060606060606,6.108394362272853
from_ipod,mixture_plain,17,15,132,0.11363636363636363,6.154817455051083
from_ipod,mixture_plain,17,16,132,0.12121212121212122,6.1894370164288866
from_ipod,mixture_plain,17,17,132,0.12878787878787878,6.144006353689586
from_ipod,mixture_plain,17,18,132,0.13636363636363635,6.13171266993916
from_ipod,mixture_plain,17,19,132,0.14393939393939395,6.14146758535464
from_ipod,mixture_plain,17,20,132,0.15151515151515152,6.004583495827946
from_ipod,mixture_plain,17,21,132,0.1590909090909091,6.081657809066482
from_ipod,mixture_plain,17,22,132,0.16666666666666666,6.214638690932227
from_ipod,mixture_plain,17,23,132,0.17424242424242425,6.070057299138129
from_ipod,mixture_plain,17,24,132,0.18181818181818182,5.954171088194157
from_ipod,mixture_plain,17,25,132,0.1893939393939394,5.932109596936187
from_ipod,mixture_plain,17,26,132,0.19696969696969696,5.964391081666941
from_ipod,mixture_plain,17,27,132,0.20454545454545456,5.999462634121638
from_ipod,mixture_plain,17,28,132,0.21212121212121213,6.047479744094289
from_ipod,mixture_plain,17,29,132,0.2196969696969697,6.047976426002934
from_ipod,mixture_plain,17,30,132,0.22727272727272727,6.009283077350931
from_ipod,mixture_plain,17,31,132,0.23484848484848486,6.016604345381571
from_ipod,mixture_plain,17,32,132,0.24242424242424243,5.940242252256416
from_ipod,mixture_plain,17,33,132,0.25,5.893516977578978
from_ipod,mixture_plain,17,34,132,0.25757575757575757,5.88146037975964
from_ipod,mixture_plain,17,35,132,0.26515151515151514,5.778788967235379
from_ipod,mixture_plain,17,36,132,0.2727272727272727,5.806616762148632
from_ipod,mixture_plain,17,37,132,0.2803030303030303,5.787567261389231
from_ipod,mixture_plain,17,38,132,0.2878787878787879,5.909057647322761
from_ipod,mixture_plain,17,39,132,0.29545454545454547,5.918184957079921
from_ipod,mixture_plain,17,40,132,0.30303030303030304,5.874435291287683
from_ipod,mixture_plain,17,41,132,0.3106060606060606,5.779783551540197
from_ipod,mixture_plain,17,42,132,0.3181818181818182,5.718537495326296
from_ipod,mixture_plain,17,43,132,0.32575757575757575,5.715813511211728
from_ipod,mixture_plain,17,44,132,0.3333333333333333,5.676461649865679
from_ipod,mixture_plain,17,45,132,0.3409090909090909,5.673128987507621
from_ipod,mixture_plain,17,46,132,0.3484848484848485,5.6393633956830085
from_ipod,mixture_plain,17,47,132,0.3560606060606061,5.599822421360842
from_ipod,mixture_plain,17,48,132,0.36363636363636365,5.568116590955108
from_ipod,mixture_plain,17,49,132,0.3712121212121212,5.555409153036524
from_ipod,mixture_plain,17,50,132,0.3787878787878788,5.520078782394073
from_ipod,mixture_plain,17,51,132,0.38636363636363635,5.453692000333629
from_ipod,mixture_plain,17,52,132,0.3939393939393939,5.421583644464562
from_ipod,mixture_plain,17,53,132,0.4015151515151515,5.492583568813737
from_ipod,mixture_plain,17,54,132,0.4090909090909091,5.481988131797648
from_ipod,mixture_plain,17,55,132,0.4166666666666667,5.506007216116263
from_ipod,mixture_plain,17,56,132,0.42424242424242425,5.451881685420738
from_ipod,mixture_plain,17,57,132,0.4318181818181818,5.490303790292925
from_ipod,mixture_plain,17,58,132,0.4393939393939394,5.467141735712515
from_ipod,mixture_plain,17,59,132,0.44696969696969696,5.41393854423023
from_ipod,mixture_plain,17,60,132,0.45454545454545453,5.362613552797322
from_ipod,mixture_plain,17,61,132,0.4621212121212121,5.354895718712897
from_ipod,mixture_plain,17,62,132,0.4696969696969697,5.341721613306738
from_ipod,mixture_plain,17,63,132,0.4772727272727273,5.376229827144281
from_ipod,mixture_plain,17,64,132,0.48484848484848486,5.351000065162946
from_ipod,mixture_plain,17,65,132,0.49242424242424243,5.291718485440498
from_ipod,mixture_plain,17,66,132,0.5,5.260049852071444
from_ipod,mixture_plain,17,67,132,0.5075757575757576,5.276120945618376
from_ipod,mixture_plain,17,68,132,0.5151515151515151,5.271341895197074
from_ipod,mixture_plain,17,69,132,0.5227272727272727,5.279217945447736
from_ipod,mixture_plain,17,70,132,0.5303030303030303,5.2941290032509265
from_ipod,mixture_plain,17,71,132,0.5378787878787878,5.293167045146752
from_ipod,mixture_plain,17,72,132,0.5454545454545454,5.291515150256116
from_ipod,mixture_plain,17,73,132,0.553030303030303,5.303845721239685
from_ipod,mixture_plain,17,74,132,0.5606060606060606,5.329108312082983
from_ipod,mixture_plain,17,75,132,0.5681818181818182,5.360896652624904
from_ipod,mixture_plain,17,76,132,0.5757575757575758,5.36408610512014
from_ipod,mixture_plain,17,77,132,0.5833333333333334,5.377664754510811
from_ipod,mixture_plain,17,78,132,0.5909090909090909,5.395569532711306
from_ipod,mixture_plain,17,79,132,0.5984848484848485,5.389940667371622
from_ipod,mixture_plain,17,80,132,0.6060606060606061,5.378749178165836
from_ipod,mixture_plain,17,81,132,0.6136363636363636,5.417490726847302
from_ipod,mixture_plain,17,82,132,0.6212121212121212,5.467513742659354
from_ipod,mixture_plain,17,83,132,0.6287878787878788,5.457190569719788
from_ipod,mixture_plain,17,84,132,0.6363636363636364,5.44623451261258
from_ipod,mixture_plain,17,85,132,0.6439393939393939,5.457761346804044
from_ipod,mixture_plain,17,86,132,0.6515151515151515,5.457665124459108
from_ipod,mixture_plain,17,87,132,0.6590909090909091,5.4368924680003685
from_ipod,mixture_plain,17,88,132,0.6666666666666666,5.4070678083292165
from_ipod,mixture_plain,17,89,132,0.6742424242424242,5.4491237186513635
from_ipod,mixture_plain,17,90,132,0.6818181818181818,5.476627684590558
from_ipod,mixture_plain,17,91,132,0.6893939393939394,5.481351397578623
from_ipod,mixture_plain,17,92,132,0.696969696969697,5.432871687539141
from_ipod,mixture_plain,17,93,132,0.7045454545454546,5.450032223274153
from_ipod,mixture_plain,17,94,132,0.7121212121212122,5.518936184526634
from_ipod,mixture_plain,17,95,132,0.7196969696969697,5.499891660608251
from_ipod,mixture_plain,17,96,132,0.7272727272727273,5.4652946811270064
from_ipod,mixture_plain,17,97,132,0.7348484848484849,5.478214223365329
from_ipod,mixture_plain,17,98,132,0.7424242424242424,5.463437619175042
from_ipod,mixture_plain,17,99,132,0.75,5.462855726634087
from_ipod,mixture_plain,17,100,132,0.7575757575757576,5.445006249613942
from_ipod,mixture_plain,17,101,132,0.7651515151515151,5.447082719263543
from_ipod,mixture_plain,17,102,132,0.7727272727272727,5.4285704707562115
from_ipod,mixture_plain,17,103,132,0.7803030303030303,5.393884260493878
from_ipod,mixture_plain,17,104,132,0.7878787878787878,5.433080209264271
from_ipod,mixture_plain,17,105,132,0.7954545454545454,5.423540868389047
from_ipod,mixture_plain,17,106,132,0.803030303030303,5.419465299594414
from_ipod,mixture_plain,17,107,132,0.8106060606060606,5.430724608238532
from_ipod,mixture_plain,17,108,132,0.8181818181818182,5.4494158799474635
from_ipod,mixture_plain,17,109,132,0.8257575757575758,5.425172978387557
from_ipod,mixture_plain,17,110,132,0.8333333333333334,5.418470692797352
from_ipod,mixture_plain,17,111,132,0.8409090909090909,5.4321608053559896
from_ipod,mixture_plain,17,112,132,0.8484848484848485,5.440336470771811
from_ipod,mixture_plain,17,113,132,0.8560606060606061,5.4176764136314235
from_ipod,mixture_plain,17,114,132,0.8636363636363636,5.426346242620356
from_ipod,mixture_plain,17,115,132,0.8712121212121212,5.428268498538328
from_ipod,mixture_plain,17,116,132,0.8787878787878788,5.437407958169957
from_ipod,mixture_plain,17,117,132,0.8863636363636364,5.450694660630716
from_ipod,mixture_plain,17,118,132,0.8939393939393939,5.4167783169997925
from_ipod,mixture_plain,17,119,132,0.9015151515151515,5.394991458219486
from_ipod,mixture_plain,17,120,132,0.9090909090909091,5.3729371476892
from_ipod,mixture_plain,17,121,132,0.9166666666666666,5.380735030330439
from_ipod,mixture_plain,17,122,132,0.9242424242424242,5.410671638091798
from_ipod,mixture_plain,17,123,132,0.9318181818181818,5.412141095673215
from_ipod,mixture_plain,17,124,132,0.9393939393939394,5.435176212949378
from_ipod,mixture_plain,17,125,132,0.946969696969697,5.44995612171231
from_ipod,mixture_plain,17,126,132,0.9545454545454546,5.456624414778867
from_ipod,mixture_plain,17,127,132,0.9621212121212122,5.43047052067304
from_ipod,mixture_plain,17,128,132,0.9696969696969697,5.4097320219294005
from_ipod,mixture_plain,17,129,132,0.9772727272727273,5.423437073726458
from_ipod,mixture_plain,17,130,132,0.9848484848484849,5.424563389343213
from_ipod,mixture_plain,17,131,132,0.9924242424242424,5.46509485752919
from_ipod,mixture_plain,17,132,132,1.0,5.467331527755818
from_ipod,plain_graph_always,17,1,132,0.007575757575757576,3.6583328257062693
from_ipod,plain_graph_always,17,2,132,0.015151515151515152,3.1600077658923738
from_ipod,plain_graph_always,17,3,132,0.022727272727272728,3.5525239221534264
from_ipod,plain_graph_always,17,4,132,0.030303030303030304,3.8175707062412254
from_ipod,plain_graph_always,17,5,132,0.03787878787878788,4.49320013015783
from_ipod,plain_graph_always,17,6,132,0.045454545454545456,4.684964113371362
from_ipod,plain_graph_always,17,7,132,0.05303030303030303,4.481221675013798
from_ipod,plain_graph_always,17,8,132,0.06060606060606061,4.848760334135767
from_ipod,plain_graph_always,17,9,132,0.06818181818181818,5.137590366915315
from_ipod,plain_graph_always,17,10,132,0.07575757575757576,5.215022221297245
from_ipod,plain_graph_always,17,11,132,0.08333333333333333,5.284555874997188
from_ipod,plain_graph_always,17,12,132,0.09090909090909091,5.143577227214569
from_ipod,plain_graph_always,17,13,132,0.09848484848484848,4.983180026913768
from_ipod,plain_graph_always,17,14,132,0.10606060606060606,4.991920774097302
from_ipod,plain_graph_always,17,15,132,0.11363636363636363,5.1591201366791255
from_ipod,plain_graph_always,17,16,132,0.12121212121212122,5.1328043099475344
from_ipod,plain_graph_always,17,17,132,0.12878787878787878,5.4541942387173545
from_ipod,plain_graph_always,17,18,132,0.13636363636363635,5.62567415382447
from_ipod,plain_graph_always,17,19,132,0.14393939393939395,5.645909142631844
from_ipod,plain_graph_always,17,20,132,0.15151515151515152,5.913157576163792
from_ipod,plain_graph_always,17,21,132,0.1590909090909091,5.88425532336894
from_ipod,plain_graph_always,17,22,132,0.16666666666666666,5.911763509817508
from_ipod,plain_graph_always,17,23,132,0.17424242424242425,5.853250360405222
from_ipod,plain_graph_always,17,24,132,0.18181818181818182,5.778607359237237
from_ipod,plain_graph_always,17,25,132,0.1893939393939394,5.687114310956259
from_ipod,plain_graph_always,17,26,132,0.19696969696969696,5.606392523207052
from_ipod,plain_graph_always,17,27,132,0.20454545454545456,5.643357841984806
from_ipod,plain_graph_always,17,28,132,0.21212121212121213,5.5540526600872955
from_ipod,plain_graph_always,17,29,132,0.2196969696969697,5.567752213357538
from_ipod,plain_graph_always,17,30,132,0.22727272727272727,5.482920214758431
from_ipod,plain_graph_always,17,31,132,0.23484848484848486,5.513127190904035
from_ipod,plain_graph_always,17,32,132,0.24242424242424243,5.53085780811081
from_ipod,plain_graph_always,17,33,132,0.25,5.5976664531760685
from_ipod,plain_graph_always,17,34,132,0.25757575757575757,5.443448482416478
from_ipod,plain_graph_always,17,35,132,0.26515151515151514,5.443325790005528
from_ipod,plain_graph_always,17,36,132,0.2727272727272727,5.359719898390484
from_ipod,plain_graph_always,17,37,132,0.2803030303030303,5.334102395962792
from_ipod,plain_graph_always,17,38,132,0.2878787878787879,5.4327546905738755
from_ipod,plain_graph_always,17,39,132,0.29545454545454547,5.446350261561889
from_ipod,plain_graph_always,17,40,132,0.30303030303030304,5.412597561903608
from_ipod,plain_graph_always,17,41,132,0.3106060606060606,5.3756706867798885
from_ipod,plain_graph_always,17,42,132,0.3181818181818182,5.358862569168214
from_ipod,plain_graph_always,17,43,132,0.32575757575757575,5.41272976889779
from_ipod,plain_graph_always,17,44,132,0.3333333333333333,5.35476216813723
from_ipod,plain_graph_always,17,45,132,0.3409090909090909,5.352881845279564
from_ipod,plain_graph_always,17,46,132,0.3484848484848485,5.394865296170466
from_ipod,plain_graph_always,17,47,132,0.3560606060606061,5.462890415876533
from_ipod,plain_graph_always,17,48,132,0.36363636363636365,5.5164610552558315
from_ipod,plain_graph_always,17,49,132,0.3712121212121212,5.503413593459572
from_ipod,plain_graph_always,17,50,132,0.3787878787878788,5.562858636460565
from_ipod,plain_graph_always,17,51,132,0.38636363636363635,5.5734312419615035
from_ipod,plain_graph_always,17,52,132,0.3939393939393939,5.647793966596938
from_ipod,plain_graph_always,17,53,132,0.4015151515151515,5.677227915813592
from_ipod,plain_graph_always,17,54,132,0.4090909090909091,5.75783301818258
from_ipod,plain_graph_always,17,55,132,0.4166666666666667,5.743005549812469
from_ipod,plain_graph_always,17,56,132,0.42424242424242425,5.696361310134862
from_ipod,plain_graph_always,17,57,132,0.4318181818181818,5.651415264379277
from_ipod,plain_graph_always,17,58,132,0.4393939393939394,5.672125659846369
from_ipod,plain_graph_always,17,59,132,0.44696969696969696,5.713203691805979
from_ipod,plain_graph_always,17,60,132,0.45454545454545453,5.69796642891933
from_ipod,plain_graph_always,17,61,132,0.4621212121212121,5.62989849323416
from_ipod,plain_graph_always,17,62,132,0.4696969696969697,5.653502985647427
from_ipod,plain_graph_always,17,63,132,0.4772727272727273,5.682979067106844
from_ipod,plain_graph_always,17,64,132,0.48484848484848486,5.67488724266456
from_ipod,plain_graph_always,17,65,132,0.49242424242424243,5.624479692163733
from_ipod,plain_graph_always,17,66,132,0.5,5.659916992528634
from_ipod,plain_graph_always,17,67,132,0.5075757575757576,5.667254281900041
from_ipod,plain_graph_always,17,68,132,0.5151515151515151,5.671190100935445
from_ipod,plain_graph_always,17,69,132,0.5227272727272727,5.665430140907092
from_ipod,plain_graph_always,17,70,132,0.5303030303030303,5.662280318011956
from_ipod,plain_graph_always,17,71,132,0.5378787878787878,5.687852228811443
from_ipod,plain_graph_always,17,72,132,0.5454545454545454,5.63748807903541
from_ipod,plain_graph_always,17,73,132,0.553030303030303,5.683816608716182
from_ipod,plain_graph_always,17,74,132,0.5606060606060606,5.666737481352415
from_ipod,plain_graph_always,17,75,132,0.5681818181818182,5.669654175025632
from_ipod,plain_graph_always,17,76,132,0.5757575757575758,5.748484573127662
from_ipod,plain_graph_always,17,77,132,0.5833333333333334,5.794366743672393
from_ipod,plain_graph_always,17,78,132,0.5909090909090909,5.7480782387969445
from_ipod,plain_graph_always,17,79,132,0.5984848484848485,5.7577936014637485
from_ipod,plain_graph_always,17,80,132,0.6060606060606061,5.753406960763807
from_ipod,plain_graph_always,17,81,132,0.6136363636363636,5.772878768062525
from_ipod,plain_graph_always,17,82,132,0.6212121212121212,5.755673655754908
from_ipod,plain_graph_always,17,83,132,0.6287878787878788,5.761783122475219
from_ipod,plain_graph_always,17,84,132,0.6363636363636364,5.7227544031564355
from_ipod,plain_graph_always,17,85,132,0.6439393939393939,5.7565280600708455
from_ipod,plain_graph_always,17,86,132,0.6515151515151515,5.772683396670773
from_ipod,plain_graph_always,17,87,132,0.6590909090909091,5.773873712869006
from_ipod,plain_graph_always,17,88,132,0.6666666666666666,5.728879272995002
from_ipod,plain_graph_always,17,89,132,0.6742424242424242,5.737367017498406
from_ipod,plain_graph_always,17,90,132,0.6818181818181818,5.701710607126098
from_ipod,plain_graph_always,17,91,132,0.6893939393939394,5.66530469661723
from_ipod,plain_graph_always,17,92,132,0.696969696969697,5.67459903920912
from_ipod,plain_graph_always,17,93,132,0.7045454545454546,5.682618665438749
from_ipod,plain_graph_always,17,94,132,0.7121212121212122,5.7357030931577615
from_ipod,plain_graph_always,17,95,132,0.7196969696969697,5.68788363611879
from_ipod,plain_graph_always,17,96,132,0.7272727272727273,5.64396617785485
from_ipod,plain_graph_always,17,97,132,0.7348484848484849,5.618133197880789
from_ipod,plain_graph_always,17,98,132,0.7424242424242424,5.637910760983901
from_ipod,plain_graph_always,17,99,132,0.75,5.62442216521331
from_ipod,plain_graph_always,17,100,132,0.7575757575757576,5.607750523444407
from_ipod,plain_graph_always,17,101,132,0.7651515151515151,5.610795440522031
from_ipod,plain_graph_always,17,102,132,0.7727272727272727,5.594419913379792
from_ipod,plain_graph_always,17,103,132,0.7803030303030303,5.581450561195505
from_ipod,plain_graph_always,17,104,132,0.7878787878787878,5.588172688926974
from_ipod,plain_graph_always,17,105,132,0.7954545454545454,5.574640304813823
from_ipod,plain_graph_always,17,106,132,0.803030303030303,5.575997433847867
from_ipod,plain_graph_always,17,107,132,0.8106060606060606,5.550752710603188
from_ipod,plain_graph_always,17,108,132,0.8181818181818182,5.5765650548950605
from_ipod,plain_graph_always,17,109,132,0.8257575757575758,5.587961137779337
from_ipod,plain_graph_always,17,110,132,0.8333333333333334,5.562454801781107
from_ipod,plain_graph_always,17,111,132,0.8409090909090909,5.548549870318969
from_ipod,plain_graph_always,17,112,132,0.8484848484848485,5.518607236113124
from_ipod,plain_graph_always,17,113,132,0.8560606060606061,5.520332519357066
from_ipod,plain_graph_always,17,114,132,0.8636363636363636,5.4861636149977375
from_ipod,plain_graph_always,17,115,132,0.8712121212121212,5.451160392262
from_ipod,plain_graph_always,17,116,132,0.8787878787878788,5.443042526416857
from_ipod,plain_graph_always,17,117,132,0.8863636363636364,5.438530184097536
from_ipod,plain_graph_always,17,118,132,0.8939393939393939,5.438895397963782
from_ipod,plain_graph_always,17,119,132,0.9015151515151515,5.424157785073404
from_ipod,plain_graph_always,17,120,132,0.9090909090909091,5.411609420743604
from_ipod,plain_graph_always,17,121,132,0.9166666666666666,5.4105704630950555
from_ipod,plain_graph_always,17,122,132,0.9242424242424242,5.3857110663660315
from_ipod,plain_graph_always,17,123,132,0.9318181818181818,5.408757070428208
from_ipod,plain_graph_always,17,124,132,0.9393939393939394,5.39879968969303
from_ipod,plain_graph_always,17,125,132,0.946969696969697,5.372907761937904
from_ipod,plain_graph_always,17,126,132,0.9545454545454546,5.3395765117528535
from_ipod,plain_graph_always,17,127,132,0.9621212121212122,5.315151999411563
from_ipod,plain_graph_always,17,128,132,0.9696969696969697,5.296249557926355
from_ipod,plain_graph_always,17,129,132,0.9772727272727273,5.285695790929572
from_ipod,plain_graph_always,17,130,132,0.9848484848484849,5.2771455223086265
from_ipod,plain_graph_always,17,131,132,0.9924242424242424,5.254421763909537
from_ipod,plain_graph_always,17,132,132,1.0,5.231635553776558
from_ipod,mixture_graph_always,29,1,132,0.007575757575757576,4.355856756473403
from_ipod,mixture_graph_always,29,2,132,0.015151515151515152,3.8340086624168634
from_ipod,mixture_graph_always,29,3,132,0.022727272727272728,4.400303397750393
from_ipod,mixture_graph_always,29,4,132,0.030303030303030304,5.186173039811843
from_ipod,mixture_graph_always,29,5,132,0.03787878787878788,5.207588224962314
from_ipod,mixture_graph_always,29,6,132,0.045454545454545456,5.393765396056341
from_ipod,mixture_graph_always,29,7,132,0.05303030303030303,5.508815182028298
from_ipod,mixture_graph_always,29,8,132,0.06060606060606061,5.155300765818462
from_ipod,mixture_graph_always,29,9,132,0.06818181818181818,5.160526511824889
from_ipod,mixture_graph_always,29,10,132,0.07575757575757576,4.9404476284483625
from_ipod,mixture_graph_always,29,11,132,0.08333333333333333,5.430929779361151
from_ipod,mixture_graph_always,29,12,132,0.09090909090909091,5.146757373038762
from_ipod,mixture_graph_always,29,13,132,0.09848484848484848,5.246703717253316
from_ipod,mixture_graph_always,29,14,132,0.10606060606060606,4.984415433925028
from_ipod,mixture_graph_always,29,15,132,0.11363636363636363,5.060115644245263
from_ipod,mixture_graph_always,29,16,132,0.12121212121212122,5.06066178199905
from_ipod,mixture_graph_always,29,17,132,0.12878787878787878,5.2533708022050805
from_ipod,mixture_graph_always,29,18,132,0.13636363636363635,5.260132242197996
from_ipod,mixture_graph_always,29,19,132,0.14393939393939395,5.618673554507541
from_ipod,mixture_graph_always,29,20,132,0.15151515151515152,5.777029632499549
from_ipod,mixture_graph_always,29,21,132,0.1590909090909091,5.758080674183931
from_ipod,mixture_graph_always,29,22,132,0.16666666666666666,5.948748835169698
from_ipod,mixture_graph_always,29,23,132,0.17424242424242425,5.958224293749083
from_ipod,mixture_graph_always,29,24,132,0.18181818181818182,5.893653628386808
from_ipod,mixture_graph_always,29,25,132,0.1893939393939394,5.838926270230992
from_ipod,mixture_graph_always,29,26,132,0.19696969696969696,5.859155790648641
from_ipod,mixture_graph_always,29,27,132,0.20454545454545456,5.896829570643271
from_ipod,mixture_graph_always,29,28,132,0.21212121212121213,5.867281220922541
from_ipod,mixture_graph_always,29,29,132,0.2196969696969697,5.908753566752066
from_ipod,mixture_graph_always,29,30,132,0.22727272727272727,5.905773126914118
from_ipod,mixture_graph_always,29,31,132,0.23484848484848486,5.881239123514896
from_ipod,mixture_graph_always,29,32,132,0.24242424242424243,5.963189119732371
from_ipod,mixture_graph_always,29,33,132,0.25,5.931900398274809
from_ipod,mixture_graph_always,29,34,132,0.25757575757575757,5.8927386494609415
from_ipod,mixture_graph_always,29,35,132,0.26515151515151514,5.8339364765591695
from_ipod,mixture_graph_always,29,36,132,0.2727272727272727,5.774831531620498
from_ipod,mixture_graph_always,29,37,132,0.2803030303030303,5.7478933184940555
from_ipod,mixture_graph_always,29,38,132,0.2878787878787879,5.715018593856574
from_ipod,mixture_graph_always,29,39,132,0.29545454545454547,5.723194843162008
from_ipod,mixture_graph_always,29,40,132,0.30303030303030304,5.7247083859655445
from_ipod,mixture_graph_always,29,41,132,0.3106060606060606,5.789619565818489
from_ipod,mixture_graph_always,29,42,132,0.3181818181818182,5.86403557026869
from_ipod,mixture_graph_always,29,43,132,0.32575757575757575,5.903296193232712
from_ipod,mixture_graph_always,29,44,132,0.3333333333333333,5.820646880717967
from_ipod,mixture_graph_always,29,45,132,0.3409090909090909,5.880156063301211
from_ipod,mixture_graph_always,29,46,132,0.3484848484848485,5.861230809883124
from_ipod,mixture_graph_always,29,47,132,0.3560606060606061,5.824670482836903
from_ipod,mixture_graph_always,29,48,132,0.36363636363636365,5.83180026645777
from_ipod,mixture_graph_always,29,49,132,0.3712121212121212,5.8537664599239
from_ipod,mixture_graph_always,29,50,132,0.3787878787878788,5.821947889505537
from_ipod,mixture_graph_always,29,51,132,0.38636363636363635,5.909050564152123
from_ipod,mixture_graph_always,29,52,132,0.3939393939393939,5.991722530810606
from_ipod,mixture_graph_always,29,53,132,0.4015151515151515,5.943640376631907
from_ipod,mixture_graph_always,29,54,132,0.4090909090909091,5.961540241808633
from_ipod,mixture_graph_always,29,55,132,0.4166666666666667,6.035171817710204
from_ipod,mixture_graph_always,29,56,132,0.42424242424242425,6.007010914995041
from_ipod,mixture_graph_always,29,57,132,0.4318181818181818,5.996662034297363
from_ipod,mixture_graph_always,29,58,132,0.4393939393939394,5.998748611853862
from_ipod,mixture_graph_always,29,59,132,0.44696969696969696,5.974673360523966
from_ipod,mixture_graph_always,29,60,132,0.45454545454545453,6.034359961210205
from_ipod,mixture_graph_always,29,61,132,0.4621212121212121,6.055468618172776
from_ipod,mixture_graph_always,29,62,132,0.4696969696969697,6.0070719024396935
from_ipod,mixture_graph_always,29,63,132,0.4772727272727273,6.019587530370196
from_ipod,mixture_graph_always,29,64,132,0.48484848484848486,6.0356549819174825
from_ipod,mixture_graph_always,29,65,132,0.49242424242424243,6.017574374141051
from_ipod,mixture_graph_always,29,66,132,0.5,6.008950282770414
from_ipod,mixture_graph_always,29,67,132,0.5075757575757576,5.988057773100407
from_ipod,mixture_graph_always,29,68,132,0.5151515151515151,6.025467034527487
from_ipod,mixture_graph_always,29,69,132,0.5227272727272727,6.014948489445823
from_ipod,mixture_graph_always,29,70,132,0.5303030303030303,6.004477724145252
from_ipod,mixture_graph_always,29,71,132,0.5378787878787878,6.001270244671145
from_ipod,mixture_graph_always,29,72,132,0.5454545454545454,6.026298107753821
from_ipod,mixture_graph_always,29,73,132,0.553030303030303,6.041663019467525
from_ipod,mixture_graph_always,29,74,132,0.5606060606060606,6.015469220729952
from_ipod,mixture_graph_always,29,75,132,0.5681818181818182,6.011400060849112
from_ipod,mixture_graph_always,29,76,132,0.5757575757575758,6.016597437598553
from_ipod,mixture_graph_always,29,77,132,0.5833333333333334,5.967315473416246
from_ipod,mixture_graph_always,29,78,132,0.5909090909090909,5.937482608888674
from_ipod,mixture_graph_always,29,79,132,0.5984848484848485,6.001151282508937
from_ipod,mixture_graph_always,29,80,132,0.6060606060606061,6.005330053060698
from_ipod,mixture_graph_always,29,81,132,0.6136363636363636,6.050859313504552
from_ipod,mixture_graph_always,29,82,132,0.6212121212121212,6.02423973526275
from_ipod,mixture_graph_always,29,83,132,0.6287878787878788,6.000563309021966
from_ipod,mixture_graph_always,29,84,132,0.6363636363636364,5.986426706843843
from_ipod,mixture_graph_always,29,85,132,0.6439393939393939,5.956714501111272
from_ipod,mixture_graph_always,29,86,132,0.6515151515151515,5.961910175919597
from_ipod,mixture_graph_always,29,87,132,0.6590909090909091,5.937027265098292
from_ipod,mixture_graph_always,29,88,132,0.6666666666666666,5.912661109886795
from_ipod,mixture_graph_always,29,89,132,0.6742424242424242,5.878113636172455
from_ipod,mixture_graph_always,29,90,132,0.6818181818181818,5.85533861354643
from_ipod,mixture_graph_always,29,91,132,0.6893939393939394,5.832140373521851
from_ipod,mixture_graph_always,29,92,132,0.696969696969697,5.85055280558124
from_ipod,mixture_graph_always,29,93,132,0.7045454545454546,5.849122865012083
from_ipod,mixture_graph_always,29,94,132,0.7121212121212122,5.811701518184957
from_ipod,mixture_graph_always,29,95,132,0.7196969696969697,5.826663164692194
from_ipod,mixture_graph_always,29,96,132,0.7272727272727273,5.809708574065205
from_ipod,mixture_graph_always,29,97,132,0.7348484848484849,5.803649442433057
from_ipod,mixture_graph_always,29,98,132,0.7424242424242424,5.77259617375022
from_ipod,mixture_graph_always,29,99,132,0.75,5.756280985596254
from_ipod,mixture_graph_always,29,100,132,0.7575757575757576,5.818008120489669
from_ipod,mixture_graph_always,29,101,132,0.7651515151515151,5.81844396633292
from_ipod,mixture_graph_always,29,102,132,0.7727272727272727,5.824683686454827
from_ipod,mixture_graph_always,29,103,132,0.7803030303030303,5.870908274014047
from_ipod,mixture_graph_always,29,104,132,0.7878787878787878,5.851577459091006
from_ipod,mixture_graph_always,29,105,132,0.7954545454545454,5.847670980851347
from_ipod,mixture_graph_always,29,106,132,0.803030303030303,5.870496389517188
from_ipod,mixture_graph_always,29,107,132,0.8106060606060606,5.894722474784307
from_ipod,mixture_graph_always,29,108,132,0.8181818181818182,5.884049910931568
from_ipod,mixture_graph_always,29,109,132,0.8257575757575758,5.868210057759976
from_ipod,mixture_graph_always,29,110,132,0.8333333333333334,5.840297791241383
from_ipod,mixture_graph_always,29,111,132,0.8409090909090909,5.822769231053614
from_ipod,mixture_graph_always,29,112,132,0.8484848484848485,5.795599570970963
from_ipod,mixture_graph_always,29,113,132,0.8560606060606061,5.752548513059466
from_ipod,mixture_graph_always,29,114,132,0.8636363636363636,5.737431515690217
from_ipod,mixture_graph_always,29,115,132,0.8712121212121212,5.720243949299554
from_ipod,mixture_graph_always,29,116,132,0.8787878787878788,5.689453500743811
from_ipod,mixture_graph_always,29,117,132,0.8863636363636364,5.667325447738758
from_ipod,mixture_graph_always,29,118,132,0.8939393939393939,5.659180287369101
from_ipod,mixture_graph_always,29,119,132,0.9015151515151515,5.639840145805304
from_ipod,mixture_graph_always,29,120,132,0.9090909090909091,5.616921453824359
from_ipod,mixture_graph_always,29,121,132,0.9166666666666666,5.583646538754298
from_ipod,mixture_graph_always,29,122,132,0.9242424242424242,5.5671213801673645
from_ipod,mixture_graph_always,29,123,132,0.9318181818181818,5.564210286519366
from_ipod,mixture_graph_always,29,124,132,0.9393939393939394,5.534005699228872
from_ipod,mixture_graph_always,29,125,132,0.946969696969697,5.513677857531791
from_ipod,mixture_graph_always,29,126,132,0.9545454545454546,5.48887600397757
from_ipod,mixture_graph_always,29,127,132,0.9621212121212122,5.473594501700026
from_ipod,mixture_graph_always,29,128,132,0.9696969696969697,5.481229320375615
from_ipod,mixture_graph_always,29,129,132,0.9772727272727273,5.474513672905587
from_ipod,mixture_graph_always,29,130,132,0.9848484848484849,5.462370444080143
from_ipod,mixture_graph_always,29,131,132,0.9924242424242424,5.441737293408931
from_ipod,mixture_graph_always,29,132,132,1.0,5.42009147081765
from_ipod,mixture_graph_drop,29,1,132,0.007575757575757576,7.252491920070368
from_ipod,mixture_graph_drop,29,2,132,0.015151515151515152,6.664211436757124
from_ipod,mixture_graph_drop,29,3,132,0.022727272727272728,6.910777607038395
from_ipod,mixture_graph_drop,29,4,132,0.030303030303030304,6.603417715132994
from_ipod,mixture_graph_drop,29,5,132,0.03787878787878788,6.938830149342873
from_ipod,mixture_graph_drop,29,6,132,0.045454545454545456,6.4011542643295885
from_ipod,mixture_graph_drop,29,7,132,0.05303030303030303,6.347164730075984
from_ipod,mixture_graph_drop,29,8,132,0.06060606060606061,6.4809444355693016
from_ipod,mixture_graph_drop,29,9,132,0.06818181818181818,6.373012499383739
from_ipod,mixture_graph_drop,29,10,132,0.07575757575757576,6.337330096397068
from_ipod,mixture_graph_drop,29,11,132,0.08333333333333333,6.2848944581155175
from_ipod,mixture_graph_drop,29,12,132,0.09090909090909091,6.4519970402897675
from_ipod,mixture_graph_drop,29,13,132,0.09848484848484848,6.323537923147049
from_ipod,mixture_graph_drop,29,14,132,0.10606060606060606,6.341866918336484
from_ipod,mixture_graph_drop,29,15,132,0.11363636363636363,6.550730891385185
from_ipod,mixture_graph_drop,29,16,132,0.12121212121212122,6.488674144605104
from_ipod,mixture_graph_drop,29,17,132,0.12878787878787878,6.440674422984929
from_ipod,mixture_graph_drop,29,18,132,0.13636363636363635,6.450316271369061
from_ipod,mixture_graph_drop,29,19,132,0.14393939393939395,6.601360639758553
from_ipod,mixture_graph_drop,29,20,132,0.15151515151515152,6.358514712349377
from_ipod,mixture_graph_drop,29,21,132,0.1590909090909091,6.300456976606233
from_ipod,mixture_graph_drop,29,22,132,0.16666666666666666,6.131215109080973
from_ipod,mixture_graph_drop,29,23,132,0.17424242424242425,6.054100011627987
from_ipod,mixture_graph_drop,29,24,132,0.18181818181818182,6.087787337478377
from_ipod,mixture_graph_drop,29,25,132,0.1893939393939394,6.1091772093879095
from_ipod,mixture_graph_drop,29,26,132,0.19696969696969696,6.04084498584189
from_ipod,mixture_graph_drop,29,27,132,0.20454545454545456,6.016167365380765
from_ipod,mixture_graph_drop,29,28,132,0.21212121212121213,6.196251770570482
from_ipod,mixture_graph_drop,29,29,132,0.2196969696969697,6.176608280482989
from_ipod,mixture_graph_drop,29,30,132,0.22727272727272727,6.146605941558591
from_ipod,mixture_graph_drop,29,31,132,0.23484848484848486,6.105015375077448
from_ipod,mixture_graph_drop,29,32,132,0.24242424242424243,6.107557470948551
from_ipod,mixture_graph_drop,29,33,132,0.25,6.104443160141538
from_ipod,mixture_graph_drop,29,34,132,0.25757575757575757,6.192065801523966
from_ipod,mixture_graph_drop,29,35,132,0.26515151515151514,6.083785957683695
from_ipod,mixture_graph_drop,29,36,132,0.2727272727272727,6.109294773472319
from_ipod,mixture_graph_drop,29,37,132,0.2803030303030303,6.091477746864199
from_ipod,mixture_graph_drop,29,38,132,0.2878787878787879,6.101464941192733
from_ipod,mixture_graph_drop,29,39,132,0.29545454545454547,6.149439860062074
from_ipod,mixture_graph_drop,29,40,132,0.30303030303030304,6.086121350305489
from_ipod,mixture_graph_drop,29,41,132,0.3106060606060606,6.070330451188298
from_ipod,mixture_graph_drop,29,42,132,0.3181818181818182,6.136517128978285
from_ipod,mixture_graph_drop,29,43,132,0.32575757575757575,6.152023139412141
from_ipod,mixture_graph_drop,29,44,132,0.3333333333333333,6.125944262820695
from_ipod,mixture_graph_drop,29,45,132,0.3409090909090909,6.059347860665619
from_ipod,mixture_graph_drop,29,46,132,0.3484848484848485,6.030039244750101
from_ipod,mixture_graph_drop,29,47,132,0.3560606060606061,6.0599873941728655
from_ipod,mixture_graph_drop,29,48,132,0.36363636363636365,6.088274242246848
from_ipod,mixture_graph_drop,29,49,132,0.3712121212121212,6.071319396106127
from_ipod,mixture_graph_drop,29,50,132,0.3787878787878788,6.075067197151182
from_ipod,mixture_graph_drop,29,51,132,0.38636363636363635,6.089948811783084
from_ipod,mixture_graph_drop,29,52,132,0.3939393939393939,6.1590573124728865
from_ipod,mixture_graph_drop,29,53,132,0.4015151515151515,6.118675808467723
from_ipod,mixture_graph_drop,29,54,132,0.4090909090909091,6.0970631887808215
from_ipod,mixture_graph_drop,29,55,132,0.4166666666666667,6.083145439042079
from_ipod,mixture_graph_drop,29,56,132,0.42424242424242425,6.094484198339825
from_ipod,mixture_graph_drop,29,57,132,0.4318181818181818,6.080092051587472
from_ipod,mixture_graph_drop,29,58,132,0.4393939393939394,6.151021930673313
from_ipod,mixture_graph_drop,29,59,132,0.44696969696969696,6.188230974124214
from_ipod,mixture_graph_drop,29,60,132,0.45454545454545453,6.202646917931173
from_ipod,mixture_graph_drop,29,61,132,0.4621212121212121,6.217952409520251
from_ipod,mixture_graph_drop,29,62,132,0.4696969696969697,6.237144620392587
from_ipod,mixture_graph_drop,29,63,132,0.4772727272727273,6.258989575929668
from_ipod,mixture_graph_drop,29,64,132,0.48484848484848486,6.3293096887781335
from_ipod,mixture_graph_drop,29,65,132,0.49242424242424243,6.331105949098341
from_ipod,mixture_graph_drop,29,66,132,0.5,6.307918069509922
from_ipod,mixture_graph_drop,29,67,132,0.5075757575757576,6.321526202817675
from_ipod,mixture_graph_drop,29,68,132,0.5151515151515151,6.336203020796359
from_ipod,mixture_graph_drop,29,69,132,0.5227272727272727,6.271535224294411
from_ipod,mixture_graph_drop,29,70,132,0.5303030303030303,6.305356203137806
from_ipod,mixture_graph_drop,29,71,132,0.5378787878787878,6.266073087482584
from_ipod,mixture_graph_drop,29,72,132,0.5454545454545454,6.206791239855723
from_ipod,mixture_graph_drop,29,73,132,0.553030303030303,6.212338954645522
from_ipod,mixture_graph_drop,29,74,132,0.5606060606060606,6.195807548572715
from_ipod,mixture_graph_drop,29,75,132,0.5681818181818182,6.206446175172199
from_ipod,mixture_graph_drop,29,76,132,0.5757575757575758,6.187489550127871
from_ipod,mixture_graph_drop,29,77,132,0.5833333333333334,6.162093712244923
from_ipod,mixture_graph_drop,29,78,132,0.5909090909090909,6.248438647283804
from_ipod,mixture_graph_drop,29,79,132,0.5984848484848485,6.212087019615561
from_ipod,mixture_graph_drop,29,80,132,0.6060606060606061,6.189938673970131
from_ipod,mixture_graph_drop,29,81,132,0.6136363636363636,6.180289033073909
from_ipod,mixture_graph_drop,29,82,132,0.6212121212121212,6.186388139407658
from_ipod,mixture_graph_drop,29,83,132,0.6287878787878788,6.16495353662377
from_ipod,mixture_graph_drop,29,84,132,0.6363636363636364,6.22827436615522
from_ipod,mixture_graph_drop,29,85,132,0.6439393939393939,6.209096650402476
from_ipod,mixture_graph_drop,29,86,132,0.6515151515151515,6.226230421293784
from_ipod,mixture_graph_drop,29,87,132,0.6590909090909091,6.211391504565366
from_ipod,mixture_graph_drop,29,88,132,0.6666666666666666,6.268540723648808
from_ipod,mixture_graph_drop,29,89,132,0.6742424242424242,6.275465778761201
from_ipod,mixture_graph_drop,29,90,132,0.6818181818181818,6.262078429852545
from_ipod,mixture_graph_drop,29,91,132,0.6893939393939394,6.307681900783234
from_ipod,mixture_graph_drop,29,92,132,0.696969696969697,6.305854409818191
from_ipod,mixture_graph_drop,29,93,132,0.7045454545454546,6.298972683034974
from_ipod,mixture_graph_drop,29,94,132,0.7121212121212122,6.2822401888877994
from_ipod,mixture_graph_drop,29,95,132,0.7196969696969697,6.330578609518125
from_ipod,mixture_graph_drop,29,96,132,0.7272727272727273,6.290709151486005
from_ipod,mixture_graph_drop,29,97,132,0.7348484848484849,6.268916135790027
from_ipod,mixture_graph_drop,29,98,132,0.7424242424242424,6.249764227296472
from_ipod,mixture_graph_drop,29,99,132,0.75,6.25540088066499
from_ipod,mixture_graph_drop,29,100,132,0.7575757575757576,6.247313127911561
from_ipod,mixture_graph_drop,29,101,132,0.7651515151515151,6.227827989701828
from_ipod,mixture_graph_drop,29,102,132,0.7727272727272727,6.225241830535836
from_ipod,mixture_graph_drop,29,103,132,0.7803030303030303,6.203585932364511
from_ipod,mixture_graph_drop,29,104,132,0.7878787878787878,6.190080441252261
from_ipod,mixture_graph_drop,29,105,132,0.7954545454545454,6.191548873761689
from_ipod,mixture_graph_drop,29,106,132,0.803030303030303,6.183959383056058
from_ipod,mixture_graph_drop,29,107,132,0.8106060606060606,6.18252407149083
from_ipod,mixture_graph_drop,29,108,132,0.8181818181818182,6.179898079955068
from_ipod,mixture_graph_drop,29,109,132,0.8257575757575758,6.153597611005808
from_ipod,mixture_graph_drop,29,110,132,0.8333333333333334,6.126208192627243
from_ipod,mixture_graph_drop,29,111,132,0.8409090909090909,6.152808031417697
from_ipod,mixture_graph_drop,29,112,132,0.8484848484848485,6.139365576783298
from_ipod,mixture_graph_drop,29,113,132,0.8560606060606061,6.127316993354588
from_ipod,mixture_graph_drop,29,114,132,0.8636363636363636,6.127558169868383
from_ipod,mixture_graph_drop,29,115,132,0.8712121212121212,6.097135844435553
from_ipod,mixture_graph_drop,29,116,132,0.8787878787878788,6.114486338537493
from_ipod,mixture_graph_drop,29,117,132,0.8863636363636364,6.101218856226564
from_ipod,mixture_graph_drop,29,118,132,0.8939393939393939,6.130147784300356
from_ipod,mixture_graph_drop,29,119,132,0.9015151515151515,6.112140260156502
from_ipod,mixture_graph_drop,29,120,132,0.9090909090909091,6.089521972777876
from_ipod,mixture_graph_drop,29,121,132,0.9166666666666666,6.089534885049377
from_ipod,mixture_graph_drop,29,122,132,0.9242424242424242,6.077587121895368
from_ipod,mixture_graph_drop,29,123,132,0.9318181818181818,6.071662219336012
from_ipod,mixture_graph_drop,29,124,132,0.9393939393939394,6.049041087896641
from_ipod,mixture_graph_drop,29,125,132,0.946969696969697,6.067234215653155
from_ipod,mixture_graph_drop,29,126,132,0.9545454545454546,6.0486754891534185
from_ipod,mixture_graph_drop,29,127,132,0.9621212121212122,6.021305233092191
from_ipod,mixture_graph_drop,29,128,132,0.9696969696969697,5.9928349715097
from_ipod,mixture_graph_drop,29,129,132,0.9772727272727273,5.964925023817346
from_ipod,mixture_graph_drop,29,130,132,0.9848484848484849,5.945642724281838
from_ipod,mixture_graph_drop,29,131,132,0.9924242424242424,5.92019670161788
from_ipod,mixture_graph_drop,29,132,132,1.0,5.893804353771888
from_ipod,mixture_conv_drop,29,1,132,0.007575757575757576,7.29392957689911
from_ipod,mixture_conv_drop,29,2,132,0.015151515151515152,6.549470857940646
from_ipod,mixture_conv_drop,29,3,132,0.022727272727272728,6.275101771892156
from_ipod,mixture_conv_drop,29,4,132,0.030303030303030304,6.33882755421171
from_ipod,mixture_conv_drop,29,5,132,0.03787878787878788,6.716408878169569
from_ipod,mixture_conv_drop,29,6,132,0.045454545454545456,7.133658075025145
from_ipod,mixture_conv_drop,29,7,132,0.05303030303030303,7.504041413836457
from_ipod,mixture_conv_drop,29,8,132,0.06060606060606061,7.625808883309354
from_ipod,mixture_conv_drop,29,9,132,0.06818181818181818,6.949332901155735
from_ipod,mixture_conv_drop,29,10,132,0.07575757575757576,6.854693899916408
from_ipod,mixture_conv_drop,29,11,132,0.08333333333333333,6.765477120362342
from_ipod,mixture_conv_drop,29,12,132,0.09090909090909091,6.624731056394384
from_ipod,mixture_conv_drop,29,13,132,0.09848484848484848,6.412159007701932
from_ipod,mixture_conv_drop,29,14,132,0.10606060606060606,6.389642261359862
from_ipod,mixture_conv_drop,29,15,132,0.11363636363636363,6.456928452030794
from_ipod,mixture_conv_drop,29,16,132,0.12121212121212122,6.40343661945963
from_ipod,mixture_conv_drop,29,17,132,0.12878787878787878,6.621740519350742
from_ipod,mixture_conv_drop,29,18,132,0.13636363636363635,6.769886003464107
from_ipod,mixture_conv_drop,29,19,132,0.14393939393939395,6.875446452094152
from_ipod,mixture_conv_drop,29,20,132,0.15151515151515152,6.774312701696407
from_ipod,mixture_conv_drop,29,21,132,0.1590909090909091,6.5713252598316565
from_ipod,mixture_conv_drop,29,22,132,0.16666666666666666,6.412206468377766
from_ipod,mixture_conv_drop,29,23,132,0.17424242424242425,6.619180586895027
from_ipod,mixture_conv_drop,29,24,132,0.18181818181818182,6.579083392586497
from_ipod,mixture_conv_drop,29,25,132,0.1893939393939394,6.618490823794441
from_ipod,mixture_conv_drop,29,26,132,0.19696969696969696,6.57043781782831
from_ipod,mixture_conv_drop,29,27,132,0.20454545454545456,6.489969241876598
from_ipod,mixture_conv_drop,29,28,132,0.21212121212121213,6.456407122124006
from_ipod,mixture_conv_drop,29,29,132,0.2196969696969697,6.488944798388494
from_ipod,mixture_conv_drop,29,30,132,0.22727272727272727,6.502901713771329
from_ipod,mixture_conv_drop,29,31,132,0.23484848484848486,6.5193616251992506
from_ipod,mixture_conv_drop,29,32,132,0.24242424242424243,6.52228104009218
from_ipod,mixture_conv_drop,29,33,132,0.25,6.556230526606517
from_ipod,mixture_conv_drop,29,34,132,0.25757575757575757,6.560577801135489
from_ipod,mixture_conv_drop,29,35,132,0.26515151515151514,6.52627119222458
from_ipod,mixture_conv_drop,29,36,132,0.2727272727272727,6.5159606918048025
from_ipod,mixture_conv_drop,29,37,132,0.2803030303030303,6.485484217193687
from_ipod,mixture_conv_drop,29,38,132,0.2878787878787879,6.549483684531736
from_ipod,mixture_conv_drop,29,39,132,0.29545454545454547,6.512404412547015
from_ipod,mixture_conv_drop,29,40,132,0.30303030303030304,6.538696999645104
from_ipod,mixture_conv_drop,29,41,132,0.3106060606060606,6.486133449953758
from_ipod,mixture_conv_drop,29,42,132,0.3181818181818182,6.4808218765675925
from_ipod,mixture_conv_drop,29,43,132,0.32575757575757575,6.469393922367671
from_ipod,mixture_conv_drop,29,44,132,0.3333333333333333,6.387831802955202
from_ipod,mixture_conv_drop,29,45,132,0.3409090909090909,6.361353966301331
from_ipod,mixture_conv_drop,29,46,132,0.3484848484848485,6.363715676087685
from_ipod,mixture_conv_drop,29,47,132,0.3560606060606061,6.447659912037435
from_ipod,mixture_conv_drop,29,48,132,0.36363636363636365,6.586396351771609
from_ipod,mixture_conv_drop,29,49,132,0.3712121212121212,6.560710370772052
from_ipod,mixture_conv_drop,29,50,132,0.3787878787878788,6.473585147434718
from_ipod,mixture_conv_drop,29,51,132,0.38636363636363635,6.434119297999005
from_ipod,mixture_conv_drop,29,52,132,0.3939393939393939,6.531611346772234
from_ipod,mixture_conv_drop,29,53,132,0.4015151515151515,6.508886529740348
from_ipod,mixture_conv_drop,29,54,132,0.4090909090909091,6.435688767282778
from_ipod,mixture_conv_drop,29,55,132,0.4166666666666667,6.448092038338834
from_ipod,mixture_conv_drop,29,56,132,0.42424242424242425,6.540313671009561
from_ipod,mixture_conv_drop,29,57,132,0.4318181818181818,6.519461234914501
from_ipod,mixture_conv_drop,29,58,132,0.4393939393939394,6.515592637108399
from_ipod,mixture_conv_drop,29,59,132,0.44696969696969696,6.529231122551779
from_ipod,mixture_conv_drop,29,60,132,0.45454545454545453,6.5333430541287525
from_ipod,mixture_conv_drop,29,61,132,0.4621212121212121,6.541328746881946
from_ipod,mixture_conv_drop,29,62,132,0.4696969696969697,6.517603916751877
from_ipod,mixture_conv_drop,29,63,132,0.4772727272727273,6.4890553864762
from_ipod,mixture_conv_drop,29,64,132,0.48484848484848486,6.492555860883979
from_ipod,mixture_conv_drop,29,65,132,0.49242424242424243,6.5118641054063175
from_ipod,mixture_conv_drop,29,66,132,0.5,6.442697357913599
from_ipod,mixture_conv_drop,29,67,132,0.5075757575757576,6.41698409842076
from_ipod,mixture_conv_drop,29,68,132,0.5151515151515151,6.433134765249633
from_ipod,mixture_conv_drop,29,69,132,0.5227272727272727,6.400255084687939
from_ipod,mixture_conv_drop,29,70,132,0.5303030303030303,6.401615522807786
from_ipod,mixture_conv_drop,29,71,132,0.5378787878787878,6.4124270177098595
from_ipod,mixture_conv_drop,29,72,132,0.5454545454545454,6.395199931115069
from_ipod,mixture_conv_drop,29,73,132,0.553030303030303,6.36779916430054
from_ipod,mixture_conv_drop,29,74,132,0.5606060606060606,6.368939575484857
from_ipod,mixture_conv_drop,29,75,132,0.5681818181818182,6.3414171000120945
from_ipod,mixture_conv_drop,29,76,132,0.5757575757575758,6.309976317859984
from_ipod,mixture_conv_drop,29,77,132,0.5833333333333334,6.364837940387673
from_ipod,mixture_conv_drop,29,78,132,0.5909090909090909,6.418568208040478
from_ipod,mixture_conv_drop,29,79,132,0.5984848484848485,6.401536791895546
from_ipod,mixture_conv_drop,29,80,132,0.6060606060606061,6.412084643437645
from_ipod,mixture_conv_drop,29,81,132,0.6136363636363636,6.392019652169268
from_ipod,mixture_conv_drop,29,82,132,0.6212121212121212,6.381675905377755
from_ipod,mixture_conv_drop,29,83,132,0.6287878787878788,6.362853967038367
from_ipod,mixture_conv_drop,29,84,132,0.6363636363636364,6.3473243026978325
from_ipod,mixture_conv_drop,29,85,132,0.6439393939393939,6.362394234310135
from_ipod,mixture_conv_drop,29,86,132,0.6515151515151515,6.360982801023912
from_ipod,mixture_conv_drop,29,87,132,0.6590909090909091,6.38446464100901
from_ipod,mixture_conv_drop,29,88,132,0.6666666666666666,6.370538176842601
from_ipod,mixture_conv_drop,29,89,132,0.6742424242424242,6.3760262886011
from_ipod,mixture_conv_drop,29,90,132,0.6818181818181818,6.373898469879939
from_ipod,mixture_conv_drop,29,91,132,0.6893939393939394,6.38403159720097
from_ipod,mixture_conv_drop,29,92,132,0.696969696969697,6.372950052491224
from_ipod,mixture_conv_drop,29,93,132,0.7045454545454546,6.396351070015764
from_ipod,mixture_conv_drop,29,94,132,0.7121212121212122,6.377862716508625
from_ipod,mixture_conv_drop,29,95,132,0.7196969696969697,6.42451358996755
from_ipod,mixture_conv_drop,29,96,132,0.7272727272727273,6.4002513562877
from_ipod,mixture_conv_drop,29,97,132,0.7348484848484849,6.376123687875733
from_ipod,mixture_conv_drop,29,98,132,0.7424242424242424,6.37477674315865
from_ipod,mixture_conv_drop,29,99,132,0.75,6.366459134043585
from_ipod,mixture_conv_drop,29,100,132,0.7575757575757576,6.371073767075041
from_ipod,mixture_conv_drop,29,101,132,0.7651515151515151,6.348737358942618
from_ipod,mixture_conv_drop,29,102,132,0.7727272727272727,6.310245738918634
from_ipod,mixture_conv_drop,29,103,132,0.7803030303030303,6.308495303173501
from_ipod,mixture_conv_drop,29,104,132,0.7878787878787878,6.298887135212178
from_ipod,mixture_conv_drop,29,105,132,0.7954545454545454,6.27955209689881
from_ipod,mixture_conv_drop,29,106,132,0.803030303030303,6.265575217370035
from_ipod,mixture_conv_drop,29,107,132,0.8106060606060606,6.251529240345268
from_ipod,mixture_conv_drop,29,108,132,0.8181818181818182,6.251812550352916
from_ipod,mixture_conv_drop,29,109,132,0.8257575757575758,6.238953923013496
from_ipod,mixture_conv_drop,29,110,132,0.8333333333333334,6.220002932598408
from_ipod,mixture_conv_drop,29,111,132,0.8409090909090909,6.21748003527169
from_ipod,mixture_conv_drop,29,112,132,0.8484848484848485,6.18662024362867
from_ipod,mixture_conv_drop,29,113,132,0.8560606060606061,6.16209363485814
from_ipod,mixture_conv_drop,29,114,132,0.8636363636363636,6.187148390242163
from_ipod,mixture_conv_drop,29,115,132,0.8712121212121212,6.160540433885841
from_ipod,mixture_conv_drop,29,116,132,0.8787878787878788,6.189807540496341
from_ipod,mixture_conv_drop,29,117,132,0.8863636363636364,6.190061379201284
from_ipod,mixture_conv_drop,29,118,132,0.8939393939393939,6.170810638496746
from_ipod,mixture_conv_drop,29,119,132,0.9015151515151515,6.169384454200172
from_ipod,mixture_conv_drop,29,120,132,0.9090909090909091,6.156924149978075
from_ipod,mixture_conv_drop,29,121,132,0.9166666666666666,6.14208027348848
from_ipod,mixture_conv_drop,29,122,132,0.9242424242424242,6.1194672050287195
from_ipod,mixture_conv_drop,29,123,132,0.9318181818181818,6.112558214629316
from_ipod,mixture_conv_drop,29,124,132,0.9393939393939394,6.130449545996076
from_ipod,mixture_conv_drop,29,125,132,0.946969696969697,6.1084943215856935
from_ipod,mixture_conv_drop,29,126,132,0.9545454545454546,6.089927225670892
from_ipod,mixture_conv_drop,29,127,132,0.9621212121212122,6.061543243952511
from_ipod,mixture_conv_drop,29,128,132,0.9696969696969697,6.033728568616093
from_ipod,mixture_conv_drop,29,129,132,0.9772727272727273,6.009643776426744
from_ipod,mixture_conv_drop,29,130,132,0.9848484848484849,5.990512550525329
from_ipod,mixture_conv_drop,29,131,132,0.9924242424242424,5.963085141257293
from_ipod,mixture_conv_drop,29,132,132,1.0,5.935293848546359
from_ipod,mixture_plain,29,1,132,0.007575757575757576,8.591736186213502
from_ipod,mixture_plain,29,2,132,0.015151515151515152,9.142492963207046
from_ipod,mixture_plain,29,3,132,0.022727272727272728,8.129589109261486
from_ipod,mixture_plain,29,4,132,0.030303030303030304,7.998498635762553
from_ipod,mixture_plain,29,5,132,0.03787878787878788,7.8856371631139925
from_ipod,mixture_plain,29,6,132,0.045454545454545456,7.49983593523361
from_ipod,mixture_plain,29,7,132,0.05303030303030303,6.829555906145086
from_ipod,mixture_plain,29,8,132,0.06060606060606061,6.711609387345696
from_ipod,mixture_plain,29,9,132,0.06818181818181818,6.568842210474022
from_ipod,mixture_plain,29,10,132,0.07575757575757576,6.518332733026432
from_ipod,mixture_plain,29,11,132,0.08333333333333333,6.271436401253593
from_ipod,mixture_plain,29,12,132,0.09090909090909091,6.301652766548357
from_ipod,mixture_plain,29,13,132,0.09848484848484848,6.236723108035635
from_ipod,mixture_plain,29,14,132,0.10606060606060606,6.1356106311704695
from_ipod,mixture_plain,29,15,132,0.11363636363636363,6.057327062561123
from_ipod,mixture_plain,29,16,132,0.12121212121212122,6.030736091637793
from_ipod,mixture_plain,29,17,132,0.12878787878787878,6.011153811286734
from_ipod,mixture_plain,29,18,132,0.13636363636363635,6.1739384159812305
from_ipod,mixture_plain,29,19,132,0.14393939393939395,6.268773371704339
from_ipod,mixture_plain,29,20,132,0.15151515151515152,6.294243817315058
from_ipod,mixture_plain,29,21,132,0.1590909090909091,6.526708980531133
from_ipod,mixture_plain,29,22,132,0.16666666666666666,6.480238616779076
from_ipod,mixture_plain,29,23,132,0.17424242424242425,6.438398886881004
from_ipod,mixture_plain,29,24,132,0.18181818181818182,6.348788823488672
from_ipod,mixture_plain,29,25,132,0.1893939393939394,6.167049380786438
from_ipod,mixture_plain,29,26,132,0.19696969696969696,6.142448147080127
from_ipod,mixture_plain,29,27,132,0.20454545454545456,6.168507186752064
from_ipod,mixture_plain,29,28,132,0.21212121212121213,6.182551887983645
from_ipod,mixture_plain,29,29,132,0.2196969696969697,6.184364946720508
from_ipod,mixture_plain,29,30,132,0.22727272727272727,6.28079662366846
from_ipod,mixture_plain,29,31,132,0.23484848484848486,6.220052724457493
from_ipod,mixture_plain,29,32,132,0.24242424242424243,6.216820662716601
from_ipod,mixture_plain,29,33,132,0.25,6.2261275169595285
from_ipod,mixture_plain,29,34,132,0.25757575757575757,6.310565202554578
from_ipod,mixture_plain,29,35,132,0.26515151515151514,6.40757289252309
from_ipod,mixture_plain,29,36,132,0.2727272727272727,6.32284421350727
from_ipod,mixture_plain,29,37,132,0.2803030303030303,6.274338238078391
from_ipod,mixture_plain,29,38,132,0.2878787878787879,6.246116399330232
from_ipod,mixture_plain,29,39,132,0.29545454545454547,6.288467787223545
from_ipod,mixture_plain,29,40,132,0.30303030303030304,6.318656336877296
from_ipod,mixture_plain,29,41,132,0.3106060606060606,6.369365538179552
from_ipod,mixture_plain,29,42,132,0.3181818181818182,6.392960071614433
from_ipod,mixture_plain,29,43,132,0.32575757575757575,6.404440211310443
from_ipod,mixture_plain,29,44,132,0.3333333333333333,6.38172164980225
from_ipod,mixture_plain,29,45,132,0.3409090909090909,6.359561950427192
from_ipod,mixture_plain,29,46,132,0.3484848484848485,6.310598742491793
from_ipod,mixture_plain,29,47,132,0.3560606060606061,6.215649080898361
from_ipod,mixture_plain,29,48,132,0.36363636363636365,6.190810090492479
from_ipod,mixture_plain,29,49,132,0.3712121212121212,6.19770326276481
from_ipod,mixture_plain,29,50,132,0.3787878787878788,6.168135989449768
from_ipod,mixture_plain,29,51,132,0.38636363636363635,6.180979129077867
from_ipod,mixture_plain,29,52,132,0.3939393939393939,6.191212721622274
from_ipod,mixture_plain,29,53,132,0.4015151515151515,6.167364377507884
from_ipod,mixture_plain,29,54,132,0.4090909090909091,6.186783757481988
from_ipod,mixture_plain,29,55,132,0.4166666666666667,6.208445109864806
from_ipod,mixture_plain,29,56,132,0.42424242424242425,6.186126815724633
from_ipod,mixture_plain,29,57,132,0.4318181818181818,6.206973942292806
from_ipod,mixture_plain,29,58,132,0.4393939393939394,6.228271741575074
from_ipod,mixture_plain,29,59,132,0.44696969696969696,6.202354995697049
from_ipod,mixture_plain,29,60,132,0.45454545454545453,6.185617826514933
from_ipod,mixture_plain,29,61,132,0.4621212121212121,6.134289356109073
from_ipod,mixture_plain,29,62,132,0.4696969696969697,6.1591776231872934
from_ipod,mixture_plain,29,63,132,0.4772727272727273,6.1617873188107595
from_ipod,mixture_plain,29,64,132,0.48484848484848486,6.102891597160119
from_ipod,mixture_plain,29,65,132,0.49242424242424243,6.089277541709769
from_ipod,mixture_plain,29,66,132,0.5,6.095979145206776
from_ipod,mixture_plain,29,67,132,0.5075757575757576,6.15688945914802
from_ipod,mixture_plain,29,68,132,0.5151515151515151,6.093883518010644
from_ipod,mixture_plain,29,69,132,0.5227272727272727,6.109543760418673
from_ipod,mixture_plain,29,70,132,0.5303030303030303,6.102666751208304
from_ipod,mixture_plain,29,71,132,0.5378787878787878,6.167831744727604
from_ipod,mixture_plain,29,72,132,0.5454545454545454,6.261554826430382
from_ipod,mixture_plain,29,73,132,0.553030303030303,6.275437352773475
from_ipod,mixture_plain,29,74,132,0.5606060606060606,6.256422192397874
from_ipod,mixture_plain,29,75,132,0.5681818181818182,6.2463345278449545
from_ipod,mixture_plain,29,76,132,0.5757575757575758,6.27677404818747
from_ipod,mixture_plain,29,77,132,0.5833333333333334,6.255683707416905
from_ipod,mixture_plain,29,78,132,0.5909090909090909,6.241366863826457
from_ipod,mixture_plain,29,79,132,0.5984848484848485,6.225847601736069
from_ipod,mixture_plain,29,80,132,0.6060606060606061,6.209553493872515
from_ipod,mixture_plain,29,81,132,0.6136363636363636,6.216090398272688
from_ipod,mixture_plain,29,82,132,0.6212121212121212,6.182556469509483
from_ipod,mixture_plain,29,83,132,0.6287878787878788,6.246648251014353
from_ipod,mixture_plain,29,84,132,0.6363636363636364,6.254273297832402
from_ipod,mixture_plain,29,85,132,0.6439393939393939,6.312812532192253
from_ipod,mixture_plain,29,86,132,0.6515151515151515,6.303911142191699
from_ipod,mixture_plain,29,87,132,0.6590909090909091,6.305682020241043
from_ipod,mixture_plain,29,88,132,0.6666666666666666,6.320698302726504
from_ipod,mixture_plain,29,89,132,0.6742424242424242,6.366440352824064
from_ipod,mixture_plain,29,90,132,0.6818181818181818,6.343357521612735
from_ipod,mixture_plain,29,91,132,0.6893939393939394,6.326296124395666
from_ipod,mixture_plain,29,92,132,0.696969696969697,6.326392572611341
from_ipod,mixture_plain,29,93,132,0.7045454545454546,6.30254948646116
from_ipod,mixture_plain,29,94,132,0.7121212121212122,6.3024629011258275
from_ipod,mixture_plain,29,95,132,0.7196969696969697,6.31335547284863
from_ipod,mixture_plain,29,96,132,0.7272727272727273,6.361614669510029
from_ipod,mixture_plain,29,97,132,0.7348484848484849,6.360178483073893
from_ipod,mixture_plain,29,98,132,0.7424242424242424,6.351617440707313
from_ipod,mixture_plain,29,99,132,0.75,6.329153537515023
from_ipod,mixture_plain,29,100,132,0.7575757575757576,6.32024023919394
from_ipod,mixture_plain,29,101,132,0.7651515151515151,6.281633078389072
from_ipod,mixture_plain,29,102,132,0.7727272727272727,6.262276736583192
from_ipod,mixture_plain,29,103,132,0.7803030303030303,6.243882530877274
from_ipod,mixture_plain,29,104,132,0.7878787878787878,6.244868143905984
from_ipod,mixture_plain,29,105,132,0.7954545454545454,6.231112516059436
from_ipod,mixture_plain,29,106,132,0.803030303030303,6.238176231705908
from_ipod,mixture_plain,29,107,132,0.8106060606060606,6.209883116042622
from_ipod,mixture_plain,29,108,132,0.8181818181818182,6.198496559820506
from_ipod,mixture_plain,29,109,132,0.8257575757575758,6.167688230858052
from_ipod,mixture_plain,29,110,132,0.8333333333333334,6.1488668438058465
from_ipod,mixture_plain,29,111,132,0.8409090909090909,6.137887870764908
from_ipod,mixture_plain,29,112,132,0.8484848484848485,6.13650226678414
from_ipod,mixture_plain,29,113,132,0.8560606060606061,6.111120024505504
from_ipod,mixture_plain,29,114,132,0.8636363636363636,6.136502758051383
from_ipod,mixture_plain,29,115,132,0.8712121212121212,6.136853414803398
from_ipod,mixture_plain,29,116,132,0.8787878787878788,6.153270612521292
from_ipod,mixture_plain,29,117,132,0.8863636363636364,6.1420039568607425
from_ipod,mixture_plain,29,118,132,0.8939393939393939,6.117892018133953
from_ipod,mixture_plain,29,119,132,0.9015151515151515,6.101192618003353
from_ipod,mixture_plain,29,120,132,0.9090909090909091,6.0863604266525595
from_ipod,mixture_plain,29,121,132,0.9166666666666666,6.08721299297638
from_ipod,mixture_plain,29,122,132,0.9242424242424242,6.112303038879177
from_ipod,mixture_plain,29,123,132,0.9318181818181818,6.089042655262769
from_ipod,mixture_plain,29,124,132,0.9393939393939394,6.107207926836758
from_ipod,mixture_plain,29,125,132,0.946969696969697,6.0881629424299595
from_ipod,mixture_plain,29,126,132,0.9545454545454546,6.083199823687642
from_ipod,mixture_plain,29,127,132,0.9621212121212122,6.056155791914821
from_ipod,mixture_plain,29,128,132,0.9696969696969697,6.027287290636567
from_ipod,mixture_plain,29,129,132,0.9772727272727273,5.999110644975155
from_ipod,mixture_plain,29,130,132,0.9848484848484849,5.98000839244699
from_ipod,mixture_plain,29,131,132,0.9924242424242424,5.952235826454477
from_ipod,mixture_plain,29,132,132,1.0,5.924347352771009
from_ipod,plain_graph_always,29,1,132,0.007575757575757576,6.61215704039096
from_ipod,plain_graph_always,29,2,132,0.015151515151515152,4.046494917635931
from_ipod,plain_graph_always,29,3,132,0.022727272727272728,4.6533246060407265
from_ipod,plain_graph_always,29,4,132,0.030303030303030304,4.511010760656304
from_ipod,plain_graph_always,29,5,132,0.03787878787878788,4.132064006868668
from_ipod,plain_graph_always,29,6,132,0.045454545454545456,4.1731487717829925
from_ipod,plain_graph_always,29,7,132,0.05303030303030303,3.9007789750620057
from_ipod,plain_graph_always,29,8,132,0.06060606060606061,4.20513662657511
from_ipod,plain_graph_always,29,9,132,0.06818181818181818,4.194217032694236
from_ipod,plain_graph_always,29,10,132,0.07575757575757576,4.288786949627057
from_ipod,plain_graph_always,29,11,132,0.08333333333333333,4.256306753050546
from_ipod,plain_graph_always,29,12,132,0.09090909090909091,4.251277041115681
from_ipod,plain_graph_always,29,13,132,0.09848484848484848,4.383696409053503
from_ipod,plain_graph_always,29,14,132,0.10606060606060606,4.41006546977974
from_ipod,plain_graph_always,29,15,132,0.11363636363636363,4.380945207210061
from_ipod,plain_graph_always,29,16,132,0.12121212121212122,4.48512713678594
from_ipod,plain_graph_always,29,17,132,0.12878787878787878,4.714081959523456
from_ipod,plain_graph_always,29,18,132,0.13636363636363635,4.790658678444903
from_ipod,plain_graph_always,29,19,132,0.14393939393939395,4.766331257374554
from_ipod,plain_graph_always,29,20,132,0.15151515151515152,4.905006232656368
from_ipod,plain_graph_always,29,21,132,0.1590909090909091,5.1247715007401755
from_ipod,plain_graph_always,29,22,132,0.16666666666666666,5.112916514316505
from_ipod,plain_graph_always,29,23,132,0.17424242424242425,5.099616796404855
from_ipod,plain_graph_always,29,24,132,0.18181818181818182,4.97544842830107
from_ipod,plain_graph_always,29,25,132,0.1893939393939394,5.001712519126135
from_ipod,plain_graph_always,29,26,132,0.19696969696969696,4.862393043465942
from_ipod,plain_graph_always,29,27,132,0.20454545454545456,4.910624985616187
from_ipod,plain_graph_always,29,28,132,0.21212121212121213,4.9570067764724195
from_ipod,plain_graph_always,29,29,132,0.2196969696969697,5.061024985186689
from_ipod,plain_graph_always,29,30,132,0.22727272727272727,5.0478665056559056
from_ipod,plain_graph_always,29,31,132,0.23484848484848486,5.111973658841596
from_ipod,plain_graph_always,29,32,132,0.24242424242424243,5.013368881517291
from_ipod,plain_graph_always,29,33,132,0.25,4.994277838216155
from_ipod,plain_graph_always,29,34,132,0.25757575757575757,5.034106315304585
from_ipod,plain_graph_always,29,35,132,0.26515151515151514,5.073801340987595
from_ipod,plain_graph_always,29,36,132,0.2727272727272727,5.126343949160163
from_ipod,plain_graph_always,29,37,132,0.2803030303030303,5.142416887073367
from_ipod,plain_graph_always,29,38,132,0.2878787878787879,5.099624563498796
from_ipod,plain_graph_always,29,39,132,0.29545454545454547,5.055938923679372
from_ipod,plain_graph_always,29,40,132,0.30303030303030304,4.992111474055486
from_ipod,plain_graph_always,29,41,132,0.3106060606060606,4.92566685266195
from_ipod,plain_graph_always,29,42,132,0.3181818181818182,4.903096268063994
from_ipod,plain_graph_always,29,43,132,0.32575757575757575,4.890923737407587
from_ipod,plain_graph_always,29,44,132,0.3333333333333333,4.842632168664972
from_ipod,plain_graph_always,29,45,132,0.3409090909090909,4.874365916718205
from_ipod,plain_graph_always,29,46,132,0.3484848484848485,4.808387814271882
from_ipod,plain_graph_always,29,47,132,0.3560606060606061,4.838512904245778
from_ipod,plain_graph_always,29,48,132,0.36363636363636365,4.8632268417148055
from_ipod,plain_graph_always,29,49,132,0.3712121212121212,4.8297982037380764
from_ipod,plain_graph_always,29,50,132,0.3787878787878788,4.808166030736112
from_ipod,plain_graph_always,29,51,132,0.38636363636363635,4.851295342131724
from_ipod,plain_graph_always,29,52,132,0.3939393939393939,4.80598667437091
from_ipod,plain_graph_always,29,53,132,0.4015151515151515,4.7918953536704745
from_ipod,plain_graph_always,29,54,132,0.4090909090909091,4.745623561470422
from_ipod,plain_graph_always,29,55,132,0.4166666666666667,4.819244333569625
from_ipod,plain_graph_always,29,56,132,0.42424242424242425,4.8417836949635005
from_ipod,plain_graph_always,29,57,132,0.4318181818181818,4.875540911247541
from_ipod,plain_graph_always,29,58,132,0.4393939393939394,4.806447473646575
from_ipod,plain_graph_always,29,59,132,0.44696969696969696,4.780804607988059
from_ipod,plain_graph_always,29,60,132,0.45454545454545453,4.806510291470499
from_ipod,plain_graph_always,29,61,132,0.4621212121212121,4.769034770400572
from_ipod,plain_graph_always,29,62,132,0.4696969696969697,4.830198457320081
from_ipod,plain_graph_always,29,63,132,0.4772727272727273,4.8282390584003885
from_ipod,plain_graph_always,29,64,132,0.48484848484848486,4.774478470749525
from_ipod,plain_graph_always,29,65,132,0.49242424242424243,4.784256613491177
from_ipod,plain_graph_always,29,66,132,0.5,4.816661480265095
from_ipod,plain_graph_always,29,67,132,0.5075757575757576,4.851388506521264
from_ipod,plain_graph_always,29,68,132,0.5151515151515151,4.859222874385021
from_ipod,plain_graph_always,29,69,132,0.5227272727272727,4.857798478213096
from_ipod,plain_graph_always,29,70,132,0.5303030303030303,4.811321936392281
from_ipod,plain_graph_always,29,71,132,0.5378787878787878,4.809932674058375
from_ipod,plain_graph_always,29,72,132,0.5454545454545454,4.839134818997665
from_ipod,plain_graph_always,29,73,132,0.553030303030303,4.908102879944425
from_ipod,plain_graph_always,29,74,132,0.5606060606060606,4.956322312250402
from_ipod,plain_graph_always,29,75,132,0.5681818181818182,4.929258536206659
from_ipod,plain_graph_always,29,76,132,0.5757575757575758,5.011065251599165
from_ipod,plain_graph_always,29,77,132,0.5833333333333334,4.9713012218408705
from_ipod,plain_graph_always,29,78,132,0.5909090909090909,5.040024758847372
from_ipod,plain_graph_always,29,79,132,0.5984848484848485,5.083245733618052
from_ipod,plain_graph_always,29,80,132,0.6060606060606061,5.078015908148314
from_ipod,plain_graph_always,29,81,132,0.6136363636363636,5.081239346849694
from_ipod,plain_graph_always,29,82,132,0.6212121212121212,5.083394645430396
from_ipod,plain_graph_always,29,83,132,0.6287878787878788,5.086582687413227
from_ipod,plain_graph_always,29,84,132,0.6363636363636364,5.060592290235268
from_ipod,plain_graph_always,29,85,132,0.6439393939393939,5.039003114851274
from_ipod,plain_graph_always,29,86,132,0.6515151515151515,5.056367403155131
from_ipod,plain_graph_always,29,87,132,0.6590909090909091,5.057067375427816
from_ipod,plain_graph_always,29,88,132,0.6666666666666666,5.116374288161625
from_ipod,plain_graph_always,29,89,132,0.6742424242424242,5.170178402137541
from_ipod,plain_graph_always,29,90,132,0.6818181818181818,5.17628788987372
from_ipod,plain_graph_always,29,91,132,0.6893939393939394,5.164565285044519
from_ipod,plain_graph_always,29,92,132,0.696969696969697,5.163278651586389
from_ipod,plain_graph_always,29,93,132,0.7045454545454546,5.195033740108148
from_ipod,plain_graph_always,29,94,132,0.7121212121212122,5.257150264566418
from_ipod,plain_graph_always,29,95,132,0.7196969696969697,5.23104171645358
from_ipod,plain_graph_always,29,96,132,0.7272727272727273,5.208795523300168
from_ipod,plain_graph_always,29,97,132,0.7348484848484849,5.237645982500766
from_ipod,plain_graph_always,29,98,132,0.7424242424242424,5.20501507368957
from_ipod,plain_graph_always,29,99,132,0.75,5.2061412549510235
from_ipod,plain_graph_always,29,100,132,0.7575757575757576,5.218390108492502
from_ipod,plain_graph_always,29,101,132,0.7651515151515151,5.250298873202703
from_ipod,plain_graph_always,29,102,132,0.7727272727272727,5.246034690554215
from_ipod,plain_graph_always,29,103,132,0.7803030303030303,5.20602040910589
from_ipod,plain_graph_always,29,104,132,0.7878787878787878,5.221392187980896
from_ipod,plain_graph_always,29,105,132,0.7954545454545454,5.224846910610289
from_ipod,plain_graph_always,29,106,132,0.803030303030303,5.222811617628791
from_ipod,plain_graph_always,29,107,132,0.8106060606060606,5.201983421042287
from_ipod,plain_graph_always,29,108,132,0.8181818181818182,5.220425897972597
from_ipod,plain_graph_always,29,109,132,0.8257575757575758,5.239592191278128
from_ipod,plain_graph_always,29,110,132,0.8333333333333334,5.227105458453002
from_ipod,plain_graph_always,29,111,132,0.8409090909090909,5.251440732905353
from_ipod,plain_graph_always,29,112,132,0.8484848484848485,5.239347706641012
from_ipod,plain_graph_always,29,113,132,0.8560606060606061,5.24068646111707
from_ipod,plain_graph_always,29,114,132,0.8636363636363636,5.214966309334571
from_ipod,plain_graph_always,29,115,132,0.8712121212121212,5.204253882652187
from_ipod,plain_graph_always,29,116,132,0.8787878787878788,5.193160907504457
from_ipod,plain_graph_always,29,117,132,0.8863636363636364,5.182854241035444
from_ipod,plain_graph_always,29,118,132,0.8939393939393939,5.204466125752925
from_ipod,plain_graph_always,29,119,132,0.9015151515151515,5.2229357916187515
from_ipod,plain_graph_always,29,120,132,0.9090909090909091,5.211940678459029
from_ipod,plain_graph_always,29,121,132,0.9166666666666666,5.193035814726891
from_ipod,plain_graph_always,29,122,132,0.9242424242424242,5.163507705897221
from_ipod,plain_graph_always,29,123,132,0.9318181818181818,5.155415507288775
from_ipod,plain_graph_always,29,124,132,0.9393939393939394,5.183992889512227
from_ipod,plain_graph_always,29,125,132,0.946969696969697,5.149055760621237
from_ipod,plain_graph_always,29,126,132,0.9545454545454546,5.1638983145854445
from_ipod,plain_graph_always,29,127,132,0.9621212121212122,5.156811760105887
from_ipod,plain_graph_always,29,128,132,0.9696969696969697,5.155217240849042
from_ipod,plain_graph_always,29,129,132,0.9772727272727273,5.192004087447075
from_ipod,plain_graph_always,29,130,132,0.9848484848484849,5.1849114501836215
from_ipod,plain_graph_always,29,131,132,0.9924242424242424,5.163326533450901
from_ipod,plain_graph_always,29,132,132,1.0,5.151573757851434
from_ipod,mixture_graph_always,43,1,132,0.007575757575757576,5.418920513286063
from_ipod,mixture_graph_always,43,2,132,0.015151515151515152,4.759055340410184
from_ipod,mixture_graph_always,43,3,132,0.022727272727272728,4.738188953619082
from_ipod,mixture_graph_always,43,4,132,0.030303030303030304,4.523642516848982
from_ipod,mixture_graph_always,43,5,132,0.03787878787878788,4.097208274453484
from_ipod,mixture_graph_always,43,6,132,0.045454545454545456,4.119738876785639
from_ipod,mixture_graph_always,43,7,132,0.05303030303030303,4.31546427746817
from_ipod,mixture_graph_always,43,8,132,0.06060606060606061,4.076783130506264
from_ipod,mixture_graph_always,43,9,132,0.06818181818181818,4.443764944497357
from_ipod,mixture_graph_always,43,10,132,0.07575757575757576,4.1875107077095475
from_ipod,mixture_graph_always,43,11,132,0.08333333333333333,4.171916316761686
from_ipod,mixture_graph_always,43,12,132,0.09090909090909091,4.288609953778521
from_ipod,mixture_graph_always,43,13,132,0.09848484848484848,4.32025841490872
from_ipod,mixture_graph_always,43,14,132,0.10606060606060606,4.560838063013656
from_ipod,mixture_graph_always,43,15,132,0.11363636363636363,4.538420835390664
from_ipod,mixture_graph_always,43,16,132,0.12121212121212122,4.640829895079197
from_ipod,mixture_graph_always,43,17,132,0.12878787878787878,4.47255785365963
from_ipod,mixture_graph_always,43,18,132,0.13636363636363635,4.4291939456578735
from_ipod,mixture_graph_always,43,19,132,0.14393939393939395,4.5085383734370135
from_ipod,mixture_graph_always,43,20,132,0.15151515151515152,4.52793902415058
from_ipod,mixture_graph_always,43,21,132,0.1590909090909091,4.59564902918962
from_ipod,mixture_graph_always,43,22,132,0.16666666666666666,4.809800078534939
from_ipod,mixture_graph_always,43,23,132,0.17424242424242425,4.739264191714771
from_ipod,mixture_graph_always,43,24,132,0.18181818181818182,4.7255418974394265
from_ipod,mixture_graph_always,43,25,132,0.1893939393939394,4.783070182474791
from_ipod,mixture_graph_always,43,26,132,0.19696969696969696,4.796941196140815
from_ipod,mixture_graph_always,43,27,132,0.20454545454545456,4.951013755613685
from_ipod,mixture_graph_always,43,28,132,0.21212121212121213,4.917979554807962
from_ipod,mixture_graph_always,43,29,132,0.2196969696969697,4.9695802759102685
from_ipod,mixture_graph_always,43,30,132,0.22727272727272727,4.905612136401602
from_ipod,mixture_graph_always,43,31,132,0.23484848484848486,4.904398587791646
from_ipod,mixture_graph_always,43,32,132,0.24242424242424243,4.934918943415568
from_ipod,mixture_graph_always,43,33,132,0.25,4.889108933548814
from_ipod,mixture_graph_always,43,34,132,0.25757575757575757,4.827197879739267
from_ipod,mixture_graph_always,43,35,132,0.26515151515151514,4.837704302055449
from_ipod,mixture_graph_always,43,36,132,0.2727272727272727,4.791519493270573
from_ipod,mixture_graph_always,43,37,132,0.2803030303030303,4.719700951363332
from_ipod,mixture_graph_always,43,38,132,0.2878787878787879,4.739552469080633
from_ipod,mixture_graph_always,43,39,132,0.29545454545454547,4.840226475141324
from_ipod,mixture_graph_always,43,40,132,0.30303030303030304,4.807665712414079
from_ipod,mixture_graph_always,43,41,132,0.3106060606060606,4.801877540470353
from_ipod,mixture_graph_always,43,42,132,0.3181818181818182,4.787099880605143
from_ipod,mixture_graph_always,43,43,132,0.32575757575757575,4.884093513600903
from_ipod,mixture_graph_always,43,44,132,0.3333333333333333,4.835570418636357
from_ipod,mixture_graph_always,43,45,132,0.3409090909090909,4.845186652053768
from_ipod,mixture_graph_always,43,46,132,0.3484848484848485,4.830854779338023
from_ipod,mixture_graph_always,43,47,132,0.3560606060606061,4.824320816350999
from_ipod,mixture_graph_always,43,48,132,0.36363636363636365,4.797565344056228
from_ipod,mixture_graph_always,43,49,132,0.3712121212121212,4.8615657440165965
from_ipod,mixture_graph_always,43,50,132,0.3787878787878788,4.874639640027844
from_ipod,mixture_graph_always,43,51,132,0.38636363636363635,4.957948714033617
from_ipod,mixture_graph_always,43,52,132,0.3939393939393939,4.927926190920579
from_ipod,mixture_graph_always,43,53,132,0.4015151515151515,4.894546836055111
from_ipod,mixture_graph_always,43,54,132,0.4090909090909091,4.919974093266622
from_ipod,mixture_graph_always,43,55,132,0.4166666666666667,4.939972964650313
from_ipod,mixture_graph_always,43,56,132,0.42424242424242425,4.9315617523027395
from_ipod,mixture_graph_always,43,57,132,0.4318181818181818,4.92928001453746
from_ipod,mixture_graph_always,43,58,132,0.4393939393939394,4.957190179807912
from_ipod,mixture_graph_always,43,59,132,0.44696969696969696,4.925919936442456
from_ipod,mixture_graph_always,43,60,132,0.45454545454545453,4.922106224970497
from_ipod,mixture_graph_always,43,61,132,0.4621212121212121,4.9062972736037835
from_ipod,mixture_graph_always,43,62,132,0.4696969696969697,4.908157180783431
from_ipod,mixture_graph_always,43,63,132,0.4772727272727273,4.98326789456511
from_ipod,mixture_graph_always,43,64,132,0.48484848484848486,5.047274431188459
from_ipod,mixture_graph_always,43,65,132,0.49242424242424243,5.03444139001065
from_ipod,mixture_graph_always,43,66,132,0.5,5.031272472272956
from_ipod,mixture_graph_always,43,67,132,0.5075757575757576,5.094444436190533
from_ipod,mixture_graph_always,43,68,132,0.5151515151515151,5.076047605121876
from_ipod,mixture_graph_always,43,69,132,0.5227272727272727,5.111302308006638
from_ipod,mixture_graph_always,43,70,132,0.5303030303030303,5.12342789230144
from_ipod,mixture_graph_always,43,71,132,0.5378787878787878,5.086562059316936
from_ipod,mixture_graph_always,43,72,132,0.5454545454545454,5.040264313382965
from_ipod,mixture_graph_always,43,73,132,0.553030303030303,5.003115789553814
from_ipod,mixture_graph_always,43,74,132,0.5606060606060606,4.99006616108951
from_ipod,mixture_graph_always,43,75,132,0.5681818181818182,5.013626946438999
from_ipod,mixture_graph_always,43,76,132,0.5757575757575758,4.999568825039762
from_ipod,mixture_graph_always,43,77,132,0.5833333333333334,4.993059486282437
from_ipod,mixture_graph_always,43,78,132,0.5909090909090909,5.057240525272475
from_ipod,mixture_graph_always,43,79,132,0.5984848484848485,5.0824575549586575
from_ipod,mixture_graph_always,43,80,132,0.6060606060606061,5.091371526730683
from_ipod,mixture_graph_always,43,81,132,0.6136363636363636,5.163196750780049
from_ipod,mixture_graph_always,43,82,132,0.6212121212121212,5.154241316004125
from_ipod,mixture_graph_always,43,83,132,0.6287878787878788,5.1144427910865105
from_ipod,mixture_graph_always,43,84,132,0.6363636363636364,5.08880374179593
from_ipod,mixture_graph_always,43,85,132,0.6439393939393939,5.06607565185022
from_ipod,mixture_graph_always,43,86,132,0.6515151515151515,5.07732559472413
from_ipod,mixture_graph_always,43,87,132,0.6590909090909091,5.050652421402484
from_ipod,mixture_graph_always,43,88,132,0.6666666666666666,5.024303523343111
from_ipod,mixture_graph_always,43,89,132,0.6742424242424242,5.02689642716608
from_ipod,mixture_graph_always,43,90,132,0.6818181818181818,5.054497325494754
from_ipod,mixture_graph_always,43,91,132,0.6893939393939394,5.034154101734972
from_ipod,mixture_graph_always,43,92,132,0.696969696969697,5.007734926038881
from_ipod,mixture_graph_always,43,93,132,0.7045454545454546,4.984753464697836
from_ipod,mixture_graph_always,43,94,132,0.7121212121212122,5.058748913966125
from_ipod,mixture_graph_always,43,95,132,0.7196969696969697,5.0159421001003635
from_ipod,mixture_graph_always,43,96,132,0.7272727272727273,4.989337830363401
from_ipod,mixture_graph_always,43,97,132,0.7348484848484849,5.00527792547408
from_ipod,mixture_graph_always,43,98,132,0.7424242424242424,5.066801583851807
from_ipod,mixture_graph_always,43,99,132,0.75,5.062110905945611
from_ipod,mixture_graph_always,43,100,132,0.7575757575757576,5.031453919271289
from_ipod,mixture_graph_always,43,101,132,0.7651515151515151,5.001963207732147
from_ipod,mixture_graph_always,43,102,132,0.7727272727272727,4.985231593556356
from_ipod,mixture_graph_always,43,103,132,0.7803030303030303,4.958358604745551
from_ipod,mixture_graph_always,43,104,132,0.7878787878787878,5.00282912462976
from_ipod,mixture_graph_always,43,105,132,0.7954545454545454,4.988868364989889
from_ipod,mixture_graph_always,43,106,132,0.803030303030303,4.989386009917786
from_ipod,mixture_graph_always,43,107,132,0.8106060606060606,4.970592582231474
from_ipod,mixture_graph_always,43,108,132,0.8181818181818182,4.964949934114541
from_ipod,mixture_graph_always,43,109,132,0.8257575757575758,4.961456627217673
from_ipod,mixture_graph_always,43,110,132,0.8333333333333334,4.9585422561649715
from_ipod,mixture_graph_always,43,111,132,0.8409090909090909,4.925209674805458
from_ipod,mixture_graph_always,43,112,132,0.8484848484848485,4.942181459410705
from_ipod,mixture_graph_always,43,113,132,0.8560606060606061,4.970130428522556
from_ipod,mixture_graph_always,43,114,132,0.8636363636363636,4.941843648025373
from_ipod,mixture_graph_always,43,115,132,0.8712121212121212,4.932099007155941
from_ipod,mixture_graph_always,43,116,132,0.8787878787878788,4.903256000577378
from_ipod,mixture_graph_always,43,117,132,0.8863636363636364,4.943592758309953
from_ipod,mixture_graph_always,43,118,132,0.8939393939393939,4.950810576229189
from_ipod,mixture_graph_always,43,119,132,0.9015151515151515,5.00317441011625
from_ipod,mixture_graph_always,43,120,132,0.9090909090909091,4.984593975777387
from_ipod,mixture_graph_always,43,121,132,0.9166666666666666,5.0319532292591855
from_ipod,mixture_graph_always,43,122,132,0.9242424242424242,5.018237053062025
from_ipod,mixture_graph_always,43,123,132,0.9318181818181818,4.986463789074976
from_ipod,mixture_graph_always,43,124,132,0.9393939393939394,5.009752688299784
from_ipod,mixture_graph_always,43,125,132,0.946969696969697,4.9983591818129804
from_ipod,mixture_graph_always,43,126,132,0.9545454545454546,5.041949443250905
from_ipod,mixture_graph_always,43,127,132,0.9621212121212122,5.023762118593103
from_ipod,mixture_graph_always,43,128,132,0.9696969696969697,5.054676396860117
from_ipod,mixture_graph_always,43,129,132,0.9772727272727273,5.046920608641264
from_ipod,mixture_graph_always,43,130,132,0.9848484848484849,5.03485840811878
from_ipod,mixture_graph_always,43,131,132,0.9924242424242424,5.014513919747005
from_ipod,mixture_graph_always,43,132,132,1.0,4.995547938629997
from_ipod,mixture_graph_drop,43,1,132,0.007575757575757576,2.9874266634634212
from_ipod,mixture_graph_drop,43,2,132,0.015151515151515152,4.250420615728441
from_ipod,mixture_graph_drop,43,3,132,0.022727272727272728,6.575952587604125
from_ipod,mixture_graph_drop,43,4,132,0.030303030303030304,8.275767623518716
from_ipod,mixture_graph_drop,43,5,132,0.03787878787878788,7.769345683371347
from_ipod,mixture_graph_drop,43,6,132,0.045454545454545456,7.175395043794976
from_ipod,mixture_graph_drop,43,7,132,0.05303030303030303,6.761250948549923
from_ipod,mixture_graph_drop,43,8,132,0.06060606060606061,6.201178037581184
from_ipod,mixture_graph_drop,43,9,132,0.06818181818181818,5.652901054480896
from_ipod,mixture_graph_drop,43,10,132,0.07575757575757576,5.809280572299619
from_ipod,mixture_graph_drop,43,11,132,0.08333333333333333,5.708424598094113
from_ipod,mixture_graph_drop,43,12,132,0.09090909090909091,5.5985925006366974
from_ipod,mixture_graph_drop,43,13,132,0.09848484848484848,5.969325928691516
from_ipod,mixture_graph_drop,43,14,132,0.10606060606060606,5.715516490510074
from_ipod,mixture_graph_drop,43,15,132,0.11363636363636363,5.744569838171008
from_ipod,mixture_graph_drop,43,16,132,0.12121212121212122,5.695324190798549
from_ipod,mixture_graph_drop,43,17,132,0.12878787878787878,5.645873049057933
from_ipod,mixture_graph_drop,43,18,132,0.13636363636363635,5.6131601301221705
from_ipod,mixture_graph_drop,43,19,132,0.14393939393939395,5.530910807898211
from_ipod,mixture_graph_drop,43,20,132,0.15151515151515152,5.486931538100003
from_ipod,mixture_graph_drop,43,21,132,0.1590909090909091,5.503604021149282
from_ipod,mixture_graph_drop,43,22,132,0.16666666666666666,5.57648182335523
from_ipod,mixture_graph_drop,43,23,132,0.17424242424242425,5.528220837619132
from_ipod,mixture_graph_drop,43,24,132,0.18181818181818182,5.458027250427328
from_ipod,mixture_graph_drop,43,25,132,0.1893939393939394,5.468553279036192
from_ipod,mixture_graph_drop,43,26,132,0.19696969696969696,5.442282546057767
from_ipod,mixture_graph_drop,43,27,132,0.20454545454545456,5.342535126991782
from_ipod,mixture_graph_drop,43,28,132,0.21212121212121213,5.321990243253632
from_ipod,mixture_graph_drop,43,29,132,0.2196969696969697,5.547370015573967
from_ipod,mixture_graph_drop,43,30,132,0.22727272727272727,5.534215293063535
from_ipod,mixture_graph_drop,43,31,132,0.23484848484848486,5.587495999471829
from_ipod,mixture_graph_drop,43,32,132,0.24242424242424243,5.579312947662349
from_ipod,mixture_graph_drop,43,33,132,0.25,5.589439932788077
from_ipod,mixture_graph_drop,43,34,132,0.25757575757575757,5.611704964668201
from_ipod,mixture_graph_drop,43,35,132,0.26515151515151514,5.747844463870199
from_ipod,mixture_graph_drop,43,36,132,0.2727272727272727,5.732047715947846
from_ipod,mixture_graph_drop,43,37,132,0.2803030303030303,5.660985018151967
from_ipod,mixture_graph_drop,43,38,132,0.2878787878787879,5.6116991842217105
from_ipod,mixture_graph_drop,43,39,132,0.29545454545454547,5.615404886781414
from_ipod,mixture_graph_drop,43,40,132,0.30303030303030304,5.600239787185916
from_ipod,mixture_graph_drop,43,41,132,0.3106060606060606,5.5957407408055735
from_ipod,mixture_graph_drop,43,42,132,0.3181818181818182,5.744825937051776
from_ipod,mixture_graph_drop,43,43,132,0.32575757575757575,5.6956917205358675
from_ipod,mixture_graph_drop,43,44,132,0.3333333333333333,5.707956167906269
from_ipod,mixture_graph_drop,43,45,132,0.3409090909090909,5.686815809295322
from_ipod,mixture_graph_drop,43,46,132,0.3484848484848485,5.618044961333437
from_ipod,mixture_graph_drop,43,47,132,0.3560606060606061,5.5922451972693965
from_ipod,mixture_graph_drop,43,48,132,0.36363636363636365,5.5787436033111755
from_ipod,mixture_graph_drop,43,49,132,0.3712121212121212,5.555673741027201
from_ipod,mixture_graph_drop,43,50,132,0.3787878787878788,5.529000436402855
from_ipod,mixture_graph_drop,43,51,132,0.38636363636363635,5.577979569963567
from_ipod,mixture_graph_drop,43,52,132,0.3939393939393939,5.603300624800607
from_ipod,mixture_graph_drop,43,53,132,0.4015151515151515,5.612449086964709
from_ipod,mixture_graph_drop,43,54,132,0.4090909090909091,5.6463017623058835
from_ipod,mixture_graph_drop,43,55,132,0.4166666666666667,5.680154808044324
from_ipod,mixture_graph_drop,43,56,132,0.42424242424242425,5.746517382799846
from_ipod,mixture_graph_drop,43,57,132,0.4318181818181818,5.758706322291867
from_ipod,mixture_graph_drop,43,58,132,0.4393939393939394,5.756526285911628
from_ipod,mixture_graph_drop,43,59,132,0.44696969696969696,5.7351273603600506
from_ipod,mixture_graph_drop,43,60,132,0.45454545454545453,5.737994765337431
from_ipod,mixture_graph_drop,43,61,132,0.4621212121212121,5.735524469058562
from_ipod,mixture_graph_drop,43,62,132,0.4696969696969697,5.68619035419954
from_ipod,mixture_graph_drop,43,63,132,0.4772727272727273,5.702331986445178
from_ipod,mixture_graph_drop,43,64,132,0.48484848484848486,5.648439292733523
from_ipod,mixture_graph_drop,43,65,132,0.49242424242424243,5.657666972582039
from_ipod,mixture_graph_drop,43,66,132,0.5,5.675287293796399
from_ipod,mixture_graph_drop,43,67,132,0.5075757575757576,5.650551445840155
from_ipod,mixture_graph_drop,43,68,132,0.5151515151515151,5.690669423375508
from_ipod,mixture_graph_drop,43,69,132,0.5227272727272727,5.676946497309926
from_ipod,mixture_graph_drop,43,70,132,0.5303030303030303,5.688625909318669
from_ipod,mixture_graph_drop,43,71,132,0.5378787878787878,5.682728743308122
from_ipod,mixture_graph_drop,43,72,132,0.5454545454545454,5.667614683377329
from_ipod,mixture_graph_drop,43,73,132,0.553030303030303,5.656699711587475
from_ipod,mixture_graph_drop,43,74,132,0.5606060606060606,5.654155527570578
from_ipod,mixture_graph_drop,43,75,132,0.5681818181818182,5.631186652046477
from_ipod,mixture_graph_drop,43,76,132,0.5757575757575758,5.653823659128677
from_ipod,mixture_graph_drop,43,77,132,0.5833333333333334,5.621427308164149
from_ipod,mixture_graph_drop,43,78,132,0.5909090909090909,5.656268675057411
from_ipod,mixture_graph_drop,43,79,132,0.5984848484848485,5.640074994746904
from_ipod,mixture_graph_drop,43,80,132,0.6060606060606061,5.640035834876556
from_ipod,mixture_graph_drop,43,81,132,0.6136363636363636,5.65394108700555
from_ipod,mixture_graph_drop,43,82,132,0.6212121212121212,5.682970514732063
from_ipod,mixture_graph_drop,43,83,132,0.6287878787878788,5.710703276558798
from_ipod,mixture_graph_drop,43,84,132,0.6363636363636364,5.7050544109584385
from_ipod,mixture_graph_drop,43,85,132,0.6439393939393939,5.713422222950456
from_ipod,mixture_graph_drop,43,86,132,0.6515151515151515,5.707169550482237
from_ipod,mixture_graph_drop,43,87,132,0.6590909090909091,5.745404764579947
from_ipod,mixture_graph_drop,43,88,132,0.6666666666666666,5.717963864910955
from_ipod,mixture_graph_drop,43,89,132,0.6742424242424242,5.684674214172828
from_ipod,mixture_graph_drop,43,90,132,0.6818181818181818,5.685886885723893
from_ipod,mixture_graph_drop,43,91,132,0.6893939393939394,5.7101116977207
from_ipod,mixture_graph_drop,43,92,132,0.696969696969697,5.725348188465634
from_ipod,mixture_graph_drop,43,93,132,0.7045454545454546,5.728196346336001
from_ipod,mixture_graph_drop,43,94,132,0.7121212121212122,5.690902059924653
from_ipod,mixture_graph_drop,43,95,132,0.7196969696969697,5.712924132706976
from_ipod,mixture_graph_drop,43,96,132,0.7272727272727273,5.684289351455788
from_ipod,mixture_graph_drop,43,97,132,0.7348484848484849,5.675118848514947
from_ipod,mixture_graph_drop,43,98,132,0.7424242424242424,5.671365369997791
from_ipod,mixture_graph_drop,43,99,132,0.75,5.643663038509549
from_ipod,mixture_graph_drop,43,100,132,0.7575757575757576,5.62987648731577
from_ipod,mixture_graph_drop,43,101,132,0.7651515151515151,5.609740618758101
from_ipod,mixture_graph_drop,43,102,132,0.7727272727272727,5.629298489697951
from_ipod,mixture_graph_drop,43,103,132,0.7803030303030303,5.6111028134012075
from_ipod,mixture_graph_drop,43,104,132,0.7878787878787878,5.612347228579016
from_ipod,mixture_graph_drop,43,105,132,0.7954545454545454,5.610823494487631
from_ipod,mixture_graph_drop,43,106,132,0.803030303030303,5.576953277360485
from_ipod,mixture_graph_drop,43,107,132,0.8106060606060606,5.552324035949768
from_ipod,mixture_graph_drop,43,108,132,0.8181818181818182,5.544644582591706
from_ipod,mixture_graph_drop,43,109,132,0.8257575757575758,5.54290349666252
from_ipod,mixture_graph_drop,43,110,132,0.8333333333333334,5.573089814440575
from_ipod,mixture_graph_drop,43,111,132,0.8409090909090909,5.563581277027322
from_ipod,mixture_graph_drop,43,112,132,0.8484848484848485,5.541168820616468
from_ipod,mixture_graph_drop,43,113,132,0.8560606060606061,5.577094084573075
from_ipod,mixture_graph_drop,43,114,132,0.8636363636363636,5.593404356620522
from_ipod,mixture_graph_drop,43,115,132,0.8712121212121212,5.595441524026956
from_ipod,mixture_graph_drop,43,116,132,0.8787878787878788,5.636453116111228
from_ipod,mixture_graph_drop,43,117,132,0.8863636363636364,5.665602870790667
from_ipod,mixture_graph_drop,43,118,132,0.8939393939393939,5.664122793866168
from_ipod,mixture_graph_drop,43,119,132,0.9015151515151515,5.63445222852837
from_ipod,mixture_graph_drop,43,120,132,0.9090909090909091,5.613244622354158
from_ipod,mixture_graph_drop,43,121,132,0.9166666666666666,5.6631301055505885
from_ipod,mixture_graph_drop,43,122,132,0.9242424242424242,5.639125121395001
from_ipod,mixture_graph_drop,43,123,132,0.9318181818181818,5.630561798016477
from_ipod,mixture_graph_drop,43,124,132,0.9393939393939394,5.666513940824298
from_ipod,mixture_graph_drop,43,125,132,0.946969696969697,5.702802591408469
from_ipod,mixture_graph_drop,43,126,132,0.9545454545454546,5.746817197749226
from_ipod,mixture_graph_drop,43,127,132,0.9621212121212122,5.792306015552315
from_ipod,mixture_graph_drop,43,128,132,0.9696969696969697,5.789022488220307
from_ipod,mixture_graph_drop,43,129,132,0.9772727272727273,5.765725819944557
from_ipod,mixture_graph_drop,43,130,132,0.9848484848484849,5.763696157986791
from_ipod,mixture_graph_drop,43,131,132,0.9924242424242424,5.738189303584128
from_ipod,mixture_graph_drop,43,132,132,1.0,5.727184034375958
from_ipod,mixture_conv_drop,43,1,132,0.007575757575757576,10.98297167283034
from_ipod,mixture_conv_drop,43,2,132,0.015151515151515152,6.9681531126917555
from_ipod,mixture_conv_drop,43,3,132,0.022727272727272728,6.435315731179241
from_ipod,mixture_conv_drop,43,4,132,0.030303030303030304,7.3453379607614355
from_ipod,mixture_conv_drop,43,5,132,0.03787878787878788,6.305881221277521
from_ipod,mixture_conv_drop,43,6,132,0.045454545454545456,5.472344324761018
from_ipod,mixture_conv_drop,43,7,132,0.05303030303030303,5.256387980372287
from_ipod,mixture_conv_drop,43,8,132,0.06060606060606061,5.1682264887844225
from_ipod,mixture_conv_drop,43,9,132,0.06818181818181818,5.157503352986193
from_ipod,mixture_conv_drop,43,10,132,0.07575757575757576,5.031574193292729
from_ipod,mixture_conv_drop,43,11,132,0.08333333333333333,5.085596083951459
from_ipod,mixture_conv_drop,43,12,132,0.09090909090909091,5.299098574431466
from_ipod,mixture_conv_drop,43,13,132,0.09848484848484848,5.251906586130717
from_ipod,mixture_conv_drop,43,14,132,0.10606060606060606,5.381717317869886
from_ipod,mixture_conv_drop,43,15,132,0.11363636363636363,5.371089551936681
from_ipod,mixture_conv_drop,43,16,132,0.12121212121212122,5.662071442807579
from_ipod,mixture_conv_drop,43,17,132,0.12878787878787878,5.600612000466562
from_ipod,mixture_conv_drop,43,18,132,0.13636363636363635,5.644542359910245
from_ipod,mixture_conv_drop,43,19,132,0.14393939393939395,6.036169088355873
from_ipod,mixture_conv_drop,43,20,132,0.15151515151515152,5.92719964137666
from_ipod,mixture_conv_drop,43,21,132,0.1590909090909091,5.8450458971106585
from_ipod,mixture_conv_drop,43,22,132,0.16666666666666666,5.864822236808919
from_ipod,mixture_conv_drop,43,23,132,0.17424242424242425,5.905305143377702
from_ipod,mixture_conv_drop,43,24,132,0.18181818181818182,5.769490581538119
from_ipod,mixture_conv_drop,43,25,132,0.1893939393939394,5.728165217452926
from_ipod,mixture_conv_drop,43,26,132,0.19696969696969696,5.746274549167167
from_ipod,mixture_conv_drop,43,27,132,0.20454545454545456,5.7510082304270105
from_ipod,mixture_conv_drop,43,28,132,0.21212121212121213,5.6743005249960925
from_ipod,mixture_conv_drop,43,29,132,0.2196969696969697,5.721261149790559
from_ipod,mixture_conv_drop,43,30,132,0.22727272727272727,5.661685303148591
from_ipod,mixture_conv_drop,43,31,132,0.23484848484848486,5.706675140502781
from_ipod,mixture_conv_drop,43,32,132,0.24242424242424243,5.68261502259795
from_ipod,mixture_conv_drop,43,33,132,0.25,5.681851020205583
from_ipod,mixture_conv_drop,43,34,132,0.25757575757575757,5.693115282722046
from_ipod,mixture_conv_drop,43,35,132,0.26515151515151514,5.665351523579564
from_ipod,mixture_conv_drop,43,36,132,0.2727272727272727,5.644323549118713
from_ipod,mixture_conv_drop,43,37,132,0.2803030303030303,5.670808391047757
from_ipod,mixture_conv_drop,43,38,132,0.2878787878787879,5.654080943934677
from_ipod,mixture_conv_drop,43,39,132,0.29545454545454547,5.626563823624628
from_ipod,mixture_conv_drop,43,40,132,0.30303030303030304,5.681084470891329
from_ipod,mixture_conv_drop,43,41,132,0.3106060606060606,5.6583205978374185
from_ipod,mixture_conv_drop,43,42,132,0.3181818181818182,5.806293595140454
from_ipod,mixture_conv_drop,43,43,132,0.32575757575757575,5.80080091858712
from_ipod,mixture_conv_drop,43,44,132,0.3333333333333333,5.792128242131973
from_ipod,mixture_conv_drop,43,45,132,0.3409090909090909,5.71153466260256
from_ipod,mixture_conv_drop,43,46,132,0.3484848484848485,5.700319574551089
from_ipod,mixture_conv_drop,43,47,132,0.3560606060606061,5.736969679599871
from_ipod,mixture_conv_drop,43,48,132,0.36363636363636365,5.79402340892279
from_ipod,mixture_conv_drop,43,49,132,0.3712121212121212,5.761319525835912
from_ipod,mixture_conv_drop,43,50,132,0.3787878787878788,5.75449066299933
from_ipod,mixture_conv_drop,43,51,132,0.38636363636363635,5.7321341738323355
from_ipod,mixture_conv_drop,43,52,132,0.3939393939393939,5.704280223324913
from_ipod,mixture_conv_drop,43,53,132,0.4015151515151515,5.66964903569283
from_ipod,mixture_conv_drop,43,54,132,0.4090909090909091,5.666055804787499
from_ipod,mixture_conv_drop,43,55,132,0.4166666666666667,5.668461808664387
from_ipod,mixture_conv_drop,43,56,132,0.42424242424242425,5.6611532448125175
from_ipod,mixture_conv_drop,43,57,132,0.4318181818181818,5.678181638113473
from_ipod,mixture_conv_drop,43,58,132,0.4393939393939394,5.634350686574739
from_ipod,mixture_conv_drop,43,59,132,0.44696969696969696,5.625507162519595
from_ipod,mixture_conv_drop,43,60,132,0.45454545454545453,5.644713363127905
from_ipod,mixture_conv_drop,43,61,132,0.4621212121212121,5.603022087988467
from_ipod,mixture_conv_drop,43,62,132,0.4696969696969697,5.6445261834149765
from_ipod,mixture_conv_drop,43,63,132,0.4772727272727273,5.619449380631231
from_ipod,mixture_conv_drop,43,64,132,0.48484848484848486,5.582981463910807
from_ipod,mixture_conv_drop,43,65,132,0.49242424242424243,5.556394078084164
from_ipod,mixture_conv_drop,43,66,132,0.5,5.566418172239837
from_ipod,mixture_conv_drop,43,67,132,0.5075757575757576,5.564870158365958
from_ipod,mixture_conv_drop,43,68,132,0.5151515151515151,5.591106917749335
from_ipod,mixture_conv_drop,43,69,132,0.5227272727272727,5.589871921409373
from_ipod,mixture_conv_drop,43,70,132,0.5303030303030303,5.6128679187235
from_ipod,mixture_conv_drop,43,71,132,0.5378787878787878,5.60843240789541
from_ipod,mixture_conv_drop,43,72,132,0.5454545454545454,5.611303663364857
from_ipod,mixture_conv_drop,43,73,132,0.553030303030303,5.579092193227012
from_ipod,mixture_conv_drop,43,74,132,0.5606060606060606,5.547560747442496
from_ipod,mixture_conv_drop,43,75,132,0.5681818181818182,5.56098764072084
from_ipod,mixture_conv_drop,43,76,132,0.5757575757575758,5.522837273573022
from_ipod,mixture_conv_drop,43,77,132,0.5833333333333334,5.51348613095276
from_ipod,mixture_conv_drop,43,78,132,0.5909090909090909,5.508618843008027
from_ipod,mixture_conv_drop,43,79,132,0.5984848484848485,5.500546439264331
from_ipod,mixture_conv_drop,43,80,132,0.6060606060606061,5.470185269982172
from_ipod,mixture_conv_drop,43,81,132,0.6136363636363636,5.475183765209163
from_ipod,mixture_conv_drop,43,82,132,0.6212121212121212,5.440984909239074
from_ipod,mixture_conv_drop,43,83,132,0.6287878787878788,5.453369725803523
from_ipod,mixture_conv_drop,43,84,132,0.6363636363636364,5.439221865795538
from_ipod,mixture_conv_drop,43,85,132,0.6439393939393939,5.485086091851609
from_ipod,mixture_conv_drop,43,86,132,0.6515151515151515,5.46859676521494
from_ipod,mixture_conv_drop,43,87,132,0.6590909090909091,5.456341115436973
from_ipod,mixture_conv_drop,43,88,132,0.6666666666666666,5.4207564013122145
from_ipod,mixture_conv_drop,43,89,132,0.6742424242424242,5.410577201421185
from_ipod,mixture_conv_drop,43,90,132,0.6818181818181818,5.435500068393276
from_ipod,mixture_conv_drop,43,91,132,0.6893939393939394,5.424489524081351
from_ipod,mixture_conv_drop,43,92,132,0.696969696969697,5.492070937812815
from_ipod,mixture_conv_drop,43,93,132,0.7045454545454546,5.517097138576887
from_ipod,mixture_conv_drop,43,94,132,0.7121212121212122,5.5080104559767165
from_ipod,mixture_conv_drop,43,95,132,0.7196969696969697,5.471776987212238
from_ipod,mixture_conv_drop,43,96,132,0.7272727272727273,5.448372849372151
from_ipod,mixture_conv_drop,43,97,132,0.7348484848484849,5.473024059255037
from_ipod,mixture_conv_drop,43,98,132,0.7424242424242424,5.4854678373432195
from_ipod,mixture_conv_drop,43,99,132,0.75,5.516737920705712
from_ipod,mixture_conv_drop,43,100,132,0.7575757575757576,5.489778662534291
from_ipod,mixture_conv_drop,43,101,132,0.7651515151515151,5.474791730168413
from_ipod,mixture_conv_drop,43,102,132,0.7727272727272727,5.447068884804908
from_ipod,mixture_conv_drop,43,103,132,0.7803030303030303,5.420518043855037
from_ipod,mixture_conv_drop,43,104,132,0.7878787878787878,5.443484589147628
from_ipod,mixture_conv_drop,43,105,132,0.7954545454545454,5.466239253277689
from_ipod,mixture_conv_drop,43,106,132,0.803030303030303,5.464810265699806
from_ipod,mixture_conv_drop,43,107,132,0.8106060606060606,5.501489048328804
from_ipod,mixture_conv_drop,43,108,132,0.8181818181818182,5.532824059037448
from_ipod,mixture_conv_drop,43,109,132,0.8257575757575758,5.535987176141876
from_ipod,mixture_conv_drop,43,110,132,0.8333333333333334,5.529138269038329
from_ipod,mixture_conv_drop,43,111,132,0.8409090909090909,5.536123309793459
from_ipod,mixture_conv_drop,43,112,132,0.8484848484848485,5.566393942392017
from_ipod,mixture_conv_drop,43,113,132,0.8560606060606061,5.565220479335623
from_ipod,mixture_conv_drop,43,114,132,0.8636363636363636,5.535809880477094
from_ipod,mixture_conv_drop,43,115,132,0.8712121212121212,5.579325856252092
from_ipod,mixture_conv_drop,43,116,132,0.8787878787878788,5.569681402333551
from_ipod,mixture_conv_drop,43,117,132,0.8863636363636364,5.600743699304735
from_ipod,mixture_conv_drop,43,118,132,0.8939393939393939,5.604134080517461
from_ipod,mixture_conv_drop,43,119,132,0.9015151515151515,5.603487881051154
from_ipod,mixture_conv_drop,43,120,132,0.9090909090909091,5.655492614677651
from_ipod,mixture_conv_drop,43,121,132,0.9166666666666666,5.694275605492691
from_ipod,mixture_conv_drop,43,122,132,0.9242424242424242,5.693973456583145
from_ipod,mixture_conv_drop,43,123,132,0.9318181818181818,5.729198755053269
from_ipod,mixture_conv_drop,43,124,132,0.9393939393939394,5.777883465873889
from_ipod,mixture_conv_drop,43,125,132,0.946969696969697,5.8233107816979714
from_ipod,mixture_conv_drop,43,126,132,0.9545454545454546,5.80063141727145
from_ipod,mixture_conv_drop,43,127,132,0.9621212121212122,5.798248695430368
from_ipod,mixture_conv_drop,43,128,132,0.9696969696969697,5.801773642010828
from_ipod,mixture_conv_drop,43,129,132,0.9772727272727273,5.7957607881331725
from_ipod,mixture_conv_drop,43,130,132,0.9848484848484849,5.774235660659768
from_ipod,mixture_conv_drop,43,131,132,0.9924242424242424,5.767047951658025
from_ipod,mixture_conv_drop,43,132,132,1.0,5.744239301602377
from_ipod,mixture_plain,43,1,132,0.007575757575757576,2.9932043507519333
from_ipod,mixture_plain,43,2,132,0.015151515151515152,3.7847520071384526
from_ipod,mixture_plain,43,3,132,0.022727272727272728,4.690382807769595
from_ipod,mixture_plain,43,4,132,0.030303030303030304,4.90308953425686
from_ipod,mixture_plain,43,5,132,0.03787878787878788,5.46361986012986
from_ipod,mixture_plain,43,6,132,0.045454545454545456,5.440920521217659
from_ipod,mixture_plain,43,7,132,0.05303030303030303,5.728613278274849
from_ipod,mixture_plain,43,8,132,0.06060606060606061,5.475510877572272
from_ipod,mixture_plain,43,9,132,0.06818181818181818,5.79981473794718
from_ipod,mixture_plain,43,10,132,0.07575757575757576,5.568026217006679
from_ipod,mixture_plain,43,11,132,0.08333333333333333,5.713304976440383
from_ipod,mixture_plain,43,12,132,0.09090909090909091,5.751113501936484
from_ipod,mixture_plain,43,13,132,0.09848484848484848,5.8346031450436096
from_ipod,mixture_plain,43,14,132,0.10606060606060606,5.825312327725469
from_ipod,mixture_plain,43,15,132,0.11363636363636363,5.734678669823904
from_ipod,mixture_plain,43,16,132,0.12121212121212122,5.596497711737064
from_ipod,mixture_plain,43,17,132,0.12878787878787878,5.549156421907877
from_ipod,mixture_plain,43,18,132,0.13636363636363635,5.54668499018744
from_ipod,mixture_plain,43,19,132,0.14393939393939395,5.421318024132015
from_ipod,mixture_plain,43,20,132,0.15151515151515152,5.457798586492002
from_ipod,mixture_plain,43,21,132,0.1590909090909091,5.441246425229651
from_ipod,mixture_plain,43,22,132,0.16666666666666666,5.578327478583434
from_ipod,mixture_plain,43,23,132,0.17424242424242425,5.6287331467213075
from_ipod,mixture_plain,43,24,132,0.18181818181818182,5.529789042080409
from_ipod,mixture_plain,43,25,132,0.1893939393939394,5.442737887099845
from_ipod,mixture_plain,43,26,132,0.19696969696969696,5.492013445525162
from_ipod,mixture_plain,43,27,132,0.20454545454545456,5.4519512327438155
from_ipod,mixture_plain,43,28,132,0.21212121212121213,5.433364213935229
from_ipod,mixture_plain,43,29,132,0.2196969696969697,5.324841814174533
from_ipod,mixture_plain,43,30,132,0.22727272727272727,5.295112714579051
from_ipod,mixture_plain,43,31,132,0.23484848484848486,5.324464387038815
from_ipod,mixture_plain,43,32,132,0.24242424242424243,5.372758536639679
from_ipod,mixture_plain,43,33,132,0.25,5.342443053298576
from_ipod,mixture_plain,43,34,132,0.25757575757575757,5.330592854721042
from_ipod,mixture_plain,43,35,132,0.26515151515151514,5.341015163383227
from_ipod,mixture_plain,43,36,132,0.2727272727272727,5.339948033308515
from_ipod,mixture_plain,43,37,132,0.2803030303030303,5.336127549327028
from_ipod,mixture_plain,43,38,132,0.2878787878787879,5.296978436333821
from_ipod,mixture_plain,43,39,132,0.29545454545454547,5.269864461020493
from_ipod,mixture_plain,43,40,132,0.30303030303030304,5.250481373791345
from_ipod,mixture_plain,43,41,132,0.3106060606060606,5.279919404760747
from_ipod,mixture_plain,43,42,132,0.3181818181818182,5.272384460100978
from_ipod,mixture_plain,43,43,132,0.32575757575757575,5.216936550648377
from_ipod,mixture_plain,43,44,132,0.3333333333333333,5.19563553722018
from_ipod,mixture_plain,43,45,132,0.3409090909090909,5.175791976251684
from_ipod,mixture_plain,43,46,132,0.3484848484848485,5.161710564257445
from_ipod,mixture_plain,43,47,132,0.3560606060606061,5.2331515823112555
from_ipod,mixture_plain,43,48,132,0.36363636363636365,5.221021007417612
from_ipod,mixture_plain,43,49,132,0.3712121212121212,5.217623507133237
from_ipod,mixture_plain,43,50,132,0.3787878787878788,5.1978335481887825
from_ipod,mixture_plain,43,51,132,0.38636363636363635,5.205478898601654
from_ipod,mixture_plain,43,52,132,0.3939393939393939,5.308500109557548
from_ipod,mixture_plain,43,53,132,0.4015151515151515,5.317508072352241
from_ipod,mixture_plain,43,54,132,0.4090909090909091,5.310269655192106
from_ipod,mixture_plain,43,55,132,0.4166666666666667,5.313425695302774
from_ipod,mixture_plain,43,56,132,0.42424242424242425,5.26913835671547
from_ipod,mixture_plain,43,57,132,0.4318181818181818,5.2434608599115515
from_ipod,mixture_plain,43,58,132,0.4393939393939394,5.273054388909248
from_ipod,mixture_plain,43,59,132,0.44696969696969696,5.258105757142484
from_ipod,mixture_plain,43,60,132,0.45454545454545453,5.296232306873316
from_ipod,mixture_plain,43,61,132,0.4621212121212121,5.309487513058734
from_ipod,mixture_plain,43,62,132,0.4696969696969697,5.255739769488991
from_ipod,mixture_plain,43,63,132,0.4772727272727273,5.324722383811977
from_ipod,mixture_plain,43,64,132,0.48484848484848486,5.306544515555276
from_ipod,mixture_plain,43,65,132,0.49242424242424243,5.3195349547449275
from_ipod,mixture_plain,43,66,132,0.5,5.314690302354322
from_ipod,mixture_plain,43,67,132,0.5075757575757576,5.356086449381105
from_ipod,mixture_plain,43,68,132,0.5151515151515151,5.451500508493902
from_ipod,mixture_plain,43,69,132,0.5227272727272727,5.423414861313303
from_ipod,mixture_plain,43,70,132,0.5303030303030303,5.377441211753575
from_ipod,mixture_plain,43,71,132,0.5378787878787878,5.360719175377768
from_ipod,mixture_plain,43,72,132,0.5454545454545454,5.318833104926856
from_ipod,mixture_plain,43,73,132,0.553030303030303,5.300890295721767
from_ipod,mixture_plain,43,74,132,0.5606060606060606,5.317541985417483
from_ipod,mixture_plain,43,75,132,0.5681818181818182,5.298580649031914
from_ipod,mixture_plain,43,76,132,0.5757575757575758,5.268537668138407
from_ipod,mixture_plain,43,77,132,0.5833333333333334,5.368179211474642
from_ipod,mixture_plain,43,78,132,0.5909090909090909,5.4075897965203845
from_ipod,mixture_plain,43,79,132,0.5984848484848485,5.461368069339784
from_ipod,mixture_plain,43,80,132,0.6060606060606061,5.470706541437942
from_ipod,mixture_plain,43,81,132,0.6136363636363636,5.521994900964511
from_ipod,mixture_plain,43,82,132,0.6212121212121212,5.509492605741732
from_ipod,mixture_plain,43,83,132,0.6287878787878788,5.515315264694697
from_ipod,mixture_plain,43,84,132,0.6363636363636364,5.498052909832389
from_ipod,mixture_plain,43,85,132,0.6439393939393939,5.4621757939874
from_ipod,mixture_plain,43,86,132,0.6515151515151515,5.493742851518706
from_ipod,mixture_plain,43,87,132,0.6590909090909091,5.486139868478334
from_ipod,mixture_plain,43,88,132,0.6666666666666666,5.485011101741811
from_ipod,mixture_plain,43,89,132,0.6742424242424242,5.45986394605548
from_ipod,mixture_plain,43,90,132,0.6818181818181818,5.439963205996121
from_ipod,mixture_plain,43,91,132,0.6893939393939394,5.4323818908038035
from_ipod,mixture_plain,43,92,132,0.696969696969697,5.408629089120931
from_ipod,mixture_plain,43,93,132,0.7045454545454546,5.404495393430051
from_ipod,mixture_plain,43,94,132,0.7121212121212122,5.3734609602245795
from_ipod,mixture_plain,43,95,132,0.7196969696969697,5.3542857256657825
from_ipod,mixture_plain,43,96,132,0.7272727272727273,5.396079041278163
from_ipod,mixture_plain,43,97,132,0.7348484848484849,5.394881983374774
from_ipod,mixture_plain,43,98,132,0.7424242424242424,5.431836580842893
from_ipod,mixture_plain,43,99,132,0.75,5.396418584286223
from_ipod,mixture_plain,43,100,132,0.7575757575757576,5.400780619716084
from_ipod,mixture_plain,43,101,132,0.7651515151515151,5.357786880504952
from_ipod,mixture_plain,43,102,132,0.7727272727272727,5.418785525141489
from_ipod,mixture_plain,43,103,132,0.7803030303030303,5.41992674325892
from_ipod,mixture_plain,43,104,132,0.7878787878787878,5.419383251993626
from_ipod,mixture_plain,43,105,132,0.7954545454545454,5.405474877455171
from_ipod,mixture_plain,43,106,132,0.803030303030303,5.393038444494854
from_ipod,mixture_plain,43,107,132,0.8106060606060606,5.389228814356703
from_ipod,mixture_plain,43,108,132,0.8181818181818182,5.370869921476425
from_ipod,mixture_plain,43,109,132,0.8257575757575758,5.336304505293253
from_ipod,mixture_plain,43,110,132,0.8333333333333334,5.329047785006229
from_ipod,mixture_plain,43,111,132,0.8409090909090909,5.300316018291681
from_ipod,mixture_plain,43,112,132,0.8484848484848485,5.337124524736443
from_ipod,mixture_plain,43,113,132,0.8560606060606061,5.309661610277569
from_ipod,mixture_plain,43,114,132,0.8636363636363636,5.312044252213296
from_ipod,mixture_plain,43,115,132,0.8712121212121212,5.335035925612211
from_ipod,mixture_plain,43,116,132,0.8787878787878788,5.334580378222825
from_ipod,mixture_plain,43,117,132,0.8863636363636364,5.357343752036826
from_ipod,mixture_plain,43,118,132,0.8939393939393939,5.356144681425159
from_ipod,mixture_plain,43,119,132,0.9015151515151515,5.401599304044164
from_ipod,mixture_plain,43,120,132,0.9090909090909091,5.4326323672762316
from_ipod,mixture_plain,43,121,132,0.9166666666666666,5.4867848935141454
from_ipod,mixture_plain,43,122,132,0.9242424242424242,5.517309113393456
from_ipod,mixture_plain,43,123,132,0.9318181818181818,5.5144819373706015
from_ipod,mixture_plain,43,124,132,0.9393939393939394,5.553746378982402
from_ipod,mixture_plain,43,125,132,0.946969696969697,5.5310671153596775
from_ipod,mixture_plain,43,126,132,0.9545454545454546,5.524478325340261
from_ipod,mixture_plain,43,127,132,0.9621212121212122,5.571159271252458
from_ipod,mixture_plain,43,128,132,0.9696969696969697,5.619223429133211
from_ipod,mixture_plain,43,129,132,0.9772727272727273,5.598994628845708
from_ipod,mixture_plain,43,130,132,0.9848484848484849,5.577710120286316
from_ipod,mixture_plain,43,131,132,0.9924242424242424,5.576352251008097
from_ipod,mixture_plain,43,132,132,1.0,5.5651915736887085
from_ipod,plain_graph_always,43,1,132,0.007575757575757576,2.1161521981815854
from_ipod,plain_graph_always,43,2,132,0.015151515151515152,4.822850959866875
from_ipod,plain_graph_always,43,3,132,0.022727272727272728,5.330843652211984
from_ipod,plain_graph_always,43,4,132,0.030303030303030304,4.989859743252576
from_ipod,plain_graph_always,43,5,132,0.03787878787878788,5.287619489608404
from_ipod,plain_graph_always,43,6,132,0.045454545454545456,4.69734285337709
from_ipod,plain_graph_always,43,7,132,0.05303030303030303,4.814693856489799
from_ipod,plain_graph_always,43,8,132,0.06060606060606061,4.969117912171144
from_ipod,plain_graph_always,43,9,132,0.06818181818181818,4.699763449335442
from_ipod,plain_graph_always,43,10,132,0.07575757575757576,4.670788458775999
from_ipod,plain_graph_always,43,11,132,0.08333333333333333,4.833155862261894
from_ipod,plain_graph_always,43,12,132,0.09090909090909091,4.960399990334527
from_ipod,plain_graph_always,43,13,132,0.09848484848484848,5.384523425162233
from_ipod,plain_graph_always,43,14,132,0.10606060606060606,5.590176925530637
from_ipod,plain_graph_always,43,15,132,0.11363636363636363,5.340912853417952
from_ipod,plain_graph_always,43,16,132,0.12121212121212122,5.601405038377239
from_ipod,plain_graph_always,43,17,132,0.12878787878787878,5.616536653294595
from_ipod,plain_graph_always,43,18,132,0.13636363636363635,5.593827882578125
from_ipod,plain_graph_always,43,19,132,0.14393939393939395,5.392512703314705
from_ipod,plain_graph_always,43,20,132,0.15151515151515152,5.33737564208011
from_ipod,plain_graph_always,43,21,132,0.1590909090909091,5.369899426824721
from_ipod,plain_graph_always,43,22,132,0.16666666666666666,5.356371920936268
from_ipod,plain_graph_always,43,23,132,0.17424242424242425,5.249134436907116
from_ipod,plain_graph_always,43,24,132,0.18181818181818182,5.179701176875503
from_ipod,plain_graph_always,43,25,132,0.1893939393939394,5.214496355006053
from_ipod,plain_graph_always,43,26,132,0.19696969696969696,5.207711605520531
from_ipod,plain_graph_always,43,27,132,0.20454545454545456,5.176724127168853
from_ipod,plain_graph_always,43,28,132,0.21212121212121213,5.326691753519246
from_ipod,plain_graph_always,43,29,132,0.2196969696969697,5.35215873857783
from_ipod,plain_graph_always,43,30,132,0.22727272727272727,5.430223768491748
from_ipod,plain_graph_always,43,31,132,0.23484848484848486,5.398783080403472
from_ipod,plain_graph_always,43,32,132,0.24242424242424243,5.431865553948845
from_ipod,plain_graph_always,43,33,132,0.25,5.38094776433495
from_ipod,plain_graph_always,43,34,132,0.25757575757575757,5.325144097328007
from_ipod,plain_graph_always,43,35,132,0.26515151515151514,5.345345105140362
from_ipod,plain_graph_always,43,36,132,0.2727272727272727,5.260011588580667
from_ipod,plain_graph_always,43,37,132,0.2803030303030303,5.279058505551233
from_ipod,plain_graph_always,43,38,132,0.2878787878787879,5.245625559206254
from_ipod,plain_graph_always,43,39,132,0.29545454545454547,5.219477161154189
from_ipod,plain_graph_always,43,40,132,0.30303030303030304,5.300891470692808
from_ipod,plain_graph_always,43,41,132,0.3106060606060606,5.317977828844216
from_ipod,plain_graph_always,43,42,132,0.3181818181818182,5.235278209317141
from_ipod,plain_graph_always,43,43,132,0.32575757575757575,5.184697101511483
from_ipod,plain_graph_always,43,44,132,0.3333333333333333,5.269729192993712
from_ipod,plain_graph_always,43,45,132,0.3409090909090909,5.29895877393811
from_ipod,plain_graph_always,43,46,132,0.3484848484848485,5.248255744854693
from_ipod,plain_graph_always,43,47,132,0.3560606060606061,5.326054357352256
from_ipod,plain_graph_always,43,48,132,0.36363636363636365,5.25415404183057
from_ipod,plain_graph_always,43,49,132,0.3712121212121212,5.267606241522828
from_ipod,plain_graph_always,43,50,132,0.3787878787878788,5.318217396263446
from_ipod,plain_graph_always,43,51,132,0.38636363636363635,5.371756371933364
from_ipod,plain_graph_always,43,52,132,0.3939393939393939,5.43421550398771
from_ipod,plain_graph_always,43,53,132,0.4015151515151515,5.442596463845114
from_ipod,plain_graph_always,43,54,132,0.4090909090909091,5.424948487465811
from_ipod,plain_graph_always,43,55,132,0.4166666666666667,5.492045988759219
from_ipod,plain_graph_always,43,56,132,0.42424242424242425,5.45964891696642
from_ipod,plain_graph_always,43,57,132,0.4318181818181818,5.441199697375727
from_ipod,plain_graph_always,43,58,132,0.4393939393939394,5.392731929699106
from_ipod,plain_graph_always,43,59,132,0.44696969696969696,5.375111759330388
from_ipod,plain_graph_always,43,60,132,0.45454545454545453,5.384429562748182
from_ipod,plain_graph_always,43,61,132,0.4621212121212121,5.304793892378553
from_ipod,plain_graph_always,43,62,132,0.4696969696969697,5.272546269090791
from_ipod,plain_graph_always,43,63,132,0.4772727272727273,5.289859690235291
from_ipod,plain_graph_always,43,64,132,0.48484848484848486,5.271434482690746
from_ipod,plain_graph_always,43,65,132,0.49242424242424243,5.347298198369237
from_ipod,plain_graph_always,43,66,132,0.5,5.351835254194076
from_ipod,plain_graph_always,43,67,132,0.5075757575757576,5.349581634741668
from_ipod,plain_graph_always,43,68,132,0.5151515151515151,5.355263909528704
from_ipod,plain_graph_always,43,69,132,0.5227272727272727,5.3365340298843025
from_ipod,plain_graph_always,43,70,132,0.5303030303030303,5.329014016827398
from_ipod,plain_graph_always,43,71,132,0.5378787878787878,5.294280221359646
from_ipod,plain_graph_always,43,72,132,0.5454545454545454,5.365461171825501
from_ipod,plain_graph_always,43,73,132,0.553030303030303,5.345664576690953
from_ipod,plain_graph_always,43,74,132,0.5606060606060606,5.3394229140952145
from_ipod,plain_graph_always,43,75,132,0.5681818181818182,5.360007364589683
from_ipod,plain_graph_always,43,76,132,0.5757575757575758,5.3479275689216745
from_ipod,plain_graph_always,43,77,132,0.5833333333333334,5.336508286960692
from_ipod,plain_graph_always,43,78,132,0.5909090909090909,5.328500186131309
from_ipod,plain_graph_always,43,79,132,0.5984848484848485,5.331583173884687
from_ipod,plain_graph_always,43,80,132,0.6060606060606061,5.305801272489583
from_ipod,plain_graph_always,43,81,132,0.6136363636363636,5.277926271460641
from_ipod,plain_graph_always,43,82,132,0.6212121212121212,5.289382294626012
from_ipod,plain_graph_always,43,83,132,0.6287878787878788,5.295167659107031
from_ipod,plain_graph_always,43,84,132,0.6363636363636364,5.287626368735535
from_ipod,plain_graph_always,43,85,132,0.6439393939393939,5.2474533899252
from_ipod,plain_graph_always,43,86,132,0.6515151515151515,5.296922399864161
from_ipod,plain_graph_always,43,87,132,0.6590909090909091,5.365613995083483
from_ipod,plain_graph_always,43,88,132,0.6666666666666666,5.339018612275629
from_ipod,plain_graph_always,43,89,132,0.6742424242424242,5.357070185534613
from_ipod,plain_graph_always,43,90,132,0.6818181818181818,5.313101724563204
from_ipod,plain_graph_always,43,91,132,0.6893939393939394,5.327012518397326
from_ipod,plain_graph_always,43,92,132,0.696969696969697,5.310402123871594
from_ipod,plain_graph_always,43,93,132,0.7045454545454546,5.340673489244073
from_ipod,plain_graph_always,43,94,132,0.7121212121212122,5.362740827754343
from_ipod,plain_graph_always,43,95,132,0.7196969696969697,5.335049532907675
from_ipod,plain_graph_always,43,96,132,0.7272727272727273,5.305470270346793
from_ipod,plain_graph_always,43,97,132,0.7348484848484849,5.2807162361705275
from_ipod,plain_graph_always,43,98,132,0.7424242424242424,5.251578704394732
from_ipod,plain_graph_always,43,99,132,0.75,5.26309448632784
from_ipod,plain_graph_always,43,100,132,0.7575757575757576,5.247265087419414
from_ipod,plain_graph_always,43,101,132,0.7651515151515151,5.218462395144641
from_ipod,plain_graph_always,43,102,132,0.7727272727272727,5.262561525514269
from_ipod,plain_graph_always,43,103,132,0.7803030303030303,5.228503950526675
from_ipod,plain_graph_always,43,104,132,0.7878787878787878,5.27589525261004
from_ipod,plain_graph_always,43,105,132,0.7954545454545454,5.258925306322582
from_ipod,plain_graph_always,43,106,132,0.803030303030303,5.242284060804377
from_ipod,plain_graph_always,43,107,132,0.8106060606060606,5.230233873659956
from_ipod,plain_graph_always,43,108,132,0.8181818181818182,5.2219617689218945
from_ipod,plain_graph_always,43,109,132,0.8257575757575758,5.21207958405032
from_ipod,plain_graph_always,43,110,132,0.8333333333333334,5.209940630844965
from_ipod,plain_graph_always,43,111,132,0.8409090909090909,5.178017560888373
from_ipod,plain_graph_always,43,112,132,0.8484848484848485,5.171095559027215
from_ipod,plain_graph_always,43,113,132,0.8560606060606061,5.148214946381481
from_ipod,plain_graph_always,43,114,132,0.8636363636363636,5.128394629101396
from_ipod,plain_graph_always,43,115,132,0.8712121212121212,5.161614736125106
from_ipod,plain_graph_always,43,116,132,0.8787878787878788,5.16935651645783
from_ipod,plain_graph_always,43,117,132,0.8863636363636364,5.186870308820342
from_ipod,plain_graph_always,43,118,132,0.8939393939393939,5.18300010771389
from_ipod,plain_graph_always,43,119,132,0.9015151515151515,5.167732985643937
from_ipod,plain_graph_always,43,120,132,0.9090909090909091,5.140283736607597
from_ipod,plain_graph_always,43,121,132,0.9166666666666666,5.161050761006408
from_ipod,plain_graph_always,43,122,132,0.9242424242424242,5.167947842211719
from_ipod,plain_graph_always,43,123,132,0.9318181818181818,5.155011910220819
from_ipod,plain_graph_always,43,124,132,0.9393939393939394,5.142648230333813
from_ipod,plain_graph_always,43,125,132,0.946969696969697,5.122666653735472
from_ipod,plain_graph_always,43,126,132,0.9545454545454546,5.091705310476634
from_ipod,plain_graph_always,43,127,132,0.9621212121212122,5.087545614110787
from_ipod,plain_graph_always,43,128,132,0.9696969696969697,5.067617992715865
from_ipod,plain_graph_always,43,129,132,0.9772727272727273,5.036733650758786
from_ipod,plain_graph_always,43,130,132,0.9848484848484849,5.022499119562455
from_ipod,plain_graph_always,43,131,132,0.9924242424242424,5.016141412370631
from_ipod,plain_graph_always,43,132,132,1.0,5.002134890273328
