protocol,arm,coverage,mean_delta_e00
mixed,baseline_raw,0.003787878787878788,4.317640945849192
mixed,baseline_raw,0.007575757575757576,2.976998450119264
mixed,baseline_raw,0.011363636363636364,2.86009928302228
mixed,baseline_raw,0.015151515151515152,2.567222437580897
mixed,baseline_raw,0.01893939393939394,3.0389219954163877
mixed,baseline_raw,0.022727272727272728,3.1098660213224387
mixed,baseline_raw,0.026515151515151516,3.0822481817259124
mixed,baseline_raw,0.030303030303030304,3.260543313469873
mixed,baseline_raw,0.03409090909090909,3.030448652697853
mixed,baseline_raw,0.03787878787878788,3.3158259696081553
mixed,baseline_raw,0.041666666666666664,3.1626529526792813
mixed,baseline_raw,0.045454545454545456,2.9970261616939773
mixed,baseline_raw,0.04924242424242424,3.043317540341061
mixed,baseline_raw,0.05303030303030303,3.022071556513397
mixed,baseline_raw,0.056818181818181816,3.1328061821457234
mixed,baseline_raw,0.06060606060606061,3.062335268641162
mixed,baseline_raw,0.06439393939393939,3.1031269340322374
mixed,baseline_raw,0.06818181818181818,3.1672943469356
mixed,baseline_raw,0.07196969696969698,3.1805144804509733
mixed,baseline_raw,0.07575757575757576,3.132079069111375
mixed,baseline_raw,0.07954545454545454,3.039904998631106
mixed,baseline_raw,0.08333333333333333,3.2486971535027833
mixed,baseline_raw,0.08712121212121213,3.2236047088792774
mixed,baseline_raw,0.09090909090909091,3.160425793871117
mixed,baseline_raw,0.0946969696969697,3.2192384547005903
mixed,baseline_raw,0.09848484848484848,3.1394191512093363
mixed,baseline_raw,0.10227272727272728,3.108896810528678
mixed,baseline_raw,0.10606060606060606,3.1292012280120862
mixed,baseline_raw,0.10984848484848485,3.1217194186203208
mixed,baseline_raw,0.11363636363636363,3.099756519142066
mixed,baseline_raw,0.11742424242424243,3.0855082938521234
mixed,baseline_raw,0.12121212121212122,3.0506168361432153
mixed,baseline_raw,0.125,3.004208153399204
mixed,baseline_raw,0.12878787878787878,3.015048144729306
mixed,baseline_raw,0.13257575757575757,3.0023286791459243
mixed,baseline_raw,0.13636363636363635,3.1509562325307363
mixed,baseline_raw,0.14015151515151514,3.1320451948098182
mixed,baseline_raw,0.14393939393939395,3.0967529855350464
mixed,baseline_raw,0.14772727272727273,3.049716571639421
mixed,baseline_raw,0.15151515151515152,3.0316466813298746
mixed,baseline_raw,0.1553030303030303,3.0629740280733295
mixed,baseline_raw,0.1590909090909091,3.051802090887661
mixed,baseline_raw,0.16287878787878787,3.020325710636161
mixed,baseline_raw,0.16666666666666666,3.0413255903254695
mixed,baseline_raw,0.17045454545454544,3.019649312220242
mixed,baseline_raw,0.17424242424242425,3.015051316395056
mixed,baseline_raw,0.17803030303030304,3.0594123567597724
mixed,baseline_raw,0.18181818181818182,3.0343344082241814
mixed,baseline_raw,0.1856060606060606,3.0935215443358905
mixed,baseline_raw,0.1893939393939394,3.0799631647565486
mixed,baseline_raw,0.19318181818181818,3.056084878699469
mixed,baseline_raw,0.19696969696969696,3.1116449968027076
mixed,baseline_raw,0.20075757575757575,3.0754504876632467
mixed,baseline_raw,0.20454545454545456,3.0425259162657134
mixed,baseline_raw,0.20833333333333334,3.0139563290818034
mixed,baseline_raw,0.21212121212121213,3.0050668300603873
mixed,baseline_raw,0.2159090909090909,3.051235065242872
mixed,baseline_raw,0.2196969696969697,3.0439918920881084
mixed,baseline_raw,0.22348484848484848,3.0374552296451136
mixed,baseline_raw,0.22727272727272727,3.0204412926111535
mixed,baseline_raw,0.23106060606060605,3.0283299892590594
mixed,baseline_raw,0.23484848484848486,3.0048023870751983
mixed,baseline_raw,0.23863636363636365,3.044559081327098
mixed,baseline_raw,0.24242424242424243,3.0242707907512583
mixed,baseline_raw,0.24621212121212122,2.9956154987484607
mixed,baseline_raw,0.25,2.9922970918897196
mixed,baseline_raw,0.2537878787878788,3.0368388828191617
mixed,baseline_raw,0.25757575757575757,3.070978169949209
mixed,baseline_raw,0.26136363636363635,3.051064944647845
mixed,baseline_raw,0.26515151515151514,3.0538053776018224
mixed,baseline_raw,0.2689393939393939,3.08978822482942
mixed,baseline_raw,0.2727272727272727,3.1520092288633736
mixed,baseline_raw,0.2765151515151515,3.153543705500804
mixed,baseline_raw,0.2803030303030303,3.14223745706111
mixed,baseline_raw,0.2840909090909091,3.129788305633459
mixed,baseline_raw,0.2878787878787879,3.1729886225439934
mixed,baseline_raw,0.2916666666666667,3.1797514262883944
mixed,baseline_raw,0.29545454545454547,3.2055515393242104
mixed,baseline_raw,0.29924242424242425,3.226325131817722
mixed,baseline_raw,0.30303030303030304,3.225907237266705
mixed,baseline_raw,0.3068181818181818,3.213412339742986
mixed,baseline_raw,0.3106060606060606,3.214745332625064
mixed,baseline_raw,0.3143939393939394,3.210688068020126
mixed,baseline_raw,0.3181818181818182,3.2160428852097893
mixed,baseline_raw,0.32196969696969696,3.2004357448603016
mixed,baseline_raw,0.32575757575757575,3.193310144804568
mixed,baseline_raw,0.32954545454545453,3.186079594867278
mixed,baseline_raw,0.3333333333333333,3.1791031644228003
mixed,baseline_raw,0.3371212121212121,3.178603401689782
mixed,baseline_raw,0.3409090909090909,3.1652642687572787
mixed,baseline_raw,0.3446969696969697,3.1430729113286904
mixed,baseline_raw,0.3484848484848485,3.1345949273182736
mixed,baseline_raw,0.3522727272727273,3.1340295784178216
mixed,baseline_raw,0.3560606060606061,3.1599548440527383
mixed,baseline_raw,0.35984848484848486,3.152902748152453
mixed,baseline_raw,0.36363636363636365,3.187344483594065
mixed,baseline_raw,0.36742424242424243,3.1983989905357717
mixed,baseline_raw,0.3712121212121212,3.1953007798979383
mixed,baseline_raw,0.375,3.208921309127161
mixed,baseline_raw,0.3787878787878788,3.1928407008464803
mixed,baseline_raw,0.38257575757575757,3.1919424906253124
mixed,baseline_raw,0.38636363636363635,3.184888537364909
mixed,baseline_raw,0.39015151515151514,3.179996866227499
mixed,baseline_raw,0.3939393939393939,3.178210352191886
mixed,baseline_raw,0.3977272727272727,3.200257339004983
mixed,baseline_raw,0.4015151515151515,3.2016902936176272
mixed,baseline_raw,0.4053030303030303,3.1925925972304605
mixed,baseline_raw,0.4090909090909091,3.1804944098434986
mixed,baseline_raw,0.4128787878787879,3.16074333650571
mixed,baseline_raw,0.4166666666666667,3.154396258871685
mixed,baseline_raw,0.42045454545454547,3.145386529465665
mixed,baseline_raw,0.42424242424242425,3.1292033376084127
mixed,baseline_raw,0.42803030303030304,3.151234490683654
mixed,baseline_raw,0.4318181818181818,3.158500760286806
mixed,baseline_raw,0.4356060606060606,3.1714376589264526
mixed,baseline_raw,0.4393939393939394,3.155575408053277
mixed,baseline_raw,0.4431818181818182,3.154855571879819
mixed,baseline_raw,0.44696969696969696,3.15604541473332
mixed,baseline_raw,0.45075757575757575,3.150979204060363
mixed,baseline_raw,0.45454545454545453,3.137428235179023
mixed,baseline_raw,0.4583333333333333,3.1364136302823185
mixed,baseline_raw,0.4621212121212121,3.1210542732955155
mixed,baseline_raw,0.4659090909090909,3.1202993761809528
mixed,baseline_raw,0.4696969696969697,3.111581415123288
mixed,baseline_raw,0.4734848484848485,3.102092081911388
mixed,baseline_raw,0.4772727272727273,3.1023570241618734
mixed,baseline_raw,0.4810606060606061,3.127476525427816
mixed,baseline_raw,0.48484848484848486,3.112212484198809
mixed,baseline_raw,0.48863636363636365,3.1232663923266837
mixed,baseline_raw,0.49242424242424243,3.1279234285329167
mixed,baseline_raw,0.4962121212121212,3.1305912894224757
mixed,baseline_raw,0.5,3.1276425136708
mixed,baseline_raw,0.5037878787878788,3.133966119951302
mixed,baseline_raw,0.5075757575757576,3.1227697171734623
mixed,baseline_raw,0.5113636363636364,3.1366906118547413
mixed,baseline_raw,0.5151515151515151,3.1321595444936547
mixed,baseline_raw,0.5189393939393939,3.1210276866868205
mixed,baseline_raw,0.5227272727272727,3.1400187786063154
mixed,baseline_raw,0.5265151515151515,3.1319209684341245
mixed,baseline_raw,0.5303030303030303,3.1262197747229012
mixed,baseline_raw,0.5340909090909091,3.149200293535906
mixed,baseline_raw,0.5378787878787878,3.1339559587593975
mixed,baseline_raw,0.5416666666666666,3.1255316928154175
mixed,baseline_raw,0.5454545454545454,3.1354522966941296
mixed,baseline_raw,0.5492424242424242,3.1286762417187894
mixed,baseline_raw,0.553030303030303,3.1253729269342343
mixed,baseline_raw,0.5568181818181818,3.115483138300812
mixed,baseline_raw,0.5606060606060606,3.1033242327312447
mixed,baseline_raw,0.5643939393939394,3.1008775335786183
mixed,baseline_raw,0.5681818181818182,3.092347201090187
mixed,baseline_raw,0.571969696969697,3.081235290885926
mixed,baseline_raw,0.5757575757575758,3.086661944712206
mixed,baseline_raw,0.5795454545454546,3.0911056246953392
mixed,baseline_raw,0.5833333333333334,3.114716216513944
mixed,baseline_raw,0.5871212121212122,3.128422135431945
mixed,baseline_raw,0.5909090909090909,3.1445939071545888
mixed,baseline_raw,0.5946969696969697,3.147908073243008
mixed,baseline_raw,0.5984848484848485,3.178471102738848
mixed,baseline_raw,0.6022727272727273,3.192644954295593
mixed,baseline_raw,0.6060606060606061,3.2248095615041836
mixed,baseline_raw,0.6098484848484849,3.2171948182123598
mixed,baseline_raw,0.6136363636363636,3.2140140986368664
mixed,baseline_raw,0.6174242424242424,3.202225640796995
mixed,baseline_raw,0.6212121212121212,3.201394183746178
mixed,baseline_raw,0.625,3.2004713242938507
mixed,baseline_raw,0.6287878787878788,3.189003827223909
mixed,baseline_raw,0.6325757575757576,3.18133116016528
mixed,baseline_raw,0.6363636363636364,3.206512547034775
mixed,baseline_raw,0.6401515151515151,3.217471309861841
mixed,baseline_raw,0.6439393939393939,3.2069411254261166
mixed,baseline_raw,0.6477272727272727,3.216091997832152
mixed,baseline_raw,0.6515151515151515,3.2348851584063176
mixed,baseline_raw,0.6553030303030303,3.233466335648283
mixed,baseline_raw,0.6590909090909091,3.2378566119956798
mixed,baseline_raw,0.6628787878787878,3.2587133250895466
mixed,baseline_raw,0.6666666666666666,3.2525431519524486
mixed,baseline_raw,0.6704545454545454,3.2550314459605936
mixed,baseline_raw,0.6742424242424242,3.262584419581121
mixed,baseline_raw,0.678030303030303,3.255944355208591
mixed,baseline_raw,0.6818181818181818,3.249695299440077
mixed,baseline_raw,0.6856060606060606,3.2574924676525074
mixed,baseline_raw,0.6893939393939394,3.2477836258852952
mixed,baseline_raw,0.6931818181818182,3.246573314274803
mixed,baseline_raw,0.696969696969697,3.2422241888141983
mixed,baseline_raw,0.7007575757575758,3.2554849621250326
mixed,baseline_raw,0.7045454545454546,3.277717289298264
mixed,baseline_raw,0.7083333333333334,3.299996761149418
mixed,baseline_raw,0.7121212121212122,3.297033681771375
mixed,baseline_raw,0.7159090909090909,3.307658519260072
mixed,baseline_raw,0.7196969696969697,3.3018374262757866
mixed,baseline_raw,0.7234848484848485,3.292731936916058
mixed,baseline_raw,0.7272727272727273,3.2854544298962742
mixed,baseline_raw,0.7310606060606061,3.298659752867969
mixed,baseline_raw,0.7348484848484849,3.3120940382391986
mixed,baseline_raw,0.7386363636363636,3.349610385949735
mixed,baseline_raw,0.7424242424242424,3.342397092581416
mixed,baseline_raw,0.7462121212121212,3.341036169965323
mixed,baseline_raw,0.75,3.347159799238582
mixed,baseline_raw,0.7537878787878788,3.3612880435839636
mixed,baseline_raw,0.7575757575757576,3.3678385833118347
mixed,baseline_raw,0.7613636363636364,3.3559531234392104
mixed,baseline_raw,0.7651515151515151,3.3532685665411113
mixed,baseline_raw,0.7689393939393939,3.3561291870258323
mixed,baseline_raw,0.7727272727272727,3.3557122111445428
mixed,baseline_raw,0.7765151515151515,3.3631651356343646
mixed,baseline_raw,0.7803030303030303,3.3548550255051968
mixed,baseline_raw,0.7840909090909091,3.341792475150958
mixed,baseline_raw,0.7878787878787878,3.3392619534733363
mixed,baseline_raw,0.7916666666666666,3.3382591915189135
mixed,baseline_raw,0.7954545454545454,3.3389338673414577
mixed,baseline_raw,0.7992424242424242,3.357930921766231
mixed,baseline_raw,0.803030303030303,3.36310399689065
mixed,baseline_raw,0.8068181818181818,3.3569291923090803
mixed,baseline_raw,0.8106060606060606,3.36203370488646
mixed,baseline_raw,0.8143939393939394,3.3896173907502565
mixed,baseline_raw,0.8181818181818182,3.391242851003051
mixed,baseline_raw,0.821969696969697,3.401233812608485
mixed,baseline_raw,0.8257575757575758,3.4108080799683607
mixed,baseline_raw,0.8295454545454546,3.404164594834692
mixed,baseline_raw,0.8333333333333334,3.403989969404338
mixed,baseline_raw,0.8371212121212122,3.4124678828587443
mixed,baseline_raw,0.8409090909090909,3.425498334677273
mixed,baseline_raw,0.8446969696969697,3.4269993150192435
mixed,baseline_raw,0.8484848484848485,3.4243407019391525
mixed,baseline_raw,0.8522727272727273,3.4251242834750966
mixed,baseline_raw,0.8560606060606061,3.4225709063253595
mixed,baseline_raw,0.8598484848484849,3.417043864414318
mixed,baseline_raw,0.8636363636363636,3.407854228964395
mixed,baseline_raw,0.8674242424242424,3.4069402223517673
mixed,baseline_raw,0.8712121212121212,3.4037894604540546
mixed,baseline_raw,0.875,3.4070390823617536
mixed,baseline_raw,0.8787878787878788,3.4142195876742125
mixed,baseline_raw,0.8825757575757576,3.407853493552335
mixed,baseline_raw,0.8863636363636364,3.4063197704561468
mixed,baseline_raw,0.8901515151515151,3.413139951436925
mixed,baseline_raw,0.8939393939393939,3.4137941456398457
mixed,baseline_raw,0.8977272727272727,3.4212798610125765
mixed,baseline_raw,0.9015151515151515,3.4445924941994464
mixed,baseline_raw,0.9053030303030303,3.4433920857313924
mixed,baseline_raw,0.9090909090909091,3.451537862294252
mixed,baseline_raw,0.9128787878787878,3.4497267385357424
mixed,baseline_raw,0.9166666666666666,3.467912159595978
mixed,baseline_raw,0.9204545454545454,3.4818171173866457
mixed,baseline_raw,0.9242424242424242,3.490497786931513
mixed,baseline_raw,0.928030303030303,3.491911305606699
mixed,baseline_raw,0.9318181818181818,3.483388415858966
mixed,baseline_raw,0.9356060606060606,3.4758076915710014
mixed,baseline_raw,0.9393939393939394,3.4827740423899765
mixed,baseline_raw,0.9431818181818182,3.488274363397798
mixed,baseline_raw,0.946969696969697,3.483892010217005
mixed,baseline_raw,0.9507575757575758,3.4770382415717633
mixed,baseline_raw,0.9545454545454546,3.468354828558464
mixed,baseline_raw,0.9583333333333334,3.475562872091706
mixed,baseline_raw,0.9621212121212122,3.470653689027379
mixed,baseline_raw,0.9659090909090909,3.4635428016271788
mixed,baseline_raw,0.9696969696969697,3.4618555810584204
mixed,baseline_raw,0.9734848484848485,3.4589752177138657
mixed,baseline_raw,0.9772727272727273,3.449845269942004
mixed,baseline_raw,0.9810606060606061,3.4581433826840704
mixed,baseline_raw,0.9848484848484849,3.4544486789120428
mixed,baseline_raw,0.9886363636363636,3.450862853841549
mixed,baseline_raw,0.9924242424242424,3.4495898202239847
mixed,baseline_raw,0.9962121212121212,3.4442721625211874
mixed,baseline_raw,1.0,3.4405959189021242
mixed,baseline_paired,0.003787878787878788,4.44215055149684
mixed,baseline_paired,0.007575757575757576,2.864564850360047
mixed,baseline_paired,0.011363636363636364,2.5327906611873723
mixed,baseline_paired,0.015151515151515152,2.240393033450307
mixed,baseline_paired,0.01893939393939394,2.7549199105842526
mixed,baseline_paired,0.022727272727272728,2.8019076506958385
mixed,baseline_paired,0.026515151515151516,2.683619331855273
mixed,baseline_paired,0.030303030303030304,2.966075949933202
mixed,baseline_paired,0.03409090909090909,2.794762077200051
mixed,baseline_paired,0.03787878787878788,3.048560974370288
mixed,baseline_paired,0.041666666666666664,2.9677962309170147
mixed,baseline_paired,0.045454545454545456,2.8669979710718505
mixed,baseline_paired,0.04924242424242424,2.9630256205183314
mixed,baseline_paired,0.05303030303030303,2.891966253596436
mixed,baseline_paired,0.056818181818181816,3.044578606317312
mixed,baseline_paired,0.06060606060606061,3.0718483410942086
mixed,baseline_paired,0.06439393939393939,3.1066229835505355
mixed,baseline_paired,0.06818181818181818,3.144337677557534
mixed,baseline_paired,0.07196969696969698,3.181147529239372
mixed,baseline_paired,0.07575757575757576,3.133627451924035
mixed,baseline_paired,0.07954545454545454,3.0563918406871093
mixed,baseline_paired,0.08333333333333333,3.3156631623087613
mixed,baseline_paired,0.08712121212121213,3.3317841745136954
mixed,baseline_paired,0.09090909090909091,3.287909821684591
mixed,baseline_paired,0.0946969696969697,3.3923940153456016
mixed,baseline_paired,0.09848484848484848,3.3659917068435887
mixed,baseline_paired,0.10227272727272728,3.3321229733324746
mixed,baseline_paired,0.10606060606060606,3.3098116935597055
mixed,baseline_paired,0.10984848484848485,3.2702499679497627
mixed,baseline_paired,0.11363636363636363,3.2587404741807653
mixed,baseline_paired,0.11742424242424243,3.251085331902619
mixed,baseline_paired,0.12121212121212122,3.2085265081457823
mixed,baseline_paired,0.125,3.2224423224375585
mixed,baseline_paired,0.12878787878787878,3.207806848394185
mixed,baseline_paired,0.13257575757575757,3.1857613839519714
mixed,baseline_paired,0.13636363636363635,3.3170643790421437
mixed,baseline_paired,0.14015151515151514,3.2887508213047743
mixed,baseline_paired,0.14393939393939395,3.24076128596336
mixed,baseline_paired,0.14772727272727273,3.1996922761034696
mixed,baseline_paired,0.15151515151515152,3.160839140810616
mixed,baseline_paired,0.1553030303030303,3.1807482379035066
mixed,baseline_paired,0.1590909090909091,3.164370935399676
mixed,baseline_paired,0.16287878787878787,3.1408451836735467
mixed,baseline_paired,0.16666666666666666,3.149954284224112
mixed,baseline_paired,0.17045454545454544,3.1349124895646567
mixed,baseline_paired,0.17424242424242425,3.128491098832489
mixed,baseline_paired,0.17803030303030304,3.1653003506100177
mixed,baseline_paired,0.18181818181818182,3.146796432506115
mixed,baseline_paired,0.1856060606060606,3.224514560901854
mixed,baseline_paired,0.1893939393939394,3.2180554617255357
mixed,baseline_paired,0.19318181818181818,3.1953399300559675
mixed,baseline_paired,0.19696969696969696,3.256937186955079
mixed,baseline_paired,0.20075757575757575,3.2203263373964788
mixed,baseline_paired,0.20454545454545456,3.1878264424492286
mixed,baseline_paired,0.20833333333333334,3.157480531843755
mixed,baseline_paired,0.21212121212121213,3.1496433064433784
mixed,baseline_paired,0.2159090909090909,3.198986327320604
mixed,baseline_paired,0.2196969696969697,3.20369509835737
mixed,baseline_paired,0.22348484848484848,3.1852122458073304
mixed,baseline_paired,0.22727272727272727,3.1723617941448077
mixed,baseline_paired,0.23106060606060605,3.171485026892554
mixed,baseline_paired,0.23484848484848486,3.1491750192020884
mixed,baseline_paired,0.23863636363636365,3.1883483893267055
mixed,baseline_paired,0.24242424242424243,3.170528640593107
mixed,baseline_paired,0.24621212121212122,3.1277681146458782
mixed,baseline_paired,0.25,3.106229303891576
mixed,baseline_paired,0.2537878787878788,3.1519562260871106
mixed,baseline_paired,0.25757575757575757,3.1883692009492424
mixed,baseline_paired,0.26136363636363635,3.1686559032247454
mixed,baseline_paired,0.26515151515151514,3.1559948862362774
mixed,baseline_paired,0.2689393939393939,3.198330939914673
mixed,baseline_paired,0.2727272727272727,3.2811641998215144
mixed,baseline_paired,0.2765151515151515,3.284013902566896
mixed,baseline_paired,0.2803030303030303,3.2811298680701935
mixed,baseline_paired,0.2840909090909091,3.2630549758541694
mixed,baseline_paired,0.2878787878787879,3.304378048131987
mixed,baseline_paired,0.2916666666666667,3.3034118576965743
mixed,baseline_paired,0.29545454545454547,3.3408362608864355
mixed,baseline_paired,0.29924242424242425,3.3720509281289015
mixed,baseline_paired,0.30303030303030304,3.370211987500545
mixed,baseline_paired,0.3068181818181818,3.3494758050673155
mixed,baseline_paired,0.3106060606060606,3.3517348428565743
mixed,baseline_paired,0.3143939393939394,3.3446854035380547
mixed,baseline_paired,0.3181818181818182,3.350593201952277
mixed,baseline_paired,0.32196969696969696,3.339818532918178
mixed,baseline_paired,0.32575757575757575,3.3314383618676633
mixed,baseline_paired,0.32954545454545453,3.3245146878200296
mixed,baseline_paired,0.3333333333333333,3.317465892518659
mixed,baseline_paired,0.3371212121212121,3.316418481960252
mixed,baseline_paired,0.3409090909090909,3.293226140380733
mixed,baseline_paired,0.3446969696969697,3.269875210320622
mixed,baseline_paired,0.3484848484848485,3.2639163073416655
mixed,baseline_paired,0.3522727272727273,3.268614669882345
mixed,baseline_paired,0.3560606060606061,3.2900683937471182
mixed,baseline_paired,0.35984848484848486,3.2750331528385175
mixed,baseline_paired,0.36363636363636365,3.3314739582609376
mixed,baseline_paired,0.36742424242424243,3.348762584543758
mixed,baseline_paired,0.3712121212121212,3.340314323583012
mixed,baseline_paired,0.375,3.363039610323234
mixed,baseline_paired,0.3787878787878788,3.349459125990576
mixed,baseline_paired,0.38257575757575757,3.3440618237178774
mixed,baseline_paired,0.38636363636363635,3.3561863739857927
mixed,baseline_paired,0.39015151515151514,3.363795268191321
mixed,baseline_paired,0.3939393939393939,3.371265785660828
mixed,baseline_paired,0.3977272727272727,3.379929426209014
mixed,baseline_paired,0.4015151515151515,3.395015250679329
mixed,baseline_paired,0.4053030303030303,3.3873359555256566
mixed,baseline_paired,0.4090909090909091,3.3724724132888646
mixed,baseline_paired,0.4128787878787879,3.3535027914401
mixed,baseline_paired,0.4166666666666667,3.3404401586886636
mixed,baseline_paired,0.42045454545454547,3.3447493077675774
mixed,baseline_paired,0.42424242424242425,3.3277561894155756
mixed,baseline_paired,0.42803030303030304,3.350806041259165
mixed,baseline_paired,0.4318181818181818,3.356271369784544
mixed,baseline_paired,0.4356060606060606,3.367505692970612
mixed,baseline_paired,0.4393939393939394,3.354910506375248
mixed,baseline_paired,0.4431818181818182,3.3476722447740404
mixed,baseline_paired,0.44696969696969696,3.3573331624844127
mixed,baseline_paired,0.45075757575757575,3.361464183123774
mixed,baseline_paired,0.45454545454545453,3.353993166714819
mixed,baseline_paired,0.4583333333333333,3.3509011126954356
mixed,baseline_paired,0.4621212121212121,3.3368056535823736
mixed,baseline_paired,0.4659090909090909,3.3288892153180014
mixed,baseline_paired,0.4696969696969697,3.3184353770598647
mixed,baseline_paired,0.4734848484848485,3.3028221153365656
mixed,baseline_paired,0.4772727272727273,3.3064320337756414
mixed,baseline_paired,0.4810606060606061,3.327990425588224
mixed,baseline_paired,0.48484848484848486,3.3089607108201733
mixed,baseline_paired,0.48863636363636365,3.3111490338688814
mixed,baseline_paired,0.49242424242424243,3.316041742857729
mixed,baseline_paired,0.4962121212121212,3.3100055837581572
mixed,baseline_paired,0.5,3.303560601192928
mixed,baseline_paired,0.5037878787878788,3.2998446528240954
mixed,baseline_paired,0.5075757575757576,3.291532235369644
mixed,baseline_paired,0.5113636363636364,3.3065213172016663
mixed,baseline_paired,0.5151515151515151,3.300574419986051
mixed,baseline_paired,0.5189393939393939,3.282737120309507
mixed,baseline_paired,0.5227272727272727,3.3046683680744144
mixed,baseline_paired,0.5265151515151515,3.2950877445983893
mixed,baseline_paired,0.5303030303030303,3.2979267238056575
mixed,baseline_paired,0.5340909090909091,3.312194704508251
mixed,baseline_paired,0.5378787878787878,3.303214356673618
mixed,baseline_paired,0.5416666666666666,3.2947669280483765
mixed,baseline_paired,0.5454545454545454,3.3008450543731818
mixed,baseline_paired,0.5492424242424242,3.2938264575282052
mixed,baseline_paired,0.553030303030303,3.2862471519690293
mixed,baseline_paired,0.5568181818181818,3.2778363860652457
mixed,baseline_paired,0.5606060606060606,3.264318268138556
mixed,baseline_paired,0.5643939393939394,3.2627033227497257
mixed,baseline_paired,0.5681818181818182,3.2561337086091235
mixed,baseline_paired,0.571969696969697,3.239807668184664
mixed,baseline_paired,0.5757575757575758,3.245098079817204
mixed,baseline_paired,0.5795454545454546,3.2406945799305955
mixed,baseline_paired,0.5833333333333334,3.253504847235775
mixed,baseline_paired,0.5871212121212122,3.268191146113802
mixed,baseline_paired,0.5909090909090909,3.283006189053166
mixed,baseline_paired,0.5946969696969697,3.2839853844748745
mixed,baseline_paired,0.5984848484848485,3.3218869999422154
mixed,baseline_paired,0.6022727272727273,3.3305169958057412
mixed,baseline_paired,0.6060606060606061,3.356911894654861
mixed,baseline_paired,0.6098484848484849,3.35178759254568
mixed,baseline_paired,0.6136363636363636,3.3502777119972253
mixed,baseline_paired,0.6174242424242424,3.341552660014092
mixed,baseline_paired,0.6212121212121212,3.344395277580704
mixed,baseline_paired,0.625,3.349240672751211
mixed,baseline_paired,0.6287878787878788,3.336389539016793
mixed,baseline_paired,0.6325757575757576,3.329765818162425
mixed,baseline_paired,0.6363636363636364,3.3483107537542427
mixed,baseline_paired,0.6401515151515151,3.3594741369363716
mixed,baseline_paired,0.6439393939393939,3.3524115430545667
mixed,baseline_paired,0.6477272727272727,3.3655896690743234
mixed,baseline_paired,0.6515151515151515,3.378341796118116
mixed,baseline_paired,0.6553030303030303,3.376384916487192
mixed,baseline_paired,0.6590909090909091,3.3751194134485303
mixed,baseline_paired,0.6628787878787878,3.391565624955222
mixed,baseline_paired,0.6666666666666666,3.3820799423326355
mixed,baseline_paired,0.6704545454545454,3.3862717481218145
mixed,baseline_paired,0.6742424242424242,3.391839291744135
mixed,baseline_paired,0.678030303030303,3.3779385293602897
mixed,baseline_paired,0.6818181818181818,3.370050383914935
mixed,baseline_paired,0.6856060606060606,3.3793253409963078
mixed,baseline_paired,0.6893939393939394,3.3671644791085096
mixed,baseline_paired,0.6931818181818182,3.3652788680342898
mixed,baseline_paired,0.696969696969697,3.368286610741297
mixed,baseline_paired,0.7007575757575758,3.3869648905556455
mixed,baseline_paired,0.7045454545454546,3.410825558100951
mixed,baseline_paired,0.7083333333333334,3.4212687623243454
mixed,baseline_paired,0.7121212121212122,3.4139325128685822
mixed,baseline_paired,0.7159090909090909,3.4208880409633675
mixed,baseline_paired,0.7196969696969697,3.4111697941436105
mixed,baseline_paired,0.7234848484848485,3.3993605564220335
mixed,baseline_paired,0.7272727272727273,3.3933849306666937
mixed,baseline_paired,0.7310606060606061,3.399701137956099
mixed,baseline_paired,0.7348484848484849,3.4145020170276097
mixed,baseline_paired,0.7386363636363636,3.464329041015717
mixed,baseline_paired,0.7424242424242424,3.4566632999148403
mixed,baseline_paired,0.7462121212121212,3.453138278362871
mixed,baseline_paired,0.75,3.44976826560629
mixed,baseline_paired,0.7537878787878788,3.4636286905693865
mixed,baseline_paired,0.7575757575757576,3.4664138637436785
mixed,baseline_paired,0.7613636363636364,3.4548622454445805
mixed,baseline_paired,0.7651515151515151,3.4479829584225405
mixed,baseline_paired,0.7689393939393939,3.4527521827215435
mixed,baseline_paired,0.7727272727272727,3.453445612578793
mixed,baseline_paired,0.7765151515151515,3.46130256695821
mixed,baseline_paired,0.7803030303030303,3.4525994175548242
mixed,baseline_paired,0.7840909090909091,3.439684109245269
mixed,baseline_paired,0.7878787878787878,3.4375551864826375
mixed,baseline_paired,0.7916666666666666,3.4390333569085336
mixed,baseline_paired,0.7954545454545454,3.4341227966000147
mixed,baseline_paired,0.7992424242424242,3.461367446454638
mixed,baseline_paired,0.803030303030303,3.4678543090255913
mixed,baseline_paired,0.8068181818181818,3.459858752033402
mixed,baseline_paired,0.8106060606060606,3.463935743729969
mixed,baseline_paired,0.8143939393939394,3.5012636204419176
mixed,baseline_paired,0.8181818181818182,3.503475443999859
mixed,baseline_paired,0.821969696969697,3.5153637577852295
mixed,baseline_paired,0.8257575757575758,3.5187631500555643
mixed,baseline_paired,0.8295454545454546,3.511867031273397
mixed,baseline_paired,0.8333333333333334,3.5107186156556147
mixed,baseline_paired,0.8371212121212122,3.525989244879144
mixed,baseline_paired,0.8409090909090909,3.5406446842474506
mixed,baseline_paired,0.8446969696969697,3.5385236728894927
mixed,baseline_paired,0.8484848484848485,3.5431059319658256
mixed,baseline_paired,0.8522727272727273,3.549922084625455
mixed,baseline_paired,0.8560606060606061,3.5466950248793263
mixed,baseline_paired,0.8598484848484849,3.538944641067005
mixed,baseline_paired,0.8636363636363636,3.5262518243455596
mixed,baseline_paired,0.8674242424242424,3.5237855813028904
mixed,baseline_paired,0.8712121212121212,3.5215441544553623
mixed,baseline_paired,0.875,3.5244943513384794
mixed,baseline_paired,0.8787878787878788,3.5358217620669614
mixed,baseline_paired,0.8825757575757576,3.5311440384178163
mixed,baseline_paired,0.8863636363636364,3.5291766286421526
mixed,baseline_paired,0.8901515151515151,3.5371256933675763
mixed,baseline_paired,0.8939393939393939,3.5350574110781436
mixed,baseline_paired,0.8977272727272727,3.5318540319167515
mixed,baseline_paired,0.9015151515151515,3.5606545189332586
mixed,baseline_paired,0.9053030303030303,3.5645587262009495
mixed,baseline_paired,0.9090909090909091,3.5752704467575818
mixed,baseline_paired,0.9128787878787878,3.5770403959963866
mixed,baseline_paired,0.9166666666666666,3.6010109589165133
mixed,baseline_paired,0.9204545454545454,3.616492100781534
mixed,baseline_paired,0.9242424242424242,3.621445565576279
mixed,baseline_paired,0.928030303030303,3.617693019388909
mixed,baseline_paired,0.9318181818181818,3.6086178829758513
mixed,baseline_paired,0.9356060606060606,3.5999272046034982
mixed,baseline_paired,0.9393939393939394,3.5984386941471502
mixed,baseline_paired,0.9431818181818182,3.6036487015340826
mixed,baseline_paired,0.946969696969697,3.5982018721968583
mixed,baseline_paired,0.9507575757575758,3.587554186795727
mixed,baseline_paired,0.9545454545454546,3.583863383178805
mixed,baseline_paired,0.9583333333333334,3.5996977468574105
mixed,baseline_paired,0.9621212121212122,3.590749643355808
mixed,baseline_paired,0.9659090909090909,3.586304378335417
mixed,baseline_paired,0.9696969696969697,3.5856607852030797
mixed,baseline_paired,0.9734848484848485,3.5832803728345404
mixed,baseline_paired,0.9772727272727273,3.573736782927955
mixed,baseline_paired,0.9810606060606061,3.5830254844823384
mixed,baseline_paired,0.9848484848484849,3.5792700001599482
mixed,baseline_paired,0.9886363636363636,3.5713084119271663
mixed,baseline_paired,0.9924242424242424,3.5716434150050858
mixed,baseline_paired,0.9962121212121212,3.565380205672539
mixed,baseline_paired,1.0,3.5619446300883397
mixed,plain_raw,0.003787878787878788,4.356380092311972
mixed,plain_raw,0.007575757575757576,3.077929084469831
mixed,plain_raw,0.011363636363636364,2.8968287980194476
mixed,plain_raw,0.015151515151515152,2.693241753113201
mixed,plain_raw,0.01893939393939394,3.0514374420853403
mixed,plain_raw,0.022727272727272728,3.044112186638165
mixed,plain_raw,0.026515151515151516,2.9362003933471734
mixed,plain_raw,0.030303030303030304,2.9906130608596975
mixed,plain_raw,0.03409090909090909,2.8085886362058994
mixed,plain_raw,0.03787878787878788,3.0192481934398017
mixed,plain_raw,0.041666666666666664,2.9445856970922413
mixed,plain_raw,0.045454545454545456,2.825526207290087
mixed,plain_raw,0.04924242424242424,2.8204515730996533
mixed,plain_raw,0.05303030303030303,2.836644653856469
mixed,plain_raw,0.056818181818181816,2.9478050316126976
mixed,plain_raw,0.06060606060606061,2.904244710524992
mixed,plain_raw,0.06439393939393939,2.955536602461836
mixed,plain_raw,0.06818181818181818,3.0664702908476964
mixed,plain_raw,0.07196969696969698,3.1155482524078315
mixed,plain_raw,0.07575757575757576,3.0351278045486723
mixed,plain_raw,0.07954545454545454,2.9697335562967795
mixed,plain_raw,0.08333333333333333,3.2055501840640637
mixed,plain_raw,0.08712121212121213,3.1822009282778474
mixed,plain_raw,0.09090909090909091,3.136154660288474
mixed,plain_raw,0.0946969696969697,3.2074666687932116
mixed,plain_raw,0.09848484848484848,3.137401531863245
mixed,plain_raw,0.10227272727272728,3.1202430778567134
mixed,plain_raw,0.10606060606060606,3.1481596034041073
mixed,plain_raw,0.10984848484848485,3.1499913413057015
mixed,plain_raw,0.11363636363636363,3.128362748041614
mixed,plain_raw,0.11742424242424243,3.090603084471175
mixed,plain_raw,0.12121212121212122,3.0724625587040193
mixed,plain_raw,0.125,3.0087146529247355
mixed,plain_raw,0.12878787878787878,3.0638199435333036
mixed,plain_raw,0.13257575757575757,3.061149725624814
mixed,plain_raw,0.13636363636363635,3.2464697211193294
mixed,plain_raw,0.14015151515151514,3.2153804366445358
mixed,plain_raw,0.14393939393939395,3.1831695068435333
mixed,plain_raw,0.14772727272727273,3.1501661488041344
mixed,plain_raw,0.15151515151515152,3.1358348316249365
mixed,plain_raw,0.1553030303030303,3.149957526134043
mixed,plain_raw,0.1590909090909091,3.124697315814609
mixed,plain_raw,0.16287878787878787,3.075796047837425
mixed,plain_raw,0.16666666666666666,3.1099388264686634
mixed,plain_raw,0.17045454545454544,3.076153299668226
mixed,plain_raw,0.17424242424242425,3.051030586231461
mixed,plain_raw,0.17803030303030304,3.080600337792139
mixed,plain_raw,0.18181818181818182,3.069747729841254
mixed,plain_raw,0.1856060606060606,3.153640894144375
mixed,plain_raw,0.1893939393939394,3.1602981527553786
mixed,plain_raw,0.19318181818181818,3.1607453585223344
mixed,plain_raw,0.19696969696969696,3.206954587037386
mixed,plain_raw,0.20075757575757575,3.1585313423806807
mixed,plain_raw,0.20454545454545456,3.1309575522159085
mixed,plain_raw,0.20833333333333334,3.0916624597726563
mixed,plain_raw,0.21212121212121213,3.0818446602985134
mixed,plain_raw,0.2159090909090909,3.127335309712203
mixed,plain_raw,0.2196969696969697,3.128998124306508
mixed,plain_raw,0.22348484848484848,3.1207911815639533
mixed,plain_raw,0.22727272727272727,3.1132481358376203
mixed,plain_raw,0.23106060606060605,3.126866739571191
mixed,plain_raw,0.23484848484848486,3.113680556646036
mixed,plain_raw,0.23863636363636365,3.1448482458708678
mixed,plain_raw,0.24242424242424243,3.131658981053691
mixed,plain_raw,0.24621212121212122,3.112389708613456
mixed,plain_raw,0.25,3.0985738987512037
mixed,plain_raw,0.2537878787878788,3.1622500926651576
mixed,plain_raw,0.25757575757575757,3.189302656150055
mixed,plain_raw,0.26136363636363635,3.1597097110157932
mixed,plain_raw,0.26515151515151514,3.149613855255549
mixed,plain_raw,0.2689393939393939,3.1991529838961683
mixed,plain_raw,0.2727272727272727,3.2869222160091938
mixed,plain_raw,0.2765151515151515,3.292590835530929
mixed,plain_raw,0.2803030303030303,3.2789184828638747
mixed,plain_raw,0.2840909090909091,3.2568264205853397
mixed,plain_raw,0.2878787878787879,3.297906809695738
mixed,plain_raw,0.2916666666666667,3.3003767350040043
mixed,plain_raw,0.29545454545454547,3.3164359510283834
mixed,plain_raw,0.29924242424242425,3.3348037260881447
mixed,plain_raw,0.30303030303030304,3.327171906059519
mixed,plain_raw,0.3068181818181818,3.315925941262288
mixed,plain_raw,0.3106060606060606,3.3095267353684275
mixed,plain_raw,0.3143939393939394,3.3050926211411054
mixed,plain_raw,0.3181818181818182,3.3053694011142944
mixed,plain_raw,0.32196969696969696,3.29184809218788
mixed,plain_raw,0.32575757575757575,3.285337315787416
mixed,plain_raw,0.32954545454545453,3.282617189208389
mixed,plain_raw,0.3333333333333333,3.2793268099621162
mixed,plain_raw,0.3371212121212121,3.281361229445951
mixed,plain_raw,0.3409090909090909,3.26495429270593
mixed,plain_raw,0.3446969696969697,3.2399732669096264
mixed,plain_raw,0.3484848484848485,3.2388035042688554
mixed,plain_raw,0.3522727272727273,3.245593947650761
mixed,plain_raw,0.3560606060606061,3.2575284090433403
mixed,plain_raw,0.35984848484848486,3.246289478440495
mixed,plain_raw,0.36363636363636365,3.2792889984755753
mixed,plain_raw,0.36742424242424243,3.286997349664555
mixed,plain_raw,0.3712121212121212,3.286353660795615
mixed,plain_raw,0.375,3.292797850726142
mixed,plain_raw,0.3787878787878788,3.2837884272778908
mixed,plain_raw,0.38257575757575757,3.2750647012718326
mixed,plain_raw,0.38636363636363635,3.270881474510278
mixed,plain_raw,0.39015151515151514,3.274596889485854
mixed,plain_raw,0.3939393939393939,3.271449310613248
mixed,plain_raw,0.3977272727272727,3.2907113913975174
mixed,plain_raw,0.4015151515151515,3.300936001340844
mixed,plain_raw,0.4053030303030303,3.297235988917329
mixed,plain_raw,0.4090909090909091,3.2777799131532395
mixed,plain_raw,0.4128787878787879,3.2585413978837536
mixed,plain_raw,0.4166666666666667,3.2534337337996786
mixed,plain_raw,0.42045454545454547,3.257335495974869
mixed,plain_raw,0.42424242424242425,3.240876942965116
mixed,plain_raw,0.42803030303030304,3.257544238411518
mixed,plain_raw,0.4318181818181818,3.2560834592155636
mixed,plain_raw,0.4356060606060606,3.273428883534672
mixed,plain_raw,0.4393939393939394,3.2684136423208465
mixed,plain_raw,0.4431818181818182,3.270501892407974
mixed,plain_raw,0.44696969696969696,3.2674251976357063
mixed,plain_raw,0.45075757575757575,3.2603050800264284
mixed,plain_raw,0.45454545454545453,3.246419270574075
mixed,plain_raw,0.4583333333333333,3.2361518722343185
mixed,plain_raw,0.4621212121212121,3.2287244864123146
mixed,plain_raw,0.4659090909090909,3.2286622058591394
mixed,plain_raw,0.4696969696969697,3.214668114278833
mixed,plain_raw,0.4734848484848485,3.20429973537169
mixed,plain_raw,0.4772727272727273,3.2022462799632083
mixed,plain_raw,0.4810606060606061,3.2272206995052177
mixed,plain_raw,0.48484848484848486,3.2083673712428875
mixed,plain_raw,0.48863636363636365,3.2139600757369675
mixed,plain_raw,0.49242424242424243,3.2190657061246895
mixed,plain_raw,0.4962121212121212,3.223048359105862
mixed,plain_raw,0.5,3.2203142331135926
mixed,plain_raw,0.5037878787878788,3.2237297201621318
mixed,plain_raw,0.5075757575757576,3.211629222747844
mixed,plain_raw,0.5113636363636364,3.234311136225049
mixed,plain_raw,0.5151515151515151,3.229113882622944
mixed,plain_raw,0.5189393939393939,3.2147355185708104
mixed,plain_raw,0.5227272727272727,3.2325747124663686
mixed,plain_raw,0.5265151515151515,3.2244673367988956
mixed,plain_raw,0.5303030303030303,3.2252196846860333
mixed,plain_raw,0.5340909090909091,3.254541823385417
mixed,plain_raw,0.5378787878787878,3.2418265029101243
mixed,plain_raw,0.5416666666666666,3.2321621737960355
mixed,plain_raw,0.5454545454545454,3.2370593125267786
mixed,plain_raw,0.5492424242424242,3.2247722301812067
mixed,plain_raw,0.553030303030303,3.2206745325196664
mixed,plain_raw,0.5568181818181818,3.207096454385541
mixed,plain_raw,0.5606060606060606,3.1962211232020312
mixed,plain_raw,0.5643939393939394,3.197785137625901
mixed,plain_raw,0.5681818181818182,3.1903659815181817
mixed,plain_raw,0.571969696969697,3.180270400112087
mixed,plain_raw,0.5757575757575758,3.187756418340301
mixed,plain_raw,0.5795454545454546,3.189710905727962
mixed,plain_raw,0.5833333333333334,3.215044461754136
mixed,plain_raw,0.5871212121212122,3.22874185209326
mixed,plain_raw,0.5909090909090909,3.239194921354278
mixed,plain_raw,0.5946969696969697,3.246317833853036
mixed,plain_raw,0.5984848484848485,3.28194932290067
mixed,plain_raw,0.6022727272727273,3.3012379779091687
mixed,plain_raw,0.6060606060606061,3.33640963460356
mixed,plain_raw,0.6098484848484849,3.3267891328716637
mixed,plain_raw,0.6136363636363636,3.319447517695533
mixed,plain_raw,0.6174242424242424,3.3099154104323802
mixed,plain_raw,0.6212121212121212,3.311727798508794
mixed,plain_raw,0.625,3.3146056014536516
mixed,plain_raw,0.6287878787878788,3.3040850161777087
mixed,plain_raw,0.6325757575757576,3.2919436097733197
mixed,plain_raw,0.6363636363636364,3.3142523122268237
mixed,plain_raw,0.6401515151515151,3.3255390166531935
mixed,plain_raw,0.6439393939393939,3.313785805751802
mixed,plain_raw,0.6477272727272727,3.3242918328760243
mixed,plain_raw,0.6515151515151515,3.338476420420976
mixed,plain_raw,0.6553030303030303,3.3272004526896883
mixed,plain_raw,0.6590909090909091,3.3257502103183723
mixed,plain_raw,0.6628787878787878,3.3448799892325174
mixed,plain_raw,0.6666666666666666,3.3349525938513906
mixed,plain_raw,0.6704545454545454,3.344723174972136
mixed,plain_raw,0.6742424242424242,3.3487550434008853
mixed,plain_raw,0.678030303030303,3.3425014017932697
mixed,plain_raw,0.6818181818181818,3.3378140810323953
mixed,plain_raw,0.6856060606060606,3.3418264885814413
mixed,plain_raw,0.6893939393939394,3.3292668522502584
mixed,plain_raw,0.6931818181818182,3.3239543461894363
mixed,plain_raw,0.696969696969697,3.3215464817220925
mixed,plain_raw,0.7007575757575758,3.3369080384333554
mixed,plain_raw,0.7045454545454546,3.353916857342279
mixed,plain_raw,0.7083333333333334,3.3612135024972587
mixed,plain_raw,0.7121212121212122,3.3578439530748505
mixed,plain_raw,0.7159090909090909,3.3677066589345785
mixed,plain_raw,0.7196969696969697,3.362469675783822
mixed,plain_raw,0.7234848484848485,3.3518974423187564
mixed,plain_raw,0.7272727272727273,3.3430957912013604
mixed,plain_raw,0.7310606060606061,3.3467484360205346
mixed,plain_raw,0.7348484848484849,3.3638193002103756
mixed,plain_raw,0.7386363636363636,3.405386018992651
mixed,plain_raw,0.7424242424242424,3.397152662923362
mixed,plain_raw,0.7462121212121212,3.389629673239142
mixed,plain_raw,0.75,3.3896894484635367
mixed,plain_raw,0.7537878787878788,3.3992708790143085
mixed,plain_raw,0.7575757575757576,3.4010988352815175
mixed,plain_raw,0.7613636363636364,3.387975201533859
mixed,plain_raw,0.7651515151515151,3.384121244590137
mixed,plain_raw,0.7689393939393939,3.387068349662968
mixed,plain_raw,0.7727272727272727,3.3859397311900117
mixed,plain_raw,0.7765151515151515,3.3962674585769554
mixed,plain_raw,0.7803030303030303,3.397134513974257
mixed,plain_raw,0.7840909090909091,3.3879802932781704
mixed,plain_raw,0.7878787878787878,3.3843585530149354
mixed,plain_raw,0.7916666666666666,3.383876329727503
mixed,plain_raw,0.7954545454545454,3.3829901602349004
mixed,plain_raw,0.7992424242424242,3.4120653464967163
mixed,plain_raw,0.803030303030303,3.416230201159023
mixed,plain_raw,0.8068181818181818,3.4116968883274157
mixed,plain_raw,0.8106060606060606,3.4175733769636025
mixed,plain_raw,0.8143939393939394,3.4530625132949075
mixed,plain_raw,0.8181818181818182,3.4415869223628
mixed,plain_raw,0.821969696969697,3.4537449961359847
mixed,plain_raw,0.8257575757575758,3.4568531404481164
mixed,plain_raw,0.8295454545454546,3.4517043114760533
mixed,plain_raw,0.8333333333333334,3.4463471405581942
mixed,plain_raw,0.8371212121212122,3.462414381128123
mixed,plain_raw,0.8409090909090909,3.4730790053885703
mixed,plain_raw,0.8446969696969697,3.471074874711231
mixed,plain_raw,0.8484848484848485,3.4684157931922353
mixed,plain_raw,0.8522727272727273,3.4706329574915866
mixed,plain_raw,0.8560606060606061,3.467565596985749
mixed,plain_raw,0.8598484848484849,3.460310086710642
mixed,plain_raw,0.8636363636363636,3.453749440224007
mixed,plain_raw,0.8674242424242424,3.4519567889688094
mixed,plain_raw,0.8712121212121212,3.4433708050305074
mixed,plain_raw,0.875,3.4525145806505777
mixed,plain_raw,0.8787878787878788,3.462988307832955
mixed,plain_raw,0.8825757575757576,3.4547783874365128
mixed,plain_raw,0.8863636363636364,3.4550579429833093
mixed,plain_raw,0.8901515151515151,3.4613184126748107
mixed,plain_raw,0.8939393939393939,3.4599376980957772
mixed,plain_raw,0.8977272727272727,3.4699497667427472
mixed,plain_raw,0.9015151515151515,3.5010611508692118
mixed,plain_raw,0.9053030303030303,3.500734118576089
mixed,plain_raw,0.9090909090909091,3.507972709992861
mixed,plain_raw,0.9128787878787878,3.5063869192262835
mixed,plain_raw,0.9166666666666666,3.5213055421428447
mixed,plain_raw,0.9204545454545454,3.531362046027571
mixed,plain_raw,0.9242424242424242,3.5373003753000543
mixed,plain_raw,0.928030303030303,3.5353357481517063
mixed,plain_raw,0.9318181818181818,3.526638028936887
mixed,plain_raw,0.9356060606060606,3.5161173606406444
mixed,plain_raw,0.9393939393939394,3.5147851001985706
mixed,plain_raw,0.9431818181818182,3.5175927459123337
mixed,plain_raw,0.946969696969697,3.5112509623793344
mixed,plain_raw,0.9507575757575758,3.503452943029783
mixed,plain_raw,0.9545454545454546,3.5037907643274786
mixed,plain_raw,0.9583333333333334,3.5130779591613415
mixed,plain_raw,0.9621212121212122,3.5051557008005703
mixed,plain_raw,0.9659090909090909,3.500986054980244
mixed,plain_raw,0.9696969696969697,3.5010463843801958
mixed,plain_raw,0.9734848484848485,3.4986397759215566
mixed,plain_raw,0.9772727272727273,3.489113877263724
mixed,plain_raw,0.9810606060606061,3.4958741819679613
mixed,plain_raw,0.9848484848484849,3.4918960427507613
mixed,plain_raw,0.9886363636363636,3.485794924060295
mixed,plain_raw,0.9924242424242424,3.483688385452487
mixed,plain_raw,0.9962121212121212,3.4788506517016695
mixed,plain_raw,1.0,3.4769598332711076
mixed,plain_paired,0.003787878787878788,4.786771989925288
mixed,plain_paired,0.007575757575757576,3.408243867387842
mixed,plain_paired,0.011363636363636364,2.787474580092399
mixed,plain_paired,0.015151515151515152,2.5828569391353304
mixed,plain_paired,0.01893939393939394,2.8892449144603116
mixed,plain_paired,0.022727272727272728,2.9313111224437667
mixed,plain_paired,0.026515151515151516,2.808988207566642
mixed,plain_paired,0.030303030303030304,2.915132100357134
mixed,plain_paired,0.03409090909090909,2.759562087069788
mixed,plain_paired,0.03787878787878788,2.9315307417930945
mixed,plain_paired,0.041666666666666664,2.824142493411913
mixed,plain_paired,0.045454545454545456,2.7188775917058776
mixed,plain_paired,0.04924242424242424,2.732722180388778
mixed,plain_paired,0.05303030303030303,2.6983683775576193
mixed,plain_paired,0.056818181818181816,2.848938479823327
mixed,plain_paired,0.06060606060606061,2.8267590617075427
mixed,plain_paired,0.06439393939393939,2.8778755901801767
mixed,plain_paired,0.06818181818181818,2.948635971416484
mixed,plain_paired,0.07196969696969698,2.985230905826724
mixed,plain_paired,0.07575757575757576,2.989250953111588
mixed,plain_paired,0.07954545454545454,2.9099657553988174
mixed,plain_paired,0.08333333333333333,3.1643598318978383
mixed,plain_paired,0.08712121212121213,3.1681604094745652
mixed,plain_paired,0.09090909090909091,3.1228456240582694
mixed,plain_paired,0.0946969696969697,3.2367302580178574
mixed,plain_paired,0.09848484848484848,3.2185070232377924
mixed,plain_paired,0.10227272727272728,3.1911438546960587
mixed,plain_paired,0.10606060606060606,3.1829560612524137
mixed,plain_paired,0.10984848484848485,3.1654602350886845
mixed,plain_paired,0.11363636363636363,3.146020926936988
mixed,plain_paired,0.11742424242424243,3.141419338744057
mixed,plain_paired,0.12121212121212122,3.0967057725666916
mixed,plain_paired,0.125,3.1246404854605188
mixed,plain_paired,0.12878787878787878,3.134715348614261
mixed,plain_paired,0.13257575757575757,3.1362758216520086
mixed,plain_paired,0.13636363636363635,3.2683486760759877
mixed,plain_paired,0.14015151515151514,3.2327594155102815
mixed,plain_paired,0.14393939393939395,3.1733279679927544
mixed,plain_paired,0.14772727272727273,3.1307056474728205
mixed,plain_paired,0.15151515151515152,3.0903589030340246
mixed,plain_paired,0.1553030303030303,3.116520833692198
mixed,plain_paired,0.1590909090909091,3.100164513780772
mixed,plain_paired,0.16287878787878787,3.07643645695734
mixed,plain_paired,0.16666666666666666,3.1069352672684
mixed,plain_paired,0.17045454545454544,3.081304054289737
mixed,plain_paired,0.17424242424242425,3.0952326713716105
mixed,plain_paired,0.17803030303030304,3.124261659107342
mixed,plain_paired,0.18181818181818182,3.1080562355230197
mixed,plain_paired,0.1856060606060606,3.20211530158584
mixed,plain_paired,0.1893939393939394,3.2041342116415046
mixed,plain_paired,0.19318181818181818,3.189276056336477
mixed,plain_paired,0.19696969696969696,3.245132726520383
mixed,plain_paired,0.20075757575757575,3.2048566108004373
mixed,plain_paired,0.20454545454545456,3.1705127971707348
mixed,plain_paired,0.20833333333333334,3.136113294064677
mixed,plain_paired,0.21212121212121213,3.1274220411247433
mixed,plain_paired,0.2159090909090909,3.1704217817059774
mixed,plain_paired,0.2196969696969697,3.175248690597549
mixed,plain_paired,0.22348484848484848,3.1644090103982276
mixed,plain_paired,0.22727272727272727,3.154215923731442
mixed,plain_paired,0.23106060606060605,3.162237269461895
mixed,plain_paired,0.23484848484848486,3.13669002825961
mixed,plain_paired,0.23863636363636365,3.1613708725875735
mixed,plain_paired,0.24242424242424243,3.1456934617561068
mixed,plain_paired,0.24621212121212122,3.1183366158972436
mixed,plain_paired,0.25,3.095340588253375
mixed,plain_paired,0.2537878787878788,3.1560115134253337
mixed,plain_paired,0.25757575757575757,3.1881805868023214
mixed,plain_paired,0.26136363636363635,3.1601624916595408
mixed,plain_paired,0.26515151515151514,3.141070686664157
mixed,plain_paired,0.2689393939393939,3.19172881304589
mixed,plain_paired,0.2727272727272727,3.2853243325327863
mixed,plain_paired,0.2765151515151515,3.2851080471896785
mixed,plain_paired,0.2803030303030303,3.2864199669601892
mixed,plain_paired,0.2840909090909091,3.2661071111008497
mixed,plain_paired,0.2878787878787879,3.3114052559807288
mixed,plain_paired,0.2916666666666667,3.313200716191092
mixed,plain_paired,0.29545454545454547,3.3393806093262803
mixed,plain_paired,0.29924242424242425,3.377890240008071
mixed,plain_paired,0.30303030303030304,3.3656347736243966
mixed,plain_paired,0.3068181818181818,3.353307609888695
mixed,plain_paired,0.3106060606060606,3.3464406256689188
mixed,plain_paired,0.3143939393939394,3.341817077159986
mixed,plain_paired,0.3181818181818182,3.343062435214582
mixed,plain_paired,0.32196969696969696,3.331963431550127
mixed,plain_paired,0.32575757575757575,3.3283305480657575
mixed,plain_paired,0.32954545454545453,3.3194510210857024
mixed,plain_paired,0.3333333333333333,3.3171894435988123
mixed,plain_paired,0.3371212121212121,3.312950988597033
mixed,plain_paired,0.3409090909090909,3.2977440698466176
mixed,plain_paired,0.3446969696969697,3.277802683694539
mixed,plain_paired,0.3484848484848485,3.2745153335848918
mixed,plain_paired,0.3522727272727273,3.2766396058999434
mixed,plain_paired,0.3560606060606061,3.2916344856576996
mixed,plain_paired,0.35984848484848486,3.2799853842068405
mixed,plain_paired,0.36363636363636365,3.3209391560021597
mixed,plain_paired,0.36742424242424243,3.326810312255309
mixed,plain_paired,0.3712121212121212,3.314230611081239
mixed,plain_paired,0.375,3.337200024331484
mixed,plain_paired,0.3787878787878788,3.325011406018151
mixed,plain_paired,0.38257575757575757,3.3162514078331546
mixed,plain_paired,0.38636363636363635,3.321624149231605
mixed,plain_paired,0.39015151515151514,3.3210687421183853
mixed,plain_paired,0.3939393939393939,3.333782270486225
mixed,plain_paired,0.3977272727272727,3.347108209304565
mixed,plain_paired,0.4015151515151515,3.3553124202551317
mixed,plain_paired,0.4053030303030303,3.356354113837592
mixed,plain_paired,0.4090909090909091,3.3514690332653814
mixed,plain_paired,0.4128787878787879,3.3340245522338616
mixed,plain_paired,0.4166666666666667,3.3259312440683413
mixed,plain_paired,0.42045454545454547,3.3260359019332815
mixed,plain_paired,0.42424242424242425,3.3101993969177137
mixed,plain_paired,0.42803030303030304,3.3372722252850306
mixed,plain_paired,0.4318181818181818,3.333502616421152
mixed,plain_paired,0.4356060606060606,3.3546159799304083
mixed,plain_paired,0.4393939393939394,3.3431619125580467
mixed,plain_paired,0.4431818181818182,3.3368765551644715
mixed,plain_paired,0.44696969696969696,3.345697909901291
mixed,plain_paired,0.45075757575757575,3.350891319934725
mixed,plain_paired,0.45454545454545453,3.340391312558271
mixed,plain_paired,0.4583333333333333,3.3336173819726547
mixed,plain_paired,0.4621212121212121,3.325490424414061
mixed,plain_paired,0.4659090909090909,3.3201835764560457
mixed,plain_paired,0.4696969696969697,3.3094105147736417
mixed,plain_paired,0.4734848484848485,3.296269478625226
mixed,plain_paired,0.4772727272727273,3.2995529681720144
mixed,plain_paired,0.4810606060606061,3.3249174505927974
mixed,plain_paired,0.48484848484848486,3.3092456753671144
mixed,plain_paired,0.48863636363636365,3.313830266896255
mixed,plain_paired,0.49242424242424243,3.322434427403613
mixed,plain_paired,0.4962121212121212,3.322517659232299
mixed,plain_paired,0.5,3.3203748919076257
mixed,plain_paired,0.5037878787878788,3.3202380818814077
mixed,plain_paired,0.5075757575757576,3.3072452253131757
mixed,plain_paired,0.5113636363636364,3.3276521004764987
mixed,plain_paired,0.5151515151515151,3.3225396333356794
mixed,plain_paired,0.5189393939393939,3.3084677574321404
mixed,plain_paired,0.5227272727272727,3.325977533230345
mixed,plain_paired,0.5265151515151515,3.316658065806536
mixed,plain_paired,0.5303030303030303,3.3324932674237595
mixed,plain_paired,0.5340909090909091,3.3461737852618434
mixed,plain_paired,0.5378787878787878,3.331807057006594
mixed,plain_paired,0.5416666666666666,3.321277955243124
mixed,plain_paired,0.5454545454545454,3.32471406639131
mixed,plain_paired,0.5492424242424242,3.315790254432154
mixed,plain_paired,0.553030303030303,3.3096589035727777
mixed,plain_paired,0.5568181818181818,3.2974830910707063
mixed,plain_paired,0.5606060606060606,3.2913809842454227
mixed,plain_paired,0.5643939393939394,3.2869177441156285
mixed,plain_paired,0.5681818181818182,3.281091882325145
mixed,plain_paired,0.571969696969697,3.266950172882421
mixed,plain_paired,0.5757575757575758,3.2730098433379564
mixed,plain_paired,0.5795454545454546,3.272340223055227
mixed,plain_paired,0.5833333333333334,3.287544012851256
mixed,plain_paired,0.5871212121212122,3.3020468294666365
mixed,plain_paired,0.5909090909090909,3.3103943490538335
mixed,plain_paired,0.5946969696969697,3.317076442055656
mixed,plain_paired,0.5984848484848485,3.3439288682095865
mixed,plain_paired,0.6022727272727273,3.359624447879884
mixed,plain_paired,0.6060606060606061,3.3835358361951795
mixed,plain_paired,0.6098484848484849,3.37451799114846
mixed,plain_paired,0.6136363636363636,3.3664508940708924
mixed,plain_paired,0.6174242424242424,3.356057470659364
mixed,plain_paired,0.6212121212121212,3.35661297525887
mixed,plain_paired,0.625,3.361854865530068
mixed,plain_paired,0.6287878787878788,3.351396592142964
mixed,plain_paired,0.6325757575757576,3.3491997089213768
mixed,plain_paired,0.6363636363636364,3.3700972574945465
mixed,plain_paired,0.6401515151515151,3.377817275416449
mixed,plain_paired,0.6439393939393939,3.3660346375990304
mixed,plain_paired,0.6477272727272727,3.3769040038945
mixed,plain_paired,0.6515151515151515,3.387723965878654
mixed,plain_paired,0.6553030303030303,3.381863578616802
mixed,plain_paired,0.6590909090909091,3.3853314466980042
mixed,plain_paired,0.6628787878787878,3.3975372916126774
mixed,plain_paired,0.6666666666666666,3.3921658561155756
mixed,plain_paired,0.6704545454545454,3.39939330377411
mixed,plain_paired,0.6742424242424242,3.407734474848113
mixed,plain_paired,0.678030303030303,3.3969737048442963
mixed,plain_paired,0.6818181818181818,3.390331196822545
mixed,plain_paired,0.6856060606060606,3.399579783893118
mixed,plain_paired,0.6893939393939394,3.387760778941891
mixed,plain_paired,0.6931818181818182,3.381865848464207
mixed,plain_paired,0.696969696969697,3.3780773667764112
mixed,plain_paired,0.7007575757575758,3.394770226135869
mixed,plain_paired,0.7045454545454546,3.4132724061670774
mixed,plain_paired,0.7083333333333334,3.414077087495494
mixed,plain_paired,0.7121212121212122,3.409998082452578
mixed,plain_paired,0.7159090909090909,3.4204914750578523
mixed,plain_paired,0.7196969696969697,3.41257979987534
mixed,plain_paired,0.7234848484848485,3.4056245179654745
mixed,plain_paired,0.7272727272727273,3.3967864145608835
mixed,plain_paired,0.7310606060606061,3.3987892330534692
mixed,plain_paired,0.7348484848484849,3.412496401905614
mixed,plain_paired,0.7386363636363636,3.454716759678593
mixed,plain_paired,0.7424242424242424,3.4480222558088527
mixed,plain_paired,0.7462121212121212,3.441751038324211
mixed,plain_paired,0.75,3.438228648824953
mixed,plain_paired,0.7537878787878788,3.4504737778967662
mixed,plain_paired,0.7575757575757576,3.4538779641635196
mixed,plain_paired,0.7613636363636364,3.441628926478162
mixed,plain_paired,0.7651515151515151,3.43685040682924
mixed,plain_paired,0.7689393939393939,3.4408447233350654
mixed,plain_paired,0.7727272727272727,3.442783386136348
mixed,plain_paired,0.7765151515151515,3.451026430774359
mixed,plain_paired,0.7803030303030303,3.4515854465096765
mixed,plain_paired,0.7840909090909091,3.441792233638987
mixed,plain_paired,0.7878787878787878,3.442029496513341
mixed,plain_paired,0.7916666666666666,3.4440319818885166
mixed,plain_paired,0.7954545454545454,3.437356949192076
mixed,plain_paired,0.7992424242424242,3.462797884661896
mixed,plain_paired,0.803030303030303,3.472203039738607
mixed,plain_paired,0.8068181818181818,3.467045890724522
mixed,plain_paired,0.8106060606060606,3.471747354694614
mixed,plain_paired,0.8143939393939394,3.508755061263789
mixed,plain_paired,0.8181818181818182,3.4974557761384197
mixed,plain_paired,0.821969696969697,3.5077323963074356
mixed,plain_paired,0.8257575757575758,3.5117974843176682
mixed,plain_paired,0.8295454545454546,3.5079506751844005
mixed,plain_paired,0.8333333333333334,3.5057034263403217
mixed,plain_paired,0.8371212121212122,3.522186776625862
mixed,plain_paired,0.8409090909090909,3.535966241442406
mixed,plain_paired,0.8446969696969697,3.537209059206305
mixed,plain_paired,0.8484848484848485,3.53997121147704
mixed,plain_paired,0.8522727272727273,3.539672776465467
mixed,plain_paired,0.8560606060606061,3.538592483375529
mixed,plain_paired,0.8598484848484849,3.531937689990844
mixed,plain_paired,0.8636363636363636,3.5231219389279125
mixed,plain_paired,0.8674242424242424,3.5190634847060256
mixed,plain_paired,0.8712121212121212,3.5124717916410404
mixed,plain_paired,0.875,3.5192138255685617
mixed,plain_paired,0.8787878787878788,3.5315560736602722
mixed,plain_paired,0.8825757575757576,3.523727355054708
mixed,plain_paired,0.8863636363636364,3.5234392446654312
mixed,plain_paired,0.8901515151515151,3.530832451204939
mixed,plain_paired,0.8939393939393939,3.52877808594298
mixed,plain_paired,0.8977272727272727,3.53040280663393
mixed,plain_paired,0.9015151515151515,3.5626259589971476
mixed,plain_paired,0.9053030303030303,3.56114780411937
mixed,plain_paired,0.9090909090909091,3.573574285865852
mixed,plain_paired,0.9128787878787878,3.57245569009075
mixed,plain_paired,0.9166666666666666,3.5892431845912913
mixed,plain_paired,0.9204545454545454,3.599134279870798
mixed,plain_paired,0.9242424242424242,3.6031450273708328
mixed,plain_paired,0.928030303030303,3.600757239955587
mixed,plain_paired,0.9318181818181818,3.5911967530184916
mixed,plain_paired,0.9356060606060606,3.5815448177761877
mixed,plain_paired,0.9393939393939394,3.577966076843655
mixed,plain_paired,0.9431818181818182,3.5833458571570422
mixed,plain_paired,0.946969696969697,3.578850834611417
mixed,plain_paired,0.9507575757575758,3.5687348560869356
mixed,plain_paired,0.9545454545454546,3.5711677046864874
mixed,plain_paired,0.9583333333333334,3.5833686909742277
mixed,plain_paired,0.9621212121212122,3.575084585527673
mixed,plain_paired,0.9659090909090909,3.5695906494012353
mixed,plain_paired,0.9696969696969697,3.567742537332876
mixed,plain_paired,0.9734848484848485,3.565690412880203
mixed,plain_paired,0.9772727272727273,3.5575040678987158
mixed,plain_paired,0.9810606060606061,3.5672542443969646
mixed,plain_paired,0.9848484848484849,3.5621169708554405
mixed,plain_paired,0.9886363636363636,3.554088182798426
mixed,plain_paired,0.9924242424242424,3.5506559027499818
mixed,plain_paired,0.9962121212121212,3.545836594668078
mixed,plain_paired,1.0,3.543644089722463
mixed,uniform_anchor_raw,0.003787878787878788,5.452278991936076
mixed,uniform_anchor_raw,0.007575757575757576,3.272412446032387
mixed,uniform_anchor_raw,0.011363636363636364,3.1013469788125305
mixed,uniform_anchor_raw,0.015151515151515152,2.67788990960828
mixed,uniform_anchor_raw,0.01893939393939394,3.1274607445727844
mixed,uniform_anchor_raw,0.022727272727272728,3.2033505751471067
mixed,uniform_anchor_raw,0.026515151515151516,3.1783399718119463
mixed,uniform_anchor_raw,0.030303030303030304,3.3994436544566913
mixed,uniform_anchor_raw,0.03409090909090909,3.1610771985512796
mixed,uniform_anchor_raw,0.03787878787878788,3.5009311392005986
mixed,uniform_anchor_raw,0.041666666666666664,3.353976085961259
mixed,uniform_anchor_raw,0.045454545454545456,3.2529133414725755
mixed,uniform_anchor_raw,0.04924242424242424,3.3226230405138093
mixed,uniform_anchor_raw,0.05303030303030303,3.3019105355015306
mixed,uniform_anchor_raw,0.056818181818181816,3.379852995516867
mixed,uniform_anchor_raw,0.06060606060606061,3.316091383753746
mixed,uniform_anchor_raw,0.06439393939393939,3.337005669073131
mixed,uniform_anchor_raw,0.06818181818181818,3.4337414247093494
mixed,uniform_anchor_raw,0.07196969696969698,3.4608654259822687
mixed,uniform_anchor_raw,0.07575757575757576,3.3937364382688506
mixed,uniform_anchor_raw,0.07954545454545454,3.3056074155973696
mixed,uniform_anchor_raw,0.08333333333333333,3.4963169160297465
mixed,uniform_anchor_raw,0.08712121212121213,3.449670847782825
mixed,uniform_anchor_raw,0.09090909090909091,3.3869493897875618
mixed,uniform_anchor_raw,0.0946969696969697,3.42806294934824
mixed,uniform_anchor_raw,0.09848484848484848,3.3639935938567853
mixed,uniform_anchor_raw,0.10227272727272728,3.3212356862058523
mixed,uniform_anchor_raw,0.10606060606060606,3.354177974471361
mixed,uniform_anchor_raw,0.10984848484848485,3.347541869073709
mixed,uniform_anchor_raw,0.11363636363636363,3.311346704161012
mixed,uniform_anchor_raw,0.11742424242424243,3.2796455872267125
mixed,uniform_anchor_raw,0.12121212121212122,3.258698631247514
mixed,uniform_anchor_raw,0.125,3.190501186444402
mixed,uniform_anchor_raw,0.12878787878787878,3.2220202692711553
mixed,uniform_anchor_raw,0.13257575757575757,3.204990097065694
mixed,uniform_anchor_raw,0.13636363636363635,3.350569348499434
mixed,uniform_anchor_raw,0.14015151515151514,3.327184873454365
mixed,uniform_anchor_raw,0.14393939393939395,3.281398214108087
mixed,uniform_anchor_raw,0.14772727272727273,3.253883677791272
mixed,uniform_anchor_raw,0.15151515151515152,3.246992057418803
mixed,uniform_anchor_raw,0.1553030303030303,3.2867258510159965
mixed,uniform_anchor_raw,0.1590909090909091,3.2827854469528965
mixed,uniform_anchor_raw,0.16287878787878787,3.2463399530334076
mixed,uniform_anchor_raw,0.16666666666666666,3.2573729085908583
mixed,uniform_anchor_raw,0.17045454545454544,3.2376070677162776
mixed,uniform_anchor_raw,0.17424242424242425,3.225872054150605
mixed,uniform_anchor_raw,0.17803030303030304,3.273386835909698
mixed,uniform_anchor_raw,0.18181818181818182,3.2366878397308985
mixed,uniform_anchor_raw,0.1856060606060606,3.2980393995543893
mixed,uniform_anchor_raw,0.1893939393939394,3.2920909980745248
mixed,uniform_anchor_raw,0.19318181818181818,3.280010904574548
mixed,uniform_anchor_raw,0.19696969696969696,3.335306624703715
mixed,uniform_anchor_raw,0.20075757575757575,3.2864464636854454
mixed,uniform_anchor_raw,0.20454545454545456,3.256011231132318
mixed,uniform_anchor_raw,0.20833333333333334,3.2244888530712514
mixed,uniform_anchor_raw,0.21212121212121213,3.203370938363886
mixed,uniform_anchor_raw,0.2159090909090909,3.2473275039736946
mixed,uniform_anchor_raw,0.2196969696969697,3.23381972361868
mixed,uniform_anchor_raw,0.22348484848484848,3.2169887539363256
mixed,uniform_anchor_raw,0.22727272727272727,3.20670870311953
mixed,uniform_anchor_raw,0.23106060606060605,3.214480898848436
mixed,uniform_anchor_raw,0.23484848484848486,3.1840593567951445
mixed,uniform_anchor_raw,0.23863636363636365,3.2146434475431245
mixed,uniform_anchor_raw,0.24242424242424243,3.2081312493986
mixed,uniform_anchor_raw,0.24621212121212122,3.17915270164383
mixed,uniform_anchor_raw,0.25,3.162408818985762
mixed,uniform_anchor_raw,0.2537878787878788,3.223143883480558
mixed,uniform_anchor_raw,0.25757575757575757,3.252505381631824
mixed,uniform_anchor_raw,0.26136363636363635,3.2235245562361334
mixed,uniform_anchor_raw,0.26515151515151514,3.2106821440798847
mixed,uniform_anchor_raw,0.2689393939393939,3.262670021865277
mixed,uniform_anchor_raw,0.2727272727272727,3.332260976963186
mixed,uniform_anchor_raw,0.2765151515151515,3.3331863775464883
mixed,uniform_anchor_raw,0.2803030303030303,3.3152324978957437
mixed,uniform_anchor_raw,0.2840909090909091,3.2956429532251206
mixed,uniform_anchor_raw,0.2878787878787879,3.344444455246238
mixed,uniform_anchor_raw,0.2916666666666667,3.3449028143820634
mixed,uniform_anchor_raw,0.29545454545454547,3.3684687344335322
mixed,uniform_anchor_raw,0.29924242424242425,3.3982638178679245
mixed,uniform_anchor_raw,0.30303030303030304,3.396654266178114
mixed,uniform_anchor_raw,0.3068181818181818,3.3795539057801753
mixed,uniform_anchor_raw,0.3106060606060606,3.385647662411009
mixed,uniform_anchor_raw,0.3143939393939394,3.375887827048858
mixed,uniform_anchor_raw,0.3181818181818182,3.3724795818933857
mixed,uniform_anchor_raw,0.32196969696969696,3.3626591533857053
mixed,uniform_anchor_raw,0.32575757575757575,3.3475704815637486
mixed,uniform_anchor_raw,0.32954545454545453,3.3322976275231397
mixed,uniform_anchor_raw,0.3333333333333333,3.328861035375192
mixed,uniform_anchor_raw,0.3371212121212121,3.3328957643077075
mixed,uniform_anchor_raw,0.3409090909090909,3.3182637816467744
mixed,uniform_anchor_raw,0.3446969696969697,3.2931195133659537
mixed,uniform_anchor_raw,0.3484848484848485,3.2936549695803614
mixed,uniform_anchor_raw,0.3522727272727273,3.299332290379699
mixed,uniform_anchor_raw,0.3560606060606061,3.31364610569697
mixed,uniform_anchor_raw,0.35984848484848486,3.29608598452771
mixed,uniform_anchor_raw,0.36363636363636365,3.3288406954531706
mixed,uniform_anchor_raw,0.36742424242424243,3.341768586297945
mixed,uniform_anchor_raw,0.3712121212121212,3.3547987158790122
mixed,uniform_anchor_raw,0.375,3.3619005701763487
mixed,uniform_anchor_raw,0.3787878787878788,3.3524974391483133
mixed,uniform_anchor_raw,0.38257575757575757,3.348924526546705
mixed,uniform_anchor_raw,0.38636363636363635,3.3397614635510897
mixed,uniform_anchor_raw,0.39015151515151514,3.336836804519575
mixed,uniform_anchor_raw,0.3939393939393939,3.3361517586944713
mixed,uniform_anchor_raw,0.3977272727272727,3.3470326292765997
mixed,uniform_anchor_raw,0.4015151515151515,3.358205612203022
mixed,uniform_anchor_raw,0.4053030303030303,3.35007124404089
mixed,uniform_anchor_raw,0.4090909090909091,3.3363209777315874
mixed,uniform_anchor_raw,0.4128787878787879,3.3181839095289587
mixed,uniform_anchor_raw,0.4166666666666667,3.3111186214326858
mixed,uniform_anchor_raw,0.42045454545454547,3.305091892869694
mixed,uniform_anchor_raw,0.42424242424242425,3.288505010041527
mixed,uniform_anchor_raw,0.42803030303030304,3.302184427161221
mixed,uniform_anchor_raw,0.4318181818181818,3.3129145050216864
mixed,uniform_anchor_raw,0.4356060606060606,3.329377703198873
mixed,uniform_anchor_raw,0.4393939393939394,3.314947267313729
mixed,uniform_anchor_raw,0.4431818181818182,3.3157228901111755
mixed,uniform_anchor_raw,0.44696969696969696,3.3178319280138475
mixed,uniform_anchor_raw,0.45075757575757575,3.308715150006147
mixed,uniform_anchor_raw,0.45454545454545453,3.297700405830158
mixed,uniform_anchor_raw,0.4583333333333333,3.2889124242557877
mixed,uniform_anchor_raw,0.4621212121212121,3.284749519276416
mixed,uniform_anchor_raw,0.4659090909090909,3.286218672684079
mixed,uniform_anchor_raw,0.4696969696969697,3.2752082626507195
mixed,uniform_anchor_raw,0.4734848484848485,3.2654427528720973
mixed,uniform_anchor_raw,0.4772727272727273,3.258686500589755
mixed,uniform_anchor_raw,0.4810606060606061,3.2860267355375883
mixed,uniform_anchor_raw,0.48484848484848486,3.2735762273574056
mixed,uniform_anchor_raw,0.48863636363636365,3.274311674115849
mixed,uniform_anchor_raw,0.49242424242424243,3.2733286274306095
mixed,uniform_anchor_raw,0.4962121212121212,3.268451546325629
mixed,uniform_anchor_raw,0.5,3.2606785481095435
mixed,uniform_anchor_raw,0.5037878787878788,3.258177105034921
mixed,uniform_anchor_raw,0.5075757575757576,3.2473807733893145
mixed,uniform_anchor_raw,0.5113636363636364,3.267982819777101
mixed,uniform_anchor_raw,0.5151515151515151,3.2647948694107236
mixed,uniform_anchor_raw,0.5189393939393939,3.2513136265404206
mixed,uniform_anchor_raw,0.5227272727272727,3.267877690855997
mixed,uniform_anchor_raw,0.5265151515151515,3.261151609494329
mixed,uniform_anchor_raw,0.5303030303030303,3.255175058744252
mixed,uniform_anchor_raw,0.5340909090909091,3.2816083980748623
mixed,uniform_anchor_raw,0.5378787878787878,3.273819538608715
mixed,uniform_anchor_raw,0.5416666666666666,3.263845096368831
mixed,uniform_anchor_raw,0.5454545454545454,3.273193605584137
mixed,uniform_anchor_raw,0.5492424242424242,3.264261803503389
mixed,uniform_anchor_raw,0.553030303030303,3.2573088407055177
mixed,uniform_anchor_raw,0.5568181818181818,3.2444819644457454
mixed,uniform_anchor_raw,0.5606060606060606,3.2326540072977434
mixed,uniform_anchor_raw,0.5643939393939394,3.229618992594631
mixed,uniform_anchor_raw,0.5681818181818182,3.2230243789466186
mixed,uniform_anchor_raw,0.571969696969697,3.211521309250514
mixed,uniform_anchor_raw,0.5757575757575758,3.2185401983583564
mixed,uniform_anchor_raw,0.5795454545454546,3.216528934699191
mixed,uniform_anchor_raw,0.5833333333333334,3.2339411294116656
mixed,uniform_anchor_raw,0.5871212121212122,3.2505142680669636
mixed,uniform_anchor_raw,0.5909090909090909,3.261270081105851
mixed,uniform_anchor_raw,0.5946969696969697,3.26357568700694
mixed,uniform_anchor_raw,0.5984848484848485,3.2970978853816852
mixed,uniform_anchor_raw,0.6022727272727273,3.314027641898072
mixed,uniform_anchor_raw,0.6060606060606061,3.3411557187516627
mixed,uniform_anchor_raw,0.6098484848484849,3.3342456149330997
mixed,uniform_anchor_raw,0.6136363636363636,3.3303442267774748
mixed,uniform_anchor_raw,0.6174242424242424,3.3237033906688462
mixed,uniform_anchor_raw,0.6212121212121212,3.32251046778928
mixed,uniform_anchor_raw,0.625,3.3186532928012897
mixed,uniform_anchor_raw,0.6287878787878788,3.307863041597688
mixed,uniform_anchor_raw,0.6325757575757576,3.3005250700175814
mixed,uniform_anchor_raw,0.6363636363636364,3.3152718625794617
mixed,uniform_anchor_raw,0.6401515151515151,3.317570581030003
mixed,uniform_anchor_raw,0.6439393939393939,3.3054440846313327
mixed,uniform_anchor_raw,0.6477272727272727,3.315133324443076
mixed,uniform_anchor_raw,0.6515151515151515,3.3247232425642896
mixed,uniform_anchor_raw,0.6553030303030303,3.320578533165442
mixed,uniform_anchor_raw,0.6590909090909091,3.3193645512237624
mixed,uniform_anchor_raw,0.6628787878787878,3.3369946708884926
mixed,uniform_anchor_raw,0.6666666666666666,3.3291391355600246
mixed,uniform_anchor_raw,0.6704545454545454,3.3375820456873098
mixed,uniform_anchor_raw,0.6742424242424242,3.341618276270959
mixed,uniform_anchor_raw,0.678030303030303,3.3401429870693704
mixed,uniform_anchor_raw,0.6818181818181818,3.334539229465509
mixed,uniform_anchor_raw,0.6856060606060606,3.340411938248242
mixed,uniform_anchor_raw,0.6893939393939394,3.3271478755703434
mixed,uniform_anchor_raw,0.6931818181818182,3.324295703837374
mixed,uniform_anchor_raw,0.696969696969697,3.321135230155681
mixed,uniform_anchor_raw,0.7007575757575758,3.340166807355192
mixed,uniform_anchor_raw,0.7045454545454546,3.3595616121383642
mixed,uniform_anchor_raw,0.7083333333333334,3.3695787456407778
mixed,uniform_anchor_raw,0.7121212121212122,3.3646315324320923
mixed,uniform_anchor_raw,0.7159090909090909,3.371535822882785
mixed,uniform_anchor_raw,0.7196969696969697,3.364401470598096
mixed,uniform_anchor_raw,0.7234848484848485,3.354865050364035
mixed,uniform_anchor_raw,0.7272727272727273,3.3465816159033426
mixed,uniform_anchor_raw,0.7310606060606061,3.353449863950933
mixed,uniform_anchor_raw,0.7348484848484849,3.367087843722773
mixed,uniform_anchor_raw,0.7386363636363636,3.4101478732622446
mixed,uniform_anchor_raw,0.7424242424242424,3.400876598751143
mixed,uniform_anchor_raw,0.7462121212121212,3.396610161839124
mixed,uniform_anchor_raw,0.75,3.404028655190475
mixed,uniform_anchor_raw,0.7537878787878788,3.4155429214391133
mixed,uniform_anchor_raw,0.7575757575757576,3.4188202724814247
mixed,uniform_anchor_raw,0.7613636363636364,3.408722359248125
mixed,uniform_anchor_raw,0.7651515151515151,3.404849204278095
mixed,uniform_anchor_raw,0.7689393939393939,3.409604982022801
mixed,uniform_anchor_raw,0.7727272727272727,3.40718198689613
mixed,uniform_anchor_raw,0.7765151515151515,3.4174900594062017
mixed,uniform_anchor_raw,0.7803030303030303,3.4134942088329177
mixed,uniform_anchor_raw,0.7840909090909091,3.401768047181117
mixed,uniform_anchor_raw,0.7878787878787878,3.3977005675254066
mixed,uniform_anchor_raw,0.7916666666666666,3.396307255142086
mixed,uniform_anchor_raw,0.7954545454545454,3.392907339360578
mixed,uniform_anchor_raw,0.7992424242424242,3.416892765795063
mixed,uniform_anchor_raw,0.803030303030303,3.422522120664046
mixed,uniform_anchor_raw,0.8068181818181818,3.4179650285038825
mixed,uniform_anchor_raw,0.8106060606060606,3.4243555377082213
mixed,uniform_anchor_raw,0.8143939393939394,3.4569460516903625
mixed,uniform_anchor_raw,0.8181818181818182,3.4504269446283136
mixed,uniform_anchor_raw,0.821969696969697,3.4612610970732924
mixed,uniform_anchor_raw,0.8257575757575758,3.4647691144720754
mixed,uniform_anchor_raw,0.8295454545454546,3.4566863857274366
mixed,uniform_anchor_raw,0.8333333333333334,3.4559874094049783
mixed,uniform_anchor_raw,0.8371212121212122,3.4693657375677205
mixed,uniform_anchor_raw,0.8409090909090909,3.482379774581973
mixed,uniform_anchor_raw,0.8446969696969697,3.481631558726143
mixed,uniform_anchor_raw,0.8484848484848485,3.4756007869953405
mixed,uniform_anchor_raw,0.8522727272727273,3.477638426720482
mixed,uniform_anchor_raw,0.8560606060606061,3.4744567700148323
mixed,uniform_anchor_raw,0.8598484848484849,3.4666557053114864
mixed,uniform_anchor_raw,0.8636363636363636,3.4556119717248683
mixed,uniform_anchor_raw,0.8674242424242424,3.456091862168929
mixed,uniform_anchor_raw,0.8712121212121212,3.448781810958291
mixed,uniform_anchor_raw,0.875,3.455317080684029
mixed,uniform_anchor_raw,0.8787878787878788,3.462957006178327
mixed,uniform_anchor_raw,0.8825757575757576,3.454659794837127
mixed,uniform_anchor_raw,0.8863636363636364,3.454633307655277
mixed,uniform_anchor_raw,0.8901515151515151,3.460650614349072
mixed,uniform_anchor_raw,0.8939393939393939,3.461040685744935
mixed,uniform_anchor_raw,0.8977272727272727,3.4720980219390305
mixed,uniform_anchor_raw,0.9015151515151515,3.5011841377513733
mixed,uniform_anchor_raw,0.9053030303030303,3.5006570127538943
mixed,uniform_anchor_raw,0.9090909090909091,3.5068224177977805
mixed,uniform_anchor_raw,0.9128787878787878,3.5030708225906513
mixed,uniform_anchor_raw,0.9166666666666666,3.5139679238720127
mixed,uniform_anchor_raw,0.9204545454545454,3.5231591521144945
mixed,uniform_anchor_raw,0.9242424242424242,3.530307686949692
mixed,uniform_anchor_raw,0.928030303030303,3.5282460879441984
mixed,uniform_anchor_raw,0.9318181818181818,3.520946251270562
mixed,uniform_anchor_raw,0.9356060606060606,3.5115920223324846
mixed,uniform_anchor_raw,0.9393939393939394,3.5128266708531015
mixed,uniform_anchor_raw,0.9431818181818182,3.5154780549888804
mixed,uniform_anchor_raw,0.946969696969697,3.509948932937823
mixed,uniform_anchor_raw,0.9507575757575758,3.5008942538873407
mixed,uniform_anchor_raw,0.9545454545454546,3.495736477523515
mixed,uniform_anchor_raw,0.9583333333333334,3.507836106776516
mixed,uniform_anchor_raw,0.9621212121212122,3.5014147275327523
mixed,uniform_anchor_raw,0.9659090909090909,3.4948555679272153
mixed,uniform_anchor_raw,0.9696969696969697,3.4951201577112534
mixed,uniform_anchor_raw,0.9734848484848485,3.493389713994134
mixed,uniform_anchor_raw,0.9772727272727273,3.48466999194614
mixed,uniform_anchor_raw,0.9810606060606061,3.490209937207439
mixed,uniform_anchor_raw,0.9848484848484849,3.4879351530328386
mixed,uniform_anchor_raw,0.9886363636363636,3.4830746740429963
mixed,uniform_anchor_raw,0.9924242424242424,3.4820075299249624
mixed,uniform_anchor_raw,0.9962121212121212,3.4765595676238505
mixed,uniform_anchor_raw,1.0,3.475548999657669
mixed,uniform_anchor_paired,0.003787878787878788,4.451793625584684
mixed,uniform_anchor_paired,0.007575757575757576,3.473190831789904
mixed,uniform_anchor_paired,0.011363636363636364,3.2104049438295146
mixed,uniform_anchor_paired,0.015151515151515152,3.0022183441510593
mixed,uniform_anchor_paired,0.01893939393939394,3.309501938288273
mixed,uniform_anchor_paired,0.022727272727272728,3.2361602367892317
mixed,uniform_anchor_paired,0.026515151515151516,3.1350316105744835
mixed,uniform_anchor_paired,0.030303030303030304,3.2442448470153114
mixed,uniform_anchor_paired,0.03409090909090909,3.0266872431319425
mixed,uniform_anchor_paired,0.03787878787878788,3.3815006561777587
mixed,uniform_anchor_paired,0.041666666666666664,3.236419134814238
mixed,uniform_anchor_paired,0.045454545454545456,3.088408579723263
mixed,uniform_anchor_paired,0.04924242424242424,3.0599994131983976
mixed,uniform_anchor_paired,0.05303030303030303,3.0491770626832047
mixed,uniform_anchor_paired,0.056818181818181816,3.1109452648574796
mixed,uniform_anchor_paired,0.06060606060606061,3.1229468432899097
mixed,uniform_anchor_paired,0.06439393939393939,3.1471368359566405
mixed,uniform_anchor_paired,0.06818181818181818,3.251898657607189
mixed,uniform_anchor_paired,0.07196969696969698,3.2994731701700757
mixed,uniform_anchor_paired,0.07575757575757576,3.268425505863109
mixed,uniform_anchor_paired,0.07954545454545454,3.1855704009906702
mixed,uniform_anchor_paired,0.08333333333333333,3.388145904331379
mixed,uniform_anchor_paired,0.08712121212121213,3.346798978758193
mixed,uniform_anchor_paired,0.09090909090909091,3.3007330983099497
mixed,uniform_anchor_paired,0.0946969696969697,3.3594905669145185
mixed,uniform_anchor_paired,0.09848484848484848,3.3044590104995843
mixed,uniform_anchor_paired,0.10227272727272728,3.269124256777984
mixed,uniform_anchor_paired,0.10606060606060606,3.281837676465486
mixed,uniform_anchor_paired,0.10984848484848485,3.2847000056231885
mixed,uniform_anchor_paired,0.11363636363636363,3.2494910148857756
mixed,uniform_anchor_paired,0.11742424242424243,3.2201846377772547
mixed,uniform_anchor_paired,0.12121212121212122,3.181064296186261
mixed,uniform_anchor_paired,0.125,3.171994826114556
mixed,uniform_anchor_paired,0.12878787878787878,3.19905822540037
mixed,uniform_anchor_paired,0.13257575757575757,3.200169292160588
mixed,uniform_anchor_paired,0.13636363636363635,3.323353105634854
mixed,uniform_anchor_paired,0.14015151515151514,3.2845710455475277
mixed,uniform_anchor_paired,0.14393939393939395,3.244814130668811
mixed,uniform_anchor_paired,0.14772727272727273,3.201691672438366
mixed,uniform_anchor_paired,0.15151515151515152,3.1856323691295785
mixed,uniform_anchor_paired,0.1553030303030303,3.1916505272245703
mixed,uniform_anchor_paired,0.1590909090909091,3.169828127970314
mixed,uniform_anchor_paired,0.16287878787878787,3.125967393721569
mixed,uniform_anchor_paired,0.16666666666666666,3.16002933000693
mixed,uniform_anchor_paired,0.17045454545454544,3.1285195569158706
mixed,uniform_anchor_paired,0.17424242424242425,3.1248731922774304
mixed,uniform_anchor_paired,0.17803030303030304,3.1572152559860207
mixed,uniform_anchor_paired,0.18181818181818182,3.1300822876788548
mixed,uniform_anchor_paired,0.1856060606060606,3.195456532749963
mixed,uniform_anchor_paired,0.1893939393939394,3.1890198441777318
mixed,uniform_anchor_paired,0.19318181818181818,3.1765681808603077
mixed,uniform_anchor_paired,0.19696969696969696,3.2382092866968946
mixed,uniform_anchor_paired,0.20075757575757575,3.1997913103896516
mixed,uniform_anchor_paired,0.20454545454545456,3.164104028749968
mixed,uniform_anchor_paired,0.20833333333333334,3.127865634332552
mixed,uniform_anchor_paired,0.21212121212121213,3.127490514731873
mixed,uniform_anchor_paired,0.2159090909090909,3.1700830293757405
mixed,uniform_anchor_paired,0.2196969696969697,3.17064826973581
mixed,uniform_anchor_paired,0.22348484848484848,3.159270473731835
mixed,uniform_anchor_paired,0.22727272727272727,3.1476402178378584
mixed,uniform_anchor_paired,0.23106060606060605,3.158935734401716
mixed,uniform_anchor_paired,0.23484848484848486,3.133961473204429
mixed,uniform_anchor_paired,0.23863636363636365,3.1731584782259517
mixed,uniform_anchor_paired,0.24242424242424243,3.158566758548989
mixed,uniform_anchor_paired,0.24621212121212122,3.1326053840288446
mixed,uniform_anchor_paired,0.25,3.107375335808289
mixed,uniform_anchor_paired,0.2537878787878788,3.163999424405644
mixed,uniform_anchor_paired,0.25757575757575757,3.1923652197140857
mixed,uniform_anchor_paired,0.26136363636363635,3.1611221737236437
mixed,uniform_anchor_paired,0.26515151515151514,3.140123735026908
mixed,uniform_anchor_paired,0.2689393939393939,3.18757964683009
mixed,uniform_anchor_paired,0.2727272727272727,3.2689946963719962
mixed,uniform_anchor_paired,0.2765151515151515,3.271870174570162
mixed,uniform_anchor_paired,0.2803030303030303,3.260250545146912
mixed,uniform_anchor_paired,0.2840909090909091,3.2427383597452963
mixed,uniform_anchor_paired,0.2878787878787879,3.2809474113157595
mixed,uniform_anchor_paired,0.2916666666666667,3.2798558990269435
mixed,uniform_anchor_paired,0.29545454545454547,3.3151669203828127
mixed,uniform_anchor_paired,0.29924242424242425,3.353335915924045
mixed,uniform_anchor_paired,0.30303030303030304,3.349644914298769
mixed,uniform_anchor_paired,0.3068181818181818,3.3367728609989915
mixed,uniform_anchor_paired,0.3106060606060606,3.3372713947883366
mixed,uniform_anchor_paired,0.3143939393939394,3.3339834874515297
mixed,uniform_anchor_paired,0.3181818181818182,3.3452927407049025
mixed,uniform_anchor_paired,0.32196969696969696,3.3291908905412932
mixed,uniform_anchor_paired,0.32575757575757575,3.3310204511867965
mixed,uniform_anchor_paired,0.32954545454545453,3.3194402890326344
mixed,uniform_anchor_paired,0.3333333333333333,3.3140331698086682
mixed,uniform_anchor_paired,0.3371212121212121,3.316114312333843
mixed,uniform_anchor_paired,0.3409090909090909,3.301858608893438
mixed,uniform_anchor_paired,0.3446969696969697,3.2729886712499656
mixed,uniform_anchor_paired,0.3484848484848485,3.2691149391665437
mixed,uniform_anchor_paired,0.3522727272727273,3.276947949713183
mixed,uniform_anchor_paired,0.3560606060606061,3.294795759036622
mixed,uniform_anchor_paired,0.35984848484848486,3.2865724039598603
mixed,uniform_anchor_paired,0.36363636363636365,3.327987750716639
mixed,uniform_anchor_paired,0.36742424242424243,3.3384888366032643
mixed,uniform_anchor_paired,0.3712121212121212,3.3515011839605275
mixed,uniform_anchor_paired,0.375,3.365290811111249
mixed,uniform_anchor_paired,0.3787878787878788,3.353294810513816
mixed,uniform_anchor_paired,0.38257575757575757,3.34292453128695
mixed,uniform_anchor_paired,0.38636363636363635,3.3374240045934287
mixed,uniform_anchor_paired,0.39015151515151514,3.3447770612249985
mixed,uniform_anchor_paired,0.3939393939393939,3.355771734687939
mixed,uniform_anchor_paired,0.3977272727272727,3.365970312958545
mixed,uniform_anchor_paired,0.4015151515151515,3.3767720009980677
mixed,uniform_anchor_paired,0.4053030303030303,3.3729324668296314
mixed,uniform_anchor_paired,0.4090909090909091,3.3631553795477753
mixed,uniform_anchor_paired,0.4128787878787879,3.341561779569231
mixed,uniform_anchor_paired,0.4166666666666667,3.3347915591393558
mixed,uniform_anchor_paired,0.42045454545454547,3.3410954806370565
mixed,uniform_anchor_paired,0.42424242424242425,3.325605604416507
mixed,uniform_anchor_paired,0.42803030303030304,3.337253213817329
mixed,uniform_anchor_paired,0.4318181818181818,3.3395596302121024
mixed,uniform_anchor_paired,0.4356060606060606,3.356618317509792
mixed,uniform_anchor_paired,0.4393939393939394,3.342570285674969
mixed,uniform_anchor_paired,0.4431818181818182,3.3440700303671065
mixed,uniform_anchor_paired,0.44696969696969696,3.352066174200091
mixed,uniform_anchor_paired,0.45075757575757575,3.3506490882961892
mixed,uniform_anchor_paired,0.45454545454545453,3.335011015533498
mixed,uniform_anchor_paired,0.4583333333333333,3.330674281342556
mixed,uniform_anchor_paired,0.4621212121212121,3.3215836506674123
mixed,uniform_anchor_paired,0.4659090909090909,3.321334466065609
mixed,uniform_anchor_paired,0.4696969696969697,3.3068343130743885
mixed,uniform_anchor_paired,0.4734848484848485,3.2945801173240192
mixed,uniform_anchor_paired,0.4772727272727273,3.2923453895453805
mixed,uniform_anchor_paired,0.4810606060606061,3.311930160458038
mixed,uniform_anchor_paired,0.48484848484848486,3.2945829528028283
mixed,uniform_anchor_paired,0.48863636363636365,3.2956460135662033
mixed,uniform_anchor_paired,0.49242424242424243,3.292343417840772
mixed,uniform_anchor_paired,0.4962121212121212,3.291972916868407
mixed,uniform_anchor_paired,0.5,3.292535102247418
mixed,uniform_anchor_paired,0.5037878787878788,3.291218293238955
mixed,uniform_anchor_paired,0.5075757575757576,3.2824746911510907
mixed,uniform_anchor_paired,0.5113636363636364,3.301808050144509
mixed,uniform_anchor_paired,0.5151515151515151,3.2961312396659785
mixed,uniform_anchor_paired,0.5189393939393939,3.2804819946404873
mixed,uniform_anchor_paired,0.5227272727272727,3.297972918971045
mixed,uniform_anchor_paired,0.5265151515151515,3.2913004444288227
mixed,uniform_anchor_paired,0.5303030303030303,3.293872215962066
mixed,uniform_anchor_paired,0.5340909090909091,3.315563390674427
mixed,uniform_anchor_paired,0.5378787878787878,3.301727019352418
mixed,uniform_anchor_paired,0.5416666666666666,3.2936846367665322
mixed,uniform_anchor_paired,0.5454545454545454,3.2981807201797633
mixed,uniform_anchor_paired,0.5492424242424242,3.290886158799422
mixed,uniform_anchor_paired,0.553030303030303,3.287725762333055
mixed,uniform_anchor_paired,0.5568181818181818,3.2743950287480312
mixed,uniform_anchor_paired,0.5606060606060606,3.262380915405023
mixed,uniform_anchor_paired,0.5643939393939394,3.264190236535639
mixed,uniform_anchor_paired,0.5681818181818182,3.2575944068268874
mixed,uniform_anchor_paired,0.571969696969697,3.244991771318484
mixed,uniform_anchor_paired,0.5757575757575758,3.254442123017819
mixed,uniform_anchor_paired,0.5795454545454546,3.252336856018855
mixed,uniform_anchor_paired,0.5833333333333334,3.2671885535308967
mixed,uniform_anchor_paired,0.5871212121212122,3.2785817460895323
mixed,uniform_anchor_paired,0.5909090909090909,3.2925922996407238
mixed,uniform_anchor_paired,0.5946969696969697,3.2955904886507326
mixed,uniform_anchor_paired,0.5984848484848485,3.331983795062611
mixed,uniform_anchor_paired,0.6022727272727273,3.3468916712490775
mixed,uniform_anchor_paired,0.6060606060606061,3.372572735242692
mixed,uniform_anchor_paired,0.6098484848484849,3.3631606208143907
mixed,uniform_anchor_paired,0.6136363636363636,3.3563075710369525
mixed,uniform_anchor_paired,0.6174242424242424,3.3465364443390073
mixed,uniform_anchor_paired,0.6212121212121212,3.3500937160645967
mixed,uniform_anchor_paired,0.625,3.34933450914841
mixed,uniform_anchor_paired,0.6287878787878788,3.3400343525686567
mixed,uniform_anchor_paired,0.6325757575757576,3.337103771664367
mixed,uniform_anchor_paired,0.6363636363636364,3.3556690936271063
mixed,uniform_anchor_paired,0.6401515151515151,3.362156629527328
mixed,uniform_anchor_paired,0.6439393939393939,3.3498270629031524
mixed,uniform_anchor_paired,0.6477272727272727,3.3659170786414294
mixed,uniform_anchor_paired,0.6515151515151515,3.376852961695278
mixed,uniform_anchor_paired,0.6553030303030303,3.3661512374053246
mixed,uniform_anchor_paired,0.6590909090909091,3.3660007273687014
mixed,uniform_anchor_paired,0.6628787878787878,3.3815453054755653
mixed,uniform_anchor_paired,0.6666666666666666,3.3707850953217076
mixed,uniform_anchor_paired,0.6704545454545454,3.379049143633359
mixed,uniform_anchor_paired,0.6742424242424242,3.379290015363655
mixed,uniform_anchor_paired,0.678030303030303,3.3743895384041704
mixed,uniform_anchor_paired,0.6818181818181818,3.3682698115006713
mixed,uniform_anchor_paired,0.6856060606060606,3.371360059408294
mixed,uniform_anchor_paired,0.6893939393939394,3.3600213279387368
mixed,uniform_anchor_paired,0.6931818181818182,3.3569997245096324
mixed,uniform_anchor_paired,0.696969696969697,3.356285984211586
mixed,uniform_anchor_paired,0.7007575757575758,3.3733689265712283
mixed,uniform_anchor_paired,0.7045454545454546,3.3922730447585745
mixed,uniform_anchor_paired,0.7083333333333334,3.4009444930725614
mixed,uniform_anchor_paired,0.7121212121212122,3.3970878629036534
mixed,uniform_anchor_paired,0.7159090909090909,3.403091540851815
mixed,uniform_anchor_paired,0.7196969696969697,3.395339024251926
mixed,uniform_anchor_paired,0.7234848484848485,3.384698608044728
mixed,uniform_anchor_paired,0.7272727272727273,3.378711495751881
mixed,uniform_anchor_paired,0.7310606060606061,3.3864785824358314
mixed,uniform_anchor_paired,0.7348484848484849,3.399889823554467
mixed,uniform_anchor_paired,0.7386363636363636,3.4422444498739124
mixed,uniform_anchor_paired,0.7424242424242424,3.4331379198711773
mixed,uniform_anchor_paired,0.7462121212121212,3.4284651035918947
mixed,uniform_anchor_paired,0.75,3.4338808846028357
mixed,uniform_anchor_paired,0.7537878787878788,3.4452796740172205
mixed,uniform_anchor_paired,0.7575757575757576,3.447070062810605
mixed,uniform_anchor_paired,0.7613636363636364,3.435848128315923
mixed,uniform_anchor_paired,0.7651515151515151,3.430832668110605
mixed,uniform_anchor_paired,0.7689393939393939,3.435696392141027
mixed,uniform_anchor_paired,0.7727272727272727,3.430568146959222
mixed,uniform_anchor_paired,0.7765151515151515,3.439900002874678
mixed,uniform_anchor_paired,0.7803030303030303,3.435105238346963
mixed,uniform_anchor_paired,0.7840909090909091,3.426556044294933
mixed,uniform_anchor_paired,0.7878787878787878,3.4226986796628656
mixed,uniform_anchor_paired,0.7916666666666666,3.4214563332198633
mixed,uniform_anchor_paired,0.7954545454545454,3.4143311122988975
mixed,uniform_anchor_paired,0.7992424242424242,3.438890189457671
mixed,uniform_anchor_paired,0.803030303030303,3.4445077761584835
mixed,uniform_anchor_paired,0.8068181818181818,3.4393939438542875
mixed,uniform_anchor_paired,0.8106060606060606,3.444981470096231
mixed,uniform_anchor_paired,0.8143939393939394,3.4780841577388735
mixed,uniform_anchor_paired,0.8181818181818182,3.4774957853440056
mixed,uniform_anchor_paired,0.821969696969697,3.492539318634893
mixed,uniform_anchor_paired,0.8257575757575758,3.4947184830101405
mixed,uniform_anchor_paired,0.8295454545454546,3.4883529200288894
mixed,uniform_anchor_paired,0.8333333333333334,3.4873194501637674
mixed,uniform_anchor_paired,0.8371212121212122,3.508637507039254
mixed,uniform_anchor_paired,0.8409090909090909,3.5192213331319273
mixed,uniform_anchor_paired,0.8446969696969697,3.518062149067448
mixed,uniform_anchor_paired,0.8484848484848485,3.5137690501661907
mixed,uniform_anchor_paired,0.8522727272727273,3.5195559160254306
mixed,uniform_anchor_paired,0.8560606060606061,3.517030172980938
mixed,uniform_anchor_paired,0.8598484848484849,3.513607609242245
mixed,uniform_anchor_paired,0.8636363636363636,3.5055132220037812
mixed,uniform_anchor_paired,0.8674242424242424,3.5033829142133937
mixed,uniform_anchor_paired,0.8712121212121212,3.4986118829214035
mixed,uniform_anchor_paired,0.875,3.503846292552193
mixed,uniform_anchor_paired,0.8787878787878788,3.5150414195307724
mixed,uniform_anchor_paired,0.8825757575757576,3.5084430162552565
mixed,uniform_anchor_paired,0.8863636363636364,3.5087426104173214
mixed,uniform_anchor_paired,0.8901515151515151,3.515878303960745
mixed,uniform_anchor_paired,0.8939393939393939,3.5146256961615054
mixed,uniform_anchor_paired,0.8977272727272727,3.5135047740604928
mixed,uniform_anchor_paired,0.9015151515151515,3.5425224969314155
mixed,uniform_anchor_paired,0.9053030303030303,3.5436793473206585
mixed,uniform_anchor_paired,0.9090909090909091,3.552593582402069
mixed,uniform_anchor_paired,0.9128787878787878,3.5520332503036482
mixed,uniform_anchor_paired,0.9166666666666666,3.5710054713629624
mixed,uniform_anchor_paired,0.9204545454545454,3.5852360276992457
mixed,uniform_anchor_paired,0.9242424242424242,3.5899021637855797
mixed,uniform_anchor_paired,0.928030303030303,3.586908130811055
mixed,uniform_anchor_paired,0.9318181818181818,3.5793057041517407
mixed,uniform_anchor_paired,0.9356060606060606,3.568660445239232
mixed,uniform_anchor_paired,0.9393939393939394,3.5677984876738855
mixed,uniform_anchor_paired,0.9431818181818182,3.568995688555296
mixed,uniform_anchor_paired,0.946969696969697,3.566059035522714
mixed,uniform_anchor_paired,0.9507575757575758,3.5560797730574047
mixed,uniform_anchor_paired,0.9545454545454546,3.5555782810723993
mixed,uniform_anchor_paired,0.9583333333333334,3.5683394009212215
mixed,uniform_anchor_paired,0.9621212121212122,3.561438795845182
mixed,uniform_anchor_paired,0.9659090909090909,3.5579567383479946
mixed,uniform_anchor_paired,0.9696969696969697,3.557974628194014
mixed,uniform_anchor_paired,0.9734848484848485,3.554443735745949
mixed,uniform_anchor_paired,0.9772727272727273,3.545466898494233
mixed,uniform_anchor_paired,0.9810606060606061,3.5498968021342123
mixed,uniform_anchor_paired,0.9848484848484849,3.5471365754579125
mixed,uniform_anchor_paired,0.9886363636363636,3.540819694406275
mixed,uniform_anchor_paired,0.9924242424242424,3.5445115877617663
mixed,uniform_anchor_paired,0.9962121212121212,3.5381241334949878
mixed,uniform_anchor_paired,1.0,3.5383148002178237
mixed,conditional_raw,0.003787878787878788,4.494974697534599
mixed,conditional_raw,0.007575757575757576,2.712633105988898
mixed,conditional_raw,0.011363636363636364,2.2728816486468424
mixed,conditional_raw,0.015151515151515152,2.0004704755165883
mixed,conditional_raw,0.01893939393939394,2.4865898472747534
mixed,conditional_raw,0.022727272727272728,2.4762170905310685
mixed,conditional_raw,0.026515151515151516,2.4143797798051128
mixed,conditional_raw,0.030303030303030304,2.6618957012445175
mixed,conditional_raw,0.03409090909090909,2.5073380432267087
mixed,conditional_raw,0.03787878787878788,2.8440772780633865
mixed,conditional_raw,0.041666666666666664,2.704939281343353
mixed,conditional_raw,0.045454545454545456,2.626919214229243
mixed,conditional_raw,0.04924242424242424,2.670269121063731
mixed,conditional_raw,0.05303030303030303,2.631655267700873
mixed,conditional_raw,0.056818181818181816,2.8277525207145975
mixed,conditional_raw,0.06060606060606061,2.823682977447922
mixed,conditional_raw,0.06439393939393939,2.8640124557049584
mixed,conditional_raw,0.06818181818181818,2.879818334705675
mixed,conditional_raw,0.07196969696969698,2.899877810546792
mixed,conditional_raw,0.07575757575757576,2.850123744823293
mixed,conditional_raw,0.07954545454545454,2.764461712754675
mixed,conditional_raw,0.08333333333333333,3.0290456017595826
mixed,conditional_raw,0.08712121212121213,3.054411743604233
mixed,conditional_raw,0.09090909090909091,3.0280152831302622
mixed,conditional_raw,0.0946969696969697,3.1266407406244547
mixed,conditional_raw,0.09848484848484848,3.0598288336791772
mixed,conditional_raw,0.10227272727272728,3.026620527993995
mixed,conditional_raw,0.10606060606060606,3.011308703668322
mixed,conditional_raw,0.10984848484848485,2.9697821608219623
mixed,conditional_raw,0.11363636363636363,2.937722694233191
mixed,conditional_raw,0.11742424242424243,2.9459446811181507
mixed,conditional_raw,0.12121212121212122,2.908820478818042
mixed,conditional_raw,0.125,2.8637861060434378
mixed,conditional_raw,0.12878787878787878,2.8487686543302853
mixed,conditional_raw,0.13257575757575757,2.8315484553377073
mixed,conditional_raw,0.13636363636363635,3.012533298529305
mixed,conditional_raw,0.14015151515151514,2.996802858249346
mixed,conditional_raw,0.14393939393939395,2.969586529600189
mixed,conditional_raw,0.14772727272727273,3.027651909876354
mixed,conditional_raw,0.15151515151515152,2.9976033414391865
mixed,conditional_raw,0.1553030303030303,3.014755988088135
mixed,conditional_raw,0.1590909090909091,2.9948010878673403
mixed,conditional_raw,0.16287878787878787,2.976079388812119
mixed,conditional_raw,0.16666666666666666,2.9902011238248605
mixed,conditional_raw,0.17045454545454544,2.9634653158717614
mixed,conditional_raw,0.17424242424242425,2.9651268310847887
mixed,conditional_raw,0.17803030303030304,3.036242052005788
mixed,conditional_raw,0.18181818181818182,3.0041281021408754
mixed,conditional_raw,0.1856060606060606,3.0717254385655046
mixed,conditional_raw,0.1893939393939394,3.0669606648919108
mixed,conditional_raw,0.19318181818181818,3.035011428792837
mixed,conditional_raw,0.19696969696969696,3.0923103969315977
mixed,conditional_raw,0.20075757575757575,3.0491095583659664
mixed,conditional_raw,0.20454545454545456,3.0171432677691628
mixed,conditional_raw,0.20833333333333334,2.997689332592337
mixed,conditional_raw,0.21212121212121213,2.975423867976088
mixed,conditional_raw,0.2159090909090909,3.0008555738134866
mixed,conditional_raw,0.2196969696969697,2.9872382440769534
mixed,conditional_raw,0.22348484848484848,2.9835251983239686
mixed,conditional_raw,0.22727272727272727,2.970591275305478
mixed,conditional_raw,0.23106060606060605,2.9846345601333737
mixed,conditional_raw,0.23484848484848486,2.9681647928248593
mixed,conditional_raw,0.23863636363636365,3.014697266091217
mixed,conditional_raw,0.24242424242424243,3.000323633183316
mixed,conditional_raw,0.24621212121212122,2.9677940998456376
mixed,conditional_raw,0.25,2.9613566625953696
mixed,conditional_raw,0.2537878787878788,3.016399826760051
mixed,conditional_raw,0.25757575757575757,3.0491675828107283
mixed,conditional_raw,0.26136363636363635,3.0381107046710767
mixed,conditional_raw,0.26515151515151514,3.0286214064951253
mixed,conditional_raw,0.2689393939393939,3.0680618907731483
mixed,conditional_raw,0.2727272727272727,3.1480811779288214
mixed,conditional_raw,0.2765151515151515,3.163095586260385
mixed,conditional_raw,0.2803030303030303,3.1592316746674722
mixed,conditional_raw,0.2840909090909091,3.137389875836739
mixed,conditional_raw,0.2878787878787879,3.173899806523282
mixed,conditional_raw,0.2916666666666667,3.175801349198259
mixed,conditional_raw,0.29545454545454547,3.212273699483342
mixed,conditional_raw,0.29924242424242425,3.2298503608392095
mixed,conditional_raw,0.30303030303030304,3.2440520892676723
mixed,conditional_raw,0.3068181818181818,3.230274040908141
mixed,conditional_raw,0.3106060606060606,3.2297212902025207
mixed,conditional_raw,0.3143939393939394,3.2208826951418685
mixed,conditional_raw,0.3181818181818182,3.2237468287686206
mixed,conditional_raw,0.32196969696969696,3.2203447836686387
mixed,conditional_raw,0.32575757575757575,3.206966268084195
mixed,conditional_raw,0.32954545454545453,3.196268542417806
mixed,conditional_raw,0.3333333333333333,3.182894582301511
mixed,conditional_raw,0.3371212121212121,3.1862760883638312
mixed,conditional_raw,0.3409090909090909,3.1802584630823696
mixed,conditional_raw,0.3446969696969697,3.1548449506941583
mixed,conditional_raw,0.3484848484848485,3.148863551011185
mixed,conditional_raw,0.3522727272727273,3.146759310893566
mixed,conditional_raw,0.3560606060606061,3.167505604862756
mixed,conditional_raw,0.35984848484848486,3.153052257939743
mixed,conditional_raw,0.36363636363636365,3.1997607780330024
mixed,conditional_raw,0.36742424242424243,3.2309082427135056
mixed,conditional_raw,0.3712121212121212,3.2250284364643718
mixed,conditional_raw,0.375,3.2333438703644553
mixed,conditional_raw,0.3787878787878788,3.2161071047479175
mixed,conditional_raw,0.38257575757575757,3.2077435528373854
mixed,conditional_raw,0.38636363636363635,3.2117345356718285
mixed,conditional_raw,0.39015151515151514,3.205882058076467
mixed,conditional_raw,0.3939393939393939,3.220760599700272
mixed,conditional_raw,0.3977272727272727,3.239331270301452
mixed,conditional_raw,0.4015151515151515,3.2241911729259436
mixed,conditional_raw,0.4053030303030303,3.2138293466065413
mixed,conditional_raw,0.4090909090909091,3.1994265430598694
mixed,conditional_raw,0.4128787878787879,3.181123688047282
mixed,conditional_raw,0.4166666666666667,3.1737225272924996
mixed,conditional_raw,0.42045454545454547,3.15523951183865
mixed,conditional_raw,0.42424242424242425,3.1400008889682667
mixed,conditional_raw,0.42803030303030304,3.1641796018794026
mixed,conditional_raw,0.4318181818181818,3.171643223890895
mixed,conditional_raw,0.4356060606060606,3.1842617964430673
mixed,conditional_raw,0.4393939393939394,3.1685297771262184
mixed,conditional_raw,0.4431818181818182,3.1574055346069145
mixed,conditional_raw,0.44696969696969696,3.1569252405164057
mixed,conditional_raw,0.45075757575757575,3.1546603405653797
mixed,conditional_raw,0.45454545454545453,3.143508922118464
mixed,conditional_raw,0.4583333333333333,3.138596748062698
mixed,conditional_raw,0.4621212121212121,3.127556878532318
mixed,conditional_raw,0.4659090909090909,3.1209714974474845
mixed,conditional_raw,0.4696969696969697,3.110155029772408
mixed,conditional_raw,0.4734848484848485,3.1023262996933774
mixed,conditional_raw,0.4772727272727273,3.1026664662877965
mixed,conditional_raw,0.4810606060606061,3.1267218226754108
mixed,conditional_raw,0.48484848484848486,3.110324699824714
mixed,conditional_raw,0.48863636363636365,3.1173394777380294
mixed,conditional_raw,0.49242424242424243,3.1215392280691794
mixed,conditional_raw,0.4962121212121212,3.124043883245394
mixed,conditional_raw,0.5,3.117093231494943
mixed,conditional_raw,0.5037878787878788,3.119796562998072
mixed,conditional_raw,0.5075757575757576,3.111242263905789
mixed,conditional_raw,0.5113636363636364,3.125643623094467
mixed,conditional_raw,0.5151515151515151,3.1251799472572466
mixed,conditional_raw,0.5189393939393939,3.105670389699963
mixed,conditional_raw,0.5227272727272727,3.122180970233728
mixed,conditional_raw,0.5265151515151515,3.1187510266796354
mixed,conditional_raw,0.5303030303030303,3.1183987926116505
mixed,conditional_raw,0.5340909090909091,3.146351573189906
mixed,conditional_raw,0.5378787878787878,3.133764002706297
mixed,conditional_raw,0.5416666666666666,3.1226270998002827
mixed,conditional_raw,0.5454545454545454,3.1311784894617882
mixed,conditional_raw,0.5492424242424242,3.1198108149806614
mixed,conditional_raw,0.553030303030303,3.112104793856805
mixed,conditional_raw,0.5568181818181818,3.0994785389922086
mixed,conditional_raw,0.5606060606060606,3.0896163405904944
mixed,conditional_raw,0.5643939393939394,3.0860370376166535
mixed,conditional_raw,0.5681818181818182,3.081509615138332
mixed,conditional_raw,0.571969696969697,3.0703652812086033
mixed,conditional_raw,0.5757575757575758,3.0747272514675767
mixed,conditional_raw,0.5795454545454546,3.08008697323514
mixed,conditional_raw,0.5833333333333334,3.1109995465800533
mixed,conditional_raw,0.5871212121212122,3.124330990564516
mixed,conditional_raw,0.5909090909090909,3.1431742622393055
mixed,conditional_raw,0.5946969696969697,3.1535585375596082
mixed,conditional_raw,0.5984848484848485,3.1858642463845226
mixed,conditional_raw,0.6022727272727273,3.194132233780629
mixed,conditional_raw,0.6060606060606061,3.2236311161987943
mixed,conditional_raw,0.6098484848484849,3.219153351619127
mixed,conditional_raw,0.6136363636363636,3.2206130999841185
mixed,conditional_raw,0.6174242424242424,3.2349096789595375
mixed,conditional_raw,0.6212121212121212,3.2356707416695225
mixed,conditional_raw,0.625,3.232272198949411
mixed,conditional_raw,0.6287878787878788,3.220290203088435
mixed,conditional_raw,0.6325757575757576,3.213289146689626
mixed,conditional_raw,0.6363636363636364,3.234167673976719
mixed,conditional_raw,0.6401515151515151,3.2385130998280705
mixed,conditional_raw,0.6439393939393939,3.2332945572678593
mixed,conditional_raw,0.6477272727272727,3.2499061071648874
mixed,conditional_raw,0.6515151515151515,3.265877380312622
mixed,conditional_raw,0.6553030303030303,3.2634452428305925
mixed,conditional_raw,0.6590909090909091,3.2613899477452097
mixed,conditional_raw,0.6628787878787878,3.282980408984764
mixed,conditional_raw,0.6666666666666666,3.2781963175430184
mixed,conditional_raw,0.6704545454545454,3.2852971619011586
mixed,conditional_raw,0.6742424242424242,3.295553245025411
mixed,conditional_raw,0.678030303030303,3.286324437813106
mixed,conditional_raw,0.6818181818181818,3.2766371801817606
mixed,conditional_raw,0.6856060606060606,3.286128299559922
mixed,conditional_raw,0.6893939393939394,3.2725430347785687
mixed,conditional_raw,0.6931818181818182,3.274436766450529
mixed,conditional_raw,0.696969696969697,3.275321858919549
mixed,conditional_raw,0.7007575757575758,3.2989266437220786
mixed,conditional_raw,0.7045454545454546,3.314278637100499
mixed,conditional_raw,0.7083333333333334,3.3271633702015677
mixed,conditional_raw,0.7121212121212122,3.324446252660932
mixed,conditional_raw,0.7159090909090909,3.3288921663699025
mixed,conditional_raw,0.7196969696969697,3.327631526781893
mixed,conditional_raw,0.7234848484848485,3.3166895665529386
mixed,conditional_raw,0.7272727272727273,3.3105996932788333
mixed,conditional_raw,0.7310606060606061,3.322339282345521
mixed,conditional_raw,0.7348484848484849,3.338402166912978
mixed,conditional_raw,0.7386363636363636,3.3824012356355766
mixed,conditional_raw,0.7424242424242424,3.3762064958469025
mixed,conditional_raw,0.7462121212121212,3.3734159271098156
mixed,conditional_raw,0.75,3.3727974387022974
mixed,conditional_raw,0.7537878787878788,3.388442614460112
mixed,conditional_raw,0.7575757575757576,3.3914071170194227
mixed,conditional_raw,0.7613636363636364,3.382438230640519
mixed,conditional_raw,0.7651515151515151,3.37961480713046
mixed,conditional_raw,0.7689393939393939,3.3887864127113896
mixed,conditional_raw,0.7727272727272727,3.389407779655199
mixed,conditional_raw,0.7765151515151515,3.4002153704736977
mixed,conditional_raw,0.7803030303030303,3.395719592887693
mixed,conditional_raw,0.7840909090909091,3.3843029513505165
mixed,conditional_raw,0.7878787878787878,3.3731973873688275
mixed,conditional_raw,0.7916666666666666,3.369265508119863
mixed,conditional_raw,0.7954545454545454,3.3678181482534164
mixed,conditional_raw,0.7992424242424242,3.395014160932653
mixed,conditional_raw,0.803030303030303,3.398926482066002
mixed,conditional_raw,0.8068181818181818,3.393490543788787
mixed,conditional_raw,0.8106060606060606,3.4015777653889683
mixed,conditional_raw,0.8143939393939394,3.4377565726485977
mixed,conditional_raw,0.8181818181818182,3.4321319366516327
mixed,conditional_raw,0.821969696969697,3.4409378455397674
mixed,conditional_raw,0.8257575757575758,3.447108390320281
mixed,conditional_raw,0.8295454545454546,3.436258112720733
mixed,conditional_raw,0.8333333333333334,3.431965085388427
mixed,conditional_raw,0.8371212121212122,3.4424389856624393
mixed,conditional_raw,0.8409090909090909,3.454894536312352
mixed,conditional_raw,0.8446969696969697,3.45410108340547
mixed,conditional_raw,0.8484848484848485,3.455007435423862
mixed,conditional_raw,0.8522727272727273,3.460155103184746
mixed,conditional_raw,0.8560606060606061,3.457348938438962
mixed,conditional_raw,0.8598484848484849,3.4487826532959045
mixed,conditional_raw,0.8636363636363636,3.4421226451060556
mixed,conditional_raw,0.8674242424242424,3.4459186740454864
mixed,conditional_raw,0.8712121212121212,3.4440690941408167
mixed,conditional_raw,0.875,3.4483461666331316
mixed,conditional_raw,0.8787878787878788,3.450600697706514
mixed,conditional_raw,0.8825757575757576,3.445866711109685
mixed,conditional_raw,0.8863636363636364,3.4461735404614497
mixed,conditional_raw,0.8901515151515151,3.4539094085790683
mixed,conditional_raw,0.8939393939393939,3.448733374506807
mixed,conditional_raw,0.8977272727272727,3.4591914415907206
mixed,conditional_raw,0.9015151515151515,3.487653748174779
mixed,conditional_raw,0.9053030303030303,3.4894310850247177
mixed,conditional_raw,0.9090909090909091,3.494331627909618
mixed,conditional_raw,0.9128787878787878,3.490455213671824
mixed,conditional_raw,0.9166666666666666,3.50327126557957
mixed,conditional_raw,0.9204545454545454,3.516417392799378
mixed,conditional_raw,0.9242424242424242,3.522114149759831
mixed,conditional_raw,0.928030303030303,3.5211387472839686
mixed,conditional_raw,0.9318181818181818,3.5188689209627797
mixed,conditional_raw,0.9356060606060606,3.50947691721421
mixed,conditional_raw,0.9393939393939394,3.515156124526196
mixed,conditional_raw,0.9431818181818182,3.5192895861306117
mixed,conditional_raw,0.946969696969697,3.512078155016543
mixed,conditional_raw,0.9507575757575758,3.50212373255471
mixed,conditional_raw,0.9545454545454546,3.4942584862957706
mixed,conditional_raw,0.9583333333333334,3.5124673550455014
mixed,conditional_raw,0.9621212121212122,3.5074029452040865
mixed,conditional_raw,0.9659090909090909,3.502585427004444
mixed,conditional_raw,0.9696969696969697,3.5055879266254784
mixed,conditional_raw,0.9734848484848485,3.5064391853154064
mixed,conditional_raw,0.9772727272727273,3.5000088038163852
mixed,conditional_raw,0.9810606060606061,3.5068645381040695
mixed,conditional_raw,0.9848484848484849,3.5094472568350334
mixed,conditional_raw,0.9886363636363636,3.5071995657211197
mixed,conditional_raw,0.9924242424242424,3.5066374238133524
mixed,conditional_raw,0.9962121212121212,3.5011215618273326
mixed,conditional_raw,1.0,3.5003611461509734
mixed,conditional_paired,0.003787878787878788,3.8478973160727157
mixed,conditional_paired,0.007575757575757576,3.2864360545273716
mixed,conditional_paired,0.011363636363636364,3.1062218982080414
mixed,conditional_paired,0.015151515151515152,2.972168162704302
mixed,conditional_paired,0.01893939393939394,3.3260879697860233
mixed,conditional_paired,0.022727272727272728,3.151443755587879
mixed,conditional_paired,0.026515151515151516,3.066302436044618
mixed,conditional_paired,0.030303030303030304,3.1896842205566927
mixed,conditional_paired,0.03409090909090909,2.993601495063995
mixed,conditional_paired,0.03787878787878788,3.290128282887659
mixed,conditional_paired,0.041666666666666664,3.1248652584092853
mixed,conditional_paired,0.045454545454545456,2.96248708285867
mixed,conditional_paired,0.04924242424242424,2.9463849412707943
mixed,conditional_paired,0.05303030303030303,2.90189475864458
mixed,conditional_paired,0.056818181818181816,3.0092672396671243
mixed,conditional_paired,0.06060606060606061,3.0447967585514966
mixed,conditional_paired,0.06439393939393939,3.0641219965689657
mixed,conditional_paired,0.06818181818181818,3.1349893847142964
mixed,conditional_paired,0.07196969696969698,3.1894215448149197
mixed,conditional_paired,0.07575757575757576,3.1497274941675477
mixed,conditional_paired,0.07954545454545454,3.0883694738650944
mixed,conditional_paired,0.08333333333333333,3.3122369847102604
mixed,conditional_paired,0.08712121212121213,3.3095117503684564
mixed,conditional_paired,0.09090909090909091,3.242568445841949
mixed,conditional_paired,0.0946969696969697,3.3294011050463097
mixed,conditional_paired,0.09848484848484848,3.283902633418581
mixed,conditional_paired,0.10227272727272728,3.253033498162106
mixed,conditional_paired,0.10606060606060606,3.2519682484146126
mixed,conditional_paired,0.10984848484848485,3.225695652322004
mixed,conditional_paired,0.11363636363636363,3.1970397637490464
mixed,conditional_paired,0.11742424242424243,3.1807805654988086
mixed,conditional_paired,0.12121212121212122,3.147005827440464
mixed,conditional_paired,0.125,3.136021198736612
mixed,conditional_paired,0.12878787878787878,3.140269883530118
mixed,conditional_paired,0.13257575757575757,3.141988574448122
mixed,conditional_paired,0.13636363636363635,3.282365396228647
mixed,conditional_paired,0.14015151515151514,3.2429284985151017
mixed,conditional_paired,0.14393939393939395,3.2236992551462547
mixed,conditional_paired,0.14772727272727273,3.2016373904297417
mixed,conditional_paired,0.15151515151515152,3.1903036522740695
mixed,conditional_paired,0.1553030303030303,3.1846436516533996
mixed,conditional_paired,0.1590909090909091,3.150812143304309
mixed,conditional_paired,0.16287878787878787,3.117096498762765
mixed,conditional_paired,0.16666666666666666,3.1576362479565123
mixed,conditional_paired,0.17045454545454544,3.125045205505168
mixed,conditional_paired,0.17424242424242425,3.1238619267789347
mixed,conditional_paired,0.17803030303030304,3.154647008650803
mixed,conditional_paired,0.18181818181818182,3.1276745882067973
mixed,conditional_paired,0.1856060606060606,3.1930863013466273
mixed,conditional_paired,0.1893939393939394,3.1793765130680516
mixed,conditional_paired,0.19318181818181818,3.1530551727091187
mixed,conditional_paired,0.19696969696969696,3.207944601728544
mixed,conditional_paired,0.20075757575757575,3.177064510437903
mixed,conditional_paired,0.20454545454545456,3.1511344197342948
mixed,conditional_paired,0.20833333333333334,3.1187350441333286
mixed,conditional_paired,0.21212121212121213,3.1214818861555806
mixed,conditional_paired,0.2159090909090909,3.1578649666103793
mixed,conditional_paired,0.2196969696969697,3.1628573444563255
mixed,conditional_paired,0.22348484848484848,3.156535056694102
mixed,conditional_paired,0.22727272727272727,3.1424874353053354
mixed,conditional_paired,0.23106060606060605,3.157217698165288
mixed,conditional_paired,0.23484848484848486,3.140390671263924
mixed,conditional_paired,0.23863636363636365,3.1859990855661127
mixed,conditional_paired,0.24242424242424243,3.1660356221417096
mixed,conditional_paired,0.24621212121212122,3.1453573040688596
mixed,conditional_paired,0.25,3.122000426964201
mixed,conditional_paired,0.2537878787878788,3.1781695328320154
mixed,conditional_paired,0.25757575757575757,3.2082846008631285
mixed,conditional_paired,0.26136363636363635,3.1826849441345235
mixed,conditional_paired,0.26515151515151514,3.1681203258899444
mixed,conditional_paired,0.2689393939393939,3.206503499726461
mixed,conditional_paired,0.2727272727272727,3.2861640106099355
mixed,conditional_paired,0.2765151515151515,3.2914009920356455
mixed,conditional_paired,0.2803030303030303,3.282775994714075
mixed,conditional_paired,0.2840909090909091,3.2662934253043034
mixed,conditional_paired,0.2878787878787879,3.2960524440238537
mixed,conditional_paired,0.2916666666666667,3.2940399772838767
mixed,conditional_paired,0.29545454545454547,3.3326034572376257
mixed,conditional_paired,0.29924242424242425,3.367142605553711
mixed,conditional_paired,0.30303030303030304,3.3674264714792117
mixed,conditional_paired,0.3068181818181818,3.356511079378644
mixed,conditional_paired,0.3106060606060606,3.3518223084074528
mixed,conditional_paired,0.3143939393939394,3.347257159181255
mixed,conditional_paired,0.3181818181818182,3.36459478739915
mixed,conditional_paired,0.32196969696969696,3.3462722590908354
mixed,conditional_paired,0.32575757575757575,3.3509671181331058
mixed,conditional_paired,0.32954545454545453,3.3476358577013063
mixed,conditional_paired,0.3333333333333333,3.338689278270614
mixed,conditional_paired,0.3371212121212121,3.337804928097301
mixed,conditional_paired,0.3409090909090909,3.3230621295374974
mixed,conditional_paired,0.3446969696969697,3.2961172132420296
mixed,conditional_paired,0.3484848484848485,3.2860171865501706
mixed,conditional_paired,0.3522727272727273,3.293814990201231
mixed,conditional_paired,0.3560606060606061,3.311931459405533
mixed,conditional_paired,0.35984848484848486,3.3085827384940063
mixed,conditional_paired,0.36363636363636365,3.3488338519020826
mixed,conditional_paired,0.36742424242424243,3.361704990981331
mixed,conditional_paired,0.3712121212121212,3.371096450987562
mixed,conditional_paired,0.375,3.3859619593207353
mixed,conditional_paired,0.3787878787878788,3.3690407043231736
mixed,conditional_paired,0.38257575757575757,3.3546952575297353
mixed,conditional_paired,0.38636363636363635,3.3519275404315874
mixed,conditional_paired,0.39015151515151514,3.356586423374138
mixed,conditional_paired,0.3939393939393939,3.3662820903826947
mixed,conditional_paired,0.3977272727272727,3.382388959323304
mixed,conditional_paired,0.4015151515151515,3.394795680442893
mixed,conditional_paired,0.4053030303030303,3.3918286428224618
mixed,conditional_paired,0.4090909090909091,3.3778141476675145
mixed,conditional_paired,0.4128787878787879,3.3599709488899556
mixed,conditional_paired,0.4166666666666667,3.357256078474517
mixed,conditional_paired,0.42045454545454547,3.3597414205391196
mixed,conditional_paired,0.42424242424242425,3.346832951562657
mixed,conditional_paired,0.42803030303030304,3.3605354647837262
mixed,conditional_paired,0.4318181818181818,3.3600049187952017
mixed,conditional_paired,0.4356060606060606,3.373567231701827
mixed,conditional_paired,0.4393939393939394,3.3594265143429354
mixed,conditional_paired,0.4431818181818182,3.3574000230086942
mixed,conditional_paired,0.44696969696969696,3.362199574147621
mixed,conditional_paired,0.45075757575757575,3.3639381148377967
mixed,conditional_paired,0.45454545454545453,3.3489635534514974
mixed,conditional_paired,0.4583333333333333,3.348140029383803
mixed,conditional_paired,0.4621212121212121,3.3336752064720323
mixed,conditional_paired,0.4659090909090909,3.3308448727754154
mixed,conditional_paired,0.4696969696969697,3.315225620777858
mixed,conditional_paired,0.4734848484848485,3.3048703032287836
mixed,conditional_paired,0.4772727272727273,3.30238108939557
mixed,conditional_paired,0.4810606060606061,3.32016419883351
mixed,conditional_paired,0.48484848484848486,3.301330541572195
mixed,conditional_paired,0.48863636363636365,3.3068109205574587
mixed,conditional_paired,0.49242424242424243,3.305666821578232
mixed,conditional_paired,0.4962121212121212,3.3093937041576846
mixed,conditional_paired,0.5,3.3113470740330833
mixed,conditional_paired,0.5037878787878788,3.3140980397785924
mixed,conditional_paired,0.5075757575757576,3.3066647207458613
mixed,conditional_paired,0.5113636363636364,3.323930453796633
mixed,conditional_paired,0.5151515151515151,3.3179969149927877
mixed,conditional_paired,0.5189393939393939,3.301672186153379
mixed,conditional_paired,0.5227272727272727,3.3205826248354726
mixed,conditional_paired,0.5265151515151515,3.31161426136624
mixed,conditional_paired,0.5303030303030303,3.3117504532942696
mixed,conditional_paired,0.5340909090909091,3.33404896224012
mixed,conditional_paired,0.5378787878787878,3.3211356778502155
mixed,conditional_paired,0.5416666666666666,3.315527990350663
mixed,conditional_paired,0.5454545454545454,3.3175080970942545
mixed,conditional_paired,0.5492424242424242,3.3137970012976687
mixed,conditional_paired,0.553030303030303,3.312680613538129
mixed,conditional_paired,0.5568181818181818,3.3002617515606985
mixed,conditional_paired,0.5606060606060606,3.2878230182574018
mixed,conditional_paired,0.5643939393939394,3.2871003789817785
mixed,conditional_paired,0.5681818181818182,3.2809606440284695
mixed,conditional_paired,0.571969696969697,3.271255986191086
mixed,conditional_paired,0.5757575757575758,3.284164609461104
mixed,conditional_paired,0.5795454545454546,3.286654470496304
mixed,conditional_paired,0.5833333333333334,3.3052972456465253
mixed,conditional_paired,0.5871212121212122,3.3168916011730185
mixed,conditional_paired,0.5909090909090909,3.33398987978159
mixed,conditional_paired,0.5946969696969697,3.335516109778197
mixed,conditional_paired,0.5984848484848485,3.370700430994871
mixed,conditional_paired,0.6022727272727273,3.3818324643491415
mixed,conditional_paired,0.6060606060606061,3.409493516243964
mixed,conditional_paired,0.6098484848484849,3.403940533112977
mixed,conditional_paired,0.6136363636363636,3.40100250691286
mixed,conditional_paired,0.6174242424242424,3.396366800946941
mixed,conditional_paired,0.6212121212121212,3.401146580837963
mixed,conditional_paired,0.625,3.398509711654983
mixed,conditional_paired,0.6287878787878788,3.3870782203921723
mixed,conditional_paired,0.6325757575757576,3.3838748031800865
mixed,conditional_paired,0.6363636363636364,3.40580274038928
mixed,conditional_paired,0.6401515151515151,3.4159924966885415
mixed,conditional_paired,0.6439393939393939,3.405640984324357
mixed,conditional_paired,0.6477272727272727,3.4242993313679286
mixed,conditional_paired,0.6515151515151515,3.4383779185512218
mixed,conditional_paired,0.6553030303030303,3.4287168251555094
mixed,conditional_paired,0.6590909090909091,3.428729427883958
mixed,conditional_paired,0.6628787878787878,3.443772012526298
mixed,conditional_paired,0.6666666666666666,3.4342465889869533
mixed,conditional_paired,0.6704545454545454,3.440997265480187
mixed,conditional_paired,0.6742424242424242,3.440646705827794
mixed,conditional_paired,0.678030303030303,3.43488704450113
mixed,conditional_paired,0.6818181818181818,3.428497662637111
mixed,conditional_paired,0.6856060606060606,3.4319962647935647
mixed,conditional_paired,0.6893939393939394,3.42144922639064
mixed,conditional_paired,0.6931818181818182,3.4227952371409436
mixed,conditional_paired,0.696969696969697,3.4261610890072274
mixed,conditional_paired,0.7007575757575758,3.446021879579064
mixed,conditional_paired,0.7045454545454546,3.461762155517864
mixed,conditional_paired,0.7083333333333334,3.472817879672887
mixed,conditional_paired,0.7121212121212122,3.4705160798837658
mixed,conditional_paired,0.7159090909090909,3.4740730594414306
mixed,conditional_paired,0.7196969696969697,3.467793831202377
mixed,conditional_paired,0.7234848484848485,3.459160190418144
mixed,conditional_paired,0.7272727272727273,3.4534907812688123
mixed,conditional_paired,0.7310606060606061,3.4635237916670847
mixed,conditional_paired,0.7348484848484849,3.4773800753636954
mixed,conditional_paired,0.7386363636363636,3.5200186842614856
mixed,conditional_paired,0.7424242424242424,3.5088278551299985
mixed,conditional_paired,0.7462121212121212,3.506217462765194
mixed,conditional_paired,0.75,3.5089773846141
mixed,conditional_paired,0.7537878787878788,3.5226020481271156
mixed,conditional_paired,0.7575757575757576,3.52478765560381
mixed,conditional_paired,0.7613636363636364,3.5119267750295653
mixed,conditional_paired,0.7651515151515151,3.5068821803130166
mixed,conditional_paired,0.7689393939393939,3.5082312003797926
mixed,conditional_paired,0.7727272727272727,3.506605511725745
mixed,conditional_paired,0.7765151515151515,3.51519964895112
mixed,conditional_paired,0.7803030303030303,3.509956079160722
mixed,conditional_paired,0.7840909090909091,3.5013737249937846
mixed,conditional_paired,0.7878787878787878,3.495316414403424
mixed,conditional_paired,0.7916666666666666,3.493531405601095
mixed,conditional_paired,0.7954545454545454,3.4845921549506556
mixed,conditional_paired,0.7992424242424242,3.510435985983063
mixed,conditional_paired,0.803030303030303,3.515129895483181
mixed,conditional_paired,0.8068181818181818,3.5090700299885405
mixed,conditional_paired,0.8106060606060606,3.5144646544681186
mixed,conditional_paired,0.8143939393939394,3.550405794938197
mixed,conditional_paired,0.8181818181818182,3.549912347652261
mixed,conditional_paired,0.821969696969697,3.5635346441053453
mixed,conditional_paired,0.8257575757575758,3.5669317430545906
mixed,conditional_paired,0.8295454545454546,3.5584468214900227
mixed,conditional_paired,0.8333333333333334,3.5563945928315213
mixed,conditional_paired,0.8371212121212122,3.5750565388401
mixed,conditional_paired,0.8409090909090909,3.5850638616531305
mixed,conditional_paired,0.8446969696969697,3.5841050986200904
mixed,conditional_paired,0.8484848484848485,3.581588708482515
mixed,conditional_paired,0.8522727272727273,3.588250970141726
mixed,conditional_paired,0.8560606060606061,3.5857809413841983
mixed,conditional_paired,0.8598484848484849,3.57992034440896
mixed,conditional_paired,0.8636363636363636,3.5707487975253316
mixed,conditional_paired,0.8674242424242424,3.5689044849665943
mixed,conditional_paired,0.8712121212121212,3.565232855114056
mixed,conditional_paired,0.875,3.569425164303066
mixed,conditional_paired,0.8787878787878788,3.5786911227590377
mixed,conditional_paired,0.8825757575757576,3.5739530997256317
mixed,conditional_paired,0.8863636363636364,3.5731130964610647
mixed,conditional_paired,0.8901515151515151,3.5813969821636147
mixed,conditional_paired,0.8939393939393939,3.578966793667084
mixed,conditional_paired,0.8977272727272727,3.5770140876282954
mixed,conditional_paired,0.9015151515151515,3.604776416331516
mixed,conditional_paired,0.9053030303030303,3.6079445734110016
mixed,conditional_paired,0.9090909090909091,3.6164367144332963
mixed,conditional_paired,0.9128787878787878,3.6159195636995674
mixed,conditional_paired,0.9166666666666666,3.633155548528324
mixed,conditional_paired,0.9204545454545454,3.6485401553006387
mixed,conditional_paired,0.9242424242424242,3.6516683141432154
mixed,conditional_paired,0.928030303030303,3.648825004365005
mixed,conditional_paired,0.9318181818181818,3.6399768587813006
mixed,conditional_paired,0.9356060606060606,3.629091322487746
mixed,conditional_paired,0.9393939393939394,3.630851895397189
mixed,conditional_paired,0.9431818181818182,3.6338750064000322
mixed,conditional_paired,0.946969696969697,3.63184209131378
mixed,conditional_paired,0.9507575757575758,3.62184614068002
mixed,conditional_paired,0.9545454545454546,3.6186347789500934
mixed,conditional_paired,0.9583333333333334,3.633797252544247
mixed,conditional_paired,0.9621212121212122,3.62630935568505
mixed,conditional_paired,0.9659090909090909,3.620779330330297
mixed,conditional_paired,0.9696969696969697,3.6211212085971276
mixed,conditional_paired,0.9734848484848485,3.6177425768907123
mixed,conditional_paired,0.9772727272727273,3.609694596998258
mixed,conditional_paired,0.9810606060606061,3.6159363693268625
mixed,conditional_paired,0.9848484848484849,3.613903559236782
mixed,conditional_paired,0.9886363636363636,3.6088535625288034
mixed,conditional_paired,0.9924242424242424,3.6124830621873962
mixed,conditional_paired,0.9962121212121212,3.6063348905322052
mixed,conditional_paired,1.0,3.6070412299758416
from_SLR,baseline_raw,0.007575757575757576,6.868685288240627
from_SLR,baseline_raw,0.015151515151515152,5.8211319952445395
from_SLR,baseline_raw,0.022727272727272728,6.609714060399199
from_SLR,baseline_raw,0.030303030303030304,6.628487424039657
from_SLR,baseline_raw,0.03787878787878788,6.175112986486584
from_SLR,baseline_raw,0.045454545454545456,5.6960570158362565
from_SLR,baseline_raw,0.05303030303030303,5.485935595329013
from_SLR,baseline_raw,0.06060606060606061,6.095635415816272
from_SLR,baseline_raw,0.06818181818181818,5.549337950162065
from_SLR,baseline_raw,0.07575757575757576,5.799809839169427
from_SLR,baseline_raw,0.08333333333333333,6.18272110738378
from_SLR,baseline_raw,0.09090909090909091,6.259006354877362
from_SLR,baseline_raw,0.09848484848484848,6.2833174922181945
from_SLR,baseline_raw,0.10606060606060606,5.974136275264095
from_SLR,baseline_raw,0.11363636363636363,5.752388694133209
from_SLR,baseline_raw,0.12121212121212122,5.7721287575739515
from_SLR,baseline_raw,0.12878787878787878,5.7271815186614825
from_SLR,baseline_raw,0.13636363636363635,5.80087842614111
from_SLR,baseline_raw,0.14393939393939395,5.750921525645147
from_SLR,baseline_raw,0.15151515151515152,6.032012232655678
from_SLR,baseline_raw,0.1590909090909091,5.95337761600359
from_SLR,baseline_raw,0.16666666666666666,5.962354801633178
from_SLR,baseline_raw,0.17424242424242425,5.953635703534451
from_SLR,baseline_raw,0.18181818181818182,6.14080215761205
from_SLR,baseline_raw,0.1893939393939394,6.063906379411051
from_SLR,baseline_raw,0.19696969696969696,6.159924066709614
from_SLR,baseline_raw,0.20454545454545456,6.101253025784142
from_SLR,baseline_raw,0.21212121212121213,6.088497390938265
from_SLR,baseline_raw,0.2196969696969697,6.202399110643422
from_SLR,baseline_raw,0.22727272727272727,6.240559559177572
from_SLR,baseline_raw,0.23484848484848486,6.264499644553655
from_SLR,baseline_raw,0.24242424242424243,6.3738034988098065
from_SLR,baseline_raw,0.25,6.296153329375351
from_SLR,baseline_raw,0.25757575757575757,6.3922623490347235
from_SLR,baseline_raw,0.26515151515151514,6.367074822416229
from_SLR,baseline_raw,0.2727272727272727,6.21548518008277
from_SLR,baseline_raw,0.2803030303030303,6.195288902990572
from_SLR,baseline_raw,0.2878787878787879,6.266485011676973
from_SLR,baseline_raw,0.29545454545454547,6.126661183791552
from_SLR,baseline_raw,0.30303030303030304,6.0721218504381085
from_SLR,baseline_raw,0.3106060606060606,6.23794608351852
from_SLR,baseline_raw,0.3181818181818182,6.228643952872402
from_SLR,baseline_raw,0.32575757575757575,6.284182737031763
from_SLR,baseline_raw,0.3333333333333333,6.265432358404095
from_SLR,baseline_raw,0.3409090909090909,6.184042916128459
from_SLR,baseline_raw,0.3484848484848485,6.253049048440641
from_SLR,baseline_raw,0.3560606060606061,6.249526310055454
from_SLR,baseline_raw,0.36363636363636365,6.279147361027839
from_SLR,baseline_raw,0.3712121212121212,6.2599942530498796
from_SLR,baseline_raw,0.3787878787878788,6.22072631319681
from_SLR,baseline_raw,0.38636363636363635,6.2399776195143035
from_SLR,baseline_raw,0.3939393939393939,6.2041601682606595
from_SLR,baseline_raw,0.4015151515151515,6.245849686624713
from_SLR,baseline_raw,0.4090909090909091,6.233932122406775
from_SLR,baseline_raw,0.4166666666666667,6.178849316118723
from_SLR,baseline_raw,0.42424242424242425,6.212042323372312
from_SLR,baseline_raw,0.4318181818181818,6.207520610506573
from_SLR,baseline_raw,0.4393939393939394,6.241105586523699
from_SLR,baseline_raw,0.44696969696969696,6.2496162423631425
from_SLR,baseline_raw,0.45454545454545453,6.192570631155799
from_SLR,baseline_raw,0.4621212121212121,6.1410994354561845
from_SLR,baseline_raw,0.4696969696969697,6.0751117827450996
from_SLR,baseline_raw,0.4772727272727273,6.077723692521847
from_SLR,baseline_raw,0.48484848484848486,6.007032726887959
from_SLR,baseline_raw,0.49242424242424243,5.9561639429266995
from_SLR,baseline_raw,0.5,5.907192600084232
from_SLR,baseline_raw,0.5075757575757576,5.864008252511927
from_SLR,baseline_raw,0.5151515151515151,5.835764509324257
from_SLR,baseline_raw,0.5227272727272727,5.813700270520599
from_SLR,baseline_raw,0.5303030303030303,5.821537776245478
from_SLR,baseline_raw,0.5378787878787878,5.808551429276721
from_SLR,baseline_raw,0.5454545454545454,5.84174128283411
from_SLR,baseline_raw,0.553030303030303,5.846229469408544
from_SLR,baseline_raw,0.5606060606060606,5.8781301641207975
from_SLR,baseline_raw,0.5681818181818182,5.88570546212339
from_SLR,baseline_raw,0.5757575757575758,5.837864516346261
from_SLR,baseline_raw,0.5833333333333334,5.806975855099162
from_SLR,baseline_raw,0.5909090909090909,5.78891284213037
from_SLR,baseline_raw,0.5984848484848485,5.7426974458783535
from_SLR,baseline_raw,0.6060606060606061,5.758141526642482
from_SLR,baseline_raw,0.6136363636363636,5.718268945771112
from_SLR,baseline_raw,0.6212121212121212,5.724801245430116
from_SLR,baseline_raw,0.6287878787878788,5.685576754366991
from_SLR,baseline_raw,0.6363636363636364,5.632704351818603
from_SLR,baseline_raw,0.6439393939393939,5.599893804236004
from_SLR,baseline_raw,0.6515151515151515,5.550272943123159
from_SLR,baseline_raw,0.6590909090909091,5.520018369380067
from_SLR,baseline_raw,0.6666666666666666,5.47542785286387
from_SLR,baseline_raw,0.6742424242424242,5.445368581999773
from_SLR,baseline_raw,0.6818181818181818,5.407661783798016
from_SLR,baseline_raw,0.6893939393939394,5.414368210353097
from_SLR,baseline_raw,0.696969696969697,5.422161730598248
from_SLR,baseline_raw,0.7045454545454546,5.427067905926999
from_SLR,baseline_raw,0.7121212121212122,5.382830470720233
from_SLR,baseline_raw,0.7196969696969697,5.349984817614616
from_SLR,baseline_raw,0.7272727272727273,5.313614373904136
from_SLR,baseline_raw,0.7348484848484849,5.273315757978093
from_SLR,baseline_raw,0.7424242424242424,5.242630755225892
from_SLR,baseline_raw,0.75,5.205741089249677
from_SLR,baseline_raw,0.7575757575757576,5.1804133029363415
from_SLR,baseline_raw,0.7651515151515151,5.173715785807985
from_SLR,baseline_raw,0.7727272727272727,5.131563052392729
from_SLR,baseline_raw,0.7803030303030303,5.108706350430993
from_SLR,baseline_raw,0.7878787878787878,5.08850303294257
from_SLR,baseline_raw,0.7954545454545454,5.11053365334921
from_SLR,baseline_raw,0.803030303030303,5.103052216754302
from_SLR,baseline_raw,0.8106060606060606,5.0862734300776555
from_SLR,baseline_raw,0.8181818181818182,5.056875745482237
from_SLR,baseline_raw,0.8257575757575758,5.039585072496671
from_SLR,baseline_raw,0.8333333333333334,5.024591329454959
from_SLR,baseline_raw,0.8409090909090909,5.0027482319241505
from_SLR,baseline_raw,0.8484848484848485,4.993335199076945
from_SLR,baseline_raw,0.8560606060606061,5.013150515869189
from_SLR,baseline_raw,0.8636363636363636,4.998566352798304
from_SLR,baseline_raw,0.8712121212121212,4.993189240055134
from_SLR,baseline_raw,0.8787878787878788,4.9735895792719775
from_SLR,baseline_raw,0.8863636363636364,4.970830148489381
from_SLR,baseline_raw,0.8939393939393939,4.959118152899104
from_SLR,baseline_raw,0.9015151515151515,4.962076662540711
from_SLR,baseline_raw,0.9090909090909091,4.952197807150715
from_SLR,baseline_raw,0.9166666666666666,4.969084017621032
from_SLR,baseline_raw,0.9242424242424242,4.941236513053872
from_SLR,baseline_raw,0.9318181818181818,4.94130359781882
from_SLR,baseline_raw,0.9393939393939394,4.950764959794888
from_SLR,baseline_raw,0.946969696969697,4.962758816514932
from_SLR,baseline_raw,0.9545454545454546,4.978048490000597
from_SLR,baseline_raw,0.9621212121212122,4.983710027560181
from_SLR,baseline_raw,0.9696969696969697,4.9850137561619485
from_SLR,baseline_raw,0.9772727272727273,4.98435830522434
from_SLR,baseline_raw,0.9848484848484849,4.9935971196921045
from_SLR,baseline_raw,0.9924242424242424,5.00487175711429
from_SLR,baseline_raw,1.0,5.019303015363466
from_SLR,baseline_paired,0.007575757575757576,6.684456039751489
from_SLR,baseline_paired,0.015151515151515152,5.98613717729319
from_SLR,baseline_paired,0.022727272727272728,6.449705551276124
from_SLR,baseline_paired,0.030303030303030304,6.190501509882835
from_SLR,baseline_paired,0.03787878787878788,5.491828128426199
from_SLR,baseline_paired,0.045454545454545456,4.976843738279398
from_SLR,baseline_paired,0.05303030303030303,4.589498268361809
from_SLR,baseline_paired,0.06060606060606061,5.048282499055557
from_SLR,baseline_paired,0.06818181818181818,4.647567826503354
from_SLR,baseline_paired,0.07575757575757576,5.077245378188138
from_SLR,baseline_paired,0.08333333333333333,5.5348620823213475
from_SLR,baseline_paired,0.09090909090909091,5.738499664430893
from_SLR,baseline_paired,0.09848484848484848,5.702952652387047
from_SLR,baseline_paired,0.10606060606060606,5.415280597385414
from_SLR,baseline_paired,0.11363636363636363,5.20359126608987
from_SLR,baseline_paired,0.12121212121212122,5.1552321178099
from_SLR,baseline_paired,0.12878787878787878,5.017387495141339
from_SLR,baseline_paired,0.13636363636363635,5.141158803033414
from_SLR,baseline_paired,0.14393939393939395,5.10233321465405
from_SLR,baseline_paired,0.15151515151515152,5.396097825085987
from_SLR,baseline_paired,0.1590909090909091,5.295651766268052
from_SLR,baseline_paired,0.16666666666666666,5.286218143549742
from_SLR,baseline_paired,0.17424242424242425,5.285995829855929
from_SLR,baseline_paired,0.18181818181818182,5.502633403779733
from_SLR,baseline_paired,0.1893939393939394,5.41820753039696
from_SLR,baseline_paired,0.19696969696969696,5.562769785133128
from_SLR,baseline_paired,0.20454545454545456,5.5296340154367485
from_SLR,baseline_paired,0.21212121212121213,5.5117218337958755
from_SLR,baseline_paired,0.2196969696969697,5.566028715674882
from_SLR,baseline_paired,0.22727272727272727,5.560223416886688
from_SLR,baseline_paired,0.23484848484848486,5.581986997987872
from_SLR,baseline_paired,0.24242424242424243,5.628215321524188
from_SLR,baseline_paired,0.25,5.579006985851912
from_SLR,baseline_paired,0.25757575757575757,5.700777689283991
from_SLR,baseline_paired,0.26515151515151514,5.668667694320419
from_SLR,baseline_paired,0.2727272727272727,5.5409209892855555
from_SLR,baseline_paired,0.2803030303030303,5.521425204556043
from_SLR,baseline_paired,0.2878787878787879,5.619740957887326
from_SLR,baseline_paired,0.29545454545454547,5.502195823596683
from_SLR,baseline_paired,0.30303030303030304,5.473155513897055
from_SLR,baseline_paired,0.3106060606060606,5.610740508641573
from_SLR,baseline_paired,0.3181818181818182,5.574211384276055
from_SLR,baseline_paired,0.32575757575757575,5.586659862710532
from_SLR,baseline_paired,0.3333333333333333,5.590195085612763
from_SLR,baseline_paired,0.3409090909090909,5.519636842310124
from_SLR,baseline_paired,0.3484848484848485,5.544381277011008
from_SLR,baseline_paired,0.3560606060606061,5.531824145574203
from_SLR,baseline_paired,0.36363636363636365,5.536707882618011
from_SLR,baseline_paired,0.3712121212121212,5.531904692925379
from_SLR,baseline_paired,0.3787878787878788,5.522692192421218
from_SLR,baseline_paired,0.38636363636363635,5.534545832969694
from_SLR,baseline_paired,0.3939393939393939,5.516752943461131
from_SLR,baseline_paired,0.4015151515151515,5.581022521453609
from_SLR,baseline_paired,0.4090909090909091,5.5630771374077606
from_SLR,baseline_paired,0.4166666666666667,5.4906270831260215
from_SLR,baseline_paired,0.42424242424242425,5.504749753693543
from_SLR,baseline_paired,0.4318181818181818,5.523490581208708
from_SLR,baseline_paired,0.4393939393939394,5.5360758241207
from_SLR,baseline_paired,0.44696969696969696,5.5300178033329646
from_SLR,baseline_paired,0.45454545454545453,5.478948722117164
from_SLR,baseline_paired,0.4621212121212121,5.452514807605939
from_SLR,baseline_paired,0.4696969696969697,5.39307706139392
from_SLR,baseline_paired,0.4772727272727273,5.421153204726942
from_SLR,baseline_paired,0.48484848484848486,5.367042502339096
from_SLR,baseline_paired,0.49242424242424243,5.320489330828093
from_SLR,baseline_paired,0.5,5.3548031809703
from_SLR,baseline_paired,0.5075757575757576,5.314328638209161
from_SLR,baseline_paired,0.5151515151515151,5.29705187512694
from_SLR,baseline_paired,0.5227272727272727,5.2530085999647484
from_SLR,baseline_paired,0.5303030303030303,5.231046358980541
from_SLR,baseline_paired,0.5378787878787878,5.197095723271905
from_SLR,baseline_paired,0.5454545454545454,5.207728524439664
from_SLR,baseline_paired,0.553030303030303,5.175372726954552
from_SLR,baseline_paired,0.5606060606060606,5.1991731322057975
from_SLR,baseline_paired,0.5681818181818182,5.215682482286522
from_SLR,baseline_paired,0.5757575757575758,5.182283710386034
from_SLR,baseline_paired,0.5833333333333334,5.176333277349246
from_SLR,baseline_paired,0.5909090909090909,5.135516953333261
from_SLR,baseline_paired,0.5984848484848485,5.087831895801589
from_SLR,baseline_paired,0.6060606060606061,5.125559895746815
from_SLR,baseline_paired,0.6136363636363636,5.106336186374093
from_SLR,baseline_paired,0.6212121212121212,5.136621199448852
from_SLR,baseline_paired,0.6287878787878788,5.108659440858491
from_SLR,baseline_paired,0.6363636363636364,5.064242464013971
from_SLR,baseline_paired,0.6439393939393939,5.032944932743974
from_SLR,baseline_paired,0.6515151515151515,5.005392559979831
from_SLR,baseline_paired,0.6590909090909091,4.9661997868619165
from_SLR,baseline_paired,0.6666666666666666,4.9490544605054
from_SLR,baseline_paired,0.6742424242424242,4.923254828981771
from_SLR,baseline_paired,0.6818181818181818,4.9018240538881575
from_SLR,baseline_paired,0.6893939393939394,4.936710427903898
from_SLR,baseline_paired,0.696969696969697,4.96724021640869
from_SLR,baseline_paired,0.7045454545454546,4.994647144255796
from_SLR,baseline_paired,0.7121212121212122,4.958212180432246
from_SLR,baseline_paired,0.7196969696969697,4.948571111026522
from_SLR,baseline_paired,0.7272727272727273,4.9097699736355915
from_SLR,baseline_paired,0.7348484848484849,4.87157201764063
from_SLR,baseline_paired,0.7424242424242424,4.867691297609533
from_SLR,baseline_paired,0.75,4.836844132545539
from_SLR,baseline_paired,0.7575757575757576,4.823231154612176
from_SLR,baseline_paired,0.7651515151515151,4.822764528436918
from_SLR,baseline_paired,0.7727272727272727,4.799037014273613
from_SLR,baseline_paired,0.7803030303030303,4.783829438749869
from_SLR,baseline_paired,0.7878787878787878,4.761896051330264
from_SLR,baseline_paired,0.7954545454545454,4.804179313653786
from_SLR,baseline_paired,0.803030303030303,4.8112256813952925
from_SLR,baseline_paired,0.8106060606060606,4.816031694160561
from_SLR,baseline_paired,0.8181818181818182,4.810155453322131
from_SLR,baseline_paired,0.8257575757575758,4.784412006681905
from_SLR,baseline_paired,0.8333333333333334,4.763467024084334
from_SLR,baseline_paired,0.8409090909090909,4.7412589071886755
from_SLR,baseline_paired,0.8484848484848485,4.738159502747039
from_SLR,baseline_paired,0.8560606060606061,4.741455975650958
from_SLR,baseline_paired,0.8636363636363636,4.723878744647997
from_SLR,baseline_paired,0.8712121212121212,4.70405174377498
from_SLR,baseline_paired,0.8787878787878788,4.689320843313896
from_SLR,baseline_paired,0.8863636363636364,4.7016576226130615
from_SLR,baseline_paired,0.8939393939393939,4.694491109719293
from_SLR,baseline_paired,0.9015151515151515,4.705342847520232
from_SLR,baseline_paired,0.9090909090909091,4.6982782996504
from_SLR,baseline_paired,0.9166666666666666,4.717666958858318
from_SLR,baseline_paired,0.9242424242424242,4.708895216162013
from_SLR,baseline_paired,0.9318181818181818,4.715177933458388
from_SLR,baseline_paired,0.9393939393939394,4.7220040769258125
from_SLR,baseline_paired,0.946969696969697,4.745342439685962
from_SLR,baseline_paired,0.9545454545454546,4.7666539292567185
from_SLR,baseline_paired,0.9621212121212122,4.792035823220417
from_SLR,baseline_paired,0.9696969696969697,4.792347016422676
from_SLR,baseline_paired,0.9772727272727273,4.7933211604318675
from_SLR,baseline_paired,0.9848484848484849,4.8085003563610575
from_SLR,baseline_paired,0.9924242424242424,4.823830752175201
from_SLR,baseline_paired,1.0,4.83278825714801
from_SLR,plain_raw,0.007575757575757576,7.184100444908467
from_SLR,plain_raw,0.015151515151515152,6.048623561794401
from_SLR,plain_raw,0.022727272727272728,6.754338661667872
from_SLR,plain_raw,0.030303030303030304,6.7212721769599675
from_SLR,plain_raw,0.03787878787878788,6.3126561171043205
from_SLR,plain_raw,0.045454545454545456,5.83102924099914
from_SLR,plain_raw,0.05303030303030303,5.7303979071179425
from_SLR,plain_raw,0.06060606060606061,6.395663450989068
from_SLR,plain_raw,0.06818181818181818,5.8190230984562845
from_SLR,plain_raw,0.07575757575757576,6.1362870033593415
from_SLR,plain_raw,0.08333333333333333,6.552093266654398
from_SLR,plain_raw,0.09090909090909091,6.628542197614433
from_SLR,plain_raw,0.09848484848484848,6.603917939020065
from_SLR,plain_raw,0.10606060606060606,6.2752802992648675
from_SLR,plain_raw,0.11363636363636363,6.029374184486724
from_SLR,plain_raw,0.12121212121212122,6.017414423576554
from_SLR,plain_raw,0.12878787878787878,6.077147623073092
from_SLR,plain_raw,0.13636363636363635,6.128451736420523
from_SLR,plain_raw,0.14393939393939395,6.060246624433368
from_SLR,plain_raw,0.15151515151515152,6.308434970089443
from_SLR,plain_raw,0.1590909090909091,6.25301896359856
from_SLR,plain_raw,0.16666666666666666,6.217047958334864
from_SLR,plain_raw,0.17424242424242425,6.199284352485516
from_SLR,plain_raw,0.18181818181818182,6.396863057669218
from_SLR,plain_raw,0.1893939393939394,6.3115652326846545
from_SLR,plain_raw,0.19696969696969696,6.417312685949905
from_SLR,plain_raw,0.20454545454545456,6.3600996433085415
from_SLR,plain_raw,0.21212121212121213,6.34227485901145
from_SLR,plain_raw,0.2196969696969697,6.444524407210056
from_SLR,plain_raw,0.22727272727272727,6.478857259741626
from_SLR,plain_raw,0.23484848484848486,6.512209982224401
from_SLR,plain_raw,0.24242424242424243,6.552451519782221
from_SLR,plain_raw,0.25,6.474090869660194
from_SLR,plain_raw,0.25757575757575757,6.593346379003859
from_SLR,plain_raw,0.26515151515151514,6.563297210305593
from_SLR,plain_raw,0.2727272727272727,6.421896788294073
from_SLR,plain_raw,0.2803030303030303,6.4025848475810365
from_SLR,plain_raw,0.2878787878787879,6.478002630255772
from_SLR,plain_raw,0.29545454545454547,6.353783243622947
from_SLR,plain_raw,0.30303030303030304,6.314939849639686
from_SLR,plain_raw,0.3106060606060606,6.458954837406728
from_SLR,plain_raw,0.3181818181818182,6.43189088485494
from_SLR,plain_raw,0.32575757575757575,6.462746689260932
from_SLR,plain_raw,0.3333333333333333,6.445986585959737
from_SLR,plain_raw,0.3409090909090909,6.361719005177935
from_SLR,plain_raw,0.3484848484848485,6.396287569011893
from_SLR,plain_raw,0.3560606060606061,6.396292608218476
from_SLR,plain_raw,0.36363636363636365,6.425009946224608
from_SLR,plain_raw,0.3712121212121212,6.39649868422147
from_SLR,plain_raw,0.3787878787878788,6.39381283410432
from_SLR,plain_raw,0.38636363636363635,6.422928044819649
from_SLR,plain_raw,0.3939393939393939,6.408852826102877
from_SLR,plain_raw,0.4015151515151515,6.471580810836417
from_SLR,plain_raw,0.4090909090909091,6.456141698848312
from_SLR,plain_raw,0.4166666666666667,6.398976867863812
from_SLR,plain_raw,0.42424242424242425,6.374490086959729
from_SLR,plain_raw,0.4318181818181818,6.370591828916013
from_SLR,plain_raw,0.4393939393939394,6.408526794055582
from_SLR,plain_raw,0.44696969696969696,6.378957314385954
from_SLR,plain_raw,0.45454545454545453,6.304365926051038
from_SLR,plain_raw,0.4621212121212121,6.245122288143982
from_SLR,plain_raw,0.4696969696969697,6.212903062052928
from_SLR,plain_raw,0.4772727272727273,6.220234623883452
from_SLR,plain_raw,0.48484848484848486,6.151446780072575
from_SLR,plain_raw,0.49242424242424243,6.106195144623913
from_SLR,plain_raw,0.5,6.069701942110839
from_SLR,plain_raw,0.5075757575757576,6.0215764368021105
from_SLR,plain_raw,0.5151515151515151,5.9544910034133975
from_SLR,plain_raw,0.5227272727272727,5.959918700447328
from_SLR,plain_raw,0.5303030303030303,5.965331368337183
from_SLR,plain_raw,0.5378787878787878,5.911708186787343
from_SLR,plain_raw,0.5454545454545454,5.868599539168667
from_SLR,plain_raw,0.553030303030303,5.840357002791516
from_SLR,plain_raw,0.5606060606060606,5.909262640040979
from_SLR,plain_raw,0.5681818181818182,5.936263161535224
from_SLR,plain_raw,0.5757575757575758,5.925853704204971
from_SLR,plain_raw,0.5833333333333334,5.899884414200731
from_SLR,plain_raw,0.5909090909090909,5.864198414571135
from_SLR,plain_raw,0.5984848484848485,5.818228726841074
from_SLR,plain_raw,0.6060606060606061,5.830480896026704
from_SLR,plain_raw,0.6136363636363636,5.807507700292661
from_SLR,plain_raw,0.6212121212121212,5.797370432402318
from_SLR,plain_raw,0.6287878787878788,5.788773549316491
from_SLR,plain_raw,0.6363636363636364,5.75067420760474
from_SLR,plain_raw,0.6439393939393939,5.715770907650864
from_SLR,plain_raw,0.6515151515151515,5.677064025036201
from_SLR,plain_raw,0.6590909090909091,5.672327451202485
from_SLR,plain_raw,0.6666666666666666,5.6262554589747635
from_SLR,plain_raw,0.6742424242424242,5.610331533685685
from_SLR,plain_raw,0.6818181818181818,5.583863173636515
from_SLR,plain_raw,0.6893939393939394,5.5673266542560995
from_SLR,plain_raw,0.696969696969697,5.564892775557311
from_SLR,plain_raw,0.7045454545454546,5.546805991766976
from_SLR,plain_raw,0.7121212121212122,5.516073773755314
from_SLR,plain_raw,0.7196969696969697,5.520126542197841
from_SLR,plain_raw,0.7272727272727273,5.491897276722756
from_SLR,plain_raw,0.7348484848484849,5.460963244545259
from_SLR,plain_raw,0.7424242424242424,5.475484623347168
from_SLR,plain_raw,0.75,5.444303535839903
from_SLR,plain_raw,0.7575757575757576,5.4670024380016224
from_SLR,plain_raw,0.7651515151515151,5.4678292030806475
from_SLR,plain_raw,0.7727272727272727,5.431144088172235
from_SLR,plain_raw,0.7803030303030303,5.3992319689943
from_SLR,plain_raw,0.7878787878787878,5.391236953920342
from_SLR,plain_raw,0.7954545454545454,5.381160297019363
from_SLR,plain_raw,0.803030303030303,5.369839089382901
from_SLR,plain_raw,0.8106060606060606,5.364196767656542
from_SLR,plain_raw,0.8181818181818182,5.3412637425486595
from_SLR,plain_raw,0.8257575757575758,5.32157262927115
from_SLR,plain_raw,0.8333333333333334,5.3135705778933735
from_SLR,plain_raw,0.8409090909090909,5.305333087150238
from_SLR,plain_raw,0.8484848484848485,5.286272674184007
from_SLR,plain_raw,0.8560606060606061,5.26834153162109
from_SLR,plain_raw,0.8636363636363636,5.279000039986883
from_SLR,plain_raw,0.8712121212121212,5.277002176947669
from_SLR,plain_raw,0.8787878787878788,5.283579667807024
from_SLR,plain_raw,0.8863636363636364,5.3237269206930025
from_SLR,plain_raw,0.8939393939393939,5.342771100981918
from_SLR,plain_raw,0.9015151515151515,5.376550758264415
from_SLR,plain_raw,0.9090909090909091,5.394167153415618
from_SLR,plain_raw,0.9166666666666666,5.407393741704735
from_SLR,plain_raw,0.9242424242424242,5.375343762901039
from_SLR,plain_raw,0.9318181818181818,5.4149186834760314
from_SLR,plain_raw,0.9393939393939394,5.44875239532416
from_SLR,plain_raw,0.946969696969697,5.491310867443936
from_SLR,plain_raw,0.9545454545454546,5.537435854585053
from_SLR,plain_raw,0.9621212121212122,5.5836242813730665
from_SLR,plain_raw,0.9696969696969697,5.626047919640782
from_SLR,plain_raw,0.9772727272727273,5.668096124735372
from_SLR,plain_raw,0.9848484848484849,5.726285094124379
from_SLR,plain_raw,0.9924242424242424,5.770105677629192
from_SLR,plain_raw,1.0,5.830090858546916
from_SLR,plain_paired,0.007575757575757576,7.0208226485679335
from_SLR,plain_paired,0.015151515151515152,6.058329804366565
from_SLR,plain_paired,0.022727272727272728,6.495124039304578
from_SLR,plain_paired,0.030303030303030304,6.213351862023721
from_SLR,plain_paired,0.03787878787878788,5.687293203882482
from_SLR,plain_paired,0.045454545454545456,5.164479865871885
from_SLR,plain_paired,0.05303030303030303,4.874048824243592
from_SLR,plain_paired,0.06060606060606061,5.360827127960256
from_SLR,plain_paired,0.06818181818181818,4.951362641700885
from_SLR,plain_paired,0.07575757575757576,5.416281335196689
from_SLR,plain_paired,0.08333333333333333,5.9126604666663205
from_SLR,plain_paired,0.09090909090909091,6.143833052353096
from_SLR,plain_paired,0.09848484848484848,6.053848971065869
from_SLR,plain_paired,0.10606060606060606,5.730238452084991
from_SLR,plain_paired,0.11363636363636363,5.49274146082254
from_SLR,plain_paired,0.12121212121212122,5.436602536166833
from_SLR,plain_paired,0.12878787878787878,5.322606498449134
from_SLR,plain_paired,0.13636363636363635,5.460430136876359
from_SLR,plain_paired,0.14393939393939395,5.401962233342698
from_SLR,plain_paired,0.15151515151515152,5.703676869451914
from_SLR,plain_paired,0.1590909090909091,5.642635560172565
from_SLR,plain_paired,0.16666666666666666,5.614838522194153
from_SLR,plain_paired,0.17424242424242425,5.602450767937509
from_SLR,plain_paired,0.18181818181818182,5.83684142232982
from_SLR,plain_paired,0.1893939393939394,5.755205984447618
from_SLR,plain_paired,0.19696969696969696,5.913473274732009
from_SLR,plain_paired,0.20454545454545456,5.885288927636715
from_SLR,plain_paired,0.21212121212121213,5.860917982137162
from_SLR,plain_paired,0.2196969696969697,5.911880954504819
from_SLR,plain_paired,0.22727272727272727,5.886098180799301
from_SLR,plain_paired,0.23484848484848486,5.885543360115977
from_SLR,plain_paired,0.24242424242424243,5.9199365447960695
from_SLR,plain_paired,0.25,5.860086532436292
from_SLR,plain_paired,0.25757575757575757,5.990015296846432
from_SLR,plain_paired,0.26515151515151514,5.9540843109480095
from_SLR,plain_paired,0.2727272727272727,5.831782976699027
from_SLR,plain_paired,0.2803030303030303,5.810086642517217
from_SLR,plain_paired,0.2878787878787879,5.9234475477688315
from_SLR,plain_paired,0.29545454545454547,5.805168242516486
from_SLR,plain_paired,0.30303030303030304,5.767138186201109
from_SLR,plain_paired,0.3106060606060606,5.903294575802245
from_SLR,plain_paired,0.3181818181818182,5.8588219850914385
from_SLR,plain_paired,0.32575757575757575,5.872470152025461
from_SLR,plain_paired,0.3333333333333333,5.880747034547041
from_SLR,plain_paired,0.3409090909090909,5.798506079679178
from_SLR,plain_paired,0.3484848484848485,5.821876862874059
from_SLR,plain_paired,0.3560606060606061,5.798273073542798
from_SLR,plain_paired,0.36363636363636365,5.80834369453991
from_SLR,plain_paired,0.3712121212121212,5.790721200456544
from_SLR,plain_paired,0.3787878787878788,5.800626141516489
from_SLR,plain_paired,0.38636363636363635,5.816201533387141
from_SLR,plain_paired,0.3939393939393939,5.8007438344882125
from_SLR,plain_paired,0.4015151515151515,5.869955724695952
from_SLR,plain_paired,0.4090909090909091,5.8504168940204195
from_SLR,plain_paired,0.4166666666666667,5.770171606613215
from_SLR,plain_paired,0.42424242424242425,5.76940675596551
from_SLR,plain_paired,0.4318181818181818,5.780544217025157
from_SLR,plain_paired,0.4393939393939394,5.800844224675618
from_SLR,plain_paired,0.44696969696969696,5.781807966742446
from_SLR,plain_paired,0.45454545454545453,5.720456321557164
from_SLR,plain_paired,0.4621212121212121,5.671269146257779
from_SLR,plain_paired,0.4696969696969697,5.620377359773914
from_SLR,plain_paired,0.4772727272727273,5.6440134532235895
from_SLR,plain_paired,0.48484848484848486,5.5729968593072785
from_SLR,plain_paired,0.49242424242424243,5.52469263549234
from_SLR,plain_paired,0.5,5.546830174440078
from_SLR,plain_paired,0.5075757575757576,5.499770813520008
from_SLR,plain_paired,0.5151515151515151,5.459954598386062
from_SLR,plain_paired,0.5227272727272727,5.426853701988647
from_SLR,plain_paired,0.5303030303030303,5.407343980624298
from_SLR,plain_paired,0.5378787878787878,5.367093459954023
from_SLR,plain_paired,0.5454545454545454,5.344436525456429
from_SLR,plain_paired,0.553030303030303,5.313609273488115
from_SLR,plain_paired,0.5606060606060606,5.361040407133615
from_SLR,plain_paired,0.5681818181818182,5.385341907617453
from_SLR,plain_paired,0.5757575757575758,5.377939724402679
from_SLR,plain_paired,0.5833333333333334,5.364728756944021
from_SLR,plain_paired,0.5909090909090909,5.3203854715496215
from_SLR,plain_paired,0.5984848484848485,5.274893315032471
from_SLR,plain_paired,0.6060606060606061,5.304351266848022
from_SLR,plain_paired,0.6136363636363636,5.288260312377327
from_SLR,plain_paired,0.6212121212121212,5.290466948422691
from_SLR,plain_paired,0.6287878787878788,5.284564119550497
from_SLR,plain_paired,0.6363636363636364,5.2419202138739855
from_SLR,plain_paired,0.6439393939393939,5.206975695796701
from_SLR,plain_paired,0.6515151515151515,5.1736483393013435
from_SLR,plain_paired,0.6590909090909091,5.150696571280025
from_SLR,plain_paired,0.6666666666666666,5.119029240896297
from_SLR,plain_paired,0.6742424242424242,5.097547352180938
from_SLR,plain_paired,0.6818181818181818,5.067234166778215
from_SLR,plain_paired,0.6893939393939394,5.089190323256002
from_SLR,plain_paired,0.696969696969697,5.1133033285770475
from_SLR,plain_paired,0.7045454545454546,5.125493033169614
from_SLR,plain_paired,0.7121212121212122,5.080186993487218
from_SLR,plain_paired,0.7196969696969697,5.0803253956255245
from_SLR,plain_paired,0.7272727272727273,5.041448903278908
from_SLR,plain_paired,0.7348484848484849,5.002583618186684
from_SLR,plain_paired,0.7424242424242424,5.017723458261808
from_SLR,plain_paired,0.75,4.986767130135724
from_SLR,plain_paired,0.7575757575757576,5.002184712324051
from_SLR,plain_paired,0.7651515151515151,4.999734130328699
from_SLR,plain_paired,0.7727272727272727,4.969508383584077
from_SLR,plain_paired,0.7803030303030303,4.949177407570779
from_SLR,plain_paired,0.7878787878787878,4.94055177716193
from_SLR,plain_paired,0.7954545454545454,4.960553307212321
from_SLR,plain_paired,0.803030303030303,4.955418144622765
from_SLR,plain_paired,0.8106060606060606,4.955976964908764
from_SLR,plain_paired,0.8181818181818182,4.942972733104913
from_SLR,plain_paired,0.8257575757575758,4.919397116404046
from_SLR,plain_paired,0.8333333333333334,4.908170800457306
from_SLR,plain_paired,0.8409090909090909,4.898781351724995
from_SLR,plain_paired,0.8484848484848485,4.885922996135892
from_SLR,plain_paired,0.8560606060606061,4.876691701222217
from_SLR,plain_paired,0.8636363636363636,4.884195073933301
from_SLR,plain_paired,0.8712121212121212,4.876833280466432
from_SLR,plain_paired,0.8787878787878788,4.882595402109378
from_SLR,plain_paired,0.8863636363636364,4.921667461686517
from_SLR,plain_paired,0.8939393939393939,4.939412588586724
from_SLR,plain_paired,0.9015151515151515,4.971875569867827
from_SLR,plain_paired,0.9090909090909091,4.987420114286416
from_SLR,plain_paired,0.9166666666666666,4.999587022666863
from_SLR,plain_paired,0.9242424242424242,4.976545584276284
from_SLR,plain_paired,0.9318181818181818,5.013038098476291
from_SLR,plain_paired,0.9393939393939394,5.045821051365865
from_SLR,plain_paired,0.946969696969697,5.08741038555791
from_SLR,plain_paired,0.9545454545454546,5.132194290519348
from_SLR,plain_paired,0.9621212121212122,5.177618480978727
from_SLR,plain_paired,0.9696969696969697,5.216996132884536
from_SLR,plain_paired,0.9772727272727273,5.257608908183699
from_SLR,plain_paired,0.9848484848484849,5.3141906344696626
from_SLR,plain_paired,0.9924242424242424,5.355648970053648
from_SLR,plain_paired,1.0,5.415031392610412
from_SLR,uniform_anchor_raw,0.007575757575757576,7.221417626345226
from_SLR,uniform_anchor_raw,0.015151515151515152,5.93763511431062
from_SLR,uniform_anchor_raw,0.022727272727272728,6.8286419018641675
from_SLR,uniform_anchor_raw,0.030303030303030304,7.012434122929029
from_SLR,uniform_anchor_raw,0.03787878787878788,6.582681396884076
from_SLR,uniform_anchor_raw,0.045454545454545456,6.050588515567273
from_SLR,uniform_anchor_raw,0.05303030303030303,5.864037174932066
from_SLR,uniform_anchor_raw,0.06060606060606061,6.518975240490616
from_SLR,uniform_anchor_raw,0.06818181818181818,5.9277903584584015
from_SLR,uniform_anchor_raw,0.07575757575757576,6.113928030848634
from_SLR,uniform_anchor_raw,0.08333333333333333,6.478895651809004
from_SLR,uniform_anchor_raw,0.09090909090909091,6.565893742275438
from_SLR,uniform_anchor_raw,0.09848484848484848,6.6509776986960985
from_SLR,uniform_anchor_raw,0.10606060606060606,6.347593744561841
from_SLR,uniform_anchor_raw,0.11363636363636363,6.131638492170417
from_SLR,uniform_anchor_raw,0.12121212121212122,6.121883838529488
from_SLR,uniform_anchor_raw,0.12878787878787878,6.138238556232916
from_SLR,uniform_anchor_raw,0.13636363636363635,6.217547361638382
from_SLR,uniform_anchor_raw,0.14393939393939395,6.185963454546889
from_SLR,uniform_anchor_raw,0.15151515151515152,6.455108421544781
from_SLR,uniform_anchor_raw,0.1590909090909091,6.375007128158778
from_SLR,uniform_anchor_raw,0.16666666666666666,6.363395293937493
from_SLR,uniform_anchor_raw,0.17424242424242425,6.352940934778556
from_SLR,uniform_anchor_raw,0.18181818181818182,6.5368923349542
from_SLR,uniform_anchor_raw,0.1893939393939394,6.450785438433066
from_SLR,uniform_anchor_raw,0.19696969696969696,6.544941536233729
from_SLR,uniform_anchor_raw,0.20454545454545456,6.4855481093426475
from_SLR,uniform_anchor_raw,0.21212121212121213,6.4645970976846785
from_SLR,uniform_anchor_raw,0.2196969696969697,6.5914948683649
from_SLR,uniform_anchor_raw,0.22727272727272727,6.655135790178437
from_SLR,uniform_anchor_raw,0.23484848484848486,6.709112516713101
from_SLR,uniform_anchor_raw,0.24242424242424243,6.757034002679838
from_SLR,uniform_anchor_raw,0.25,6.671178336399914
from_SLR,uniform_anchor_raw,0.25757575757575757,6.760404287392557
from_SLR,uniform_anchor_raw,0.26515151515151514,6.730809189840375
from_SLR,uniform_anchor_raw,0.2727272727272727,6.584006953030458
from_SLR,uniform_anchor_raw,0.2803030303030303,6.558618874957669
from_SLR,uniform_anchor_raw,0.2878787878787879,6.631069472129782
from_SLR,uniform_anchor_raw,0.29545454545454547,6.499040047805235
from_SLR,uniform_anchor_raw,0.30303030303030304,6.466445172533454
from_SLR,uniform_anchor_raw,0.3106060606060606,6.633005941388444
from_SLR,uniform_anchor_raw,0.3181818181818182,6.61739644830818
from_SLR,uniform_anchor_raw,0.32575757575757575,6.646797943383583
from_SLR,uniform_anchor_raw,0.3333333333333333,6.618908143106796
from_SLR,uniform_anchor_raw,0.3409090909090909,6.537192660725116
from_SLR,uniform_anchor_raw,0.3484848484848485,6.583935374065458
from_SLR,uniform_anchor_raw,0.3560606060606061,6.599812778135171
from_SLR,uniform_anchor_raw,0.36363636363636365,6.629609588224958
from_SLR,uniform_anchor_raw,0.3712121212121212,6.608548435201871
from_SLR,uniform_anchor_raw,0.3787878787878788,6.560292050537779
from_SLR,uniform_anchor_raw,0.38636363636363635,6.59795348316515
from_SLR,uniform_anchor_raw,0.3939393939393939,6.5533475105571535
from_SLR,uniform_anchor_raw,0.4015151515151515,6.581693377384518
from_SLR,uniform_anchor_raw,0.4090909090909091,6.568327991707068
from_SLR,uniform_anchor_raw,0.4166666666666667,6.512388752792728
from_SLR,uniform_anchor_raw,0.42424242424242425,6.50915182959816
from_SLR,uniform_anchor_raw,0.4318181818181818,6.494994012636073
from_SLR,uniform_anchor_raw,0.4393939393939394,6.5332905754266735
from_SLR,uniform_anchor_raw,0.44696969696969696,6.513196751509855
from_SLR,uniform_anchor_raw,0.45454545454545453,6.43917720607378
from_SLR,uniform_anchor_raw,0.4621212121212121,6.369777132545003
from_SLR,uniform_anchor_raw,0.4696969696969697,6.3030016561364635
from_SLR,uniform_anchor_raw,0.4772727272727273,6.30981467629094
from_SLR,uniform_anchor_raw,0.48484848484848486,6.243941442307748
from_SLR,uniform_anchor_raw,0.49242424242424243,6.192857767958059
from_SLR,uniform_anchor_raw,0.5,6.158036295082876
from_SLR,uniform_anchor_raw,0.5075757575757576,6.110008948015843
from_SLR,uniform_anchor_raw,0.5151515151515151,6.076072112109962
from_SLR,uniform_anchor_raw,0.5227272727272727,6.06700481015331
from_SLR,uniform_anchor_raw,0.5303030303030303,6.074649848239583
from_SLR,uniform_anchor_raw,0.5378787878787878,6.02070289674077
from_SLR,uniform_anchor_raw,0.5454545454545454,5.985205078988543
from_SLR,uniform_anchor_raw,0.553030303030303,5.959982278528053
from_SLR,uniform_anchor_raw,0.5606060606060606,5.996202755329835
from_SLR,uniform_anchor_raw,0.5681818181818182,6.003663901384214
from_SLR,uniform_anchor_raw,0.5757575757575758,5.992551425780722
from_SLR,uniform_anchor_raw,0.5833333333333334,5.957986201036189
from_SLR,uniform_anchor_raw,0.5909090909090909,5.928413021626163
from_SLR,uniform_anchor_raw,0.5984848484848485,5.8727905276743675
from_SLR,uniform_anchor_raw,0.6060606060606061,5.880445705740207
from_SLR,uniform_anchor_raw,0.6136363636363636,5.842641396592398
from_SLR,uniform_anchor_raw,0.6212121212121212,5.846746466423589
from_SLR,uniform_anchor_raw,0.6287878787878788,5.838299576908714
from_SLR,uniform_anchor_raw,0.6363636363636364,5.788935928339478
from_SLR,uniform_anchor_raw,0.6439393939393939,5.75403140240212
from_SLR,uniform_anchor_raw,0.6515151515151515,5.708952372600156
from_SLR,uniform_anchor_raw,0.6590909090909091,5.678756457410792
from_SLR,uniform_anchor_raw,0.6666666666666666,5.63690513889755
from_SLR,uniform_anchor_raw,0.6742424242424242,5.610736634842275
from_SLR,uniform_anchor_raw,0.6818181818181818,5.575253192323868
from_SLR,uniform_anchor_raw,0.6893939393939394,5.579844715865683
from_SLR,uniform_anchor_raw,0.696969696969697,5.575855352109244
from_SLR,uniform_anchor_raw,0.7045454545454546,5.577698249734468
from_SLR,uniform_anchor_raw,0.7121212121212122,5.538341423556997
from_SLR,uniform_anchor_raw,0.7196969696969697,5.531401997683478
from_SLR,uniform_anchor_raw,0.7272727272727273,5.489149495362266
from_SLR,uniform_anchor_raw,0.7348484848484849,5.444157309329053
from_SLR,uniform_anchor_raw,0.7424242424242424,5.451284665385174
from_SLR,uniform_anchor_raw,0.75,5.412896387258911
from_SLR,uniform_anchor_raw,0.7575757575757576,5.42813699718025
from_SLR,uniform_anchor_raw,0.7651515151515151,5.431513433710531
from_SLR,uniform_anchor_raw,0.7727272727272727,5.3898617171917715
from_SLR,uniform_anchor_raw,0.7803030303030303,5.3564744140912905
from_SLR,uniform_anchor_raw,0.7878787878787878,5.343227715175476
from_SLR,uniform_anchor_raw,0.7954545454545454,5.356151137101134
from_SLR,uniform_anchor_raw,0.803030303030303,5.353951598567079
from_SLR,uniform_anchor_raw,0.8106060606060606,5.343787838893366
from_SLR,uniform_anchor_raw,0.8181818181818182,5.329500734664907
from_SLR,uniform_anchor_raw,0.8257575757575758,5.300969951372449
from_SLR,uniform_anchor_raw,0.8333333333333334,5.281365924105067
from_SLR,uniform_anchor_raw,0.8409090909090909,5.267478836544002
from_SLR,uniform_anchor_raw,0.8484848484848485,5.261354884761784
from_SLR,uniform_anchor_raw,0.8560606060606061,5.248970594349277
from_SLR,uniform_anchor_raw,0.8636363636363636,5.247212908930312
from_SLR,uniform_anchor_raw,0.8712121212121212,5.231243068259303
from_SLR,uniform_anchor_raw,0.8787878787878788,5.226954253919427
from_SLR,uniform_anchor_raw,0.8863636363636364,5.2569900274366255
from_SLR,uniform_anchor_raw,0.8939393939393939,5.272632080634474
from_SLR,uniform_anchor_raw,0.9015151515151515,5.293755436500526
from_SLR,uniform_anchor_raw,0.9090909090909091,5.3030939485169535
from_SLR,uniform_anchor_raw,0.9166666666666666,5.320607762820095
from_SLR,uniform_anchor_raw,0.9242424242424242,5.2899654891959145
from_SLR,uniform_anchor_raw,0.9318181818181818,5.317066898083917
from_SLR,uniform_anchor_raw,0.9393939393939394,5.337180703151066
from_SLR,uniform_anchor_raw,0.946969696969697,5.37197785092533
from_SLR,uniform_anchor_raw,0.9545454545454546,5.406712485104961
from_SLR,uniform_anchor_raw,0.9621212121212122,5.442328340468407
from_SLR,uniform_anchor_raw,0.9696969696969697,5.474562911852824
from_SLR,uniform_anchor_raw,0.9772727272727273,5.508287273983104
from_SLR,uniform_anchor_raw,0.9848484848484849,5.557964278469254
from_SLR,uniform_anchor_raw,0.9924242424242424,5.594134380716343
from_SLR,uniform_anchor_raw,1.0,5.643268597284269
from_SLR,uniform_anchor_paired,0.007575757575757576,7.033619001670399
from_SLR,uniform_anchor_paired,0.015151515151515152,6.3128209436982585
from_SLR,uniform_anchor_paired,0.022727272727272728,6.672060672691781
from_SLR,uniform_anchor_paired,0.030303030303030304,6.447016944203155
from_SLR,uniform_anchor_paired,0.03787878787878788,5.7834036962257995
from_SLR,uniform_anchor_paired,0.045454545454545456,5.2188146322375175
from_SLR,uniform_anchor_paired,0.05303030303030303,4.851835504684776
from_SLR,uniform_anchor_paired,0.06060606060606061,5.323143671010004
from_SLR,uniform_anchor_paired,0.06818181818181818,4.881749722127245
from_SLR,uniform_anchor_paired,0.07575757575757576,5.331910499538753
from_SLR,uniform_anchor_paired,0.08333333333333333,5.813795949568051
from_SLR,uniform_anchor_paired,0.09090909090909091,6.026643748933253
from_SLR,uniform_anchor_paired,0.09848484848484848,5.982496105258122
from_SLR,uniform_anchor_paired,0.10606060606060606,5.662229008320932
from_SLR,uniform_anchor_paired,0.11363636363636363,5.439037799268999
from_SLR,uniform_anchor_paired,0.12121212121212122,5.366359738126358
from_SLR,uniform_anchor_paired,0.12878787878787878,5.261584969320261
from_SLR,uniform_anchor_paired,0.13636363636363635,5.398172042952228
from_SLR,uniform_anchor_paired,0.14393939393939395,5.3489805856732815
from_SLR,uniform_anchor_paired,0.15151515151515152,5.632276644692766
from_SLR,uniform_anchor_paired,0.1590909090909091,5.545806933799251
from_SLR,uniform_anchor_paired,0.16666666666666666,5.539696553546098
from_SLR,uniform_anchor_paired,0.17424242424242425,5.547326587661494
from_SLR,uniform_anchor_paired,0.18181818181818182,5.762313553034802
from_SLR,uniform_anchor_paired,0.1893939393939394,5.677582369996252
from_SLR,uniform_anchor_paired,0.19696969696969696,5.8300363147080505
from_SLR,uniform_anchor_paired,0.20454545454545456,5.794499824692621
from_SLR,uniform_anchor_paired,0.21212121212121213,5.786014385710351
from_SLR,uniform_anchor_paired,0.2196969696969697,5.870286051909292
from_SLR,uniform_anchor_paired,0.22727272727272727,5.875519277765744
from_SLR,uniform_anchor_paired,0.23484848484848486,5.887487561874539
from_SLR,uniform_anchor_paired,0.24242424242424243,5.958793240572934
from_SLR,uniform_anchor_paired,0.25,5.912020080600858
from_SLR,uniform_anchor_paired,0.25757575757575757,6.037794153418207
from_SLR,uniform_anchor_paired,0.26515151515151514,6.003113326556474
from_SLR,uniform_anchor_paired,0.2727272727272727,5.8783164966606
from_SLR,uniform_anchor_paired,0.2803030303030303,5.864287435947759
from_SLR,uniform_anchor_paired,0.2878787878787879,5.969014144159517
from_SLR,uniform_anchor_paired,0.29545454545454547,5.844842101880631
from_SLR,uniform_anchor_paired,0.30303030303030304,5.816311816609414
from_SLR,uniform_anchor_paired,0.3106060606060606,5.945566578390012
from_SLR,uniform_anchor_paired,0.3181818181818182,5.898533759312239
from_SLR,uniform_anchor_paired,0.32575757575757575,5.9245999281472095
from_SLR,uniform_anchor_paired,0.3333333333333333,5.925265575536095
from_SLR,uniform_anchor_paired,0.3409090909090909,5.8432795834613644
from_SLR,uniform_anchor_paired,0.3484848484848485,5.888370060439414
from_SLR,uniform_anchor_paired,0.3560606060606061,5.876669602953267
from_SLR,uniform_anchor_paired,0.36363636363636365,5.887390135902052
from_SLR,uniform_anchor_paired,0.3712121212121212,5.874659567408706
from_SLR,uniform_anchor_paired,0.3787878787878788,5.8727637682268865
from_SLR,uniform_anchor_paired,0.38636363636363635,5.902496738550806
from_SLR,uniform_anchor_paired,0.3939393939393939,5.877578446690941
from_SLR,uniform_anchor_paired,0.4015151515151515,5.9382560765229355
from_SLR,uniform_anchor_paired,0.4090909090909091,5.918897934797282
from_SLR,uniform_anchor_paired,0.4166666666666667,5.839804107570376
from_SLR,uniform_anchor_paired,0.42424242424242425,5.837583857085451
from_SLR,uniform_anchor_paired,0.4318181818181818,5.843813112085718
from_SLR,uniform_anchor_paired,0.4393939393939394,5.86289809054491
from_SLR,uniform_anchor_paired,0.44696969696969696,5.84666697400912
from_SLR,uniform_anchor_paired,0.45454545454545453,5.781361280923696
from_SLR,uniform_anchor_paired,0.4621212121212121,5.731549460603486
from_SLR,uniform_anchor_paired,0.4696969696969697,5.67165612961598
from_SLR,uniform_anchor_paired,0.4772727272727273,5.687477101049409
from_SLR,uniform_anchor_paired,0.48484848484848486,5.620437160464817
from_SLR,uniform_anchor_paired,0.49242424242424243,5.568149596253289
from_SLR,uniform_anchor_paired,0.5,5.584329443371197
from_SLR,uniform_anchor_paired,0.5075757575757576,5.53592679862874
from_SLR,uniform_anchor_paired,0.5151515151515151,5.514909501643285
from_SLR,uniform_anchor_paired,0.5227272727272727,5.4832724887393995
from_SLR,uniform_anchor_paired,0.5303030303030303,5.470209699712904
from_SLR,uniform_anchor_paired,0.5378787878787878,5.420922131348557
from_SLR,uniform_anchor_paired,0.5454545454545454,5.409401234302116
from_SLR,uniform_anchor_paired,0.553030303030303,5.382339081779324
from_SLR,uniform_anchor_paired,0.5606060606060606,5.4082169703456
from_SLR,uniform_anchor_paired,0.5681818181818182,5.428083485834093
from_SLR,uniform_anchor_paired,0.5757575757575758,5.404134132968513
from_SLR,uniform_anchor_paired,0.5833333333333334,5.383526666744783
from_SLR,uniform_anchor_paired,0.5909090909090909,5.343938406114866
from_SLR,uniform_anchor_paired,0.5984848484848485,5.295552118850418
from_SLR,uniform_anchor_paired,0.6060606060606061,5.321478822410706
from_SLR,uniform_anchor_paired,0.6136363636363636,5.299609704810785
from_SLR,uniform_anchor_paired,0.6212121212121212,5.316048293752824
from_SLR,uniform_anchor_paired,0.6287878787878788,5.2958767649075735
from_SLR,uniform_anchor_paired,0.6363636363636364,5.246683468807867
from_SLR,uniform_anchor_paired,0.6439393939393939,5.2128453108098
from_SLR,uniform_anchor_paired,0.6515151515151515,5.191759849455482
from_SLR,uniform_anchor_paired,0.6590909090909091,5.1521227975481665
from_SLR,uniform_anchor_paired,0.6666666666666666,5.139434448258342
from_SLR,uniform_anchor_paired,0.6742424242424242,5.111260582736411
from_SLR,uniform_anchor_paired,0.6818181818181818,5.089076286447399
from_SLR,uniform_anchor_paired,0.6893939393939394,5.127012114663187
from_SLR,uniform_anchor_paired,0.696969696969697,5.1484878828394125
from_SLR,uniform_anchor_paired,0.7045454545454546,5.176122097204848
from_SLR,uniform_anchor_paired,0.7121212121212122,5.134888237504509
from_SLR,uniform_anchor_paired,0.7196969696969697,5.1261852873679645
from_SLR,uniform_anchor_paired,0.7272727272727273,5.0908687186083155
from_SLR,uniform_anchor_paired,0.7348484848484849,5.059776931120275
from_SLR,uniform_anchor_paired,0.7424242424242424,5.0615669901203795
from_SLR,uniform_anchor_paired,0.75,5.031345198683599
from_SLR,uniform_anchor_paired,0.7575757575757576,5.031190401405151
from_SLR,uniform_anchor_paired,0.7651515151515151,5.035587049043884
from_SLR,uniform_anchor_paired,0.7727272727272727,5.012614334374216
from_SLR,uniform_anchor_paired,0.7803030303030303,4.984207062167447
from_SLR,uniform_anchor_paired,0.7878787878787878,4.967915306391635
from_SLR,uniform_anchor_paired,0.7954545454545454,5.0050645672827025
from_SLR,uniform_anchor_paired,0.803030303030303,5.015390336701764
from_SLR,uniform_anchor_paired,0.8106060606060606,5.012487428637352
from_SLR,uniform_anchor_paired,0.8181818181818182,5.009586167043576
from_SLR,uniform_anchor_paired,0.8257575757575758,4.983830398869219
from_SLR,uniform_anchor_paired,0.8333333333333334,4.965818067211085
from_SLR,uniform_anchor_paired,0.8409090909090909,4.949278906701263
from_SLR,uniform_anchor_paired,0.8484848484848485,4.948337654118835
from_SLR,uniform_anchor_paired,0.8560606060606061,4.943982865301795
from_SLR,uniform_anchor_paired,0.8636363636363636,4.9376963159718
from_SLR,uniform_anchor_paired,0.8712121212121212,4.922043344781785
from_SLR,uniform_anchor_paired,0.8787878787878788,4.915600003350882
from_SLR,uniform_anchor_paired,0.8863636363636364,4.940405047689134
from_SLR,uniform_anchor_paired,0.8939393939393939,4.9456483499845705
from_SLR,uniform_anchor_paired,0.9015151515151515,4.964129895994272
from_SLR,uniform_anchor_paired,0.9090909090909091,4.9662024264589135
from_SLR,uniform_anchor_paired,0.9166666666666666,4.9856161205425655
from_SLR,uniform_anchor_paired,0.9242424242424242,4.975639454089016
from_SLR,uniform_anchor_paired,0.9318181818181818,4.996394035627142
from_SLR,uniform_anchor_paired,0.9393939393939394,5.013889936731107
from_SLR,uniform_anchor_paired,0.946969696969697,5.043611652241823
from_SLR,uniform_anchor_paired,0.9545454545454546,5.077036322814209
from_SLR,uniform_anchor_paired,0.9621212121212122,5.111610227121951
from_SLR,uniform_anchor_paired,0.9696969696969697,5.13374523308874
from_SLR,uniform_anchor_paired,0.9772727272727273,5.158948800459385
from_SLR,uniform_anchor_paired,0.9848484848484849,5.199272377513199
from_SLR,uniform_anchor_paired,0.9924242424242424,5.227699440108294
from_SLR,uniform_anchor_paired,1.0,5.26825751650297
from_SLR,conditional_raw,0.007575757575757576,7.124545514930415
from_SLR,conditional_raw,0.015151515151515152,5.9584690941721545
from_SLR,conditional_raw,0.022727272727272728,7.465978794971165
from_SLR,conditional_raw,0.030303030303030304,7.687663078656466
from_SLR,conditional_raw,0.03787878787878788,7.804533966113653
from_SLR,conditional_raw,0.045454545454545456,7.626179688546853
from_SLR,conditional_raw,0.05303030303030303,7.643546747953529
from_SLR,conditional_raw,0.06060606060606061,8.200322503144875
from_SLR,conditional_raw,0.06818181818181818,7.620784431464878
from_SLR,conditional_raw,0.07575757575757576,7.705681593641472
from_SLR,conditional_raw,0.08333333333333333,8.168817775486174
from_SLR,conditional_raw,0.09090909090909091,8.422218498981108
from_SLR,conditional_raw,0.09848484848484848,8.39163530131588
from_SLR,conditional_raw,0.10606060606060606,8.1532345526901
from_SLR,conditional_raw,0.11363636363636363,7.960660078988297
from_SLR,conditional_raw,0.12121212121212122,8.005660586036713
from_SLR,conditional_raw,0.12878787878787878,7.993843796635383
from_SLR,conditional_raw,0.13636363636363635,8.180716501077216
from_SLR,conditional_raw,0.14393939393939395,8.169244727907474
from_SLR,conditional_raw,0.15151515151515152,8.4998869096861
from_SLR,conditional_raw,0.1590909090909091,8.485807023759152
from_SLR,conditional_raw,0.16666666666666666,8.377996510012034
from_SLR,conditional_raw,0.17424242424242425,8.303437443140139
from_SLR,conditional_raw,0.18181818181818182,8.549279755741823
from_SLR,conditional_raw,0.1893939393939394,8.545831170934056
from_SLR,conditional_raw,0.19696969696969696,8.70776582901488
from_SLR,conditional_raw,0.20454545454545456,8.691618079078692
from_SLR,conditional_raw,0.21212121212121213,8.600784054208491
from_SLR,conditional_raw,0.2196969696969697,8.596647867142694
from_SLR,conditional_raw,0.22727272727272727,8.520465594315459
from_SLR,conditional_raw,0.23484848484848486,8.53045655064683
from_SLR,conditional_raw,0.24242424242424243,8.512504463710082
from_SLR,conditional_raw,0.25,8.413185392496748
from_SLR,conditional_raw,0.25757575757575757,8.475691722390456
from_SLR,conditional_raw,0.26515151515151514,8.429270804416397
from_SLR,conditional_raw,0.2727272727272727,8.250027171251697
from_SLR,conditional_raw,0.2803030303030303,8.18617084858264
from_SLR,conditional_raw,0.2878787878787879,8.323476981390627
from_SLR,conditional_raw,0.29545454545454547,8.217709595758121
from_SLR,conditional_raw,0.30303030303030304,8.149322004137629
from_SLR,conditional_raw,0.3106060606060606,8.328946214989438
from_SLR,conditional_raw,0.3181818181818182,8.345049647426968
from_SLR,conditional_raw,0.32575757575757575,8.319608430898331
from_SLR,conditional_raw,0.3333333333333333,8.341283285011285
from_SLR,conditional_raw,0.3409090909090909,8.22541059981099
from_SLR,conditional_raw,0.3484848484848485,8.21222022581336
from_SLR,conditional_raw,0.3560606060606061,8.149232729344847
from_SLR,conditional_raw,0.36363636363636365,8.151580792748122
from_SLR,conditional_raw,0.3712121212121212,8.09884392278793
from_SLR,conditional_raw,0.3787878787878788,8.032148167802676
from_SLR,conditional_raw,0.38636363636363635,8.01650078056515
from_SLR,conditional_raw,0.3939393939393939,7.960637995194734
from_SLR,conditional_raw,0.4015151515151515,7.993958056009476
from_SLR,conditional_raw,0.4090909090909091,7.973606296948662
from_SLR,conditional_raw,0.4166666666666667,7.854278552306741
from_SLR,conditional_raw,0.42424242424242425,7.862614690712502
from_SLR,conditional_raw,0.4318181818181818,7.818424746501445
from_SLR,conditional_raw,0.4393939393939394,7.827945814756508
from_SLR,conditional_raw,0.44696969696969696,7.791849653471584
from_SLR,conditional_raw,0.45454545454545453,7.687784673717232
from_SLR,conditional_raw,0.4621212121212121,7.589288379555214
from_SLR,conditional_raw,0.4696969696969697,7.518299022362041
from_SLR,conditional_raw,0.4772727272727273,7.497414670696501
from_SLR,conditional_raw,0.48484848484848486,7.449193618672031
from_SLR,conditional_raw,0.49242424242424243,7.395394764540728
from_SLR,conditional_raw,0.5,7.3626826635232705
from_SLR,conditional_raw,0.5075757575757576,7.28650754916626
from_SLR,conditional_raw,0.5151515151515151,7.264834762297176
from_SLR,conditional_raw,0.5227272727272727,7.258123119772608
from_SLR,conditional_raw,0.5303030303030303,7.242919583562667
from_SLR,conditional_raw,0.5378787878787878,7.17516232266149
from_SLR,conditional_raw,0.5454545454545454,7.134938310032665
from_SLR,conditional_raw,0.553030303030303,7.071080416406296
from_SLR,conditional_raw,0.5606060606060606,7.044804332122933
from_SLR,conditional_raw,0.5681818181818182,7.0627210875818065
from_SLR,conditional_raw,0.5757575757575758,7.017869493864263
from_SLR,conditional_raw,0.5833333333333334,6.964154828247523
from_SLR,conditional_raw,0.5909090909090909,6.897028161612385
from_SLR,conditional_raw,0.5984848484848485,6.827152056405434
from_SLR,conditional_raw,0.6060606060606061,6.818103995220582
from_SLR,conditional_raw,0.6136363636363636,6.800075562539003
from_SLR,conditional_raw,0.6212121212121212,6.810238985629596
from_SLR,conditional_raw,0.6287878787878788,6.770570444943895
from_SLR,conditional_raw,0.6363636363636364,6.7268037205732805
from_SLR,conditional_raw,0.6439393939393939,6.674044498453426
from_SLR,conditional_raw,0.6515151515151515,6.642100230169352
from_SLR,conditional_raw,0.6590909090909091,6.596670436399477
from_SLR,conditional_raw,0.6666666666666666,6.573911061306639
from_SLR,conditional_raw,0.6742424242424242,6.552280744908953
from_SLR,conditional_raw,0.6818181818181818,6.516128467098677
from_SLR,conditional_raw,0.6893939393939394,6.538356186903887
from_SLR,conditional_raw,0.696969696969697,6.537564443216344
from_SLR,conditional_raw,0.7045454545454546,6.547543911243558
from_SLR,conditional_raw,0.7121212121212122,6.494406366156324
from_SLR,conditional_raw,0.7196969696969697,6.469516252824731
from_SLR,conditional_raw,0.7272727272727273,6.419495859540517
from_SLR,conditional_raw,0.7348484848484849,6.373654322786179
from_SLR,conditional_raw,0.7424242424242424,6.3650654782773985
from_SLR,conditional_raw,0.75,6.313031288770017
from_SLR,conditional_raw,0.7575757575757576,6.301037529851257
from_SLR,conditional_raw,0.7651515151515151,6.287587621950532
from_SLR,conditional_raw,0.7727272727272727,6.246357175088213
from_SLR,conditional_raw,0.7803030303030303,6.213234572629124
from_SLR,conditional_raw,0.7878787878787878,6.187797682176156
from_SLR,conditional_raw,0.7954545454545454,6.217921908015668
from_SLR,conditional_raw,0.803030303030303,6.215968103895066
from_SLR,conditional_raw,0.8106060606060606,6.1996591757884865
from_SLR,conditional_raw,0.8181818181818182,6.191392334027217
from_SLR,conditional_raw,0.8257575757575758,6.152333809721468
from_SLR,conditional_raw,0.8333333333333334,6.1298392626430065
from_SLR,conditional_raw,0.8409090909090909,6.105221254766736
from_SLR,conditional_raw,0.8484848484848485,6.088972279146637
from_SLR,conditional_raw,0.8560606060606061,6.070302358196983
from_SLR,conditional_raw,0.8636363636363636,6.05566735136074
from_SLR,conditional_raw,0.8712121212121212,6.035235400171122
from_SLR,conditional_raw,0.8787878787878788,6.025245839385719
from_SLR,conditional_raw,0.8863636363636364,6.049112736541196
from_SLR,conditional_raw,0.8939393939393939,6.040122741625257
from_SLR,conditional_raw,0.9015151515151515,6.054400856659766
from_SLR,conditional_raw,0.9090909090909091,6.045967121871867
from_SLR,conditional_raw,0.9166666666666666,6.045811834845253
from_SLR,conditional_raw,0.9242424242424242,6.046619714943923
from_SLR,conditional_raw,0.9318181818181818,6.05961029312127
from_SLR,conditional_raw,0.9393939393939394,6.070255260263626
from_SLR,conditional_raw,0.946969696969697,6.09123234901957
from_SLR,conditional_raw,0.9545454545454546,6.114751335864675
from_SLR,conditional_raw,0.9621212121212122,6.144636709676614
from_SLR,conditional_raw,0.9696969696969697,6.151992710113924
from_SLR,conditional_raw,0.9772727272727273,6.1651205171988925
from_SLR,conditional_raw,0.9848484848484849,6.191398899809694
from_SLR,conditional_raw,0.9924242424242424,6.208994756526546
from_SLR,conditional_raw,1.0,6.231744485746105
from_SLR,conditional_paired,0.007575757575757576,6.655919369317902
from_SLR,conditional_paired,0.015151515151515152,5.984794767073313
from_SLR,conditional_paired,0.022727272727272728,6.720738574624153
from_SLR,conditional_paired,0.030303030303030304,6.547610849190605
from_SLR,conditional_paired,0.03787878787878788,5.977422786062232
from_SLR,conditional_paired,0.045454545454545456,5.312300580359046
from_SLR,conditional_paired,0.05303030303030303,5.008709939397132
from_SLR,conditional_paired,0.06060606060606061,5.5283284338073555
from_SLR,conditional_paired,0.06818181818181818,5.016863778725451
from_SLR,conditional_paired,0.07575757575757576,5.339070654653564
from_SLR,conditional_paired,0.08333333333333333,5.749844608322536
from_SLR,conditional_paired,0.09090909090909091,5.979411980122959
from_SLR,conditional_paired,0.09848484848484848,5.946973095581658
from_SLR,conditional_paired,0.10606060606060606,5.666036805377041
from_SLR,conditional_paired,0.11363636363636363,5.487651380998291
from_SLR,conditional_paired,0.12121212121212122,5.429424604811357
from_SLR,conditional_paired,0.12878787878787878,5.38849068038888
from_SLR,conditional_paired,0.13636363636363635,5.543939095419575
from_SLR,conditional_paired,0.14393939393939395,5.516594774597224
from_SLR,conditional_paired,0.15151515151515152,5.823200748996466
from_SLR,conditional_paired,0.1590909090909091,5.716647967829925
from_SLR,conditional_paired,0.16666666666666666,5.710231210883317
from_SLR,conditional_paired,0.17424242424242425,5.711983064090885
from_SLR,conditional_paired,0.18181818181818182,5.93009685164368
from_SLR,conditional_paired,0.1893939393939394,5.84858658676093
from_SLR,conditional_paired,0.19696969696969696,5.986154627036402
from_SLR,conditional_paired,0.20454545454545456,5.937290462195634
from_SLR,conditional_paired,0.21212121212121213,5.913646314288769
from_SLR,conditional_paired,0.2196969696969697,5.950982253012266
from_SLR,conditional_paired,0.22727272727272727,5.90890175443182
from_SLR,conditional_paired,0.23484848484848486,5.921184166703075
from_SLR,conditional_paired,0.24242424242424243,5.948138204862087
from_SLR,conditional_paired,0.25,5.899638318700298
from_SLR,conditional_paired,0.25757575757575757,5.999592350526238
from_SLR,conditional_paired,0.26515151515151514,5.976366064885056
from_SLR,conditional_paired,0.2727272727272727,5.845470038450858
from_SLR,conditional_paired,0.2803030303030303,5.824059065803728
from_SLR,conditional_paired,0.2878787878787879,5.935524863073966
from_SLR,conditional_paired,0.29545454545454547,5.817437423502237
from_SLR,conditional_paired,0.30303030303030304,5.791923905282843
from_SLR,conditional_paired,0.3106060606060606,5.939681221419652
from_SLR,conditional_paired,0.3181818181818182,5.90761468471164
from_SLR,conditional_paired,0.32575757575757575,5.9134308579957775
from_SLR,conditional_paired,0.3333333333333333,5.914650272878291
from_SLR,conditional_paired,0.3409090909090909,5.8322010591068505
from_SLR,conditional_paired,0.3484848484848485,5.850120735127625
from_SLR,conditional_paired,0.3560606060606061,5.817692008256792
from_SLR,conditional_paired,0.36363636363636365,5.826561398692512
from_SLR,conditional_paired,0.3712121212121212,5.834892520423594
from_SLR,conditional_paired,0.3787878787878788,5.8033032144348775
from_SLR,conditional_paired,0.38636363636363635,5.815759707472126
from_SLR,conditional_paired,0.3939393939393939,5.773937167363818
from_SLR,conditional_paired,0.4015151515151515,5.828752981923697
from_SLR,conditional_paired,0.4090909090909091,5.821286945746262
from_SLR,conditional_paired,0.4166666666666667,5.7381292128991
from_SLR,conditional_paired,0.42424242424242425,5.733300912680178
from_SLR,conditional_paired,0.4318181818181818,5.744265572495564
from_SLR,conditional_paired,0.4393939393939394,5.760648552720366
from_SLR,conditional_paired,0.44696969696969696,5.743698033819995
from_SLR,conditional_paired,0.45454545454545453,5.682699843933665
from_SLR,conditional_paired,0.4621212121212121,5.6290180911309955
from_SLR,conditional_paired,0.4696969696969697,5.558710421070153
from_SLR,conditional_paired,0.4772727272727273,5.58257957637172
from_SLR,conditional_paired,0.48484848484848486,5.555232192948776
from_SLR,conditional_paired,0.49242424242424243,5.502382190299052
from_SLR,conditional_paired,0.5,5.502180807514105
from_SLR,conditional_paired,0.5075757575757576,5.451042095050816
from_SLR,conditional_paired,0.5151515151515151,5.471209126786039
from_SLR,conditional_paired,0.5227272727272727,5.45515523358246
from_SLR,conditional_paired,0.5303030303030303,5.437442093345971
from_SLR,conditional_paired,0.5378787878787878,5.402354585635041
from_SLR,conditional_paired,0.5454545454545454,5.380362202094169
from_SLR,conditional_paired,0.553030303030303,5.334240901891429
from_SLR,conditional_paired,0.5606060606060606,5.320014294192455
from_SLR,conditional_paired,0.5681818181818182,5.340258530662481
from_SLR,conditional_paired,0.5757575757575758,5.323268671866484
from_SLR,conditional_paired,0.5833333333333334,5.306103382522832
from_SLR,conditional_paired,0.5909090909090909,5.261748476350427
from_SLR,conditional_paired,0.5984848484848485,5.214048884422152
from_SLR,conditional_paired,0.6060606060606061,5.239621611021636
from_SLR,conditional_paired,0.6136363636363636,5.214471221587129
from_SLR,conditional_paired,0.6212121212121212,5.24788268183472
from_SLR,conditional_paired,0.6287878787878788,5.232105478128678
from_SLR,conditional_paired,0.6363636363636364,5.188810579607215
from_SLR,conditional_paired,0.6439393939393939,5.150539275102145
from_SLR,conditional_paired,0.6515151515151515,5.142920616180287
from_SLR,conditional_paired,0.6590909090909091,5.093904260852135
from_SLR,conditional_paired,0.6666666666666666,5.102695841594749
from_SLR,conditional_paired,0.6742424242424242,5.076231884472419
from_SLR,conditional_paired,0.6818181818181818,5.08029540991349
from_SLR,conditional_paired,0.6893939393939394,5.131271251343142
from_SLR,conditional_paired,0.696969696969697,5.157821768491797
from_SLR,conditional_paired,0.7045454545454546,5.205995148225035
from_SLR,conditional_paired,0.7121212121212122,5.170554224820772
from_SLR,conditional_paired,0.7196969696969697,5.164986974224684
from_SLR,conditional_paired,0.7272727272727273,5.132683274589677
from_SLR,conditional_paired,0.7348484848484849,5.105860835248195
from_SLR,conditional_paired,0.7424242424242424,5.116917684189093
from_SLR,conditional_paired,0.75,5.082185657574168
from_SLR,conditional_paired,0.7575757575757576,5.088989974059596
from_SLR,conditional_paired,0.7651515151515151,5.08951746059778
from_SLR,conditional_paired,0.7727272727272727,5.072334252995899
from_SLR,conditional_paired,0.7803030303030303,5.054618657184855
from_SLR,conditional_paired,0.7878787878787878,5.044860663137538
from_SLR,conditional_paired,0.7954545454545454,5.106978332796641
from_SLR,conditional_paired,0.803030303030303,5.118396270738867
from_SLR,conditional_paired,0.8106060606060606,5.118884818916435
from_SLR,conditional_paired,0.8181818181818182,5.117574522538085
from_SLR,conditional_paired,0.8257575757575758,5.093129579021795
from_SLR,conditional_paired,0.8333333333333334,5.083903949507666
from_SLR,conditional_paired,0.8409090909090909,5.073088811238281
from_SLR,conditional_paired,0.8484848484848485,5.0713330430022685
from_SLR,conditional_paired,0.8560606060606061,5.058088889288243
from_SLR,conditional_paired,0.8636363636363636,5.056189249039871
from_SLR,conditional_paired,0.8712121212121212,5.047610748554999
from_SLR,conditional_paired,0.8787878787878788,5.048175210321994
from_SLR,conditional_paired,0.8863636363636364,5.078622147191122
from_SLR,conditional_paired,0.8939393939393939,5.079506243587795
from_SLR,conditional_paired,0.9015151515151515,5.102555729244758
from_SLR,conditional_paired,0.9090909090909091,5.103513153521952
from_SLR,conditional_paired,0.9166666666666666,5.1131230869741415
from_SLR,conditional_paired,0.9242424242424242,5.1276498007298095
from_SLR,conditional_paired,0.9318181818181818,5.148415084318176
from_SLR,conditional_paired,0.9393939393939394,5.167786966141847
from_SLR,conditional_paired,0.946969696969697,5.196692727796425
from_SLR,conditional_paired,0.9545454545454546,5.229413272373145
from_SLR,conditional_paired,0.9621212121212122,5.266717138899576
from_SLR,conditional_paired,0.9696969696969697,5.284265888459934
from_SLR,conditional_paired,0.9772727272727273,5.305140959392448
from_SLR,conditional_paired,0.9848484848484849,5.340145146785219
from_SLR,conditional_paired,0.9924242424242424,5.364681500546553
from_SLR,conditional_paired,1.0,5.396558936072183
from_ipod,baseline_raw,0.007575757575757576,7.551262093956602
from_ipod,baseline_raw,0.015151515151515152,8.938915396354533
from_ipod,baseline_raw,0.022727272727272728,7.652410315774471
from_ipod,baseline_raw,0.030303030303030304,6.94691919003612
from_ipod,baseline_raw,0.03787878787878788,5.982593832129041
from_ipod,baseline_raw,0.045454545454545456,6.21853783477471
from_ipod,baseline_raw,0.05303030303030303,6.757375387336947
from_ipod,baseline_raw,0.06060606060606061,6.8496297536599045
from_ipod,baseline_raw,0.06818181818181818,6.384976079542574
from_ipod,baseline_raw,0.07575757575757576,6.868651767525182
from_ipod,baseline_raw,0.08333333333333333,6.646558174032357
from_ipod,baseline_raw,0.09090909090909091,6.561798559502139
from_ipod,baseline_raw,0.09848484848484848,6.391978867833984
from_ipod,baseline_raw,0.10606060606060606,6.270155174065635
from_ipod,baseline_raw,0.11363636363636363,6.168752562194727
from_ipod,baseline_raw,0.12121212121212122,6.040342072247054
from_ipod,baseline_raw,0.12878787878787878,6.035435114055981
from_ipod,baseline_raw,0.13636363636363635,5.864408893265679
from_ipod,baseline_raw,0.14393939393939395,6.075707056855211
from_ipod,baseline_raw,0.15151515151515152,6.066106243462566
from_ipod,baseline_raw,0.1590909090909091,6.285584218203564
from_ipod,baseline_raw,0.16666666666666666,6.259999039986437
from_ipod,baseline_raw,0.17424242424242425,6.206170803962272
from_ipod,baseline_raw,0.18181818181818182,6.198983101104592
from_ipod,baseline_raw,0.1893939393939394,6.091023052001332
from_ipod,baseline_raw,0.19696969696969696,6.04640754555098
from_ipod,baseline_raw,0.20454545454545456,6.007724361265194
from_ipod,baseline_raw,0.21212121212121213,5.978528053393771
from_ipod,baseline_raw,0.2196969696969697,5.9949777100590635
from_ipod,baseline_raw,0.22727272727272727,6.008150826304864
from_ipod,baseline_raw,0.23484848484848486,6.177663469185682
from_ipod,baseline_raw,0.24242424242424243,6.2318658734869805
from_ipod,baseline_raw,0.25,6.257081771522347
from_ipod,baseline_raw,0.25757575757575757,6.238128442444956
from_ipod,baseline_raw,0.26515151515151514,6.201954590466371
from_ipod,baseline_raw,0.2727272727272727,6.185924019275376
from_ipod,baseline_raw,0.2803030303030303,6.254349722287209
from_ipod,baseline_raw,0.2878787878787879,6.224909683136378
from_ipod,baseline_raw,0.29545454545454547,6.305373911351602
from_ipod,baseline_raw,0.30303030303030304,6.204475492800032
from_ipod,baseline_raw,0.3106060606060606,6.187319949641893
from_ipod,baseline_raw,0.3181818181818182,6.250103023744283
from_ipod,baseline_raw,0.32575757575757575,6.2245822802823545
from_ipod,baseline_raw,0.3333333333333333,6.220780748913768
from_ipod,baseline_raw,0.3409090909090909,6.210420785522497
from_ipod,baseline_raw,0.3484848484848485,6.196511394360912
from_ipod,baseline_raw,0.3560606060606061,6.167484013557579
from_ipod,baseline_raw,0.36363636363636365,6.178678389069951
from_ipod,baseline_raw,0.3712121212121212,6.232137526221915
from_ipod,baseline_raw,0.3787878787878788,6.221790512996996
from_ipod,baseline_raw,0.38636363636363635,6.15617602770524
from_ipod,baseline_raw,0.3939393939393939,6.116127998111414
from_ipod,baseline_raw,0.4015151515151515,6.222805038181176
from_ipod,baseline_raw,0.4090909090909091,6.255905971981364
from_ipod,baseline_raw,0.4166666666666667,6.250565281596818
from_ipod,baseline_raw,0.42424242424242425,6.347488765515632
from_ipod,baseline_raw,0.4318181818181818,6.388704852761528
from_ipod,baseline_raw,0.4393939393939394,6.510035059000233
from_ipod,baseline_raw,0.44696969696969696,6.577896820383728
from_ipod,baseline_raw,0.45454545454545453,6.6019012750423824
from_ipod,baseline_raw,0.4621212121212121,6.600095361647855
from_ipod,baseline_raw,0.4696969696969697,6.585392389026477
from_ipod,baseline_raw,0.4772727272727273,6.568262518819587
from_ipod,baseline_raw,0.48484848484848486,6.55597727766229
from_ipod,baseline_raw,0.49242424242424243,6.540482645503887
from_ipod,baseline_raw,0.5,6.502542964746612
from_ipod,baseline_raw,0.5075757575757576,6.454283988146398
from_ipod,baseline_raw,0.5151515151515151,6.458348206665803
from_ipod,baseline_raw,0.5227272727272727,6.501838233297008
from_ipod,baseline_raw,0.5303030303030303,6.479429405115771
from_ipod,baseline_raw,0.5378787878787878,6.491120827753314
from_ipod,baseline_raw,0.5454545454545454,6.552834739597806
from_ipod,baseline_raw,0.553030303030303,6.505903572514041
from_ipod,baseline_raw,0.5606060606060606,6.5047686962535565
from_ipod,baseline_raw,0.5681818181818182,6.54836692675709
from_ipod,baseline_raw,0.5757575757575758,6.510753947909039
from_ipod,baseline_raw,0.5833333333333334,6.456487855569551
from_ipod,baseline_raw,0.5909090909090909,6.467778869959506
from_ipod,baseline_raw,0.5984848484848485,6.4464893408947335
from_ipod,baseline_raw,0.6060606060606061,6.4233535791696985
from_ipod,baseline_raw,0.6136363636363636,6.420541078365289
from_ipod,baseline_raw,0.6212121212121212,6.400151973615706
from_ipod,baseline_raw,0.6287878787878788,6.394710500767957
from_ipod,baseline_raw,0.6363636363636364,6.38361080206666
from_ipod,baseline_raw,0.6439393939393939,6.338951878905971
from_ipod,baseline_raw,0.6515151515151515,6.351384317425011
from_ipod,baseline_raw,0.6590909090909091,6.357648556368368
from_ipod,baseline_raw,0.6666666666666666,6.366299506453246
from_ipod,baseline_raw,0.6742424242424242,6.355505099421017
from_ipod,baseline_raw,0.6818181818181818,6.341087076092262
from_ipod,baseline_raw,0.6893939393939394,6.3318292244770165
from_ipod,baseline_raw,0.696969696969697,6.321521365097191
from_ipod,baseline_raw,0.7045454545454546,6.312435897162356
from_ipod,baseline_raw,0.7121212121212122,6.294744611634671
from_ipod,baseline_raw,0.7196969696969697,6.284253493578692
from_ipod,baseline_raw,0.7272727272727273,6.286798547248336
from_ipod,baseline_raw,0.7348484848484849,6.323056971863004
from_ipod,baseline_raw,0.7424242424242424,6.30163560940371
from_ipod,baseline_raw,0.75,6.279586627675189
from_ipod,baseline_raw,0.7575757575757576,6.283595174854443
from_ipod,baseline_raw,0.7651515151515151,6.270521923277351
from_ipod,baseline_raw,0.7727272727272727,6.25494698416481
from_ipod,baseline_raw,0.7803030303030303,6.251536774048297
from_ipod,baseline_raw,0.7878787878787878,6.236945745258731
from_ipod,baseline_raw,0.7954545454545454,6.220671719245981
from_ipod,baseline_raw,0.803030303030303,6.197002737165346
from_ipod,baseline_raw,0.8106060606060606,6.201945278819913
from_ipod,baseline_raw,0.8181818181818182,6.21666598960082
from_ipod,baseline_raw,0.8257575757575758,6.208421744627249
from_ipod,baseline_raw,0.8333333333333334,6.180027418047767
from_ipod,baseline_raw,0.8409090909090909,6.162835760165748
from_ipod,baseline_raw,0.8484848484848485,6.14501429404577
from_ipod,baseline_raw,0.8560606060606061,6.1566875603011555
from_ipod,baseline_raw,0.8636363636363636,6.156417232114108
from_ipod,baseline_raw,0.8712121212121212,6.1367525940931245
from_ipod,baseline_raw,0.8787878787878788,6.14464800141516
from_ipod,baseline_raw,0.8863636363636364,6.13369359977672
from_ipod,baseline_raw,0.8939393939393939,6.153962706963479
from_ipod,baseline_raw,0.9015151515151515,6.151291921493141
from_ipod,baseline_raw,0.9090909090909091,6.1236467948691775
from_ipod,baseline_raw,0.9166666666666666,6.111451329100309
from_ipod,baseline_raw,0.9242424242424242,6.092140358357523
from_ipod,baseline_raw,0.9318181818181818,6.067674893759869
from_ipod,baseline_raw,0.9393939393939394,6.0491929231229
from_ipod,baseline_raw,0.946969696969697,6.043183800618832
from_ipod,baseline_raw,0.9545454545454546,6.024210169602121
from_ipod,baseline_raw,0.9621212121212122,6.046904584119216
from_ipod,baseline_raw,0.9696969696969697,6.022205556536059
from_ipod,baseline_raw,0.9772727272727273,6.007657996436268
from_ipod,baseline_raw,0.9848484848484849,5.990431386478792
from_ipod,baseline_raw,0.9924242424242424,5.976123669605635
from_ipod,baseline_raw,1.0,5.963468417734144
from_ipod,baseline_paired,0.007575757575757576,7.2595901776188265
from_ipod,baseline_paired,0.015151515151515152,8.784999353843515
from_ipod,baseline_paired,0.022727272727272728,7.583899935618309
from_ipod,baseline_paired,0.030303030303030304,6.736037899038675
from_ipod,baseline_paired,0.03787878787878788,5.842270064482286
from_ipod,baseline_paired,0.045454545454545456,6.060756599864625
from_ipod,baseline_paired,0.05303030303030303,6.468419321665645
from_ipod,baseline_paired,0.06060606060606061,6.524201372176049
from_ipod,baseline_paired,0.06818181818181818,6.105402343785687
from_ipod,baseline_paired,0.07575757575757576,6.505856870456268
from_ipod,baseline_paired,0.08333333333333333,6.325925982579491
from_ipod,baseline_paired,0.09090909090909091,6.240394992930927
from_ipod,baseline_paired,0.09848484848484848,6.107267722189068
from_ipod,baseline_paired,0.10606060606060606,5.964540774328039
from_ipod,baseline_paired,0.11363636363636363,5.859132348723318
from_ipod,baseline_paired,0.12121212121212122,5.683477962025545
from_ipod,baseline_paired,0.12878787878787878,5.691024760088105
from_ipod,baseline_paired,0.13636363636363635,5.494904611742963
from_ipod,baseline_paired,0.14393939393939395,5.641023157853852
from_ipod,baseline_paired,0.15151515151515152,5.599996321580363
from_ipod,baseline_paired,0.1590909090909091,5.823823979066446
from_ipod,baseline_paired,0.16666666666666666,5.8096290097038095
from_ipod,baseline_paired,0.17424242424242425,5.738538837445003
from_ipod,baseline_paired,0.18181818181818182,5.740261418037012
from_ipod,baseline_paired,0.1893939393939394,5.654933832449519
from_ipod,baseline_paired,0.19696969696969696,5.581222850559294
from_ipod,baseline_paired,0.20454545454545456,5.538138727643033
from_ipod,baseline_paired,0.21212121212121213,5.522627954254362
from_ipod,baseline_paired,0.2196969696969697,5.560235661872048
from_ipod,baseline_paired,0.22727272727272727,5.572072931583674
from_ipod,baseline_paired,0.23484848484848486,5.7829238197837425
from_ipod,baseline_paired,0.24242424242424243,5.813365008276418
from_ipod,baseline_paired,0.25,5.844254787013148
from_ipod,baseline_paired,0.25757575757575757,5.829769614194369
from_ipod,baseline_paired,0.26515151515151514,5.797298500490378
from_ipod,baseline_paired,0.2727272727272727,5.800301432601731
from_ipod,baseline_paired,0.2803030303030303,5.8851665693756665
from_ipod,baseline_paired,0.2878787878787879,5.860006007193651
from_ipod,baseline_paired,0.29545454545454547,5.933572064215262
from_ipod,baseline_paired,0.30303030303030304,5.8298441613842655
from_ipod,baseline_paired,0.3106060606060606,5.84166276754357
from_ipod,baseline_paired,0.3181818181818182,5.95203031839387
from_ipod,baseline_paired,0.32575757575757575,5.935011720739932
from_ipod,baseline_paired,0.3333333333333333,5.914313248724308
from_ipod,baseline_paired,0.3409090909090909,5.8863089388550565
from_ipod,baseline_paired,0.3484848484848485,5.8718512150142645
from_ipod,baseline_paired,0.3560606060606061,5.838893317427737
from_ipod,baseline_paired,0.36363636363636365,5.865871580896431
from_ipod,baseline_paired,0.3712121212121212,5.903751584705758
from_ipod,baseline_paired,0.3787878787878788,5.89581709879782
from_ipod,baseline_paired,0.38636363636363635,5.8179895382637
from_ipod,baseline_paired,0.3939393939393939,5.783914409164539
from_ipod,baseline_paired,0.4015151515151515,5.892405973073038
from_ipod,baseline_paired,0.4090909090909091,5.927940960577483
from_ipod,baseline_paired,0.4166666666666667,5.925903902835067
from_ipod,baseline_paired,0.42424242424242425,6.0222963497629864
from_ipod,baseline_paired,0.4318181818181818,6.040641968766483
from_ipod,baseline_paired,0.4393939393939394,6.156777770943676
from_ipod,baseline_paired,0.44696969696969696,6.215758311409165
from_ipod,baseline_paired,0.45454545454545453,6.292038838244888
from_ipod,baseline_paired,0.4621212121212121,6.291560576938676
from_ipod,baseline_paired,0.4696969696969697,6.267319313186047
from_ipod,baseline_paired,0.4772727272727273,6.251573489271995
from_ipod,baseline_paired,0.48484848484848486,6.266036012933067
from_ipod,baseline_paired,0.49242424242424243,6.254338845653611
from_ipod,baseline_paired,0.5,6.230441576400242
from_ipod,baseline_paired,0.5075757575757576,6.176422229340308
from_ipod,baseline_paired,0.5151515151515151,6.174926494803184
from_ipod,baseline_paired,0.5227272727272727,6.2063562624600435
from_ipod,baseline_paired,0.5303030303030303,6.178840192238229
from_ipod,baseline_paired,0.5378787878787878,6.210814023599547
from_ipod,baseline_paired,0.5454545454545454,6.262465198280892
from_ipod,baseline_paired,0.553030303030303,6.222034690502004
from_ipod,baseline_paired,0.5606060606060606,6.2198068861487
from_ipod,baseline_paired,0.5681818181818182,6.262989824143484
from_ipod,baseline_paired,0.5757575757575758,6.220177719823053
from_ipod,baseline_paired,0.5833333333333334,6.170476262465304
from_ipod,baseline_paired,0.5909090909090909,6.173220082401099
from_ipod,baseline_paired,0.5984848484848485,6.156714345465239
from_ipod,baseline_paired,0.6060606060606061,6.125388030319409
from_ipod,baseline_paired,0.6136363636363636,6.1279598059104865
from_ipod,baseline_paired,0.6212121212121212,6.1092737280187555
from_ipod,baseline_paired,0.6287878787878788,6.1085993955022735
from_ipod,baseline_paired,0.6363636363636364,6.101546303711888
from_ipod,baseline_paired,0.6439393939393939,6.06971078415463
from_ipod,baseline_paired,0.6515151515151515,6.090187899104065
from_ipod,baseline_paired,0.6590909090909091,6.107443002827428
from_ipod,baseline_paired,0.6666666666666666,6.112408357856027
from_ipod,baseline_paired,0.6742424242424242,6.096329732967554
from_ipod,baseline_paired,0.6818181818181818,6.089435607530284
from_ipod,baseline_paired,0.6893939393939394,6.084694794777441
from_ipod,baseline_paired,0.696969696969697,6.074173450140322
from_ipod,baseline_paired,0.7045454545454546,6.069780703911952
from_ipod,baseline_paired,0.7121212121212122,6.05521120169372
from_ipod,baseline_paired,0.7196969696969697,6.051783098542594
from_ipod,baseline_paired,0.7272727272727273,6.05915130774789
from_ipod,baseline_paired,0.7348484848484849,6.094131716388337
from_ipod,baseline_paired,0.7424242424242424,6.077550310543355
from_ipod,baseline_paired,0.75,6.0608844025072655
from_ipod,baseline_paired,0.7575757575757576,6.072787033843038
from_ipod,baseline_paired,0.7651515151515151,6.062596269753912
from_ipod,baseline_paired,0.7727272727272727,6.050872221280231
from_ipod,baseline_paired,0.7803030303030303,6.047476339136587
from_ipod,baseline_paired,0.7878787878787878,6.038837612631597
from_ipod,baseline_paired,0.7954545454545454,6.029180362779634
from_ipod,baseline_paired,0.803030303030303,6.012126742024191
from_ipod,baseline_paired,0.8106060606060606,6.020792308079959
from_ipod,baseline_paired,0.8181818181818182,6.042300150465308
from_ipod,baseline_paired,0.8257575757575758,6.0388402146547095
from_ipod,baseline_paired,0.8333333333333334,6.020323441669302
from_ipod,baseline_paired,0.8409090909090909,6.013114827191223
from_ipod,baseline_paired,0.8484848484848485,6.007982231174217
from_ipod,baseline_paired,0.8560606060606061,6.027267541432657
from_ipod,baseline_paired,0.8636363636363636,6.035214011937903
from_ipod,baseline_paired,0.8712121212121212,6.019229713278192
from_ipod,baseline_paired,0.8787878787878788,6.034763173702937
from_ipod,baseline_paired,0.8863636363636364,6.033875218548828
from_ipod,baseline_paired,0.8939393939393939,6.068251752376388
from_ipod,baseline_paired,0.9015151515151515,6.070519106134479
from_ipod,baseline_paired,0.9090909090909091,6.050298193798245
from_ipod,baseline_paired,0.9166666666666666,6.041197756560048
from_ipod,baseline_paired,0.9242424242424242,6.028586184391595
from_ipod,baseline_paired,0.9318181818181818,6.009692795320262
from_ipod,baseline_paired,0.9393939393939394,5.999984675429171
from_ipod,baseline_paired,0.946969696969697,5.99783194700873
from_ipod,baseline_paired,0.9545454545454546,5.98051964454736
from_ipod,baseline_paired,0.9621212121212122,6.011984144690438
from_ipod,baseline_paired,0.9696969696969697,5.989456817987907
from_ipod,baseline_paired,0.9772727272727273,5.986966794767365
from_ipod,baseline_paired,0.9848484848484849,5.977632339214172
from_ipod,baseline_paired,0.9924242424242424,5.96420751436602
from_ipod,baseline_paired,1.0,5.952000029668326
from_ipod,plain_raw,0.007575757575757576,6.33214049405576
from_ipod,plain_raw,0.015151515151515152,7.776532498036185
from_ipod,plain_raw,0.022727272727272728,6.545654417416045
from_ipod,plain_raw,0.030303030303030304,5.883298103321223
from_ipod,plain_raw,0.03787878787878788,5.212768359311787
from_ipod,plain_raw,0.045454545454545456,5.540280387760276
from_ipod,plain_raw,0.05303030303030303,5.977778905599293
from_ipod,plain_raw,0.06060606060606061,6.041290080467171
from_ipod,plain_raw,0.06818181818181818,5.701142551865601
from_ipod,plain_raw,0.07575757575757576,6.057926097695883
from_ipod,plain_raw,0.08333333333333333,5.932118950845788
from_ipod,plain_raw,0.09090909090909091,5.866182166956873
from_ipod,plain_raw,0.09848484848484848,5.709189844992341
from_ipod,plain_raw,0.10606060606060606,5.551081369624849
from_ipod,plain_raw,0.11363636363636363,5.458110100790485
from_ipod,plain_raw,0.12121212121212122,5.325978197891108
from_ipod,plain_raw,0.12878787878787878,5.341566112708193
from_ipod,plain_raw,0.13636363636363635,5.106048913192655
from_ipod,plain_raw,0.14393939393939395,5.2595458713230805
from_ipod,plain_raw,0.15151515151515152,5.242725742372127
from_ipod,plain_raw,0.1590909090909091,5.421534019930629
from_ipod,plain_raw,0.16666666666666666,5.4066764427407525
from_ipod,plain_raw,0.17424242424242425,5.3271770257442475
from_ipod,plain_raw,0.18181818181818182,5.345886512987787
from_ipod,plain_raw,0.1893939393939394,5.271019376620167
from_ipod,plain_raw,0.19696969696969696,5.1719855608521215
from_ipod,plain_raw,0.20454545454545456,5.168363306120294
from_ipod,plain_raw,0.21212121212121213,5.163831437075172
from_ipod,plain_raw,0.2196969696969697,5.192959482207957
from_ipod,plain_raw,0.22727272727272727,5.216316370710387
from_ipod,plain_raw,0.23484848484848486,5.405588012172561
from_ipod,plain_raw,0.24242424242424243,5.423780477649726
from_ipod,plain_raw,0.25,5.458009504937472
from_ipod,plain_raw,0.25757575757575757,5.439195988262358
from_ipod,plain_raw,0.26515151515151514,5.43082009193553
from_ipod,plain_raw,0.2727272727272727,5.426881628772761
from_ipod,plain_raw,0.2803030303030303,5.517339585341708
from_ipod,plain_raw,0.2878787878787879,5.491348177922435
from_ipod,plain_raw,0.29545454545454547,5.550476815314578
from_ipod,plain_raw,0.30303030303030304,5.457686634998351
from_ipod,plain_raw,0.3106060606060606,5.48605810311592
from_ipod,plain_raw,0.3181818181818182,5.537154695618462
from_ipod,plain_raw,0.32575757575757575,5.52189288969272
from_ipod,plain_raw,0.3333333333333333,5.539173579133764
from_ipod,plain_raw,0.3409090909090909,5.500711213247446
from_ipod,plain_raw,0.3484848484848485,5.483411496967741
from_ipod,plain_raw,0.3560606060606061,5.43632580999019
from_ipod,plain_raw,0.36363636363636365,5.45861704870822
from_ipod,plain_raw,0.3712121212121212,5.491834614119138
from_ipod,plain_raw,0.3787878787878788,5.479944772687873
from_ipod,plain_raw,0.38636363636363635,5.42614693658285
from_ipod,plain_raw,0.3939393939393939,5.392649783783745
from_ipod,plain_raw,0.4015151515151515,5.490536936971647
from_ipod,plain_raw,0.4090909090909091,5.525409274563977
from_ipod,plain_raw,0.4166666666666667,5.526297029537004
from_ipod,plain_raw,0.42424242424242425,5.607042244792176
from_ipod,plain_raw,0.4318181818181818,5.63056293589186
from_ipod,plain_raw,0.4393939393939394,5.736182722491134
from_ipod,plain_raw,0.44696969696969696,5.789024831550012
from_ipod,plain_raw,0.45454545454545453,5.817867378673674
from_ipod,plain_raw,0.4621212121212121,5.838118158331123
from_ipod,plain_raw,0.4696969696969697,5.809202101340234
from_ipod,plain_raw,0.4772727272727273,5.808751897270551
from_ipod,plain_raw,0.48484848484848486,5.824896256255518
from_ipod,plain_raw,0.49242424242424243,5.843914167697744
from_ipod,plain_raw,0.5,5.82015521593197
from_ipod,plain_raw,0.5075757575757576,5.782117945634927
from_ipod,plain_raw,0.5151515151515151,5.781497111591544
from_ipod,plain_raw,0.5227272727272727,5.822026615984168
from_ipod,plain_raw,0.5303030303030303,5.7927667784021155
from_ipod,plain_raw,0.5378787878787878,5.819424523013363
from_ipod,plain_raw,0.5454545454545454,5.873063737848618
from_ipod,plain_raw,0.553030303030303,5.844649021163704
from_ipod,plain_raw,0.5606060606060606,5.861330860073473
from_ipod,plain_raw,0.5681818181818182,5.916946458799649
from_ipod,plain_raw,0.5757575757575758,5.868161152530998
from_ipod,plain_raw,0.5833333333333334,5.816548477994797
from_ipod,plain_raw,0.5909090909090909,5.833659642628422
from_ipod,plain_raw,0.5984848484848485,5.837157615499602
from_ipod,plain_raw,0.6060606060606061,5.817353112552297
from_ipod,plain_raw,0.6136363636363636,5.823629456098668
from_ipod,plain_raw,0.6212121212121212,5.812484430072964
from_ipod,plain_raw,0.6287878787878788,5.830226476619735
from_ipod,plain_raw,0.6363636363636364,5.836859706237196
from_ipod,plain_raw,0.6439393939393939,5.8327753891450955
from_ipod,plain_raw,0.6515151515151515,5.854533242775861
from_ipod,plain_raw,0.6590909090909091,5.862808626879591
from_ipod,plain_raw,0.6666666666666666,5.875042974372441
from_ipod,plain_raw,0.6742424242424242,5.870316466233363
from_ipod,plain_raw,0.6818181818181818,5.856789947692953
from_ipod,plain_raw,0.6893939393939394,5.866931139268034
from_ipod,plain_raw,0.696969696969697,5.8784930059961775
from_ipod,plain_raw,0.7045454545454546,5.86777989823812
from_ipod,plain_raw,0.7121212121212122,5.851300120836586
from_ipod,plain_raw,0.7196969696969697,5.8650333136863635
from_ipod,plain_raw,0.7272727272727273,5.8709874231903
from_ipod,plain_raw,0.7348484848484849,5.925028983073243
from_ipod,plain_raw,0.7424242424242424,5.924643251410622
from_ipod,plain_raw,0.75,5.902112511812473
from_ipod,plain_raw,0.7575757575757576,5.906464100432568
from_ipod,plain_raw,0.7651515151515151,5.891016261232618
from_ipod,plain_raw,0.7727272727272727,5.873373621529713
from_ipod,plain_raw,0.7803030303030303,5.874269791555085
from_ipod,plain_raw,0.7878787878787878,5.861473148189705
from_ipod,plain_raw,0.7954545454545454,5.87241375632535
from_ipod,plain_raw,0.803030303030303,5.838172607019588
from_ipod,plain_raw,0.8106060606060606,5.845660820982215
from_ipod,plain_raw,0.8181818181818182,5.865473670519621
from_ipod,plain_raw,0.8257575757575758,5.8582409990902375
from_ipod,plain_raw,0.8333333333333334,5.826319450996185
from_ipod,plain_raw,0.8409090909090909,5.8036024054695785
from_ipod,plain_raw,0.8484848484848485,5.771136571054858
from_ipod,plain_raw,0.8560606060606061,5.78274704894434
from_ipod,plain_raw,0.8636363636363636,5.775808380963345
from_ipod,plain_raw,0.8712121212121212,5.7436879183733085
from_ipod,plain_raw,0.8787878787878788,5.753583405453959
from_ipod,plain_raw,0.8863636363636364,5.744505413051293
from_ipod,plain_raw,0.8939393939393939,5.752552135965217
from_ipod,plain_raw,0.9015151515151515,5.746114421931484
from_ipod,plain_raw,0.9090909090909091,5.716894458348299
from_ipod,plain_raw,0.9166666666666666,5.696714463984056
from_ipod,plain_raw,0.9242424242424242,5.671290767883111
from_ipod,plain_raw,0.9318181818181818,5.63852450713119
from_ipod,plain_raw,0.9393939393939394,5.619108789955567
from_ipod,plain_raw,0.946969696969697,5.600019602047614
from_ipod,plain_raw,0.9545454545454546,5.576656167551849
from_ipod,plain_raw,0.9621212121212122,5.59507072523276
from_ipod,plain_raw,0.9696969696969697,5.578520966422179
from_ipod,plain_raw,0.9772727272727273,5.564148966377509
from_ipod,plain_raw,0.9848484848484849,5.540913778313009
from_ipod,plain_raw,0.9924242424242424,5.527236102463978
from_ipod,plain_raw,1.0,5.508738650951723
from_ipod,plain_paired,0.007575757575757576,5.858487997544213
from_ipod,plain_paired,0.015151515151515152,7.444412098859533
from_ipod,plain_paired,0.022727272727272728,6.183605329419062
from_ipod,plain_paired,0.030303030303030304,5.615441393047864
from_ipod,plain_paired,0.03787878787878788,4.982367443584362
from_ipod,plain_paired,0.045454545454545456,5.318475696455791
from_ipod,plain_paired,0.05303030303030303,5.743659398063261
from_ipod,plain_paired,0.06060606060606061,5.819029605950026
from_ipod,plain_paired,0.06818181818181818,5.472313501594745
from_ipod,plain_paired,0.07575757575757576,5.86597255677307
from_ipod,plain_paired,0.08333333333333333,5.726190195664724
from_ipod,plain_paired,0.09090909090909091,5.6114567950728285
from_ipod,plain_paired,0.09848484848484848,5.430640334036943
from_ipod,plain_paired,0.10606060606060606,5.273529223378113
from_ipod,plain_paired,0.11363636363636363,5.176291158211618
from_ipod,plain_paired,0.12121212121212122,5.013215946181568
from_ipod,plain_paired,0.12878787878787878,5.032819162218273
from_ipod,plain_paired,0.13636363636363635,4.817452629870602
from_ipod,plain_paired,0.14393939393939395,4.971557680673477
from_ipod,plain_paired,0.15151515151515152,4.959707907818054
from_ipod,plain_paired,0.1590909090909091,5.14123531332156
from_ipod,plain_paired,0.16666666666666666,5.153455907100796
from_ipod,plain_paired,0.17424242424242425,5.074219091011959
from_ipod,plain_paired,0.18181818181818182,5.073405794739336
from_ipod,plain_paired,0.1893939393939394,4.989074016326771
from_ipod,plain_paired,0.19696969696969696,4.8827762061581135
from_ipod,plain_paired,0.20454545454545456,4.8639748243116125
from_ipod,plain_paired,0.21212121212121213,4.859013813957899
from_ipod,plain_paired,0.2196969696969697,4.881132084109157
from_ipod,plain_paired,0.22727272727272727,4.891302609033864
from_ipod,plain_paired,0.23484848484848486,5.115864529960738
from_ipod,plain_paired,0.24242424242424243,5.1374244678288585
from_ipod,plain_paired,0.25,5.16141057030779
from_ipod,plain_paired,0.25757575757575757,5.159778187116949
from_ipod,plain_paired,0.26515151515151514,5.141194837449845
from_ipod,plain_paired,0.2727272727272727,5.136747483271111
from_ipod,plain_paired,0.2803030303030303,5.228608426710072
from_ipod,plain_paired,0.2878787878787879,5.2169486720473275
from_ipod,plain_paired,0.29545454545454547,5.290349501639441
from_ipod,plain_paired,0.30303030303030304,5.19888951802461
from_ipod,plain_paired,0.3106060606060606,5.233373227198541
from_ipod,plain_paired,0.3181818181818182,5.293469752836299
from_ipod,plain_paired,0.32575757575757575,5.269663692004045
from_ipod,plain_paired,0.3333333333333333,5.271156631308866
from_ipod,plain_paired,0.3409090909090909,5.23356853035142
from_ipod,plain_paired,0.3484848484848485,5.223461339087105
from_ipod,plain_paired,0.3560606060606061,5.1812905874123665
from_ipod,plain_paired,0.36363636363636365,5.199540183244637
from_ipod,plain_paired,0.3712121212121212,5.239997403057946
from_ipod,plain_paired,0.3787878787878788,5.230308721318644
from_ipod,plain_paired,0.38636363636363635,5.167242202745426
from_ipod,plain_paired,0.3939393939393939,5.134863517077624
from_ipod,plain_paired,0.4015151515151515,5.241650849497193
from_ipod,plain_paired,0.4090909090909091,5.270632152455081
from_ipod,plain_paired,0.4166666666666667,5.274547393142463
from_ipod,plain_paired,0.42424242424242425,5.361327769314609
from_ipod,plain_paired,0.4318181818181818,5.382960339472036
from_ipod,plain_paired,0.4393939393939394,5.489847700585916
from_ipod,plain_paired,0.44696969696969696,5.5508607747826915
from_ipod,plain_paired,0.45454545454545453,5.601773105472289
from_ipod,plain_paired,0.4621212121212121,5.616216221863063
from_ipod,plain_paired,0.4696969696969697,5.585994459603367
from_ipod,plain_paired,0.4772727272727273,5.580336394214773
from_ipod,plain_paired,0.48484848484848486,5.605299756156401
from_ipod,plain_paired,0.49242424242424243,5.6193949251770965
from_ipod,plain_paired,0.5,5.59390111351183
from_ipod,plain_paired,0.5075757575757576,5.545910008259514
from_ipod,plain_paired,0.5151515151515151,5.548140366114988
from_ipod,plain_paired,0.5227272727272727,5.588271491520111
from_ipod,plain_paired,0.5303030303030303,5.564543092296624
from_ipod,plain_paired,0.5378787878787878,5.602878288887918
from_ipod,plain_paired,0.5454545454545454,5.661096358246065
from_ipod,plain_paired,0.553030303030303,5.625054492459714
from_ipod,plain_paired,0.5606060606060606,5.635141031381114
from_ipod,plain_paired,0.5681818181818182,5.686730450163069
from_ipod,plain_paired,0.5757575757575758,5.641550161224671
from_ipod,plain_paired,0.5833333333333334,5.593186576915248
from_ipod,plain_paired,0.5909090909090909,5.6086713639044
from_ipod,plain_paired,0.5984848484848485,5.612393747733456
from_ipod,plain_paired,0.6060606060606061,5.588341720232921
from_ipod,plain_paired,0.6136363636363636,5.596847758662586
from_ipod,plain_paired,0.6212121212121212,5.578951315387601
from_ipod,plain_paired,0.6287878787878788,5.595556564094369
from_ipod,plain_paired,0.6363636363636364,5.600043938521465
from_ipod,plain_paired,0.6439393939393939,5.5979853235123445
from_ipod,plain_paired,0.6515151515151515,5.62360623878142
from_ipod,plain_paired,0.6590909090909091,5.632981107826993
from_ipod,plain_paired,0.6666666666666666,5.643800736800514
from_ipod,plain_paired,0.6742424242424242,5.632987527769973
from_ipod,plain_paired,0.6818181818181818,5.622074265170821
from_ipod,plain_paired,0.6893939393939394,5.63055955736517
from_ipod,plain_paired,0.696969696969697,5.641438534083996
from_ipod,plain_paired,0.7045454545454546,5.631575894383192
from_ipod,plain_paired,0.7121212121212122,5.615963671060239
from_ipod,plain_paired,0.7196969696969697,5.629791647301811
from_ipod,plain_paired,0.7272727272727273,5.6372040979755935
from_ipod,plain_paired,0.7348484848484849,5.6886235237446074
from_ipod,plain_paired,0.7424242424242424,5.68493490340884
from_ipod,plain_paired,0.75,5.663535784508279
from_ipod,plain_paired,0.7575757575757576,5.669439040531287
from_ipod,plain_paired,0.7651515151515151,5.654774215025846
from_ipod,plain_paired,0.7727272727272727,5.638617316489879
from_ipod,plain_paired,0.7803030303030303,5.637242365152609
from_ipod,plain_paired,0.7878787878787878,5.626792098532165
from_ipod,plain_paired,0.7954545454545454,5.633797276257805
from_ipod,plain_paired,0.803030303030303,5.599930149019159
from_ipod,plain_paired,0.8106060606060606,5.60897493480557
from_ipod,plain_paired,0.8181818181818182,5.63001473820166
from_ipod,plain_paired,0.8257575757575758,5.6243782843853865
from_ipod,plain_paired,0.8333333333333334,5.591821806887528
from_ipod,plain_paired,0.8409090909090909,5.571018471957714
from_ipod,plain_paired,0.8484848484848485,5.540711408346346
from_ipod,plain_paired,0.8560606060606061,5.553273874532265
from_ipod,plain_paired,0.8636363636363636,5.547454575180656
from_ipod,plain_paired,0.8712121212121212,5.51698918292474
from_ipod,plain_paired,0.8787878787878788,5.52736278833557
from_ipod,plain_paired,0.8863636363636364,5.519946668301397
from_ipod,plain_paired,0.8939393939393939,5.532084356695637
from_ipod,plain_paired,0.9015151515151515,5.526814240248659
from_ipod,plain_paired,0.9090909090909091,5.499999066422746
from_ipod,plain_paired,0.9166666666666666,5.481001390215066
from_ipod,plain_paired,0.9242424242424242,5.457083394664554
from_ipod,plain_paired,0.9318181818181818,5.426040946254367
from_ipod,plain_paired,0.9393939393939394,5.406700476249785
from_ipod,plain_paired,0.946969696969697,5.388722071545936
from_ipod,plain_paired,0.9545454545454546,5.36713466582549
from_ipod,plain_paired,0.9621212121212122,5.3852838520942
from_ipod,plain_paired,0.9696969696969697,5.368358322093804
from_ipod,plain_paired,0.9772727272727273,5.355540692555287
from_ipod,plain_paired,0.9848484848484849,5.334476367333127
from_ipod,plain_paired,0.9924242424242424,5.322643327620443
from_ipod,plain_paired,1.0,5.304694839944826
from_ipod,uniform_anchor_raw,0.007575757575757576,8.646401612017442
from_ipod,uniform_anchor_raw,0.015151515151515152,9.768309264224593
from_ipod,uniform_anchor_raw,0.022727272727272728,8.472391638593779
from_ipod,uniform_anchor_raw,0.030303030303030304,7.645488117961406
from_ipod,uniform_anchor_raw,0.03787878787878788,6.698708923703507
from_ipod,uniform_anchor_raw,0.045454545454545456,7.052035918821605
from_ipod,uniform_anchor_raw,0.05303030303030303,7.390056689035056
from_ipod,uniform_anchor_raw,0.06060606060606061,7.3751497660311465
from_ipod,uniform_anchor_raw,0.06818181818181818,6.9140125500588745
from_ipod,uniform_anchor_raw,0.07575757575757576,7.273202616467382
from_ipod,uniform_anchor_raw,0.08333333333333333,7.179132989920499
from_ipod,uniform_anchor_raw,0.09090909090909091,7.173544036727037
from_ipod,uniform_anchor_raw,0.09848484848484848,7.036084032045231
from_ipod,uniform_anchor_raw,0.10606060606060606,6.915838595199907
from_ipod,uniform_anchor_raw,0.11363636363636363,6.764873084172628
from_ipod,uniform_anchor_raw,0.12121212121212122,6.5854044286095546
from_ipod,uniform_anchor_raw,0.12878787878787878,6.596808327862174
from_ipod,uniform_anchor_raw,0.13636363636363635,6.393182542964298
from_ipod,uniform_anchor_raw,0.14393939393939395,6.5419674867008775
from_ipod,uniform_anchor_raw,0.15151515151515152,6.489900245644976
from_ipod,uniform_anchor_raw,0.1590909090909091,6.703403708295441
from_ipod,uniform_anchor_raw,0.16666666666666666,6.689614756654842
from_ipod,uniform_anchor_raw,0.17424242424242425,6.609822386342159
from_ipod,uniform_anchor_raw,0.18181818181818182,6.665492071137234
from_ipod,uniform_anchor_raw,0.1893939393939394,6.615886543914638
from_ipod,uniform_anchor_raw,0.19696969696969696,6.56213408933106
from_ipod,uniform_anchor_raw,0.20454545454545456,6.57528001445039
from_ipod,uniform_anchor_raw,0.21212121212121213,6.582236772730376
from_ipod,uniform_anchor_raw,0.2196969696969697,6.627670188413091
from_ipod,uniform_anchor_raw,0.22727272727272727,6.683033818655038
from_ipod,uniform_anchor_raw,0.23484848484848486,6.832210244614873
from_ipod,uniform_anchor_raw,0.24242424242424243,6.8452985692157355
from_ipod,uniform_anchor_raw,0.25,6.921274661933648
from_ipod,uniform_anchor_raw,0.25757575757575757,6.8920518031573765
from_ipod,uniform_anchor_raw,0.26515151515151514,6.894819463455744
from_ipod,uniform_anchor_raw,0.2727272727272727,6.896909415082345
from_ipod,uniform_anchor_raw,0.2803030303030303,6.998902473135008
from_ipod,uniform_anchor_raw,0.2878787878787879,6.966307465253043
from_ipod,uniform_anchor_raw,0.29545454545454547,7.019314458281891
from_ipod,uniform_anchor_raw,0.30303030303030304,6.9073522694176175
from_ipod,uniform_anchor_raw,0.3106060606060606,6.888365429641971
from_ipod,uniform_anchor_raw,0.3181818181818182,6.857706264007007
from_ipod,uniform_anchor_raw,0.32575757575757575,6.861883970641415
from_ipod,uniform_anchor_raw,0.3333333333333333,6.881965250151665
from_ipod,uniform_anchor_raw,0.3409090909090909,6.844671094499845
from_ipod,uniform_anchor_raw,0.3484848484848485,6.85353469396301
from_ipod,uniform_anchor_raw,0.3560606060606061,6.794290630762132
from_ipod,uniform_anchor_raw,0.36363636363636365,6.8224456415796615
from_ipod,uniform_anchor_raw,0.3712121212121212,6.85241880282583
from_ipod,uniform_anchor_raw,0.3787878787878788,6.861368978664796
from_ipod,uniform_anchor_raw,0.38636363636363635,6.80050524415122
from_ipod,uniform_anchor_raw,0.3939393939393939,6.772783227466438
from_ipod,uniform_anchor_raw,0.4015151515151515,6.858329423579586
from_ipod,uniform_anchor_raw,0.4090909090909091,6.917290096885467
from_ipod,uniform_anchor_raw,0.4166666666666667,6.9044350106333745
from_ipod,uniform_anchor_raw,0.42424242424242425,6.9882104165426275
from_ipod,uniform_anchor_raw,0.4318181818181818,7.014823933432425
from_ipod,uniform_anchor_raw,0.4393939393939394,7.120219940281945
from_ipod,uniform_anchor_raw,0.44696969696969696,7.176545432464866
from_ipod,uniform_anchor_raw,0.45454545454545453,7.149886639440436
from_ipod,uniform_anchor_raw,0.4621212121212121,7.17189507698744
from_ipod,uniform_anchor_raw,0.4696969696969697,7.15074921260424
from_ipod,uniform_anchor_raw,0.4772727272727273,7.1626708838400726
from_ipod,uniform_anchor_raw,0.48484848484848486,7.1338240459726565
from_ipod,uniform_anchor_raw,0.49242424242424243,7.176555053575664
from_ipod,uniform_anchor_raw,0.5,7.1596466036087785
from_ipod,uniform_anchor_raw,0.5075757575757576,7.109022571300042
from_ipod,uniform_anchor_raw,0.5151515151515151,7.100339602360786
from_ipod,uniform_anchor_raw,0.5227272727272727,7.146334930335196
from_ipod,uniform_anchor_raw,0.5303030303030303,7.110364743333624
from_ipod,uniform_anchor_raw,0.5378787878787878,7.088642066096438
from_ipod,uniform_anchor_raw,0.5454545454545454,7.149385162447075
from_ipod,uniform_anchor_raw,0.553030303030303,7.119314500223957
from_ipod,uniform_anchor_raw,0.5606060606060606,7.154301428430077
from_ipod,uniform_anchor_raw,0.5681818181818182,7.237217006762308
from_ipod,uniform_anchor_raw,0.5757575757575758,7.186082334902111
from_ipod,uniform_anchor_raw,0.5833333333333334,7.13009378746088
from_ipod,uniform_anchor_raw,0.5909090909090909,7.135651300062982
from_ipod,uniform_anchor_raw,0.5984848484848485,7.104481997517767
from_ipod,uniform_anchor_raw,0.6060606060606061,7.106705094292143
from_ipod,uniform_anchor_raw,0.6136363636363636,7.09291093509374
from_ipod,uniform_anchor_raw,0.6212121212121212,7.101607458345228
from_ipod,uniform_anchor_raw,0.6287878787878788,7.139021667452776
from_ipod,uniform_anchor_raw,0.6363636363636364,7.165305801447654
from_ipod,uniform_anchor_raw,0.6439393939393939,7.184626168595
from_ipod,uniform_anchor_raw,0.6515151515151515,7.176759353158935
from_ipod,uniform_anchor_raw,0.6590909090909091,7.166789352881126
from_ipod,uniform_anchor_raw,0.6666666666666666,7.169976042595462
from_ipod,uniform_anchor_raw,0.6742424242424242,7.186287979587157
from_ipod,uniform_anchor_raw,0.6818181818181818,7.16599121305229
from_ipod,uniform_anchor_raw,0.6893939393939394,7.198410712126294
from_ipod,uniform_anchor_raw,0.696969696969697,7.228950426419812
from_ipod,uniform_anchor_raw,0.7045454545454546,7.215550875053693
from_ipod,uniform_anchor_raw,0.7121212121212122,7.214826830402756
from_ipod,uniform_anchor_raw,0.7196969696969697,7.253193247746366
from_ipod,uniform_anchor_raw,0.7272727272727273,7.251679346321793
from_ipod,uniform_anchor_raw,0.7348484848484849,7.32987107345289
from_ipod,uniform_anchor_raw,0.7424242424242424,7.344552428229535
from_ipod,uniform_anchor_raw,0.75,7.318098618091473
from_ipod,uniform_anchor_raw,0.7575757575757576,7.2934985745718395
from_ipod,uniform_anchor_raw,0.7651515151515151,7.285013259782403
from_ipod,uniform_anchor_raw,0.7727272727272727,7.276908735398834
from_ipod,uniform_anchor_raw,0.7803030303030303,7.265953319232416
from_ipod,uniform_anchor_raw,0.7878787878787878,7.23894603874639
from_ipod,uniform_anchor_raw,0.7954545454545454,7.2714547829893545
from_ipod,uniform_anchor_raw,0.803030303030303,7.233435597111786
from_ipod,uniform_anchor_raw,0.8106060606060606,7.21992374461874
from_ipod,uniform_anchor_raw,0.8181818181818182,7.206875285200078
from_ipod,uniform_anchor_raw,0.8257575757575758,7.179469453772188
from_ipod,uniform_anchor_raw,0.8333333333333334,7.1630937277773725
from_ipod,uniform_anchor_raw,0.8409090909090909,7.137201048398567
from_ipod,uniform_anchor_raw,0.8484848484848485,7.105015449592209
from_ipod,uniform_anchor_raw,0.8560606060606061,7.090514396121059
from_ipod,uniform_anchor_raw,0.8636363636363636,7.079530739064578
from_ipod,uniform_anchor_raw,0.8712121212121212,7.060037822481369
from_ipod,uniform_anchor_raw,0.8787878787878788,7.04599454706354
from_ipod,uniform_anchor_raw,0.8863636363636364,7.003955170765397
from_ipod,uniform_anchor_raw,0.8939393939393939,6.9973298300074545
from_ipod,uniform_anchor_raw,0.9015151515151515,6.971612769728843
from_ipod,uniform_anchor_raw,0.9090909090909091,6.932603577197521
from_ipod,uniform_anchor_raw,0.9166666666666666,6.9002367807346845
from_ipod,uniform_anchor_raw,0.9242424242424242,6.886277886870256
from_ipod,uniform_anchor_raw,0.9318181818181818,6.8713031533358695
from_ipod,uniform_anchor_raw,0.9393939393939394,6.835236353992656
from_ipod,uniform_anchor_raw,0.946969696969697,6.80706623864092
from_ipod,uniform_anchor_raw,0.9545454545454546,6.793868886562699
from_ipod,uniform_anchor_raw,0.9621212121212122,6.788476109619036
from_ipod,uniform_anchor_raw,0.9696969696969697,6.790720795609032
from_ipod,uniform_anchor_raw,0.9772727272727273,6.754115876197616
from_ipod,uniform_anchor_raw,0.9848484848484849,6.7314530375847985
from_ipod,uniform_anchor_raw,0.9924242424242424,6.74800692323505
from_ipod,uniform_anchor_raw,1.0,6.762798054733454
from_ipod,uniform_anchor_paired,0.007575757575757576,7.10854653858804
from_ipod,uniform_anchor_paired,0.015151515151515152,8.543804964871965
from_ipod,uniform_anchor_paired,0.022727272727272728,7.309857666256242
from_ipod,uniform_anchor_paired,0.030303030303030304,6.537674918610263
from_ipod,uniform_anchor_paired,0.03787878787878788,5.760329204452277
from_ipod,uniform_anchor_paired,0.045454545454545456,6.140663020170826
from_ipod,uniform_anchor_paired,0.05303030303030303,6.489592914808498
from_ipod,uniform_anchor_paired,0.06060606060606061,6.5471809080312475
from_ipod,uniform_anchor_paired,0.06818181818181818,6.159883722379976
from_ipod,uniform_anchor_paired,0.07575757575757576,6.41566791305015
from_ipod,uniform_anchor_paired,0.08333333333333333,6.294518522910443
from_ipod,uniform_anchor_paired,0.09090909090909091,6.221396766404895
from_ipod,uniform_anchor_paired,0.09848484848484848,6.0771424845869575
from_ipod,uniform_anchor_paired,0.10606060606060606,5.92615030163203
from_ipod,uniform_anchor_paired,0.11363636363636363,5.826217197768877
from_ipod,uniform_anchor_paired,0.12121212121212122,5.674095415330285
from_ipod,uniform_anchor_paired,0.12878787878787878,5.694886833184351
from_ipod,uniform_anchor_paired,0.13636363636363635,5.484670831363773
from_ipod,uniform_anchor_paired,0.14393939393939395,5.5742820839246825
from_ipod,uniform_anchor_paired,0.15151515151515152,5.539559176779915
from_ipod,uniform_anchor_paired,0.1590909090909091,5.746869324866151
from_ipod,uniform_anchor_paired,0.16666666666666666,5.744132102412983
from_ipod,uniform_anchor_paired,0.17424242424242425,5.67301014114981
from_ipod,uniform_anchor_paired,0.18181818181818182,5.691140345387638
from_ipod,uniform_anchor_paired,0.1893939393939394,5.624861411821798
from_ipod,uniform_anchor_paired,0.19696969696969696,5.544276789045771
from_ipod,uniform_anchor_paired,0.20454545454545456,5.532555099846362
from_ipod,uniform_anchor_paired,0.21212121212121213,5.541098542948563
from_ipod,uniform_anchor_paired,0.2196969696969697,5.572380039362148
from_ipod,uniform_anchor_paired,0.22727272727272727,5.600628582747355
from_ipod,uniform_anchor_paired,0.23484848484848486,5.807824841017815
from_ipod,uniform_anchor_paired,0.24242424242424243,5.813917706478926
from_ipod,uniform_anchor_paired,0.25,5.851337907786649
from_ipod,uniform_anchor_paired,0.25757575757575757,5.836735945701842
from_ipod,uniform_anchor_paired,0.26515151515151514,5.831570735619693
from_ipod,uniform_anchor_paired,0.2727272727272727,5.8300428700169675
from_ipod,uniform_anchor_paired,0.2803030303030303,5.933241625920445
from_ipod,uniform_anchor_paired,0.2878787878787879,5.910090758589891
from_ipod,uniform_anchor_paired,0.29545454545454547,5.97765945500507
from_ipod,uniform_anchor_paired,0.30303030303030304,5.887791132835457
from_ipod,uniform_anchor_paired,0.3106060606060606,5.904477682531913
from_ipod,uniform_anchor_paired,0.3181818181818182,5.9498442021855205
from_ipod,uniform_anchor_paired,0.32575757575757575,5.933278778717706
from_ipod,uniform_anchor_paired,0.3333333333333333,5.942988480245842
from_ipod,uniform_anchor_paired,0.3409090909090909,5.912375814523927
from_ipod,uniform_anchor_paired,0.3484848484848485,5.907800325816505
from_ipod,uniform_anchor_paired,0.3560606060606061,5.870225885167668
from_ipod,uniform_anchor_paired,0.36363636363636365,5.893911838359173
from_ipod,uniform_anchor_paired,0.3712121212121212,5.9129601201331115
from_ipod,uniform_anchor_paired,0.3787878787878788,5.9080741168628785
from_ipod,uniform_anchor_paired,0.38636363636363635,5.84008216401251
from_ipod,uniform_anchor_paired,0.3939393939393939,5.810546481152301
from_ipod,uniform_anchor_paired,0.4015151515151515,5.911545127873782
from_ipod,uniform_anchor_paired,0.4090909090909091,5.949191179513927
from_ipod,uniform_anchor_paired,0.4166666666666667,5.952243985909487
from_ipod,uniform_anchor_paired,0.42424242424242425,6.039508570751131
from_ipod,uniform_anchor_paired,0.4318181818181818,6.041400272015641
from_ipod,uniform_anchor_paired,0.4393939393939394,6.145867940612962
from_ipod,uniform_anchor_paired,0.44696969696969696,6.182655277113445
from_ipod,uniform_anchor_paired,0.45454545454545453,6.216789694536307
from_ipod,uniform_anchor_paired,0.4621212121212121,6.2310138864632085
from_ipod,uniform_anchor_paired,0.4696969696969697,6.194979918556456
from_ipod,uniform_anchor_paired,0.4772727272727273,6.194253760654107
from_ipod,uniform_anchor_paired,0.48484848484848486,6.198403238708224
from_ipod,uniform_anchor_paired,0.49242424242424243,6.213253228001647
from_ipod,uniform_anchor_paired,0.5,6.19262882915005
from_ipod,uniform_anchor_paired,0.5075757575757576,6.15083673999085
from_ipod,uniform_anchor_paired,0.5151515151515151,6.156549057108061
from_ipod,uniform_anchor_paired,0.5227272727272727,6.180088689899733
from_ipod,uniform_anchor_paired,0.5303030303030303,6.131748744320103
from_ipod,uniform_anchor_paired,0.5378787878787878,6.145844168120495
from_ipod,uniform_anchor_paired,0.5454545454545454,6.185655627607702
from_ipod,uniform_anchor_paired,0.553030303030303,6.157078539586411
from_ipod,uniform_anchor_paired,0.5606060606060606,6.170911813807177
from_ipod,uniform_anchor_paired,0.5681818181818182,6.2267331905921735
from_ipod,uniform_anchor_paired,0.5757575757575758,6.1674124879376855
from_ipod,uniform_anchor_paired,0.5833333333333334,6.114308591449834
from_ipod,uniform_anchor_paired,0.5909090909090909,6.100873780021755
from_ipod,uniform_anchor_paired,0.5984848484848485,6.090370659335437
from_ipod,uniform_anchor_paired,0.6060606060606061,6.074570637576239
from_ipod,uniform_anchor_paired,0.6136363636363636,6.077456288915982
from_ipod,uniform_anchor_paired,0.6212121212121212,6.065858350689658
from_ipod,uniform_anchor_paired,0.6287878787878788,6.081794017683134
from_ipod,uniform_anchor_paired,0.6363636363636364,6.092208267372371
from_ipod,uniform_anchor_paired,0.6439393939393939,6.0879334521030275
from_ipod,uniform_anchor_paired,0.6515151515151515,6.101902094805031
from_ipod,uniform_anchor_paired,0.6590909090909091,6.107497305553122
from_ipod,uniform_anchor_paired,0.6666666666666666,6.115906767893641
from_ipod,uniform_anchor_paired,0.6742424242424242,6.115043850761981
from_ipod,uniform_anchor_paired,0.6818181818181818,6.102845614814158
from_ipod,uniform_anchor_paired,0.6893939393939394,6.114759007160985
from_ipod,uniform_anchor_paired,0.696969696969697,6.128123899429315
from_ipod,uniform_anchor_paired,0.7045454545454546,6.120686727006523
from_ipod,uniform_anchor_paired,0.7121212121212122,6.113456414583254
from_ipod,uniform_anchor_paired,0.7196969696969697,6.128412703127446
from_ipod,uniform_anchor_paired,0.7272727272727273,6.134103339101898
from_ipod,uniform_anchor_paired,0.7348484848484849,6.188249560478437
from_ipod,uniform_anchor_paired,0.7424242424242424,6.185452052770732
from_ipod,uniform_anchor_paired,0.75,6.163945909596017
from_ipod,uniform_anchor_paired,0.7575757575757576,6.161050415362496
from_ipod,uniform_anchor_paired,0.7651515151515151,6.15163964997004
from_ipod,uniform_anchor_paired,0.7727272727272727,6.140754687041202
from_ipod,uniform_anchor_paired,0.7803030303030303,6.136517293806691
from_ipod,uniform_anchor_paired,0.7878787878787878,6.1203364134417475
from_ipod,uniform_anchor_paired,0.7954545454545454,6.126964404409072
from_ipod,uniform_anchor_paired,0.803030303030303,6.09356691817279
from_ipod,uniform_anchor_paired,0.8106060606060606,6.095215318997738
from_ipod,uniform_anchor_paired,0.8181818181818182,6.104328929893995
from_ipod,uniform_anchor_paired,0.8257575757575758,6.090905138219104
from_ipod,uniform_anchor_paired,0.8333333333333334,6.063651085246975
from_ipod,uniform_anchor_paired,0.8409090909090909,6.043660801704703
from_ipod,uniform_anchor_paired,0.8484848484848485,6.016620955358708
from_ipod,uniform_anchor_paired,0.8560606060606061,6.021718620762737
from_ipod,uniform_anchor_paired,0.8636363636363636,6.019187734323289
from_ipod,uniform_anchor_paired,0.8712121212121212,5.995904345293506
from_ipod,uniform_anchor_paired,0.8787878787878788,5.999829857788328
from_ipod,uniform_anchor_paired,0.8863636363636364,5.981967183857331
from_ipod,uniform_anchor_paired,0.8939393939393939,5.994592312534555
from_ipod,uniform_anchor_paired,0.9015151515151515,5.9838578348382425
from_ipod,uniform_anchor_paired,0.9090909090909091,5.950552804993283
from_ipod,uniform_anchor_paired,0.9166666666666666,5.926982621585037
from_ipod,uniform_anchor_paired,0.9242424242424242,5.9096746570914505
from_ipod,uniform_anchor_paired,0.9318181818181818,5.88761485674323
from_ipod,uniform_anchor_paired,0.9393939393939394,5.862153733393508
from_ipod,uniform_anchor_paired,0.946969696969697,5.8403788001231876
from_ipod,uniform_anchor_paired,0.9545454545454546,5.823085554343188
from_ipod,uniform_anchor_paired,0.9621212121212122,5.837578186795548
from_ipod,uniform_anchor_paired,0.9696969696969697,5.8254720621239455
from_ipod,uniform_anchor_paired,0.9772727272727273,5.807117118661807
from_ipod,uniform_anchor_paired,0.9848484848484849,5.786987347004209
from_ipod,uniform_anchor_paired,0.9924242424242424,5.777804742710625
from_ipod,uniform_anchor_paired,1.0,5.76604108198115
from_ipod,conditional_raw,0.007575757575757576,7.523127015662797
from_ipod,conditional_raw,0.015151515151515152,8.658129569217783
from_ipod,conditional_raw,0.022727272727272728,7.412721666444235
from_ipod,conditional_raw,0.030303030303030304,6.788768119280538
from_ipod,conditional_raw,0.03787878787878788,5.9277021681784134
from_ipod,conditional_raw,0.045454545454545456,6.3505936602835185
from_ipod,conditional_raw,0.05303030303030303,6.838724617341005
from_ipod,conditional_raw,0.06060606060606061,6.860511002113557
from_ipod,conditional_raw,0.06818181818181818,6.398446151415057
from_ipod,conditional_raw,0.07575757575757576,6.73903468870168
from_ipod,conditional_raw,0.08333333333333333,6.636894920728925
from_ipod,conditional_raw,0.09090909090909091,6.620322268515579
from_ipod,conditional_raw,0.09848484848484848,6.47065546110537
from_ipod,conditional_raw,0.10606060606060606,6.314262622236607
from_ipod,conditional_raw,0.11363636363636363,6.166200033032674
from_ipod,conditional_raw,0.12121212121212122,5.982697848544345
from_ipod,conditional_raw,0.12878787878787878,5.970185902118906
from_ipod,conditional_raw,0.13636363636363635,5.764764630774323
from_ipod,conditional_raw,0.14393939393939395,5.91314069497193
from_ipod,conditional_raw,0.15151515151515152,5.888608440472564
from_ipod,conditional_raw,0.1590909090909091,6.0802571216025045
from_ipod,conditional_raw,0.16666666666666666,6.063123180925292
from_ipod,conditional_raw,0.17424242424242425,5.986710137387745
from_ipod,conditional_raw,0.18181818181818182,6.032055879849673
from_ipod,conditional_raw,0.1893939393939394,5.979458258276909
from_ipod,conditional_raw,0.19696969696969696,5.919176969559927
from_ipod,conditional_raw,0.20454545454545456,5.920363672355936
from_ipod,conditional_raw,0.21212121212121213,5.932598085561924
from_ipod,conditional_raw,0.2196969696969697,5.967331410888896
from_ipod,conditional_raw,0.22727272727272727,6.011170084146788
from_ipod,conditional_raw,0.23484848484848486,6.162533444433062
from_ipod,conditional_raw,0.24242424242424243,6.19151268496313
from_ipod,conditional_raw,0.25,6.252972816371674
from_ipod,conditional_raw,0.25757575757575757,6.238670979028115
from_ipod,conditional_raw,0.26515151515151514,6.247649175380643
from_ipod,conditional_raw,0.2727272727272727,6.238677074982927
from_ipod,conditional_raw,0.2803030303030303,6.352536292033974
from_ipod,conditional_raw,0.2878787878787879,6.3212511441806525
from_ipod,conditional_raw,0.29545454545454547,6.3919346829704615
from_ipod,conditional_raw,0.30303030303030304,6.293133833464158
from_ipod,conditional_raw,0.3106060606060606,6.276868515136466
from_ipod,conditional_raw,0.3181818181818182,6.273836149894372
from_ipod,conditional_raw,0.32575757575757575,6.264753065052942
from_ipod,conditional_raw,0.3333333333333333,6.29040583856796
from_ipod,conditional_raw,0.3409090909090909,6.267662309384967
from_ipod,conditional_raw,0.3484848484848485,6.265940762998142
from_ipod,conditional_raw,0.3560606060606061,6.217556090453048
from_ipod,conditional_raw,0.36363636363636365,6.2445779726089095
from_ipod,conditional_raw,0.3712121212121212,6.2834415656688485
from_ipod,conditional_raw,0.3787878787878788,6.285584527364175
from_ipod,conditional_raw,0.38636363636363635,6.229591791293303
from_ipod,conditional_raw,0.3939393939393939,6.194953734600008
from_ipod,conditional_raw,0.4015151515151515,6.281909926534559
from_ipod,conditional_raw,0.4090909090909091,6.330273165478032
from_ipod,conditional_raw,0.4166666666666667,6.329098889312751
from_ipod,conditional_raw,0.42424242424242425,6.41088376807798
from_ipod,conditional_raw,0.4318181818181818,6.429229382535918
from_ipod,conditional_raw,0.4393939393939394,6.53684652683743
from_ipod,conditional_raw,0.44696969696969696,6.580368164607864
from_ipod,conditional_raw,0.45454545454545453,6.571644920988895
from_ipod,conditional_raw,0.4621212121212121,6.587511010219184
from_ipod,conditional_raw,0.4696969696969697,6.567955944899211
from_ipod,conditional_raw,0.4772727272727273,6.5725015021343856
from_ipod,conditional_raw,0.48484848484848486,6.555320426465818
from_ipod,conditional_raw,0.49242424242424243,6.585286023562543
from_ipod,conditional_raw,0.5,6.566617607412598
from_ipod,conditional_raw,0.5075757575757576,6.525015964921196
from_ipod,conditional_raw,0.5151515151515151,6.5236987757149985
from_ipod,conditional_raw,0.5227272727272727,6.558596752696889
from_ipod,conditional_raw,0.5303030303030303,6.513380298474228
from_ipod,conditional_raw,0.5378787878787878,6.512168389324017
from_ipod,conditional_raw,0.5454545454545454,6.563007960417799
from_ipod,conditional_raw,0.553030303030303,6.527856667472996
from_ipod,conditional_raw,0.5606060606060606,6.555633941221444
from_ipod,conditional_raw,0.5681818181818182,6.627064008730696
from_ipod,conditional_raw,0.5757575757575758,6.567352442536006
from_ipod,conditional_raw,0.5833333333333334,6.514959924571695
from_ipod,conditional_raw,0.5909090909090909,6.5260442422255815
from_ipod,conditional_raw,0.5984848484848485,6.503874623054904
from_ipod,conditional_raw,0.6060606060606061,6.493891462803558
from_ipod,conditional_raw,0.6136363636363636,6.480685099041653
from_ipod,conditional_raw,0.6212121212121212,6.479144358900854
from_ipod,conditional_raw,0.6287878787878788,6.503272708746702
from_ipod,conditional_raw,0.6363636363636364,6.51824540517469
from_ipod,conditional_raw,0.6439393939393939,6.522386248008547
from_ipod,conditional_raw,0.6515151515151515,6.526138635121758
from_ipod,conditional_raw,0.6590909090909091,6.5219979953354725
from_ipod,conditional_raw,0.6666666666666666,6.527849149365008
from_ipod,conditional_raw,0.6742424242424242,6.53424266069944
from_ipod,conditional_raw,0.6818181818181818,6.516992573017522
from_ipod,conditional_raw,0.6893939393939394,6.538116702465794
from_ipod,conditional_raw,0.696969696969697,6.561176987155992
from_ipod,conditional_raw,0.7045454545454546,6.546856081009154
from_ipod,conditional_raw,0.7121212121212122,6.536966830039258
from_ipod,conditional_raw,0.7196969696969697,6.562109641872117
from_ipod,conditional_raw,0.7272727272727273,6.564222092381141
from_ipod,conditional_raw,0.7348484848484849,6.628133844604144
from_ipod,conditional_raw,0.7424242424242424,6.6315376763502565
from_ipod,conditional_raw,0.75,6.607977501447355
from_ipod,conditional_raw,0.7575757575757576,6.595106708106673
from_ipod,conditional_raw,0.7651515151515151,6.582184880171096
from_ipod,conditional_raw,0.7727272727272727,6.569179781397296
from_ipod,conditional_raw,0.7803030303030303,6.56332866019607
from_ipod,conditional_raw,0.7878787878787878,6.5430487634807095
from_ipod,conditional_raw,0.7954545454545454,6.559656468048398
from_ipod,conditional_raw,0.803030303030303,6.52159518401013
from_ipod,conditional_raw,0.8106060606060606,6.519398188687336
from_ipod,conditional_raw,0.8181818181818182,6.52425302363529
from_ipod,conditional_raw,0.8257575757575758,6.510446263274555
from_ipod,conditional_raw,0.8333333333333334,6.4879926416253255
from_ipod,conditional_raw,0.8409090909090909,6.464430981076865
from_ipod,conditional_raw,0.8484848484848485,6.431010675144859
from_ipod,conditional_raw,0.8560606060606061,6.430297410865582
from_ipod,conditional_raw,0.8636363636363636,6.425344504206341
from_ipod,conditional_raw,0.8712121212121212,6.397880928532616
from_ipod,conditional_raw,0.8787878787878788,6.396782205824778
from_ipod,conditional_raw,0.8863636363636364,6.372369118796574
from_ipod,conditional_raw,0.8939393939393939,6.375125451156479
from_ipod,conditional_raw,0.9015151515151515,6.360749136383451
from_ipod,conditional_raw,0.9090909090909091,6.330558417676307
from_ipod,conditional_raw,0.9166666666666666,6.306971013257582
from_ipod,conditional_raw,0.9242424242424242,6.288991227913382
from_ipod,conditional_raw,0.9318181818181818,6.266045732155443
from_ipod,conditional_raw,0.9393939393939394,6.23999943279791
from_ipod,conditional_raw,0.946969696969697,6.22230848089891
from_ipod,conditional_raw,0.9545454545454546,6.205810621451803
from_ipod,conditional_raw,0.9621212121212122,6.2178785608534035
from_ipod,conditional_raw,0.9696969696969697,6.209581978537099
from_ipod,conditional_raw,0.9772727272727273,6.18669077209838
from_ipod,conditional_raw,0.9848484848484849,6.166325562605272
from_ipod,conditional_raw,0.9924242424242424,6.160895713567068
from_ipod,conditional_raw,1.0,6.156610239808745
from_ipod,conditional_paired,0.007575757575757576,7.418550353495508
from_ipod,conditional_paired,0.015151515151515152,8.724329879615533
from_ipod,conditional_paired,0.022727272727272728,7.495173102103002
from_ipod,conditional_paired,0.030303030303030304,6.75235978002483
from_ipod,conditional_paired,0.03787878787878788,5.944222851608831
from_ipod,conditional_paired,0.045454545454545456,6.383079232484196
from_ipod,conditional_paired,0.05303030303030303,6.675884855825033
from_ipod,conditional_paired,0.06060606060606061,6.7023379284625575
from_ipod,conditional_paired,0.06818181818181818,6.277977317927724
from_ipod,conditional_paired,0.07575757575757576,6.411001383683879
from_ipod,conditional_paired,0.08333333333333333,6.317617510084077
from_ipod,conditional_paired,0.09090909090909091,6.285360149562348
from_ipod,conditional_paired,0.09848484848484848,6.151520128177862
from_ipod,conditional_paired,0.10606060606060606,6.001248990251977
from_ipod,conditional_paired,0.11363636363636363,5.876475709862134
from_ipod,conditional_paired,0.12121212121212122,5.71883689961961
from_ipod,conditional_paired,0.12878787878787878,5.717074944367755
from_ipod,conditional_paired,0.13636363636363635,5.5078079053677955
from_ipod,conditional_paired,0.14393939393939395,5.543335309204399
from_ipod,conditional_paired,0.15151515151515152,5.528758422168653
from_ipod,conditional_paired,0.1590909090909091,5.74332129797133
from_ipod,conditional_paired,0.16666666666666666,5.7468253582223205
from_ipod,conditional_paired,0.17424242424242425,5.673874264206493
from_ipod,conditional_paired,0.18181818181818182,5.702256388212967
from_ipod,conditional_paired,0.1893939393939394,5.651210794862334
from_ipod,conditional_paired,0.19696969696969696,5.570087200604859
from_ipod,conditional_paired,0.20454545454545456,5.553325135925481
from_ipod,conditional_paired,0.21212121212121213,5.57669768039309
from_ipod,conditional_paired,0.2196969696969697,5.615224426888318
from_ipod,conditional_paired,0.22727272727272727,5.653673222913452
from_ipod,conditional_paired,0.23484848484848486,5.849316397527519
from_ipod,conditional_paired,0.24242424242424243,5.836547312985949
from_ipod,conditional_paired,0.25,5.885929752007544
from_ipod,conditional_paired,0.25757575757575757,5.874772301412698
from_ipod,conditional_paired,0.26515151515151514,5.8763277088643635
from_ipod,conditional_paired,0.2727272727272727,5.8802272761498875
from_ipod,conditional_paired,0.2803030303030303,5.9978230222582285
from_ipod,conditional_paired,0.2878787878787879,5.9790161140796885
from_ipod,conditional_paired,0.29545454545454547,6.035106505294022
from_ipod,conditional_paired,0.30303030303030304,5.9556642966126025
from_ipod,conditional_paired,0.3106060606060606,5.95670824482593
from_ipod,conditional_paired,0.3181818181818182,5.971808079311805
from_ipod,conditional_paired,0.32575757575757575,5.959962044631584
from_ipod,conditional_paired,0.3333333333333333,5.977733713790935
from_ipod,conditional_paired,0.3409090909090909,5.947697828591039
from_ipod,conditional_paired,0.3484848484848485,5.95067581698185
from_ipod,conditional_paired,0.3560606060606061,5.909970454268002
from_ipod,conditional_paired,0.36363636363636365,5.93777823919847
from_ipod,conditional_paired,0.3712121212121212,5.944256733878838
from_ipod,conditional_paired,0.3787878787878788,5.94679749625129
from_ipod,conditional_paired,0.38636363636363635,5.880601921341275
from_ipod,conditional_paired,0.3939393939393939,5.849104852753855
from_ipod,conditional_paired,0.4015151515151515,5.945298283026268
from_ipod,conditional_paired,0.4090909090909091,5.986526932356624
from_ipod,conditional_paired,0.4166666666666667,5.989287151627508
from_ipod,conditional_paired,0.42424242424242425,6.0740729953925445
from_ipod,conditional_paired,0.4318181818181818,6.062549414281361
from_ipod,conditional_paired,0.4393939393939394,6.164244478780667
from_ipod,conditional_paired,0.44696969696969696,6.180836998864557
from_ipod,conditional_paired,0.45454545454545453,6.185508874292982
from_ipod,conditional_paired,0.4621212121212121,6.196349002251591
from_ipod,conditional_paired,0.4696969696969697,6.16276631362667
from_ipod,conditional_paired,0.4772727272727273,6.168628704953984
from_ipod,conditional_paired,0.48484848484848486,6.164169824201927
from_ipod,conditional_paired,0.49242424242424243,6.18396970654035
from_ipod,conditional_paired,0.5,6.165826935333198
from_ipod,conditional_paired,0.5075757575757576,6.1282545386378615
from_ipod,conditional_paired,0.5151515151515151,6.14111382406854
from_ipod,conditional_paired,0.5227272727272727,6.153592207483108
from_ipod,conditional_paired,0.5303030303030303,6.109517316769831
from_ipod,conditional_paired,0.5378787878787878,6.11843554037423
from_ipod,conditional_paired,0.5454545454545454,6.145984155852528
from_ipod,conditional_paired,0.553030303030303,6.120055562417819
from_ipod,conditional_paired,0.5606060606060606,6.139897999605616
from_ipod,conditional_paired,0.5681818181818182,6.2023927887674475
from_ipod,conditional_paired,0.5757575757575758,6.157101682865664
from_ipod,conditional_paired,0.5833333333333334,6.1036233446957935
from_ipod,conditional_paired,0.5909090909090909,6.092301527732907
from_ipod,conditional_paired,0.5984848484848485,6.081366389622933
from_ipod,conditional_paired,0.6060606060606061,6.067346916047032
from_ipod,conditional_paired,0.6136363636363636,6.065466919042438
from_ipod,conditional_paired,0.6212121212121212,6.05596754518974
from_ipod,conditional_paired,0.6287878787878788,6.0760145729325785
from_ipod,conditional_paired,0.6363636363636364,6.086360104941516
from_ipod,conditional_paired,0.6439393939393939,6.084308277146256
from_ipod,conditional_paired,0.6515151515151515,6.095497959647568
from_ipod,conditional_paired,0.6590909090909091,6.093547737234343
from_ipod,conditional_paired,0.6666666666666666,6.1068479246267415
from_ipod,conditional_paired,0.6742424242424242,6.1054781130510785
from_ipod,conditional_paired,0.6818181818181818,6.0899149507081285
from_ipod,conditional_paired,0.6893939393939394,6.10424219522766
from_ipod,conditional_paired,0.696969696969697,6.122693008515209
from_ipod,conditional_paired,0.7045454545454546,6.111907890975416
from_ipod,conditional_paired,0.7121212121212122,6.101961618978975
from_ipod,conditional_paired,0.7196969696969697,6.118335334283091
from_ipod,conditional_paired,0.7272727272727273,6.122636214093249
from_ipod,conditional_paired,0.7348484848484849,6.178755103761259
from_ipod,conditional_paired,0.7424242424242424,6.175849004745842
from_ipod,conditional_paired,0.75,6.153189509989012
from_ipod,conditional_paired,0.7575757575757576,6.144833748030696
from_ipod,conditional_paired,0.7651515151515151,6.133697013941426
from_ipod,conditional_paired,0.7727272727272727,6.12063878122176
from_ipod,conditional_paired,0.7803030303030303,6.11655628158487
from_ipod,conditional_paired,0.7878787878787878,6.099266343670332
from_ipod,conditional_paired,0.7954545454545454,6.104693331262059
from_ipod,conditional_paired,0.803030303030303,6.067526750695634
from_ipod,conditional_paired,0.8106060606060606,6.068720835167331
from_ipod,conditional_paired,0.8181818181818182,6.074778760049523
from_ipod,conditional_paired,0.8257575757575758,6.058267788554956
from_ipod,conditional_paired,0.8333333333333334,6.031481832590679
from_ipod,conditional_paired,0.8409090909090909,6.006728072315004
from_ipod,conditional_paired,0.8484848484848485,5.973908273567532
from_ipod,conditional_paired,0.8560606060606061,5.974038659009569
from_ipod,conditional_paired,0.8636363636363636,5.9681225864702325
from_ipod,conditional_paired,0.8712121212121212,5.944917868190099
from_ipod,conditional_paired,0.8787878787878788,5.945061270979617
from_ipod,conditional_paired,0.8863636363636364,5.919405197113793
from_ipod,conditional_paired,0.8939393939393939,5.924322553449893
from_ipod,conditional_paired,0.9015151515151515,5.911085519238168
from_ipod,conditional_paired,0.9090909090909091,5.873238133129862
from_ipod,conditional_paired,0.9166666666666666,5.848202227368776
from_ipod,conditional_paired,0.9242424242424242,5.829695358230597
from_ipod,conditional_paired,0.9318181818181818,5.807333742282335
from_ipod,conditional_paired,0.9393939393939394,5.78208413929054
from_ipod,conditional_paired,0.946969696969697,5.758855697966979
from_ipod,conditional_paired,0.9545454545454546,5.741023288845274
from_ipod,conditional_paired,0.9621212121212122,5.749944514498616
from_ipod,conditional_paired,0.9696969696969697,5.73992349727973
from_ipod,conditional_paired,0.9772727272727273,5.71207114709879
from_ipod,conditional_paired,0.9848484848484849,5.687054597895886
from_ipod,conditional_paired,0.9924242424242424,5.674408750783439
from_ipod,conditional_paired,1.0,5.657766598340994
