source,json_pointer,variant,role,seed,step,lr,parameters,numeric_bytes,model_artifact,model_sha256,person_mean_delta_e00
docs/archive/2026-09-14/evidence/chromaseed_head_range_v1/results.json,/records/0,patch_small__wide,mixed,17,2048,0.0001,17374,69954,experiments/runs/chromaseed_head_range_v1/models/mixed/patch_small__wide_s17.npz,e2c5643eca72d9662e499220484d93aad933f0eac05bee70c49ab1265e1fcd47,5.689210062164474
docs/archive/2026-09-14/evidence/chromaseed_head_range_v1/results.json,/records/1,patch_small__wide,mixed,29,2048,0.0001,17374,69954,experiments/runs/chromaseed_head_range_v1/models/mixed/patch_small__wide_s29.npz,62ec96dd522d466077a0db22c1c8a392328665ce8aded0fdc567d70dc6d327e7,5.562494676582173
docs/archive/2026-09-14/evidence/chromaseed_head_range_v1/results.json,/records/2,patch_small__wide,mixed,43,2048,0.0001,17374,69954,experiments/runs/chromaseed_head_range_v1/models/mixed/patch_small__wide_s43.npz,4205b891cc240b03500466ad3e0b9a8fff703dcd22c2d944fd15cd66a9762ebd,5.661085844421522
docs/archive/2026-09-14/evidence/chromaseed_head_range_v1/results.json,/records/3,patch_small__linear,mixed,17,2048,0.0001,17374,69954,experiments/runs/chromaseed_head_range_v1/models/mixed/patch_small__linear_s17.npz,1eeb78618a162e52ffb3ad336e9acdbc9085a0133e532c90de4384938e27b46a,5.6892149737831295
docs/archive/2026-09-14/evidence/chromaseed_head_range_v1/results.json,/records/4,patch_small__linear,mixed,29,2048,0.0001,17374,69954,experiments/runs/chromaseed_head_range_v1/models/mixed/patch_small__linear_s29.npz,1293a6cee4531b0dc618515b182226adcc60ca072f2bd4dcc545c1488fed62cf,5.562459686417448
docs/archive/2026-09-14/evidence/chromaseed_head_range_v1/results.json,/records/5,patch_small__linear,mixed,43,2048,0.0001,17374,69954,experiments/runs/chromaseed_head_range_v1/models/mixed/patch_small__linear_s43.npz,468d3dbf3cec66dd1b35dfd4a0c37195ee45fa934c9e6ddabc520a71b9d07bc6,5.661218867092277
docs/archive/2026-09-14/evidence/chromaseed_head_range_v1/results.json,/records/6,patch5m__wide,mixed,17,2048,1e-05,4962566,19850722,experiments/runs/chromaseed_head_range_v1/models/mixed/patch5m__wide_s17.npz,98d5c82f41be18e04c7205a7793e17c495af8973a997a35cd019da3bf5347f83,5.662757226347946
docs/archive/2026-09-14/evidence/chromaseed_head_range_v1/results.json,/records/7,patch5m__wide,mixed,29,2048,1e-05,4962566,19850722,experiments/runs/chromaseed_head_range_v1/models/mixed/patch5m__wide_s29.npz,1c0865c701281230286dbc1392a67449fbbfc9102a7e7e3ba74c856bb0507959,5.542459957088464
docs/archive/2026-09-14/evidence/chromaseed_head_range_v1/results.json,/records/8,patch5m__wide,mixed,43,2048,1e-05,4962566,19850722,experiments/runs/chromaseed_head_range_v1/models/mixed/patch5m__wide_s43.npz,3e15651b64592890464d0c05b659e2a11f39bc8b624f8151eef74c48379d48c2,5.611199818744858
docs/archive/2026-09-14/evidence/chromaseed_head_range_v1/results.json,/records/9,patch5m__linear,mixed,17,2048,1e-05,4962566,19850722,experiments/runs/chromaseed_head_range_v1/models/mixed/patch5m__linear_s17.npz,1a48c0d64659d0b3dfd13554267d629945db1be25fccd979cb0cd3f671021369,5.6627527583599315
docs/archive/2026-09-14/evidence/chromaseed_head_range_v1/results.json,/records/10,patch5m__linear,mixed,29,2048,1e-05,4962566,19850722,experiments/runs/chromaseed_head_range_v1/models/mixed/patch5m__linear_s29.npz,160c7bb5a722c72e19cf7fd9601d0b1ab5324c3ae8f9ec363f31427e200915d6,5.542281959432444
docs/archive/2026-09-14/evidence/chromaseed_head_range_v1/results.json,/records/11,patch5m__linear,mixed,43,2048,1e-05,4962566,19850722,experiments/runs/chromaseed_head_range_v1/models/mixed/patch5m__linear_s43.npz,3af8bd305e6454dafcdc19cc024df31d54026280350a422d87f974aaa0f3e68d,5.611146755534591
docs/archive/2026-09-14/evidence/chromaseed_head_range_v1/results.json,/records/12,soft_small__wide,mixed,17,512,0.0001,15246,61442,experiments/runs/chromaseed_head_range_v1/models/mixed/soft_small__wide_s17.npz,0dd518412371fdd28b62dff82bbb18eeafeaca4518aa88ef3454fc5e89ccd21a,5.665355845104357
docs/archive/2026-09-14/evidence/chromaseed_head_range_v1/results.json,/records/13,soft_small__wide,mixed,29,512,0.0001,15246,61442,experiments/runs/chromaseed_head_range_v1/models/mixed/soft_small__wide_s29.npz,8cb2a2427d0b747c80820ad1643d93e97432e334bfbf756ed73b9f3214b78da6,5.746961710472671
docs/archive/2026-09-14/evidence/chromaseed_head_range_v1/results.json,/records/14,soft_small__wide,mixed,43,512,0.0001,15246,61442,experiments/runs/chromaseed_head_range_v1/models/mixed/soft_small__wide_s43.npz,9eb3f676a428e42b945cbf350605d605f5a532b9b324f902b5a9e6b7136ee29c,5.670266487117868
docs/archive/2026-09-14/evidence/chromaseed_head_range_v1/results.json,/records/15,soft_small__linear,mixed,17,512,0.0001,15246,61442,experiments/runs/chromaseed_head_range_v1/models/mixed/soft_small__linear_s17.npz,7c3ada11ab9eec6bf9f5e4f819ca29904ec444740d42e142aca4e6b708407465,5.665349567174192
docs/archive/2026-09-14/evidence/chromaseed_head_range_v1/results.json,/records/16,soft_small__linear,mixed,29,512,0.0001,15246,61442,experiments/runs/chromaseed_head_range_v1/models/mixed/soft_small__linear_s29.npz,0798f8bf226b5eb9940647d1bd5e23f9e9c2e0fa932b7b6e5c9a559e44344d0b,5.746978389352392
docs/archive/2026-09-14/evidence/chromaseed_head_range_v1/results.json,/records/17,soft_small__linear,mixed,43,512,0.0001,15246,61442,experiments/runs/chromaseed_head_range_v1/models/mixed/soft_small__linear_s43.npz,c2be5ab6e702c8b01aac91deeaba63be1e8e2309942e33d1090a714283de8fce,5.670279637110684
docs/archive/2026-09-14/evidence/chromaseed_head_range_v1/results.json,/records/18,soft5m__wide,mixed,17,512,1e-05,4846822,19387746,experiments/runs/chromaseed_head_range_v1/models/mixed/soft5m__wide_s17.npz,9bb964fe05902e9a6305443df9eca47e78d0cc0dc2cf9f188aa46f6dbaae0814,5.665864348665047
docs/archive/2026-09-14/evidence/chromaseed_head_range_v1/results.json,/records/19,soft5m__wide,mixed,29,512,1e-05,4846822,19387746,experiments/runs/chromaseed_head_range_v1/models/mixed/soft5m__wide_s29.npz,1c0cbac0584f4521a086389d3d6c9933e87ff6eceb9cf17157a9f693d33d099f,5.680919457878456
docs/archive/2026-09-14/evidence/chromaseed_head_range_v1/results.json,/records/20,soft5m__wide,mixed,43,512,1e-05,4846822,19387746,experiments/runs/chromaseed_head_range_v1/models/mixed/soft5m__wide_s43.npz,db2abea40733f8af049010547191a2cfb82e4599c99efed6ddc0217cfb216599,5.641091147007213
docs/archive/2026-09-14/evidence/chromaseed_head_range_v1/results.json,/records/21,soft5m__linear,mixed,17,512,1e-05,4846822,19387746,experiments/runs/chromaseed_head_range_v1/models/mixed/soft5m__linear_s17.npz,7e4088a51b457a6795e689684f9ccde08085f708b94df606814f8d704745a41b,5.665878568779832
docs/archive/2026-09-14/evidence/chromaseed_head_range_v1/results.json,/records/22,soft5m__linear,mixed,29,512,1e-05,4846822,19387746,experiments/runs/chromaseed_head_range_v1/models/mixed/soft5m__linear_s29.npz,cf8b306908ff1030d464223e861f31f3de4d1c98c0e2678822f672751a387fb9,5.680927250283155
docs/archive/2026-09-14/evidence/chromaseed_head_range_v1/results.json,/records/23,soft5m__linear,mixed,43,512,1e-05,4846822,19387746,experiments/runs/chromaseed_head_range_v1/models/mixed/soft5m__linear_s43.npz,dfcb65199bfb7e1945f7ed4d70d1a543b77da08b46faee90e15a5984eff66631,5.641104183489877
docs/archive/2026-09-14/evidence/chromaseed_head_range_v1/results.json,/records/24,dynamic_small__wide,mixed,17,512,0.0001,15246,61442,experiments/runs/chromaseed_head_range_v1/models/mixed/dynamic_small__wide_s17.npz,ad68613528b0ed9d32c265ea90acd28076e3207cbaf6158c020525893b7bcd95,5.638145483093531
docs/archive/2026-09-14/evidence/chromaseed_head_range_v1/results.json,/records/25,dynamic_small__wide,mixed,29,512,0.0001,15246,61442,experiments/runs/chromaseed_head_range_v1/models/mixed/dynamic_small__wide_s29.npz,df9dd847b42cfaad6c074a54c0fd3c0b85aa4bf360a4a2c2e9d7894af7aba5cb,5.767491953964009
docs/archive/2026-09-14/evidence/chromaseed_head_range_v1/results.json,/records/26,dynamic_small__wide,mixed,43,512,0.0001,15246,61442,experiments/runs/chromaseed_head_range_v1/models/mixed/dynamic_small__wide_s43.npz,c5383beb8ff76593af3e1d1bde8909d195c42de6e72cdb6729b36173988808ba,5.673208297419481
docs/archive/2026-09-14/evidence/chromaseed_head_range_v1/results.json,/records/27,dynamic_small__linear,mixed,17,512,0.0001,15246,61442,experiments/runs/chromaseed_head_range_v1/models/mixed/dynamic_small__linear_s17.npz,837612ef4ecb97ea5b4411b8434c9c8297e6aa0e3df300f8e296ce79f06eccfd,5.63814293309484
docs/archive/2026-09-14/evidence/chromaseed_head_range_v1/results.json,/records/28,dynamic_small__linear,mixed,29,512,0.0001,15246,61442,experiments/runs/chromaseed_head_range_v1/models/mixed/dynamic_small__linear_s29.npz,2e7cb4844013dc6b2cc24416836217d4fcdcb330e9f85b0e6e03aab37f3fd0e9,5.767498287315046
docs/archive/2026-09-14/evidence/chromaseed_head_range_v1/results.json,/records/29,dynamic_small__linear,mixed,43,512,0.0001,15246,61442,experiments/runs/chromaseed_head_range_v1/models/mixed/dynamic_small__linear_s43.npz,8e33eac0e8b5cf5c1f55845e8bc5f97851be19e0d18bc0b7e7fa6cf3cfaa40a6,5.673223126969113
docs/archive/2026-09-14/evidence/chromaseed_head_range_v1/results.json,/records/30,dynamic5m__wide,mixed,17,512,1e-05,4846822,19387746,experiments/runs/chromaseed_head_range_v1/models/mixed/dynamic5m__wide_s17.npz,44260311e542ee2d9763fabcfd74c5b5627b5ff38f616c2e46e41a6fc70abb74,5.660337670526637
docs/archive/2026-09-14/evidence/chromaseed_head_range_v1/results.json,/records/31,dynamic5m__wide,mixed,29,512,1e-05,4846822,19387746,experiments/runs/chromaseed_head_range_v1/models/mixed/dynamic5m__wide_s29.npz,0df9ea4aca5ffec6eefe87e5c2b61c3e13463b1d04b68aeec7003cb0ed09e793,5.649224286946282
docs/archive/2026-09-14/evidence/chromaseed_head_range_v1/results.json,/records/32,dynamic5m__wide,mixed,43,512,1e-05,4846822,19387746,experiments/runs/chromaseed_head_range_v1/models/mixed/dynamic5m__wide_s43.npz,d2c6216394d525cc37c662cb7f905de8593d9765675e86fe04f66b676d7d2f34,5.64056870424388
docs/archive/2026-09-14/evidence/chromaseed_head_range_v1/results.json,/records/33,dynamic5m__linear,mixed,17,512,1e-05,4846822,19387746,experiments/runs/chromaseed_head_range_v1/models/mixed/dynamic5m__linear_s17.npz,25ab81bef0918cec59ea4d7588fbc28ed367636d84e7fa5fbd3ca21fd4c813dd,5.660372524197978
docs/archive/2026-09-14/evidence/chromaseed_head_range_v1/results.json,/records/34,dynamic5m__linear,mixed,29,512,1e-05,4846822,19387746,experiments/runs/chromaseed_head_range_v1/models/mixed/dynamic5m__linear_s29.npz,d552e830843b346c2f813638f5b3a4694d64b9c1e72d240a55ad30f852c0772d,5.649173675537734
docs/archive/2026-09-14/evidence/chromaseed_head_range_v1/results.json,/records/35,dynamic5m__linear,mixed,43,512,1e-05,4846822,19387746,experiments/runs/chromaseed_head_range_v1/models/mixed/dynamic5m__linear_s43.npz,3cc145c333f101d42c4943de23e6499352ddd03cea861b0f79d3f4223656ede3,5.640583050625964
docs/archive/2026-09-14/evidence/chromaseed_head_range_v1/results.json,/records/36,pool5m__wide,mixed,17,2048,1e-05,4851846,19407842,experiments/runs/chromaseed_head_range_v1/models/mixed/pool5m__wide_s17.npz,527dea3109fbd69cc4f7b06bd10d5381465ed8a6006c47dafda32dd7aad21305,5.485067110836706
docs/archive/2026-09-14/evidence/chromaseed_head_range_v1/results.json,/records/37,pool5m__wide,mixed,29,2048,1e-05,4851846,19407842,experiments/runs/chromaseed_head_range_v1/models/mixed/pool5m__wide_s29.npz,2d090368c6d100bf15adb6244dc7d439e25fa969bbb765660b3416b1767093f6,5.372518776714553
docs/archive/2026-09-14/evidence/chromaseed_head_range_v1/results.json,/records/38,pool5m__wide,mixed,43,2048,1e-05,4851846,19407842,experiments/runs/chromaseed_head_range_v1/models/mixed/pool5m__wide_s43.npz,12bd30f96e4716a7431d02013ac4defa6d1020e3ce8b5be5407d755edf23717b,5.304249028863743
docs/archive/2026-09-14/evidence/chromaseed_head_range_v1/results.json,/records/39,pool5m__linear,mixed,17,2048,1e-05,4851846,19407842,experiments/runs/chromaseed_head_range_v1/models/mixed/pool5m__linear_s17.npz,637e0779d9e8c80a1e11891ba8881ef7ad7259cae399aae823d699a1a194c87c,5.484759001556507
docs/archive/2026-09-14/evidence/chromaseed_head_range_v1/results.json,/records/40,pool5m__linear,mixed,29,2048,1e-05,4851846,19407842,experiments/runs/chromaseed_head_range_v1/models/mixed/pool5m__linear_s29.npz,596bc8d2423740e5aab4742d0d132d86decf1d24f514769c9474286632f69ad7,5.370416244237521
docs/archive/2026-09-14/evidence/chromaseed_head_range_v1/results.json,/records/41,pool5m__linear,mixed,43,2048,1e-05,4851846,19407842,experiments/runs/chromaseed_head_range_v1/models/mixed/pool5m__linear_s43.npz,c039d2044478c53c45b1efae0a84fe039d2204fe9b3363f34d7e92ec44a73955,5.302341700617045
docs/archive/2026-09-14/evidence/chromaseed_head_range_v1/results.json,/records/42,patch_small__unit,mixed,17,2048,0.0001,,,,,5.689149015797944
docs/archive/2026-09-14/evidence/chromaseed_head_range_v1/results.json,/records/42/inherited_as_record,patch_small,mixed,17,2048,0.0001,17374,69954,experiments/runs/chromaseed_architecture_scale_v1/models/mixed/patch_small_s17.npz,817fe6e1e43e8cba592bb0e2db86235c73d91af516a3ae727b3110891194d9e3,5.689149015797944
docs/archive/2026-09-14/evidence/chromaseed_head_range_v1/results.json,/records/43,patch_small__unit,mixed,29,2048,0.0001,,,,,5.563322741358327
docs/archive/2026-09-14/evidence/chromaseed_head_range_v1/results.json,/records/43/inherited_as_record,patch_small,mixed,29,2048,0.0001,17374,69954,experiments/runs/chromaseed_architecture_scale_v1/models/mixed/patch_small_s29.npz,50b2dc29d01629598b3d21ae86c4c2bd0ced98a0b311e6a4cbe7dd28c6284b15,5.563322741358327
docs/archive/2026-09-14/evidence/chromaseed_head_range_v1/results.json,/records/44,patch_small__unit,mixed,43,2048,0.0001,,,,,5.657823901481962
docs/archive/2026-09-14/evidence/chromaseed_head_range_v1/results.json,/records/44/inherited_as_record,patch_small,mixed,43,2048,0.0001,17374,69954,experiments/runs/chromaseed_architecture_scale_v1/models/mixed/patch_small_s43.npz,35d6d11180df5b7a6f01e52dca15d67c337e1d5e8713d2b565804adc51505c39,5.657823901481962
docs/archive/2026-09-14/evidence/chromaseed_head_range_v1/results.json,/records/45,patch5m__unit,mixed,17,2048,1e-05,,,,,5.6628071858390605
docs/archive/2026-09-14/evidence/chromaseed_head_range_v1/results.json,/records/45/inherited_as_record,patch5m,mixed,17,2048,1e-05,4962566,19850722,experiments/runs/chromaseed_architecture_scale_v1/models/mixed/patch5m_s17.npz,24e9392ba3cf917b6e552be0eca39b132874d7db5ce141bda9c633429f49624b,5.6628071858390605
docs/archive/2026-09-14/evidence/chromaseed_head_range_v1/results.json,/records/46,patch5m__unit,mixed,29,2048,1e-05,,,,,5.5452096418914705
docs/archive/2026-09-14/evidence/chromaseed_head_range_v1/results.json,/records/46/inherited_as_record,patch5m,mixed,29,2048,1e-05,4962566,19850722,experiments/runs/chromaseed_architecture_scale_v1/models/mixed/patch5m_s29.npz,b1268795bed23c309639bb01cbabf87ef04e69e605af268ae3998ac74bc3c3c5,5.5452096418914705
docs/archive/2026-09-14/evidence/chromaseed_head_range_v1/results.json,/records/47,patch5m__unit,mixed,43,2048,1e-05,,,,,5.611049588165776
docs/archive/2026-09-14/evidence/chromaseed_head_range_v1/results.json,/records/47/inherited_as_record,patch5m,mixed,43,2048,1e-05,4962566,19850722,experiments/runs/chromaseed_architecture_scale_v1/models/mixed/patch5m_s43.npz,f6e4999abbd5f9cd03d20d768b97ea218e53bed5469621969f11baad72d8b8e5,5.611049588165776
docs/archive/2026-09-14/evidence/chromaseed_head_range_v1/results.json,/records/48,soft_small__unit,mixed,17,512,0.0001,,,,,5.665446861852508
docs/archive/2026-09-14/evidence/chromaseed_head_range_v1/results.json,/records/48/inherited_as_record,soft_small,mixed,17,512,0.0001,15246,61442,experiments/runs/chromaseed_architecture_scale_v1/models/mixed/soft_small_s17.npz,85061532b54fd54373ea5a4ad0d1033ad8661b71b1704370094ae7c48be51f67,5.665446861852508
docs/archive/2026-09-14/evidence/chromaseed_head_range_v1/results.json,/records/49,soft_small__unit,mixed,29,512,0.0001,,,,,5.746714144837455
docs/archive/2026-09-14/evidence/chromaseed_head_range_v1/results.json,/records/49/inherited_as_record,soft_small,mixed,29,512,0.0001,15246,61442,experiments/runs/chromaseed_architecture_scale_v1/models/mixed/soft_small_s29.npz,1ac0c811d3edf8f03b36597770511011eb62bde1bddbee1dff2e5d78d5a17c19,5.746714144837455
docs/archive/2026-09-14/evidence/chromaseed_head_range_v1/results.json,/records/50,soft_small__unit,mixed,43,512,0.0001,,,,,5.670075160907943
docs/archive/2026-09-14/evidence/chromaseed_head_range_v1/results.json,/records/50/inherited_as_record,soft_small,mixed,43,512,0.0001,15246,61442,experiments/runs/chromaseed_architecture_scale_v1/models/mixed/soft_small_s43.npz,6da347b17fc96c5bb810629515e2d9ae8aa58d1c36878d3697dc75fdfca5a39a,5.670075160907943
docs/archive/2026-09-14/evidence/chromaseed_head_range_v1/results.json,/records/51,soft5m__unit,mixed,17,512,1e-05,,,,,5.665645883762394
docs/archive/2026-09-14/evidence/chromaseed_head_range_v1/results.json,/records/51/inherited_as_record,soft5m,mixed,17,512,1e-05,4846822,19387746,experiments/runs/chromaseed_architecture_scale_v1/models/mixed/soft5m_s17.npz,4089257f197974390c722cca0c0a9254b463444293b2f67d10184e9dead4ed43,5.665645883762394
docs/archive/2026-09-14/evidence/chromaseed_head_range_v1/results.json,/records/52,soft5m__unit,mixed,29,512,1e-05,,,,,5.680803516511861
docs/archive/2026-09-14/evidence/chromaseed_head_range_v1/results.json,/records/52/inherited_as_record,soft5m,mixed,29,512,1e-05,4846822,19387746,experiments/runs/chromaseed_architecture_scale_v1/models/mixed/soft5m_s29.npz,5e1927a007f0a370a53889745210b710914c8e3a6f126dfaf496b5f8bcf5274c,5.680803516511861
docs/archive/2026-09-14/evidence/chromaseed_head_range_v1/results.json,/records/53,soft5m__unit,mixed,43,512,1e-05,,,,,5.640902374528843
docs/archive/2026-09-14/evidence/chromaseed_head_range_v1/results.json,/records/53/inherited_as_record,soft5m,mixed,43,512,1e-05,4846822,19387746,experiments/runs/chromaseed_architecture_scale_v1/models/mixed/soft5m_s43.npz,ae140adc6f908531e96a4f1cd4a1999b922c896450a0513f0ede72d7e699592c,5.640902374528843
docs/archive/2026-09-14/evidence/chromaseed_head_range_v1/results.json,/records/54,dynamic_small__unit,mixed,17,512,0.0001,,,,,5.637724066752997
docs/archive/2026-09-14/evidence/chromaseed_head_range_v1/results.json,/records/54/inherited_as_record,dynamic_small,mixed,17,512,0.0001,15246,61442,experiments/runs/chromaseed_architecture_scale_v1/models/mixed/dynamic_small_s17.npz,4dd89e170d524763cd3ad570312340da010c5e2a9177cda3c3567dba8c1c7adb,5.637724066752997
docs/archive/2026-09-14/evidence/chromaseed_head_range_v1/results.json,/records/55,dynamic_small__unit,mixed,29,512,0.0001,,,,,5.767362377764644
docs/archive/2026-09-14/evidence/chromaseed_head_range_v1/results.json,/records/55/inherited_as_record,dynamic_small,mixed,29,512,0.0001,15246,61442,experiments/runs/chromaseed_architecture_scale_v1/models/mixed/dynamic_small_s29.npz,5f9a94f64f3dec3b76d4367119edd5df55494daab6272aaaa391df3d19ef5beb,5.767362377764644
docs/archive/2026-09-14/evidence/chromaseed_head_range_v1/results.json,/records/56,dynamic_small__unit,mixed,43,512,0.0001,,,,,5.672991767639428
docs/archive/2026-09-14/evidence/chromaseed_head_range_v1/results.json,/records/56/inherited_as_record,dynamic_small,mixed,43,512,0.0001,15246,61442,experiments/runs/chromaseed_architecture_scale_v1/models/mixed/dynamic_small_s43.npz,065793e40d803375f0f403e868f77c3dbd1765f69bd780146ba0ebc88387759a,5.672991767639428
docs/archive/2026-09-14/evidence/chromaseed_head_range_v1/results.json,/records/57,dynamic5m__unit,mixed,17,2048,1e-05,,,,,5.769310109511516
docs/archive/2026-09-14/evidence/chromaseed_head_range_v1/results.json,/records/57/inherited_as_record,dynamic5m,mixed,17,2048,1e-05,4846822,19387746,experiments/runs/chromaseed_architecture_scale_v1/models/mixed/dynamic5m_s17.npz,014eac28f9d80abf61903aa0351805718b72417d74b9e584a44e7a4dc092b80b,5.769310109511516
docs/archive/2026-09-14/evidence/chromaseed_head_range_v1/results.json,/records/58,dynamic5m__unit,mixed,29,2048,1e-05,,,,,5.594402969872232
docs/archive/2026-09-14/evidence/chromaseed_head_range_v1/results.json,/records/58/inherited_as_record,dynamic5m,mixed,29,2048,1e-05,4846822,19387746,experiments/runs/chromaseed_architecture_scale_v1/models/mixed/dynamic5m_s29.npz,53b8b14a6fe52db05a290ca13c37bdefaf23f9593612e19b5243287edff33f0f,5.594402969872232
docs/archive/2026-09-14/evidence/chromaseed_head_range_v1/results.json,/records/59,dynamic5m__unit,mixed,43,2048,1e-05,,,,,5.569445586735188
docs/archive/2026-09-14/evidence/chromaseed_head_range_v1/results.json,/records/59/inherited_as_record,dynamic5m,mixed,43,2048,1e-05,4846822,19387746,experiments/runs/chromaseed_architecture_scale_v1/models/mixed/dynamic5m_s43.npz,6b336f678406ec22404806448efee96c461d2eda04d15136cd4e8d1c4202a64d,5.569445586735188
docs/archive/2026-09-14/evidence/chromaseed_head_range_v1/results.json,/records/60,pool5m__unit,mixed,17,2048,1e-05,,,,,5.497396514537381
docs/archive/2026-09-14/evidence/chromaseed_head_range_v1/results.json,/records/60/inherited_as_record,pool5m,mixed,17,2048,1e-05,4851846,19407842,experiments/runs/chromaseed_architecture_scale_v1/models/mixed/pool5m_s17.npz,ee9c5a7f84d78f8b187d8a38722b76a195cf5bcc120c6fd34674ae94dfaa6919,5.497396514537381
docs/archive/2026-09-14/evidence/chromaseed_head_range_v1/results.json,/records/61,pool5m__unit,mixed,29,2048,1e-05,,,,,5.388925266455307
docs/archive/2026-09-14/evidence/chromaseed_head_range_v1/results.json,/records/61/inherited_as_record,pool5m,mixed,29,2048,1e-05,4851846,19407842,experiments/runs/chromaseed_architecture_scale_v1/models/mixed/pool5m_s29.npz,18a082e1ad51d7acb704f0f26c65dbbeb32f95b54e33b4f6927e464cedc022c9,5.388925266455307
docs/archive/2026-09-14/evidence/chromaseed_head_range_v1/results.json,/records/62,pool5m__unit,mixed,43,2048,1e-05,,,,,5.325232431830929
docs/archive/2026-09-14/evidence/chromaseed_head_range_v1/results.json,/records/62/inherited_as_record,pool5m,mixed,43,2048,1e-05,4851846,19407842,experiments/runs/chromaseed_architecture_scale_v1/models/mixed/pool5m_s43.npz,955bcff02d89033ea650b4b09672beaf552304b0d40ae90030722c72a3704c6b,5.325232431830929
docs/archive/2026-09-14/evidence/chromaseed_head_range_v1/results.json,/records/63,np,mixed,17,0,,,,,,5.854976108558997
docs/archive/2026-09-14/evidence/chromaseed_head_range_v1/results.json,/records/63/inherited_as_record,np,mixed,17,0,,,,,,5.854976108558997
docs/archive/2026-09-14/evidence/chromaseed_head_range_v1/results.json,/records/63/inherited_as_record/imported_we_record,np,mixed,17,0,,643,2886,,c7d617bd5acbf126c9037fff33a5ce6411da4e653e6574a2ba2b1b43d01b55aa,5.854976108558997
docs/archive/2026-09-14/evidence/chromaseed_head_range_v1/results.json,/records/64,np,mixed,29,0,,,,,,5.806650019434955
docs/archive/2026-09-14/evidence/chromaseed_head_range_v1/results.json,/records/64/inherited_as_record,np,mixed,29,0,,,,,,5.806650019434955
docs/archive/2026-09-14/evidence/chromaseed_head_range_v1/results.json,/records/64/inherited_as_record/imported_we_record,np,mixed,29,0,,643,2886,,65e6148fdee2b5da1c92c5622754feb39aa868cc340ca736ccd465d14805e877,5.806650019434955
docs/archive/2026-09-14/evidence/chromaseed_head_range_v1/results.json,/records/65,np,mixed,43,0,,,,,,5.649993668184457
docs/archive/2026-09-14/evidence/chromaseed_head_range_v1/results.json,/records/65/inherited_as_record,np,mixed,43,0,,,,,,5.649993668184457
docs/archive/2026-09-14/evidence/chromaseed_head_range_v1/results.json,/records/65/inherited_as_record/imported_we_record,np,mixed,43,0,,643,2886,,e551299ba8f345b1abfa0c1ddcc5b5e983ba79ed9d101c311d228a31199f7fc1,5.649993668184457
docs/archive/2026-09-14/evidence/chromaseed_head_range_v1/results.json,/records/66,we,mixed,17,2048,3e-05,,,,,5.5550892931415445
docs/archive/2026-09-14/evidence/chromaseed_head_range_v1/results.json,/records/66/inherited_as_record,we,mixed,17,2048,3e-05,,,,,5.5550892931415445
docs/archive/2026-09-14/evidence/chromaseed_head_range_v1/results.json,/records/66/inherited_as_record/imported_we_record,m111,mixed,17,2048,3e-05,110979,444374,,33e6b9cb66675e42a73331873ec9604198e3e89ee84b59396732b9cb57bd0acd,5.5550892931415445
docs/archive/2026-09-14/evidence/chromaseed_head_range_v1/results.json,/records/67,we,mixed,29,2048,3e-05,,,,,5.475545942287465
docs/archive/2026-09-14/evidence/chromaseed_head_range_v1/results.json,/records/67/inherited_as_record,we,mixed,29,2048,3e-05,,,,,5.475545942287465
docs/archive/2026-09-14/evidence/chromaseed_head_range_v1/results.json,/records/67/inherited_as_record/imported_we_record,m111,mixed,29,2048,3e-05,110979,444374,,dd974bf79b678be76b0bbd3637d66e5856353b39ce301e77d072a7bb5db067f7,5.475545942287465
docs/archive/2026-09-14/evidence/chromaseed_head_range_v1/results.json,/records/68,we,mixed,43,2048,3e-05,,,,,5.40268865036369
docs/archive/2026-09-14/evidence/chromaseed_head_range_v1/results.json,/records/68/inherited_as_record,we,mixed,43,2048,3e-05,,,,,5.40268865036369
docs/archive/2026-09-14/evidence/chromaseed_head_range_v1/results.json,/records/68/inherited_as_record/imported_we_record,m111,mixed,43,2048,3e-05,110979,444374,,061072d795f57cc11feeb51a9b00853a9d71f0aa5c24d6d86471af3542c422d8,5.40268865036369
docs/archive/2026-09-14/evidence/chromaseed_head_range_v1/results.json,/records/69,patch_small__wide,slr_to_ipod,17,128,1e-05,17374,69954,experiments/runs/chromaseed_head_range_v1/models/slr_to_ipod/patch_small__wide_s17.npz,32de743a14b094586ac9e8a9c8995984de06bd6ef0f83824b8c279b808c0e5e6,7.923698077100761
docs/archive/2026-09-14/evidence/chromaseed_head_range_v1/results.json,/records/70,patch_small__wide,slr_to_ipod,29,128,1e-05,17374,69954,experiments/runs/chromaseed_head_range_v1/models/slr_to_ipod/patch_small__wide_s29.npz,d19572b5d75188c2cbdaf66367f0baa7fbaba7faa765bbdc229c4c831257dd6c,8.685895821914606
docs/archive/2026-09-14/evidence/chromaseed_head_range_v1/results.json,/records/71,patch_small__wide,slr_to_ipod,43,128,1e-05,17374,69954,experiments/runs/chromaseed_head_range_v1/models/slr_to_ipod/patch_small__wide_s43.npz,ff58d085e36f3bc4c10fd9309df07d2fc0b250d5e58f9d2858cf54add14a2298,8.276784750789531
docs/archive/2026-09-14/evidence/chromaseed_head_range_v1/results.json,/records/72,patch_small__linear,slr_to_ipod,17,128,1e-05,17374,69954,experiments/runs/chromaseed_head_range_v1/models/slr_to_ipod/patch_small__linear_s17.npz,7d668839f7337a0cada27dce1b0002ff22ec818682f6f298181d3095d1ca2565,7.923698078091206
docs/archive/2026-09-14/evidence/chromaseed_head_range_v1/results.json,/records/73,patch_small__linear,slr_to_ipod,29,128,1e-05,17374,69954,experiments/runs/chromaseed_head_range_v1/models/slr_to_ipod/patch_small__linear_s29.npz,fa8b4f064eae456450974acd5963dc4d932e6c987cc477c92798fa9a1a796cde,8.685895821885234
docs/archive/2026-09-14/evidence/chromaseed_head_range_v1/results.json,/records/74,patch_small__linear,slr_to_ipod,43,128,1e-05,17374,69954,experiments/runs/chromaseed_head_range_v1/models/slr_to_ipod/patch_small__linear_s43.npz,2c3c044ea953b513ced72e2f9d87e6bd00224f1fd80e923941dc95608fe135ea,8.276784751338928
docs/archive/2026-09-14/evidence/chromaseed_head_range_v1/results.json,/records/75,patch5m__wide,slr_to_ipod,17,128,1e-05,4962566,19850722,experiments/runs/chromaseed_head_range_v1/models/slr_to_ipod/patch5m__wide_s17.npz,0027e941a4c96a4f70b7f0d391fcb3952ba2472ad574ca072eb4805949ba79e0,8.041341235625906
docs/archive/2026-09-14/evidence/chromaseed_head_range_v1/results.json,/records/76,patch5m__wide,slr_to_ipod,29,128,1e-05,4962566,19850722,experiments/runs/chromaseed_head_range_v1/models/slr_to_ipod/patch5m__wide_s29.npz,d619013abfba347286f4aee5c2067936e9f13c518f93f03f04dc41d19cf41ec0,8.492940523626057
docs/archive/2026-09-14/evidence/chromaseed_head_range_v1/results.json,/records/77,patch5m__wide,slr_to_ipod,43,128,1e-05,4962566,19850722,experiments/runs/chromaseed_head_range_v1/models/slr_to_ipod/patch5m__wide_s43.npz,0e2d57e9353fa4c46b132b1bb05b49af87d99829f916d01d208f4cb37a880f98,8.306848052002671
docs/archive/2026-09-14/evidence/chromaseed_head_range_v1/results.json,/records/78,patch5m__linear,slr_to_ipod,17,128,1e-05,4962566,19850722,experiments/runs/chromaseed_head_range_v1/models/slr_to_ipod/patch5m__linear_s17.npz,ea3b3c4d6789555ffdaa65e1bb712995a8b65563d27ea0ba38a6aa09b37fcb4a,8.041347991406408
docs/archive/2026-09-14/evidence/chromaseed_head_range_v1/results.json,/records/79,patch5m__linear,slr_to_ipod,29,128,1e-05,4962566,19850722,experiments/runs/chromaseed_head_range_v1/models/slr_to_ipod/patch5m__linear_s29.npz,45c0ae785723591bc676d0fc85a7a5330259c3ff0805e27e9894a0d368ad3b28,8.492992310034854
docs/archive/2026-09-14/evidence/chromaseed_head_range_v1/results.json,/records/80,patch5m__linear,slr_to_ipod,43,128,1e-05,4962566,19850722,experiments/runs/chromaseed_head_range_v1/models/slr_to_ipod/patch5m__linear_s43.npz,3e38700a01e12249214968394a3135c0b6d8d56d8ec76817c97e0dbc4d5d8ced,8.30684851802937
docs/archive/2026-09-14/evidence/chromaseed_head_range_v1/results.json,/records/81,soft_small__wide,slr_to_ipod,17,128,1e-05,15246,61442,experiments/runs/chromaseed_head_range_v1/models/slr_to_ipod/soft_small__wide_s17.npz,41643e3a9365b8110970dacf1f30a2b5f4339e897e958eeadd5fea624c1b2951,7.926224255131424
docs/archive/2026-09-14/evidence/chromaseed_head_range_v1/results.json,/records/82,soft_small__wide,slr_to_ipod,29,128,1e-05,15246,61442,experiments/runs/chromaseed_head_range_v1/models/slr_to_ipod/soft_small__wide_s29.npz,60afa43031afb6b1c862d57625a2be453d6d31ab57a35b10f15c0a02b5e915f0,8.684205245421257
docs/archive/2026-09-14/evidence/chromaseed_head_range_v1/results.json,/records/83,soft_small__wide,slr_to_ipod,43,128,1e-05,15246,61442,experiments/runs/chromaseed_head_range_v1/models/slr_to_ipod/soft_small__wide_s43.npz,92cf7739ff64764399cd50cca1746ee677d4ac2867b1472d678264d24eec0ca2,8.277043475210473
docs/archive/2026-09-14/evidence/chromaseed_head_range_v1/results.json,/records/84,soft_small__linear,slr_to_ipod,17,128,1e-05,15246,61442,experiments/runs/chromaseed_head_range_v1/models/slr_to_ipod/soft_small__linear_s17.npz,ba8621bfb37cd9ae08fddcb6b453e71b15dbdbf3e1f06c8424e47db82d62a70b,7.926224256506364
docs/archive/2026-09-14/evidence/chromaseed_head_range_v1/results.json,/records/85,soft_small__linear,slr_to_ipod,29,128,1e-05,15246,61442,experiments/runs/chromaseed_head_range_v1/models/slr_to_ipod/soft_small__linear_s29.npz,c82e79f36dbb311bd5b33f1dda5e50e464bd4084b2e4dec6133b066e7a22e8ab,8.684205245402065
docs/archive/2026-09-14/evidence/chromaseed_head_range_v1/results.json,/records/86,soft_small__linear,slr_to_ipod,43,128,1e-05,15246,61442,experiments/runs/chromaseed_head_range_v1/models/slr_to_ipod/soft_small__linear_s43.npz,dfa8b86330487c047b49db35acac73be1759752b89f6be6a11280e8046184edc,8.277043474417704
docs/archive/2026-09-14/evidence/chromaseed_head_range_v1/results.json,/records/87,soft5m__wide,slr_to_ipod,17,128,1e-05,4846822,19387746,experiments/runs/chromaseed_head_range_v1/models/slr_to_ipod/soft5m__wide_s17.npz,d5eac73d678c92e8d058ecc6c03557f91465541b9a9f7b431cb7bffa8378029a,8.057654185824832
docs/archive/2026-09-14/evidence/chromaseed_head_range_v1/results.json,/records/88,soft5m__wide,slr_to_ipod,29,128,1e-05,4846822,19387746,experiments/runs/chromaseed_head_range_v1/models/slr_to_ipod/soft5m__wide_s29.npz,f5d6a1b1b494ff9058eca32f3687268de17810c5677486467efac2efc716d8e1,8.481273146733326
docs/archive/2026-09-14/evidence/chromaseed_head_range_v1/results.json,/records/89,soft5m__wide,slr_to_ipod,43,128,1e-05,4846822,19387746,experiments/runs/chromaseed_head_range_v1/models/slr_to_ipod/soft5m__wide_s43.npz,e21e9df77e47cef138f8826e38d3f2ae34ac6d0fe29e49be34b38ed09e8c324c,8.307457539729892
docs/archive/2026-09-14/evidence/chromaseed_head_range_v1/results.json,/records/90,soft5m__linear,slr_to_ipod,17,128,1e-05,4846822,19387746,experiments/runs/chromaseed_head_range_v1/models/slr_to_ipod/soft5m__linear_s17.npz,bbe38fb2ed074c3df6468f158916c04b497a068cbed3242cdec527f28aa1df10,8.057664452511677
docs/archive/2026-09-14/evidence/chromaseed_head_range_v1/results.json,/records/91,soft5m__linear,slr_to_ipod,29,128,1e-05,4846822,19387746,experiments/runs/chromaseed_head_range_v1/models/slr_to_ipod/soft5m__linear_s29.npz,a83f5aa74fd968307dd9ef6573bf863c7d948c99d9e463b5694d6709989bc7e6,8.4813806341452
docs/archive/2026-09-14/evidence/chromaseed_head_range_v1/results.json,/records/92,soft5m__linear,slr_to_ipod,43,128,1e-05,4846822,19387746,experiments/runs/chromaseed_head_range_v1/models/slr_to_ipod/soft5m__linear_s43.npz,961f65f3a61e969bcc58198bfb27a318721117a892c8a1b4dcbccdd74bec7d42,8.307458598729045
docs/archive/2026-09-14/evidence/chromaseed_head_range_v1/results.json,/records/93,dynamic_small__wide,slr_to_ipod,17,128,1e-05,15246,61442,experiments/runs/chromaseed_head_range_v1/models/slr_to_ipod/dynamic_small__wide_s17.npz,792a8e288c7a7171a208e86c9ef806c65d413a5ab3dda85deef8415cdcbf595c,7.926225614920295
docs/archive/2026-09-14/evidence/chromaseed_head_range_v1/results.json,/records/94,dynamic_small__wide,slr_to_ipod,29,128,1e-05,15246,61442,experiments/runs/chromaseed_head_range_v1/models/slr_to_ipod/dynamic_small__wide_s29.npz,3da98c82bb5fe246aef986d4b6cd76702634c12a57a964469e0dd166570a912e,8.68413457315263
docs/archive/2026-09-14/evidence/chromaseed_head_range_v1/results.json,/records/95,dynamic_small__wide,slr_to_ipod,43,128,1e-05,15246,61442,experiments/runs/chromaseed_head_range_v1/models/slr_to_ipod/dynamic_small__wide_s43.npz,4c121757d2c03020e814f0774e00be5b116c74a9e424561fede004eb47e38f3d,8.277011023711669
docs/archive/2026-09-14/evidence/chromaseed_head_range_v1/results.json,/records/96,dynamic_small__linear,slr_to_ipod,17,128,1e-05,15246,61442,experiments/runs/chromaseed_head_range_v1/models/slr_to_ipod/dynamic_small__linear_s17.npz,d6665277f923f7c55ccf3271d7e06924bad6511cce009b5f6eeb969f2654ee38,7.926225616056127
docs/archive/2026-09-14/evidence/chromaseed_head_range_v1/results.json,/records/97,dynamic_small__linear,slr_to_ipod,29,128,1e-05,15246,61442,experiments/runs/chromaseed_head_range_v1/models/slr_to_ipod/dynamic_small__linear_s29.npz,dfa15b7b4c56cdcf7baf840503340933a25562a2abd6c266a79a4419bc82ddab,8.684134573350583
docs/archive/2026-09-14/evidence/chromaseed_head_range_v1/results.json,/records/98,dynamic_small__linear,slr_to_ipod,43,128,1e-05,15246,61442,experiments/runs/chromaseed_head_range_v1/models/slr_to_ipod/dynamic_small__linear_s43.npz,5211ce44a9df6f91916d2fb14bd01fc68266cfca7f90bd441873c3e7868c8ca5,8.277011023722526
docs/archive/2026-09-14/evidence/chromaseed_head_range_v1/results.json,/records/99,dynamic5m__wide,slr_to_ipod,17,128,1e-05,4846822,19387746,experiments/runs/chromaseed_head_range_v1/models/slr_to_ipod/dynamic5m__wide_s17.npz,0ae836e0d1d8e890fd8decc15d33a2605879b4c5f2ae6e7724a5b0502c0d2731,8.055182077841202
docs/archive/2026-09-14/evidence/chromaseed_head_range_v1/results.json,/records/100,dynamic5m__wide,slr_to_ipod,29,128,1e-05,4846822,19387746,experiments/runs/chromaseed_head_range_v1/models/slr_to_ipod/dynamic5m__wide_s29.npz,f4000083ffc6f7cdaaabe2d92dcabcc29c125a35609988f46733c4e373793566,8.490198633427362
docs/archive/2026-09-14/evidence/chromaseed_head_range_v1/results.json,/records/101,dynamic5m__wide,slr_to_ipod,43,128,1e-05,4846822,19387746,experiments/runs/chromaseed_head_range_v1/models/slr_to_ipod/dynamic5m__wide_s43.npz,e7dd533780108356a4b615ce55c6b42cdc7dcec8c6f0faaf764087da7846c4f0,8.310339246933435
docs/archive/2026-09-14/evidence/chromaseed_head_range_v1/results.json,/records/102,dynamic5m__linear,slr_to_ipod,17,128,1e-05,4846822,19387746,experiments/runs/chromaseed_head_range_v1/models/slr_to_ipod/dynamic5m__linear_s17.npz,ff4603bd01abae3e764850f184ee14affb876f2b4b2cc76f2703e5b19dc12689,8.055192058181163
docs/archive/2026-09-14/evidence/chromaseed_head_range_v1/results.json,/records/103,dynamic5m__linear,slr_to_ipod,29,128,1e-05,4846822,19387746,experiments/runs/chromaseed_head_range_v1/models/slr_to_ipod/dynamic5m__linear_s29.npz,10bb4117c5ed7e8d71f786bd76460aa16bcc58129257a4b971204bb5e0efbc5f,8.490309213911713
docs/archive/2026-09-14/evidence/chromaseed_head_range_v1/results.json,/records/104,dynamic5m__linear,slr_to_ipod,43,128,1e-05,4846822,19387746,experiments/runs/chromaseed_head_range_v1/models/slr_to_ipod/dynamic5m__linear_s43.npz,8292255bf4cee21db607b31e4252847e0cff070e2ba150e3e29d3941962378d7,8.31034044361348
docs/archive/2026-09-14/evidence/chromaseed_head_range_v1/results.json,/records/105,pool5m__wide,slr_to_ipod,17,2048,1e-05,4851846,19407842,experiments/runs/chromaseed_head_range_v1/models/slr_to_ipod/pool5m__wide_s17.npz,f0cc892111d9456cd72d74ff8f1ae7ebfb47b886d32857dde943215280515d40,8.211099797168451
docs/archive/2026-09-14/evidence/chromaseed_head_range_v1/results.json,/records/106,pool5m__wide,slr_to_ipod,29,2048,1e-05,4851846,19407842,experiments/runs/chromaseed_head_range_v1/models/slr_to_ipod/pool5m__wide_s29.npz,a011f2f842dad09e891b70b2b46693009f6ff74307fa52ab943b491a9e89155f,8.584606922551377
docs/archive/2026-09-14/evidence/chromaseed_head_range_v1/results.json,/records/107,pool5m__wide,slr_to_ipod,43,2048,1e-05,4851846,19407842,experiments/runs/chromaseed_head_range_v1/models/slr_to_ipod/pool5m__wide_s43.npz,37e0cb9cbf6e9e2b5c3ce5376d6e5e5d0d87a7a08712b8ccef4ff91425ef3fd3,8.672768874623932
docs/archive/2026-09-14/evidence/chromaseed_head_range_v1/results.json,/records/108,pool5m__linear,slr_to_ipod,17,2048,1e-05,4851846,19407842,experiments/runs/chromaseed_head_range_v1/models/slr_to_ipod/pool5m__linear_s17.npz,132ddf4b0a966b648d71ea6b14a3291fc278a3d5356e0458a04f7e589b415d4f,8.214346852033659
docs/archive/2026-09-14/evidence/chromaseed_head_range_v1/results.json,/records/109,pool5m__linear,slr_to_ipod,29,2048,1e-05,4851846,19407842,experiments/runs/chromaseed_head_range_v1/models/slr_to_ipod/pool5m__linear_s29.npz,dcf734f8291e09ca0b8dd2644e1097c275c3eb57c03f200191dd14ec27ef61c0,8.592076733070346
docs/archive/2026-09-14/evidence/chromaseed_head_range_v1/results.json,/records/110,pool5m__linear,slr_to_ipod,43,2048,1e-05,4851846,19407842,experiments/runs/chromaseed_head_range_v1/models/slr_to_ipod/pool5m__linear_s43.npz,556082b5e5330611713f450b6969e2e4d1dc3e051b218145f921e4282c658fef,8.693054389899471
docs/archive/2026-09-14/evidence/chromaseed_head_range_v1/results.json,/records/111,patch_small__unit,slr_to_ipod,17,2048,0.0001,,,,,7.831254884156484
docs/archive/2026-09-14/evidence/chromaseed_head_range_v1/results.json,/records/111/inherited_as_record,patch_small,slr_to_ipod,17,2048,0.0001,17374,69954,experiments/runs/chromaseed_architecture_scale_v1/models/slr_to_ipod/patch_small_s17.npz,f6d2ce13293c7e08e6b4c170543bf88a08ed111bd0817aee3df82c0a5060ee93,7.831254884156484
docs/archive/2026-09-14/evidence/chromaseed_head_range_v1/results.json,/records/112,patch_small__unit,slr_to_ipod,29,2048,0.0001,,,,,8.084015280106694
docs/archive/2026-09-14/evidence/chromaseed_head_range_v1/results.json,/records/112/inherited_as_record,patch_small,slr_to_ipod,29,2048,0.0001,17374,69954,experiments/runs/chromaseed_architecture_scale_v1/models/slr_to_ipod/patch_small_s29.npz,f59fd8160d29c50d78bfd72eec7e45705883d822199f0a10c9cab73c4ebca188,8.084015280106694
docs/archive/2026-09-14/evidence/chromaseed_head_range_v1/results.json,/records/113,patch_small__unit,slr_to_ipod,43,2048,0.0001,,,,,8.098101047622476
docs/archive/2026-09-14/evidence/chromaseed_head_range_v1/results.json,/records/113/inherited_as_record,patch_small,slr_to_ipod,43,2048,0.0001,17374,69954,experiments/runs/chromaseed_architecture_scale_v1/models/slr_to_ipod/patch_small_s43.npz,949d359ae68f3a2697760d5203e731ea268b0f516ad8909697f8062301b5b1f7,8.098101047622476
docs/archive/2026-09-14/evidence/chromaseed_head_range_v1/results.json,/records/114,patch5m__unit,slr_to_ipod,17,128,1e-05,,,,,8.041239745029614
docs/archive/2026-09-14/evidence/chromaseed_head_range_v1/results.json,/records/114/inherited_as_record,patch5m,slr_to_ipod,17,128,1e-05,4962566,19850722,experiments/runs/chromaseed_architecture_scale_v1/models/slr_to_ipod/patch5m_s17.npz,5a0f8477f51294ed3bdb2b3a07d66abb1d9b6cf28781d0281144bcb24ded661f,8.041239745029614
docs/archive/2026-09-14/evidence/chromaseed_head_range_v1/results.json,/records/115,patch5m__unit,slr_to_ipod,29,128,1e-05,,,,,8.492172056437624
docs/archive/2026-09-14/evidence/chromaseed_head_range_v1/results.json,/records/115/inherited_as_record,patch5m,slr_to_ipod,29,128,1e-05,4962566,19850722,experiments/runs/chromaseed_architecture_scale_v1/models/slr_to_ipod/patch5m_s29.npz,c9f21cf7ccf7f38aae698fa7ff415f1bbc239d736ea176b96c95be3f6604ef03,8.492172056437624
docs/archive/2026-09-14/evidence/chromaseed_head_range_v1/results.json,/records/116,patch5m__unit,slr_to_ipod,43,128,1e-05,,,,,8.306840975479028
docs/archive/2026-09-14/evidence/chromaseed_head_range_v1/results.json,/records/116/inherited_as_record,patch5m,slr_to_ipod,43,128,1e-05,4962566,19850722,experiments/runs/chromaseed_architecture_scale_v1/models/slr_to_ipod/patch5m_s43.npz,a7c9abb63d52726fac69ba3dbe2ad2206cf2c886b3e1ab2628ae21301de23a40,8.306840975479028
docs/archive/2026-09-14/evidence/chromaseed_head_range_v1/results.json,/records/117,soft_small__unit,slr_to_ipod,17,128,1e-05,,,,,7.926224232244818
docs/archive/2026-09-14/evidence/chromaseed_head_range_v1/results.json,/records/117/inherited_as_record,soft_small,slr_to_ipod,17,128,1e-05,15246,61442,experiments/runs/chromaseed_architecture_scale_v1/models/slr_to_ipod/soft_small_s17.npz,a7b0652d6ee6364d8ec0f99a429c582b11fc9afcc7aebac39e1736bfdbda118e,7.926224232244818
docs/archive/2026-09-14/evidence/chromaseed_head_range_v1/results.json,/records/118,soft_small__unit,slr_to_ipod,29,128,1e-05,,,,,8.684205245248402
docs/archive/2026-09-14/evidence/chromaseed_head_range_v1/results.json,/records/118/inherited_as_record,soft_small,slr_to_ipod,29,128,1e-05,15246,61442,experiments/runs/chromaseed_architecture_scale_v1/models/slr_to_ipod/soft_small_s29.npz,b34803b124ead2a791fde187f0f227b9580dd65ca3b1d7abf8b1eb5f52962b9b,8.684205245248402
docs/archive/2026-09-14/evidence/chromaseed_head_range_v1/results.json,/records/119,soft_small__unit,slr_to_ipod,43,128,1e-05,,,,,8.27704347616115
docs/archive/2026-09-14/evidence/chromaseed_head_range_v1/results.json,/records/119/inherited_as_record,soft_small,slr_to_ipod,43,128,1e-05,15246,61442,experiments/runs/chromaseed_architecture_scale_v1/models/slr_to_ipod/soft_small_s43.npz,b228c33fd3eea7ff238e7d2ee70efe3d65d0249827bd0cf0a2d9d8b14f90535b,8.27704347616115
docs/archive/2026-09-14/evidence/chromaseed_head_range_v1/results.json,/records/120,soft5m__unit,slr_to_ipod,17,2048,1e-05,,,,,7.855687401623866
docs/archive/2026-09-14/evidence/chromaseed_head_range_v1/results.json,/records/120/inherited_as_record,soft5m,slr_to_ipod,17,2048,1e-05,4846822,19387746,experiments/runs/chromaseed_architecture_scale_v1/models/slr_to_ipod/soft5m_s17.npz,170b3cdf5925d961a6c58caffc426fe2d9dfa21bae69c949f10044a16718738d,7.855687401623866
docs/archive/2026-09-14/evidence/chromaseed_head_range_v1/results.json,/records/121,soft5m__unit,slr_to_ipod,29,2048,1e-05,,,,,8.120747883440114
docs/archive/2026-09-14/evidence/chromaseed_head_range_v1/results.json,/records/121/inherited_as_record,soft5m,slr_to_ipod,29,2048,1e-05,4846822,19387746,experiments/runs/chromaseed_architecture_scale_v1/models/slr_to_ipod/soft5m_s29.npz,17ec5bdf40569f53519b6c2e4439ea5889a22ab4a56b5e9268ec4802bbaf0795,8.120747883440114
docs/archive/2026-09-14/evidence/chromaseed_head_range_v1/results.json,/records/122,soft5m__unit,slr_to_ipod,43,2048,1e-05,,,,,7.954003205097311
docs/archive/2026-09-14/evidence/chromaseed_head_range_v1/results.json,/records/122/inherited_as_record,soft5m,slr_to_ipod,43,2048,1e-05,4846822,19387746,experiments/runs/chromaseed_architecture_scale_v1/models/slr_to_ipod/soft5m_s43.npz,ebaebbed6e12bbb0bc062210364267790ff80f8556a5d810bb3bea09c1ab047a,7.954003205097311
docs/archive/2026-09-14/evidence/chromaseed_head_range_v1/results.json,/records/123,dynamic_small__unit,slr_to_ipod,17,2048,0.0001,,,,,8.18838304757059
docs/archive/2026-09-14/evidence/chromaseed_head_range_v1/results.json,/records/123/inherited_as_record,dynamic_small,slr_to_ipod,17,2048,0.0001,15246,61442,experiments/runs/chromaseed_architecture_scale_v1/models/slr_to_ipod/dynamic_small_s17.npz,639cb7e2c06bc6774c1fbd3265c83157bb60bc40b2dd84b6503b5395366e46d6,8.18838304757059
docs/archive/2026-09-14/evidence/chromaseed_head_range_v1/results.json,/records/124,dynamic_small__unit,slr_to_ipod,29,2048,0.0001,,,,,8.480234150575544
docs/archive/2026-09-14/evidence/chromaseed_head_range_v1/results.json,/records/124/inherited_as_record,dynamic_small,slr_to_ipod,29,2048,0.0001,15246,61442,experiments/runs/chromaseed_architecture_scale_v1/models/slr_to_ipod/dynamic_small_s29.npz,69cb8497be1560bd50345a6a2768d4a3a00fa6e1c899436cf580f5db3cd54463,8.480234150575544
docs/archive/2026-09-14/evidence/chromaseed_head_range_v1/results.json,/records/125,dynamic_small__unit,slr_to_ipod,43,2048,0.0001,,,,,7.6885547134829535
docs/archive/2026-09-14/evidence/chromaseed_head_range_v1/results.json,/records/125/inherited_as_record,dynamic_small,slr_to_ipod,43,2048,0.0001,15246,61442,experiments/runs/chromaseed_architecture_scale_v1/models/slr_to_ipod/dynamic_small_s43.npz,e5e321430de9153069c4f8d38e160d686b875f57c62bd9e0541da95f3f931142,7.6885547134829535
docs/archive/2026-09-14/evidence/chromaseed_head_range_v1/results.json,/records/126,dynamic5m__unit,slr_to_ipod,17,2048,1e-05,,,,,7.900749709379893
docs/archive/2026-09-14/evidence/chromaseed_head_range_v1/results.json,/records/126/inherited_as_record,dynamic5m,slr_to_ipod,17,2048,1e-05,4846822,19387746,experiments/runs/chromaseed_architecture_scale_v1/models/slr_to_ipod/dynamic5m_s17.npz,2e974d9ad621cf86b4f11018ce2be6833bc90fedca90e8b55baa8164e9394809,7.900749709379893
docs/archive/2026-09-14/evidence/chromaseed_head_range_v1/results.json,/records/127,dynamic5m__unit,slr_to_ipod,29,2048,1e-05,,,,,8.9302510746586
docs/archive/2026-09-14/evidence/chromaseed_head_range_v1/results.json,/records/127/inherited_as_record,dynamic5m,slr_to_ipod,29,2048,1e-05,4846822,19387746,experiments/runs/chromaseed_architecture_scale_v1/models/slr_to_ipod/dynamic5m_s29.npz,58d80d01cea6bfd07ead93c9373394f2fff1f8e45304b0831804ade12ac463d7,8.9302510746586
docs/archive/2026-09-14/evidence/chromaseed_head_range_v1/results.json,/records/128,dynamic5m__unit,slr_to_ipod,43,2048,1e-05,,,,,7.648365977382408
docs/archive/2026-09-14/evidence/chromaseed_head_range_v1/results.json,/records/128/inherited_as_record,dynamic5m,slr_to_ipod,43,2048,1e-05,4846822,19387746,experiments/runs/chromaseed_architecture_scale_v1/models/slr_to_ipod/dynamic5m_s43.npz,2d5690e6e13405eeda4e414af01a58802ac2287d8edf3f6240dd58218b15425b,7.648365977382408
docs/archive/2026-09-14/evidence/chromaseed_head_range_v1/results.json,/records/129,pool5m__unit,slr_to_ipod,17,2048,1e-05,,,,,8.142857534200552
docs/archive/2026-09-14/evidence/chromaseed_head_range_v1/results.json,/records/129/inherited_as_record,pool5m,slr_to_ipod,17,2048,1e-05,4851846,19407842,experiments/runs/chromaseed_architecture_scale_v1/models/slr_to_ipod/pool5m_s17.npz,ab6d6d565eb8b797c680df0aa8d8ec2bfccfd12e7a60640c32b680c9eedb4ac0,8.142857534200552
docs/archive/2026-09-14/evidence/chromaseed_head_range_v1/results.json,/records/130,pool5m__unit,slr_to_ipod,29,2048,1e-05,,,,,8.531132493547805
docs/archive/2026-09-14/evidence/chromaseed_head_range_v1/results.json,/records/130/inherited_as_record,pool5m,slr_to_ipod,29,2048,1e-05,4851846,19407842,experiments/runs/chromaseed_architecture_scale_v1/models/slr_to_ipod/pool5m_s29.npz,ad6ec9fa678ad45753f107b136b2d14cc226a8bd450b606247eccc0b71f61903,8.531132493547805
docs/archive/2026-09-14/evidence/chromaseed_head_range_v1/results.json,/records/131,pool5m__unit,slr_to_ipod,43,2048,1e-05,,,,,8.557486207028296
docs/archive/2026-09-14/evidence/chromaseed_head_range_v1/results.json,/records/131/inherited_as_record,pool5m,slr_to_ipod,43,2048,1e-05,4851846,19407842,experiments/runs/chromaseed_architecture_scale_v1/models/slr_to_ipod/pool5m_s43.npz,7b36cb4370d9d3189b63da77904000d0e313e6795a0418740418176d4f014eee,8.557486207028296
docs/archive/2026-09-14/evidence/chromaseed_head_range_v1/results.json,/records/132,np,slr_to_ipod,17,0,,,,,,7.917104358302984
docs/archive/2026-09-14/evidence/chromaseed_head_range_v1/results.json,/records/132/inherited_as_record,np,slr_to_ipod,17,0,,,,,,7.917104358302984
docs/archive/2026-09-14/evidence/chromaseed_head_range_v1/results.json,/records/132/inherited_as_record/imported_we_record,np,slr_to_ipod,17,0,,643,2886,,5efa01db5dac7ba94855bb6fd7422eff0c58dd6c8ff959f9d9a1410049844850,7.917104358302984
docs/archive/2026-09-14/evidence/chromaseed_head_range_v1/results.json,/records/133,np,slr_to_ipod,29,0,,,,,,8.683932159092297
docs/archive/2026-09-14/evidence/chromaseed_head_range_v1/results.json,/records/133/inherited_as_record,np,slr_to_ipod,29,0,,,,,,8.683932159092297
docs/archive/2026-09-14/evidence/chromaseed_head_range_v1/results.json,/records/133/inherited_as_record/imported_we_record,np,slr_to_ipod,29,0,,643,2886,,fac9311bc23ef1378af5b4a09f5c7d3b5652f6bb2b0071ec6f7c7cf5afc33c7f,8.683932159092297
docs/archive/2026-09-14/evidence/chromaseed_head_range_v1/results.json,/records/134,np,slr_to_ipod,43,0,,,,,,8.282000601437858
docs/archive/2026-09-14/evidence/chromaseed_head_range_v1/results.json,/records/134/inherited_as_record,np,slr_to_ipod,43,0,,,,,,8.282000601437858
docs/archive/2026-09-14/evidence/chromaseed_head_range_v1/results.json,/records/134/inherited_as_record/imported_we_record,np,slr_to_ipod,43,0,,643,2886,,8105956233bc764f984f42a7823336b280e5616f3c4efb95e2b44c5ab0249ec1,8.282000601437858
docs/archive/2026-09-14/evidence/chromaseed_head_range_v1/results.json,/records/135,we,slr_to_ipod,17,2048,1e-05,,,,,7.936369617939816
docs/archive/2026-09-14/evidence/chromaseed_head_range_v1/results.json,/records/135/inherited_as_record,we,slr_to_ipod,17,2048,1e-05,,,,,7.936369617939816
docs/archive/2026-09-14/evidence/chromaseed_head_range_v1/results.json,/records/135/inherited_as_record/imported_we_record,m832,slr_to_ipod,17,2048,1e-05,832259,3329494,,30aec2e8f10f59ce4c65f07f45156f04eac9205c49d494610ef9b21e969b148a,7.936369617939816
docs/archive/2026-09-14/evidence/chromaseed_head_range_v1/results.json,/records/136,we,slr_to_ipod,29,2048,1e-05,,,,,8.659662395535403
docs/archive/2026-09-14/evidence/chromaseed_head_range_v1/results.json,/records/136/inherited_as_record,we,slr_to_ipod,29,2048,1e-05,,,,,8.659662395535403
docs/archive/2026-09-14/evidence/chromaseed_head_range_v1/results.json,/records/136/inherited_as_record/imported_we_record,m832,slr_to_ipod,29,2048,1e-05,832259,3329494,,72fe2fabc7840ab8c0b9715e1f6ab578c0ba27266625da4c22400b540dc31979,8.659662395535403
docs/archive/2026-09-14/evidence/chromaseed_head_range_v1/results.json,/records/137,we,slr_to_ipod,43,2048,1e-05,,,,,8.547416407290982
docs/archive/2026-09-14/evidence/chromaseed_head_range_v1/results.json,/records/137/inherited_as_record,we,slr_to_ipod,43,2048,1e-05,,,,,8.547416407290982
docs/archive/2026-09-14/evidence/chromaseed_head_range_v1/results.json,/records/137/inherited_as_record/imported_we_record,m832,slr_to_ipod,43,2048,1e-05,832259,3329494,,5dd46d7d5f516d75c516da259181a8c470ad4e8e6dc09f486263e7c14b9c2870,8.547416407290982
docs/archive/2026-09-14/evidence/chromaseed_head_range_v1/results.json,/records/138,patch_small__wide,ipod_to_slr,17,2048,0.0001,17374,69954,experiments/runs/chromaseed_head_range_v1/models/ipod_to_slr/patch_small__wide_s17.npz,89e8c682d3454a62369bdeab5fdd0af738cb5acd73e720f99209de21c766f2af,7.926394198065021
docs/archive/2026-09-14/evidence/chromaseed_head_range_v1/results.json,/records/139,patch_small__wide,ipod_to_slr,29,2048,0.0001,17374,69954,experiments/runs/chromaseed_head_range_v1/models/ipod_to_slr/patch_small__wide_s29.npz,4fc7403a132e00d98219f537d3324b64a0e3eedd22ded659d4754f678b9f42e9,8.917437856442053
docs/archive/2026-09-14/evidence/chromaseed_head_range_v1/results.json,/records/140,patch_small__wide,ipod_to_slr,43,2048,0.0001,17374,69954,experiments/runs/chromaseed_head_range_v1/models/ipod_to_slr/patch_small__wide_s43.npz,6a01aa3d273a19063ccd43a97b7ac8adc61622aa439636219b9ad7d608d63597,9.86091967308012
docs/archive/2026-09-14/evidence/chromaseed_head_range_v1/results.json,/records/141,patch_small__linear,ipod_to_slr,17,2048,0.0001,17374,69954,experiments/runs/chromaseed_head_range_v1/models/ipod_to_slr/patch_small__linear_s17.npz,0147a876f7056af82b0da72f0032ca87d234e96009cf6c48b14891ef25b44949,7.938003448686265
docs/archive/2026-09-14/evidence/chromaseed_head_range_v1/results.json,/records/142,patch_small__linear,ipod_to_slr,29,2048,0.0001,17374,69954,experiments/runs/chromaseed_head_range_v1/models/ipod_to_slr/patch_small__linear_s29.npz,25174f0937cba1401965904bd0e108b61c925b463fe661e8d8edfb1492cd8b89,8.913378490335248
docs/archive/2026-09-14/evidence/chromaseed_head_range_v1/results.json,/records/143,patch_small__linear,ipod_to_slr,43,2048,0.0001,17374,69954,experiments/runs/chromaseed_head_range_v1/models/ipod_to_slr/patch_small__linear_s43.npz,3344c82cd53bda295352987eebfce3dcd03248104964d92e0e89dfee6624a0f8,9.859467485718897
docs/archive/2026-09-14/evidence/chromaseed_head_range_v1/results.json,/records/144,patch5m__wide,ipod_to_slr,17,2048,1e-05,4962566,19850722,experiments/runs/chromaseed_head_range_v1/models/ipod_to_slr/patch5m__wide_s17.npz,0e9570915271f7f16d53a8dc4d5359bbfd8b05ec61ac1e52a779a0dcffb9aa34,7.534471990737333
docs/archive/2026-09-14/evidence/chromaseed_head_range_v1/results.json,/records/145,patch5m__wide,ipod_to_slr,29,2048,1e-05,4962566,19850722,experiments/runs/chromaseed_head_range_v1/models/ipod_to_slr/patch5m__wide_s29.npz,02c34a58082764030f8c9d5bd250039e8d31b477779ea5e3ad5eb75dd83cf6f5,9.658736314057263
docs/archive/2026-09-14/evidence/chromaseed_head_range_v1/results.json,/records/146,patch5m__wide,ipod_to_slr,43,2048,1e-05,4962566,19850722,experiments/runs/chromaseed_head_range_v1/models/ipod_to_slr/patch5m__wide_s43.npz,10c55c13edcd06c5a7ac1fe5b1407a393b2b360a1e91354d286ce2ade699fce9,9.739288113286644
docs/archive/2026-09-14/evidence/chromaseed_head_range_v1/results.json,/records/147,patch5m__linear,ipod_to_slr,17,2048,1e-05,4962566,19850722,experiments/runs/chromaseed_head_range_v1/models/ipod_to_slr/patch5m__linear_s17.npz,ddafda2c845de15850ac39e1d423c1a94aa1728666b80c949650dc77c195bd4e,7.536079713297653
docs/archive/2026-09-14/evidence/chromaseed_head_range_v1/results.json,/records/148,patch5m__linear,ipod_to_slr,29,2048,1e-05,4962566,19850722,experiments/runs/chromaseed_head_range_v1/models/ipod_to_slr/patch5m__linear_s29.npz,68634a428eae4832209f6868758d5e265e0068954bc6794d6d194bd1c6706eda,9.656708265635405
docs/archive/2026-09-14/evidence/chromaseed_head_range_v1/results.json,/records/149,patch5m__linear,ipod_to_slr,43,2048,1e-05,4962566,19850722,experiments/runs/chromaseed_head_range_v1/models/ipod_to_slr/patch5m__linear_s43.npz,dcce3a9bc24ea84ea40960531a939cef6479129a5ce90637b4e02f8d458fe839,9.741602632772208
docs/archive/2026-09-14/evidence/chromaseed_head_range_v1/results.json,/records/150,soft_small__wide,ipod_to_slr,17,512,0.0001,15246,61442,experiments/runs/chromaseed_head_range_v1/models/ipod_to_slr/soft_small__wide_s17.npz,47bfe3525c75a772cd32518f0fa2d20b8cd666194cbb027dca9489f580d170dd,8.702674065425388
docs/archive/2026-09-14/evidence/chromaseed_head_range_v1/results.json,/records/151,soft_small__wide,ipod_to_slr,29,512,0.0001,15246,61442,experiments/runs/chromaseed_head_range_v1/models/ipod_to_slr/soft_small__wide_s29.npz,2eede18444b7bdf19ced6c4643d6a6aa381f8a2fe1442d7c976f9726efaf19de,8.122073977268446
docs/archive/2026-09-14/evidence/chromaseed_head_range_v1/results.json,/records/152,soft_small__wide,ipod_to_slr,43,512,0.0001,15246,61442,experiments/runs/chromaseed_head_range_v1/models/ipod_to_slr/soft_small__wide_s43.npz,4bd9151803c11514382cdc93dea83c4e18973b195b61dfea5430b5410767cb58,8.784267657796894
docs/archive/2026-09-14/evidence/chromaseed_head_range_v1/results.json,/records/153,soft_small__linear,ipod_to_slr,17,512,0.0001,15246,61442,experiments/runs/chromaseed_head_range_v1/models/ipod_to_slr/soft_small__linear_s17.npz,83f5154eae4f8de1813eaa681614931ad100ffd12210a603768050665434e7d5,8.702607349723493
docs/archive/2026-09-14/evidence/chromaseed_head_range_v1/results.json,/records/154,soft_small__linear,ipod_to_slr,29,512,0.0001,15246,61442,experiments/runs/chromaseed_head_range_v1/models/ipod_to_slr/soft_small__linear_s29.npz,23425742996f461c1686d826f37f40c5d2fb4717d4eb9c579669da5e819282d8,8.122008278232695
docs/archive/2026-09-14/evidence/chromaseed_head_range_v1/results.json,/records/155,soft_small__linear,ipod_to_slr,43,512,0.0001,15246,61442,experiments/runs/chromaseed_head_range_v1/models/ipod_to_slr/soft_small__linear_s43.npz,726e28c18ad4c40eaf45daf60e95ca72df4855ac02e5ce7049b4e071bbdf13a3,8.784338605289761
docs/archive/2026-09-14/evidence/chromaseed_head_range_v1/results.json,/records/156,soft5m__wide,ipod_to_slr,17,2048,1e-05,4846822,19387746,experiments/runs/chromaseed_head_range_v1/models/ipod_to_slr/soft5m__wide_s17.npz,7b76618b75303b1c0eb43f42cf960b69433650e44787637419474ffadf8ee824,7.778062572023063
docs/archive/2026-09-14/evidence/chromaseed_head_range_v1/results.json,/records/157,soft5m__wide,ipod_to_slr,29,2048,1e-05,4846822,19387746,experiments/runs/chromaseed_head_range_v1/models/ipod_to_slr/soft5m__wide_s29.npz,9cb58479590d096028f1bb4e01d4ceba59e57fc9cc869b8339eed87f4550473a,9.503702602489739
docs/archive/2026-09-14/evidence/chromaseed_head_range_v1/results.json,/records/158,soft5m__wide,ipod_to_slr,43,2048,1e-05,4846822,19387746,experiments/runs/chromaseed_head_range_v1/models/ipod_to_slr/soft5m__wide_s43.npz,697ae62bc7c6c8fff8c549ce84ecfc7def32ce74dd08553ab4cf4a3fe3facd67,9.340483471139109
docs/archive/2026-09-14/evidence/chromaseed_head_range_v1/results.json,/records/159,soft5m__linear,ipod_to_slr,17,2048,1e-05,4846822,19387746,experiments/runs/chromaseed_head_range_v1/models/ipod_to_slr/soft5m__linear_s17.npz,6f2fe281b98cc1c064d4a3230d42310894777e6baa164424da15b6c632c3fcb5,7.789316243798684
docs/archive/2026-09-14/evidence/chromaseed_head_range_v1/results.json,/records/160,soft5m__linear,ipod_to_slr,29,2048,1e-05,4846822,19387746,experiments/runs/chromaseed_head_range_v1/models/ipod_to_slr/soft5m__linear_s29.npz,68cf6484aea6d52e6cae281035ad4942b8c3c3d76afcd764605e853a699b14c8,9.515586917923951
docs/archive/2026-09-14/evidence/chromaseed_head_range_v1/results.json,/records/161,soft5m__linear,ipod_to_slr,43,2048,1e-05,4846822,19387746,experiments/runs/chromaseed_head_range_v1/models/ipod_to_slr/soft5m__linear_s43.npz,ddfdb5afd386069d9368dc879ef59574cf3d7d52f40d02abb185f96eaf6cfbb2,9.356252739007477
docs/archive/2026-09-14/evidence/chromaseed_head_range_v1/results.json,/records/162,dynamic_small__wide,ipod_to_slr,17,2048,0.0001,15246,61442,experiments/runs/chromaseed_head_range_v1/models/ipod_to_slr/dynamic_small__wide_s17.npz,422fec1c530bb793277db085add664cef5835b3817e46da41ce42b2502969761,7.606886821041047
docs/archive/2026-09-14/evidence/chromaseed_head_range_v1/results.json,/records/163,dynamic_small__wide,ipod_to_slr,29,2048,0.0001,15246,61442,experiments/runs/chromaseed_head_range_v1/models/ipod_to_slr/dynamic_small__wide_s29.npz,b7c9f4fcaf8ff17f6e315fbca4c9a1d2293f6b22fa424d00370179354ff132d8,9.300975756433257
docs/archive/2026-09-14/evidence/chromaseed_head_range_v1/results.json,/records/164,dynamic_small__wide,ipod_to_slr,43,2048,0.0001,15246,61442,experiments/runs/chromaseed_head_range_v1/models/ipod_to_slr/dynamic_small__wide_s43.npz,ece48c7684313724a9b06fca1c228dabfe4d0bcec295396b5d10c162a1f11709,8.995766968680272
docs/archive/2026-09-14/evidence/chromaseed_head_range_v1/results.json,/records/165,dynamic_small__linear,ipod_to_slr,17,2048,0.0001,15246,61442,experiments/runs/chromaseed_head_range_v1/models/ipod_to_slr/dynamic_small__linear_s17.npz,c235ee9dd30b0a532a64e9ce121beb68c58fbce2222d8cbf63f5e707b0b04138,7.846060911177818
docs/archive/2026-09-14/evidence/chromaseed_head_range_v1/results.json,/records/166,dynamic_small__linear,ipod_to_slr,29,2048,0.0001,15246,61442,experiments/runs/chromaseed_head_range_v1/models/ipod_to_slr/dynamic_small__linear_s29.npz,04c0d2a2d1639d5c997c1d78a8c9f3728f004d19f9e7bfb94dde3eec679a4936,9.353885702682218
docs/archive/2026-09-14/evidence/chromaseed_head_range_v1/results.json,/records/167,dynamic_small__linear,ipod_to_slr,43,2048,0.0001,15246,61442,experiments/runs/chromaseed_head_range_v1/models/ipod_to_slr/dynamic_small__linear_s43.npz,ba61d4d6deb6f12da3e3fcd9b3b3f6f2beaccca7194fd45cdb852126e3e5a156,8.76035929355669
docs/archive/2026-09-14/evidence/chromaseed_head_range_v1/results.json,/records/168,dynamic5m__wide,ipod_to_slr,17,128,0.0001,4846822,19387746,experiments/runs/chromaseed_head_range_v1/models/ipod_to_slr/dynamic5m__wide_s17.npz,9f7b9e4a79ff8672fecd36e2d96185e28dd6200a05c248c836a3e66fdc71621e,8.475086501104931
docs/archive/2026-09-14/evidence/chromaseed_head_range_v1/results.json,/records/169,dynamic5m__wide,ipod_to_slr,29,128,0.0001,4846822,19387746,experiments/runs/chromaseed_head_range_v1/models/ipod_to_slr/dynamic5m__wide_s29.npz,87a50227f7e29ce9b5f0a7824340564b1aa8a5d62a58f58e89101501c7d0e15c,8.90204084260795
docs/archive/2026-09-14/evidence/chromaseed_head_range_v1/results.json,/records/170,dynamic5m__wide,ipod_to_slr,43,128,0.0001,4846822,19387746,experiments/runs/chromaseed_head_range_v1/models/ipod_to_slr/dynamic5m__wide_s43.npz,8498de39b5717145fcc882954d02b49cc31d05562a860e4c4059911a0c16fd83,9.942187778990508
docs/archive/2026-09-14/evidence/chromaseed_head_range_v1/results.json,/records/171,dynamic5m__linear,ipod_to_slr,17,2048,1e-05,4846822,19387746,experiments/runs/chromaseed_head_range_v1/models/ipod_to_slr/dynamic5m__linear_s17.npz,79ab4ed3f55270554a170bc8087a8a849d0e3e627a4f5f6efaf7235ab6e12c04,7.736572942424992
docs/archive/2026-09-14/evidence/chromaseed_head_range_v1/results.json,/records/172,dynamic5m__linear,ipod_to_slr,29,2048,1e-05,4846822,19387746,experiments/runs/chromaseed_head_range_v1/models/ipod_to_slr/dynamic5m__linear_s29.npz,7b6fe3d39ffd9bf071203bd0bf099c7b2c5286bc5b7d8b5c331064097e57be5e,9.520063433272142
docs/archive/2026-09-14/evidence/chromaseed_head_range_v1/results.json,/records/173,dynamic5m__linear,ipod_to_slr,43,2048,1e-05,4846822,19387746,experiments/runs/chromaseed_head_range_v1/models/ipod_to_slr/dynamic5m__linear_s43.npz,4cafc8e9e72b45a3b579669df1165d2a68db301934a65d2bb52d1079b2199351,9.951136440193045
docs/archive/2026-09-14/evidence/chromaseed_head_range_v1/results.json,/records/174,pool5m__wide,ipod_to_slr,17,128,0.0001,4851846,19407842,experiments/runs/chromaseed_head_range_v1/models/ipod_to_slr/pool5m__wide_s17.npz,8243b3c502f27afe283057a84681e340c73bf4583cd3b0c4f0b0a99d361469b3,7.837899855934368
docs/archive/2026-09-14/evidence/chromaseed_head_range_v1/results.json,/records/175,pool5m__wide,ipod_to_slr,29,128,0.0001,4851846,19407842,experiments/runs/chromaseed_head_range_v1/models/ipod_to_slr/pool5m__wide_s29.npz,c824ab1ea8f3dc61e1321eaa89d71394c50542efd419308e2eca2bd010945730,9.007886219842351
docs/archive/2026-09-14/evidence/chromaseed_head_range_v1/results.json,/records/176,pool5m__wide,ipod_to_slr,43,128,0.0001,4851846,19407842,experiments/runs/chromaseed_head_range_v1/models/ipod_to_slr/pool5m__wide_s43.npz,29ac24fece7d8e084106e38837389e72de8d400051b3f794636f411bfec552b0,8.79850287647951
docs/archive/2026-09-14/evidence/chromaseed_head_range_v1/results.json,/records/177,pool5m__linear,ipod_to_slr,17,128,0.0001,4851846,19407842,experiments/runs/chromaseed_head_range_v1/models/ipod_to_slr/pool5m__linear_s17.npz,cc7089ed7ee7e705babfc78b51f5c5b60d4826905a70de2055c939230a97694a,7.864414954009526
docs/archive/2026-09-14/evidence/chromaseed_head_range_v1/results.json,/records/178,pool5m__linear,ipod_to_slr,29,128,0.0001,4851846,19407842,experiments/runs/chromaseed_head_range_v1/models/ipod_to_slr/pool5m__linear_s29.npz,75a434174acff325fe1bc43bb807f4ec3c58110dd837cae8babaaa12caecfbb1,9.005065141215708
docs/archive/2026-09-14/evidence/chromaseed_head_range_v1/results.json,/records/179,pool5m__linear,ipod_to_slr,43,128,0.0001,4851846,19407842,experiments/runs/chromaseed_head_range_v1/models/ipod_to_slr/pool5m__linear_s43.npz,e6d2d2e214d7603980ec3380f25919ee8d149d9c7ab96c09ee99a0b8a2bd2445,8.793725256013506
docs/archive/2026-09-14/evidence/chromaseed_head_range_v1/results.json,/records/180,patch_small__unit,ipod_to_slr,17,2048,0.0001,,,,,7.839530455675505
docs/archive/2026-09-14/evidence/chromaseed_head_range_v1/results.json,/records/180/inherited_as_record,patch_small,ipod_to_slr,17,2048,0.0001,17374,69954,experiments/runs/chromaseed_architecture_scale_v1/models/ipod_to_slr/patch_small_s17.npz,babe22c87253b2ac3dc6fea80a6c95c61338a974f8d88b80255088a7754a9e14,7.839530455675505
docs/archive/2026-09-14/evidence/chromaseed_head_range_v1/results.json,/records/181,patch_small__unit,ipod_to_slr,29,2048,0.0001,,,,,8.975284586252485
docs/archive/2026-09-14/evidence/chromaseed_head_range_v1/results.json,/records/181/inherited_as_record,patch_small,ipod_to_slr,29,2048,0.0001,17374,69954,experiments/runs/chromaseed_architecture_scale_v1/models/ipod_to_slr/patch_small_s29.npz,af5b2169640ed37d16b4f53c7bc91626d2199a1e0a099c23bb9586b292caabdb,8.975284586252485
docs/archive/2026-09-14/evidence/chromaseed_head_range_v1/results.json,/records/182,patch_small__unit,ipod_to_slr,43,2048,0.0001,,,,,9.87951145591484
docs/archive/2026-09-14/evidence/chromaseed_head_range_v1/results.json,/records/182/inherited_as_record,patch_small,ipod_to_slr,43,2048,0.0001,17374,69954,experiments/runs/chromaseed_architecture_scale_v1/models/ipod_to_slr/patch_small_s43.npz,1164b5611ea7f07a89669db76625eefce91858be39c4a8fb97ebbe6ebbd7cc3b,9.87951145591484
docs/archive/2026-09-14/evidence/chromaseed_head_range_v1/results.json,/records/183,patch5m__unit,ipod_to_slr,17,2048,1e-05,,,,,7.5422515074028
docs/archive/2026-09-14/evidence/chromaseed_head_range_v1/results.json,/records/183/inherited_as_record,patch5m,ipod_to_slr,17,2048,1e-05,4962566,19850722,experiments/runs/chromaseed_architecture_scale_v1/models/ipod_to_slr/patch5m_s17.npz,94638cc66de18e2725bc7bebb7a9567cdc87d5fe5acb58a5a6c8ee344597f33b,7.5422515074028
docs/archive/2026-09-14/evidence/chromaseed_head_range_v1/results.json,/records/184,patch5m__unit,ipod_to_slr,29,2048,1e-05,,,,,9.655558800286222
docs/archive/2026-09-14/evidence/chromaseed_head_range_v1/results.json,/records/184/inherited_as_record,patch5m,ipod_to_slr,29,2048,1e-05,4962566,19850722,experiments/runs/chromaseed_architecture_scale_v1/models/ipod_to_slr/patch5m_s29.npz,99fe6dc4b22c7af9eb1bb90b5d96eba35d27cf1bfeff2379280c7c991cdd601f,9.655558800286222
docs/archive/2026-09-14/evidence/chromaseed_head_range_v1/results.json,/records/185,patch5m__unit,ipod_to_slr,43,2048,1e-05,,,,,9.713267149950301
docs/archive/2026-09-14/evidence/chromaseed_head_range_v1/results.json,/records/185/inherited_as_record,patch5m,ipod_to_slr,43,2048,1e-05,4962566,19850722,experiments/runs/chromaseed_architecture_scale_v1/models/ipod_to_slr/patch5m_s43.npz,e5eca7ac51d6a86f8272e5d9b397c153f00ede6789bbf79074d5368d9ae5bbfe,9.713267149950301
docs/archive/2026-09-14/evidence/chromaseed_head_range_v1/results.json,/records/186,soft_small__unit,ipod_to_slr,17,512,0.0001,,,,,8.703568231357137
docs/archive/2026-09-14/evidence/chromaseed_head_range_v1/results.json,/records/186/inherited_as_record,soft_small,ipod_to_slr,17,512,0.0001,15246,61442,experiments/runs/chromaseed_architecture_scale_v1/models/ipod_to_slr/soft_small_s17.npz,85f94a36d8b2093440f8443a4d720e1a3ba6f366e24bfdf030f005d7f8b21330,8.703568231357137
docs/archive/2026-09-14/evidence/chromaseed_head_range_v1/results.json,/records/187,soft_small__unit,ipod_to_slr,29,512,0.0001,,,,,8.123056025453524
docs/archive/2026-09-14/evidence/chromaseed_head_range_v1/results.json,/records/187/inherited_as_record,soft_small,ipod_to_slr,29,512,0.0001,15246,61442,experiments/runs/chromaseed_architecture_scale_v1/models/ipod_to_slr/soft_small_s29.npz,5ba23f27f1e979f8c3e0f31d44270909a673c885137a011e5b90f3d3a4b55323,8.123056025453524
docs/archive/2026-09-14/evidence/chromaseed_head_range_v1/results.json,/records/188,soft_small__unit,ipod_to_slr,43,512,0.0001,,,,,8.783207622401214
docs/archive/2026-09-14/evidence/chromaseed_head_range_v1/results.json,/records/188/inherited_as_record,soft_small,ipod_to_slr,43,512,0.0001,15246,61442,experiments/runs/chromaseed_architecture_scale_v1/models/ipod_to_slr/soft_small_s43.npz,5979ad5e91b2e87fe4f7611b83b23afc4d8f5f32460feaa40b50faaffa86f057,8.783207622401214
docs/archive/2026-09-14/evidence/chromaseed_head_range_v1/results.json,/records/189,soft5m__unit,ipod_to_slr,17,2048,1e-05,,,,,7.755176155267132
docs/archive/2026-09-14/evidence/chromaseed_head_range_v1/results.json,/records/189/inherited_as_record,soft5m,ipod_to_slr,17,2048,1e-05,4846822,19387746,experiments/runs/chromaseed_architecture_scale_v1/models/ipod_to_slr/soft5m_s17.npz,2ed387c2a2d1f376b3c29859a7cdaee393b41118bce4a7e9e199e690753cb6ef,7.755176155267132
docs/archive/2026-09-14/evidence/chromaseed_head_range_v1/results.json,/records/190,soft5m__unit,ipod_to_slr,29,2048,1e-05,,,,,9.441179067176954
docs/archive/2026-09-14/evidence/chromaseed_head_range_v1/results.json,/records/190/inherited_as_record,soft5m,ipod_to_slr,29,2048,1e-05,4846822,19387746,experiments/runs/chromaseed_architecture_scale_v1/models/ipod_to_slr/soft5m_s29.npz,bf5c5204d81a0931014370e7f873947e599adc84018f81308de0f48e20a26fcb,9.441179067176954
docs/archive/2026-09-14/evidence/chromaseed_head_range_v1/results.json,/records/191,soft5m__unit,ipod_to_slr,43,2048,1e-05,,,,,9.237893068435685
docs/archive/2026-09-14/evidence/chromaseed_head_range_v1/results.json,/records/191/inherited_as_record,soft5m,ipod_to_slr,43,2048,1e-05,4846822,19387746,experiments/runs/chromaseed_architecture_scale_v1/models/ipod_to_slr/soft5m_s43.npz,d65a73cb76e0ed68792c1e89a76a266f71bdb36e1aec86aefddf0a22552bf148,9.237893068435685
docs/archive/2026-09-14/evidence/chromaseed_head_range_v1/results.json,/records/192,dynamic_small__unit,ipod_to_slr,17,2048,0.0001,,,,,7.6269790260908685
docs/archive/2026-09-14/evidence/chromaseed_head_range_v1/results.json,/records/192/inherited_as_record,dynamic_small,ipod_to_slr,17,2048,0.0001,15246,61442,experiments/runs/chromaseed_architecture_scale_v1/models/ipod_to_slr/dynamic_small_s17.npz,025d047e9337e66c6d57493f6589cc87eae82d377c60b4ca65b741a0e3e88f6c,7.6269790260908685
docs/archive/2026-09-14/evidence/chromaseed_head_range_v1/results.json,/records/193,dynamic_small__unit,ipod_to_slr,29,2048,0.0001,,,,,9.345580665875165
docs/archive/2026-09-14/evidence/chromaseed_head_range_v1/results.json,/records/193/inherited_as_record,dynamic_small,ipod_to_slr,29,2048,0.0001,15246,61442,experiments/runs/chromaseed_architecture_scale_v1/models/ipod_to_slr/dynamic_small_s29.npz,c79ebfd7d0f05d1eedc3fae56f90601df804fb1ff06d171b33f4e3d6c591f76c,9.345580665875165
docs/archive/2026-09-14/evidence/chromaseed_head_range_v1/results.json,/records/194,dynamic_small__unit,ipod_to_slr,43,2048,0.0001,,,,,8.904285249430128
docs/archive/2026-09-14/evidence/chromaseed_head_range_v1/results.json,/records/194/inherited_as_record,dynamic_small,ipod_to_slr,43,2048,0.0001,15246,61442,experiments/runs/chromaseed_architecture_scale_v1/models/ipod_to_slr/dynamic_small_s43.npz,9a11ddde09f8f0f5445d67ee9701ba5242e7fd52579466649a855c4df61531f7,8.904285249430128
docs/archive/2026-09-14/evidence/chromaseed_head_range_v1/results.json,/records/195,dynamic5m__unit,ipod_to_slr,17,2048,1e-05,,,,,7.634937167797262
docs/archive/2026-09-14/evidence/chromaseed_head_range_v1/results.json,/records/195/inherited_as_record,dynamic5m,ipod_to_slr,17,2048,1e-05,4846822,19387746,experiments/runs/chromaseed_architecture_scale_v1/models/ipod_to_slr/dynamic5m_s17.npz,ae87519dd3103195169c7ddf75c22250cea1b17f1551c2eca4cf9674ef2a82f4,7.634937167797262
docs/archive/2026-09-14/evidence/chromaseed_head_range_v1/results.json,/records/196,dynamic5m__unit,ipod_to_slr,29,2048,1e-05,,,,,9.45860546705312
docs/archive/2026-09-14/evidence/chromaseed_head_range_v1/results.json,/records/196/inherited_as_record,dynamic5m,ipod_to_slr,29,2048,1e-05,4846822,19387746,experiments/runs/chromaseed_architecture_scale_v1/models/ipod_to_slr/dynamic5m_s29.npz,2cd349ff3ccd1b766a6e19b6e63d20d2855e82593816bccc3624658209e04a57,9.45860546705312
docs/archive/2026-09-14/evidence/chromaseed_head_range_v1/results.json,/records/197,dynamic5m__unit,ipod_to_slr,43,2048,1e-05,,,,,9.910811213835366
docs/archive/2026-09-14/evidence/chromaseed_head_range_v1/results.json,/records/197/inherited_as_record,dynamic5m,ipod_to_slr,43,2048,1e-05,4846822,19387746,experiments/runs/chromaseed_architecture_scale_v1/models/ipod_to_slr/dynamic5m_s43.npz,79e74d486bd49563677bb3f7d59726fd1e3b9136b116f8449595417d8ce0e161,9.910811213835366
docs/archive/2026-09-14/evidence/chromaseed_head_range_v1/results.json,/records/198,pool5m__unit,ipod_to_slr,17,512,1e-05,,,,,7.92333541020282
docs/archive/2026-09-14/evidence/chromaseed_head_range_v1/results.json,/records/198/inherited_as_record,pool5m,ipod_to_slr,17,512,1e-05,4851846,19407842,experiments/runs/chromaseed_architecture_scale_v1/models/ipod_to_slr/pool5m_s17.npz,b68ca3acccd811d833d00f2cf58e00400d8674e4a5b42994ca53ea193ad81600,7.92333541020282
docs/archive/2026-09-14/evidence/chromaseed_head_range_v1/results.json,/records/199,pool5m__unit,ipod_to_slr,29,512,1e-05,,,,,8.747285642410175
docs/archive/2026-09-14/evidence/chromaseed_head_range_v1/results.json,/records/199/inherited_as_record,pool5m,ipod_to_slr,29,512,1e-05,4851846,19407842,experiments/runs/chromaseed_architecture_scale_v1/models/ipod_to_slr/pool5m_s29.npz,b0313516910ea1cf0a89dea75d0e93e5b68d18d15ffd70802eefda027463b3e5,8.747285642410175
docs/archive/2026-09-14/evidence/chromaseed_head_range_v1/results.json,/records/200,pool5m__unit,ipod_to_slr,43,512,1e-05,,,,,9.02733879746602
docs/archive/2026-09-14/evidence/chromaseed_head_range_v1/results.json,/records/200/inherited_as_record,pool5m,ipod_to_slr,43,512,1e-05,4851846,19407842,experiments/runs/chromaseed_architecture_scale_v1/models/ipod_to_slr/pool5m_s43.npz,ebc0554ad99d5e3bf9e16606494460e3ee87c9578f45f006933f070b991e8b88,9.02733879746602
docs/archive/2026-09-14/evidence/chromaseed_head_range_v1/results.json,/records/201,np,ipod_to_slr,17,0,,,,,,8.639697980137349
docs/archive/2026-09-14/evidence/chromaseed_head_range_v1/results.json,/records/201/inherited_as_record,np,ipod_to_slr,17,0,,,,,,8.639697980137349
docs/archive/2026-09-14/evidence/chromaseed_head_range_v1/results.json,/records/201/inherited_as_record/imported_we_record,np,ipod_to_slr,17,0,,643,2886,,3f7a9e9f496f756c61c0dd17c6f35bb92fb6d99881428b32f6907656761ccad6,8.639697980137349
docs/archive/2026-09-14/evidence/chromaseed_head_range_v1/results.json,/records/202,np,ipod_to_slr,29,0,,,,,,8.608578745822632
docs/archive/2026-09-14/evidence/chromaseed_head_range_v1/results.json,/records/202/inherited_as_record,np,ipod_to_slr,29,0,,,,,,8.608578745822632
docs/archive/2026-09-14/evidence/chromaseed_head_range_v1/results.json,/records/202/inherited_as_record/imported_we_record,np,ipod_to_slr,29,0,,643,2886,,fe807aa86c8f5b3d65a4c48c2a5a713af0a7ae2808ae68efec9892288bb75f3b,8.608578745822632
docs/archive/2026-09-14/evidence/chromaseed_head_range_v1/results.json,/records/203,np,ipod_to_slr,43,0,,,,,,8.520319711471531
docs/archive/2026-09-14/evidence/chromaseed_head_range_v1/results.json,/records/203/inherited_as_record,np,ipod_to_slr,43,0,,,,,,8.520319711471531
docs/archive/2026-09-14/evidence/chromaseed_head_range_v1/results.json,/records/203/inherited_as_record/imported_we_record,np,ipod_to_slr,43,0,,643,2886,,99042ece8fa3d3dc68a54e9ac60f50d6d3de7f6a0ec25c3dbe0ef344bd7cd680,8.520319711471531
docs/archive/2026-09-14/evidence/chromaseed_head_range_v1/results.json,/records/204,we,ipod_to_slr,17,2048,3e-05,,,,,7.592777735914605
docs/archive/2026-09-14/evidence/chromaseed_head_range_v1/results.json,/records/204/inherited_as_record,we,ipod_to_slr,17,2048,3e-05,,,,,7.592777735914605
docs/archive/2026-09-14/evidence/chromaseed_head_range_v1/results.json,/records/204/inherited_as_record/imported_we_record,m61,ipod_to_slr,17,2048,3e-05,60611,242902,,6700a04563214bcc527ea3906cf7bdcec1f59725af04a57a8810967a3c42354e,7.592777735914605
docs/archive/2026-09-14/evidence/chromaseed_head_range_v1/results.json,/records/205,we,ipod_to_slr,29,2048,3e-05,,,,,8.804878921957128
docs/archive/2026-09-14/evidence/chromaseed_head_range_v1/results.json,/records/205/inherited_as_record,we,ipod_to_slr,29,2048,3e-05,,,,,8.804878921957128
docs/archive/2026-09-14/evidence/chromaseed_head_range_v1/results.json,/records/205/inherited_as_record/imported_we_record,m61,ipod_to_slr,29,2048,3e-05,60611,242902,,d3bc2044df315edd59bbbdfe1a37596261897401354bd75f15530e27e05f6c6d,8.804878921957128
docs/archive/2026-09-14/evidence/chromaseed_head_range_v1/results.json,/records/206,we,ipod_to_slr,43,2048,3e-05,,,,,8.758329536846972
docs/archive/2026-09-14/evidence/chromaseed_head_range_v1/results.json,/records/206/inherited_as_record,we,ipod_to_slr,43,2048,3e-05,,,,,8.758329536846972
docs/archive/2026-09-14/evidence/chromaseed_head_range_v1/results.json,/records/206/inherited_as_record/imported_we_record,m61,ipod_to_slr,43,2048,3e-05,60611,242902,,96a4085ddf6313fc0e1f11c329767251276d139bd42380720160d215cc831576,8.758329536846972
docs/archive/2026-09-14/evidence/chromaseed_recurrent_stream_v1/qualification.json,/cases/0,soft_small,mixed,17,,,,,,85061532b54fd54373ea5a4ad0d1033ad8661b71b1704370094ae7c48be51f67,
docs/archive/2026-09-14/evidence/chromaseed_recurrent_stream_v1/qualification.json,/cases/1,soft_small,mixed,29,,,,,,1ac0c811d3edf8f03b36597770511011eb62bde1bddbee1dff2e5d78d5a17c19,
docs/archive/2026-09-14/evidence/chromaseed_recurrent_stream_v1/qualification.json,/cases/2,soft_small,mixed,43,,,,,,6da347b17fc96c5bb810629515e2d9ae8aa58d1c36878d3697dc75fdfca5a39a,
docs/archive/2026-09-14/evidence/chromaseed_recurrent_stream_v1/qualification.json,/cases/3,soft5m,mixed,17,,,,,,4089257f197974390c722cca0c0a9254b463444293b2f67d10184e9dead4ed43,
docs/archive/2026-09-14/evidence/chromaseed_recurrent_stream_v1/qualification.json,/cases/4,soft5m,mixed,29,,,,,,5e1927a007f0a370a53889745210b710914c8e3a6f126dfaf496b5f8bcf5274c,
docs/archive/2026-09-14/evidence/chromaseed_recurrent_stream_v1/qualification.json,/cases/5,soft5m,mixed,43,,,,,,ae140adc6f908531e96a4f1cd4a1999b922c896450a0513f0ede72d7e699592c,
docs/archive/2026-09-14/evidence/chromaseed_recurrent_stream_v1/qualification.json,/cases/6,dynamic_small,mixed,17,,,,,,4dd89e170d524763cd3ad570312340da010c5e2a9177cda3c3567dba8c1c7adb,
docs/archive/2026-09-14/evidence/chromaseed_recurrent_stream_v1/qualification.json,/cases/7,dynamic_small,mixed,29,,,,,,5f9a94f64f3dec3b76d4367119edd5df55494daab6272aaaa391df3d19ef5beb,
docs/archive/2026-09-14/evidence/chromaseed_recurrent_stream_v1/qualification.json,/cases/8,dynamic_small,mixed,43,,,,,,065793e40d803375f0f403e868f77c3dbd1765f69bd780146ba0ebc88387759a,
docs/archive/2026-09-14/evidence/chromaseed_recurrent_stream_v1/qualification.json,/cases/9,dynamic5m,mixed,17,,,,,,014eac28f9d80abf61903aa0351805718b72417d74b9e584a44e7a4dc092b80b,
docs/archive/2026-09-14/evidence/chromaseed_recurrent_stream_v1/qualification.json,/cases/10,dynamic5m,mixed,29,,,,,,53b8b14a6fe52db05a290ca13c37bdefaf23f9593612e19b5243287edff33f0f,
docs/archive/2026-09-14/evidence/chromaseed_recurrent_stream_v1/qualification.json,/cases/11,dynamic5m,mixed,43,,,,,,6b336f678406ec22404806448efee96c461d2eda04d15136cd4e8d1c4202a64d,
docs/archive/2026-09-14/evidence/chromaseed_recurrent_stream_v1/qualification.json,/cases/12,soft_small,slr_to_ipod,17,,,,,,a7b0652d6ee6364d8ec0f99a429c582b11fc9afcc7aebac39e1736bfdbda118e,
docs/archive/2026-09-14/evidence/chromaseed_recurrent_stream_v1/qualification.json,/cases/13,soft_small,slr_to_ipod,29,,,,,,b34803b124ead2a791fde187f0f227b9580dd65ca3b1d7abf8b1eb5f52962b9b,
docs/archive/2026-09-14/evidence/chromaseed_recurrent_stream_v1/qualification.json,/cases/14,soft_small,slr_to_ipod,43,,,,,,b228c33fd3eea7ff238e7d2ee70efe3d65d0249827bd0cf0a2d9d8b14f90535b,
docs/archive/2026-09-14/evidence/chromaseed_recurrent_stream_v1/qualification.json,/cases/15,soft5m,slr_to_ipod,17,,,,,,170b3cdf5925d961a6c58caffc426fe2d9dfa21bae69c949f10044a16718738d,
docs/archive/2026-09-14/evidence/chromaseed_recurrent_stream_v1/qualification.json,/cases/16,soft5m,slr_to_ipod,29,,,,,,17ec5bdf40569f53519b6c2e4439ea5889a22ab4a56b5e9268ec4802bbaf0795,
docs/archive/2026-09-14/evidence/chromaseed_recurrent_stream_v1/qualification.json,/cases/17,soft5m,slr_to_ipod,43,,,,,,ebaebbed6e12bbb0bc062210364267790ff80f8556a5d810bb3bea09c1ab047a,
docs/archive/2026-09-14/evidence/chromaseed_recurrent_stream_v1/qualification.json,/cases/18,dynamic_small,slr_to_ipod,17,,,,,,639cb7e2c06bc6774c1fbd3265c83157bb60bc40b2dd84b6503b5395366e46d6,
docs/archive/2026-09-14/evidence/chromaseed_recurrent_stream_v1/qualification.json,/cases/19,dynamic_small,slr_to_ipod,29,,,,,,69cb8497be1560bd50345a6a2768d4a3a00fa6e1c899436cf580f5db3cd54463,
docs/archive/2026-09-14/evidence/chromaseed_recurrent_stream_v1/qualification.json,/cases/20,dynamic_small,slr_to_ipod,43,,,,,,e5e321430de9153069c4f8d38e160d686b875f57c62bd9e0541da95f3f931142,
docs/archive/2026-09-14/evidence/chromaseed_recurrent_stream_v1/qualification.json,/cases/21,dynamic5m,slr_to_ipod,17,,,,,,2e974d9ad621cf86b4f11018ce2be6833bc90fedca90e8b55baa8164e9394809,
docs/archive/2026-09-14/evidence/chromaseed_recurrent_stream_v1/qualification.json,/cases/22,dynamic5m,slr_to_ipod,29,,,,,,58d80d01cea6bfd07ead93c9373394f2fff1f8e45304b0831804ade12ac463d7,
docs/archive/2026-09-14/evidence/chromaseed_recurrent_stream_v1/qualification.json,/cases/23,dynamic5m,slr_to_ipod,43,,,,,,2d5690e6e13405eeda4e414af01a58802ac2287d8edf3f6240dd58218b15425b,
docs/archive/2026-09-14/evidence/chromaseed_recurrent_stream_v1/qualification.json,/cases/24,soft_small,ipod_to_slr,17,,,,,,85f94a36d8b2093440f8443a4d720e1a3ba6f366e24bfdf030f005d7f8b21330,
docs/archive/2026-09-14/evidence/chromaseed_recurrent_stream_v1/qualification.json,/cases/25,soft_small,ipod_to_slr,29,,,,,,5ba23f27f1e979f8c3e0f31d44270909a673c885137a011e5b90f3d3a4b55323,
docs/archive/2026-09-14/evidence/chromaseed_recurrent_stream_v1/qualification.json,/cases/26,soft_small,ipod_to_slr,43,,,,,,5979ad5e91b2e87fe4f7611b83b23afc4d8f5f32460feaa40b50faaffa86f057,
docs/archive/2026-09-14/evidence/chromaseed_recurrent_stream_v1/qualification.json,/cases/27,soft5m,ipod_to_slr,17,,,,,,2ed387c2a2d1f376b3c29859a7cdaee393b41118bce4a7e9e199e690753cb6ef,
docs/archive/2026-09-14/evidence/chromaseed_recurrent_stream_v1/qualification.json,/cases/28,soft5m,ipod_to_slr,29,,,,,,bf5c5204d81a0931014370e7f873947e599adc84018f81308de0f48e20a26fcb,
docs/archive/2026-09-14/evidence/chromaseed_recurrent_stream_v1/qualification.json,/cases/29,soft5m,ipod_to_slr,43,,,,,,d65a73cb76e0ed68792c1e89a76a266f71bdb36e1aec86aefddf0a22552bf148,
docs/archive/2026-09-14/evidence/chromaseed_recurrent_stream_v1/qualification.json,/cases/30,dynamic_small,ipod_to_slr,17,,,,,,025d047e9337e66c6d57493f6589cc87eae82d377c60b4ca65b741a0e3e88f6c,
docs/archive/2026-09-14/evidence/chromaseed_recurrent_stream_v1/qualification.json,/cases/31,dynamic_small,ipod_to_slr,29,,,,,,c79ebfd7d0f05d1eedc3fae56f90601df804fb1ff06d171b33f4e3d6c591f76c,
docs/archive/2026-09-14/evidence/chromaseed_recurrent_stream_v1/qualification.json,/cases/32,dynamic_small,ipod_to_slr,43,,,,,,9a11ddde09f8f0f5445d67ee9701ba5242e7fd52579466649a855c4df61531f7,
docs/archive/2026-09-14/evidence/chromaseed_recurrent_stream_v1/qualification.json,/cases/33,dynamic5m,ipod_to_slr,17,,,,,,ae87519dd3103195169c7ddf75c22250cea1b17f1551c2eca4cf9674ef2a82f4,
docs/archive/2026-09-14/evidence/chromaseed_recurrent_stream_v1/qualification.json,/cases/34,dynamic5m,ipod_to_slr,29,,,,,,2cd349ff3ccd1b766a6e19b6e63d20d2855e82593816bccc3624658209e04a57,
docs/archive/2026-09-14/evidence/chromaseed_recurrent_stream_v1/qualification.json,/cases/35,dynamic5m,ipod_to_slr,43,,,,,,79e74d486bd49563677bb3f7d59726fd1e3b9136b116f8449595417d8ce0e161,
docs/archive/2026-09-14/evidence/run_metadata/chromaseed_architecture_scale_v1/results.json,/records/0,patch_small,mixed,17,2048,0.0001,17374,69954,experiments/runs/chromaseed_architecture_scale_v1/models/mixed/patch_small_s17.npz,817fe6e1e43e8cba592bb0e2db86235c73d91af516a3ae727b3110891194d9e3,5.689149015797944
docs/archive/2026-09-14/evidence/run_metadata/chromaseed_architecture_scale_v1/results.json,/records/1,patch_small,mixed,29,2048,0.0001,17374,69954,experiments/runs/chromaseed_architecture_scale_v1/models/mixed/patch_small_s29.npz,50b2dc29d01629598b3d21ae86c4c2bd0ced98a0b311e6a4cbe7dd28c6284b15,5.563322741358327
docs/archive/2026-09-14/evidence/run_metadata/chromaseed_architecture_scale_v1/results.json,/records/2,patch_small,mixed,43,2048,0.0001,17374,69954,experiments/runs/chromaseed_architecture_scale_v1/models/mixed/patch_small_s43.npz,35d6d11180df5b7a6f01e52dca15d67c337e1d5e8713d2b565804adc51505c39,5.657823901481962
docs/archive/2026-09-14/evidence/run_metadata/chromaseed_architecture_scale_v1/results.json,/records/3,patch5m,mixed,17,2048,1e-05,4962566,19850722,experiments/runs/chromaseed_architecture_scale_v1/models/mixed/patch5m_s17.npz,24e9392ba3cf917b6e552be0eca39b132874d7db5ce141bda9c633429f49624b,5.6628071858390605
docs/archive/2026-09-14/evidence/run_metadata/chromaseed_architecture_scale_v1/results.json,/records/4,patch5m,mixed,29,2048,1e-05,4962566,19850722,experiments/runs/chromaseed_architecture_scale_v1/models/mixed/patch5m_s29.npz,b1268795bed23c309639bb01cbabf87ef04e69e605af268ae3998ac74bc3c3c5,5.5452096418914705
docs/archive/2026-09-14/evidence/run_metadata/chromaseed_architecture_scale_v1/results.json,/records/5,patch5m,mixed,43,2048,1e-05,4962566,19850722,experiments/runs/chromaseed_architecture_scale_v1/models/mixed/patch5m_s43.npz,f6e4999abbd5f9cd03d20d768b97ea218e53bed5469621969f11baad72d8b8e5,5.611049588165776
docs/archive/2026-09-14/evidence/run_metadata/chromaseed_architecture_scale_v1/results.json,/records/6,soft_small,mixed,17,512,0.0001,15246,61442,experiments/runs/chromaseed_architecture_scale_v1/models/mixed/soft_small_s17.npz,85061532b54fd54373ea5a4ad0d1033ad8661b71b1704370094ae7c48be51f67,5.665446861852508
docs/archive/2026-09-14/evidence/run_metadata/chromaseed_architecture_scale_v1/results.json,/records/7,soft_small,mixed,29,512,0.0001,15246,61442,experiments/runs/chromaseed_architecture_scale_v1/models/mixed/soft_small_s29.npz,1ac0c811d3edf8f03b36597770511011eb62bde1bddbee1dff2e5d78d5a17c19,5.746714144837455
docs/archive/2026-09-14/evidence/run_metadata/chromaseed_architecture_scale_v1/results.json,/records/8,soft_small,mixed,43,512,0.0001,15246,61442,experiments/runs/chromaseed_architecture_scale_v1/models/mixed/soft_small_s43.npz,6da347b17fc96c5bb810629515e2d9ae8aa58d1c36878d3697dc75fdfca5a39a,5.670075160907943
docs/archive/2026-09-14/evidence/run_metadata/chromaseed_architecture_scale_v1/results.json,/records/9,soft5m,mixed,17,512,1e-05,4846822,19387746,experiments/runs/chromaseed_architecture_scale_v1/models/mixed/soft5m_s17.npz,4089257f197974390c722cca0c0a9254b463444293b2f67d10184e9dead4ed43,5.665645883762394
docs/archive/2026-09-14/evidence/run_metadata/chromaseed_architecture_scale_v1/results.json,/records/10,soft5m,mixed,29,512,1e-05,4846822,19387746,experiments/runs/chromaseed_architecture_scale_v1/models/mixed/soft5m_s29.npz,5e1927a007f0a370a53889745210b710914c8e3a6f126dfaf496b5f8bcf5274c,5.680803516511861
docs/archive/2026-09-14/evidence/run_metadata/chromaseed_architecture_scale_v1/results.json,/records/11,soft5m,mixed,43,512,1e-05,4846822,19387746,experiments/runs/chromaseed_architecture_scale_v1/models/mixed/soft5m_s43.npz,ae140adc6f908531e96a4f1cd4a1999b922c896450a0513f0ede72d7e699592c,5.640902374528843
docs/archive/2026-09-14/evidence/run_metadata/chromaseed_architecture_scale_v1/results.json,/records/12,dynamic_small,mixed,17,512,0.0001,15246,61442,experiments/runs/chromaseed_architecture_scale_v1/models/mixed/dynamic_small_s17.npz,4dd89e170d524763cd3ad570312340da010c5e2a9177cda3c3567dba8c1c7adb,5.637724066752997
docs/archive/2026-09-14/evidence/run_metadata/chromaseed_architecture_scale_v1/results.json,/records/13,dynamic_small,mixed,29,512,0.0001,15246,61442,experiments/runs/chromaseed_architecture_scale_v1/models/mixed/dynamic_small_s29.npz,5f9a94f64f3dec3b76d4367119edd5df55494daab6272aaaa391df3d19ef5beb,5.767362377764644
docs/archive/2026-09-14/evidence/run_metadata/chromaseed_architecture_scale_v1/results.json,/records/14,dynamic_small,mixed,43,512,0.0001,15246,61442,experiments/runs/chromaseed_architecture_scale_v1/models/mixed/dynamic_small_s43.npz,065793e40d803375f0f403e868f77c3dbd1765f69bd780146ba0ebc88387759a,5.672991767639428
docs/archive/2026-09-14/evidence/run_metadata/chromaseed_architecture_scale_v1/results.json,/records/15,dynamic5m,mixed,17,2048,1e-05,4846822,19387746,experiments/runs/chromaseed_architecture_scale_v1/models/mixed/dynamic5m_s17.npz,014eac28f9d80abf61903aa0351805718b72417d74b9e584a44e7a4dc092b80b,5.769310109511516
docs/archive/2026-09-14/evidence/run_metadata/chromaseed_architecture_scale_v1/results.json,/records/16,dynamic5m,mixed,29,2048,1e-05,4846822,19387746,experiments/runs/chromaseed_architecture_scale_v1/models/mixed/dynamic5m_s29.npz,53b8b14a6fe52db05a290ca13c37bdefaf23f9593612e19b5243287edff33f0f,5.594402969872232
docs/archive/2026-09-14/evidence/run_metadata/chromaseed_architecture_scale_v1/results.json,/records/17,dynamic5m,mixed,43,2048,1e-05,4846822,19387746,experiments/runs/chromaseed_architecture_scale_v1/models/mixed/dynamic5m_s43.npz,6b336f678406ec22404806448efee96c461d2eda04d15136cd4e8d1c4202a64d,5.569445586735188
docs/archive/2026-09-14/evidence/run_metadata/chromaseed_architecture_scale_v1/results.json,/records/18,pool5m,mixed,17,2048,1e-05,4851846,19407842,experiments/runs/chromaseed_architecture_scale_v1/models/mixed/pool5m_s17.npz,ee9c5a7f84d78f8b187d8a38722b76a195cf5bcc120c6fd34674ae94dfaa6919,5.497396514537381
docs/archive/2026-09-14/evidence/run_metadata/chromaseed_architecture_scale_v1/results.json,/records/19,pool5m,mixed,29,2048,1e-05,4851846,19407842,experiments/runs/chromaseed_architecture_scale_v1/models/mixed/pool5m_s29.npz,18a082e1ad51d7acb704f0f26c65dbbeb32f95b54e33b4f6927e464cedc022c9,5.388925266455307
docs/archive/2026-09-14/evidence/run_metadata/chromaseed_architecture_scale_v1/results.json,/records/20,pool5m,mixed,43,2048,1e-05,4851846,19407842,experiments/runs/chromaseed_architecture_scale_v1/models/mixed/pool5m_s43.npz,955bcff02d89033ea650b4b09672beaf552304b0d40ae90030722c72a3704c6b,5.325232431830929
docs/archive/2026-09-14/evidence/run_metadata/chromaseed_architecture_scale_v1/results.json,/records/21,np,mixed,17,0,,,,,,5.854976108558997
docs/archive/2026-09-14/evidence/run_metadata/chromaseed_architecture_scale_v1/results.json,/records/21/imported_we_record,np,mixed,17,0,,643,2886,,c7d617bd5acbf126c9037fff33a5ce6411da4e653e6574a2ba2b1b43d01b55aa,5.854976108558997
docs/archive/2026-09-14/evidence/run_metadata/chromaseed_architecture_scale_v1/results.json,/records/22,np,mixed,29,0,,,,,,5.806650019434955
docs/archive/2026-09-14/evidence/run_metadata/chromaseed_architecture_scale_v1/results.json,/records/22/imported_we_record,np,mixed,29,0,,643,2886,,65e6148fdee2b5da1c92c5622754feb39aa868cc340ca736ccd465d14805e877,5.806650019434955
docs/archive/2026-09-14/evidence/run_metadata/chromaseed_architecture_scale_v1/results.json,/records/23,np,mixed,43,0,,,,,,5.649993668184457
docs/archive/2026-09-14/evidence/run_metadata/chromaseed_architecture_scale_v1/results.json,/records/23/imported_we_record,np,mixed,43,0,,643,2886,,e551299ba8f345b1abfa0c1ddcc5b5e983ba79ed9d101c311d228a31199f7fc1,5.649993668184457
docs/archive/2026-09-14/evidence/run_metadata/chromaseed_architecture_scale_v1/results.json,/records/24,we,mixed,17,2048,3e-05,,,,,5.5550892931415445
docs/archive/2026-09-14/evidence/run_metadata/chromaseed_architecture_scale_v1/results.json,/records/24/imported_we_record,m111,mixed,17,2048,3e-05,110979,444374,,33e6b9cb66675e42a73331873ec9604198e3e89ee84b59396732b9cb57bd0acd,5.5550892931415445
docs/archive/2026-09-14/evidence/run_metadata/chromaseed_architecture_scale_v1/results.json,/records/25,we,mixed,29,2048,3e-05,,,,,5.475545942287465
docs/archive/2026-09-14/evidence/run_metadata/chromaseed_architecture_scale_v1/results.json,/records/25/imported_we_record,m111,mixed,29,2048,3e-05,110979,444374,,dd974bf79b678be76b0bbd3637d66e5856353b39ce301e77d072a7bb5db067f7,5.475545942287465
docs/archive/2026-09-14/evidence/run_metadata/chromaseed_architecture_scale_v1/results.json,/records/26,we,mixed,43,2048,3e-05,,,,,5.40268865036369
docs/archive/2026-09-14/evidence/run_metadata/chromaseed_architecture_scale_v1/results.json,/records/26/imported_we_record,m111,mixed,43,2048,3e-05,110979,444374,,061072d795f57cc11feeb51a9b00853a9d71f0aa5c24d6d86471af3542c422d8,5.40268865036369
docs/archive/2026-09-14/evidence/run_metadata/chromaseed_architecture_scale_v1/results.json,/records/27,patch_small,slr_to_ipod,17,2048,0.0001,17374,69954,experiments/runs/chromaseed_architecture_scale_v1/models/slr_to_ipod/patch_small_s17.npz,f6d2ce13293c7e08e6b4c170543bf88a08ed111bd0817aee3df82c0a5060ee93,7.831254884156484
docs/archive/2026-09-14/evidence/run_metadata/chromaseed_architecture_scale_v1/results.json,/records/28,patch_small,slr_to_ipod,29,2048,0.0001,17374,69954,experiments/runs/chromaseed_architecture_scale_v1/models/slr_to_ipod/patch_small_s29.npz,f59fd8160d29c50d78bfd72eec7e45705883d822199f0a10c9cab73c4ebca188,8.084015280106694
docs/archive/2026-09-14/evidence/run_metadata/chromaseed_architecture_scale_v1/results.json,/records/29,patch_small,slr_to_ipod,43,2048,0.0001,17374,69954,experiments/runs/chromaseed_architecture_scale_v1/models/slr_to_ipod/patch_small_s43.npz,949d359ae68f3a2697760d5203e731ea268b0f516ad8909697f8062301b5b1f7,8.098101047622476
docs/archive/2026-09-14/evidence/run_metadata/chromaseed_architecture_scale_v1/results.json,/records/30,patch5m,slr_to_ipod,17,128,1e-05,4962566,19850722,experiments/runs/chromaseed_architecture_scale_v1/models/slr_to_ipod/patch5m_s17.npz,5a0f8477f51294ed3bdb2b3a07d66abb1d9b6cf28781d0281144bcb24ded661f,8.041239745029614
docs/archive/2026-09-14/evidence/run_metadata/chromaseed_architecture_scale_v1/results.json,/records/31,patch5m,slr_to_ipod,29,128,1e-05,4962566,19850722,experiments/runs/chromaseed_architecture_scale_v1/models/slr_to_ipod/patch5m_s29.npz,c9f21cf7ccf7f38aae698fa7ff415f1bbc239d736ea176b96c95be3f6604ef03,8.492172056437624
docs/archive/2026-09-14/evidence/run_metadata/chromaseed_architecture_scale_v1/results.json,/records/32,patch5m,slr_to_ipod,43,128,1e-05,4962566,19850722,experiments/runs/chromaseed_architecture_scale_v1/models/slr_to_ipod/patch5m_s43.npz,a7c9abb63d52726fac69ba3dbe2ad2206cf2c886b3e1ab2628ae21301de23a40,8.306840975479028
docs/archive/2026-09-14/evidence/run_metadata/chromaseed_architecture_scale_v1/results.json,/records/33,soft_small,slr_to_ipod,17,128,1e-05,15246,61442,experiments/runs/chromaseed_architecture_scale_v1/models/slr_to_ipod/soft_small_s17.npz,a7b0652d6ee6364d8ec0f99a429c582b11fc9afcc7aebac39e1736bfdbda118e,7.926224232244818
docs/archive/2026-09-14/evidence/run_metadata/chromaseed_architecture_scale_v1/results.json,/records/34,soft_small,slr_to_ipod,29,128,1e-05,15246,61442,experiments/runs/chromaseed_architecture_scale_v1/models/slr_to_ipod/soft_small_s29.npz,b34803b124ead2a791fde187f0f227b9580dd65ca3b1d7abf8b1eb5f52962b9b,8.684205245248402
docs/archive/2026-09-14/evidence/run_metadata/chromaseed_architecture_scale_v1/results.json,/records/35,soft_small,slr_to_ipod,43,128,1e-05,15246,61442,experiments/runs/chromaseed_architecture_scale_v1/models/slr_to_ipod/soft_small_s43.npz,b228c33fd3eea7ff238e7d2ee70efe3d65d0249827bd0cf0a2d9d8b14f90535b,8.27704347616115
docs/archive/2026-09-14/evidence/run_metadata/chromaseed_architecture_scale_v1/results.json,/records/36,soft5m,slr_to_ipod,17,2048,1e-05,4846822,19387746,experiments/runs/chromaseed_architecture_scale_v1/models/slr_to_ipod/soft5m_s17.npz,170b3cdf5925d961a6c58caffc426fe2d9dfa21bae69c949f10044a16718738d,7.855687401623866
docs/archive/2026-09-14/evidence/run_metadata/chromaseed_architecture_scale_v1/results.json,/records/37,soft5m,slr_to_ipod,29,2048,1e-05,4846822,19387746,experiments/runs/chromaseed_architecture_scale_v1/models/slr_to_ipod/soft5m_s29.npz,17ec5bdf40569f53519b6c2e4439ea5889a22ab4a56b5e9268ec4802bbaf0795,8.120747883440114
docs/archive/2026-09-14/evidence/run_metadata/chromaseed_architecture_scale_v1/results.json,/records/38,soft5m,slr_to_ipod,43,2048,1e-05,4846822,19387746,experiments/runs/chromaseed_architecture_scale_v1/models/slr_to_ipod/soft5m_s43.npz,ebaebbed6e12bbb0bc062210364267790ff80f8556a5d810bb3bea09c1ab047a,7.954003205097311
docs/archive/2026-09-14/evidence/run_metadata/chromaseed_architecture_scale_v1/results.json,/records/39,dynamic_small,slr_to_ipod,17,2048,0.0001,15246,61442,experiments/runs/chromaseed_architecture_scale_v1/models/slr_to_ipod/dynamic_small_s17.npz,639cb7e2c06bc6774c1fbd3265c83157bb60bc40b2dd84b6503b5395366e46d6,8.18838304757059
docs/archive/2026-09-14/evidence/run_metadata/chromaseed_architecture_scale_v1/results.json,/records/40,dynamic_small,slr_to_ipod,29,2048,0.0001,15246,61442,experiments/runs/chromaseed_architecture_scale_v1/models/slr_to_ipod/dynamic_small_s29.npz,69cb8497be1560bd50345a6a2768d4a3a00fa6e1c899436cf580f5db3cd54463,8.480234150575544
docs/archive/2026-09-14/evidence/run_metadata/chromaseed_architecture_scale_v1/results.json,/records/41,dynamic_small,slr_to_ipod,43,2048,0.0001,15246,61442,experiments/runs/chromaseed_architecture_scale_v1/models/slr_to_ipod/dynamic_small_s43.npz,e5e321430de9153069c4f8d38e160d686b875f57c62bd9e0541da95f3f931142,7.6885547134829535
docs/archive/2026-09-14/evidence/run_metadata/chromaseed_architecture_scale_v1/results.json,/records/42,dynamic5m,slr_to_ipod,17,2048,1e-05,4846822,19387746,experiments/runs/chromaseed_architecture_scale_v1/models/slr_to_ipod/dynamic5m_s17.npz,2e974d9ad621cf86b4f11018ce2be6833bc90fedca90e8b55baa8164e9394809,7.900749709379893
docs/archive/2026-09-14/evidence/run_metadata/chromaseed_architecture_scale_v1/results.json,/records/43,dynamic5m,slr_to_ipod,29,2048,1e-05,4846822,19387746,experiments/runs/chromaseed_architecture_scale_v1/models/slr_to_ipod/dynamic5m_s29.npz,58d80d01cea6bfd07ead93c9373394f2fff1f8e45304b0831804ade12ac463d7,8.9302510746586
docs/archive/2026-09-14/evidence/run_metadata/chromaseed_architecture_scale_v1/results.json,/records/44,dynamic5m,slr_to_ipod,43,2048,1e-05,4846822,19387746,experiments/runs/chromaseed_architecture_scale_v1/models/slr_to_ipod/dynamic5m_s43.npz,2d5690e6e13405eeda4e414af01a58802ac2287d8edf3f6240dd58218b15425b,7.648365977382408
docs/archive/2026-09-14/evidence/run_metadata/chromaseed_architecture_scale_v1/results.json,/records/45,pool5m,slr_to_ipod,17,2048,1e-05,4851846,19407842,experiments/runs/chromaseed_architecture_scale_v1/models/slr_to_ipod/pool5m_s17.npz,ab6d6d565eb8b797c680df0aa8d8ec2bfccfd12e7a60640c32b680c9eedb4ac0,8.142857534200552
docs/archive/2026-09-14/evidence/run_metadata/chromaseed_architecture_scale_v1/results.json,/records/46,pool5m,slr_to_ipod,29,2048,1e-05,4851846,19407842,experiments/runs/chromaseed_architecture_scale_v1/models/slr_to_ipod/pool5m_s29.npz,ad6ec9fa678ad45753f107b136b2d14cc226a8bd450b606247eccc0b71f61903,8.531132493547805
docs/archive/2026-09-14/evidence/run_metadata/chromaseed_architecture_scale_v1/results.json,/records/47,pool5m,slr_to_ipod,43,2048,1e-05,4851846,19407842,experiments/runs/chromaseed_architecture_scale_v1/models/slr_to_ipod/pool5m_s43.npz,7b36cb4370d9d3189b63da77904000d0e313e6795a0418740418176d4f014eee,8.557486207028296
docs/archive/2026-09-14/evidence/run_metadata/chromaseed_architecture_scale_v1/results.json,/records/48,np,slr_to_ipod,17,0,,,,,,7.917104358302984
docs/archive/2026-09-14/evidence/run_metadata/chromaseed_architecture_scale_v1/results.json,/records/48/imported_we_record,np,slr_to_ipod,17,0,,643,2886,,5efa01db5dac7ba94855bb6fd7422eff0c58dd6c8ff959f9d9a1410049844850,7.917104358302984
docs/archive/2026-09-14/evidence/run_metadata/chromaseed_architecture_scale_v1/results.json,/records/49,np,slr_to_ipod,29,0,,,,,,8.683932159092297
docs/archive/2026-09-14/evidence/run_metadata/chromaseed_architecture_scale_v1/results.json,/records/49/imported_we_record,np,slr_to_ipod,29,0,,643,2886,,fac9311bc23ef1378af5b4a09f5c7d3b5652f6bb2b0071ec6f7c7cf5afc33c7f,8.683932159092297
docs/archive/2026-09-14/evidence/run_metadata/chromaseed_architecture_scale_v1/results.json,/records/50,np,slr_to_ipod,43,0,,,,,,8.282000601437858
docs/archive/2026-09-14/evidence/run_metadata/chromaseed_architecture_scale_v1/results.json,/records/50/imported_we_record,np,slr_to_ipod,43,0,,643,2886,,8105956233bc764f984f42a7823336b280e5616f3c4efb95e2b44c5ab0249ec1,8.282000601437858
docs/archive/2026-09-14/evidence/run_metadata/chromaseed_architecture_scale_v1/results.json,/records/51,we,slr_to_ipod,17,2048,1e-05,,,,,7.936369617939816
docs/archive/2026-09-14/evidence/run_metadata/chromaseed_architecture_scale_v1/results.json,/records/51/imported_we_record,m832,slr_to_ipod,17,2048,1e-05,832259,3329494,,30aec2e8f10f59ce4c65f07f45156f04eac9205c49d494610ef9b21e969b148a,7.936369617939816
docs/archive/2026-09-14/evidence/run_metadata/chromaseed_architecture_scale_v1/results.json,/records/52,we,slr_to_ipod,29,2048,1e-05,,,,,8.659662395535403
docs/archive/2026-09-14/evidence/run_metadata/chromaseed_architecture_scale_v1/results.json,/records/52/imported_we_record,m832,slr_to_ipod,29,2048,1e-05,832259,3329494,,72fe2fabc7840ab8c0b9715e1f6ab578c0ba27266625da4c22400b540dc31979,8.659662395535403
docs/archive/2026-09-14/evidence/run_metadata/chromaseed_architecture_scale_v1/results.json,/records/53,we,slr_to_ipod,43,2048,1e-05,,,,,8.547416407290982
docs/archive/2026-09-14/evidence/run_metadata/chromaseed_architecture_scale_v1/results.json,/records/53/imported_we_record,m832,slr_to_ipod,43,2048,1e-05,832259,3329494,,5dd46d7d5f516d75c516da259181a8c470ad4e8e6dc09f486263e7c14b9c2870,8.547416407290982
docs/archive/2026-09-14/evidence/run_metadata/chromaseed_architecture_scale_v1/results.json,/records/54,patch_small,ipod_to_slr,17,2048,0.0001,17374,69954,experiments/runs/chromaseed_architecture_scale_v1/models/ipod_to_slr/patch_small_s17.npz,babe22c87253b2ac3dc6fea80a6c95c61338a974f8d88b80255088a7754a9e14,7.839530455675505
docs/archive/2026-09-14/evidence/run_metadata/chromaseed_architecture_scale_v1/results.json,/records/55,patch_small,ipod_to_slr,29,2048,0.0001,17374,69954,experiments/runs/chromaseed_architecture_scale_v1/models/ipod_to_slr/patch_small_s29.npz,af5b2169640ed37d16b4f53c7bc91626d2199a1e0a099c23bb9586b292caabdb,8.975284586252485
docs/archive/2026-09-14/evidence/run_metadata/chromaseed_architecture_scale_v1/results.json,/records/56,patch_small,ipod_to_slr,43,2048,0.0001,17374,69954,experiments/runs/chromaseed_architecture_scale_v1/models/ipod_to_slr/patch_small_s43.npz,1164b5611ea7f07a89669db76625eefce91858be39c4a8fb97ebbe6ebbd7cc3b,9.87951145591484
docs/archive/2026-09-14/evidence/run_metadata/chromaseed_architecture_scale_v1/results.json,/records/57,patch5m,ipod_to_slr,17,2048,1e-05,4962566,19850722,experiments/runs/chromaseed_architecture_scale_v1/models/ipod_to_slr/patch5m_s17.npz,94638cc66de18e2725bc7bebb7a9567cdc87d5fe5acb58a5a6c8ee344597f33b,7.5422515074028
docs/archive/2026-09-14/evidence/run_metadata/chromaseed_architecture_scale_v1/results.json,/records/58,patch5m,ipod_to_slr,29,2048,1e-05,4962566,19850722,experiments/runs/chromaseed_architecture_scale_v1/models/ipod_to_slr/patch5m_s29.npz,99fe6dc4b22c7af9eb1bb90b5d96eba35d27cf1bfeff2379280c7c991cdd601f,9.655558800286222
docs/archive/2026-09-14/evidence/run_metadata/chromaseed_architecture_scale_v1/results.json,/records/59,patch5m,ipod_to_slr,43,2048,1e-05,4962566,19850722,experiments/runs/chromaseed_architecture_scale_v1/models/ipod_to_slr/patch5m_s43.npz,e5eca7ac51d6a86f8272e5d9b397c153f00ede6789bbf79074d5368d9ae5bbfe,9.713267149950301
docs/archive/2026-09-14/evidence/run_metadata/chromaseed_architecture_scale_v1/results.json,/records/60,soft_small,ipod_to_slr,17,512,0.0001,15246,61442,experiments/runs/chromaseed_architecture_scale_v1/models/ipod_to_slr/soft_small_s17.npz,85f94a36d8b2093440f8443a4d720e1a3ba6f366e24bfdf030f005d7f8b21330,8.703568231357137
docs/archive/2026-09-14/evidence/run_metadata/chromaseed_architecture_scale_v1/results.json,/records/61,soft_small,ipod_to_slr,29,512,0.0001,15246,61442,experiments/runs/chromaseed_architecture_scale_v1/models/ipod_to_slr/soft_small_s29.npz,5ba23f27f1e979f8c3e0f31d44270909a673c885137a011e5b90f3d3a4b55323,8.123056025453524
docs/archive/2026-09-14/evidence/run_metadata/chromaseed_architecture_scale_v1/results.json,/records/62,soft_small,ipod_to_slr,43,512,0.0001,15246,61442,experiments/runs/chromaseed_architecture_scale_v1/models/ipod_to_slr/soft_small_s43.npz,5979ad5e91b2e87fe4f7611b83b23afc4d8f5f32460feaa40b50faaffa86f057,8.783207622401214
docs/archive/2026-09-14/evidence/run_metadata/chromaseed_architecture_scale_v1/results.json,/records/63,soft5m,ipod_to_slr,17,2048,1e-05,4846822,19387746,experiments/runs/chromaseed_architecture_scale_v1/models/ipod_to_slr/soft5m_s17.npz,2ed387c2a2d1f376b3c29859a7cdaee393b41118bce4a7e9e199e690753cb6ef,7.755176155267132
docs/archive/2026-09-14/evidence/run_metadata/chromaseed_architecture_scale_v1/results.json,/records/64,soft5m,ipod_to_slr,29,2048,1e-05,4846822,19387746,experiments/runs/chromaseed_architecture_scale_v1/models/ipod_to_slr/soft5m_s29.npz,bf5c5204d81a0931014370e7f873947e599adc84018f81308de0f48e20a26fcb,9.441179067176954
docs/archive/2026-09-14/evidence/run_metadata/chromaseed_architecture_scale_v1/results.json,/records/65,soft5m,ipod_to_slr,43,2048,1e-05,4846822,19387746,experiments/runs/chromaseed_architecture_scale_v1/models/ipod_to_slr/soft5m_s43.npz,d65a73cb76e0ed68792c1e89a76a266f71bdb36e1aec86aefddf0a22552bf148,9.237893068435685
docs/archive/2026-09-14/evidence/run_metadata/chromaseed_architecture_scale_v1/results.json,/records/66,dynamic_small,ipod_to_slr,17,2048,0.0001,15246,61442,experiments/runs/chromaseed_architecture_scale_v1/models/ipod_to_slr/dynamic_small_s17.npz,025d047e9337e66c6d57493f6589cc87eae82d377c60b4ca65b741a0e3e88f6c,7.6269790260908685
docs/archive/2026-09-14/evidence/run_metadata/chromaseed_architecture_scale_v1/results.json,/records/67,dynamic_small,ipod_to_slr,29,2048,0.0001,15246,61442,experiments/runs/chromaseed_architecture_scale_v1/models/ipod_to_slr/dynamic_small_s29.npz,c79ebfd7d0f05d1eedc3fae56f90601df804fb1ff06d171b33f4e3d6c591f76c,9.345580665875165
docs/archive/2026-09-14/evidence/run_metadata/chromaseed_architecture_scale_v1/results.json,/records/68,dynamic_small,ipod_to_slr,43,2048,0.0001,15246,61442,experiments/runs/chromaseed_architecture_scale_v1/models/ipod_to_slr/dynamic_small_s43.npz,9a11ddde09f8f0f5445d67ee9701ba5242e7fd52579466649a855c4df61531f7,8.904285249430128
docs/archive/2026-09-14/evidence/run_metadata/chromaseed_architecture_scale_v1/results.json,/records/69,dynamic5m,ipod_to_slr,17,2048,1e-05,4846822,19387746,experiments/runs/chromaseed_architecture_scale_v1/models/ipod_to_slr/dynamic5m_s17.npz,ae87519dd3103195169c7ddf75c22250cea1b17f1551c2eca4cf9674ef2a82f4,7.634937167797262
docs/archive/2026-09-14/evidence/run_metadata/chromaseed_architecture_scale_v1/results.json,/records/70,dynamic5m,ipod_to_slr,29,2048,1e-05,4846822,19387746,experiments/runs/chromaseed_architecture_scale_v1/models/ipod_to_slr/dynamic5m_s29.npz,2cd349ff3ccd1b766a6e19b6e63d20d2855e82593816bccc3624658209e04a57,9.45860546705312
docs/archive/2026-09-14/evidence/run_metadata/chromaseed_architecture_scale_v1/results.json,/records/71,dynamic5m,ipod_to_slr,43,2048,1e-05,4846822,19387746,experiments/runs/chromaseed_architecture_scale_v1/models/ipod_to_slr/dynamic5m_s43.npz,79e74d486bd49563677bb3f7d59726fd1e3b9136b116f8449595417d8ce0e161,9.910811213835366
docs/archive/2026-09-14/evidence/run_metadata/chromaseed_architecture_scale_v1/results.json,/records/72,pool5m,ipod_to_slr,17,512,1e-05,4851846,19407842,experiments/runs/chromaseed_architecture_scale_v1/models/ipod_to_slr/pool5m_s17.npz,b68ca3acccd811d833d00f2cf58e00400d8674e4a5b42994ca53ea193ad81600,7.92333541020282
docs/archive/2026-09-14/evidence/run_metadata/chromaseed_architecture_scale_v1/results.json,/records/73,pool5m,ipod_to_slr,29,512,1e-05,4851846,19407842,experiments/runs/chromaseed_architecture_scale_v1/models/ipod_to_slr/pool5m_s29.npz,b0313516910ea1cf0a89dea75d0e93e5b68d18d15ffd70802eefda027463b3e5,8.747285642410175
docs/archive/2026-09-14/evidence/run_metadata/chromaseed_architecture_scale_v1/results.json,/records/74,pool5m,ipod_to_slr,43,512,1e-05,4851846,19407842,experiments/runs/chromaseed_architecture_scale_v1/models/ipod_to_slr/pool5m_s43.npz,ebc0554ad99d5e3bf9e16606494460e3ee87c9578f45f006933f070b991e8b88,9.02733879746602
docs/archive/2026-09-14/evidence/run_metadata/chromaseed_architecture_scale_v1/results.json,/records/75,np,ipod_to_slr,17,0,,,,,,8.639697980137349
docs/archive/2026-09-14/evidence/run_metadata/chromaseed_architecture_scale_v1/results.json,/records/75/imported_we_record,np,ipod_to_slr,17,0,,643,2886,,3f7a9e9f496f756c61c0dd17c6f35bb92fb6d99881428b32f6907656761ccad6,8.639697980137349
docs/archive/2026-09-14/evidence/run_metadata/chromaseed_architecture_scale_v1/results.json,/records/76,np,ipod_to_slr,29,0,,,,,,8.608578745822632
docs/archive/2026-09-14/evidence/run_metadata/chromaseed_architecture_scale_v1/results.json,/records/76/imported_we_record,np,ipod_to_slr,29,0,,643,2886,,fe807aa86c8f5b3d65a4c48c2a5a713af0a7ae2808ae68efec9892288bb75f3b,8.608578745822632
docs/archive/2026-09-14/evidence/run_metadata/chromaseed_architecture_scale_v1/results.json,/records/77,np,ipod_to_slr,43,0,,,,,,8.520319711471531
docs/archive/2026-09-14/evidence/run_metadata/chromaseed_architecture_scale_v1/results.json,/records/77/imported_we_record,np,ipod_to_slr,43,0,,643,2886,,99042ece8fa3d3dc68a54e9ac60f50d6d3de7f6a0ec25c3dbe0ef344bd7cd680,8.520319711471531
docs/archive/2026-09-14/evidence/run_metadata/chromaseed_architecture_scale_v1/results.json,/records/78,we,ipod_to_slr,17,2048,3e-05,,,,,7.592777735914605
docs/archive/2026-09-14/evidence/run_metadata/chromaseed_architecture_scale_v1/results.json,/records/78/imported_we_record,m61,ipod_to_slr,17,2048,3e-05,60611,242902,,6700a04563214bcc527ea3906cf7bdcec1f59725af04a57a8810967a3c42354e,7.592777735914605
docs/archive/2026-09-14/evidence/run_metadata/chromaseed_architecture_scale_v1/results.json,/records/79,we,ipod_to_slr,29,2048,3e-05,,,,,8.804878921957128
docs/archive/2026-09-14/evidence/run_metadata/chromaseed_architecture_scale_v1/results.json,/records/79/imported_we_record,m61,ipod_to_slr,29,2048,3e-05,60611,242902,,d3bc2044df315edd59bbbdfe1a37596261897401354bd75f15530e27e05f6c6d,8.804878921957128
docs/archive/2026-09-14/evidence/run_metadata/chromaseed_architecture_scale_v1/results.json,/records/80,we,ipod_to_slr,43,2048,3e-05,,,,,8.758329536846972
docs/archive/2026-09-14/evidence/run_metadata/chromaseed_architecture_scale_v1/results.json,/records/80/imported_we_record,m61,ipod_to_slr,43,2048,3e-05,60611,242902,,96a4085ddf6313fc0e1f11c329767251276d139bd42380720160d215cc831576,8.758329536846972
docs/archive/2026-09-14/evidence/run_metadata/chromaseed_head_range_v1/results.json,/records/0,patch_small__wide,mixed,17,2048,0.0001,17374,69954,experiments/runs/chromaseed_head_range_v1/models/mixed/patch_small__wide_s17.npz,e2c5643eca72d9662e499220484d93aad933f0eac05bee70c49ab1265e1fcd47,5.689210062164474
docs/archive/2026-09-14/evidence/run_metadata/chromaseed_head_range_v1/results.json,/records/1,patch_small__wide,mixed,29,2048,0.0001,17374,69954,experiments/runs/chromaseed_head_range_v1/models/mixed/patch_small__wide_s29.npz,62ec96dd522d466077a0db22c1c8a392328665ce8aded0fdc567d70dc6d327e7,5.562494676582173
docs/archive/2026-09-14/evidence/run_metadata/chromaseed_head_range_v1/results.json,/records/2,patch_small__wide,mixed,43,2048,0.0001,17374,69954,experiments/runs/chromaseed_head_range_v1/models/mixed/patch_small__wide_s43.npz,4205b891cc240b03500466ad3e0b9a8fff703dcd22c2d944fd15cd66a9762ebd,5.661085844421522
docs/archive/2026-09-14/evidence/run_metadata/chromaseed_head_range_v1/results.json,/records/3,patch_small__linear,mixed,17,2048,0.0001,17374,69954,experiments/runs/chromaseed_head_range_v1/models/mixed/patch_small__linear_s17.npz,1eeb78618a162e52ffb3ad336e9acdbc9085a0133e532c90de4384938e27b46a,5.6892149737831295
docs/archive/2026-09-14/evidence/run_metadata/chromaseed_head_range_v1/results.json,/records/4,patch_small__linear,mixed,29,2048,0.0001,17374,69954,experiments/runs/chromaseed_head_range_v1/models/mixed/patch_small__linear_s29.npz,1293a6cee4531b0dc618515b182226adcc60ca072f2bd4dcc545c1488fed62cf,5.562459686417448
docs/archive/2026-09-14/evidence/run_metadata/chromaseed_head_range_v1/results.json,/records/5,patch_small__linear,mixed,43,2048,0.0001,17374,69954,experiments/runs/chromaseed_head_range_v1/models/mixed/patch_small__linear_s43.npz,468d3dbf3cec66dd1b35dfd4a0c37195ee45fa934c9e6ddabc520a71b9d07bc6,5.661218867092277
docs/archive/2026-09-14/evidence/run_metadata/chromaseed_head_range_v1/results.json,/records/6,patch5m__wide,mixed,17,2048,1e-05,4962566,19850722,experiments/runs/chromaseed_head_range_v1/models/mixed/patch5m__wide_s17.npz,98d5c82f41be18e04c7205a7793e17c495af8973a997a35cd019da3bf5347f83,5.662757226347946
docs/archive/2026-09-14/evidence/run_metadata/chromaseed_head_range_v1/results.json,/records/7,patch5m__wide,mixed,29,2048,1e-05,4962566,19850722,experiments/runs/chromaseed_head_range_v1/models/mixed/patch5m__wide_s29.npz,1c0865c701281230286dbc1392a67449fbbfc9102a7e7e3ba74c856bb0507959,5.542459957088464
docs/archive/2026-09-14/evidence/run_metadata/chromaseed_head_range_v1/results.json,/records/8,patch5m__wide,mixed,43,2048,1e-05,4962566,19850722,experiments/runs/chromaseed_head_range_v1/models/mixed/patch5m__wide_s43.npz,3e15651b64592890464d0c05b659e2a11f39bc8b624f8151eef74c48379d48c2,5.611199818744858
docs/archive/2026-09-14/evidence/run_metadata/chromaseed_head_range_v1/results.json,/records/9,patch5m__linear,mixed,17,2048,1e-05,4962566,19850722,experiments/runs/chromaseed_head_range_v1/models/mixed/patch5m__linear_s17.npz,1a48c0d64659d0b3dfd13554267d629945db1be25fccd979cb0cd3f671021369,5.6627527583599315
docs/archive/2026-09-14/evidence/run_metadata/chromaseed_head_range_v1/results.json,/records/10,patch5m__linear,mixed,29,2048,1e-05,4962566,19850722,experiments/runs/chromaseed_head_range_v1/models/mixed/patch5m__linear_s29.npz,160c7bb5a722c72e19cf7fd9601d0b1ab5324c3ae8f9ec363f31427e200915d6,5.542281959432444
docs/archive/2026-09-14/evidence/run_metadata/chromaseed_head_range_v1/results.json,/records/11,patch5m__linear,mixed,43,2048,1e-05,4962566,19850722,experiments/runs/chromaseed_head_range_v1/models/mixed/patch5m__linear_s43.npz,3af8bd305e6454dafcdc19cc024df31d54026280350a422d87f974aaa0f3e68d,5.611146755534591
docs/archive/2026-09-14/evidence/run_metadata/chromaseed_head_range_v1/results.json,/records/12,soft_small__wide,mixed,17,512,0.0001,15246,61442,experiments/runs/chromaseed_head_range_v1/models/mixed/soft_small__wide_s17.npz,0dd518412371fdd28b62dff82bbb18eeafeaca4518aa88ef3454fc5e89ccd21a,5.665355845104357
docs/archive/2026-09-14/evidence/run_metadata/chromaseed_head_range_v1/results.json,/records/13,soft_small__wide,mixed,29,512,0.0001,15246,61442,experiments/runs/chromaseed_head_range_v1/models/mixed/soft_small__wide_s29.npz,8cb2a2427d0b747c80820ad1643d93e97432e334bfbf756ed73b9f3214b78da6,5.746961710472671
docs/archive/2026-09-14/evidence/run_metadata/chromaseed_head_range_v1/results.json,/records/14,soft_small__wide,mixed,43,512,0.0001,15246,61442,experiments/runs/chromaseed_head_range_v1/models/mixed/soft_small__wide_s43.npz,9eb3f676a428e42b945cbf350605d605f5a532b9b324f902b5a9e6b7136ee29c,5.670266487117868
docs/archive/2026-09-14/evidence/run_metadata/chromaseed_head_range_v1/results.json,/records/15,soft_small__linear,mixed,17,512,0.0001,15246,61442,experiments/runs/chromaseed_head_range_v1/models/mixed/soft_small__linear_s17.npz,7c3ada11ab9eec6bf9f5e4f819ca29904ec444740d42e142aca4e6b708407465,5.665349567174192
docs/archive/2026-09-14/evidence/run_metadata/chromaseed_head_range_v1/results.json,/records/16,soft_small__linear,mixed,29,512,0.0001,15246,61442,experiments/runs/chromaseed_head_range_v1/models/mixed/soft_small__linear_s29.npz,0798f8bf226b5eb9940647d1bd5e23f9e9c2e0fa932b7b6e5c9a559e44344d0b,5.746978389352392
docs/archive/2026-09-14/evidence/run_metadata/chromaseed_head_range_v1/results.json,/records/17,soft_small__linear,mixed,43,512,0.0001,15246,61442,experiments/runs/chromaseed_head_range_v1/models/mixed/soft_small__linear_s43.npz,c2be5ab6e702c8b01aac91deeaba63be1e8e2309942e33d1090a714283de8fce,5.670279637110684
docs/archive/2026-09-14/evidence/run_metadata/chromaseed_head_range_v1/results.json,/records/18,soft5m__wide,mixed,17,512,1e-05,4846822,19387746,experiments/runs/chromaseed_head_range_v1/models/mixed/soft5m__wide_s17.npz,9bb964fe05902e9a6305443df9eca47e78d0cc0dc2cf9f188aa46f6dbaae0814,5.665864348665047
docs/archive/2026-09-14/evidence/run_metadata/chromaseed_head_range_v1/results.json,/records/19,soft5m__wide,mixed,29,512,1e-05,4846822,19387746,experiments/runs/chromaseed_head_range_v1/models/mixed/soft5m__wide_s29.npz,1c0cbac0584f4521a086389d3d6c9933e87ff6eceb9cf17157a9f693d33d099f,5.680919457878456
docs/archive/2026-09-14/evidence/run_metadata/chromaseed_head_range_v1/results.json,/records/20,soft5m__wide,mixed,43,512,1e-05,4846822,19387746,experiments/runs/chromaseed_head_range_v1/models/mixed/soft5m__wide_s43.npz,db2abea40733f8af049010547191a2cfb82e4599c99efed6ddc0217cfb216599,5.641091147007213
docs/archive/2026-09-14/evidence/run_metadata/chromaseed_head_range_v1/results.json,/records/21,soft5m__linear,mixed,17,512,1e-05,4846822,19387746,experiments/runs/chromaseed_head_range_v1/models/mixed/soft5m__linear_s17.npz,7e4088a51b457a6795e689684f9ccde08085f708b94df606814f8d704745a41b,5.665878568779832
docs/archive/2026-09-14/evidence/run_metadata/chromaseed_head_range_v1/results.json,/records/22,soft5m__linear,mixed,29,512,1e-05,4846822,19387746,experiments/runs/chromaseed_head_range_v1/models/mixed/soft5m__linear_s29.npz,cf8b306908ff1030d464223e861f31f3de4d1c98c0e2678822f672751a387fb9,5.680927250283155
docs/archive/2026-09-14/evidence/run_metadata/chromaseed_head_range_v1/results.json,/records/23,soft5m__linear,mixed,43,512,1e-05,4846822,19387746,experiments/runs/chromaseed_head_range_v1/models/mixed/soft5m__linear_s43.npz,dfcb65199bfb7e1945f7ed4d70d1a543b77da08b46faee90e15a5984eff66631,5.641104183489877
docs/archive/2026-09-14/evidence/run_metadata/chromaseed_head_range_v1/results.json,/records/24,dynamic_small__wide,mixed,17,512,0.0001,15246,61442,experiments/runs/chromaseed_head_range_v1/models/mixed/dynamic_small__wide_s17.npz,ad68613528b0ed9d32c265ea90acd28076e3207cbaf6158c020525893b7bcd95,5.638145483093531
docs/archive/2026-09-14/evidence/run_metadata/chromaseed_head_range_v1/results.json,/records/25,dynamic_small__wide,mixed,29,512,0.0001,15246,61442,experiments/runs/chromaseed_head_range_v1/models/mixed/dynamic_small__wide_s29.npz,df9dd847b42cfaad6c074a54c0fd3c0b85aa4bf360a4a2c2e9d7894af7aba5cb,5.767491953964009
docs/archive/2026-09-14/evidence/run_metadata/chromaseed_head_range_v1/results.json,/records/26,dynamic_small__wide,mixed,43,512,0.0001,15246,61442,experiments/runs/chromaseed_head_range_v1/models/mixed/dynamic_small__wide_s43.npz,c5383beb8ff76593af3e1d1bde8909d195c42de6e72cdb6729b36173988808ba,5.673208297419481
docs/archive/2026-09-14/evidence/run_metadata/chromaseed_head_range_v1/results.json,/records/27,dynamic_small__linear,mixed,17,512,0.0001,15246,61442,experiments/runs/chromaseed_head_range_v1/models/mixed/dynamic_small__linear_s17.npz,837612ef4ecb97ea5b4411b8434c9c8297e6aa0e3df300f8e296ce79f06eccfd,5.63814293309484
docs/archive/2026-09-14/evidence/run_metadata/chromaseed_head_range_v1/results.json,/records/28,dynamic_small__linear,mixed,29,512,0.0001,15246,61442,experiments/runs/chromaseed_head_range_v1/models/mixed/dynamic_small__linear_s29.npz,2e7cb4844013dc6b2cc24416836217d4fcdcb330e9f85b0e6e03aab37f3fd0e9,5.767498287315046
docs/archive/2026-09-14/evidence/run_metadata/chromaseed_head_range_v1/results.json,/records/29,dynamic_small__linear,mixed,43,512,0.0001,15246,61442,experiments/runs/chromaseed_head_range_v1/models/mixed/dynamic_small__linear_s43.npz,8e33eac0e8b5cf5c1f55845e8bc5f97851be19e0d18bc0b7e7fa6cf3cfaa40a6,5.673223126969113
docs/archive/2026-09-14/evidence/run_metadata/chromaseed_head_range_v1/results.json,/records/30,dynamic5m__wide,mixed,17,512,1e-05,4846822,19387746,experiments/runs/chromaseed_head_range_v1/models/mixed/dynamic5m__wide_s17.npz,44260311e542ee2d9763fabcfd74c5b5627b5ff38f616c2e46e41a6fc70abb74,5.660337670526637
docs/archive/2026-09-14/evidence/run_metadata/chromaseed_head_range_v1/results.json,/records/31,dynamic5m__wide,mixed,29,512,1e-05,4846822,19387746,experiments/runs/chromaseed_head_range_v1/models/mixed/dynamic5m__wide_s29.npz,0df9ea4aca5ffec6eefe87e5c2b61c3e13463b1d04b68aeec7003cb0ed09e793,5.649224286946282
docs/archive/2026-09-14/evidence/run_metadata/chromaseed_head_range_v1/results.json,/records/32,dynamic5m__wide,mixed,43,512,1e-05,4846822,19387746,experiments/runs/chromaseed_head_range_v1/models/mixed/dynamic5m__wide_s43.npz,d2c6216394d525cc37c662cb7f905de8593d9765675e86fe04f66b676d7d2f34,5.64056870424388
docs/archive/2026-09-14/evidence/run_metadata/chromaseed_head_range_v1/results.json,/records/33,dynamic5m__linear,mixed,17,512,1e-05,4846822,19387746,experiments/runs/chromaseed_head_range_v1/models/mixed/dynamic5m__linear_s17.npz,25ab81bef0918cec59ea4d7588fbc28ed367636d84e7fa5fbd3ca21fd4c813dd,5.660372524197978
docs/archive/2026-09-14/evidence/run_metadata/chromaseed_head_range_v1/results.json,/records/34,dynamic5m__linear,mixed,29,512,1e-05,4846822,19387746,experiments/runs/chromaseed_head_range_v1/models/mixed/dynamic5m__linear_s29.npz,d552e830843b346c2f813638f5b3a4694d64b9c1e72d240a55ad30f852c0772d,5.649173675537734
docs/archive/2026-09-14/evidence/run_metadata/chromaseed_head_range_v1/results.json,/records/35,dynamic5m__linear,mixed,43,512,1e-05,4846822,19387746,experiments/runs/chromaseed_head_range_v1/models/mixed/dynamic5m__linear_s43.npz,3cc145c333f101d42c4943de23e6499352ddd03cea861b0f79d3f4223656ede3,5.640583050625964
docs/archive/2026-09-14/evidence/run_metadata/chromaseed_head_range_v1/results.json,/records/36,pool5m__wide,mixed,17,2048,1e-05,4851846,19407842,experiments/runs/chromaseed_head_range_v1/models/mixed/pool5m__wide_s17.npz,527dea3109fbd69cc4f7b06bd10d5381465ed8a6006c47dafda32dd7aad21305,5.485067110836706
docs/archive/2026-09-14/evidence/run_metadata/chromaseed_head_range_v1/results.json,/records/37,pool5m__wide,mixed,29,2048,1e-05,4851846,19407842,experiments/runs/chromaseed_head_range_v1/models/mixed/pool5m__wide_s29.npz,2d090368c6d100bf15adb6244dc7d439e25fa969bbb765660b3416b1767093f6,5.372518776714553
docs/archive/2026-09-14/evidence/run_metadata/chromaseed_head_range_v1/results.json,/records/38,pool5m__wide,mixed,43,2048,1e-05,4851846,19407842,experiments/runs/chromaseed_head_range_v1/models/mixed/pool5m__wide_s43.npz,12bd30f96e4716a7431d02013ac4defa6d1020e3ce8b5be5407d755edf23717b,5.304249028863743
docs/archive/2026-09-14/evidence/run_metadata/chromaseed_head_range_v1/results.json,/records/39,pool5m__linear,mixed,17,2048,1e-05,4851846,19407842,experiments/runs/chromaseed_head_range_v1/models/mixed/pool5m__linear_s17.npz,637e0779d9e8c80a1e11891ba8881ef7ad7259cae399aae823d699a1a194c87c,5.484759001556507
docs/archive/2026-09-14/evidence/run_metadata/chromaseed_head_range_v1/results.json,/records/40,pool5m__linear,mixed,29,2048,1e-05,4851846,19407842,experiments/runs/chromaseed_head_range_v1/models/mixed/pool5m__linear_s29.npz,596bc8d2423740e5aab4742d0d132d86decf1d24f514769c9474286632f69ad7,5.370416244237521
docs/archive/2026-09-14/evidence/run_metadata/chromaseed_head_range_v1/results.json,/records/41,pool5m__linear,mixed,43,2048,1e-05,4851846,19407842,experiments/runs/chromaseed_head_range_v1/models/mixed/pool5m__linear_s43.npz,c039d2044478c53c45b1efae0a84fe039d2204fe9b3363f34d7e92ec44a73955,5.302341700617045
docs/archive/2026-09-14/evidence/run_metadata/chromaseed_head_range_v1/results.json,/records/42,patch_small__unit,mixed,17,2048,0.0001,,,,,5.689149015797944
docs/archive/2026-09-14/evidence/run_metadata/chromaseed_head_range_v1/results.json,/records/42/inherited_as_record,patch_small,mixed,17,2048,0.0001,17374,69954,experiments/runs/chromaseed_architecture_scale_v1/models/mixed/patch_small_s17.npz,817fe6e1e43e8cba592bb0e2db86235c73d91af516a3ae727b3110891194d9e3,5.689149015797944
docs/archive/2026-09-14/evidence/run_metadata/chromaseed_head_range_v1/results.json,/records/43,patch_small__unit,mixed,29,2048,0.0001,,,,,5.563322741358327
docs/archive/2026-09-14/evidence/run_metadata/chromaseed_head_range_v1/results.json,/records/43/inherited_as_record,patch_small,mixed,29,2048,0.0001,17374,69954,experiments/runs/chromaseed_architecture_scale_v1/models/mixed/patch_small_s29.npz,50b2dc29d01629598b3d21ae86c4c2bd0ced98a0b311e6a4cbe7dd28c6284b15,5.563322741358327
docs/archive/2026-09-14/evidence/run_metadata/chromaseed_head_range_v1/results.json,/records/44,patch_small__unit,mixed,43,2048,0.0001,,,,,5.657823901481962
docs/archive/2026-09-14/evidence/run_metadata/chromaseed_head_range_v1/results.json,/records/44/inherited_as_record,patch_small,mixed,43,2048,0.0001,17374,69954,experiments/runs/chromaseed_architecture_scale_v1/models/mixed/patch_small_s43.npz,35d6d11180df5b7a6f01e52dca15d67c337e1d5e8713d2b565804adc51505c39,5.657823901481962
docs/archive/2026-09-14/evidence/run_metadata/chromaseed_head_range_v1/results.json,/records/45,patch5m__unit,mixed,17,2048,1e-05,,,,,5.6628071858390605
docs/archive/2026-09-14/evidence/run_metadata/chromaseed_head_range_v1/results.json,/records/45/inherited_as_record,patch5m,mixed,17,2048,1e-05,4962566,19850722,experiments/runs/chromaseed_architecture_scale_v1/models/mixed/patch5m_s17.npz,24e9392ba3cf917b6e552be0eca39b132874d7db5ce141bda9c633429f49624b,5.6628071858390605
docs/archive/2026-09-14/evidence/run_metadata/chromaseed_head_range_v1/results.json,/records/46,patch5m__unit,mixed,29,2048,1e-05,,,,,5.5452096418914705
docs/archive/2026-09-14/evidence/run_metadata/chromaseed_head_range_v1/results.json,/records/46/inherited_as_record,patch5m,mixed,29,2048,1e-05,4962566,19850722,experiments/runs/chromaseed_architecture_scale_v1/models/mixed/patch5m_s29.npz,b1268795bed23c309639bb01cbabf87ef04e69e605af268ae3998ac74bc3c3c5,5.5452096418914705
docs/archive/2026-09-14/evidence/run_metadata/chromaseed_head_range_v1/results.json,/records/47,patch5m__unit,mixed,43,2048,1e-05,,,,,5.611049588165776
docs/archive/2026-09-14/evidence/run_metadata/chromaseed_head_range_v1/results.json,/records/47/inherited_as_record,patch5m,mixed,43,2048,1e-05,4962566,19850722,experiments/runs/chromaseed_architecture_scale_v1/models/mixed/patch5m_s43.npz,f6e4999abbd5f9cd03d20d768b97ea218e53bed5469621969f11baad72d8b8e5,5.611049588165776
docs/archive/2026-09-14/evidence/run_metadata/chromaseed_head_range_v1/results.json,/records/48,soft_small__unit,mixed,17,512,0.0001,,,,,5.665446861852508
docs/archive/2026-09-14/evidence/run_metadata/chromaseed_head_range_v1/results.json,/records/48/inherited_as_record,soft_small,mixed,17,512,0.0001,15246,61442,experiments/runs/chromaseed_architecture_scale_v1/models/mixed/soft_small_s17.npz,85061532b54fd54373ea5a4ad0d1033ad8661b71b1704370094ae7c48be51f67,5.665446861852508
docs/archive/2026-09-14/evidence/run_metadata/chromaseed_head_range_v1/results.json,/records/49,soft_small__unit,mixed,29,512,0.0001,,,,,5.746714144837455
docs/archive/2026-09-14/evidence/run_metadata/chromaseed_head_range_v1/results.json,/records/49/inherited_as_record,soft_small,mixed,29,512,0.0001,15246,61442,experiments/runs/chromaseed_architecture_scale_v1/models/mixed/soft_small_s29.npz,1ac0c811d3edf8f03b36597770511011eb62bde1bddbee1dff2e5d78d5a17c19,5.746714144837455
docs/archive/2026-09-14/evidence/run_metadata/chromaseed_head_range_v1/results.json,/records/50,soft_small__unit,mixed,43,512,0.0001,,,,,5.670075160907943
docs/archive/2026-09-14/evidence/run_metadata/chromaseed_head_range_v1/results.json,/records/50/inherited_as_record,soft_small,mixed,43,512,0.0001,15246,61442,experiments/runs/chromaseed_architecture_scale_v1/models/mixed/soft_small_s43.npz,6da347b17fc96c5bb810629515e2d9ae8aa58d1c36878d3697dc75fdfca5a39a,5.670075160907943
docs/archive/2026-09-14/evidence/run_metadata/chromaseed_head_range_v1/results.json,/records/51,soft5m__unit,mixed,17,512,1e-05,,,,,5.665645883762394
docs/archive/2026-09-14/evidence/run_metadata/chromaseed_head_range_v1/results.json,/records/51/inherited_as_record,soft5m,mixed,17,512,1e-05,4846822,19387746,experiments/runs/chromaseed_architecture_scale_v1/models/mixed/soft5m_s17.npz,4089257f197974390c722cca0c0a9254b463444293b2f67d10184e9dead4ed43,5.665645883762394
docs/archive/2026-09-14/evidence/run_metadata/chromaseed_head_range_v1/results.json,/records/52,soft5m__unit,mixed,29,512,1e-05,,,,,5.680803516511861
docs/archive/2026-09-14/evidence/run_metadata/chromaseed_head_range_v1/results.json,/records/52/inherited_as_record,soft5m,mixed,29,512,1e-05,4846822,19387746,experiments/runs/chromaseed_architecture_scale_v1/models/mixed/soft5m_s29.npz,5e1927a007f0a370a53889745210b710914c8e3a6f126dfaf496b5f8bcf5274c,5.680803516511861
docs/archive/2026-09-14/evidence/run_metadata/chromaseed_head_range_v1/results.json,/records/53,soft5m__unit,mixed,43,512,1e-05,,,,,5.640902374528843
docs/archive/2026-09-14/evidence/run_metadata/chromaseed_head_range_v1/results.json,/records/53/inherited_as_record,soft5m,mixed,43,512,1e-05,4846822,19387746,experiments/runs/chromaseed_architecture_scale_v1/models/mixed/soft5m_s43.npz,ae140adc6f908531e96a4f1cd4a1999b922c896450a0513f0ede72d7e699592c,5.640902374528843
docs/archive/2026-09-14/evidence/run_metadata/chromaseed_head_range_v1/results.json,/records/54,dynamic_small__unit,mixed,17,512,0.0001,,,,,5.637724066752997
docs/archive/2026-09-14/evidence/run_metadata/chromaseed_head_range_v1/results.json,/records/54/inherited_as_record,dynamic_small,mixed,17,512,0.0001,15246,61442,experiments/runs/chromaseed_architecture_scale_v1/models/mixed/dynamic_small_s17.npz,4dd89e170d524763cd3ad570312340da010c5e2a9177cda3c3567dba8c1c7adb,5.637724066752997
docs/archive/2026-09-14/evidence/run_metadata/chromaseed_head_range_v1/results.json,/records/55,dynamic_small__unit,mixed,29,512,0.0001,,,,,5.767362377764644
docs/archive/2026-09-14/evidence/run_metadata/chromaseed_head_range_v1/results.json,/records/55/inherited_as_record,dynamic_small,mixed,29,512,0.0001,15246,61442,experiments/runs/chromaseed_architecture_scale_v1/models/mixed/dynamic_small_s29.npz,5f9a94f64f3dec3b76d4367119edd5df55494daab6272aaaa391df3d19ef5beb,5.767362377764644
docs/archive/2026-09-14/evidence/run_metadata/chromaseed_head_range_v1/results.json,/records/56,dynamic_small__unit,mixed,43,512,0.0001,,,,,5.672991767639428
docs/archive/2026-09-14/evidence/run_metadata/chromaseed_head_range_v1/results.json,/records/56/inherited_as_record,dynamic_small,mixed,43,512,0.0001,15246,61442,experiments/runs/chromaseed_architecture_scale_v1/models/mixed/dynamic_small_s43.npz,065793e40d803375f0f403e868f77c3dbd1765f69bd780146ba0ebc88387759a,5.672991767639428
docs/archive/2026-09-14/evidence/run_metadata/chromaseed_head_range_v1/results.json,/records/57,dynamic5m__unit,mixed,17,2048,1e-05,,,,,5.769310109511516
docs/archive/2026-09-14/evidence/run_metadata/chromaseed_head_range_v1/results.json,/records/57/inherited_as_record,dynamic5m,mixed,17,2048,1e-05,4846822,19387746,experiments/runs/chromaseed_architecture_scale_v1/models/mixed/dynamic5m_s17.npz,014eac28f9d80abf61903aa0351805718b72417d74b9e584a44e7a4dc092b80b,5.769310109511516
docs/archive/2026-09-14/evidence/run_metadata/chromaseed_head_range_v1/results.json,/records/58,dynamic5m__unit,mixed,29,2048,1e-05,,,,,5.594402969872232
docs/archive/2026-09-14/evidence/run_metadata/chromaseed_head_range_v1/results.json,/records/58/inherited_as_record,dynamic5m,mixed,29,2048,1e-05,4846822,19387746,experiments/runs/chromaseed_architecture_scale_v1/models/mixed/dynamic5m_s29.npz,53b8b14a6fe52db05a290ca13c37bdefaf23f9593612e19b5243287edff33f0f,5.594402969872232
docs/archive/2026-09-14/evidence/run_metadata/chromaseed_head_range_v1/results.json,/records/59,dynamic5m__unit,mixed,43,2048,1e-05,,,,,5.569445586735188
docs/archive/2026-09-14/evidence/run_metadata/chromaseed_head_range_v1/results.json,/records/59/inherited_as_record,dynamic5m,mixed,43,2048,1e-05,4846822,19387746,experiments/runs/chromaseed_architecture_scale_v1/models/mixed/dynamic5m_s43.npz,6b336f678406ec22404806448efee96c461d2eda04d15136cd4e8d1c4202a64d,5.569445586735188
docs/archive/2026-09-14/evidence/run_metadata/chromaseed_head_range_v1/results.json,/records/60,pool5m__unit,mixed,17,2048,1e-05,,,,,5.497396514537381
docs/archive/2026-09-14/evidence/run_metadata/chromaseed_head_range_v1/results.json,/records/60/inherited_as_record,pool5m,mixed,17,2048,1e-05,4851846,19407842,experiments/runs/chromaseed_architecture_scale_v1/models/mixed/pool5m_s17.npz,ee9c5a7f84d78f8b187d8a38722b76a195cf5bcc120c6fd34674ae94dfaa6919,5.497396514537381
docs/archive/2026-09-14/evidence/run_metadata/chromaseed_head_range_v1/results.json,/records/61,pool5m__unit,mixed,29,2048,1e-05,,,,,5.388925266455307
docs/archive/2026-09-14/evidence/run_metadata/chromaseed_head_range_v1/results.json,/records/61/inherited_as_record,pool5m,mixed,29,2048,1e-05,4851846,19407842,experiments/runs/chromaseed_architecture_scale_v1/models/mixed/pool5m_s29.npz,18a082e1ad51d7acb704f0f26c65dbbeb32f95b54e33b4f6927e464cedc022c9,5.388925266455307
docs/archive/2026-09-14/evidence/run_metadata/chromaseed_head_range_v1/results.json,/records/62,pool5m__unit,mixed,43,2048,1e-05,,,,,5.325232431830929
docs/archive/2026-09-14/evidence/run_metadata/chromaseed_head_range_v1/results.json,/records/62/inherited_as_record,pool5m,mixed,43,2048,1e-05,4851846,19407842,experiments/runs/chromaseed_architecture_scale_v1/models/mixed/pool5m_s43.npz,955bcff02d89033ea650b4b09672beaf552304b0d40ae90030722c72a3704c6b,5.325232431830929
docs/archive/2026-09-14/evidence/run_metadata/chromaseed_head_range_v1/results.json,/records/63,np,mixed,17,0,,,,,,5.854976108558997
docs/archive/2026-09-14/evidence/run_metadata/chromaseed_head_range_v1/results.json,/records/63/inherited_as_record,np,mixed,17,0,,,,,,5.854976108558997
docs/archive/2026-09-14/evidence/run_metadata/chromaseed_head_range_v1/results.json,/records/63/inherited_as_record/imported_we_record,np,mixed,17,0,,643,2886,,c7d617bd5acbf126c9037fff33a5ce6411da4e653e6574a2ba2b1b43d01b55aa,5.854976108558997
docs/archive/2026-09-14/evidence/run_metadata/chromaseed_head_range_v1/results.json,/records/64,np,mixed,29,0,,,,,,5.806650019434955
docs/archive/2026-09-14/evidence/run_metadata/chromaseed_head_range_v1/results.json,/records/64/inherited_as_record,np,mixed,29,0,,,,,,5.806650019434955
docs/archive/2026-09-14/evidence/run_metadata/chromaseed_head_range_v1/results.json,/records/64/inherited_as_record/imported_we_record,np,mixed,29,0,,643,2886,,65e6148fdee2b5da1c92c5622754feb39aa868cc340ca736ccd465d14805e877,5.806650019434955
docs/archive/2026-09-14/evidence/run_metadata/chromaseed_head_range_v1/results.json,/records/65,np,mixed,43,0,,,,,,5.649993668184457
docs/archive/2026-09-14/evidence/run_metadata/chromaseed_head_range_v1/results.json,/records/65/inherited_as_record,np,mixed,43,0,,,,,,5.649993668184457
docs/archive/2026-09-14/evidence/run_metadata/chromaseed_head_range_v1/results.json,/records/65/inherited_as_record/imported_we_record,np,mixed,43,0,,643,2886,,e551299ba8f345b1abfa0c1ddcc5b5e983ba79ed9d101c311d228a31199f7fc1,5.649993668184457
docs/archive/2026-09-14/evidence/run_metadata/chromaseed_head_range_v1/results.json,/records/66,we,mixed,17,2048,3e-05,,,,,5.5550892931415445
docs/archive/2026-09-14/evidence/run_metadata/chromaseed_head_range_v1/results.json,/records/66/inherited_as_record,we,mixed,17,2048,3e-05,,,,,5.5550892931415445
docs/archive/2026-09-14/evidence/run_metadata/chromaseed_head_range_v1/results.json,/records/66/inherited_as_record/imported_we_record,m111,mixed,17,2048,3e-05,110979,444374,,33e6b9cb66675e42a73331873ec9604198e3e89ee84b59396732b9cb57bd0acd,5.5550892931415445
docs/archive/2026-09-14/evidence/run_metadata/chromaseed_head_range_v1/results.json,/records/67,we,mixed,29,2048,3e-05,,,,,5.475545942287465
docs/archive/2026-09-14/evidence/run_metadata/chromaseed_head_range_v1/results.json,/records/67/inherited_as_record,we,mixed,29,2048,3e-05,,,,,5.475545942287465
docs/archive/2026-09-14/evidence/run_metadata/chromaseed_head_range_v1/results.json,/records/67/inherited_as_record/imported_we_record,m111,mixed,29,2048,3e-05,110979,444374,,dd974bf79b678be76b0bbd3637d66e5856353b39ce301e77d072a7bb5db067f7,5.475545942287465
docs/archive/2026-09-14/evidence/run_metadata/chromaseed_head_range_v1/results.json,/records/68,we,mixed,43,2048,3e-05,,,,,5.40268865036369
docs/archive/2026-09-14/evidence/run_metadata/chromaseed_head_range_v1/results.json,/records/68/inherited_as_record,we,mixed,43,2048,3e-05,,,,,5.40268865036369
docs/archive/2026-09-14/evidence/run_metadata/chromaseed_head_range_v1/results.json,/records/68/inherited_as_record/imported_we_record,m111,mixed,43,2048,3e-05,110979,444374,,061072d795f57cc11feeb51a9b00853a9d71f0aa5c24d6d86471af3542c422d8,5.40268865036369
docs/archive/2026-09-14/evidence/run_metadata/chromaseed_head_range_v1/results.json,/records/69,patch_small__wide,slr_to_ipod,17,128,1e-05,17374,69954,experiments/runs/chromaseed_head_range_v1/models/slr_to_ipod/patch_small__wide_s17.npz,32de743a14b094586ac9e8a9c8995984de06bd6ef0f83824b8c279b808c0e5e6,7.923698077100761
docs/archive/2026-09-14/evidence/run_metadata/chromaseed_head_range_v1/results.json,/records/70,patch_small__wide,slr_to_ipod,29,128,1e-05,17374,69954,experiments/runs/chromaseed_head_range_v1/models/slr_to_ipod/patch_small__wide_s29.npz,d19572b5d75188c2cbdaf66367f0baa7fbaba7faa765bbdc229c4c831257dd6c,8.685895821914606
docs/archive/2026-09-14/evidence/run_metadata/chromaseed_head_range_v1/results.json,/records/71,patch_small__wide,slr_to_ipod,43,128,1e-05,17374,69954,experiments/runs/chromaseed_head_range_v1/models/slr_to_ipod/patch_small__wide_s43.npz,ff58d085e36f3bc4c10fd9309df07d2fc0b250d5e58f9d2858cf54add14a2298,8.276784750789531
docs/archive/2026-09-14/evidence/run_metadata/chromaseed_head_range_v1/results.json,/records/72,patch_small__linear,slr_to_ipod,17,128,1e-05,17374,69954,experiments/runs/chromaseed_head_range_v1/models/slr_to_ipod/patch_small__linear_s17.npz,7d668839f7337a0cada27dce1b0002ff22ec818682f6f298181d3095d1ca2565,7.923698078091206
docs/archive/2026-09-14/evidence/run_metadata/chromaseed_head_range_v1/results.json,/records/73,patch_small__linear,slr_to_ipod,29,128,1e-05,17374,69954,experiments/runs/chromaseed_head_range_v1/models/slr_to_ipod/patch_small__linear_s29.npz,fa8b4f064eae456450974acd5963dc4d932e6c987cc477c92798fa9a1a796cde,8.685895821885234
docs/archive/2026-09-14/evidence/run_metadata/chromaseed_head_range_v1/results.json,/records/74,patch_small__linear,slr_to_ipod,43,128,1e-05,17374,69954,experiments/runs/chromaseed_head_range_v1/models/slr_to_ipod/patch_small__linear_s43.npz,2c3c044ea953b513ced72e2f9d87e6bd00224f1fd80e923941dc95608fe135ea,8.276784751338928
docs/archive/2026-09-14/evidence/run_metadata/chromaseed_head_range_v1/results.json,/records/75,patch5m__wide,slr_to_ipod,17,128,1e-05,4962566,19850722,experiments/runs/chromaseed_head_range_v1/models/slr_to_ipod/patch5m__wide_s17.npz,0027e941a4c96a4f70b7f0d391fcb3952ba2472ad574ca072eb4805949ba79e0,8.041341235625906
docs/archive/2026-09-14/evidence/run_metadata/chromaseed_head_range_v1/results.json,/records/76,patch5m__wide,slr_to_ipod,29,128,1e-05,4962566,19850722,experiments/runs/chromaseed_head_range_v1/models/slr_to_ipod/patch5m__wide_s29.npz,d619013abfba347286f4aee5c2067936e9f13c518f93f03f04dc41d19cf41ec0,8.492940523626057
docs/archive/2026-09-14/evidence/run_metadata/chromaseed_head_range_v1/results.json,/records/77,patch5m__wide,slr_to_ipod,43,128,1e-05,4962566,19850722,experiments/runs/chromaseed_head_range_v1/models/slr_to_ipod/patch5m__wide_s43.npz,0e2d57e9353fa4c46b132b1bb05b49af87d99829f916d01d208f4cb37a880f98,8.306848052002671
docs/archive/2026-09-14/evidence/run_metadata/chromaseed_head_range_v1/results.json,/records/78,patch5m__linear,slr_to_ipod,17,128,1e-05,4962566,19850722,experiments/runs/chromaseed_head_range_v1/models/slr_to_ipod/patch5m__linear_s17.npz,ea3b3c4d6789555ffdaa65e1bb712995a8b65563d27ea0ba38a6aa09b37fcb4a,8.041347991406408
docs/archive/2026-09-14/evidence/run_metadata/chromaseed_head_range_v1/results.json,/records/79,patch5m__linear,slr_to_ipod,29,128,1e-05,4962566,19850722,experiments/runs/chromaseed_head_range_v1/models/slr_to_ipod/patch5m__linear_s29.npz,45c0ae785723591bc676d0fc85a7a5330259c3ff0805e27e9894a0d368ad3b28,8.492992310034854
docs/archive/2026-09-14/evidence/run_metadata/chromaseed_head_range_v1/results.json,/records/80,patch5m__linear,slr_to_ipod,43,128,1e-05,4962566,19850722,experiments/runs/chromaseed_head_range_v1/models/slr_to_ipod/patch5m__linear_s43.npz,3e38700a01e12249214968394a3135c0b6d8d56d8ec76817c97e0dbc4d5d8ced,8.30684851802937
docs/archive/2026-09-14/evidence/run_metadata/chromaseed_head_range_v1/results.json,/records/81,soft_small__wide,slr_to_ipod,17,128,1e-05,15246,61442,experiments/runs/chromaseed_head_range_v1/models/slr_to_ipod/soft_small__wide_s17.npz,41643e3a9365b8110970dacf1f30a2b5f4339e897e958eeadd5fea624c1b2951,7.926224255131424
docs/archive/2026-09-14/evidence/run_metadata/chromaseed_head_range_v1/results.json,/records/82,soft_small__wide,slr_to_ipod,29,128,1e-05,15246,61442,experiments/runs/chromaseed_head_range_v1/models/slr_to_ipod/soft_small__wide_s29.npz,60afa43031afb6b1c862d57625a2be453d6d31ab57a35b10f15c0a02b5e915f0,8.684205245421257
docs/archive/2026-09-14/evidence/run_metadata/chromaseed_head_range_v1/results.json,/records/83,soft_small__wide,slr_to_ipod,43,128,1e-05,15246,61442,experiments/runs/chromaseed_head_range_v1/models/slr_to_ipod/soft_small__wide_s43.npz,92cf7739ff64764399cd50cca1746ee677d4ac2867b1472d678264d24eec0ca2,8.277043475210473
docs/archive/2026-09-14/evidence/run_metadata/chromaseed_head_range_v1/results.json,/records/84,soft_small__linear,slr_to_ipod,17,128,1e-05,15246,61442,experiments/runs/chromaseed_head_range_v1/models/slr_to_ipod/soft_small__linear_s17.npz,ba8621bfb37cd9ae08fddcb6b453e71b15dbdbf3e1f06c8424e47db82d62a70b,7.926224256506364
docs/archive/2026-09-14/evidence/run_metadata/chromaseed_head_range_v1/results.json,/records/85,soft_small__linear,slr_to_ipod,29,128,1e-05,15246,61442,experiments/runs/chromaseed_head_range_v1/models/slr_to_ipod/soft_small__linear_s29.npz,c82e79f36dbb311bd5b33f1dda5e50e464bd4084b2e4dec6133b066e7a22e8ab,8.684205245402065
docs/archive/2026-09-14/evidence/run_metadata/chromaseed_head_range_v1/results.json,/records/86,soft_small__linear,slr_to_ipod,43,128,1e-05,15246,61442,experiments/runs/chromaseed_head_range_v1/models/slr_to_ipod/soft_small__linear_s43.npz,dfa8b86330487c047b49db35acac73be1759752b89f6be6a11280e8046184edc,8.277043474417704
docs/archive/2026-09-14/evidence/run_metadata/chromaseed_head_range_v1/results.json,/records/87,soft5m__wide,slr_to_ipod,17,128,1e-05,4846822,19387746,experiments/runs/chromaseed_head_range_v1/models/slr_to_ipod/soft5m__wide_s17.npz,d5eac73d678c92e8d058ecc6c03557f91465541b9a9f7b431cb7bffa8378029a,8.057654185824832
docs/archive/2026-09-14/evidence/run_metadata/chromaseed_head_range_v1/results.json,/records/88,soft5m__wide,slr_to_ipod,29,128,1e-05,4846822,19387746,experiments/runs/chromaseed_head_range_v1/models/slr_to_ipod/soft5m__wide_s29.npz,f5d6a1b1b494ff9058eca32f3687268de17810c5677486467efac2efc716d8e1,8.481273146733326
docs/archive/2026-09-14/evidence/run_metadata/chromaseed_head_range_v1/results.json,/records/89,soft5m__wide,slr_to_ipod,43,128,1e-05,4846822,19387746,experiments/runs/chromaseed_head_range_v1/models/slr_to_ipod/soft5m__wide_s43.npz,e21e9df77e47cef138f8826e38d3f2ae34ac6d0fe29e49be34b38ed09e8c324c,8.307457539729892
docs/archive/2026-09-14/evidence/run_metadata/chromaseed_head_range_v1/results.json,/records/90,soft5m__linear,slr_to_ipod,17,128,1e-05,4846822,19387746,experiments/runs/chromaseed_head_range_v1/models/slr_to_ipod/soft5m__linear_s17.npz,bbe38fb2ed074c3df6468f158916c04b497a068cbed3242cdec527f28aa1df10,8.057664452511677
docs/archive/2026-09-14/evidence/run_metadata/chromaseed_head_range_v1/results.json,/records/91,soft5m__linear,slr_to_ipod,29,128,1e-05,4846822,19387746,experiments/runs/chromaseed_head_range_v1/models/slr_to_ipod/soft5m__linear_s29.npz,a83f5aa74fd968307dd9ef6573bf863c7d948c99d9e463b5694d6709989bc7e6,8.4813806341452
docs/archive/2026-09-14/evidence/run_metadata/chromaseed_head_range_v1/results.json,/records/92,soft5m__linear,slr_to_ipod,43,128,1e-05,4846822,19387746,experiments/runs/chromaseed_head_range_v1/models/slr_to_ipod/soft5m__linear_s43.npz,961f65f3a61e969bcc58198bfb27a318721117a892c8a1b4dcbccdd74bec7d42,8.307458598729045
docs/archive/2026-09-14/evidence/run_metadata/chromaseed_head_range_v1/results.json,/records/93,dynamic_small__wide,slr_to_ipod,17,128,1e-05,15246,61442,experiments/runs/chromaseed_head_range_v1/models/slr_to_ipod/dynamic_small__wide_s17.npz,792a8e288c7a7171a208e86c9ef806c65d413a5ab3dda85deef8415cdcbf595c,7.926225614920295
docs/archive/2026-09-14/evidence/run_metadata/chromaseed_head_range_v1/results.json,/records/94,dynamic_small__wide,slr_to_ipod,29,128,1e-05,15246,61442,experiments/runs/chromaseed_head_range_v1/models/slr_to_ipod/dynamic_small__wide_s29.npz,3da98c82bb5fe246aef986d4b6cd76702634c12a57a964469e0dd166570a912e,8.68413457315263
docs/archive/2026-09-14/evidence/run_metadata/chromaseed_head_range_v1/results.json,/records/95,dynamic_small__wide,slr_to_ipod,43,128,1e-05,15246,61442,experiments/runs/chromaseed_head_range_v1/models/slr_to_ipod/dynamic_small__wide_s43.npz,4c121757d2c03020e814f0774e00be5b116c74a9e424561fede004eb47e38f3d,8.277011023711669
docs/archive/2026-09-14/evidence/run_metadata/chromaseed_head_range_v1/results.json,/records/96,dynamic_small__linear,slr_to_ipod,17,128,1e-05,15246,61442,experiments/runs/chromaseed_head_range_v1/models/slr_to_ipod/dynamic_small__linear_s17.npz,d6665277f923f7c55ccf3271d7e06924bad6511cce009b5f6eeb969f2654ee38,7.926225616056127
docs/archive/2026-09-14/evidence/run_metadata/chromaseed_head_range_v1/results.json,/records/97,dynamic_small__linear,slr_to_ipod,29,128,1e-05,15246,61442,experiments/runs/chromaseed_head_range_v1/models/slr_to_ipod/dynamic_small__linear_s29.npz,dfa15b7b4c56cdcf7baf840503340933a25562a2abd6c266a79a4419bc82ddab,8.684134573350583
docs/archive/2026-09-14/evidence/run_metadata/chromaseed_head_range_v1/results.json,/records/98,dynamic_small__linear,slr_to_ipod,43,128,1e-05,15246,61442,experiments/runs/chromaseed_head_range_v1/models/slr_to_ipod/dynamic_small__linear_s43.npz,5211ce44a9df6f91916d2fb14bd01fc68266cfca7f90bd441873c3e7868c8ca5,8.277011023722526
docs/archive/2026-09-14/evidence/run_metadata/chromaseed_head_range_v1/results.json,/records/99,dynamic5m__wide,slr_to_ipod,17,128,1e-05,4846822,19387746,experiments/runs/chromaseed_head_range_v1/models/slr_to_ipod/dynamic5m__wide_s17.npz,0ae836e0d1d8e890fd8decc15d33a2605879b4c5f2ae6e7724a5b0502c0d2731,8.055182077841202
docs/archive/2026-09-14/evidence/run_metadata/chromaseed_head_range_v1/results.json,/records/100,dynamic5m__wide,slr_to_ipod,29,128,1e-05,4846822,19387746,experiments/runs/chromaseed_head_range_v1/models/slr_to_ipod/dynamic5m__wide_s29.npz,f4000083ffc6f7cdaaabe2d92dcabcc29c125a35609988f46733c4e373793566,8.490198633427362
docs/archive/2026-09-14/evidence/run_metadata/chromaseed_head_range_v1/results.json,/records/101,dynamic5m__wide,slr_to_ipod,43,128,1e-05,4846822,19387746,experiments/runs/chromaseed_head_range_v1/models/slr_to_ipod/dynamic5m__wide_s43.npz,e7dd533780108356a4b615ce55c6b42cdc7dcec8c6f0faaf764087da7846c4f0,8.310339246933435
docs/archive/2026-09-14/evidence/run_metadata/chromaseed_head_range_v1/results.json,/records/102,dynamic5m__linear,slr_to_ipod,17,128,1e-05,4846822,19387746,experiments/runs/chromaseed_head_range_v1/models/slr_to_ipod/dynamic5m__linear_s17.npz,ff4603bd01abae3e764850f184ee14affb876f2b4b2cc76f2703e5b19dc12689,8.055192058181163
docs/archive/2026-09-14/evidence/run_metadata/chromaseed_head_range_v1/results.json,/records/103,dynamic5m__linear,slr_to_ipod,29,128,1e-05,4846822,19387746,experiments/runs/chromaseed_head_range_v1/models/slr_to_ipod/dynamic5m__linear_s29.npz,10bb4117c5ed7e8d71f786bd76460aa16bcc58129257a4b971204bb5e0efbc5f,8.490309213911713
docs/archive/2026-09-14/evidence/run_metadata/chromaseed_head_range_v1/results.json,/records/104,dynamic5m__linear,slr_to_ipod,43,128,1e-05,4846822,19387746,experiments/runs/chromaseed_head_range_v1/models/slr_to_ipod/dynamic5m__linear_s43.npz,8292255bf4cee21db607b31e4252847e0cff070e2ba150e3e29d3941962378d7,8.31034044361348
docs/archive/2026-09-14/evidence/run_metadata/chromaseed_head_range_v1/results.json,/records/105,pool5m__wide,slr_to_ipod,17,2048,1e-05,4851846,19407842,experiments/runs/chromaseed_head_range_v1/models/slr_to_ipod/pool5m__wide_s17.npz,f0cc892111d9456cd72d74ff8f1ae7ebfb47b886d32857dde943215280515d40,8.211099797168451
docs/archive/2026-09-14/evidence/run_metadata/chromaseed_head_range_v1/results.json,/records/106,pool5m__wide,slr_to_ipod,29,2048,1e-05,4851846,19407842,experiments/runs/chromaseed_head_range_v1/models/slr_to_ipod/pool5m__wide_s29.npz,a011f2f842dad09e891b70b2b46693009f6ff74307fa52ab943b491a9e89155f,8.584606922551377
docs/archive/2026-09-14/evidence/run_metadata/chromaseed_head_range_v1/results.json,/records/107,pool5m__wide,slr_to_ipod,43,2048,1e-05,4851846,19407842,experiments/runs/chromaseed_head_range_v1/models/slr_to_ipod/pool5m__wide_s43.npz,37e0cb9cbf6e9e2b5c3ce5376d6e5e5d0d87a7a08712b8ccef4ff91425ef3fd3,8.672768874623932
docs/archive/2026-09-14/evidence/run_metadata/chromaseed_head_range_v1/results.json,/records/108,pool5m__linear,slr_to_ipod,17,2048,1e-05,4851846,19407842,experiments/runs/chromaseed_head_range_v1/models/slr_to_ipod/pool5m__linear_s17.npz,132ddf4b0a966b648d71ea6b14a3291fc278a3d5356e0458a04f7e589b415d4f,8.214346852033659
docs/archive/2026-09-14/evidence/run_metadata/chromaseed_head_range_v1/results.json,/records/109,pool5m__linear,slr_to_ipod,29,2048,1e-05,4851846,19407842,experiments/runs/chromaseed_head_range_v1/models/slr_to_ipod/pool5m__linear_s29.npz,dcf734f8291e09ca0b8dd2644e1097c275c3eb57c03f200191dd14ec27ef61c0,8.592076733070346
docs/archive/2026-09-14/evidence/run_metadata/chromaseed_head_range_v1/results.json,/records/110,pool5m__linear,slr_to_ipod,43,2048,1e-05,4851846,19407842,experiments/runs/chromaseed_head_range_v1/models/slr_to_ipod/pool5m__linear_s43.npz,556082b5e5330611713f450b6969e2e4d1dc3e051b218145f921e4282c658fef,8.693054389899471
docs/archive/2026-09-14/evidence/run_metadata/chromaseed_head_range_v1/results.json,/records/111,patch_small__unit,slr_to_ipod,17,2048,0.0001,,,,,7.831254884156484
docs/archive/2026-09-14/evidence/run_metadata/chromaseed_head_range_v1/results.json,/records/111/inherited_as_record,patch_small,slr_to_ipod,17,2048,0.0001,17374,69954,experiments/runs/chromaseed_architecture_scale_v1/models/slr_to_ipod/patch_small_s17.npz,f6d2ce13293c7e08e6b4c170543bf88a08ed111bd0817aee3df82c0a5060ee93,7.831254884156484
docs/archive/2026-09-14/evidence/run_metadata/chromaseed_head_range_v1/results.json,/records/112,patch_small__unit,slr_to_ipod,29,2048,0.0001,,,,,8.084015280106694
docs/archive/2026-09-14/evidence/run_metadata/chromaseed_head_range_v1/results.json,/records/112/inherited_as_record,patch_small,slr_to_ipod,29,2048,0.0001,17374,69954,experiments/runs/chromaseed_architecture_scale_v1/models/slr_to_ipod/patch_small_s29.npz,f59fd8160d29c50d78bfd72eec7e45705883d822199f0a10c9cab73c4ebca188,8.084015280106694
docs/archive/2026-09-14/evidence/run_metadata/chromaseed_head_range_v1/results.json,/records/113,patch_small__unit,slr_to_ipod,43,2048,0.0001,,,,,8.098101047622476
docs/archive/2026-09-14/evidence/run_metadata/chromaseed_head_range_v1/results.json,/records/113/inherited_as_record,patch_small,slr_to_ipod,43,2048,0.0001,17374,69954,experiments/runs/chromaseed_architecture_scale_v1/models/slr_to_ipod/patch_small_s43.npz,949d359ae68f3a2697760d5203e731ea268b0f516ad8909697f8062301b5b1f7,8.098101047622476
docs/archive/2026-09-14/evidence/run_metadata/chromaseed_head_range_v1/results.json,/records/114,patch5m__unit,slr_to_ipod,17,128,1e-05,,,,,8.041239745029614
docs/archive/2026-09-14/evidence/run_metadata/chromaseed_head_range_v1/results.json,/records/114/inherited_as_record,patch5m,slr_to_ipod,17,128,1e-05,4962566,19850722,experiments/runs/chromaseed_architecture_scale_v1/models/slr_to_ipod/patch5m_s17.npz,5a0f8477f51294ed3bdb2b3a07d66abb1d9b6cf28781d0281144bcb24ded661f,8.041239745029614
docs/archive/2026-09-14/evidence/run_metadata/chromaseed_head_range_v1/results.json,/records/115,patch5m__unit,slr_to_ipod,29,128,1e-05,,,,,8.492172056437624
docs/archive/2026-09-14/evidence/run_metadata/chromaseed_head_range_v1/results.json,/records/115/inherited_as_record,patch5m,slr_to_ipod,29,128,1e-05,4962566,19850722,experiments/runs/chromaseed_architecture_scale_v1/models/slr_to_ipod/patch5m_s29.npz,c9f21cf7ccf7f38aae698fa7ff415f1bbc239d736ea176b96c95be3f6604ef03,8.492172056437624
docs/archive/2026-09-14/evidence/run_metadata/chromaseed_head_range_v1/results.json,/records/116,patch5m__unit,slr_to_ipod,43,128,1e-05,,,,,8.306840975479028
docs/archive/2026-09-14/evidence/run_metadata/chromaseed_head_range_v1/results.json,/records/116/inherited_as_record,patch5m,slr_to_ipod,43,128,1e-05,4962566,19850722,experiments/runs/chromaseed_architecture_scale_v1/models/slr_to_ipod/patch5m_s43.npz,a7c9abb63d52726fac69ba3dbe2ad2206cf2c886b3e1ab2628ae21301de23a40,8.306840975479028
docs/archive/2026-09-14/evidence/run_metadata/chromaseed_head_range_v1/results.json,/records/117,soft_small__unit,slr_to_ipod,17,128,1e-05,,,,,7.926224232244818
docs/archive/2026-09-14/evidence/run_metadata/chromaseed_head_range_v1/results.json,/records/117/inherited_as_record,soft_small,slr_to_ipod,17,128,1e-05,15246,61442,experiments/runs/chromaseed_architecture_scale_v1/models/slr_to_ipod/soft_small_s17.npz,a7b0652d6ee6364d8ec0f99a429c582b11fc9afcc7aebac39e1736bfdbda118e,7.926224232244818
docs/archive/2026-09-14/evidence/run_metadata/chromaseed_head_range_v1/results.json,/records/118,soft_small__unit,slr_to_ipod,29,128,1e-05,,,,,8.684205245248402
docs/archive/2026-09-14/evidence/run_metadata/chromaseed_head_range_v1/results.json,/records/118/inherited_as_record,soft_small,slr_to_ipod,29,128,1e-05,15246,61442,experiments/runs/chromaseed_architecture_scale_v1/models/slr_to_ipod/soft_small_s29.npz,b34803b124ead2a791fde187f0f227b9580dd65ca3b1d7abf8b1eb5f52962b9b,8.684205245248402
docs/archive/2026-09-14/evidence/run_metadata/chromaseed_head_range_v1/results.json,/records/119,soft_small__unit,slr_to_ipod,43,128,1e-05,,,,,8.27704347616115
docs/archive/2026-09-14/evidence/run_metadata/chromaseed_head_range_v1/results.json,/records/119/inherited_as_record,soft_small,slr_to_ipod,43,128,1e-05,15246,61442,experiments/runs/chromaseed_architecture_scale_v1/models/slr_to_ipod/soft_small_s43.npz,b228c33fd3eea7ff238e7d2ee70efe3d65d0249827bd0cf0a2d9d8b14f90535b,8.27704347616115
docs/archive/2026-09-14/evidence/run_metadata/chromaseed_head_range_v1/results.json,/records/120,soft5m__unit,slr_to_ipod,17,2048,1e-05,,,,,7.855687401623866
docs/archive/2026-09-14/evidence/run_metadata/chromaseed_head_range_v1/results.json,/records/120/inherited_as_record,soft5m,slr_to_ipod,17,2048,1e-05,4846822,19387746,experiments/runs/chromaseed_architecture_scale_v1/models/slr_to_ipod/soft5m_s17.npz,170b3cdf5925d961a6c58caffc426fe2d9dfa21bae69c949f10044a16718738d,7.855687401623866
docs/archive/2026-09-14/evidence/run_metadata/chromaseed_head_range_v1/results.json,/records/121,soft5m__unit,slr_to_ipod,29,2048,1e-05,,,,,8.120747883440114
docs/archive/2026-09-14/evidence/run_metadata/chromaseed_head_range_v1/results.json,/records/121/inherited_as_record,soft5m,slr_to_ipod,29,2048,1e-05,4846822,19387746,experiments/runs/chromaseed_architecture_scale_v1/models/slr_to_ipod/soft5m_s29.npz,17ec5bdf40569f53519b6c2e4439ea5889a22ab4a56b5e9268ec4802bbaf0795,8.120747883440114
docs/archive/2026-09-14/evidence/run_metadata/chromaseed_head_range_v1/results.json,/records/122,soft5m__unit,slr_to_ipod,43,2048,1e-05,,,,,7.954003205097311
docs/archive/2026-09-14/evidence/run_metadata/chromaseed_head_range_v1/results.json,/records/122/inherited_as_record,soft5m,slr_to_ipod,43,2048,1e-05,4846822,19387746,experiments/runs/chromaseed_architecture_scale_v1/models/slr_to_ipod/soft5m_s43.npz,ebaebbed6e12bbb0bc062210364267790ff80f8556a5d810bb3bea09c1ab047a,7.954003205097311
docs/archive/2026-09-14/evidence/run_metadata/chromaseed_head_range_v1/results.json,/records/123,dynamic_small__unit,slr_to_ipod,17,2048,0.0001,,,,,8.18838304757059
docs/archive/2026-09-14/evidence/run_metadata/chromaseed_head_range_v1/results.json,/records/123/inherited_as_record,dynamic_small,slr_to_ipod,17,2048,0.0001,15246,61442,experiments/runs/chromaseed_architecture_scale_v1/models/slr_to_ipod/dynamic_small_s17.npz,639cb7e2c06bc6774c1fbd3265c83157bb60bc40b2dd84b6503b5395366e46d6,8.18838304757059
docs/archive/2026-09-14/evidence/run_metadata/chromaseed_head_range_v1/results.json,/records/124,dynamic_small__unit,slr_to_ipod,29,2048,0.0001,,,,,8.480234150575544
docs/archive/2026-09-14/evidence/run_metadata/chromaseed_head_range_v1/results.json,/records/124/inherited_as_record,dynamic_small,slr_to_ipod,29,2048,0.0001,15246,61442,experiments/runs/chromaseed_architecture_scale_v1/models/slr_to_ipod/dynamic_small_s29.npz,69cb8497be1560bd50345a6a2768d4a3a00fa6e1c899436cf580f5db3cd54463,8.480234150575544
docs/archive/2026-09-14/evidence/run_metadata/chromaseed_head_range_v1/results.json,/records/125,dynamic_small__unit,slr_to_ipod,43,2048,0.0001,,,,,7.6885547134829535
docs/archive/2026-09-14/evidence/run_metadata/chromaseed_head_range_v1/results.json,/records/125/inherited_as_record,dynamic_small,slr_to_ipod,43,2048,0.0001,15246,61442,experiments/runs/chromaseed_architecture_scale_v1/models/slr_to_ipod/dynamic_small_s43.npz,e5e321430de9153069c4f8d38e160d686b875f57c62bd9e0541da95f3f931142,7.6885547134829535
docs/archive/2026-09-14/evidence/run_metadata/chromaseed_head_range_v1/results.json,/records/126,dynamic5m__unit,slr_to_ipod,17,2048,1e-05,,,,,7.900749709379893
docs/archive/2026-09-14/evidence/run_metadata/chromaseed_head_range_v1/results.json,/records/126/inherited_as_record,dynamic5m,slr_to_ipod,17,2048,1e-05,4846822,19387746,experiments/runs/chromaseed_architecture_scale_v1/models/slr_to_ipod/dynamic5m_s17.npz,2e974d9ad621cf86b4f11018ce2be6833bc90fedca90e8b55baa8164e9394809,7.900749709379893
docs/archive/2026-09-14/evidence/run_metadata/chromaseed_head_range_v1/results.json,/records/127,dynamic5m__unit,slr_to_ipod,29,2048,1e-05,,,,,8.9302510746586
docs/archive/2026-09-14/evidence/run_metadata/chromaseed_head_range_v1/results.json,/records/127/inherited_as_record,dynamic5m,slr_to_ipod,29,2048,1e-05,4846822,19387746,experiments/runs/chromaseed_architecture_scale_v1/models/slr_to_ipod/dynamic5m_s29.npz,58d80d01cea6bfd07ead93c9373394f2fff1f8e45304b0831804ade12ac463d7,8.9302510746586
docs/archive/2026-09-14/evidence/run_metadata/chromaseed_head_range_v1/results.json,/records/128,dynamic5m__unit,slr_to_ipod,43,2048,1e-05,,,,,7.648365977382408
docs/archive/2026-09-14/evidence/run_metadata/chromaseed_head_range_v1/results.json,/records/128/inherited_as_record,dynamic5m,slr_to_ipod,43,2048,1e-05,4846822,19387746,experiments/runs/chromaseed_architecture_scale_v1/models/slr_to_ipod/dynamic5m_s43.npz,2d5690e6e13405eeda4e414af01a58802ac2287d8edf3f6240dd58218b15425b,7.648365977382408
docs/archive/2026-09-14/evidence/run_metadata/chromaseed_head_range_v1/results.json,/records/129,pool5m__unit,slr_to_ipod,17,2048,1e-05,,,,,8.142857534200552
docs/archive/2026-09-14/evidence/run_metadata/chromaseed_head_range_v1/results.json,/records/129/inherited_as_record,pool5m,slr_to_ipod,17,2048,1e-05,4851846,19407842,experiments/runs/chromaseed_architecture_scale_v1/models/slr_to_ipod/pool5m_s17.npz,ab6d6d565eb8b797c680df0aa8d8ec2bfccfd12e7a60640c32b680c9eedb4ac0,8.142857534200552
docs/archive/2026-09-14/evidence/run_metadata/chromaseed_head_range_v1/results.json,/records/130,pool5m__unit,slr_to_ipod,29,2048,1e-05,,,,,8.531132493547805
docs/archive/2026-09-14/evidence/run_metadata/chromaseed_head_range_v1/results.json,/records/130/inherited_as_record,pool5m,slr_to_ipod,29,2048,1e-05,4851846,19407842,experiments/runs/chromaseed_architecture_scale_v1/models/slr_to_ipod/pool5m_s29.npz,ad6ec9fa678ad45753f107b136b2d14cc226a8bd450b606247eccc0b71f61903,8.531132493547805
docs/archive/2026-09-14/evidence/run_metadata/chromaseed_head_range_v1/results.json,/records/131,pool5m__unit,slr_to_ipod,43,2048,1e-05,,,,,8.557486207028296
docs/archive/2026-09-14/evidence/run_metadata/chromaseed_head_range_v1/results.json,/records/131/inherited_as_record,pool5m,slr_to_ipod,43,2048,1e-05,4851846,19407842,experiments/runs/chromaseed_architecture_scale_v1/models/slr_to_ipod/pool5m_s43.npz,7b36cb4370d9d3189b63da77904000d0e313e6795a0418740418176d4f014eee,8.557486207028296
docs/archive/2026-09-14/evidence/run_metadata/chromaseed_head_range_v1/results.json,/records/132,np,slr_to_ipod,17,0,,,,,,7.917104358302984
docs/archive/2026-09-14/evidence/run_metadata/chromaseed_head_range_v1/results.json,/records/132/inherited_as_record,np,slr_to_ipod,17,0,,,,,,7.917104358302984
docs/archive/2026-09-14/evidence/run_metadata/chromaseed_head_range_v1/results.json,/records/132/inherited_as_record/imported_we_record,np,slr_to_ipod,17,0,,643,2886,,5efa01db5dac7ba94855bb6fd7422eff0c58dd6c8ff959f9d9a1410049844850,7.917104358302984
docs/archive/2026-09-14/evidence/run_metadata/chromaseed_head_range_v1/results.json,/records/133,np,slr_to_ipod,29,0,,,,,,8.683932159092297
docs/archive/2026-09-14/evidence/run_metadata/chromaseed_head_range_v1/results.json,/records/133/inherited_as_record,np,slr_to_ipod,29,0,,,,,,8.683932159092297
docs/archive/2026-09-14/evidence/run_metadata/chromaseed_head_range_v1/results.json,/records/133/inherited_as_record/imported_we_record,np,slr_to_ipod,29,0,,643,2886,,fac9311bc23ef1378af5b4a09f5c7d3b5652f6bb2b0071ec6f7c7cf5afc33c7f,8.683932159092297
docs/archive/2026-09-14/evidence/run_metadata/chromaseed_head_range_v1/results.json,/records/134,np,slr_to_ipod,43,0,,,,,,8.282000601437858
docs/archive/2026-09-14/evidence/run_metadata/chromaseed_head_range_v1/results.json,/records/134/inherited_as_record,np,slr_to_ipod,43,0,,,,,,8.282000601437858
docs/archive/2026-09-14/evidence/run_metadata/chromaseed_head_range_v1/results.json,/records/134/inherited_as_record/imported_we_record,np,slr_to_ipod,43,0,,643,2886,,8105956233bc764f984f42a7823336b280e5616f3c4efb95e2b44c5ab0249ec1,8.282000601437858
docs/archive/2026-09-14/evidence/run_metadata/chromaseed_head_range_v1/results.json,/records/135,we,slr_to_ipod,17,2048,1e-05,,,,,7.936369617939816
docs/archive/2026-09-14/evidence/run_metadata/chromaseed_head_range_v1/results.json,/records/135/inherited_as_record,we,slr_to_ipod,17,2048,1e-05,,,,,7.936369617939816
docs/archive/2026-09-14/evidence/run_metadata/chromaseed_head_range_v1/results.json,/records/135/inherited_as_record/imported_we_record,m832,slr_to_ipod,17,2048,1e-05,832259,3329494,,30aec2e8f10f59ce4c65f07f45156f04eac9205c49d494610ef9b21e969b148a,7.936369617939816
docs/archive/2026-09-14/evidence/run_metadata/chromaseed_head_range_v1/results.json,/records/136,we,slr_to_ipod,29,2048,1e-05,,,,,8.659662395535403
docs/archive/2026-09-14/evidence/run_metadata/chromaseed_head_range_v1/results.json,/records/136/inherited_as_record,we,slr_to_ipod,29,2048,1e-05,,,,,8.659662395535403
docs/archive/2026-09-14/evidence/run_metadata/chromaseed_head_range_v1/results.json,/records/136/inherited_as_record/imported_we_record,m832,slr_to_ipod,29,2048,1e-05,832259,3329494,,72fe2fabc7840ab8c0b9715e1f6ab578c0ba27266625da4c22400b540dc31979,8.659662395535403
docs/archive/2026-09-14/evidence/run_metadata/chromaseed_head_range_v1/results.json,/records/137,we,slr_to_ipod,43,2048,1e-05,,,,,8.547416407290982
docs/archive/2026-09-14/evidence/run_metadata/chromaseed_head_range_v1/results.json,/records/137/inherited_as_record,we,slr_to_ipod,43,2048,1e-05,,,,,8.547416407290982
docs/archive/2026-09-14/evidence/run_metadata/chromaseed_head_range_v1/results.json,/records/137/inherited_as_record/imported_we_record,m832,slr_to_ipod,43,2048,1e-05,832259,3329494,,5dd46d7d5f516d75c516da259181a8c470ad4e8e6dc09f486263e7c14b9c2870,8.547416407290982
docs/archive/2026-09-14/evidence/run_metadata/chromaseed_head_range_v1/results.json,/records/138,patch_small__wide,ipod_to_slr,17,2048,0.0001,17374,69954,experiments/runs/chromaseed_head_range_v1/models/ipod_to_slr/patch_small__wide_s17.npz,89e8c682d3454a62369bdeab5fdd0af738cb5acd73e720f99209de21c766f2af,7.926394198065021
docs/archive/2026-09-14/evidence/run_metadata/chromaseed_head_range_v1/results.json,/records/139,patch_small__wide,ipod_to_slr,29,2048,0.0001,17374,69954,experiments/runs/chromaseed_head_range_v1/models/ipod_to_slr/patch_small__wide_s29.npz,4fc7403a132e00d98219f537d3324b64a0e3eedd22ded659d4754f678b9f42e9,8.917437856442053
docs/archive/2026-09-14/evidence/run_metadata/chromaseed_head_range_v1/results.json,/records/140,patch_small__wide,ipod_to_slr,43,2048,0.0001,17374,69954,experiments/runs/chromaseed_head_range_v1/models/ipod_to_slr/patch_small__wide_s43.npz,6a01aa3d273a19063ccd43a97b7ac8adc61622aa439636219b9ad7d608d63597,9.86091967308012
docs/archive/2026-09-14/evidence/run_metadata/chromaseed_head_range_v1/results.json,/records/141,patch_small__linear,ipod_to_slr,17,2048,0.0001,17374,69954,experiments/runs/chromaseed_head_range_v1/models/ipod_to_slr/patch_small__linear_s17.npz,0147a876f7056af82b0da72f0032ca87d234e96009cf6c48b14891ef25b44949,7.938003448686265
docs/archive/2026-09-14/evidence/run_metadata/chromaseed_head_range_v1/results.json,/records/142,patch_small__linear,ipod_to_slr,29,2048,0.0001,17374,69954,experiments/runs/chromaseed_head_range_v1/models/ipod_to_slr/patch_small__linear_s29.npz,25174f0937cba1401965904bd0e108b61c925b463fe661e8d8edfb1492cd8b89,8.913378490335248
docs/archive/2026-09-14/evidence/run_metadata/chromaseed_head_range_v1/results.json,/records/143,patch_small__linear,ipod_to_slr,43,2048,0.0001,17374,69954,experiments/runs/chromaseed_head_range_v1/models/ipod_to_slr/patch_small__linear_s43.npz,3344c82cd53bda295352987eebfce3dcd03248104964d92e0e89dfee6624a0f8,9.859467485718897
docs/archive/2026-09-14/evidence/run_metadata/chromaseed_head_range_v1/results.json,/records/144,patch5m__wide,ipod_to_slr,17,2048,1e-05,4962566,19850722,experiments/runs/chromaseed_head_range_v1/models/ipod_to_slr/patch5m__wide_s17.npz,0e9570915271f7f16d53a8dc4d5359bbfd8b05ec61ac1e52a779a0dcffb9aa34,7.534471990737333
docs/archive/2026-09-14/evidence/run_metadata/chromaseed_head_range_v1/results.json,/records/145,patch5m__wide,ipod_to_slr,29,2048,1e-05,4962566,19850722,experiments/runs/chromaseed_head_range_v1/models/ipod_to_slr/patch5m__wide_s29.npz,02c34a58082764030f8c9d5bd250039e8d31b477779ea5e3ad5eb75dd83cf6f5,9.658736314057263
docs/archive/2026-09-14/evidence/run_metadata/chromaseed_head_range_v1/results.json,/records/146,patch5m__wide,ipod_to_slr,43,2048,1e-05,4962566,19850722,experiments/runs/chromaseed_head_range_v1/models/ipod_to_slr/patch5m__wide_s43.npz,10c55c13edcd06c5a7ac1fe5b1407a393b2b360a1e91354d286ce2ade699fce9,9.739288113286644
docs/archive/2026-09-14/evidence/run_metadata/chromaseed_head_range_v1/results.json,/records/147,patch5m__linear,ipod_to_slr,17,2048,1e-05,4962566,19850722,experiments/runs/chromaseed_head_range_v1/models/ipod_to_slr/patch5m__linear_s17.npz,ddafda2c845de15850ac39e1d423c1a94aa1728666b80c949650dc77c195bd4e,7.536079713297653
docs/archive/2026-09-14/evidence/run_metadata/chromaseed_head_range_v1/results.json,/records/148,patch5m__linear,ipod_to_slr,29,2048,1e-05,4962566,19850722,experiments/runs/chromaseed_head_range_v1/models/ipod_to_slr/patch5m__linear_s29.npz,68634a428eae4832209f6868758d5e265e0068954bc6794d6d194bd1c6706eda,9.656708265635405
docs/archive/2026-09-14/evidence/run_metadata/chromaseed_head_range_v1/results.json,/records/149,patch5m__linear,ipod_to_slr,43,2048,1e-05,4962566,19850722,experiments/runs/chromaseed_head_range_v1/models/ipod_to_slr/patch5m__linear_s43.npz,dcce3a9bc24ea84ea40960531a939cef6479129a5ce90637b4e02f8d458fe839,9.741602632772208
docs/archive/2026-09-14/evidence/run_metadata/chromaseed_head_range_v1/results.json,/records/150,soft_small__wide,ipod_to_slr,17,512,0.0001,15246,61442,experiments/runs/chromaseed_head_range_v1/models/ipod_to_slr/soft_small__wide_s17.npz,47bfe3525c75a772cd32518f0fa2d20b8cd666194cbb027dca9489f580d170dd,8.702674065425388
docs/archive/2026-09-14/evidence/run_metadata/chromaseed_head_range_v1/results.json,/records/151,soft_small__wide,ipod_to_slr,29,512,0.0001,15246,61442,experiments/runs/chromaseed_head_range_v1/models/ipod_to_slr/soft_small__wide_s29.npz,2eede18444b7bdf19ced6c4643d6a6aa381f8a2fe1442d7c976f9726efaf19de,8.122073977268446
docs/archive/2026-09-14/evidence/run_metadata/chromaseed_head_range_v1/results.json,/records/152,soft_small__wide,ipod_to_slr,43,512,0.0001,15246,61442,experiments/runs/chromaseed_head_range_v1/models/ipod_to_slr/soft_small__wide_s43.npz,4bd9151803c11514382cdc93dea83c4e18973b195b61dfea5430b5410767cb58,8.784267657796894
docs/archive/2026-09-14/evidence/run_metadata/chromaseed_head_range_v1/results.json,/records/153,soft_small__linear,ipod_to_slr,17,512,0.0001,15246,61442,experiments/runs/chromaseed_head_range_v1/models/ipod_to_slr/soft_small__linear_s17.npz,83f5154eae4f8de1813eaa681614931ad100ffd12210a603768050665434e7d5,8.702607349723493
docs/archive/2026-09-14/evidence/run_metadata/chromaseed_head_range_v1/results.json,/records/154,soft_small__linear,ipod_to_slr,29,512,0.0001,15246,61442,experiments/runs/chromaseed_head_range_v1/models/ipod_to_slr/soft_small__linear_s29.npz,23425742996f461c1686d826f37f40c5d2fb4717d4eb9c579669da5e819282d8,8.122008278232695
docs/archive/2026-09-14/evidence/run_metadata/chromaseed_head_range_v1/results.json,/records/155,soft_small__linear,ipod_to_slr,43,512,0.0001,15246,61442,experiments/runs/chromaseed_head_range_v1/models/ipod_to_slr/soft_small__linear_s43.npz,726e28c18ad4c40eaf45daf60e95ca72df4855ac02e5ce7049b4e071bbdf13a3,8.784338605289761
docs/archive/2026-09-14/evidence/run_metadata/chromaseed_head_range_v1/results.json,/records/156,soft5m__wide,ipod_to_slr,17,2048,1e-05,4846822,19387746,experiments/runs/chromaseed_head_range_v1/models/ipod_to_slr/soft5m__wide_s17.npz,7b76618b75303b1c0eb43f42cf960b69433650e44787637419474ffadf8ee824,7.778062572023063
docs/archive/2026-09-14/evidence/run_metadata/chromaseed_head_range_v1/results.json,/records/157,soft5m__wide,ipod_to_slr,29,2048,1e-05,4846822,19387746,experiments/runs/chromaseed_head_range_v1/models/ipod_to_slr/soft5m__wide_s29.npz,9cb58479590d096028f1bb4e01d4ceba59e57fc9cc869b8339eed87f4550473a,9.503702602489739
docs/archive/2026-09-14/evidence/run_metadata/chromaseed_head_range_v1/results.json,/records/158,soft5m__wide,ipod_to_slr,43,2048,1e-05,4846822,19387746,experiments/runs/chromaseed_head_range_v1/models/ipod_to_slr/soft5m__wide_s43.npz,697ae62bc7c6c8fff8c549ce84ecfc7def32ce74dd08553ab4cf4a3fe3facd67,9.340483471139109
docs/archive/2026-09-14/evidence/run_metadata/chromaseed_head_range_v1/results.json,/records/159,soft5m__linear,ipod_to_slr,17,2048,1e-05,4846822,19387746,experiments/runs/chromaseed_head_range_v1/models/ipod_to_slr/soft5m__linear_s17.npz,6f2fe281b98cc1c064d4a3230d42310894777e6baa164424da15b6c632c3fcb5,7.789316243798684
docs/archive/2026-09-14/evidence/run_metadata/chromaseed_head_range_v1/results.json,/records/160,soft5m__linear,ipod_to_slr,29,2048,1e-05,4846822,19387746,experiments/runs/chromaseed_head_range_v1/models/ipod_to_slr/soft5m__linear_s29.npz,68cf6484aea6d52e6cae281035ad4942b8c3c3d76afcd764605e853a699b14c8,9.515586917923951
docs/archive/2026-09-14/evidence/run_metadata/chromaseed_head_range_v1/results.json,/records/161,soft5m__linear,ipod_to_slr,43,2048,1e-05,4846822,19387746,experiments/runs/chromaseed_head_range_v1/models/ipod_to_slr/soft5m__linear_s43.npz,ddfdb5afd386069d9368dc879ef59574cf3d7d52f40d02abb185f96eaf6cfbb2,9.356252739007477
docs/archive/2026-09-14/evidence/run_metadata/chromaseed_head_range_v1/results.json,/records/162,dynamic_small__wide,ipod_to_slr,17,2048,0.0001,15246,61442,experiments/runs/chromaseed_head_range_v1/models/ipod_to_slr/dynamic_small__wide_s17.npz,422fec1c530bb793277db085add664cef5835b3817e46da41ce42b2502969761,7.606886821041047
docs/archive/2026-09-14/evidence/run_metadata/chromaseed_head_range_v1/results.json,/records/163,dynamic_small__wide,ipod_to_slr,29,2048,0.0001,15246,61442,experiments/runs/chromaseed_head_range_v1/models/ipod_to_slr/dynamic_small__wide_s29.npz,b7c9f4fcaf8ff17f6e315fbca4c9a1d2293f6b22fa424d00370179354ff132d8,9.300975756433257
docs/archive/2026-09-14/evidence/run_metadata/chromaseed_head_range_v1/results.json,/records/164,dynamic_small__wide,ipod_to_slr,43,2048,0.0001,15246,61442,experiments/runs/chromaseed_head_range_v1/models/ipod_to_slr/dynamic_small__wide_s43.npz,ece48c7684313724a9b06fca1c228dabfe4d0bcec295396b5d10c162a1f11709,8.995766968680272
docs/archive/2026-09-14/evidence/run_metadata/chromaseed_head_range_v1/results.json,/records/165,dynamic_small__linear,ipod_to_slr,17,2048,0.0001,15246,61442,experiments/runs/chromaseed_head_range_v1/models/ipod_to_slr/dynamic_small__linear_s17.npz,c235ee9dd30b0a532a64e9ce121beb68c58fbce2222d8cbf63f5e707b0b04138,7.846060911177818
docs/archive/2026-09-14/evidence/run_metadata/chromaseed_head_range_v1/results.json,/records/166,dynamic_small__linear,ipod_to_slr,29,2048,0.0001,15246,61442,experiments/runs/chromaseed_head_range_v1/models/ipod_to_slr/dynamic_small__linear_s29.npz,04c0d2a2d1639d5c997c1d78a8c9f3728f004d19f9e7bfb94dde3eec679a4936,9.353885702682218
docs/archive/2026-09-14/evidence/run_metadata/chromaseed_head_range_v1/results.json,/records/167,dynamic_small__linear,ipod_to_slr,43,2048,0.0001,15246,61442,experiments/runs/chromaseed_head_range_v1/models/ipod_to_slr/dynamic_small__linear_s43.npz,ba61d4d6deb6f12da3e3fcd9b3b3f6f2beaccca7194fd45cdb852126e3e5a156,8.76035929355669
docs/archive/2026-09-14/evidence/run_metadata/chromaseed_head_range_v1/results.json,/records/168,dynamic5m__wide,ipod_to_slr,17,128,0.0001,4846822,19387746,experiments/runs/chromaseed_head_range_v1/models/ipod_to_slr/dynamic5m__wide_s17.npz,9f7b9e4a79ff8672fecd36e2d96185e28dd6200a05c248c836a3e66fdc71621e,8.475086501104931
docs/archive/2026-09-14/evidence/run_metadata/chromaseed_head_range_v1/results.json,/records/169,dynamic5m__wide,ipod_to_slr,29,128,0.0001,4846822,19387746,experiments/runs/chromaseed_head_range_v1/models/ipod_to_slr/dynamic5m__wide_s29.npz,87a50227f7e29ce9b5f0a7824340564b1aa8a5d62a58f58e89101501c7d0e15c,8.90204084260795
docs/archive/2026-09-14/evidence/run_metadata/chromaseed_head_range_v1/results.json,/records/170,dynamic5m__wide,ipod_to_slr,43,128,0.0001,4846822,19387746,experiments/runs/chromaseed_head_range_v1/models/ipod_to_slr/dynamic5m__wide_s43.npz,8498de39b5717145fcc882954d02b49cc31d05562a860e4c4059911a0c16fd83,9.942187778990508
docs/archive/2026-09-14/evidence/run_metadata/chromaseed_head_range_v1/results.json,/records/171,dynamic5m__linear,ipod_to_slr,17,2048,1e-05,4846822,19387746,experiments/runs/chromaseed_head_range_v1/models/ipod_to_slr/dynamic5m__linear_s17.npz,79ab4ed3f55270554a170bc8087a8a849d0e3e627a4f5f6efaf7235ab6e12c04,7.736572942424992
docs/archive/2026-09-14/evidence/run_metadata/chromaseed_head_range_v1/results.json,/records/172,dynamic5m__linear,ipod_to_slr,29,2048,1e-05,4846822,19387746,experiments/runs/chromaseed_head_range_v1/models/ipod_to_slr/dynamic5m__linear_s29.npz,7b6fe3d39ffd9bf071203bd0bf099c7b2c5286bc5b7d8b5c331064097e57be5e,9.520063433272142
docs/archive/2026-09-14/evidence/run_metadata/chromaseed_head_range_v1/results.json,/records/173,dynamic5m__linear,ipod_to_slr,43,2048,1e-05,4846822,19387746,experiments/runs/chromaseed_head_range_v1/models/ipod_to_slr/dynamic5m__linear_s43.npz,4cafc8e9e72b45a3b579669df1165d2a68db301934a65d2bb52d1079b2199351,9.951136440193045
docs/archive/2026-09-14/evidence/run_metadata/chromaseed_head_range_v1/results.json,/records/174,pool5m__wide,ipod_to_slr,17,128,0.0001,4851846,19407842,experiments/runs/chromaseed_head_range_v1/models/ipod_to_slr/pool5m__wide_s17.npz,8243b3c502f27afe283057a84681e340c73bf4583cd3b0c4f0b0a99d361469b3,7.837899855934368
docs/archive/2026-09-14/evidence/run_metadata/chromaseed_head_range_v1/results.json,/records/175,pool5m__wide,ipod_to_slr,29,128,0.0001,4851846,19407842,experiments/runs/chromaseed_head_range_v1/models/ipod_to_slr/pool5m__wide_s29.npz,c824ab1ea8f3dc61e1321eaa89d71394c50542efd419308e2eca2bd010945730,9.007886219842351
docs/archive/2026-09-14/evidence/run_metadata/chromaseed_head_range_v1/results.json,/records/176,pool5m__wide,ipod_to_slr,43,128,0.0001,4851846,19407842,experiments/runs/chromaseed_head_range_v1/models/ipod_to_slr/pool5m__wide_s43.npz,29ac24fece7d8e084106e38837389e72de8d400051b3f794636f411bfec552b0,8.79850287647951
docs/archive/2026-09-14/evidence/run_metadata/chromaseed_head_range_v1/results.json,/records/177,pool5m__linear,ipod_to_slr,17,128,0.0001,4851846,19407842,experiments/runs/chromaseed_head_range_v1/models/ipod_to_slr/pool5m__linear_s17.npz,cc7089ed7ee7e705babfc78b51f5c5b60d4826905a70de2055c939230a97694a,7.864414954009526
docs/archive/2026-09-14/evidence/run_metadata/chromaseed_head_range_v1/results.json,/records/178,pool5m__linear,ipod_to_slr,29,128,0.0001,4851846,19407842,experiments/runs/chromaseed_head_range_v1/models/ipod_to_slr/pool5m__linear_s29.npz,75a434174acff325fe1bc43bb807f4ec3c58110dd837cae8babaaa12caecfbb1,9.005065141215708
docs/archive/2026-09-14/evidence/run_metadata/chromaseed_head_range_v1/results.json,/records/179,pool5m__linear,ipod_to_slr,43,128,0.0001,4851846,19407842,experiments/runs/chromaseed_head_range_v1/models/ipod_to_slr/pool5m__linear_s43.npz,e6d2d2e214d7603980ec3380f25919ee8d149d9c7ab96c09ee99a0b8a2bd2445,8.793725256013506
docs/archive/2026-09-14/evidence/run_metadata/chromaseed_head_range_v1/results.json,/records/180,patch_small__unit,ipod_to_slr,17,2048,0.0001,,,,,7.839530455675505
docs/archive/2026-09-14/evidence/run_metadata/chromaseed_head_range_v1/results.json,/records/180/inherited_as_record,patch_small,ipod_to_slr,17,2048,0.0001,17374,69954,experiments/runs/chromaseed_architecture_scale_v1/models/ipod_to_slr/patch_small_s17.npz,babe22c87253b2ac3dc6fea80a6c95c61338a974f8d88b80255088a7754a9e14,7.839530455675505
docs/archive/2026-09-14/evidence/run_metadata/chromaseed_head_range_v1/results.json,/records/181,patch_small__unit,ipod_to_slr,29,2048,0.0001,,,,,8.975284586252485
docs/archive/2026-09-14/evidence/run_metadata/chromaseed_head_range_v1/results.json,/records/181/inherited_as_record,patch_small,ipod_to_slr,29,2048,0.0001,17374,69954,experiments/runs/chromaseed_architecture_scale_v1/models/ipod_to_slr/patch_small_s29.npz,af5b2169640ed37d16b4f53c7bc91626d2199a1e0a099c23bb9586b292caabdb,8.975284586252485
docs/archive/2026-09-14/evidence/run_metadata/chromaseed_head_range_v1/results.json,/records/182,patch_small__unit,ipod_to_slr,43,2048,0.0001,,,,,9.87951145591484
docs/archive/2026-09-14/evidence/run_metadata/chromaseed_head_range_v1/results.json,/records/182/inherited_as_record,patch_small,ipod_to_slr,43,2048,0.0001,17374,69954,experiments/runs/chromaseed_architecture_scale_v1/models/ipod_to_slr/patch_small_s43.npz,1164b5611ea7f07a89669db76625eefce91858be39c4a8fb97ebbe6ebbd7cc3b,9.87951145591484
docs/archive/2026-09-14/evidence/run_metadata/chromaseed_head_range_v1/results.json,/records/183,patch5m__unit,ipod_to_slr,17,2048,1e-05,,,,,7.5422515074028
docs/archive/2026-09-14/evidence/run_metadata/chromaseed_head_range_v1/results.json,/records/183/inherited_as_record,patch5m,ipod_to_slr,17,2048,1e-05,4962566,19850722,experiments/runs/chromaseed_architecture_scale_v1/models/ipod_to_slr/patch5m_s17.npz,94638cc66de18e2725bc7bebb7a9567cdc87d5fe5acb58a5a6c8ee344597f33b,7.5422515074028
docs/archive/2026-09-14/evidence/run_metadata/chromaseed_head_range_v1/results.json,/records/184,patch5m__unit,ipod_to_slr,29,2048,1e-05,,,,,9.655558800286222
docs/archive/2026-09-14/evidence/run_metadata/chromaseed_head_range_v1/results.json,/records/184/inherited_as_record,patch5m,ipod_to_slr,29,2048,1e-05,4962566,19850722,experiments/runs/chromaseed_architecture_scale_v1/models/ipod_to_slr/patch5m_s29.npz,99fe6dc4b22c7af9eb1bb90b5d96eba35d27cf1bfeff2379280c7c991cdd601f,9.655558800286222
docs/archive/2026-09-14/evidence/run_metadata/chromaseed_head_range_v1/results.json,/records/185,patch5m__unit,ipod_to_slr,43,2048,1e-05,,,,,9.713267149950301
docs/archive/2026-09-14/evidence/run_metadata/chromaseed_head_range_v1/results.json,/records/185/inherited_as_record,patch5m,ipod_to_slr,43,2048,1e-05,4962566,19850722,experiments/runs/chromaseed_architecture_scale_v1/models/ipod_to_slr/patch5m_s43.npz,e5eca7ac51d6a86f8272e5d9b397c153f00ede6789bbf79074d5368d9ae5bbfe,9.713267149950301
docs/archive/2026-09-14/evidence/run_metadata/chromaseed_head_range_v1/results.json,/records/186,soft_small__unit,ipod_to_slr,17,512,0.0001,,,,,8.703568231357137
docs/archive/2026-09-14/evidence/run_metadata/chromaseed_head_range_v1/results.json,/records/186/inherited_as_record,soft_small,ipod_to_slr,17,512,0.0001,15246,61442,experiments/runs/chromaseed_architecture_scale_v1/models/ipod_to_slr/soft_small_s17.npz,85f94a36d8b2093440f8443a4d720e1a3ba6f366e24bfdf030f005d7f8b21330,8.703568231357137
docs/archive/2026-09-14/evidence/run_metadata/chromaseed_head_range_v1/results.json,/records/187,soft_small__unit,ipod_to_slr,29,512,0.0001,,,,,8.123056025453524
docs/archive/2026-09-14/evidence/run_metadata/chromaseed_head_range_v1/results.json,/records/187/inherited_as_record,soft_small,ipod_to_slr,29,512,0.0001,15246,61442,experiments/runs/chromaseed_architecture_scale_v1/models/ipod_to_slr/soft_small_s29.npz,5ba23f27f1e979f8c3e0f31d44270909a673c885137a011e5b90f3d3a4b55323,8.123056025453524
docs/archive/2026-09-14/evidence/run_metadata/chromaseed_head_range_v1/results.json,/records/188,soft_small__unit,ipod_to_slr,43,512,0.0001,,,,,8.783207622401214
docs/archive/2026-09-14/evidence/run_metadata/chromaseed_head_range_v1/results.json,/records/188/inherited_as_record,soft_small,ipod_to_slr,43,512,0.0001,15246,61442,experiments/runs/chromaseed_architecture_scale_v1/models/ipod_to_slr/soft_small_s43.npz,5979ad5e91b2e87fe4f7611b83b23afc4d8f5f32460feaa40b50faaffa86f057,8.783207622401214
docs/archive/2026-09-14/evidence/run_metadata/chromaseed_head_range_v1/results.json,/records/189,soft5m__unit,ipod_to_slr,17,2048,1e-05,,,,,7.755176155267132
docs/archive/2026-09-14/evidence/run_metadata/chromaseed_head_range_v1/results.json,/records/189/inherited_as_record,soft5m,ipod_to_slr,17,2048,1e-05,4846822,19387746,experiments/runs/chromaseed_architecture_scale_v1/models/ipod_to_slr/soft5m_s17.npz,2ed387c2a2d1f376b3c29859a7cdaee393b41118bce4a7e9e199e690753cb6ef,7.755176155267132
docs/archive/2026-09-14/evidence/run_metadata/chromaseed_head_range_v1/results.json,/records/190,soft5m__unit,ipod_to_slr,29,2048,1e-05,,,,,9.441179067176954
docs/archive/2026-09-14/evidence/run_metadata/chromaseed_head_range_v1/results.json,/records/190/inherited_as_record,soft5m,ipod_to_slr,29,2048,1e-05,4846822,19387746,experiments/runs/chromaseed_architecture_scale_v1/models/ipod_to_slr/soft5m_s29.npz,bf5c5204d81a0931014370e7f873947e599adc84018f81308de0f48e20a26fcb,9.441179067176954
docs/archive/2026-09-14/evidence/run_metadata/chromaseed_head_range_v1/results.json,/records/191,soft5m__unit,ipod_to_slr,43,2048,1e-05,,,,,9.237893068435685
docs/archive/2026-09-14/evidence/run_metadata/chromaseed_head_range_v1/results.json,/records/191/inherited_as_record,soft5m,ipod_to_slr,43,2048,1e-05,4846822,19387746,experiments/runs/chromaseed_architecture_scale_v1/models/ipod_to_slr/soft5m_s43.npz,d65a73cb76e0ed68792c1e89a76a266f71bdb36e1aec86aefddf0a22552bf148,9.237893068435685
docs/archive/2026-09-14/evidence/run_metadata/chromaseed_head_range_v1/results.json,/records/192,dynamic_small__unit,ipod_to_slr,17,2048,0.0001,,,,,7.6269790260908685
docs/archive/2026-09-14/evidence/run_metadata/chromaseed_head_range_v1/results.json,/records/192/inherited_as_record,dynamic_small,ipod_to_slr,17,2048,0.0001,15246,61442,experiments/runs/chromaseed_architecture_scale_v1/models/ipod_to_slr/dynamic_small_s17.npz,025d047e9337e66c6d57493f6589cc87eae82d377c60b4ca65b741a0e3e88f6c,7.6269790260908685
docs/archive/2026-09-14/evidence/run_metadata/chromaseed_head_range_v1/results.json,/records/193,dynamic_small__unit,ipod_to_slr,29,2048,0.0001,,,,,9.345580665875165
docs/archive/2026-09-14/evidence/run_metadata/chromaseed_head_range_v1/results.json,/records/193/inherited_as_record,dynamic_small,ipod_to_slr,29,2048,0.0001,15246,61442,experiments/runs/chromaseed_architecture_scale_v1/models/ipod_to_slr/dynamic_small_s29.npz,c79ebfd7d0f05d1eedc3fae56f90601df804fb1ff06d171b33f4e3d6c591f76c,9.345580665875165
docs/archive/2026-09-14/evidence/run_metadata/chromaseed_head_range_v1/results.json,/records/194,dynamic_small__unit,ipod_to_slr,43,2048,0.0001,,,,,8.904285249430128
docs/archive/2026-09-14/evidence/run_metadata/chromaseed_head_range_v1/results.json,/records/194/inherited_as_record,dynamic_small,ipod_to_slr,43,2048,0.0001,15246,61442,experiments/runs/chromaseed_architecture_scale_v1/models/ipod_to_slr/dynamic_small_s43.npz,9a11ddde09f8f0f5445d67ee9701ba5242e7fd52579466649a855c4df61531f7,8.904285249430128
docs/archive/2026-09-14/evidence/run_metadata/chromaseed_head_range_v1/results.json,/records/195,dynamic5m__unit,ipod_to_slr,17,2048,1e-05,,,,,7.634937167797262
docs/archive/2026-09-14/evidence/run_metadata/chromaseed_head_range_v1/results.json,/records/195/inherited_as_record,dynamic5m,ipod_to_slr,17,2048,1e-05,4846822,19387746,experiments/runs/chromaseed_architecture_scale_v1/models/ipod_to_slr/dynamic5m_s17.npz,ae87519dd3103195169c7ddf75c22250cea1b17f1551c2eca4cf9674ef2a82f4,7.634937167797262
docs/archive/2026-09-14/evidence/run_metadata/chromaseed_head_range_v1/results.json,/records/196,dynamic5m__unit,ipod_to_slr,29,2048,1e-05,,,,,9.45860546705312
docs/archive/2026-09-14/evidence/run_metadata/chromaseed_head_range_v1/results.json,/records/196/inherited_as_record,dynamic5m,ipod_to_slr,29,2048,1e-05,4846822,19387746,experiments/runs/chromaseed_architecture_scale_v1/models/ipod_to_slr/dynamic5m_s29.npz,2cd349ff3ccd1b766a6e19b6e63d20d2855e82593816bccc3624658209e04a57,9.45860546705312
docs/archive/2026-09-14/evidence/run_metadata/chromaseed_head_range_v1/results.json,/records/197,dynamic5m__unit,ipod_to_slr,43,2048,1e-05,,,,,9.910811213835366
docs/archive/2026-09-14/evidence/run_metadata/chromaseed_head_range_v1/results.json,/records/197/inherited_as_record,dynamic5m,ipod_to_slr,43,2048,1e-05,4846822,19387746,experiments/runs/chromaseed_architecture_scale_v1/models/ipod_to_slr/dynamic5m_s43.npz,79e74d486bd49563677bb3f7d59726fd1e3b9136b116f8449595417d8ce0e161,9.910811213835366
docs/archive/2026-09-14/evidence/run_metadata/chromaseed_head_range_v1/results.json,/records/198,pool5m__unit,ipod_to_slr,17,512,1e-05,,,,,7.92333541020282
docs/archive/2026-09-14/evidence/run_metadata/chromaseed_head_range_v1/results.json,/records/198/inherited_as_record,pool5m,ipod_to_slr,17,512,1e-05,4851846,19407842,experiments/runs/chromaseed_architecture_scale_v1/models/ipod_to_slr/pool5m_s17.npz,b68ca3acccd811d833d00f2cf58e00400d8674e4a5b42994ca53ea193ad81600,7.92333541020282
docs/archive/2026-09-14/evidence/run_metadata/chromaseed_head_range_v1/results.json,/records/199,pool5m__unit,ipod_to_slr,29,512,1e-05,,,,,8.747285642410175
docs/archive/2026-09-14/evidence/run_metadata/chromaseed_head_range_v1/results.json,/records/199/inherited_as_record,pool5m,ipod_to_slr,29,512,1e-05,4851846,19407842,experiments/runs/chromaseed_architecture_scale_v1/models/ipod_to_slr/pool5m_s29.npz,b0313516910ea1cf0a89dea75d0e93e5b68d18d15ffd70802eefda027463b3e5,8.747285642410175
docs/archive/2026-09-14/evidence/run_metadata/chromaseed_head_range_v1/results.json,/records/200,pool5m__unit,ipod_to_slr,43,512,1e-05,,,,,9.02733879746602
docs/archive/2026-09-14/evidence/run_metadata/chromaseed_head_range_v1/results.json,/records/200/inherited_as_record,pool5m,ipod_to_slr,43,512,1e-05,4851846,19407842,experiments/runs/chromaseed_architecture_scale_v1/models/ipod_to_slr/pool5m_s43.npz,ebc0554ad99d5e3bf9e16606494460e3ee87c9578f45f006933f070b991e8b88,9.02733879746602
docs/archive/2026-09-14/evidence/run_metadata/chromaseed_head_range_v1/results.json,/records/201,np,ipod_to_slr,17,0,,,,,,8.639697980137349
docs/archive/2026-09-14/evidence/run_metadata/chromaseed_head_range_v1/results.json,/records/201/inherited_as_record,np,ipod_to_slr,17,0,,,,,,8.639697980137349
docs/archive/2026-09-14/evidence/run_metadata/chromaseed_head_range_v1/results.json,/records/201/inherited_as_record/imported_we_record,np,ipod_to_slr,17,0,,643,2886,,3f7a9e9f496f756c61c0dd17c6f35bb92fb6d99881428b32f6907656761ccad6,8.639697980137349
docs/archive/2026-09-14/evidence/run_metadata/chromaseed_head_range_v1/results.json,/records/202,np,ipod_to_slr,29,0,,,,,,8.608578745822632
docs/archive/2026-09-14/evidence/run_metadata/chromaseed_head_range_v1/results.json,/records/202/inherited_as_record,np,ipod_to_slr,29,0,,,,,,8.608578745822632
docs/archive/2026-09-14/evidence/run_metadata/chromaseed_head_range_v1/results.json,/records/202/inherited_as_record/imported_we_record,np,ipod_to_slr,29,0,,643,2886,,fe807aa86c8f5b3d65a4c48c2a5a713af0a7ae2808ae68efec9892288bb75f3b,8.608578745822632
docs/archive/2026-09-14/evidence/run_metadata/chromaseed_head_range_v1/results.json,/records/203,np,ipod_to_slr,43,0,,,,,,8.520319711471531
docs/archive/2026-09-14/evidence/run_metadata/chromaseed_head_range_v1/results.json,/records/203/inherited_as_record,np,ipod_to_slr,43,0,,,,,,8.520319711471531
docs/archive/2026-09-14/evidence/run_metadata/chromaseed_head_range_v1/results.json,/records/203/inherited_as_record/imported_we_record,np,ipod_to_slr,43,0,,643,2886,,99042ece8fa3d3dc68a54e9ac60f50d6d3de7f6a0ec25c3dbe0ef344bd7cd680,8.520319711471531
docs/archive/2026-09-14/evidence/run_metadata/chromaseed_head_range_v1/results.json,/records/204,we,ipod_to_slr,17,2048,3e-05,,,,,7.592777735914605
docs/archive/2026-09-14/evidence/run_metadata/chromaseed_head_range_v1/results.json,/records/204/inherited_as_record,we,ipod_to_slr,17,2048,3e-05,,,,,7.592777735914605
docs/archive/2026-09-14/evidence/run_metadata/chromaseed_head_range_v1/results.json,/records/204/inherited_as_record/imported_we_record,m61,ipod_to_slr,17,2048,3e-05,60611,242902,,6700a04563214bcc527ea3906cf7bdcec1f59725af04a57a8810967a3c42354e,7.592777735914605
docs/archive/2026-09-14/evidence/run_metadata/chromaseed_head_range_v1/results.json,/records/205,we,ipod_to_slr,29,2048,3e-05,,,,,8.804878921957128
docs/archive/2026-09-14/evidence/run_metadata/chromaseed_head_range_v1/results.json,/records/205/inherited_as_record,we,ipod_to_slr,29,2048,3e-05,,,,,8.804878921957128
docs/archive/2026-09-14/evidence/run_metadata/chromaseed_head_range_v1/results.json,/records/205/inherited_as_record/imported_we_record,m61,ipod_to_slr,29,2048,3e-05,60611,242902,,d3bc2044df315edd59bbbdfe1a37596261897401354bd75f15530e27e05f6c6d,8.804878921957128
docs/archive/2026-09-14/evidence/run_metadata/chromaseed_head_range_v1/results.json,/records/206,we,ipod_to_slr,43,2048,3e-05,,,,,8.758329536846972
docs/archive/2026-09-14/evidence/run_metadata/chromaseed_head_range_v1/results.json,/records/206/inherited_as_record,we,ipod_to_slr,43,2048,3e-05,,,,,8.758329536846972
docs/archive/2026-09-14/evidence/run_metadata/chromaseed_head_range_v1/results.json,/records/206/inherited_as_record/imported_we_record,m61,ipod_to_slr,43,2048,3e-05,60611,242902,,96a4085ddf6313fc0e1f11c329767251276d139bd42380720160d215cc831576,8.758329536846972
docs/archive/2026-09-14/evidence/run_metadata/chromaseed_head_range_v1/verification_v1/runtime/responses/mixed/dynamic5m__linear_s17.json,/value,dynamic5m__linear,mixed,17,,,,,,25ab81bef0918cec59ea4d7588fbc28ed367636d84e7fa5fbd3ca21fd4c813dd,
docs/archive/2026-09-14/evidence/run_metadata/chromaseed_head_range_v1/verification_v1/runtime/responses/mixed/dynamic5m__linear_s29.json,/value,dynamic5m__linear,mixed,29,,,,,,d552e830843b346c2f813638f5b3a4694d64b9c1e72d240a55ad30f852c0772d,
docs/archive/2026-09-14/evidence/run_metadata/chromaseed_head_range_v1/verification_v1/runtime/responses/mixed/dynamic5m__linear_s43.json,/value,dynamic5m__linear,mixed,43,,,,,,3cc145c333f101d42c4943de23e6499352ddd03cea861b0f79d3f4223656ede3,
docs/archive/2026-09-14/evidence/run_metadata/chromaseed_head_range_v1/verification_v1/runtime/responses/mixed/dynamic5m__unit_s17.json,/value,dynamic5m__unit,mixed,17,,,,,,014eac28f9d80abf61903aa0351805718b72417d74b9e584a44e7a4dc092b80b,
docs/archive/2026-09-14/evidence/run_metadata/chromaseed_head_range_v1/verification_v1/runtime/responses/mixed/dynamic5m__unit_s29.json,/value,dynamic5m__unit,mixed,29,,,,,,53b8b14a6fe52db05a290ca13c37bdefaf23f9593612e19b5243287edff33f0f,
docs/archive/2026-09-14/evidence/run_metadata/chromaseed_head_range_v1/verification_v1/runtime/responses/mixed/dynamic5m__unit_s43.json,/value,dynamic5m__unit,mixed,43,,,,,,6b336f678406ec22404806448efee96c461d2eda04d15136cd4e8d1c4202a64d,
docs/archive/2026-09-14/evidence/run_metadata/chromaseed_head_range_v1/verification_v1/runtime/responses/mixed/dynamic5m__wide_s17.json,/value,dynamic5m__wide,mixed,17,,,,,,44260311e542ee2d9763fabcfd74c5b5627b5ff38f616c2e46e41a6fc70abb74,
docs/archive/2026-09-14/evidence/run_metadata/chromaseed_head_range_v1/verification_v1/runtime/responses/mixed/dynamic5m__wide_s29.json,/value,dynamic5m__wide,mixed,29,,,,,,0df9ea4aca5ffec6eefe87e5c2b61c3e13463b1d04b68aeec7003cb0ed09e793,
docs/archive/2026-09-14/evidence/run_metadata/chromaseed_head_range_v1/verification_v1/runtime/responses/mixed/dynamic5m__wide_s43.json,/value,dynamic5m__wide,mixed,43,,,,,,d2c6216394d525cc37c662cb7f905de8593d9765675e86fe04f66b676d7d2f34,
docs/archive/2026-09-14/evidence/run_metadata/chromaseed_head_range_v1/verification_v1/runtime/responses/mixed/dynamic_small__linear_s17.json,/value,dynamic_small__linear,mixed,17,,,,,,837612ef4ecb97ea5b4411b8434c9c8297e6aa0e3df300f8e296ce79f06eccfd,
docs/archive/2026-09-14/evidence/run_metadata/chromaseed_head_range_v1/verification_v1/runtime/responses/mixed/dynamic_small__linear_s29.json,/value,dynamic_small__linear,mixed,29,,,,,,2e7cb4844013dc6b2cc24416836217d4fcdcb330e9f85b0e6e03aab37f3fd0e9,
docs/archive/2026-09-14/evidence/run_metadata/chromaseed_head_range_v1/verification_v1/runtime/responses/mixed/dynamic_small__linear_s43.json,/value,dynamic_small__linear,mixed,43,,,,,,8e33eac0e8b5cf5c1f55845e8bc5f97851be19e0d18bc0b7e7fa6cf3cfaa40a6,
docs/archive/2026-09-14/evidence/run_metadata/chromaseed_head_range_v1/verification_v1/runtime/responses/mixed/dynamic_small__unit_s17.json,/value,dynamic_small__unit,mixed,17,,,,,,4dd89e170d524763cd3ad570312340da010c5e2a9177cda3c3567dba8c1c7adb,
docs/archive/2026-09-14/evidence/run_metadata/chromaseed_head_range_v1/verification_v1/runtime/responses/mixed/dynamic_small__unit_s29.json,/value,dynamic_small__unit,mixed,29,,,,,,5f9a94f64f3dec3b76d4367119edd5df55494daab6272aaaa391df3d19ef5beb,
docs/archive/2026-09-14/evidence/run_metadata/chromaseed_head_range_v1/verification_v1/runtime/responses/mixed/dynamic_small__unit_s43.json,/value,dynamic_small__unit,mixed,43,,,,,,065793e40d803375f0f403e868f77c3dbd1765f69bd780146ba0ebc88387759a,
docs/archive/2026-09-14/evidence/run_metadata/chromaseed_head_range_v1/verification_v1/runtime/responses/mixed/dynamic_small__wide_s17.json,/value,dynamic_small__wide,mixed,17,,,,,,ad68613528b0ed9d32c265ea90acd28076e3207cbaf6158c020525893b7bcd95,
docs/archive/2026-09-14/evidence/run_metadata/chromaseed_head_range_v1/verification_v1/runtime/responses/mixed/dynamic_small__wide_s29.json,/value,dynamic_small__wide,mixed,29,,,,,,df9dd847b42cfaad6c074a54c0fd3c0b85aa4bf360a4a2c2e9d7894af7aba5cb,
docs/archive/2026-09-14/evidence/run_metadata/chromaseed_head_range_v1/verification_v1/runtime/responses/mixed/dynamic_small__wide_s43.json,/value,dynamic_small__wide,mixed,43,,,,,,c5383beb8ff76593af3e1d1bde8909d195c42de6e72cdb6729b36173988808ba,
docs/archive/2026-09-14/evidence/run_metadata/chromaseed_head_range_v1/verification_v1/runtime/responses/mixed/patch5m__linear_s17.json,/value,patch5m__linear,mixed,17,,,,,,1a48c0d64659d0b3dfd13554267d629945db1be25fccd979cb0cd3f671021369,
docs/archive/2026-09-14/evidence/run_metadata/chromaseed_head_range_v1/verification_v1/runtime/responses/mixed/patch5m__linear_s29.json,/value,patch5m__linear,mixed,29,,,,,,160c7bb5a722c72e19cf7fd9601d0b1ab5324c3ae8f9ec363f31427e200915d6,
docs/archive/2026-09-14/evidence/run_metadata/chromaseed_head_range_v1/verification_v1/runtime/responses/mixed/patch5m__linear_s43.json,/value,patch5m__linear,mixed,43,,,,,,3af8bd305e6454dafcdc19cc024df31d54026280350a422d87f974aaa0f3e68d,
docs/archive/2026-09-14/evidence/run_metadata/chromaseed_head_range_v1/verification_v1/runtime/responses/mixed/patch5m__unit_s17.json,/value,patch5m__unit,mixed,17,,,,,,24e9392ba3cf917b6e552be0eca39b132874d7db5ce141bda9c633429f49624b,
docs/archive/2026-09-14/evidence/run_metadata/chromaseed_head_range_v1/verification_v1/runtime/responses/mixed/patch5m__unit_s29.json,/value,patch5m__unit,mixed,29,,,,,,b1268795bed23c309639bb01cbabf87ef04e69e605af268ae3998ac74bc3c3c5,
docs/archive/2026-09-14/evidence/run_metadata/chromaseed_head_range_v1/verification_v1/runtime/responses/mixed/patch5m__unit_s43.json,/value,patch5m__unit,mixed,43,,,,,,f6e4999abbd5f9cd03d20d768b97ea218e53bed5469621969f11baad72d8b8e5,
docs/archive/2026-09-14/evidence/run_metadata/chromaseed_head_range_v1/verification_v1/runtime/responses/mixed/patch5m__wide_s17.json,/value,patch5m__wide,mixed,17,,,,,,98d5c82f41be18e04c7205a7793e17c495af8973a997a35cd019da3bf5347f83,
docs/archive/2026-09-14/evidence/run_metadata/chromaseed_head_range_v1/verification_v1/runtime/responses/mixed/patch5m__wide_s29.json,/value,patch5m__wide,mixed,29,,,,,,1c0865c701281230286dbc1392a67449fbbfc9102a7e7e3ba74c856bb0507959,
docs/archive/2026-09-14/evidence/run_metadata/chromaseed_head_range_v1/verification_v1/runtime/responses/mixed/patch5m__wide_s43.json,/value,patch5m__wide,mixed,43,,,,,,3e15651b64592890464d0c05b659e2a11f39bc8b624f8151eef74c48379d48c2,
docs/archive/2026-09-14/evidence/run_metadata/chromaseed_head_range_v1/verification_v1/runtime/responses/mixed/patch_small__linear_s17.json,/value,patch_small__linear,mixed,17,,,,,,1eeb78618a162e52ffb3ad336e9acdbc9085a0133e532c90de4384938e27b46a,
docs/archive/2026-09-14/evidence/run_metadata/chromaseed_head_range_v1/verification_v1/runtime/responses/mixed/patch_small__linear_s29.json,/value,patch_small__linear,mixed,29,,,,,,1293a6cee4531b0dc618515b182226adcc60ca072f2bd4dcc545c1488fed62cf,
docs/archive/2026-09-14/evidence/run_metadata/chromaseed_head_range_v1/verification_v1/runtime/responses/mixed/patch_small__linear_s43.json,/value,patch_small__linear,mixed,43,,,,,,468d3dbf3cec66dd1b35dfd4a0c37195ee45fa934c9e6ddabc520a71b9d07bc6,
docs/archive/2026-09-14/evidence/run_metadata/chromaseed_head_range_v1/verification_v1/runtime/responses/mixed/patch_small__unit_s17.json,/value,patch_small__unit,mixed,17,,,,,,817fe6e1e43e8cba592bb0e2db86235c73d91af516a3ae727b3110891194d9e3,
docs/archive/2026-09-14/evidence/run_metadata/chromaseed_head_range_v1/verification_v1/runtime/responses/mixed/patch_small__unit_s29.json,/value,patch_small__unit,mixed,29,,,,,,50b2dc29d01629598b3d21ae86c4c2bd0ced98a0b311e6a4cbe7dd28c6284b15,
docs/archive/2026-09-14/evidence/run_metadata/chromaseed_head_range_v1/verification_v1/runtime/responses/mixed/patch_small__unit_s43.json,/value,patch_small__unit,mixed,43,,,,,,35d6d11180df5b7a6f01e52dca15d67c337e1d5e8713d2b565804adc51505c39,
docs/archive/2026-09-14/evidence/run_metadata/chromaseed_head_range_v1/verification_v1/runtime/responses/mixed/patch_small__wide_s17.json,/value,patch_small__wide,mixed,17,,,,,,e2c5643eca72d9662e499220484d93aad933f0eac05bee70c49ab1265e1fcd47,
docs/archive/2026-09-14/evidence/run_metadata/chromaseed_head_range_v1/verification_v1/runtime/responses/mixed/patch_small__wide_s29.json,/value,patch_small__wide,mixed,29,,,,,,62ec96dd522d466077a0db22c1c8a392328665ce8aded0fdc567d70dc6d327e7,
docs/archive/2026-09-14/evidence/run_metadata/chromaseed_head_range_v1/verification_v1/runtime/responses/mixed/patch_small__wide_s43.json,/value,patch_small__wide,mixed,43,,,,,,4205b891cc240b03500466ad3e0b9a8fff703dcd22c2d944fd15cd66a9762ebd,
docs/archive/2026-09-14/evidence/run_metadata/chromaseed_head_range_v1/verification_v1/runtime/responses/mixed/pool5m__linear_s17.json,/value,pool5m__linear,mixed,17,,,,,,637e0779d9e8c80a1e11891ba8881ef7ad7259cae399aae823d699a1a194c87c,
docs/archive/2026-09-14/evidence/run_metadata/chromaseed_head_range_v1/verification_v1/runtime/responses/mixed/pool5m__linear_s29.json,/value,pool5m__linear,mixed,29,,,,,,596bc8d2423740e5aab4742d0d132d86decf1d24f514769c9474286632f69ad7,
docs/archive/2026-09-14/evidence/run_metadata/chromaseed_head_range_v1/verification_v1/runtime/responses/mixed/pool5m__linear_s43.json,/value,pool5m__linear,mixed,43,,,,,,c039d2044478c53c45b1efae0a84fe039d2204fe9b3363f34d7e92ec44a73955,
docs/archive/2026-09-14/evidence/run_metadata/chromaseed_head_range_v1/verification_v1/runtime/responses/mixed/pool5m__unit_s17.json,/value,pool5m__unit,mixed,17,,,,,,ee9c5a7f84d78f8b187d8a38722b76a195cf5bcc120c6fd34674ae94dfaa6919,
docs/archive/2026-09-14/evidence/run_metadata/chromaseed_head_range_v1/verification_v1/runtime/responses/mixed/pool5m__unit_s29.json,/value,pool5m__unit,mixed,29,,,,,,18a082e1ad51d7acb704f0f26c65dbbeb32f95b54e33b4f6927e464cedc022c9,
docs/archive/2026-09-14/evidence/run_metadata/chromaseed_head_range_v1/verification_v1/runtime/responses/mixed/pool5m__unit_s43.json,/value,pool5m__unit,mixed,43,,,,,,955bcff02d89033ea650b4b09672beaf552304b0d40ae90030722c72a3704c6b,
docs/archive/2026-09-14/evidence/run_metadata/chromaseed_head_range_v1/verification_v1/runtime/responses/mixed/pool5m__wide_s17.json,/value,pool5m__wide,mixed,17,,,,,,527dea3109fbd69cc4f7b06bd10d5381465ed8a6006c47dafda32dd7aad21305,
docs/archive/2026-09-14/evidence/run_metadata/chromaseed_head_range_v1/verification_v1/runtime/responses/mixed/pool5m__wide_s29.json,/value,pool5m__wide,mixed,29,,,,,,2d090368c6d100bf15adb6244dc7d439e25fa969bbb765660b3416b1767093f6,
docs/archive/2026-09-14/evidence/run_metadata/chromaseed_head_range_v1/verification_v1/runtime/responses/mixed/pool5m__wide_s43.json,/value,pool5m__wide,mixed,43,,,,,,12bd30f96e4716a7431d02013ac4defa6d1020e3ce8b5be5407d755edf23717b,
docs/archive/2026-09-14/evidence/run_metadata/chromaseed_head_range_v1/verification_v1/runtime/responses/mixed/soft5m__linear_s17.json,/value,soft5m__linear,mixed,17,,,,,,7e4088a51b457a6795e689684f9ccde08085f708b94df606814f8d704745a41b,
docs/archive/2026-09-14/evidence/run_metadata/chromaseed_head_range_v1/verification_v1/runtime/responses/mixed/soft5m__linear_s29.json,/value,soft5m__linear,mixed,29,,,,,,cf8b306908ff1030d464223e861f31f3de4d1c98c0e2678822f672751a387fb9,
docs/archive/2026-09-14/evidence/run_metadata/chromaseed_head_range_v1/verification_v1/runtime/responses/mixed/soft5m__linear_s43.json,/value,soft5m__linear,mixed,43,,,,,,dfcb65199bfb7e1945f7ed4d70d1a543b77da08b46faee90e15a5984eff66631,
docs/archive/2026-09-14/evidence/run_metadata/chromaseed_head_range_v1/verification_v1/runtime/responses/mixed/soft5m__unit_s17.json,/value,soft5m__unit,mixed,17,,,,,,4089257f197974390c722cca0c0a9254b463444293b2f67d10184e9dead4ed43,
docs/archive/2026-09-14/evidence/run_metadata/chromaseed_head_range_v1/verification_v1/runtime/responses/mixed/soft5m__unit_s29.json,/value,soft5m__unit,mixed,29,,,,,,5e1927a007f0a370a53889745210b710914c8e3a6f126dfaf496b5f8bcf5274c,
docs/archive/2026-09-14/evidence/run_metadata/chromaseed_head_range_v1/verification_v1/runtime/responses/mixed/soft5m__unit_s43.json,/value,soft5m__unit,mixed,43,,,,,,ae140adc6f908531e96a4f1cd4a1999b922c896450a0513f0ede72d7e699592c,
docs/archive/2026-09-14/evidence/run_metadata/chromaseed_head_range_v1/verification_v1/runtime/responses/mixed/soft5m__wide_s17.json,/value,soft5m__wide,mixed,17,,,,,,9bb964fe05902e9a6305443df9eca47e78d0cc0dc2cf9f188aa46f6dbaae0814,
docs/archive/2026-09-14/evidence/run_metadata/chromaseed_head_range_v1/verification_v1/runtime/responses/mixed/soft5m__wide_s29.json,/value,soft5m__wide,mixed,29,,,,,,1c0cbac0584f4521a086389d3d6c9933e87ff6eceb9cf17157a9f693d33d099f,
docs/archive/2026-09-14/evidence/run_metadata/chromaseed_head_range_v1/verification_v1/runtime/responses/mixed/soft5m__wide_s43.json,/value,soft5m__wide,mixed,43,,,,,,db2abea40733f8af049010547191a2cfb82e4599c99efed6ddc0217cfb216599,
docs/archive/2026-09-14/evidence/run_metadata/chromaseed_head_range_v1/verification_v1/runtime/responses/mixed/soft_small__linear_s17.json,/value,soft_small__linear,mixed,17,,,,,,7c3ada11ab9eec6bf9f5e4f819ca29904ec444740d42e142aca4e6b708407465,
docs/archive/2026-09-14/evidence/run_metadata/chromaseed_head_range_v1/verification_v1/runtime/responses/mixed/soft_small__linear_s29.json,/value,soft_small__linear,mixed,29,,,,,,0798f8bf226b5eb9940647d1bd5e23f9e9c2e0fa932b7b6e5c9a559e44344d0b,
docs/archive/2026-09-14/evidence/run_metadata/chromaseed_head_range_v1/verification_v1/runtime/responses/mixed/soft_small__linear_s43.json,/value,soft_small__linear,mixed,43,,,,,,c2be5ab6e702c8b01aac91deeaba63be1e8e2309942e33d1090a714283de8fce,
docs/archive/2026-09-14/evidence/run_metadata/chromaseed_head_range_v1/verification_v1/runtime/responses/mixed/soft_small__unit_s17.json,/value,soft_small__unit,mixed,17,,,,,,85061532b54fd54373ea5a4ad0d1033ad8661b71b1704370094ae7c48be51f67,
docs/archive/2026-09-14/evidence/run_metadata/chromaseed_head_range_v1/verification_v1/runtime/responses/mixed/soft_small__unit_s29.json,/value,soft_small__unit,mixed,29,,,,,,1ac0c811d3edf8f03b36597770511011eb62bde1bddbee1dff2e5d78d5a17c19,
docs/archive/2026-09-14/evidence/run_metadata/chromaseed_head_range_v1/verification_v1/runtime/responses/mixed/soft_small__unit_s43.json,/value,soft_small__unit,mixed,43,,,,,,6da347b17fc96c5bb810629515e2d9ae8aa58d1c36878d3697dc75fdfca5a39a,
docs/archive/2026-09-14/evidence/run_metadata/chromaseed_head_range_v1/verification_v1/runtime/responses/mixed/soft_small__wide_s17.json,/value,soft_small__wide,mixed,17,,,,,,0dd518412371fdd28b62dff82bbb18eeafeaca4518aa88ef3454fc5e89ccd21a,
docs/archive/2026-09-14/evidence/run_metadata/chromaseed_head_range_v1/verification_v1/runtime/responses/mixed/soft_small__wide_s29.json,/value,soft_small__wide,mixed,29,,,,,,8cb2a2427d0b747c80820ad1643d93e97432e334bfbf756ed73b9f3214b78da6,
docs/archive/2026-09-14/evidence/run_metadata/chromaseed_head_range_v1/verification_v1/runtime/responses/mixed/soft_small__wide_s43.json,/value,soft_small__wide,mixed,43,,,,,,9eb3f676a428e42b945cbf350605d605f5a532b9b324f902b5a9e6b7136ee29c,
docs/archive/2026-09-14/evidence/run_metadata/chromaseed_head_range_v1/verification_v1/runtime/responses/slr_to_ipod/dynamic5m__linear_s17.json,/value,dynamic5m__linear,slr_to_ipod,17,,,,,,ff4603bd01abae3e764850f184ee14affb876f2b4b2cc76f2703e5b19dc12689,
docs/archive/2026-09-14/evidence/run_metadata/chromaseed_head_range_v1/verification_v1/runtime/responses/slr_to_ipod/dynamic5m__linear_s29.json,/value,dynamic5m__linear,slr_to_ipod,29,,,,,,10bb4117c5ed7e8d71f786bd76460aa16bcc58129257a4b971204bb5e0efbc5f,
docs/archive/2026-09-14/evidence/run_metadata/chromaseed_head_range_v1/verification_v1/runtime/responses/slr_to_ipod/dynamic5m__linear_s43.json,/value,dynamic5m__linear,slr_to_ipod,43,,,,,,8292255bf4cee21db607b31e4252847e0cff070e2ba150e3e29d3941962378d7,
docs/archive/2026-09-14/evidence/run_metadata/chromaseed_head_range_v1/verification_v1/runtime/responses/slr_to_ipod/dynamic5m__unit_s17.json,/value,dynamic5m__unit,slr_to_ipod,17,,,,,,2e974d9ad621cf86b4f11018ce2be6833bc90fedca90e8b55baa8164e9394809,
docs/archive/2026-09-14/evidence/run_metadata/chromaseed_head_range_v1/verification_v1/runtime/responses/slr_to_ipod/dynamic5m__unit_s29.json,/value,dynamic5m__unit,slr_to_ipod,29,,,,,,58d80d01cea6bfd07ead93c9373394f2fff1f8e45304b0831804ade12ac463d7,
docs/archive/2026-09-14/evidence/run_metadata/chromaseed_head_range_v1/verification_v1/runtime/responses/slr_to_ipod/dynamic5m__unit_s43.json,/value,dynamic5m__unit,slr_to_ipod,43,,,,,,2d5690e6e13405eeda4e414af01a58802ac2287d8edf3f6240dd58218b15425b,
docs/archive/2026-09-14/evidence/run_metadata/chromaseed_head_range_v1/verification_v1/runtime/responses/slr_to_ipod/dynamic5m__wide_s17.json,/value,dynamic5m__wide,slr_to_ipod,17,,,,,,0ae836e0d1d8e890fd8decc15d33a2605879b4c5f2ae6e7724a5b0502c0d2731,
docs/archive/2026-09-14/evidence/run_metadata/chromaseed_head_range_v1/verification_v1/runtime/responses/slr_to_ipod/dynamic5m__wide_s29.json,/value,dynamic5m__wide,slr_to_ipod,29,,,,,,f4000083ffc6f7cdaaabe2d92dcabcc29c125a35609988f46733c4e373793566,
docs/archive/2026-09-14/evidence/run_metadata/chromaseed_head_range_v1/verification_v1/runtime/responses/slr_to_ipod/dynamic5m__wide_s43.json,/value,dynamic5m__wide,slr_to_ipod,43,,,,,,e7dd533780108356a4b615ce55c6b42cdc7dcec8c6f0faaf764087da7846c4f0,
docs/archive/2026-09-14/evidence/run_metadata/chromaseed_head_range_v1/verification_v1/runtime/responses/slr_to_ipod/dynamic_small__linear_s17.json,/value,dynamic_small__linear,slr_to_ipod,17,,,,,,d6665277f923f7c55ccf3271d7e06924bad6511cce009b5f6eeb969f2654ee38,
docs/archive/2026-09-14/evidence/run_metadata/chromaseed_head_range_v1/verification_v1/runtime/responses/slr_to_ipod/dynamic_small__linear_s29.json,/value,dynamic_small__linear,slr_to_ipod,29,,,,,,dfa15b7b4c56cdcf7baf840503340933a25562a2abd6c266a79a4419bc82ddab,
docs/archive/2026-09-14/evidence/run_metadata/chromaseed_head_range_v1/verification_v1/runtime/responses/slr_to_ipod/dynamic_small__linear_s43.json,/value,dynamic_small__linear,slr_to_ipod,43,,,,,,5211ce44a9df6f91916d2fb14bd01fc68266cfca7f90bd441873c3e7868c8ca5,
docs/archive/2026-09-14/evidence/run_metadata/chromaseed_head_range_v1/verification_v1/runtime/responses/slr_to_ipod/dynamic_small__unit_s17.json,/value,dynamic_small__unit,slr_to_ipod,17,,,,,,639cb7e2c06bc6774c1fbd3265c83157bb60bc40b2dd84b6503b5395366e46d6,
docs/archive/2026-09-14/evidence/run_metadata/chromaseed_head_range_v1/verification_v1/runtime/responses/slr_to_ipod/dynamic_small__unit_s29.json,/value,dynamic_small__unit,slr_to_ipod,29,,,,,,69cb8497be1560bd50345a6a2768d4a3a00fa6e1c899436cf580f5db3cd54463,
docs/archive/2026-09-14/evidence/run_metadata/chromaseed_head_range_v1/verification_v1/runtime/responses/slr_to_ipod/dynamic_small__unit_s43.json,/value,dynamic_small__unit,slr_to_ipod,43,,,,,,e5e321430de9153069c4f8d38e160d686b875f57c62bd9e0541da95f3f931142,
docs/archive/2026-09-14/evidence/run_metadata/chromaseed_head_range_v1/verification_v1/runtime/responses/slr_to_ipod/dynamic_small__wide_s17.json,/value,dynamic_small__wide,slr_to_ipod,17,,,,,,792a8e288c7a7171a208e86c9ef806c65d413a5ab3dda85deef8415cdcbf595c,
docs/archive/2026-09-14/evidence/run_metadata/chromaseed_head_range_v1/verification_v1/runtime/responses/slr_to_ipod/dynamic_small__wide_s29.json,/value,dynamic_small__wide,slr_to_ipod,29,,,,,,3da98c82bb5fe246aef986d4b6cd76702634c12a57a964469e0dd166570a912e,
docs/archive/2026-09-14/evidence/run_metadata/chromaseed_head_range_v1/verification_v1/runtime/responses/slr_to_ipod/dynamic_small__wide_s43.json,/value,dynamic_small__wide,slr_to_ipod,43,,,,,,4c121757d2c03020e814f0774e00be5b116c74a9e424561fede004eb47e38f3d,
docs/archive/2026-09-14/evidence/run_metadata/chromaseed_head_range_v1/verification_v1/runtime/responses/slr_to_ipod/patch5m__linear_s17.json,/value,patch5m__linear,slr_to_ipod,17,,,,,,ea3b3c4d6789555ffdaa65e1bb712995a8b65563d27ea0ba38a6aa09b37fcb4a,
docs/archive/2026-09-14/evidence/run_metadata/chromaseed_head_range_v1/verification_v1/runtime/responses/slr_to_ipod/patch5m__linear_s29.json,/value,patch5m__linear,slr_to_ipod,29,,,,,,45c0ae785723591bc676d0fc85a7a5330259c3ff0805e27e9894a0d368ad3b28,
docs/archive/2026-09-14/evidence/run_metadata/chromaseed_head_range_v1/verification_v1/runtime/responses/slr_to_ipod/patch5m__linear_s43.json,/value,patch5m__linear,slr_to_ipod,43,,,,,,3e38700a01e12249214968394a3135c0b6d8d56d8ec76817c97e0dbc4d5d8ced,
docs/archive/2026-09-14/evidence/run_metadata/chromaseed_head_range_v1/verification_v1/runtime/responses/slr_to_ipod/patch5m__unit_s17.json,/value,patch5m__unit,slr_to_ipod,17,,,,,,5a0f8477f51294ed3bdb2b3a07d66abb1d9b6cf28781d0281144bcb24ded661f,
docs/archive/2026-09-14/evidence/run_metadata/chromaseed_head_range_v1/verification_v1/runtime/responses/slr_to_ipod/patch5m__unit_s29.json,/value,patch5m__unit,slr_to_ipod,29,,,,,,c9f21cf7ccf7f38aae698fa7ff415f1bbc239d736ea176b96c95be3f6604ef03,
docs/archive/2026-09-14/evidence/run_metadata/chromaseed_head_range_v1/verification_v1/runtime/responses/slr_to_ipod/patch5m__unit_s43.json,/value,patch5m__unit,slr_to_ipod,43,,,,,,a7c9abb63d52726fac69ba3dbe2ad2206cf2c886b3e1ab2628ae21301de23a40,
docs/archive/2026-09-14/evidence/run_metadata/chromaseed_head_range_v1/verification_v1/runtime/responses/slr_to_ipod/patch5m__wide_s17.json,/value,patch5m__wide,slr_to_ipod,17,,,,,,0027e941a4c96a4f70b7f0d391fcb3952ba2472ad574ca072eb4805949ba79e0,
docs/archive/2026-09-14/evidence/run_metadata/chromaseed_head_range_v1/verification_v1/runtime/responses/slr_to_ipod/patch5m__wide_s29.json,/value,patch5m__wide,slr_to_ipod,29,,,,,,d619013abfba347286f4aee5c2067936e9f13c518f93f03f04dc41d19cf41ec0,
docs/archive/2026-09-14/evidence/run_metadata/chromaseed_head_range_v1/verification_v1/runtime/responses/slr_to_ipod/patch5m__wide_s43.json,/value,patch5m__wide,slr_to_ipod,43,,,,,,0e2d57e9353fa4c46b132b1bb05b49af87d99829f916d01d208f4cb37a880f98,
docs/archive/2026-09-14/evidence/run_metadata/chromaseed_head_range_v1/verification_v1/runtime/responses/slr_to_ipod/patch_small__linear_s17.json,/value,patch_small__linear,slr_to_ipod,17,,,,,,7d668839f7337a0cada27dce1b0002ff22ec818682f6f298181d3095d1ca2565,
docs/archive/2026-09-14/evidence/run_metadata/chromaseed_head_range_v1/verification_v1/runtime/responses/slr_to_ipod/patch_small__linear_s29.json,/value,patch_small__linear,slr_to_ipod,29,,,,,,fa8b4f064eae456450974acd5963dc4d932e6c987cc477c92798fa9a1a796cde,
docs/archive/2026-09-14/evidence/run_metadata/chromaseed_head_range_v1/verification_v1/runtime/responses/slr_to_ipod/patch_small__linear_s43.json,/value,patch_small__linear,slr_to_ipod,43,,,,,,2c3c044ea953b513ced72e2f9d87e6bd00224f1fd80e923941dc95608fe135ea,
docs/archive/2026-09-14/evidence/run_metadata/chromaseed_head_range_v1/verification_v1/runtime/responses/slr_to_ipod/patch_small__unit_s17.json,/value,patch_small__unit,slr_to_ipod,17,,,,,,f6d2ce13293c7e08e6b4c170543bf88a08ed111bd0817aee3df82c0a5060ee93,
docs/archive/2026-09-14/evidence/run_metadata/chromaseed_head_range_v1/verification_v1/runtime/responses/slr_to_ipod/patch_small__unit_s29.json,/value,patch_small__unit,slr_to_ipod,29,,,,,,f59fd8160d29c50d78bfd72eec7e45705883d822199f0a10c9cab73c4ebca188,
docs/archive/2026-09-14/evidence/run_metadata/chromaseed_head_range_v1/verification_v1/runtime/responses/slr_to_ipod/patch_small__unit_s43.json,/value,patch_small__unit,slr_to_ipod,43,,,,,,949d359ae68f3a2697760d5203e731ea268b0f516ad8909697f8062301b5b1f7,
docs/archive/2026-09-14/evidence/run_metadata/chromaseed_head_range_v1/verification_v1/runtime/responses/slr_to_ipod/patch_small__wide_s17.json,/value,patch_small__wide,slr_to_ipod,17,,,,,,32de743a14b094586ac9e8a9c8995984de06bd6ef0f83824b8c279b808c0e5e6,
docs/archive/2026-09-14/evidence/run_metadata/chromaseed_head_range_v1/verification_v1/runtime/responses/slr_to_ipod/patch_small__wide_s29.json,/value,patch_small__wide,slr_to_ipod,29,,,,,,d19572b5d75188c2cbdaf66367f0baa7fbaba7faa765bbdc229c4c831257dd6c,
docs/archive/2026-09-14/evidence/run_metadata/chromaseed_head_range_v1/verification_v1/runtime/responses/slr_to_ipod/patch_small__wide_s43.json,/value,patch_small__wide,slr_to_ipod,43,,,,,,ff58d085e36f3bc4c10fd9309df07d2fc0b250d5e58f9d2858cf54add14a2298,
docs/archive/2026-09-14/evidence/run_metadata/chromaseed_head_range_v1/verification_v1/runtime/responses/slr_to_ipod/pool5m__linear_s17.json,/value,pool5m__linear,slr_to_ipod,17,,,,,,132ddf4b0a966b648d71ea6b14a3291fc278a3d5356e0458a04f7e589b415d4f,
docs/archive/2026-09-14/evidence/run_metadata/chromaseed_head_range_v1/verification_v1/runtime/responses/slr_to_ipod/pool5m__linear_s29.json,/value,pool5m__linear,slr_to_ipod,29,,,,,,dcf734f8291e09ca0b8dd2644e1097c275c3eb57c03f200191dd14ec27ef61c0,
docs/archive/2026-09-14/evidence/run_metadata/chromaseed_head_range_v1/verification_v1/runtime/responses/slr_to_ipod/pool5m__linear_s43.json,/value,pool5m__linear,slr_to_ipod,43,,,,,,556082b5e5330611713f450b6969e2e4d1dc3e051b218145f921e4282c658fef,
docs/archive/2026-09-14/evidence/run_metadata/chromaseed_head_range_v1/verification_v1/runtime/responses/slr_to_ipod/pool5m__unit_s17.json,/value,pool5m__unit,slr_to_ipod,17,,,,,,ab6d6d565eb8b797c680df0aa8d8ec2bfccfd12e7a60640c32b680c9eedb4ac0,
docs/archive/2026-09-14/evidence/run_metadata/chromaseed_head_range_v1/verification_v1/runtime/responses/slr_to_ipod/pool5m__unit_s29.json,/value,pool5m__unit,slr_to_ipod,29,,,,,,ad6ec9fa678ad45753f107b136b2d14cc226a8bd450b606247eccc0b71f61903,
docs/archive/2026-09-14/evidence/run_metadata/chromaseed_head_range_v1/verification_v1/runtime/responses/slr_to_ipod/pool5m__unit_s43.json,/value,pool5m__unit,slr_to_ipod,43,,,,,,7b36cb4370d9d3189b63da77904000d0e313e6795a0418740418176d4f014eee,
docs/archive/2026-09-14/evidence/run_metadata/chromaseed_head_range_v1/verification_v1/runtime/responses/slr_to_ipod/pool5m__wide_s17.json,/value,pool5m__wide,slr_to_ipod,17,,,,,,f0cc892111d9456cd72d74ff8f1ae7ebfb47b886d32857dde943215280515d40,
docs/archive/2026-09-14/evidence/run_metadata/chromaseed_head_range_v1/verification_v1/runtime/responses/slr_to_ipod/pool5m__wide_s29.json,/value,pool5m__wide,slr_to_ipod,29,,,,,,a011f2f842dad09e891b70b2b46693009f6ff74307fa52ab943b491a9e89155f,
docs/archive/2026-09-14/evidence/run_metadata/chromaseed_head_range_v1/verification_v1/runtime/responses/slr_to_ipod/pool5m__wide_s43.json,/value,pool5m__wide,slr_to_ipod,43,,,,,,37e0cb9cbf6e9e2b5c3ce5376d6e5e5d0d87a7a08712b8ccef4ff91425ef3fd3,
docs/archive/2026-09-14/evidence/run_metadata/chromaseed_head_range_v1/verification_v1/runtime/responses/slr_to_ipod/soft5m__linear_s17.json,/value,soft5m__linear,slr_to_ipod,17,,,,,,bbe38fb2ed074c3df6468f158916c04b497a068cbed3242cdec527f28aa1df10,
docs/archive/2026-09-14/evidence/run_metadata/chromaseed_head_range_v1/verification_v1/runtime/responses/slr_to_ipod/soft5m__linear_s29.json,/value,soft5m__linear,slr_to_ipod,29,,,,,,a83f5aa74fd968307dd9ef6573bf863c7d948c99d9e463b5694d6709989bc7e6,
docs/archive/2026-09-14/evidence/run_metadata/chromaseed_head_range_v1/verification_v1/runtime/responses/slr_to_ipod/soft5m__linear_s43.json,/value,soft5m__linear,slr_to_ipod,43,,,,,,961f65f3a61e969bcc58198bfb27a318721117a892c8a1b4dcbccdd74bec7d42,
docs/archive/2026-09-14/evidence/run_metadata/chromaseed_head_range_v1/verification_v1/runtime/responses/slr_to_ipod/soft5m__unit_s17.json,/value,soft5m__unit,slr_to_ipod,17,,,,,,170b3cdf5925d961a6c58caffc426fe2d9dfa21bae69c949f10044a16718738d,
docs/archive/2026-09-14/evidence/run_metadata/chromaseed_head_range_v1/verification_v1/runtime/responses/slr_to_ipod/soft5m__unit_s29.json,/value,soft5m__unit,slr_to_ipod,29,,,,,,17ec5bdf40569f53519b6c2e4439ea5889a22ab4a56b5e9268ec4802bbaf0795,
docs/archive/2026-09-14/evidence/run_metadata/chromaseed_head_range_v1/verification_v1/runtime/responses/slr_to_ipod/soft5m__unit_s43.json,/value,soft5m__unit,slr_to_ipod,43,,,,,,ebaebbed6e12bbb0bc062210364267790ff80f8556a5d810bb3bea09c1ab047a,
docs/archive/2026-09-14/evidence/run_metadata/chromaseed_head_range_v1/verification_v1/runtime/responses/slr_to_ipod/soft5m__wide_s17.json,/value,soft5m__wide,slr_to_ipod,17,,,,,,d5eac73d678c92e8d058ecc6c03557f91465541b9a9f7b431cb7bffa8378029a,
docs/archive/2026-09-14/evidence/run_metadata/chromaseed_head_range_v1/verification_v1/runtime/responses/slr_to_ipod/soft5m__wide_s29.json,/value,soft5m__wide,slr_to_ipod,29,,,,,,f5d6a1b1b494ff9058eca32f3687268de17810c5677486467efac2efc716d8e1,
docs/archive/2026-09-14/evidence/run_metadata/chromaseed_head_range_v1/verification_v1/runtime/responses/slr_to_ipod/soft5m__wide_s43.json,/value,soft5m__wide,slr_to_ipod,43,,,,,,e21e9df77e47cef138f8826e38d3f2ae34ac6d0fe29e49be34b38ed09e8c324c,
docs/archive/2026-09-14/evidence/run_metadata/chromaseed_head_range_v1/verification_v1/runtime/responses/slr_to_ipod/soft_small__linear_s17.json,/value,soft_small__linear,slr_to_ipod,17,,,,,,ba8621bfb37cd9ae08fddcb6b453e71b15dbdbf3e1f06c8424e47db82d62a70b,
docs/archive/2026-09-14/evidence/run_metadata/chromaseed_head_range_v1/verification_v1/runtime/responses/slr_to_ipod/soft_small__linear_s29.json,/value,soft_small__linear,slr_to_ipod,29,,,,,,c82e79f36dbb311bd5b33f1dda5e50e464bd4084b2e4dec6133b066e7a22e8ab,
docs/archive/2026-09-14/evidence/run_metadata/chromaseed_head_range_v1/verification_v1/runtime/responses/slr_to_ipod/soft_small__linear_s43.json,/value,soft_small__linear,slr_to_ipod,43,,,,,,dfa8b86330487c047b49db35acac73be1759752b89f6be6a11280e8046184edc,
docs/archive/2026-09-14/evidence/run_metadata/chromaseed_head_range_v1/verification_v1/runtime/responses/slr_to_ipod/soft_small__unit_s17.json,/value,soft_small__unit,slr_to_ipod,17,,,,,,a7b0652d6ee6364d8ec0f99a429c582b11fc9afcc7aebac39e1736bfdbda118e,
docs/archive/2026-09-14/evidence/run_metadata/chromaseed_head_range_v1/verification_v1/runtime/responses/slr_to_ipod/soft_small__unit_s29.json,/value,soft_small__unit,slr_to_ipod,29,,,,,,b34803b124ead2a791fde187f0f227b9580dd65ca3b1d7abf8b1eb5f52962b9b,
docs/archive/2026-09-14/evidence/run_metadata/chromaseed_head_range_v1/verification_v1/runtime/responses/slr_to_ipod/soft_small__unit_s43.json,/value,soft_small__unit,slr_to_ipod,43,,,,,,b228c33fd3eea7ff238e7d2ee70efe3d65d0249827bd0cf0a2d9d8b14f90535b,
docs/archive/2026-09-14/evidence/run_metadata/chromaseed_head_range_v1/verification_v1/runtime/responses/slr_to_ipod/soft_small__wide_s17.json,/value,soft_small__wide,slr_to_ipod,17,,,,,,41643e3a9365b8110970dacf1f30a2b5f4339e897e958eeadd5fea624c1b2951,
docs/archive/2026-09-14/evidence/run_metadata/chromaseed_head_range_v1/verification_v1/runtime/responses/slr_to_ipod/soft_small__wide_s29.json,/value,soft_small__wide,slr_to_ipod,29,,,,,,60afa43031afb6b1c862d57625a2be453d6d31ab57a35b10f15c0a02b5e915f0,
docs/archive/2026-09-14/evidence/run_metadata/chromaseed_head_range_v1/verification_v1/runtime/responses/slr_to_ipod/soft_small__wide_s43.json,/value,soft_small__wide,slr_to_ipod,43,,,,,,92cf7739ff64764399cd50cca1746ee677d4ac2867b1472d678264d24eec0ca2,
docs/archive/2026-09-14/evidence/run_metadata/chromaseed_widen_early_v1/results.json,/records/0,m31,mixed,17,2048,3e-05,30915,124118,,e9d0b76f6e95c364d549005f2de377b861421505375a91304aab17913f14fc8e,5.591111491045129
docs/archive/2026-09-14/evidence/run_metadata/chromaseed_widen_early_v1/results.json,/records/1,m31,mixed,29,2048,3e-05,30915,124118,,0e81920e5d603240ea72d8e44f906d9c794a7af8800cfe1258cbd95bdd1182e3,5.551425647411114
docs/archive/2026-09-14/evidence/run_metadata/chromaseed_widen_early_v1/results.json,/records/2,m31,mixed,43,2048,3e-05,30915,124118,,f4744291d19dcdfbe3e7c2f3e45d62784552336b87eff2601aa7e9cd610021de,5.5031618178988895
docs/archive/2026-09-14/evidence/run_metadata/chromaseed_widen_early_v1/results.json,/records/3,m61,mixed,17,2048,3e-05,60611,242902,,cafee7cf31484ff5c20534322606f7fb427d11000d574f699210b7fc5a1da0ae,5.5734418185620695
docs/archive/2026-09-14/evidence/run_metadata/chromaseed_widen_early_v1/results.json,/records/4,m61,mixed,29,2048,3e-05,60611,242902,,ba043db9d98db8333b9447921f02351e8cdad9ab7f0af32f4271e9f3675955a5,5.537774959355683
docs/archive/2026-09-14/evidence/run_metadata/chromaseed_widen_early_v1/results.json,/records/5,m61,mixed,43,2048,3e-05,60611,242902,,8bc162c11989c7d6a3a18d528a3f9fbdaee3cabf984d7a9ecee1a70e05edd6a5,5.460601069599439
docs/archive/2026-09-14/evidence/run_metadata/chromaseed_widen_early_v1/results.json,/records/6,m111,mixed,17,2048,3e-05,110979,444374,,33e6b9cb66675e42a73331873ec9604198e3e89ee84b59396732b9cb57bd0acd,5.5550892931415445
docs/archive/2026-09-14/evidence/run_metadata/chromaseed_widen_early_v1/results.json,/records/7,m111,mixed,29,2048,3e-05,110979,444374,,dd974bf79b678be76b0bbd3637d66e5856353b39ce301e77d072a7bb5db067f7,5.475545942287465
docs/archive/2026-09-14/evidence/run_metadata/chromaseed_widen_early_v1/results.json,/records/8,m111,mixed,43,2048,3e-05,110979,444374,,061072d795f57cc11feeb51a9b00853a9d71f0aa5c24d6d86471af3542c422d8,5.40268865036369
docs/archive/2026-09-14/evidence/run_metadata/chromaseed_widen_early_v1/results.json,/records/9,m832,mixed,17,2048,1e-05,832259,3329494,,7dde7b65257070245cd17e1eee157d9501732f07cd928e77c9f6228ac1bd6d74,5.5576243292192276
docs/archive/2026-09-14/evidence/run_metadata/chromaseed_widen_early_v1/results.json,/records/10,m832,mixed,29,2048,1e-05,832259,3329494,,48c03200f6e9e4a9e60f9d60e1897784d69da125e6bd0820a43283216fc7c7bb,5.514243060478569
docs/archive/2026-09-14/evidence/run_metadata/chromaseed_widen_early_v1/results.json,/records/11,m832,mixed,43,2048,1e-05,832259,3329494,,391b360abbcc73568128bf6fb7bd3c96fc578a2ee22e48582b16c625f6a702cc,5.464389234094643
docs/archive/2026-09-14/evidence/run_metadata/chromaseed_widen_early_v1/results.json,/records/12,m31,mixed,17,512,0.0001,30915,124118,,ca391eb15fa071535a8ef461fd58131f3e9285bcfc8f761a5d575bac58802ba0,5.558248489012996
docs/archive/2026-09-14/evidence/run_metadata/chromaseed_widen_early_v1/results.json,/records/13,m31,mixed,29,512,0.0001,30915,124118,,4b1ff58bdba49646e8cff5ad39a1a9d48f1b76980566ae7255bd6c93e63749ed,5.499614993848701
docs/archive/2026-09-14/evidence/run_metadata/chromaseed_widen_early_v1/results.json,/records/14,m31,mixed,43,512,0.0001,30915,124118,,ffd192f93268db087fc0a9f4ce3cf43f1eda463126e11214478c670fe5eddeb5,5.5441031533278675
docs/archive/2026-09-14/evidence/run_metadata/chromaseed_widen_early_v1/results.json,/records/15,m61,mixed,17,512,0.0001,60611,242902,,1e3859cceb0870be6d4d5f059dc5a6f4d3100b04fcd2bba9f558c393c5b812dd,5.544057236169661
docs/archive/2026-09-14/evidence/run_metadata/chromaseed_widen_early_v1/results.json,/records/16,m61,mixed,29,512,0.0001,60611,242902,,a7c05e81ed75e982ccbc181a476ce1a0b18d9e65c7b01b3290af512aa865551b,5.4715140869333325
docs/archive/2026-09-14/evidence/run_metadata/chromaseed_widen_early_v1/results.json,/records/17,m61,mixed,43,512,0.0001,60611,242902,,8548ed699771d1ddb2cc0572a0c60b9a8cb603e3b3b572ecd15580e8b17b2d8c,5.504288210809707
docs/archive/2026-09-14/evidence/run_metadata/chromaseed_widen_early_v1/results.json,/records/18,m111,mixed,17,512,0.0001,110979,444374,,203cca8715dde28ea058bc2f4ad17a69f074ae6288399b92f20f9935e54032cf,5.548127940394046
docs/archive/2026-09-14/evidence/run_metadata/chromaseed_widen_early_v1/results.json,/records/19,m111,mixed,29,512,0.0001,110979,444374,,57df7d2a6c40c1f7f5c4e0910c8076efbe9d59b4434559d153dc27320c4e4ebf,5.405953719111893
docs/archive/2026-09-14/evidence/run_metadata/chromaseed_widen_early_v1/results.json,/records/20,m111,mixed,43,512,0.0001,110979,444374,,4c12799072fe8e123882db5dfc75fd32e332a0a36ed9dc580038830ce8267728,5.467519135176281
docs/archive/2026-09-14/evidence/run_metadata/chromaseed_widen_early_v1/results.json,/records/21,m832,mixed,17,512,0.0001,832259,3329494,,38574c2cc643315f1b2b83760cbc60fc672c28317514dd87fad1fcab386cdd17,5.507809886014539
docs/archive/2026-09-14/evidence/run_metadata/chromaseed_widen_early_v1/results.json,/records/22,m832,mixed,29,512,0.0001,832259,3329494,,1358068db989b9801fee6a464b47a283cee9a0c708dba5340257d47d87d4d27b,5.285173924938721
docs/archive/2026-09-14/evidence/run_metadata/chromaseed_widen_early_v1/results.json,/records/23,m832,mixed,43,512,0.0001,832259,3329494,,a470f64601e798738569e6a348157e6048aad60bb0c20066568237fee1c1bbb5,5.174063221592103
docs/archive/2026-09-14/evidence/run_metadata/chromaseed_widen_early_v1/results.json,/records/24,tiny,mixed,17,8192,0.0001,1179,5174,,3b40df660bd356256e5d7768591363248785a85423982c8e8484a8a9934240b9,5.526237563906103
docs/archive/2026-09-14/evidence/run_metadata/chromaseed_widen_early_v1/results.json,/records/25,tiny,mixed,29,8192,0.0001,1179,5174,,dcba3b1d13eb188170623b16e5c8bbb64cb8c42ff26593456eca4b5f85e9812f,5.475208197963617
docs/archive/2026-09-14/evidence/run_metadata/chromaseed_widen_early_v1/results.json,/records/26,tiny,mixed,43,8192,0.0001,1179,5174,,9185a14c5e7e3a48412fdc22f8424ced17be9831081287586a8208801c92a630,5.5305972120787885
docs/archive/2026-09-14/evidence/run_metadata/chromaseed_widen_early_v1/results.json,/records/27,np,mixed,17,0,,643,2886,,c7d617bd5acbf126c9037fff33a5ce6411da4e653e6574a2ba2b1b43d01b55aa,5.854976108558997
docs/archive/2026-09-14/evidence/run_metadata/chromaseed_widen_early_v1/results.json,/records/28,np,mixed,29,0,,643,2886,,65e6148fdee2b5da1c92c5622754feb39aa868cc340ca736ccd465d14805e877,5.806650019434955
docs/archive/2026-09-14/evidence/run_metadata/chromaseed_widen_early_v1/results.json,/records/29,np,mixed,43,0,,643,2886,,e551299ba8f345b1abfa0c1ddcc5b5e983ba79ed9d101c311d228a31199f7fc1,5.649993668184457
docs/archive/2026-09-14/evidence/run_metadata/chromaseed_widen_early_v1/results.json,/records/30,m31,slr_to_ipod,17,2048,3e-05,30915,124118,,2eac95c595bac4e263eb2c442c6651e65c837688b45e29e12e0383f904811c88,7.932657778045938
docs/archive/2026-09-14/evidence/run_metadata/chromaseed_widen_early_v1/results.json,/records/31,m31,slr_to_ipod,29,2048,3e-05,30915,124118,,38c157038e0092622df25e0f0ff453658457e7c6dedfee0ae260115010ed8f44,8.729706742421309
docs/archive/2026-09-14/evidence/run_metadata/chromaseed_widen_early_v1/results.json,/records/32,m31,slr_to_ipod,43,2048,3e-05,30915,124118,,42141ad227ae3ce41232055d9369db63ee8df850249e90a16a3a6af150275307,8.443465845836329
docs/archive/2026-09-14/evidence/run_metadata/chromaseed_widen_early_v1/results.json,/records/33,m61,slr_to_ipod,17,2048,3e-05,60611,242902,,98f36dcbd58be416577f8b324eeddc7d20be0ce324d7f1ddee829a375a14322b,7.961875378254521
docs/archive/2026-09-14/evidence/run_metadata/chromaseed_widen_early_v1/results.json,/records/34,m61,slr_to_ipod,29,2048,3e-05,60611,242902,,9f09861ab9cc5b9df299a0363a9d6ea92f3220b866bb7c94177f3571793e24ee,8.763194544665943
docs/archive/2026-09-14/evidence/run_metadata/chromaseed_widen_early_v1/results.json,/records/35,m61,slr_to_ipod,43,2048,3e-05,60611,242902,,59e7750113fa63f58e84b4f3da7f4d819947ea3e3701cade07faa0396439cb2c,8.465509845597246
docs/archive/2026-09-14/evidence/run_metadata/chromaseed_widen_early_v1/results.json,/records/36,m111,slr_to_ipod,17,2048,3e-05,110979,444374,,0b4007b8e7aa7c2eedcc8e6d9c0694121d56bb259f1fa81115a77295c1df35bc,7.849184721495574
docs/archive/2026-09-14/evidence/run_metadata/chromaseed_widen_early_v1/results.json,/records/37,m111,slr_to_ipod,29,2048,3e-05,110979,444374,,d928347f5f00febe6a1c7cc100ac53eb4b4e238e33320a1b394ec285b4ebd780,8.7028098682241
docs/archive/2026-09-14/evidence/run_metadata/chromaseed_widen_early_v1/results.json,/records/38,m111,slr_to_ipod,43,2048,3e-05,110979,444374,,9bb0d35d68433b267d6eb960d653ea90a248a10ff9335df48e173723cbec3d28,8.372937841055995
docs/archive/2026-09-14/evidence/run_metadata/chromaseed_widen_early_v1/results.json,/records/39,m832,slr_to_ipod,17,2048,1e-05,832259,3329494,,30aec2e8f10f59ce4c65f07f45156f04eac9205c49d494610ef9b21e969b148a,7.936369617939816
docs/archive/2026-09-14/evidence/run_metadata/chromaseed_widen_early_v1/results.json,/records/40,m832,slr_to_ipod,29,2048,1e-05,832259,3329494,,72fe2fabc7840ab8c0b9715e1f6ab578c0ba27266625da4c22400b540dc31979,8.659662395535403
docs/archive/2026-09-14/evidence/run_metadata/chromaseed_widen_early_v1/results.json,/records/41,m832,slr_to_ipod,43,2048,1e-05,832259,3329494,,5dd46d7d5f516d75c516da259181a8c470ad4e8e6dc09f486263e7c14b9c2870,8.547416407290982
docs/archive/2026-09-14/evidence/run_metadata/chromaseed_widen_early_v1/results.json,/records/42,m31,slr_to_ipod,17,512,0.0001,30915,124118,,321d36148103b47de6dd6d489a1a2a03592311e44749e62ba3cf504dad253dbc,8.000735395406217
docs/archive/2026-09-14/evidence/run_metadata/chromaseed_widen_early_v1/results.json,/records/43,m31,slr_to_ipod,29,512,0.0001,30915,124118,,b62c150f77a71dc49b871c28f8b053ecf14b16abea02e664f6e8074b9d6727cc,8.840765310418831
docs/archive/2026-09-14/evidence/run_metadata/chromaseed_widen_early_v1/results.json,/records/44,m31,slr_to_ipod,43,512,0.0001,30915,124118,,ac6e526f1a7b7bb87a5bdfd0e19b0815d703c51382eb71f4c34fbe16ede2fe12,8.355337664846104
docs/archive/2026-09-14/evidence/run_metadata/chromaseed_widen_early_v1/results.json,/records/45,m61,slr_to_ipod,17,512,0.0001,60611,242902,,52f171214d098128f22c0af17f529d08c7c922a9a37c34a451c32fbecc691d81,7.98413719753704
docs/archive/2026-09-14/evidence/run_metadata/chromaseed_widen_early_v1/results.json,/records/46,m61,slr_to_ipod,29,512,0.0001,60611,242902,,6ffddaea789feb91bcaa65164c790226e53024e92d73edba89b0d3e0cd22a36e,8.874549250084925
docs/archive/2026-09-14/evidence/run_metadata/chromaseed_widen_early_v1/results.json,/records/47,m61,slr_to_ipod,43,512,0.0001,60611,242902,,4302e6e5a712bc0314f15e26f3745071d380e2b1713c28896f7149c767236086,8.366974792678722
docs/archive/2026-09-14/evidence/run_metadata/chromaseed_widen_early_v1/results.json,/records/48,m111,slr_to_ipod,17,512,0.0001,110979,444374,,1c65031bea8d6e5cabf68a2509cf93e65e9439055da811daa78f00be7bee3377,7.688278804023852
docs/archive/2026-09-14/evidence/run_metadata/chromaseed_widen_early_v1/results.json,/records/49,m111,slr_to_ipod,29,512,0.0001,110979,444374,,6e892ed050eb6a62789fb5a9986148aa8e7a92554e894a58a36c6784304db924,8.753419758566228
docs/archive/2026-09-14/evidence/run_metadata/chromaseed_widen_early_v1/results.json,/records/50,m111,slr_to_ipod,43,512,0.0001,110979,444374,,7d3788de044b873151a11ccd11eabab74c6dafaa3deea3a55a94f57b268fdf83,8.352264366866223
docs/archive/2026-09-14/evidence/run_metadata/chromaseed_widen_early_v1/results.json,/records/51,m832,slr_to_ipod,17,512,0.0001,832259,3329494,,92d0d6402dfcdae74d94e52b855d48eddc092c34873f2964d8d5964a30bb53e3,8.346093732885766
docs/archive/2026-09-14/evidence/run_metadata/chromaseed_widen_early_v1/results.json,/records/52,m832,slr_to_ipod,29,512,0.0001,832259,3329494,,4a4b2913147e93be83bf012f5dfb40370ff3bfb6514f3a9d4ba93eed1371b0a3,9.073056832746751
docs/archive/2026-09-14/evidence/run_metadata/chromaseed_widen_early_v1/results.json,/records/53,m832,slr_to_ipod,43,512,0.0001,832259,3329494,,e1dbec7ee2d29721eea91503228b2ce58f759318cb528997ec0c87b8291dca0e,8.621203860732471
docs/archive/2026-09-14/evidence/run_metadata/chromaseed_widen_early_v1/results.json,/records/54,tiny,slr_to_ipod,17,2048,0.0001,1179,5174,,eaab09719e5c2b2daf2055eb50abf3e6586e44a32a18cd0086115e0e6c54217f,8.282562413070547
docs/archive/2026-09-14/evidence/run_metadata/chromaseed_widen_early_v1/results.json,/records/55,tiny,slr_to_ipod,29,2048,0.0001,1179,5174,,bbc75b3028b33edb105f086b5c424fc4a0c32b65667b4fe6c266057aeea1b02a,8.591257936778685
docs/archive/2026-09-14/evidence/run_metadata/chromaseed_widen_early_v1/results.json,/records/56,tiny,slr_to_ipod,43,2048,0.0001,1179,5174,,2b9a5e1289b4f5385760bf47a3b27d91e22c6ce9d2c0fec1256af68127b96d8c,8.432725968652703
docs/archive/2026-09-14/evidence/run_metadata/chromaseed_widen_early_v1/results.json,/records/57,np,slr_to_ipod,17,0,,643,2886,,5efa01db5dac7ba94855bb6fd7422eff0c58dd6c8ff959f9d9a1410049844850,7.917104358302984
docs/archive/2026-09-14/evidence/run_metadata/chromaseed_widen_early_v1/results.json,/records/58,np,slr_to_ipod,29,0,,643,2886,,fac9311bc23ef1378af5b4a09f5c7d3b5652f6bb2b0071ec6f7c7cf5afc33c7f,8.683932159092297
docs/archive/2026-09-14/evidence/run_metadata/chromaseed_widen_early_v1/results.json,/records/59,np,slr_to_ipod,43,0,,643,2886,,8105956233bc764f984f42a7823336b280e5616f3c4efb95e2b44c5ab0249ec1,8.282000601437858
docs/archive/2026-09-14/evidence/run_metadata/chromaseed_widen_early_v1/results.json,/records/60,m31,ipod_to_slr,17,2048,3e-05,30915,124118,,dfb1313b8a2c1d84b949ec4dd39cda403a465c35f6b8234c6f1740da0ee7680d,8.064566404545404
docs/archive/2026-09-14/evidence/run_metadata/chromaseed_widen_early_v1/results.json,/records/61,m31,ipod_to_slr,29,2048,3e-05,30915,124118,,9772349b3793e5bb38ddcffd6afccab598c20959fd97a79d84adba6b7df5ab37,8.861415631171544
docs/archive/2026-09-14/evidence/run_metadata/chromaseed_widen_early_v1/results.json,/records/62,m31,ipod_to_slr,43,2048,3e-05,30915,124118,,e7aca5cdacf4df38cf1918476acc7c2bddd50839666a055a33ec845d8914d1d1,8.962719123370436
docs/archive/2026-09-14/evidence/run_metadata/chromaseed_widen_early_v1/results.json,/records/63,m61,ipod_to_slr,17,2048,3e-05,60611,242902,,6700a04563214bcc527ea3906cf7bdcec1f59725af04a57a8810967a3c42354e,7.592777735914605
docs/archive/2026-09-14/evidence/run_metadata/chromaseed_widen_early_v1/results.json,/records/64,m61,ipod_to_slr,29,2048,3e-05,60611,242902,,d3bc2044df315edd59bbbdfe1a37596261897401354bd75f15530e27e05f6c6d,8.804878921957128
docs/archive/2026-09-14/evidence/run_metadata/chromaseed_widen_early_v1/results.json,/records/65,m61,ipod_to_slr,43,2048,3e-05,60611,242902,,96a4085ddf6313fc0e1f11c329767251276d139bd42380720160d215cc831576,8.758329536846972
docs/archive/2026-09-14/evidence/run_metadata/chromaseed_widen_early_v1/results.json,/records/66,m111,ipod_to_slr,17,2048,3e-05,110979,444374,,e7a24f99eb8924ac2896a7987a00b113d21e53dcb1fe67cb57314a02df37fc92,7.557177825956373
docs/archive/2026-09-14/evidence/run_metadata/chromaseed_widen_early_v1/results.json,/records/67,m111,ipod_to_slr,29,2048,3e-05,110979,444374,,0e0501db75bfcacf2e2ac7f1dfde0280b293a4ac351a49c2cd6260cbdddb2083,8.675276351123866
docs/archive/2026-09-14/evidence/run_metadata/chromaseed_widen_early_v1/results.json,/records/68,m111,ipod_to_slr,43,2048,3e-05,110979,444374,,62067855c784dd12394189a4f8b3df0c5cb4f3576d384589911aa24f1ae36c12,8.699245334697395
docs/archive/2026-09-14/evidence/run_metadata/chromaseed_widen_early_v1/results.json,/records/69,m832,ipod_to_slr,17,2048,1e-05,832259,3329494,,b92da16cbb79420f1af9831e9a00b2415de041a137895100a51af61de3f2a217,7.447567523898387
docs/archive/2026-09-14/evidence/run_metadata/chromaseed_widen_early_v1/results.json,/records/70,m832,ipod_to_slr,29,2048,1e-05,832259,3329494,,8fa1e2e7f9b1009e54dfa23c6bcc7584fbc125bb6f242a5a9892c81b7f76253d,8.819126280624772
docs/archive/2026-09-14/evidence/run_metadata/chromaseed_widen_early_v1/results.json,/records/71,m832,ipod_to_slr,43,2048,1e-05,832259,3329494,,a736344886f882a6c518db4cf63fa7bc0d506e32c1fd34414823eb498c554de3,8.614956274855574
docs/archive/2026-09-14/evidence/run_metadata/chromaseed_widen_early_v1/results.json,/records/72,m31,ipod_to_slr,17,2048,0.0001,30915,124118,,03745092f83ecc99341064dd5a0b8a7ca579dff70e2ea1e0dbd6898d341a2bd1,7.4454825909778455
docs/archive/2026-09-14/evidence/run_metadata/chromaseed_widen_early_v1/results.json,/records/73,m31,ipod_to_slr,29,2048,0.0001,30915,124118,,8e10bfc5ccfe4da65b0b780e9dc29aced48af9144947ae21364b269c4f2e8208,9.836246839233869
docs/archive/2026-09-14/evidence/run_metadata/chromaseed_widen_early_v1/results.json,/records/74,m31,ipod_to_slr,43,2048,0.0001,30915,124118,,75119f80c090ea0442a2e71737db414e96798981b060103747a061116f170640,8.91757378236263
docs/archive/2026-09-14/evidence/run_metadata/chromaseed_widen_early_v1/results.json,/records/75,m61,ipod_to_slr,17,512,0.0001,60611,242902,,b47df8a5095533a1fab632dd31b68672504977e48e5eeccfeefb638e168fefb9,7.779153640999855
docs/archive/2026-09-14/evidence/run_metadata/chromaseed_widen_early_v1/results.json,/records/76,m61,ipod_to_slr,29,512,0.0001,60611,242902,,b9436ae7757c19fa69a67170834530d6ce045f8075dfc302298e86e81841b618,9.042620252878208
docs/archive/2026-09-14/evidence/run_metadata/chromaseed_widen_early_v1/results.json,/records/77,m61,ipod_to_slr,43,512,0.0001,60611,242902,,522505d4e5ecaa3513645ccc5bb18c73e52fadcd431aaa317bb22905621adccb,9.210182501750504
docs/archive/2026-09-14/evidence/run_metadata/chromaseed_widen_early_v1/results.json,/records/78,m111,ipod_to_slr,17,512,0.0001,110979,444374,,1579600621d5c9a0603469fda630e69dda16d66329540e8a9ffa59602a9d399f,7.610613204937806
docs/archive/2026-09-14/evidence/run_metadata/chromaseed_widen_early_v1/results.json,/records/79,m111,ipod_to_slr,29,512,0.0001,110979,444374,,854a9549ceddefbf2b4e4eba026ab25ca4888ada8ff6d384b32ec13d246d43d1,8.880713025006813
docs/archive/2026-09-14/evidence/run_metadata/chromaseed_widen_early_v1/results.json,/records/80,m111,ipod_to_slr,43,512,0.0001,110979,444374,,efac7ec5263fcd0f1d4627ee19ad78f096efcd213f1a6075ae7b3e5117019335,9.568161920632322
docs/archive/2026-09-14/evidence/run_metadata/chromaseed_widen_early_v1/results.json,/records/81,m832,ipod_to_slr,17,512,0.0001,832259,3329494,,249cf12e211323261b61ead3ad5487347e088be0b6ecad2303543569596fb554,7.368818974907602
docs/archive/2026-09-14/evidence/run_metadata/chromaseed_widen_early_v1/results.json,/records/82,m832,ipod_to_slr,29,512,0.0001,832259,3329494,,0e79801152c7ab60653b190c99d981357334fc05f2529d023fd4d092b2d68ec1,8.862646827533569
docs/archive/2026-09-14/evidence/run_metadata/chromaseed_widen_early_v1/results.json,/records/83,m832,ipod_to_slr,43,512,0.0001,832259,3329494,,091cdd4500433c6623340b176b79f031b1cd91b623880b5c647c0581b8238c25,8.741288388069917
docs/archive/2026-09-14/evidence/run_metadata/chromaseed_widen_early_v1/results.json,/records/84,tiny,ipod_to_slr,17,2048,0.0001,1179,5174,,d8ee178cafa2cfe1e7e5c4512e6d7b76c1c7a1be05a91475a26d7eda051a2bed,8.583270688218906
docs/archive/2026-09-14/evidence/run_metadata/chromaseed_widen_early_v1/results.json,/records/85,tiny,ipod_to_slr,29,2048,0.0001,1179,5174,,eace222ab1e75bee8770e8229f96b892017531a26cbcb697a5e0322ecdbe1c8a,9.035780837421882
docs/archive/2026-09-14/evidence/run_metadata/chromaseed_widen_early_v1/results.json,/records/86,tiny,ipod_to_slr,43,2048,0.0001,1179,5174,,532cda3ba64b7cc7bcb5078ab1d1fa42226f47f8faf2c4cc6ae27102ca825f86,8.797730946405379
docs/archive/2026-09-14/evidence/run_metadata/chromaseed_widen_early_v1/results.json,/records/87,np,ipod_to_slr,17,0,,643,2886,,3f7a9e9f496f756c61c0dd17c6f35bb92fb6d99881428b32f6907656761ccad6,8.639697980137349
docs/archive/2026-09-14/evidence/run_metadata/chromaseed_widen_early_v1/results.json,/records/88,np,ipod_to_slr,29,0,,643,2886,,fe807aa86c8f5b3d65a4c48c2a5a713af0a7ae2808ae68efec9892288bb75f3b,8.608578745822632
docs/archive/2026-09-14/evidence/run_metadata/chromaseed_widen_early_v1/results.json,/records/89,np,ipod_to_slr,43,0,,643,2886,,99042ece8fa3d3dc68a54e9ac60f50d6d3de7f6a0ec25c3dbe0ef344bd7cd680,8.520319711471531
docs/archive/2026-09-14/evidence/run_metadata/chromaseed_widen_v1/results.json,/records/0,tiny,mixed,17,0,0.0001,1179,5174,,ae025716e4e14fd5d3029b0a7663e9e68249fbf945f8b59e835b3fa1f08c5fd1,5.854976108558997
docs/archive/2026-09-14/evidence/run_metadata/chromaseed_widen_v1/results.json,/records/1,tiny,mixed,17,0,0.001,1179,5174,,ae025716e4e14fd5d3029b0a7663e9e68249fbf945f8b59e835b3fa1f08c5fd1,5.854976108558997
docs/archive/2026-09-14/evidence/run_metadata/chromaseed_widen_v1/results.json,/records/2,tiny,mixed,29,0,0.0001,1179,5174,,dbe881ae8ce12845d58f83aeddd9896e3c5b043326f601ce6b8ff420f3842d8e,5.806650019434955
docs/archive/2026-09-14/evidence/run_metadata/chromaseed_widen_v1/results.json,/records/3,tiny,mixed,29,0,0.001,1179,5174,,dbe881ae8ce12845d58f83aeddd9896e3c5b043326f601ce6b8ff420f3842d8e,5.806650019434955
docs/archive/2026-09-14/evidence/run_metadata/chromaseed_widen_v1/results.json,/records/4,tiny,mixed,43,0,0.0001,1179,5174,,3da29c21d0af6bf57238a9f24f7ed730e2d48ed12cf92e23cfcc9e4682725a3b,5.649993668184457
docs/archive/2026-09-14/evidence/run_metadata/chromaseed_widen_v1/results.json,/records/5,tiny,mixed,43,0,0.001,1179,5174,,3da29c21d0af6bf57238a9f24f7ed730e2d48ed12cf92e23cfcc9e4682725a3b,5.649993668184457
docs/archive/2026-09-14/evidence/run_metadata/chromaseed_widen_v1/results.json,/records/6,tiny,mixed,17,512,0.0001,1179,5174,,5a6c0ab77b035c64fcfe2e10257e5fbf475b7dd9f8a478b989023c347b35a437,5.658403994382566
docs/archive/2026-09-14/evidence/run_metadata/chromaseed_widen_v1/results.json,/records/7,tiny,mixed,17,512,0.001,1179,5174,,0b52dbb0e47f7dff3739887db4eb6ec2c6beac24d2f1adc4748b5f37e9c7dac0,5.555368353085522
docs/archive/2026-09-14/evidence/run_metadata/chromaseed_widen_v1/results.json,/records/8,tiny,mixed,29,512,0.0001,1179,5174,,2bffc3bb2861f7225bd801ce677e26f4f161c52dab32c8f18545b8276ac8b611,5.699581485123278
docs/archive/2026-09-14/evidence/run_metadata/chromaseed_widen_v1/results.json,/records/9,tiny,mixed,29,512,0.001,1179,5174,,303341c5ad49f46f2625a3ce111a60df9020aae75645db379db3b4bbf96882c4,5.429509255764622
docs/archive/2026-09-14/evidence/run_metadata/chromaseed_widen_v1/results.json,/records/10,tiny,mixed,43,512,0.0001,1179,5174,,03a0f04362859c1fe6da7d7566c65bbca05c6adc5a84122e76c2f730a9ccf029,5.656131452682865
docs/archive/2026-09-14/evidence/run_metadata/chromaseed_widen_v1/results.json,/records/11,tiny,mixed,43,512,0.001,1179,5174,,69803937594e2168c1280d68f2843cb75c4c84d4c3e1a26b1ddbac7cde1ba33a,5.5205436135300845
docs/archive/2026-09-14/evidence/run_metadata/chromaseed_widen_v1/results.json,/records/12,tiny,mixed,17,2048,0.0001,1179,5174,,beeb224bb1bebda50f75c9d70e51e8489c92055dc48e466acdbe6dc5df48d98f,5.582964602570282
docs/archive/2026-09-14/evidence/run_metadata/chromaseed_widen_v1/results.json,/records/13,tiny,mixed,17,2048,0.001,1179,5174,,474c48f20b44007f20773aca567ec741b5e349a408ecb3fdb54b9af137b1a7f8,5.404409806030016
docs/archive/2026-09-14/evidence/run_metadata/chromaseed_widen_v1/results.json,/records/14,tiny,mixed,29,2048,0.0001,1179,5174,,32a436680f0e8f34c88d8c7040681b80fcda7e07d91082fbfcad8bd3f5a1726c,5.6229738404661385
docs/archive/2026-09-14/evidence/run_metadata/chromaseed_widen_v1/results.json,/records/15,tiny,mixed,29,2048,0.001,1179,5174,,ebcd513d2e03460b9050a1bfc4174bafcb60bfb3ae852a173d1da9ab5e57ed61,5.2567776463964515
docs/archive/2026-09-14/evidence/run_metadata/chromaseed_widen_v1/results.json,/records/16,tiny,mixed,43,2048,0.0001,1179,5174,,a3db1a18621f91b291b26b2f99bd9045e78ffdb9dfb5fd71b39ed29e2bf7169a,5.5676948171437814
docs/archive/2026-09-14/evidence/run_metadata/chromaseed_widen_v1/results.json,/records/17,tiny,mixed,43,2048,0.001,1179,5174,,3263f01df2b1ac7fe09d6926f2bd97fbcb81cbc24d5a1d255869e064e7273574,5.466008084769346
docs/archive/2026-09-14/evidence/run_metadata/chromaseed_widen_v1/results.json,/records/18,tiny,mixed,17,8192,0.0001,1179,5174,,3b40df660bd356256e5d7768591363248785a85423982c8e8484a8a9934240b9,5.526237563906103
docs/archive/2026-09-14/evidence/run_metadata/chromaseed_widen_v1/results.json,/records/19,tiny,mixed,17,8192,0.001,1179,5174,,e91ff749b9816f5c0fc737492797ed50460787156a712a111522e082550d90ac,5.347568658568529
docs/archive/2026-09-14/evidence/run_metadata/chromaseed_widen_v1/results.json,/records/20,tiny,mixed,29,8192,0.0001,1179,5174,,dcba3b1d13eb188170623b16e5c8bbb64cb8c42ff26593456eca4b5f85e9812f,5.475208197963617
docs/archive/2026-09-14/evidence/run_metadata/chromaseed_widen_v1/results.json,/records/21,tiny,mixed,29,8192,0.001,1179,5174,,0dd7d2105c9b9c30015860c2eef1392a5647a0c6d41d5899ffb6e4728f341271,5.3507682326823875
docs/archive/2026-09-14/evidence/run_metadata/chromaseed_widen_v1/results.json,/records/22,tiny,mixed,43,8192,0.0001,1179,5174,,9185a14c5e7e3a48412fdc22f8424ced17be9831081287586a8208801c92a630,5.5305972120787885
docs/archive/2026-09-14/evidence/run_metadata/chromaseed_widen_v1/results.json,/records/23,tiny,mixed,43,8192,0.001,1179,5174,,df1285f2797d079285f9ba3c8ee4e61132c2e38ba6e65404ec3769372d91ba83,5.476139786992763
docs/archive/2026-09-14/evidence/run_metadata/chromaseed_widen_v1/results.json,/records/24,m31,mixed,17,0,0.0001,30915,124118,,c3f72ace84e7f109305c89787b930fd6b1dabcc425e64f9a0202ec3a04117f91,5.854976108558997
docs/archive/2026-09-14/evidence/run_metadata/chromaseed_widen_v1/results.json,/records/25,m31,mixed,17,0,0.001,30915,124118,,c3f72ace84e7f109305c89787b930fd6b1dabcc425e64f9a0202ec3a04117f91,5.854976108558997
docs/archive/2026-09-14/evidence/run_metadata/chromaseed_widen_v1/results.json,/records/26,m31,mixed,29,0,0.0001,30915,124118,,77a0a28f853ad1d98d2e64616f6213e6046625829d0af4c05bca088f192b145a,5.806650019434955
docs/archive/2026-09-14/evidence/run_metadata/chromaseed_widen_v1/results.json,/records/27,m31,mixed,29,0,0.001,30915,124118,,77a0a28f853ad1d98d2e64616f6213e6046625829d0af4c05bca088f192b145a,5.806650019434955
docs/archive/2026-09-14/evidence/run_metadata/chromaseed_widen_v1/results.json,/records/28,m31,mixed,43,0,0.0001,30915,124118,,eadcb0ee74368c0463998069d15dc3f9979d71cbdccff769dc728d02b5deecf7,5.649993668184457
docs/archive/2026-09-14/evidence/run_metadata/chromaseed_widen_v1/results.json,/records/29,m31,mixed,43,0,0.001,30915,124118,,eadcb0ee74368c0463998069d15dc3f9979d71cbdccff769dc728d02b5deecf7,5.649993668184457
docs/archive/2026-09-14/evidence/run_metadata/chromaseed_widen_v1/results.json,/records/30,m31,mixed,17,512,0.0001,30915,124118,,ca391eb15fa071535a8ef461fd58131f3e9285bcfc8f761a5d575bac58802ba0,5.558248489012996
docs/archive/2026-09-14/evidence/run_metadata/chromaseed_widen_v1/results.json,/records/31,m31,mixed,17,512,0.001,30915,124118,,e2251a8286884751eb9a76c9731085719028264b1e8065f56e15e6004cbd432b,5.511953519935368
docs/archive/2026-09-14/evidence/run_metadata/chromaseed_widen_v1/results.json,/records/32,m31,mixed,29,512,0.0001,30915,124118,,4b1ff58bdba49646e8cff5ad39a1a9d48f1b76980566ae7255bd6c93e63749ed,5.499614993848701
docs/archive/2026-09-14/evidence/run_metadata/chromaseed_widen_v1/results.json,/records/33,m31,mixed,29,512,0.001,30915,124118,,25811391b7298974c908b6878e5fc80a5954982c2a6270cb524e3a96cd6a17cd,5.226476943533975
docs/archive/2026-09-14/evidence/run_metadata/chromaseed_widen_v1/results.json,/records/34,m31,mixed,43,512,0.0001,30915,124118,,ffd192f93268db087fc0a9f4ce3cf43f1eda463126e11214478c670fe5eddeb5,5.5441031533278675
docs/archive/2026-09-14/evidence/run_metadata/chromaseed_widen_v1/results.json,/records/35,m31,mixed,43,512,0.001,30915,124118,,41b75dff5f493838b33b95bb18c5110f7b96eae0bb19f57a28e07f546a5bcdae,5.2368856986753665
docs/archive/2026-09-14/evidence/run_metadata/chromaseed_widen_v1/results.json,/records/36,m31,mixed,17,2048,0.0001,30915,124118,,14f1d3cd08385f8d2c46e241cdb6f620064a9cac34a591ab3d7ff2f69f1a7b06,5.532132018721561
docs/archive/2026-09-14/evidence/run_metadata/chromaseed_widen_v1/results.json,/records/37,m31,mixed,17,2048,0.001,30915,124118,,c1bbb9bbedef090cdb34ad1a3bd432119c24b9cb5865c44563a88fe1ff80f62f,5.375606202181242
docs/archive/2026-09-14/evidence/run_metadata/chromaseed_widen_v1/results.json,/records/38,m31,mixed,29,2048,0.0001,30915,124118,,afbd86a14737fc03bc17a3e092c6e3005cafb79c6f6d068edfcc40f2c8118f8e,5.368330419947321
docs/archive/2026-09-14/evidence/run_metadata/chromaseed_widen_v1/results.json,/records/39,m31,mixed,29,2048,0.001,30915,124118,,e5804d06be2c73810707d7c714f9a80360c74a44b4cd430e793cb98621f30712,5.305849098170073
docs/archive/2026-09-14/evidence/run_metadata/chromaseed_widen_v1/results.json,/records/40,m31,mixed,43,2048,0.0001,30915,124118,,3905f4abc4bdfbd46fe6d3c23a5791fe11896f012b9c1ca16520f2e832da9042,5.4368914812555715
docs/archive/2026-09-14/evidence/run_metadata/chromaseed_widen_v1/results.json,/records/41,m31,mixed,43,2048,0.001,30915,124118,,3a5fe221d1457c61b6281336cd40d6389364d0008d8a3a314cc77c0842aa6b14,5.284082116676898
docs/archive/2026-09-14/evidence/run_metadata/chromaseed_widen_v1/results.json,/records/42,m31,mixed,17,8192,0.0001,30915,124118,,1552ac505e60c1fddf81a811ac7bd6961eb0842bdbbfc191f7ff6370917928ee,5.315860731435076
docs/archive/2026-09-14/evidence/run_metadata/chromaseed_widen_v1/results.json,/records/43,m31,mixed,17,8192,0.001,30915,124118,,bfc648db3ce45ca15ff18a6db32edebf10673177228ae2a197311a2dbf1b1384,5.633439857936936
docs/archive/2026-09-14/evidence/run_metadata/chromaseed_widen_v1/results.json,/records/44,m31,mixed,29,8192,0.0001,30915,124118,,6021d6b26874a33b62e7fb10ef65e19d2baf91b048f964935c14ce0e8ee6e52d,5.115065125392167
docs/archive/2026-09-14/evidence/run_metadata/chromaseed_widen_v1/results.json,/records/45,m31,mixed,29,8192,0.001,30915,124118,,5d75ec175d22dc63b28ade73c1f8255b3a6b4e62a991e1623122ebd3036db891,5.623478254995039
docs/archive/2026-09-14/evidence/run_metadata/chromaseed_widen_v1/results.json,/records/46,m31,mixed,43,8192,0.0001,30915,124118,,2b1ab78efd54f460e19fcab81ca2f98193c2d209f0f9a0f15556353f0baf0e9a,5.39059512212011
docs/archive/2026-09-14/evidence/run_metadata/chromaseed_widen_v1/results.json,/records/47,m31,mixed,43,8192,0.001,30915,124118,,7bfe0dd726709678b709f40adc8477a487eca6f319d2afb4c00b5db37006dca1,5.720956676681179
docs/archive/2026-09-14/evidence/run_metadata/chromaseed_widen_v1/results.json,/records/48,m61,mixed,17,0,0.0001,60611,242902,,5738ece45bbb343bf18f747f898350f10b30a2a4487631a803d84d8a16e650d9,5.854976108558997
docs/archive/2026-09-14/evidence/run_metadata/chromaseed_widen_v1/results.json,/records/49,m61,mixed,17,0,0.001,60611,242902,,5738ece45bbb343bf18f747f898350f10b30a2a4487631a803d84d8a16e650d9,5.854976108558997
docs/archive/2026-09-14/evidence/run_metadata/chromaseed_widen_v1/results.json,/records/50,m61,mixed,29,0,0.0001,60611,242902,,e0f6fcf6f3873df8b7301d64e91a3b2e9f1cfcce033f8d7fbc88029613a08885,5.806650019434955
docs/archive/2026-09-14/evidence/run_metadata/chromaseed_widen_v1/results.json,/records/51,m61,mixed,29,0,0.001,60611,242902,,e0f6fcf6f3873df8b7301d64e91a3b2e9f1cfcce033f8d7fbc88029613a08885,5.806650019434955
docs/archive/2026-09-14/evidence/run_metadata/chromaseed_widen_v1/results.json,/records/52,m61,mixed,43,0,0.0001,60611,242902,,14d4ae72d65a1967a313e57d6564da89c37ae3d43f5337e618d1eef4ef3fd98b,5.649993668184457
docs/archive/2026-09-14/evidence/run_metadata/chromaseed_widen_v1/results.json,/records/53,m61,mixed,43,0,0.001,60611,242902,,14d4ae72d65a1967a313e57d6564da89c37ae3d43f5337e618d1eef4ef3fd98b,5.649993668184457
docs/archive/2026-09-14/evidence/run_metadata/chromaseed_widen_v1/results.json,/records/54,m61,mixed,17,512,0.0001,60611,242902,,1e3859cceb0870be6d4d5f059dc5a6f4d3100b04fcd2bba9f558c393c5b812dd,5.544057236169661
docs/archive/2026-09-14/evidence/run_metadata/chromaseed_widen_v1/results.json,/records/55,m61,mixed,17,512,0.001,60611,242902,,3099766dbf74228c756d1ec9f1a4614a423275e3a3ebab8d141f2ba3f4ef442f,5.604075726541999
docs/archive/2026-09-14/evidence/run_metadata/chromaseed_widen_v1/results.json,/records/56,m61,mixed,29,512,0.0001,60611,242902,,a7c05e81ed75e982ccbc181a476ce1a0b18d9e65c7b01b3290af512aa865551b,5.4715140869333325
docs/archive/2026-09-14/evidence/run_metadata/chromaseed_widen_v1/results.json,/records/57,m61,mixed,29,512,0.001,60611,242902,,8315b52633fb5d186e1042e7d76a00c7314522d686128c675b366660874d1df6,5.456715622142819
docs/archive/2026-09-14/evidence/run_metadata/chromaseed_widen_v1/results.json,/records/58,m61,mixed,43,512,0.0001,60611,242902,,8548ed699771d1ddb2cc0572a0c60b9a8cb603e3b3b572ecd15580e8b17b2d8c,5.504288210809707
docs/archive/2026-09-14/evidence/run_metadata/chromaseed_widen_v1/results.json,/records/59,m61,mixed,43,512,0.001,60611,242902,,1d022b5b5ef004bd5b760d14758f6d656c3240c1cbb0db36cb2693f7acdd3066,5.318088232770108
docs/archive/2026-09-14/evidence/run_metadata/chromaseed_widen_v1/results.json,/records/60,m61,mixed,17,2048,0.0001,60611,242902,,429bdb539968e4ecd8e3775a6fa4949613494d6bf7531e10430ef46955713a14,5.39203689577815
docs/archive/2026-09-14/evidence/run_metadata/chromaseed_widen_v1/results.json,/records/61,m61,mixed,17,2048,0.001,60611,242902,,233e85075d7a9d51663e3bfd12551c287f2a8281ef569a460673303f20c08901,5.335757870785855
docs/archive/2026-09-14/evidence/run_metadata/chromaseed_widen_v1/results.json,/records/62,m61,mixed,29,2048,0.0001,60611,242902,,6d00052b8ed0904129cf361ee2d75e706fcd3a0014a67c3df6cc5dda01fd2a6f,5.302348089838817
docs/archive/2026-09-14/evidence/run_metadata/chromaseed_widen_v1/results.json,/records/63,m61,mixed,29,2048,0.001,60611,242902,,c449e435e002e6d9181771db5af587b478a200880b69dabf3b4c24a3ed7d56a3,5.318687564582152
docs/archive/2026-09-14/evidence/run_metadata/chromaseed_widen_v1/results.json,/records/64,m61,mixed,43,2048,0.0001,60611,242902,,a7175c8480b2983ac99634c66699ce6c3fb2a9d2e233ebae8b8608265f956278,5.354687730125973
docs/archive/2026-09-14/evidence/run_metadata/chromaseed_widen_v1/results.json,/records/65,m61,mixed,43,2048,0.001,60611,242902,,655ac7d95c9532e9ec14fc3b0a99e9e42bfe603e3bba4285e61e19777497621b,5.306059727431667
docs/archive/2026-09-14/evidence/run_metadata/chromaseed_widen_v1/results.json,/records/66,m61,mixed,17,8192,0.0001,60611,242902,,c0b3b0bdf20f96cd68f97826df0abd246f3ca0792ae0d19ccd8d1835801ca032,5.239116129358907
docs/archive/2026-09-14/evidence/run_metadata/chromaseed_widen_v1/results.json,/records/67,m61,mixed,17,8192,0.001,60611,242902,,8634607dc6286c0c844a2148d7a18bbd164eebe70d0b5cb9d08e35cc4698f121,5.578975136291501
docs/archive/2026-09-14/evidence/run_metadata/chromaseed_widen_v1/results.json,/records/68,m61,mixed,29,8192,0.0001,60611,242902,,882a28dffbf595788b7b2110335046117966786fb4e3a191eca1623416083e7c,5.155555553452332
docs/archive/2026-09-14/evidence/run_metadata/chromaseed_widen_v1/results.json,/records/69,m61,mixed,29,8192,0.001,60611,242902,,a36557dcc578bcad9177a3a2163634ccd3cb9e275e3a02e8e7697bbdcc0f93b0,5.287205222875339
docs/archive/2026-09-14/evidence/run_metadata/chromaseed_widen_v1/results.json,/records/70,m61,mixed,43,8192,0.0001,60611,242902,,d3605da65444c8806c6ec4e30f3c0730d52a10ffe9817c46f0726de3611b5b1e,5.273911538646043
docs/archive/2026-09-14/evidence/run_metadata/chromaseed_widen_v1/results.json,/records/71,m61,mixed,43,8192,0.001,60611,242902,,ee2269343e1b6fd84ec8b954866a9bf07746bd1a82650fb2da8202deab33bf34,5.605107082590911
docs/archive/2026-09-14/evidence/run_metadata/chromaseed_widen_v1/results.json,/records/72,m111,mixed,17,0,0.0001,110979,444374,,8580611699a3074fbd769d3e3481fda9f605e1af4ad60dc6f0996dafc4d87eb1,5.854976108558997
docs/archive/2026-09-14/evidence/run_metadata/chromaseed_widen_v1/results.json,/records/73,m111,mixed,17,0,0.001,110979,444374,,8580611699a3074fbd769d3e3481fda9f605e1af4ad60dc6f0996dafc4d87eb1,5.854976108558997
docs/archive/2026-09-14/evidence/run_metadata/chromaseed_widen_v1/results.json,/records/74,m111,mixed,29,0,0.0001,110979,444374,,e20794ccac775d90da5c430de826fca22957dcd6c399619ab0bd89e92906ca66,5.806650019434955
docs/archive/2026-09-14/evidence/run_metadata/chromaseed_widen_v1/results.json,/records/75,m111,mixed,29,0,0.001,110979,444374,,e20794ccac775d90da5c430de826fca22957dcd6c399619ab0bd89e92906ca66,5.806650019434955
docs/archive/2026-09-14/evidence/run_metadata/chromaseed_widen_v1/results.json,/records/76,m111,mixed,43,0,0.0001,110979,444374,,9e8a7f27e542bceb639a22be50353aeb15d3e2c31d44846f2b27c956cf8067cf,5.649993668184457
docs/archive/2026-09-14/evidence/run_metadata/chromaseed_widen_v1/results.json,/records/77,m111,mixed,43,0,0.001,110979,444374,,9e8a7f27e542bceb639a22be50353aeb15d3e2c31d44846f2b27c956cf8067cf,5.649993668184457
docs/archive/2026-09-14/evidence/run_metadata/chromaseed_widen_v1/results.json,/records/78,m111,mixed,17,512,0.0001,110979,444374,,203cca8715dde28ea058bc2f4ad17a69f074ae6288399b92f20f9935e54032cf,5.548127940394046
docs/archive/2026-09-14/evidence/run_metadata/chromaseed_widen_v1/results.json,/records/79,m111,mixed,17,512,0.001,110979,444374,,f01aec4de887c9e15ce699d7f0c17b6aabd4b741387312c1477f458b516f50fc,5.5244465815380766
docs/archive/2026-09-14/evidence/run_metadata/chromaseed_widen_v1/results.json,/records/80,m111,mixed,29,512,0.0001,110979,444374,,57df7d2a6c40c1f7f5c4e0910c8076efbe9d59b4434559d153dc27320c4e4ebf,5.405953719111893
docs/archive/2026-09-14/evidence/run_metadata/chromaseed_widen_v1/results.json,/records/81,m111,mixed,29,512,0.001,110979,444374,,8808f47364981e586cdd57264ada10e2022e3a9b398ae817c8da3a91e41a843b,5.509803178975538
docs/archive/2026-09-14/evidence/run_metadata/chromaseed_widen_v1/results.json,/records/82,m111,mixed,43,512,0.0001,110979,444374,,4c12799072fe8e123882db5dfc75fd32e332a0a36ed9dc580038830ce8267728,5.467519135176281
docs/archive/2026-09-14/evidence/run_metadata/chromaseed_widen_v1/results.json,/records/83,m111,mixed,43,512,0.001,110979,444374,,889195f52fbd323163e8f2df340c87b842b4456dc4f1029a903df015af36f697,5.698983442674918
docs/archive/2026-09-14/evidence/run_metadata/chromaseed_widen_v1/results.json,/records/84,m111,mixed,17,2048,0.0001,110979,444374,,d3f98b14c081895624f45a35e9139fdb9ecd46ac3243074333bff82fba1a71f2,5.37453043347286
docs/archive/2026-09-14/evidence/run_metadata/chromaseed_widen_v1/results.json,/records/85,m111,mixed,17,2048,0.001,110979,444374,,d596cc8e0c04daf70029294bbd862b7400657d458c414c57afec3b64f294b0fe,5.231242518744204
docs/archive/2026-09-14/evidence/run_metadata/chromaseed_widen_v1/results.json,/records/86,m111,mixed,29,2048,0.0001,110979,444374,,143c65527c582a3d3da00a9b6498f6083f203363163240d60fb9d37ea59054a9,5.180958603544239
docs/archive/2026-09-14/evidence/run_metadata/chromaseed_widen_v1/results.json,/records/87,m111,mixed,29,2048,0.001,110979,444374,,95469bc4aa27c47eb0c7a5c917c18ce7902f80a21b3d4353dd2a7ba9fa0fb32a,5.425293178895579
docs/archive/2026-09-14/evidence/run_metadata/chromaseed_widen_v1/results.json,/records/88,m111,mixed,43,2048,0.0001,110979,444374,,68cd65dac796a421a18a57b911027a323e389611f17a1e3b7554467cdd6b71b5,5.263793252090845
docs/archive/2026-09-14/evidence/run_metadata/chromaseed_widen_v1/results.json,/records/89,m111,mixed,43,2048,0.001,110979,444374,,736bed0ba743a25ad98a4a2d63196bec677e4aa5201752a0340fdbbb5f17c420,5.474872268831805
docs/archive/2026-09-14/evidence/run_metadata/chromaseed_widen_v1/results.json,/records/90,m111,mixed,17,8192,0.0001,110979,444374,,96494d474ace2b6f4eefb078d8c1b2529987a9b630752bd079194aa0783fbafd,5.328341350169093
docs/archive/2026-09-14/evidence/run_metadata/chromaseed_widen_v1/results.json,/records/91,m111,mixed,17,8192,0.001,110979,444374,,f1ca7638fdb370e905129a71441d452798c62157b8b006191a6f62e03863eee9,5.525828195862051
docs/archive/2026-09-14/evidence/run_metadata/chromaseed_widen_v1/results.json,/records/92,m111,mixed,29,8192,0.0001,110979,444374,,6920b6329a2e7cb539c53e3d9673ce89797f8aaeff90de82a0390402c8c2c2d3,5.1689635553567586
docs/archive/2026-09-14/evidence/run_metadata/chromaseed_widen_v1/results.json,/records/93,m111,mixed,29,8192,0.001,110979,444374,,2ebdb8cfcc92587b47db6d983110af678fea3c37c4d61232b03d2217880b3283,5.628568793990046
docs/archive/2026-09-14/evidence/run_metadata/chromaseed_widen_v1/results.json,/records/94,m111,mixed,43,8192,0.0001,110979,444374,,f3228608a334616679c4bc6d0fca5e6399092a85628927899e35ea75cddce6a8,5.254986298357818
docs/archive/2026-09-14/evidence/run_metadata/chromaseed_widen_v1/results.json,/records/95,m111,mixed,43,8192,0.001,110979,444374,,1cdcee5d58545a70eb591eb4ee5201e9ae7fbcec86c5d023046b744f7157dad6,5.652736496356863
docs/archive/2026-09-14/evidence/run_metadata/chromaseed_widen_v1/results.json,/records/96,m832,mixed,17,0,0.0001,832259,3329494,,8ae1aa7b3a1c7f88fa7b9193bdef352fa232efae3f8b22e9227011d166ff0a91,5.854976108558997
docs/archive/2026-09-14/evidence/run_metadata/chromaseed_widen_v1/results.json,/records/97,m832,mixed,17,0,0.001,832259,3329494,,8ae1aa7b3a1c7f88fa7b9193bdef352fa232efae3f8b22e9227011d166ff0a91,5.854976108558997
docs/archive/2026-09-14/evidence/run_metadata/chromaseed_widen_v1/results.json,/records/98,m832,mixed,29,0,0.0001,832259,3329494,,72194db1ea8835fe06d01091526b2b23792d87832a552ffe54638bf293aa683a,5.806650019434955
docs/archive/2026-09-14/evidence/run_metadata/chromaseed_widen_v1/results.json,/records/99,m832,mixed,29,0,0.001,832259,3329494,,72194db1ea8835fe06d01091526b2b23792d87832a552ffe54638bf293aa683a,5.806650019434955
docs/archive/2026-09-14/evidence/run_metadata/chromaseed_widen_v1/results.json,/records/100,m832,mixed,43,0,0.0001,832259,3329494,,7c62cd77c6aa958a571c7564ad567c4d02c5c44ff90634908244295d1a854e6c,5.649993668184457
docs/archive/2026-09-14/evidence/run_metadata/chromaseed_widen_v1/results.json,/records/101,m832,mixed,43,0,0.001,832259,3329494,,7c62cd77c6aa958a571c7564ad567c4d02c5c44ff90634908244295d1a854e6c,5.649993668184457
docs/archive/2026-09-14/evidence/run_metadata/chromaseed_widen_v1/results.json,/records/102,m832,mixed,17,512,0.0001,832259,3329494,,38574c2cc643315f1b2b83760cbc60fc672c28317514dd87fad1fcab386cdd17,5.507809886014539
docs/archive/2026-09-14/evidence/run_metadata/chromaseed_widen_v1/results.json,/records/103,m832,mixed,17,512,0.001,832259,3329494,,6d44f1c7063dd4c73ce601708d863d68a9d510fced835480d179e1431ed81d25,5.1448109387397905
docs/archive/2026-09-14/evidence/run_metadata/chromaseed_widen_v1/results.json,/records/104,m832,mixed,29,512,0.0001,832259,3329494,,1358068db989b9801fee6a464b47a283cee9a0c708dba5340257d47d87d4d27b,5.285173924938721
docs/archive/2026-09-14/evidence/run_metadata/chromaseed_widen_v1/results.json,/records/105,m832,mixed,29,512,0.001,832259,3329494,,297482bc8642966059055e03a1e6a6cb86289d729d7db61d959a655f64ebecf1,5.316979329161257
docs/archive/2026-09-14/evidence/run_metadata/chromaseed_widen_v1/results.json,/records/106,m832,mixed,43,512,0.0001,832259,3329494,,a470f64601e798738569e6a348157e6048aad60bb0c20066568237fee1c1bbb5,5.174063221592103
docs/archive/2026-09-14/evidence/run_metadata/chromaseed_widen_v1/results.json,/records/107,m832,mixed,43,512,0.001,832259,3329494,,57084d3281032b35e874b4b058f1e35e2dc5aea8bcbdc6ca05dc5271a590b680,5.332532825521213
docs/archive/2026-09-14/evidence/run_metadata/chromaseed_widen_v1/results.json,/records/108,m832,mixed,17,2048,0.0001,832259,3329494,,77f4e90878609362c0e5b300d80bb0430cf461854ee913f45e6e96c1e54ca896,5.388623312595581
docs/archive/2026-09-14/evidence/run_metadata/chromaseed_widen_v1/results.json,/records/109,m832,mixed,17,2048,0.001,832259,3329494,,22ace4022430e7cbe589d5f0a81f3098e78e97a128e3b6a004040ccd5399bcca,5.1876436275659445
docs/archive/2026-09-14/evidence/run_metadata/chromaseed_widen_v1/results.json,/records/110,m832,mixed,29,2048,0.0001,832259,3329494,,b6c32ad31b01044b6bb960fb01cc0900a9976d9860324fa4b560c22d941a14e5,5.029647635400374
docs/archive/2026-09-14/evidence/run_metadata/chromaseed_widen_v1/results.json,/records/111,m832,mixed,29,2048,0.001,832259,3329494,,c9e7abf53d8ca6286166a7d296a94699a3447456ef0ce494cb2b05fa5e1db2bb,5.235544968850971
docs/archive/2026-09-14/evidence/run_metadata/chromaseed_widen_v1/results.json,/records/112,m832,mixed,43,2048,0.0001,832259,3329494,,7ae19668c6823ecbda22f62ede3ba03e517614b6b7c4f8ec8bae7e2ccef005f2,5.247636046587016
docs/archive/2026-09-14/evidence/run_metadata/chromaseed_widen_v1/results.json,/records/113,m832,mixed,43,2048,0.001,832259,3329494,,06d3bb0309b64f8fe56ffc32e6b0ed7b12ea95a8ae533cdbbc4da6214de16985,5.344633237490117
docs/archive/2026-09-14/evidence/run_metadata/chromaseed_widen_v1/results.json,/records/114,m832,mixed,17,8192,0.0001,832259,3329494,,3b74ddd09147592666b0c462081fe4a8f9acb5c7c52ce21fb6cb180f00997c9d,5.298012039737507
docs/archive/2026-09-14/evidence/run_metadata/chromaseed_widen_v1/results.json,/records/115,m832,mixed,17,8192,0.001,832259,3329494,,84b3ea34da9f829a553acbd3954cb8bc181b531f15dd62e1d67229c74dd079bf,5.3400995664172415
docs/archive/2026-09-14/evidence/run_metadata/chromaseed_widen_v1/results.json,/records/116,m832,mixed,29,8192,0.0001,832259,3329494,,9950f386facab4a864bc1a9fa4ab96bb785296a762f110a4a46ae580859f4026,5.261821568009643
docs/archive/2026-09-14/evidence/run_metadata/chromaseed_widen_v1/results.json,/records/117,m832,mixed,29,8192,0.001,832259,3329494,,c57b73196b40c891d50c08a489d238edff58c8b1e7473d56665f4279bf01ad55,5.259033936288604
docs/archive/2026-09-14/evidence/run_metadata/chromaseed_widen_v1/results.json,/records/118,m832,mixed,43,8192,0.0001,832259,3329494,,02af19ac732ac1e43aedd5b986d340208236ed3e5441a2883c7e5a96910080c3,5.365640901834119
docs/archive/2026-09-14/evidence/run_metadata/chromaseed_widen_v1/results.json,/records/119,m832,mixed,43,8192,0.001,832259,3329494,,1b01ed48c76ce29c1be2666d4785a4faa197f338096c8bbe8aee09da5cb48d7f,5.422312919273118
docs/archive/2026-09-14/evidence/run_metadata/chromaseed_widen_v1/results.json,/records/120,np,mixed,17,0,,643,2886,,c7d617bd5acbf126c9037fff33a5ce6411da4e653e6574a2ba2b1b43d01b55aa,5.854976108558997
docs/archive/2026-09-14/evidence/run_metadata/chromaseed_widen_v1/results.json,/records/121,np,mixed,29,0,,643,2886,,65e6148fdee2b5da1c92c5622754feb39aa868cc340ca736ccd465d14805e877,5.806650019434955
docs/archive/2026-09-14/evidence/run_metadata/chromaseed_widen_v1/results.json,/records/122,np,mixed,43,0,,643,2886,,e551299ba8f345b1abfa0c1ddcc5b5e983ba79ed9d101c311d228a31199f7fc1,5.649993668184457
docs/archive/2026-09-14/evidence/run_metadata/chromaseed_widen_v1/results.json,/records/123,tiny,slr_to_ipod,17,0,0.0001,1179,5174,,19e18178e592f03d5a3ac11d09fd4b0514b0f33907cf58df158c1ce57d41a772,7.917104358302984
docs/archive/2026-09-14/evidence/run_metadata/chromaseed_widen_v1/results.json,/records/124,tiny,slr_to_ipod,17,0,0.001,1179,5174,,19e18178e592f03d5a3ac11d09fd4b0514b0f33907cf58df158c1ce57d41a772,7.917104358302984
docs/archive/2026-09-14/evidence/run_metadata/chromaseed_widen_v1/results.json,/records/125,tiny,slr_to_ipod,29,0,0.0001,1179,5174,,ffd8f2c8d2fd47ad711d01a91b62f15b660436de49c3d73c95ed6fd7a53357a9,8.683932159092297
docs/archive/2026-09-14/evidence/run_metadata/chromaseed_widen_v1/results.json,/records/126,tiny,slr_to_ipod,29,0,0.001,1179,5174,,ffd8f2c8d2fd47ad711d01a91b62f15b660436de49c3d73c95ed6fd7a53357a9,8.683932159092297
docs/archive/2026-09-14/evidence/run_metadata/chromaseed_widen_v1/results.json,/records/127,tiny,slr_to_ipod,43,0,0.0001,1179,5174,,3dd2235737328c232c231ac55a4140ba010e18954a0b9509c2e74a4676169999,8.282000601437858
docs/archive/2026-09-14/evidence/run_metadata/chromaseed_widen_v1/results.json,/records/128,tiny,slr_to_ipod,43,0,0.001,1179,5174,,3dd2235737328c232c231ac55a4140ba010e18954a0b9509c2e74a4676169999,8.282000601437858
docs/archive/2026-09-14/evidence/run_metadata/chromaseed_widen_v1/results.json,/records/129,tiny,slr_to_ipod,17,512,0.0001,1179,5174,,83b0eda666f82846a400c4b72831065afae03ec8685230aa58259bb8bc6b0c97,8.113243577482164
docs/archive/2026-09-14/evidence/run_metadata/chromaseed_widen_v1/results.json,/records/130,tiny,slr_to_ipod,17,512,0.001,1179,5174,,05cf48e25758d95d2105f383f563c8dc4f52ddbaa17578f0fa37cb9f63c36aec,8.092499421144652
docs/archive/2026-09-14/evidence/run_metadata/chromaseed_widen_v1/results.json,/records/131,tiny,slr_to_ipod,29,512,0.0001,1179,5174,,3107b1a6c8e068dfd48bd1c0fb97c6131de36afde2ef3ed562e2c14d8da8284d,8.592549734647795
docs/archive/2026-09-14/evidence/run_metadata/chromaseed_widen_v1/results.json,/records/132,tiny,slr_to_ipod,29,512,0.001,1179,5174,,0bc825d2d3f3874a4677b59d5442549bc7b6df62023891ac353d5a2aed296ee0,8.640835171425838
docs/archive/2026-09-14/evidence/run_metadata/chromaseed_widen_v1/results.json,/records/133,tiny,slr_to_ipod,43,512,0.0001,1179,5174,,7abdc0b612d7a188b45ca2f4a979eba3f67dc4be18afdd7422188585a0e1a9a7,8.295052773229195
docs/archive/2026-09-14/evidence/run_metadata/chromaseed_widen_v1/results.json,/records/134,tiny,slr_to_ipod,43,512,0.001,1179,5174,,cb52ac9a63c59b737f65efaa3631d66f3007e57e5556e2ae889276d6ff905708,7.941386497772573
docs/archive/2026-09-14/evidence/run_metadata/chromaseed_widen_v1/results.json,/records/135,tiny,slr_to_ipod,17,2048,0.0001,1179,5174,,eaab09719e5c2b2daf2055eb50abf3e6586e44a32a18cd0086115e0e6c54217f,8.282562413070547
docs/archive/2026-09-14/evidence/run_metadata/chromaseed_widen_v1/results.json,/records/136,tiny,slr_to_ipod,17,2048,0.001,1179,5174,,f41c42e5833ea72823b645ecb5d8a35c8ec2797e0be548c8a2ad3a252028a611,7.496847648521965
docs/archive/2026-09-14/evidence/run_metadata/chromaseed_widen_v1/results.json,/records/137,tiny,slr_to_ipod,29,2048,0.0001,1179,5174,,bbc75b3028b33edb105f086b5c424fc4a0c32b65667b4fe6c266057aeea1b02a,8.591257936778685
docs/archive/2026-09-14/evidence/run_metadata/chromaseed_widen_v1/results.json,/records/138,tiny,slr_to_ipod,29,2048,0.001,1179,5174,,667d91b9849004a728b712643b08d2d3253c6c32e68f95405bdbd931a523f585,8.524875415196615
docs/archive/2026-09-14/evidence/run_metadata/chromaseed_widen_v1/results.json,/records/139,tiny,slr_to_ipod,43,2048,0.0001,1179,5174,,2b9a5e1289b4f5385760bf47a3b27d91e22c6ce9d2c0fec1256af68127b96d8c,8.432725968652703
docs/archive/2026-09-14/evidence/run_metadata/chromaseed_widen_v1/results.json,/records/140,tiny,slr_to_ipod,43,2048,0.001,1179,5174,,8a76159db513b36c501b92663f755f547c4f3b267ad6565f0cf48ae9b990528f,7.859184559159496
docs/archive/2026-09-14/evidence/run_metadata/chromaseed_widen_v1/results.json,/records/141,tiny,slr_to_ipod,17,8192,0.0001,1179,5174,,92f5d71c56d4c27286f18443e48fdfc9d9688d7d9c5b68491d5696f871fe4a9a,8.317052586478033
docs/archive/2026-09-14/evidence/run_metadata/chromaseed_widen_v1/results.json,/records/142,tiny,slr_to_ipod,17,8192,0.001,1179,5174,,2519769c66321fec1711c7b5c923268a2cb5f182fa545cd0f117adf508302022,7.1705511066551635
docs/archive/2026-09-14/evidence/run_metadata/chromaseed_widen_v1/results.json,/records/143,tiny,slr_to_ipod,29,8192,0.0001,1179,5174,,76ee6d0c9a9bf6308203c3dc2ba372ee96c3702b61a30c487adb53a484320b18,8.65879347616547
docs/archive/2026-09-14/evidence/run_metadata/chromaseed_widen_v1/results.json,/records/144,tiny,slr_to_ipod,29,8192,0.001,1179,5174,,80cf925b9f6558897eb68b1843f7c1dbb1ed2b64b7f0ad2694e9d221e032ca90,8.012926338446727
docs/archive/2026-09-14/evidence/run_metadata/chromaseed_widen_v1/results.json,/records/145,tiny,slr_to_ipod,43,8192,0.0001,1179,5174,,4b99aae85c9da3ed8abdf2c64c5e521a5c3cb667fe5c85403474c5527a3a6e10,8.156433274423165
docs/archive/2026-09-14/evidence/run_metadata/chromaseed_widen_v1/results.json,/records/146,tiny,slr_to_ipod,43,8192,0.001,1179,5174,,0e3ca928a61dbddfd6aca8005aac351236252af68fe4178cce6166388ab9fde9,7.764065842402838
docs/archive/2026-09-14/evidence/run_metadata/chromaseed_widen_v1/results.json,/records/147,m31,slr_to_ipod,17,0,0.0001,30915,124118,,fb40be09d79c607f6290b8b5b786932e2e342d038e4eadb9515e780175ce2c9d,7.917104358302984
docs/archive/2026-09-14/evidence/run_metadata/chromaseed_widen_v1/results.json,/records/148,m31,slr_to_ipod,17,0,0.001,30915,124118,,fb40be09d79c607f6290b8b5b786932e2e342d038e4eadb9515e780175ce2c9d,7.917104358302984
docs/archive/2026-09-14/evidence/run_metadata/chromaseed_widen_v1/results.json,/records/149,m31,slr_to_ipod,29,0,0.0001,30915,124118,,d2cde02161a32e8490dc082e89412fd3267654e075a4d632645242f57fa24b7b,8.683932159092297
docs/archive/2026-09-14/evidence/run_metadata/chromaseed_widen_v1/results.json,/records/150,m31,slr_to_ipod,29,0,0.001,30915,124118,,d2cde02161a32e8490dc082e89412fd3267654e075a4d632645242f57fa24b7b,8.683932159092297
docs/archive/2026-09-14/evidence/run_metadata/chromaseed_widen_v1/results.json,/records/151,m31,slr_to_ipod,43,0,0.0001,30915,124118,,4e650f21e7e9c49978d608b7ffb747ee234cc5922b8f620270e0daad1298355f,8.282000601437858
docs/archive/2026-09-14/evidence/run_metadata/chromaseed_widen_v1/results.json,/records/152,m31,slr_to_ipod,43,0,0.001,30915,124118,,4e650f21e7e9c49978d608b7ffb747ee234cc5922b8f620270e0daad1298355f,8.282000601437858
docs/archive/2026-09-14/evidence/run_metadata/chromaseed_widen_v1/results.json,/records/153,m31,slr_to_ipod,17,512,0.0001,30915,124118,,321d36148103b47de6dd6d489a1a2a03592311e44749e62ba3cf504dad253dbc,8.000735395406217
docs/archive/2026-09-14/evidence/run_metadata/chromaseed_widen_v1/results.json,/records/154,m31,slr_to_ipod,17,512,0.001,30915,124118,,58d37978a0bdd19f2d14da7e9f2b8d5968ec2aba7fa05964e178ad840fa44c20,9.421996355833997
docs/archive/2026-09-14/evidence/run_metadata/chromaseed_widen_v1/results.json,/records/155,m31,slr_to_ipod,29,512,0.0001,30915,124118,,b62c150f77a71dc49b871c28f8b053ecf14b16abea02e664f6e8074b9d6727cc,8.840765310418831
docs/archive/2026-09-14/evidence/run_metadata/chromaseed_widen_v1/results.json,/records/156,m31,slr_to_ipod,29,512,0.001,30915,124118,,c765c332767e86fb0c62073818b96c3aa1ae3d8553260f3835d56959add419b0,9.4639066235057
docs/archive/2026-09-14/evidence/run_metadata/chromaseed_widen_v1/results.json,/records/157,m31,slr_to_ipod,43,512,0.0001,30915,124118,,ac6e526f1a7b7bb87a5bdfd0e19b0815d703c51382eb71f4c34fbe16ede2fe12,8.355337664846104
docs/archive/2026-09-14/evidence/run_metadata/chromaseed_widen_v1/results.json,/records/158,m31,slr_to_ipod,43,512,0.001,30915,124118,,a89ee7a759eefb85fec567b6c2a0b3ec7957c865e4ff577b41fbd4fea975169b,9.613839204875909
docs/archive/2026-09-14/evidence/run_metadata/chromaseed_widen_v1/results.json,/records/159,m31,slr_to_ipod,17,2048,0.0001,30915,124118,,4804ce2f6a542d5c8576c2d6a3d69aba2eb620f886e763ad44d18a22d271edcd,8.289311736085184
docs/archive/2026-09-14/evidence/run_metadata/chromaseed_widen_v1/results.json,/records/160,m31,slr_to_ipod,17,2048,0.001,30915,124118,,c4afc81571d80b91a7e03537fe380fcddd6a9f7e76bb6df15a1b88d155f85987,11.768584030371972
docs/archive/2026-09-14/evidence/run_metadata/chromaseed_widen_v1/results.json,/records/161,m31,slr_to_ipod,29,2048,0.0001,30915,124118,,ff328122c0e0b8ad68be6b48b20883a52dc28f9fb29f67b10a372797fed8c483,9.317251042955053
docs/archive/2026-09-14/evidence/run_metadata/chromaseed_widen_v1/results.json,/records/162,m31,slr_to_ipod,29,2048,0.001,30915,124118,,b2fd6d7e40ce0daabe97f0f6efce947f837241fcf4bbc3f1f19d7cb7e78197f6,11.46294091694159
docs/archive/2026-09-14/evidence/run_metadata/chromaseed_widen_v1/results.json,/records/163,m31,slr_to_ipod,43,2048,0.0001,30915,124118,,fa7e442f2723f94be887a9d4e1143cd96d2f3150fc5134cac1afa811213a0e58,8.820305927382648
docs/archive/2026-09-14/evidence/run_metadata/chromaseed_widen_v1/results.json,/records/164,m31,slr_to_ipod,43,2048,0.001,30915,124118,,ce839b5c8e7c4ca783a144a267274901a948a2c5221469314d7269ee2a655098,9.83149031520053
docs/archive/2026-09-14/evidence/run_metadata/chromaseed_widen_v1/results.json,/records/165,m31,slr_to_ipod,17,8192,0.0001,30915,124118,,411e24bfd150d6acf5e0fad093e139b8a365be80d036a3752c9e8c45002a424c,8.869035027897034
docs/archive/2026-09-14/evidence/run_metadata/chromaseed_widen_v1/results.json,/records/166,m31,slr_to_ipod,17,8192,0.001,30915,124118,,174745ec27086e75ac622f64db5b7b2ba783d2776516184a3cf44282bc245d94,12.81302666744865
docs/archive/2026-09-14/evidence/run_metadata/chromaseed_widen_v1/results.json,/records/167,m31,slr_to_ipod,29,8192,0.0001,30915,124118,,9cedb43fb516328b52fd4e0f6234a6c6188be104a46b905452fe3374b41bf5c5,9.709622219116753
docs/archive/2026-09-14/evidence/run_metadata/chromaseed_widen_v1/results.json,/records/168,m31,slr_to_ipod,29,8192,0.001,30915,124118,,eca52a58f9d42976fd69f5b61d11de6237c65d1eb37b23287bdbc1288794f465,12.08054468665945
docs/archive/2026-09-14/evidence/run_metadata/chromaseed_widen_v1/results.json,/records/169,m31,slr_to_ipod,43,8192,0.0001,30915,124118,,8235e6a203fa21c6ef07b5044e548514ba059e15b2f1041d1f725bbc36425b6a,9.133861703180575
docs/archive/2026-09-14/evidence/run_metadata/chromaseed_widen_v1/results.json,/records/170,m31,slr_to_ipod,43,8192,0.001,30915,124118,,098f85f3515a8798f5f85ee2588cf10179e4d54d1c840a0de5e85ef4c7e262aa,11.234274740334632
docs/archive/2026-09-14/evidence/run_metadata/chromaseed_widen_v1/results.json,/records/171,m61,slr_to_ipod,17,0,0.0001,60611,242902,,72d1ead991875f7af0b71cb2fb7acd8dcdb99c943b2bc37ce346aa0bd533d096,7.917104358302984
docs/archive/2026-09-14/evidence/run_metadata/chromaseed_widen_v1/results.json,/records/172,m61,slr_to_ipod,17,0,0.001,60611,242902,,72d1ead991875f7af0b71cb2fb7acd8dcdb99c943b2bc37ce346aa0bd533d096,7.917104358302984
docs/archive/2026-09-14/evidence/run_metadata/chromaseed_widen_v1/results.json,/records/173,m61,slr_to_ipod,29,0,0.0001,60611,242902,,cf21c0f059564cf69cb39e84d51c64149e100661696a46fc11cd4e9d47caafa2,8.683932159092297
docs/archive/2026-09-14/evidence/run_metadata/chromaseed_widen_v1/results.json,/records/174,m61,slr_to_ipod,29,0,0.001,60611,242902,,cf21c0f059564cf69cb39e84d51c64149e100661696a46fc11cd4e9d47caafa2,8.683932159092297
docs/archive/2026-09-14/evidence/run_metadata/chromaseed_widen_v1/results.json,/records/175,m61,slr_to_ipod,43,0,0.0001,60611,242902,,eb30a09dd158a0eb77a71617492a003a8a299d3a539a7ebac3c43910616a7cda,8.282000601437858
docs/archive/2026-09-14/evidence/run_metadata/chromaseed_widen_v1/results.json,/records/176,m61,slr_to_ipod,43,0,0.001,60611,242902,,eb30a09dd158a0eb77a71617492a003a8a299d3a539a7ebac3c43910616a7cda,8.282000601437858
docs/archive/2026-09-14/evidence/run_metadata/chromaseed_widen_v1/results.json,/records/177,m61,slr_to_ipod,17,512,0.0001,60611,242902,,52f171214d098128f22c0af17f529d08c7c922a9a37c34a451c32fbecc691d81,7.98413719753704
docs/archive/2026-09-14/evidence/run_metadata/chromaseed_widen_v1/results.json,/records/178,m61,slr_to_ipod,17,512,0.001,60611,242902,,5218120f74ad5f8311007d1d22681fe1f469a83f0c7e27cf669013f1d1b1bbd6,9.029888752000613
docs/archive/2026-09-14/evidence/run_metadata/chromaseed_widen_v1/results.json,/records/179,m61,slr_to_ipod,29,512,0.0001,60611,242902,,6ffddaea789feb91bcaa65164c790226e53024e92d73edba89b0d3e0cd22a36e,8.874549250084925
docs/archive/2026-09-14/evidence/run_metadata/chromaseed_widen_v1/results.json,/records/180,m61,slr_to_ipod,29,512,0.001,60611,242902,,8baf0bc294cf635a0ee593b33e97ea42581178b5ff38b68821c622750a4e4463,9.666020692114042
docs/archive/2026-09-14/evidence/run_metadata/chromaseed_widen_v1/results.json,/records/181,m61,slr_to_ipod,43,512,0.0001,60611,242902,,4302e6e5a712bc0314f15e26f3745071d380e2b1713c28896f7149c767236086,8.366974792678722
docs/archive/2026-09-14/evidence/run_metadata/chromaseed_widen_v1/results.json,/records/182,m61,slr_to_ipod,43,512,0.001,60611,242902,,e0c5dfe371c89effad68bdbc93c6984066060e5caa2f54536ea949f6cb454645,9.3445667207167
docs/archive/2026-09-14/evidence/run_metadata/chromaseed_widen_v1/results.json,/records/183,m61,slr_to_ipod,17,2048,0.0001,60611,242902,,87ccf48232490660d1b99af1f4ce658742f65bdda50fefc1b3b7f9b4714577eb,8.45270644148516
docs/archive/2026-09-14/evidence/run_metadata/chromaseed_widen_v1/results.json,/records/184,m61,slr_to_ipod,17,2048,0.001,60611,242902,,eeaeb9f39a3eabd3866afadf525f399d5741e86f52f528b6d6f2d9986e9d02ae,10.985472141765083
docs/archive/2026-09-14/evidence/run_metadata/chromaseed_widen_v1/results.json,/records/185,m61,slr_to_ipod,29,2048,0.0001,60611,242902,,dcbc4b138dcfb7ad628a95cd4072e9953455f5096e7321f44c0675eb83d857c2,9.301253732855145
docs/archive/2026-09-14/evidence/run_metadata/chromaseed_widen_v1/results.json,/records/186,m61,slr_to_ipod,29,2048,0.001,60611,242902,,ed71569f93fab9c7c60a52867c4e9f83a1b45dada1d5c3e6425804e655ba5acb,10.654410126098867
docs/archive/2026-09-14/evidence/run_metadata/chromaseed_widen_v1/results.json,/records/187,m61,slr_to_ipod,43,2048,0.0001,60611,242902,,98c28f0a4fab5ac75b7f6e3877a4e0c82266ea2ee095c1370180cd811c55bbb2,8.741808142553952
docs/archive/2026-09-14/evidence/run_metadata/chromaseed_widen_v1/results.json,/records/188,m61,slr_to_ipod,43,2048,0.001,60611,242902,,16538b722031d19b3bcb78ea3431b05e065045e4a1aafd1008a03605cd356ff3,10.512986768923055
docs/archive/2026-09-14/evidence/run_metadata/chromaseed_widen_v1/results.json,/records/189,m61,slr_to_ipod,17,8192,0.0001,60611,242902,,a3b0886cf62229cdc3565d8b73203bd606962cbbe0e1568951f892f886c0ee37,9.092488466111345
docs/archive/2026-09-14/evidence/run_metadata/chromaseed_widen_v1/results.json,/records/190,m61,slr_to_ipod,17,8192,0.001,60611,242902,,e4fce1e3e75affecbd2503581cfc567f23c508b6249afcc64d85d409daac1107,11.849885582980255
docs/archive/2026-09-14/evidence/run_metadata/chromaseed_widen_v1/results.json,/records/191,m61,slr_to_ipod,29,8192,0.0001,60611,242902,,033faa82cfa6f21c354a8fcd7c7bb49888fa8cf0b07dc3e5160ee289413fa581,9.783915714625728
docs/archive/2026-09-14/evidence/run_metadata/chromaseed_widen_v1/results.json,/records/192,m61,slr_to_ipod,29,8192,0.001,60611,242902,,e6bbbb0d6186840668155c3503e095e0c8b4338b4b6d1eaa079cbf1298704a2a,11.144846324010848
docs/archive/2026-09-14/evidence/run_metadata/chromaseed_widen_v1/results.json,/records/193,m61,slr_to_ipod,43,8192,0.0001,60611,242902,,7caab17d94b1c8ca04503bca1ea184d96ed2fcc5b7cb5373150ec5738502a928,8.921978205738437
docs/archive/2026-09-14/evidence/run_metadata/chromaseed_widen_v1/results.json,/records/194,m61,slr_to_ipod,43,8192,0.001,60611,242902,,e16d346516c238602e08f4e12be06f11315c7386d19b859b90868cae1bfa1a4f,10.970784292286618
docs/archive/2026-09-14/evidence/run_metadata/chromaseed_widen_v1/results.json,/records/195,m111,slr_to_ipod,17,0,0.0001,110979,444374,,cf42d05ca0e9ff805fbeda4c54df9f373cd906142d4b07d8a56e37efd40ccd34,7.917104358302984
docs/archive/2026-09-14/evidence/run_metadata/chromaseed_widen_v1/results.json,/records/196,m111,slr_to_ipod,17,0,0.001,110979,444374,,cf42d05ca0e9ff805fbeda4c54df9f373cd906142d4b07d8a56e37efd40ccd34,7.917104358302984
docs/archive/2026-09-14/evidence/run_metadata/chromaseed_widen_v1/results.json,/records/197,m111,slr_to_ipod,29,0,0.0001,110979,444374,,cc120d0a2e4731bad6c7249f7f012426ddbc0b4b1fba9be9be437fbc04f255a0,8.683932159092297
docs/archive/2026-09-14/evidence/run_metadata/chromaseed_widen_v1/results.json,/records/198,m111,slr_to_ipod,29,0,0.001,110979,444374,,cc120d0a2e4731bad6c7249f7f012426ddbc0b4b1fba9be9be437fbc04f255a0,8.683932159092297
docs/archive/2026-09-14/evidence/run_metadata/chromaseed_widen_v1/results.json,/records/199,m111,slr_to_ipod,43,0,0.0001,110979,444374,,67e77eefba5de006591ab9f07af48c8b57a8ab804d1b0f52f57b07aecd6aff6e,8.282000601437858
docs/archive/2026-09-14/evidence/run_metadata/chromaseed_widen_v1/results.json,/records/200,m111,slr_to_ipod,43,0,0.001,110979,444374,,67e77eefba5de006591ab9f07af48c8b57a8ab804d1b0f52f57b07aecd6aff6e,8.282000601437858
docs/archive/2026-09-14/evidence/run_metadata/chromaseed_widen_v1/results.json,/records/201,m111,slr_to_ipod,17,512,0.0001,110979,444374,,1c65031bea8d6e5cabf68a2509cf93e65e9439055da811daa78f00be7bee3377,7.688278804023852
docs/archive/2026-09-14/evidence/run_metadata/chromaseed_widen_v1/results.json,/records/202,m111,slr_to_ipod,17,512,0.001,110979,444374,,f25b872b5e3f706fb11d3f1ee754e2d3ea6899cada4d1df8ed7523298382b7e8,8.869036190767279
docs/archive/2026-09-14/evidence/run_metadata/chromaseed_widen_v1/results.json,/records/203,m111,slr_to_ipod,29,512,0.0001,110979,444374,,6e892ed050eb6a62789fb5a9986148aa8e7a92554e894a58a36c6784304db924,8.753419758566228
docs/archive/2026-09-14/evidence/run_metadata/chromaseed_widen_v1/results.json,/records/204,m111,slr_to_ipod,29,512,0.001,110979,444374,,1f40ef726e36f693b96253008fc4aa2807193463d9c0941f2906dc6408fba56b,9.459468189498974
docs/archive/2026-09-14/evidence/run_metadata/chromaseed_widen_v1/results.json,/records/205,m111,slr_to_ipod,43,512,0.0001,110979,444374,,7d3788de044b873151a11ccd11eabab74c6dafaa3deea3a55a94f57b268fdf83,8.352264366866223
docs/archive/2026-09-14/evidence/run_metadata/chromaseed_widen_v1/results.json,/records/206,m111,slr_to_ipod,43,512,0.001,110979,444374,,a5108829a28397dfce73f0be7fa839cd1b18053bd412177948e9817b3232b8ad,9.396745876491691
docs/archive/2026-09-14/evidence/run_metadata/chromaseed_widen_v1/results.json,/records/207,m111,slr_to_ipod,17,2048,0.0001,110979,444374,,fe6bda84f9d33ec28a75a7270b94c226be097fe08c35a9e4c0211aca40d61ae4,8.51304660236052
docs/archive/2026-09-14/evidence/run_metadata/chromaseed_widen_v1/results.json,/records/208,m111,slr_to_ipod,17,2048,0.001,110979,444374,,7cf1a7308c0115bb5727581682ce4c6d3c453a23971e92392cb9c1a76d997e9f,10.250190131147706
docs/archive/2026-09-14/evidence/run_metadata/chromaseed_widen_v1/results.json,/records/209,m111,slr_to_ipod,29,2048,0.0001,110979,444374,,d87e29874441802c75222fce535e51aaa005422f3d053fe5f9992a396ca71927,9.49915204290074
docs/archive/2026-09-14/evidence/run_metadata/chromaseed_widen_v1/results.json,/records/210,m111,slr_to_ipod,29,2048,0.001,110979,444374,,ff0797f98f10e0e0ffd0ad6f7368d247ac4db6e8ec3429dd0a315dc39eea74bf,10.955073805471933
docs/archive/2026-09-14/evidence/run_metadata/chromaseed_widen_v1/results.json,/records/211,m111,slr_to_ipod,43,2048,0.0001,110979,444374,,19bcf99071484fa3f55930519e155f419493de2970a378e8efb063feb1dfa5e4,8.779405196427785
docs/archive/2026-09-14/evidence/run_metadata/chromaseed_widen_v1/results.json,/records/212,m111,slr_to_ipod,43,2048,0.001,110979,444374,,8ccefe6ac78af14c443776dda40dc44794cd83580cee6a80d3779d02ce9aca25,10.014648347344881
docs/archive/2026-09-14/evidence/run_metadata/chromaseed_widen_v1/results.json,/records/213,m111,slr_to_ipod,17,8192,0.0001,110979,444374,,3173586f0f3a2eb6dce701a3a50100f85561ae39932787fe1ceeae095e552de6,9.320656534749205
docs/archive/2026-09-14/evidence/run_metadata/chromaseed_widen_v1/results.json,/records/214,m111,slr_to_ipod,17,8192,0.001,110979,444374,,e766163254221e65a2f4e553fbd36e4fdcf26dcf49bc472b84e5c8dcb63a4539,10.45284130338371
docs/archive/2026-09-14/evidence/run_metadata/chromaseed_widen_v1/results.json,/records/215,m111,slr_to_ipod,29,8192,0.0001,110979,444374,,76aae7a22e9e9e49bd9046880619da1c07134fad471795f019567a740f07d009,10.047248225620912
docs/archive/2026-09-14/evidence/run_metadata/chromaseed_widen_v1/results.json,/records/216,m111,slr_to_ipod,29,8192,0.001,110979,444374,,a03a9366019e9de86453deb3c1c63cfb8504b3fc22b2234dd357fa5043bc9bc6,10.992253000229983
docs/archive/2026-09-14/evidence/run_metadata/chromaseed_widen_v1/results.json,/records/217,m111,slr_to_ipod,43,8192,0.0001,110979,444374,,439f4fbfe8a620bfe1c1b82be09c20e00d44ff8487186470a4c2b8194575e9b7,8.66118996019257
docs/archive/2026-09-14/evidence/run_metadata/chromaseed_widen_v1/results.json,/records/218,m111,slr_to_ipod,43,8192,0.001,110979,444374,,0ec046ffb859fce885746751aca4e4c962f14ab57d03146ff6f5bab12c1db049,10.611980892380089
docs/archive/2026-09-14/evidence/run_metadata/chromaseed_widen_v1/results.json,/records/219,m832,slr_to_ipod,17,0,0.0001,832259,3329494,,2a9b2a75d97e0fba60f2a6b98d571bddefc34ef4bbe7cd950e27071622beab52,7.917104358302984
docs/archive/2026-09-14/evidence/run_metadata/chromaseed_widen_v1/results.json,/records/220,m832,slr_to_ipod,17,0,0.001,832259,3329494,,2a9b2a75d97e0fba60f2a6b98d571bddefc34ef4bbe7cd950e27071622beab52,7.917104358302984
docs/archive/2026-09-14/evidence/run_metadata/chromaseed_widen_v1/results.json,/records/221,m832,slr_to_ipod,29,0,0.0001,832259,3329494,,6c6d0e7f660fd8a67682b7d4d43d003d9ad6131f72b2ab3dfd443bf8c4b775c1,8.683932159092297
docs/archive/2026-09-14/evidence/run_metadata/chromaseed_widen_v1/results.json,/records/222,m832,slr_to_ipod,29,0,0.001,832259,3329494,,6c6d0e7f660fd8a67682b7d4d43d003d9ad6131f72b2ab3dfd443bf8c4b775c1,8.683932159092297
docs/archive/2026-09-14/evidence/run_metadata/chromaseed_widen_v1/results.json,/records/223,m832,slr_to_ipod,43,0,0.0001,832259,3329494,,88a3e15b31c998c9b7412bcbb520964526bc0e58994bd4677724b3466248e5d7,8.282000601437858
docs/archive/2026-09-14/evidence/run_metadata/chromaseed_widen_v1/results.json,/records/224,m832,slr_to_ipod,43,0,0.001,832259,3329494,,88a3e15b31c998c9b7412bcbb520964526bc0e58994bd4677724b3466248e5d7,8.282000601437858
docs/archive/2026-09-14/evidence/run_metadata/chromaseed_widen_v1/results.json,/records/225,m832,slr_to_ipod,17,512,0.0001,832259,3329494,,92d0d6402dfcdae74d94e52b855d48eddc092c34873f2964d8d5964a30bb53e3,8.346093732885766
docs/archive/2026-09-14/evidence/run_metadata/chromaseed_widen_v1/results.json,/records/226,m832,slr_to_ipod,17,512,0.001,832259,3329494,,d090a2b274f7d1aa1512b1ad70b8b4a384110a8e80c63cffba4ccf3d1d84c76c,8.97315843969982
docs/archive/2026-09-14/evidence/run_metadata/chromaseed_widen_v1/results.json,/records/227,m832,slr_to_ipod,29,512,0.0001,832259,3329494,,4a4b2913147e93be83bf012f5dfb40370ff3bfb6514f3a9d4ba93eed1371b0a3,9.073056832746751
docs/archive/2026-09-14/evidence/run_metadata/chromaseed_widen_v1/results.json,/records/228,m832,slr_to_ipod,29,512,0.001,832259,3329494,,9bf5e5f703d69bfbba449032408134b69c477c6182f12ccf4108c37f30bb333c,9.348714648304862
docs/archive/2026-09-14/evidence/run_metadata/chromaseed_widen_v1/results.json,/records/229,m832,slr_to_ipod,43,512,0.0001,832259,3329494,,e1dbec7ee2d29721eea91503228b2ce58f759318cb528997ec0c87b8291dca0e,8.621203860732471
docs/archive/2026-09-14/evidence/run_metadata/chromaseed_widen_v1/results.json,/records/230,m832,slr_to_ipod,43,512,0.001,832259,3329494,,82b9d6c937a990baaec2cb1d04e3939adb28f791298c142bcf782c86b4c216f0,9.693939683779192
docs/archive/2026-09-14/evidence/run_metadata/chromaseed_widen_v1/results.json,/records/231,m832,slr_to_ipod,17,2048,0.0001,832259,3329494,,4d456316364fe60f481b40645bd06558342e30ee60238b168976fd54d0320567,9.802256519369298
docs/archive/2026-09-14/evidence/run_metadata/chromaseed_widen_v1/results.json,/records/232,m832,slr_to_ipod,17,2048,0.001,832259,3329494,,0e9f8d72fc4079d00d43b6583ba8a9eb49d9ac475b305c4924a5bcbba7d650fc,10.527313020086149
docs/archive/2026-09-14/evidence/run_metadata/chromaseed_widen_v1/results.json,/records/233,m832,slr_to_ipod,29,2048,0.0001,832259,3329494,,e2bc36058cfe1ec3706e892f97470d84dedf315d997080bae4791e80fc95e120,10.352476394799552
docs/archive/2026-09-14/evidence/run_metadata/chromaseed_widen_v1/results.json,/records/234,m832,slr_to_ipod,29,2048,0.001,832259,3329494,,40aab26e8aeb654255915c6ba9631d2bc8a0f43782f96a561d171a70cfc851bf,9.977642080489005
docs/archive/2026-09-14/evidence/run_metadata/chromaseed_widen_v1/results.json,/records/235,m832,slr_to_ipod,43,2048,0.0001,832259,3329494,,6c5e5f1e7a0bf1e9cec79d3307957aaca9c2388984e01a3dc173319646e484f3,9.727488798146169
docs/archive/2026-09-14/evidence/run_metadata/chromaseed_widen_v1/results.json,/records/236,m832,slr_to_ipod,43,2048,0.001,832259,3329494,,0d2a71056aba7c15188b33a94adc7f2b31d9811f2b69e9f6a8da55691e33b3b7,10.525807753746323
docs/archive/2026-09-14/evidence/run_metadata/chromaseed_widen_v1/results.json,/records/237,m832,slr_to_ipod,17,8192,0.0001,832259,3329494,,4df3517c90b937500c2651664c7b40278216002e96744d0f831c5d0796ea494e,11.277456830934574
docs/archive/2026-09-14/evidence/run_metadata/chromaseed_widen_v1/results.json,/records/238,m832,slr_to_ipod,17,8192,0.001,832259,3329494,,2f3eb808c7aaff72e14bdf7b1fe6287029d037c09c6a825c87dc7343bdb33389,10.476410461353757
docs/archive/2026-09-14/evidence/run_metadata/chromaseed_widen_v1/results.json,/records/239,m832,slr_to_ipod,29,8192,0.0001,832259,3329494,,7ab04254c84ddd7d11374f2219fc87403f6057f3460a010f394cc8ed8e485b80,11.42912944358217
docs/archive/2026-09-14/evidence/run_metadata/chromaseed_widen_v1/results.json,/records/240,m832,slr_to_ipod,29,8192,0.001,832259,3329494,,e47bba1e92e2d1ea7ed118256d70f1a72403d5da75188433f39dbb74f461db0c,9.954531467669119
docs/archive/2026-09-14/evidence/run_metadata/chromaseed_widen_v1/results.json,/records/241,m832,slr_to_ipod,43,8192,0.0001,832259,3329494,,ecdd9954e620c3b400a543f884d55d1afe584ac65b68d51b42727c4160c2bc66,10.691858757993497
docs/archive/2026-09-14/evidence/run_metadata/chromaseed_widen_v1/results.json,/records/242,m832,slr_to_ipod,43,8192,0.001,832259,3329494,,bb1e13f15f3ae701bdd7be975894e19333938091180f6b38b474140654412406,10.367388890453476
docs/archive/2026-09-14/evidence/run_metadata/chromaseed_widen_v1/results.json,/records/243,np,slr_to_ipod,17,0,,643,2886,,5efa01db5dac7ba94855bb6fd7422eff0c58dd6c8ff959f9d9a1410049844850,7.917104358302984
docs/archive/2026-09-14/evidence/run_metadata/chromaseed_widen_v1/results.json,/records/244,np,slr_to_ipod,29,0,,643,2886,,fac9311bc23ef1378af5b4a09f5c7d3b5652f6bb2b0071ec6f7c7cf5afc33c7f,8.683932159092297
docs/archive/2026-09-14/evidence/run_metadata/chromaseed_widen_v1/results.json,/records/245,np,slr_to_ipod,43,0,,643,2886,,8105956233bc764f984f42a7823336b280e5616f3c4efb95e2b44c5ab0249ec1,8.282000601437858
docs/archive/2026-09-14/evidence/run_metadata/chromaseed_widen_v1/results.json,/records/246,tiny,ipod_to_slr,17,0,0.0001,1179,5174,,a9f93594acaf97ed03c00a744191efe51e5333c547ab6fa11971c77b6f26455d,8.639697980137349
docs/archive/2026-09-14/evidence/run_metadata/chromaseed_widen_v1/results.json,/records/247,tiny,ipod_to_slr,17,0,0.001,1179,5174,,a9f93594acaf97ed03c00a744191efe51e5333c547ab6fa11971c77b6f26455d,8.639697980137349
docs/archive/2026-09-14/evidence/run_metadata/chromaseed_widen_v1/results.json,/records/248,tiny,ipod_to_slr,29,0,0.0001,1179,5174,,acb926a949ad22104c74961b61e21c34de56ca2d412fabbf5ac424a13e0c8d3d,8.608578745822632
docs/archive/2026-09-14/evidence/run_metadata/chromaseed_widen_v1/results.json,/records/249,tiny,ipod_to_slr,29,0,0.001,1179,5174,,acb926a949ad22104c74961b61e21c34de56ca2d412fabbf5ac424a13e0c8d3d,8.608578745822632
docs/archive/2026-09-14/evidence/run_metadata/chromaseed_widen_v1/results.json,/records/250,tiny,ipod_to_slr,43,0,0.0001,1179,5174,,1d6ce2ab18fffc72185f6400132565e3b7460a97c575e3b09ee8e17483ee89ec,8.520319711471531
docs/archive/2026-09-14/evidence/run_metadata/chromaseed_widen_v1/results.json,/records/251,tiny,ipod_to_slr,43,0,0.001,1179,5174,,1d6ce2ab18fffc72185f6400132565e3b7460a97c575e3b09ee8e17483ee89ec,8.520319711471531
docs/archive/2026-09-14/evidence/run_metadata/chromaseed_widen_v1/results.json,/records/252,tiny,ipod_to_slr,17,512,0.0001,1179,5174,,f78062e7007d2327e5a18a7d8d66f56edc1114b1c31905ddabdf955ec46fab49,8.67894106965951
docs/archive/2026-09-14/evidence/run_metadata/chromaseed_widen_v1/results.json,/records/253,tiny,ipod_to_slr,17,512,0.001,1179,5174,,f833b0a8a49c11ef1f9596b36998c1cefdd9d9ef0184986904130e715afcb0bc,7.4761521080994955
docs/archive/2026-09-14/evidence/run_metadata/chromaseed_widen_v1/results.json,/records/254,tiny,ipod_to_slr,29,512,0.0001,1179,5174,,70f5992babe8da05745682326980d0d9c41e70a96ce06841c94c4a771704cf6e,8.559333638943185
docs/archive/2026-09-14/evidence/run_metadata/chromaseed_widen_v1/results.json,/records/255,tiny,ipod_to_slr,29,512,0.001,1179,5174,,cdd0b8c32b46149a033f079457a0e0d97fab6effc90261b6161a5e024198bbdd,10.007618019753709
docs/archive/2026-09-14/evidence/run_metadata/chromaseed_widen_v1/results.json,/records/256,tiny,ipod_to_slr,43,512,0.0001,1179,5174,,3aabe7aac558a89c7d3f762d4ce48284f22ef2f41c4575c91c5822e6499fa465,9.128074371456709
docs/archive/2026-09-14/evidence/run_metadata/chromaseed_widen_v1/results.json,/records/257,tiny,ipod_to_slr,43,512,0.001,1179,5174,,b23fe50a64b38c549e1d57113e1adf02e5e00fff8edfbc946e1ba07a8e1da099,9.941336637295285
docs/archive/2026-09-14/evidence/run_metadata/chromaseed_widen_v1/results.json,/records/258,tiny,ipod_to_slr,17,2048,0.0001,1179,5174,,d8ee178cafa2cfe1e7e5c4512e6d7b76c1c7a1be05a91475a26d7eda051a2bed,8.583270688218906
docs/archive/2026-09-14/evidence/run_metadata/chromaseed_widen_v1/results.json,/records/259,tiny,ipod_to_slr,17,2048,0.001,1179,5174,,cd44778a25c0bf6b7ace47c08fc6ddfc6d2c70fcdcc73a7c7f736e6b791bd7a2,7.771846604534639
docs/archive/2026-09-14/evidence/run_metadata/chromaseed_widen_v1/results.json,/records/260,tiny,ipod_to_slr,29,2048,0.0001,1179,5174,,eace222ab1e75bee8770e8229f96b892017531a26cbcb697a5e0322ecdbe1c8a,9.035780837421882
docs/archive/2026-09-14/evidence/run_metadata/chromaseed_widen_v1/results.json,/records/261,tiny,ipod_to_slr,29,2048,0.001,1179,5174,,541df75fa9c86f35755a627bea0b82058290e05f96ab347d9ad253f5f336a8c0,10.714901006779854
docs/archive/2026-09-14/evidence/run_metadata/chromaseed_widen_v1/results.json,/records/262,tiny,ipod_to_slr,43,2048,0.0001,1179,5174,,532cda3ba64b7cc7bcb5078ab1d1fa42226f47f8faf2c4cc6ae27102ca825f86,8.797730946405379
docs/archive/2026-09-14/evidence/run_metadata/chromaseed_widen_v1/results.json,/records/263,tiny,ipod_to_slr,43,2048,0.001,1179,5174,,68ba3874f90fa26c9b360d85d9a5fe870515982b6b8a3dd8abb3ffb3ab8aca47,8.431215822064795
docs/archive/2026-09-14/evidence/run_metadata/chromaseed_widen_v1/results.json,/records/264,tiny,ipod_to_slr,17,8192,0.0001,1179,5174,,27d96fa2a5e0007f62b4716bf39261360df91ee205eb67cabb625788cf095e66,7.50549890621872
docs/archive/2026-09-14/evidence/run_metadata/chromaseed_widen_v1/results.json,/records/265,tiny,ipod_to_slr,17,8192,0.001,1179,5174,,1d465de25eff3ee38b3aa24655cd09e7f1f6d3604ccd40b30bf218c9cfdee133,8.585475061897323
docs/archive/2026-09-14/evidence/run_metadata/chromaseed_widen_v1/results.json,/records/266,tiny,ipod_to_slr,29,8192,0.0001,1179,5174,,2e48a036d061bc255c9ffc9f261f3318b06aa225b4e4f74608d5f51666dcf334,9.810877192189295
docs/archive/2026-09-14/evidence/run_metadata/chromaseed_widen_v1/results.json,/records/267,tiny,ipod_to_slr,29,8192,0.001,1179,5174,,abeb71a0683733501ef977defdbe71943f15e42e023fa5ecea3bebd30cce3953,10.31302114824059
docs/archive/2026-09-14/evidence/run_metadata/chromaseed_widen_v1/results.json,/records/268,tiny,ipod_to_slr,43,8192,0.0001,1179,5174,,395a401ae610a4b2d3eed81528cbbfa8fb6e1369a4936638344d24d2088a4b21,8.630231475118268
docs/archive/2026-09-14/evidence/run_metadata/chromaseed_widen_v1/results.json,/records/269,tiny,ipod_to_slr,43,8192,0.001,1179,5174,,575372e33c80b58a3afc78d39b69c968032c69e080768ddbc97eb102c4634ecd,9.365232390451904
docs/archive/2026-09-14/evidence/run_metadata/chromaseed_widen_v1/results.json,/records/270,m31,ipod_to_slr,17,0,0.0001,30915,124118,,4ded49c53e88c16513f257afdc7d73f4771beb3b4834876ad2a070b558119823,8.639697980137349
docs/archive/2026-09-14/evidence/run_metadata/chromaseed_widen_v1/results.json,/records/271,m31,ipod_to_slr,17,0,0.001,30915,124118,,4ded49c53e88c16513f257afdc7d73f4771beb3b4834876ad2a070b558119823,8.639697980137349
docs/archive/2026-09-14/evidence/run_metadata/chromaseed_widen_v1/results.json,/records/272,m31,ipod_to_slr,29,0,0.0001,30915,124118,,f77f253a0c67c88ef9ce097b5333561fcd6f90684c304c5d4950c97658de796d,8.608578745822632
docs/archive/2026-09-14/evidence/run_metadata/chromaseed_widen_v1/results.json,/records/273,m31,ipod_to_slr,29,0,0.001,30915,124118,,f77f253a0c67c88ef9ce097b5333561fcd6f90684c304c5d4950c97658de796d,8.608578745822632
docs/archive/2026-09-14/evidence/run_metadata/chromaseed_widen_v1/results.json,/records/274,m31,ipod_to_slr,43,0,0.0001,30915,124118,,737d6f96786ebb24f3bda0dd52af4d29fc1d97fbc1d30afbfca9b6afd54e70e9,8.520319711471531
docs/archive/2026-09-14/evidence/run_metadata/chromaseed_widen_v1/results.json,/records/275,m31,ipod_to_slr,43,0,0.001,30915,124118,,737d6f96786ebb24f3bda0dd52af4d29fc1d97fbc1d30afbfca9b6afd54e70e9,8.520319711471531
docs/archive/2026-09-14/evidence/run_metadata/chromaseed_widen_v1/results.json,/records/276,m31,ipod_to_slr,17,512,0.0001,30915,124118,,47318795d8ba6769cb3dcbe28167f87924c388e2ff09e571ea543f7125ff5121,8.135294031022994
docs/archive/2026-09-14/evidence/run_metadata/chromaseed_widen_v1/results.json,/records/277,m31,ipod_to_slr,17,512,0.001,30915,124118,,8e2012f5a5b27683f3b1ece1fa444fdf256dbf351ade818f74d7dc55dad1d587,7.511012547337732
docs/archive/2026-09-14/evidence/run_metadata/chromaseed_widen_v1/results.json,/records/278,m31,ipod_to_slr,29,512,0.0001,30915,124118,,d0b35f9dd2d91f1552ae7ff42a464e1034524ca4c035d56e0add96a8ab671227,9.25767547406052
docs/archive/2026-09-14/evidence/run_metadata/chromaseed_widen_v1/results.json,/records/279,m31,ipod_to_slr,29,512,0.001,30915,124118,,08a62bdceb2625e49fe12c89057576c239e949334d675bef208a7a2cf1ed39f4,9.141712853534315
docs/archive/2026-09-14/evidence/run_metadata/chromaseed_widen_v1/results.json,/records/280,m31,ipod_to_slr,43,512,0.0001,30915,124118,,162216274aa5dd0c61e4a4720e12b696ea6a4d77b1ec4eb39f31fe94eca3ed0e,9.189173485336884
docs/archive/2026-09-14/evidence/run_metadata/chromaseed_widen_v1/results.json,/records/281,m31,ipod_to_slr,43,512,0.001,30915,124118,,7265337eab8d21d1ca30e206a9e01f06d29ab620e38179b7814be10928988406,9.535192437685932
docs/archive/2026-09-14/evidence/run_metadata/chromaseed_widen_v1/results.json,/records/282,m31,ipod_to_slr,17,2048,0.0001,30915,124118,,03745092f83ecc99341064dd5a0b8a7ca579dff70e2ea1e0dbd6898d341a2bd1,7.4454825909778455
docs/archive/2026-09-14/evidence/run_metadata/chromaseed_widen_v1/results.json,/records/283,m31,ipod_to_slr,17,2048,0.001,30915,124118,,d1c9e1e8d01368cbc803ba326684127248922e1f63b6156177e58e12247c7aa7,10.208910402494924
docs/archive/2026-09-14/evidence/run_metadata/chromaseed_widen_v1/results.json,/records/284,m31,ipod_to_slr,29,2048,0.0001,30915,124118,,8e10bfc5ccfe4da65b0b780e9dc29aced48af9144947ae21364b269c4f2e8208,9.836246839233869
docs/archive/2026-09-14/evidence/run_metadata/chromaseed_widen_v1/results.json,/records/285,m31,ipod_to_slr,29,2048,0.001,30915,124118,,b9e65683c1d448f353f202f3836e1531fa4f43affd0a596a8c953e14aad2cc62,12.89071961658686
docs/archive/2026-09-14/evidence/run_metadata/chromaseed_widen_v1/results.json,/records/286,m31,ipod_to_slr,43,2048,0.0001,30915,124118,,75119f80c090ea0442a2e71737db414e96798981b060103747a061116f170640,8.91757378236263
docs/archive/2026-09-14/evidence/run_metadata/chromaseed_widen_v1/results.json,/records/287,m31,ipod_to_slr,43,2048,0.001,30915,124118,,2c9c7c3c108ebed828ceb5760b6a5c487e3fa18f4bb9020a0a72840bee866ce2,11.439460150793945
docs/archive/2026-09-14/evidence/run_metadata/chromaseed_widen_v1/results.json,/records/288,m31,ipod_to_slr,17,8192,0.0001,30915,124118,,c841a843cb80c5f2382bcaefadba123980806942de79a58fa8f1a58106071e49,7.974476723399047
docs/archive/2026-09-14/evidence/run_metadata/chromaseed_widen_v1/results.json,/records/289,m31,ipod_to_slr,17,8192,0.001,30915,124118,,6144e8468e746d5c5fd7bf16c740950b972cfd8c39cdbfc2c9f23068c2acfef5,11.902190750730432
docs/archive/2026-09-14/evidence/run_metadata/chromaseed_widen_v1/results.json,/records/290,m31,ipod_to_slr,29,8192,0.0001,30915,124118,,10caf1b62c974f532755efbc13f83c4bf73fa084e65bddd08006a80a2e5033dd,10.458876313287671
docs/archive/2026-09-14/evidence/run_metadata/chromaseed_widen_v1/results.json,/records/291,m31,ipod_to_slr,29,8192,0.001,30915,124118,,90bd7d5ed5682a157694036955c52518a90045a66bbf9ddc7055df05d1593c4e,15.041926705864668
docs/archive/2026-09-14/evidence/run_metadata/chromaseed_widen_v1/results.json,/records/292,m31,ipod_to_slr,43,8192,0.0001,30915,124118,,df13e5711524b994127c07d97c7a2e55b80144456fc3e22b8e9b444f76b20f96,9.034345887256901
docs/archive/2026-09-14/evidence/run_metadata/chromaseed_widen_v1/results.json,/records/293,m31,ipod_to_slr,43,8192,0.001,30915,124118,,80ac29a90c8ace397d8311bc81cecc19f1ca2cc6950afe7a3ec8370ed1b88e9b,12.863835274933571
docs/archive/2026-09-14/evidence/run_metadata/chromaseed_widen_v1/results.json,/records/294,m61,ipod_to_slr,17,0,0.0001,60611,242902,,d39a2eb42f4923ad0c336785cffda7f080e66c7b836f9c1b6bb71eb06dc1fe70,8.639697980137349
docs/archive/2026-09-14/evidence/run_metadata/chromaseed_widen_v1/results.json,/records/295,m61,ipod_to_slr,17,0,0.001,60611,242902,,d39a2eb42f4923ad0c336785cffda7f080e66c7b836f9c1b6bb71eb06dc1fe70,8.639697980137349
docs/archive/2026-09-14/evidence/run_metadata/chromaseed_widen_v1/results.json,/records/296,m61,ipod_to_slr,29,0,0.0001,60611,242902,,7d075045cd8fda8c781ef0c95c7d5d137b554ad4227c10488cc65437a33879c1,8.608578745822632
docs/archive/2026-09-14/evidence/run_metadata/chromaseed_widen_v1/results.json,/records/297,m61,ipod_to_slr,29,0,0.001,60611,242902,,7d075045cd8fda8c781ef0c95c7d5d137b554ad4227c10488cc65437a33879c1,8.608578745822632
docs/archive/2026-09-14/evidence/run_metadata/chromaseed_widen_v1/results.json,/records/298,m61,ipod_to_slr,43,0,0.0001,60611,242902,,f7b7036814a29fcc7609a3f8f997a80286111e6f31c995cdec603d8ce40656fb,8.520319711471531
docs/archive/2026-09-14/evidence/run_metadata/chromaseed_widen_v1/results.json,/records/299,m61,ipod_to_slr,43,0,0.001,60611,242902,,f7b7036814a29fcc7609a3f8f997a80286111e6f31c995cdec603d8ce40656fb,8.520319711471531
docs/archive/2026-09-14/evidence/run_metadata/chromaseed_widen_v1/results.json,/records/300,m61,ipod_to_slr,17,512,0.0001,60611,242902,,b47df8a5095533a1fab632dd31b68672504977e48e5eeccfeefb638e168fefb9,7.779153640999855
docs/archive/2026-09-14/evidence/run_metadata/chromaseed_widen_v1/results.json,/records/301,m61,ipod_to_slr,17,512,0.001,60611,242902,,2ac52a083e35cce52bf9d817d1d9b30ca16cc98717afd068ac1825b60466b8b3,7.673729795767352
docs/archive/2026-09-14/evidence/run_metadata/chromaseed_widen_v1/results.json,/records/302,m61,ipod_to_slr,29,512,0.0001,60611,242902,,b9436ae7757c19fa69a67170834530d6ce045f8075dfc302298e86e81841b618,9.042620252878208
docs/archive/2026-09-14/evidence/run_metadata/chromaseed_widen_v1/results.json,/records/303,m61,ipod_to_slr,29,512,0.001,60611,242902,,9d8a929dd9aa7613834e46d24f4ad416eacbea6801907066ab8f94c90f805f8a,9.794101052029372
docs/archive/2026-09-14/evidence/run_metadata/chromaseed_widen_v1/results.json,/records/304,m61,ipod_to_slr,43,512,0.0001,60611,242902,,522505d4e5ecaa3513645ccc5bb18c73e52fadcd431aaa317bb22905621adccb,9.210182501750504
docs/archive/2026-09-14/evidence/run_metadata/chromaseed_widen_v1/results.json,/records/305,m61,ipod_to_slr,43,512,0.001,60611,242902,,5e2159191232ace1a41b536b846fcbd3fc30ae6418372134000e42079c39b665,9.426679614689183
docs/archive/2026-09-14/evidence/run_metadata/chromaseed_widen_v1/results.json,/records/306,m61,ipod_to_slr,17,2048,0.0001,60611,242902,,cd9df61890879e88c4c142404100f9ad34290f48079eb80788ccba2a09e8de48,7.473551376512347
docs/archive/2026-09-14/evidence/run_metadata/chromaseed_widen_v1/results.json,/records/307,m61,ipod_to_slr,17,2048,0.001,60611,242902,,444ff37780c03b7a5fbad8b657fc7b1d70a7ae55236505ba8dceec81706a4063,10.490991982182644
docs/archive/2026-09-14/evidence/run_metadata/chromaseed_widen_v1/results.json,/records/308,m61,ipod_to_slr,29,2048,0.0001,60611,242902,,e08c9031e1ba3df98f61b3aebd1fd9f2d4fc2b784b0b37ed4274d334c24a1fc1,9.678287352083098
docs/archive/2026-09-14/evidence/run_metadata/chromaseed_widen_v1/results.json,/records/309,m61,ipod_to_slr,29,2048,0.001,60611,242902,,0de6a72b1d287c110c606f135b6f64f31d22295100c8ff33a8485de4350a572f,12.709441963865963
docs/archive/2026-09-14/evidence/run_metadata/chromaseed_widen_v1/results.json,/records/310,m61,ipod_to_slr,43,2048,0.0001,60611,242902,,c4511c73f6ccb82d380e09dffdfd41293ad1311cfd707893194969450c2f19ea,8.619936812672723
docs/archive/2026-09-14/evidence/run_metadata/chromaseed_widen_v1/results.json,/records/311,m61,ipod_to_slr,43,2048,0.001,60611,242902,,e81433fba74bfab08db529353c35634cffee433a99adae2243bc53c17dd60633,11.691673218380974
docs/archive/2026-09-14/evidence/run_metadata/chromaseed_widen_v1/results.json,/records/312,m61,ipod_to_slr,17,8192,0.0001,60611,242902,,9e5c3ad3e87e1671d1e5d1de26dce6e66afceffe58276e17e2a6cc295615979a,8.073047368290052
docs/archive/2026-09-14/evidence/run_metadata/chromaseed_widen_v1/results.json,/records/313,m61,ipod_to_slr,17,8192,0.001,60611,242902,,6b48dbc2e74308223781975490f6162e424ec2296854df8a348e188c239f859a,10.298121686514268
docs/archive/2026-09-14/evidence/run_metadata/chromaseed_widen_v1/results.json,/records/314,m61,ipod_to_slr,29,8192,0.0001,60611,242902,,8660099e819bb0ed7873751aaf70a0c331efe26bed8818d181b963e4c5643527,10.102584832022256
docs/archive/2026-09-14/evidence/run_metadata/chromaseed_widen_v1/results.json,/records/315,m61,ipod_to_slr,29,8192,0.001,60611,242902,,7fc627bf484e06f00f67cae303b9fc82cc4570c66e916e2053a5c398a40e4e39,13.825144341382927
docs/archive/2026-09-14/evidence/run_metadata/chromaseed_widen_v1/results.json,/records/316,m61,ipod_to_slr,43,8192,0.0001,60611,242902,,83a3a9d69bf21955e63d8d3c23d505904010204735b55cbececc56601e504f13,8.723656671908563
docs/archive/2026-09-14/evidence/run_metadata/chromaseed_widen_v1/results.json,/records/317,m61,ipod_to_slr,43,8192,0.001,60611,242902,,5aa74488b4c9113f3129a03e37e9c28292a56dd7110c0aa47bbb05587a66c9dd,11.667561069192203
docs/archive/2026-09-14/evidence/run_metadata/chromaseed_widen_v1/results.json,/records/318,m111,ipod_to_slr,17,0,0.0001,110979,444374,,1c9bafced16bb5530d10f9065cc2ffa3cdd4bccfb2510da6d9309065b7bcb3ed,8.639697980137349
docs/archive/2026-09-14/evidence/run_metadata/chromaseed_widen_v1/results.json,/records/319,m111,ipod_to_slr,17,0,0.001,110979,444374,,1c9bafced16bb5530d10f9065cc2ffa3cdd4bccfb2510da6d9309065b7bcb3ed,8.639697980137349
docs/archive/2026-09-14/evidence/run_metadata/chromaseed_widen_v1/results.json,/records/320,m111,ipod_to_slr,29,0,0.0001,110979,444374,,35a850854298cdacf3aa1eb0097cdd4eb6df47694425beb65ebafc909ce0f440,8.608578745822632
docs/archive/2026-09-14/evidence/run_metadata/chromaseed_widen_v1/results.json,/records/321,m111,ipod_to_slr,29,0,0.001,110979,444374,,35a850854298cdacf3aa1eb0097cdd4eb6df47694425beb65ebafc909ce0f440,8.608578745822632
docs/archive/2026-09-14/evidence/run_metadata/chromaseed_widen_v1/results.json,/records/322,m111,ipod_to_slr,43,0,0.0001,110979,444374,,1046bef955b65fcda3d7d406e382d01283e3d65122e67bb15a7ef191ed99153e,8.520319711471531
docs/archive/2026-09-14/evidence/run_metadata/chromaseed_widen_v1/results.json,/records/323,m111,ipod_to_slr,43,0,0.001,110979,444374,,1046bef955b65fcda3d7d406e382d01283e3d65122e67bb15a7ef191ed99153e,8.520319711471531
docs/archive/2026-09-14/evidence/run_metadata/chromaseed_widen_v1/results.json,/records/324,m111,ipod_to_slr,17,512,0.0001,110979,444374,,1579600621d5c9a0603469fda630e69dda16d66329540e8a9ffa59602a9d399f,7.610613204937806
docs/archive/2026-09-14/evidence/run_metadata/chromaseed_widen_v1/results.json,/records/325,m111,ipod_to_slr,17,512,0.001,110979,444374,,083b0f0f322af90f8ace48e5bf5c7a506713874b8f717144682a774b9c9d51bf,8.070349690141166
docs/archive/2026-09-14/evidence/run_metadata/chromaseed_widen_v1/results.json,/records/326,m111,ipod_to_slr,29,512,0.0001,110979,444374,,854a9549ceddefbf2b4e4eba026ab25ca4888ada8ff6d384b32ec13d246d43d1,8.880713025006813
docs/archive/2026-09-14/evidence/run_metadata/chromaseed_widen_v1/results.json,/records/327,m111,ipod_to_slr,29,512,0.001,110979,444374,,48c95ccb5c7c913439c0fc4bd2f5856e183dca5e0dc1ae3e862a2a6a51af4488,9.363538311260903
docs/archive/2026-09-14/evidence/run_metadata/chromaseed_widen_v1/results.json,/records/328,m111,ipod_to_slr,43,512,0.0001,110979,444374,,efac7ec5263fcd0f1d4627ee19ad78f096efcd213f1a6075ae7b3e5117019335,9.568161920632322
docs/archive/2026-09-14/evidence/run_metadata/chromaseed_widen_v1/results.json,/records/329,m111,ipod_to_slr,43,512,0.001,110979,444374,,706f72aa1c189a0935fb8056830c925e71eecb767bb862382bf343be7897b8ae,9.958808325250228
docs/archive/2026-09-14/evidence/run_metadata/chromaseed_widen_v1/results.json,/records/330,m111,ipod_to_slr,17,2048,0.0001,110979,444374,,19171a30f9bb82366a70065791e5b6619ac695946ffbe6f4eae6ea45b18aff71,7.702909259865003
docs/archive/2026-09-14/evidence/run_metadata/chromaseed_widen_v1/results.json,/records/331,m111,ipod_to_slr,17,2048,0.001,110979,444374,,baaf877790c085534689cd8b58b5a92b8f458f9f8193c9a1e804ffd9fa61b548,10.511935808506475
docs/archive/2026-09-14/evidence/run_metadata/chromaseed_widen_v1/results.json,/records/332,m111,ipod_to_slr,29,2048,0.0001,110979,444374,,d0eae84c4c8ec9a03b1e8f8a19010b410c8ed98f69a4466112ac4bacd7b674e3,9.680114474750816
docs/archive/2026-09-14/evidence/run_metadata/chromaseed_widen_v1/results.json,/records/333,m111,ipod_to_slr,29,2048,0.001,110979,444374,,9b085fc8665cce10e2e09f74f70535e9dde4b3a0e36000826cd759501bd6a7af,11.979295608075907
docs/archive/2026-09-14/evidence/run_metadata/chromaseed_widen_v1/results.json,/records/334,m111,ipod_to_slr,43,2048,0.0001,110979,444374,,f00981f9d912e8f88c2c59c33817c9d5fb26bee61dad0a67e9d55fcac614b4d5,8.706628912233805
docs/archive/2026-09-14/evidence/run_metadata/chromaseed_widen_v1/results.json,/records/335,m111,ipod_to_slr,43,2048,0.001,110979,444374,,4c6f7d539198d628f216cda95119ef78561b111708f29ad733bf262bf0db5a49,12.856122857765053
docs/archive/2026-09-14/evidence/run_metadata/chromaseed_widen_v1/results.json,/records/336,m111,ipod_to_slr,17,8192,0.0001,110979,444374,,c6f64a1b608bb4f47a8d5f56b2e2882e5d730b4f9466eec1642b26d008300426,8.549902790817399
docs/archive/2026-09-14/evidence/run_metadata/chromaseed_widen_v1/results.json,/records/337,m111,ipod_to_slr,17,8192,0.001,110979,444374,,48e1c7e4cb5c7244829899e9bfe34a7b36ba1e567471ef54a4d6730df0b91bbb,11.076024383739867
docs/archive/2026-09-14/evidence/run_metadata/chromaseed_widen_v1/results.json,/records/338,m111,ipod_to_slr,29,8192,0.0001,110979,444374,,a6ddb63f40c658bab27a53687f720af5facf4da34b775c82b8949dd070b3c8af,10.918614572495379
docs/archive/2026-09-14/evidence/run_metadata/chromaseed_widen_v1/results.json,/records/339,m111,ipod_to_slr,29,8192,0.001,110979,444374,,1d64d0e4cabec9374d6f2e17e4cdc6e8c897d6132dd08e2e8a75980db7abe731,11.296022288160493
docs/archive/2026-09-14/evidence/run_metadata/chromaseed_widen_v1/results.json,/records/340,m111,ipod_to_slr,43,8192,0.0001,110979,444374,,987c59925dc8dbca3976e1ee73f1c96c92b0729c5d1b486f2b15ff5e3eb0d188,9.827703589044495
docs/archive/2026-09-14/evidence/run_metadata/chromaseed_widen_v1/results.json,/records/341,m111,ipod_to_slr,43,8192,0.001,110979,444374,,38e6d20bc6f30e8ab58f36459cdf0d1045a9817fe56ab35284b6565ff7fa4fa9,13.29501688516764
docs/archive/2026-09-14/evidence/run_metadata/chromaseed_widen_v1/results.json,/records/342,m832,ipod_to_slr,17,0,0.0001,832259,3329494,,e8f8fb20a66922878b26c191b4d6d038ac997a0c8b0c28d9ecc42edd97c93719,8.639697980137349
docs/archive/2026-09-14/evidence/run_metadata/chromaseed_widen_v1/results.json,/records/343,m832,ipod_to_slr,17,0,0.001,832259,3329494,,e8f8fb20a66922878b26c191b4d6d038ac997a0c8b0c28d9ecc42edd97c93719,8.639697980137349
docs/archive/2026-09-14/evidence/run_metadata/chromaseed_widen_v1/results.json,/records/344,m832,ipod_to_slr,29,0,0.0001,832259,3329494,,62c93451ba6e39a99764902fff9d08d3974441632eb7d2f883e90ea869405cca,8.608578745822632
docs/archive/2026-09-14/evidence/run_metadata/chromaseed_widen_v1/results.json,/records/345,m832,ipod_to_slr,29,0,0.001,832259,3329494,,62c93451ba6e39a99764902fff9d08d3974441632eb7d2f883e90ea869405cca,8.608578745822632
docs/archive/2026-09-14/evidence/run_metadata/chromaseed_widen_v1/results.json,/records/346,m832,ipod_to_slr,43,0,0.0001,832259,3329494,,17c7186a52aa9f4db4673e39a540c5bb1c47e4ed948a6783eeeb7e6c8606a97d,8.520319711471531
docs/archive/2026-09-14/evidence/run_metadata/chromaseed_widen_v1/results.json,/records/347,m832,ipod_to_slr,43,0,0.001,832259,3329494,,17c7186a52aa9f4db4673e39a540c5bb1c47e4ed948a6783eeeb7e6c8606a97d,8.520319711471531
docs/archive/2026-09-14/evidence/run_metadata/chromaseed_widen_v1/results.json,/records/348,m832,ipod_to_slr,17,512,0.0001,832259,3329494,,249cf12e211323261b61ead3ad5487347e088be0b6ecad2303543569596fb554,7.368818974907602
docs/archive/2026-09-14/evidence/run_metadata/chromaseed_widen_v1/results.json,/records/349,m832,ipod_to_slr,17,512,0.001,832259,3329494,,78a4b72f26d4fac50fddf87277e1a2d44f0e1d82c1c33439a60e6f67e302707a,8.952090859690095
docs/archive/2026-09-14/evidence/run_metadata/chromaseed_widen_v1/results.json,/records/350,m832,ipod_to_slr,29,512,0.0001,832259,3329494,,0e79801152c7ab60653b190c99d981357334fc05f2529d023fd4d092b2d68ec1,8.862646827533569
docs/archive/2026-09-14/evidence/run_metadata/chromaseed_widen_v1/results.json,/records/351,m832,ipod_to_slr,29,512,0.001,832259,3329494,,38571f6cc53b2027b4354c439114602fd4b8a1b9fc9754ea710a59f26b4992ac,10.372085996618246
docs/archive/2026-09-14/evidence/run_metadata/chromaseed_widen_v1/results.json,/records/352,m832,ipod_to_slr,43,512,0.0001,832259,3329494,,091cdd4500433c6623340b176b79f031b1cd91b623880b5c647c0581b8238c25,8.741288388069917
docs/archive/2026-09-14/evidence/run_metadata/chromaseed_widen_v1/results.json,/records/353,m832,ipod_to_slr,43,512,0.001,832259,3329494,,5ca342e45b28a7603e4320fcdd0bdf1e5364eeaab3d6da946fabd306d4614c33,11.822785224214934
docs/archive/2026-09-14/evidence/run_metadata/chromaseed_widen_v1/results.json,/records/354,m832,ipod_to_slr,17,2048,0.0001,832259,3329494,,f4ade31c6728a0a855a82ecc4af8a4f647b36e666aa2cea342cfe531bd5d5528,8.601031298673627
docs/archive/2026-09-14/evidence/run_metadata/chromaseed_widen_v1/results.json,/records/355,m832,ipod_to_slr,17,2048,0.001,832259,3329494,,3c7d6151164c7e1152d4c0a0ec67f6b6ede4431a515d3f46fb4d6d3f9ce900fb,10.459947029564868
docs/archive/2026-09-14/evidence/run_metadata/chromaseed_widen_v1/results.json,/records/356,m832,ipod_to_slr,29,2048,0.0001,832259,3329494,,9d002dc19f22f976fc877a08cb430d3ff55e8e23a7789ce54c833604d8ac8eb9,10.61511633224047
docs/archive/2026-09-14/evidence/run_metadata/chromaseed_widen_v1/results.json,/records/357,m832,ipod_to_slr,29,2048,0.001,832259,3329494,,73faf22f1447953638cceb7c06a8a1db63dbeaef8efc3f2826130bc6e32d42b6,13.007054478791844
docs/archive/2026-09-14/evidence/run_metadata/chromaseed_widen_v1/results.json,/records/358,m832,ipod_to_slr,43,2048,0.0001,832259,3329494,,97d76f2b89cf61b654d5913f3002ee578c1aeaf007c03e4762edccf5de817b2d,9.185728308002878
docs/archive/2026-09-14/evidence/run_metadata/chromaseed_widen_v1/results.json,/records/359,m832,ipod_to_slr,43,2048,0.001,832259,3329494,,fb32949559561427b198c9a0dff284275f3e37fce6b922850c021e7360be15be,13.18955886384735
docs/archive/2026-09-14/evidence/run_metadata/chromaseed_widen_v1/results.json,/records/360,m832,ipod_to_slr,17,8192,0.0001,832259,3329494,,d19b5a8b59e98306807d1dc4eae00faf58ec5d4d4d4985eeb2d92971ea8f180a,9.889431931817647
docs/archive/2026-09-14/evidence/run_metadata/chromaseed_widen_v1/results.json,/records/361,m832,ipod_to_slr,17,8192,0.001,832259,3329494,,500f984f314a5227fce23217a521b65771d6bfa0e5a28b19f0a9813d82544c0d,10.831881264795541
docs/archive/2026-09-14/evidence/run_metadata/chromaseed_widen_v1/results.json,/records/362,m832,ipod_to_slr,29,8192,0.0001,832259,3329494,,f4797393c5770726ee1e6c4fe15de56e34425300e20972463ea3a611ac6ddb38,11.398994037804586
docs/archive/2026-09-14/evidence/run_metadata/chromaseed_widen_v1/results.json,/records/363,m832,ipod_to_slr,29,8192,0.001,832259,3329494,,5abd32ff82e63ec5d5e37533c56c892d9038c1f70919ecba17449c5e74bd8de1,13.009426351926882
docs/archive/2026-09-14/evidence/run_metadata/chromaseed_widen_v1/results.json,/records/364,m832,ipod_to_slr,43,8192,0.0001,832259,3329494,,6db49572238fbddb9f9148eafba52e1e850031e2c615ab2d1f90b1f6bb4c2d4f,10.972698952467747
docs/archive/2026-09-14/evidence/run_metadata/chromaseed_widen_v1/results.json,/records/365,m832,ipod_to_slr,43,8192,0.001,832259,3329494,,b38b414dc1608f181b91d9d682ea9fce2a8a309cc1b0416607ebb66f320f8ad4,12.913379714613493
docs/archive/2026-09-14/evidence/run_metadata/chromaseed_widen_v1/results.json,/records/366,np,ipod_to_slr,17,0,,643,2886,,3f7a9e9f496f756c61c0dd17c6f35bb92fb6d99881428b32f6907656761ccad6,8.639697980137349
docs/archive/2026-09-14/evidence/run_metadata/chromaseed_widen_v1/results.json,/records/367,np,ipod_to_slr,29,0,,643,2886,,fe807aa86c8f5b3d65a4c48c2a5a713af0a7ae2808ae68efec9892288bb75f3b,8.608578745822632
docs/archive/2026-09-14/evidence/run_metadata/chromaseed_widen_v1/results.json,/records/368,np,ipod_to_slr,43,0,,643,2886,,99042ece8fa3d3dc68a54e9ac60f50d6d3de7f6a0ec25c3dbe0ef344bd7cd680,8.520319711471531
